2025-03-06 16:39:06,238 - root - INFO - Logging initialized
2025-03-06 16:39:06,239 - root - INFO - Starting Bizagi Process Simulator
2025-03-06 16:39:06,239 - root - INFO - NetworkX compatibility patch applied
2025-03-06 16:39:06,239 - root - INFO - Settings loaded from bizagi_simulator_settings.json
2025-03-06 16:39:06,240 - root - INFO - Configuration loaded
2025-03-06 16:39:06,534 - root - INFO - Application UI initialized
2025-03-06 16:39:14,928 - root - INFO - Simulation started at 2025-03-06 16:39:14
2025-03-06 16:39:14,928 - root - INFO - Configuration:
2025-03-06 16:39:14,928 - root - INFO -   xpdl_file_path: C:/Users/kcmclau.EVOFORGE/Repos/bizagi_simulations/Bizagi/5.5_1/5.5.13 Real Property-Monthly Reviews-Inclusive.xpdl
2025-03-06 16:39:14,928 - root - INFO -   metrics_file_path: C:/Users/kcmclau.EVOFORGE/Repos/bizagi_simulations/Bizagi/simulation_metrics-inclusive.xlsx
2025-03-06 16:39:14,928 - root - INFO -   simulation_days: 50
2025-03-06 16:39:14,928 - root - INFO -   target_avg_time: 0.0
2025-03-06 16:39:14,928 - root - INFO -   random_seed: 10
2025-03-06 16:39:14,928 - root - INFO -   workdays: [True, True, True, True, True, False, False]
2025-03-06 16:39:14,928 - root - INFO -   work_hours_start: 7
2025-03-06 16:39:14,928 - root - INFO -   work_hours_end: 13
2025-03-06 16:39:15,687 - root - INFO - Scheduled Token-1 to start at 2025-01-06 07:00:00.
2025-03-06 16:39:15,687 - root - INFO - Scheduled Token-2 to start at 2025-01-06 07:02:00.
2025-03-06 16:39:15,687 - root - INFO - Scheduled Token-3 to start at 2025-01-06 07:04:00.
2025-03-06 16:39:15,687 - root - INFO - Scheduled Token-4 to start at 2025-01-06 07:06:00.
2025-03-06 16:39:15,687 - root - INFO - Scheduled Token-5 to start at 2025-01-06 07:08:00.
2025-03-06 16:39:15,687 - root - INFO - Scheduled Token-6 to start at 2025-01-06 07:10:00.
2025-03-06 16:39:15,687 - root - INFO - Scheduled Token-7 to start at 2025-01-06 07:12:00.
2025-03-06 16:39:15,687 - root - INFO - Scheduled Token-8 to start at 2025-01-06 07:14:00.
2025-03-06 16:39:15,687 - root - INFO - Scheduled Token-9 to start at 2025-01-06 07:16:00.
2025-03-06 16:39:15,697 - root - INFO - Scheduled Token-10 to start at 2025-01-06 07:18:00.
2025-03-06 16:39:15,697 - root - INFO - Scheduled Token-11 to start at 2025-01-06 07:20:00.
2025-03-06 16:39:15,697 - root - INFO - Scheduled Token-12 to start at 2025-01-06 07:22:00.
2025-03-06 16:39:15,697 - root - INFO - Scheduled Token-13 to start at 2025-01-06 07:24:00.
2025-03-06 16:39:15,697 - root - INFO - Scheduled Token-14 to start at 2025-01-06 07:26:00.
2025-03-06 16:39:15,697 - root - INFO - Scheduled Token-15 to start at 2025-01-06 07:28:00.
2025-03-06 16:39:15,697 - root - INFO - Scheduled Token-16 to start at 2025-01-06 07:30:00.
2025-03-06 16:39:15,697 - root - INFO - Scheduled Token-17 to start at 2025-01-06 07:32:00.
2025-03-06 16:39:15,697 - root - INFO - Scheduled Token-18 to start at 2025-01-06 07:34:00.
2025-03-06 16:39:15,697 - root - INFO - Scheduled Token-19 to start at 2025-01-06 07:36:00.
2025-03-06 16:39:15,697 - root - INFO - Scheduled Token-20 to start at 2025-01-06 07:38:00.
2025-03-06 16:39:15,697 - root - INFO - Scheduled Token-21 to start at 2025-01-06 07:40:00.
2025-03-06 16:39:15,697 - root - INFO - Scheduled Token-22 to start at 2025-01-06 07:42:00.
2025-03-06 16:39:15,697 - root - INFO - Scheduled Token-23 to start at 2025-01-06 07:44:00.
2025-03-06 16:39:15,697 - root - INFO - Scheduled Token-24 to start at 2025-01-06 07:46:00.
2025-03-06 16:39:15,697 - root - INFO - Scheduled Token-25 to start at 2025-01-06 07:48:00.
2025-03-06 16:39:15,697 - root - INFO - Scheduled Token-26 to start at 2025-01-06 07:50:00.
2025-03-06 16:39:15,697 - root - INFO - Scheduled Token-27 to start at 2025-01-06 07:52:00.
2025-03-06 16:39:15,697 - root - INFO - Scheduled Token-28 to start at 2025-01-06 07:54:00.
2025-03-06 16:39:15,697 - root - INFO - Scheduled Token-29 to start at 2025-01-06 07:56:00.
2025-03-06 16:39:15,697 - root - INFO - Scheduled Token-30 to start at 2025-01-06 07:58:00.
2025-03-06 16:39:15,697 - root - INFO - Scheduled Token-31 to start at 2025-01-06 08:00:00.
2025-03-06 16:39:15,697 - root - INFO - Scheduled Token-32 to start at 2025-01-06 08:02:00.
2025-03-06 16:39:15,697 - root - INFO - Scheduled Token-33 to start at 2025-01-06 08:04:00.
2025-03-06 16:39:15,697 - root - INFO - Scheduled Token-34 to start at 2025-01-06 08:06:00.
2025-03-06 16:39:15,697 - root - INFO - Scheduled Token-35 to start at 2025-01-06 08:08:00.
2025-03-06 16:39:15,697 - root - INFO - Scheduled Token-36 to start at 2025-01-06 08:10:00.
2025-03-06 16:39:15,697 - root - INFO - Scheduled Token-37 to start at 2025-01-06 08:12:00.
2025-03-06 16:39:15,697 - root - INFO - Scheduled Token-38 to start at 2025-01-06 08:14:00.
2025-03-06 16:39:15,697 - root - INFO - Scheduled Token-39 to start at 2025-01-06 08:16:00.
2025-03-06 16:39:15,697 - root - INFO - Scheduled Token-40 to start at 2025-01-06 08:18:00.
2025-03-06 16:39:15,697 - root - INFO - Scheduled Token-41 to start at 2025-01-06 08:20:00.
2025-03-06 16:39:15,697 - root - INFO - Scheduled Token-42 to start at 2025-01-06 08:22:00.
2025-03-06 16:39:15,697 - root - INFO - Scheduled Token-43 to start at 2025-01-06 08:24:00.
2025-03-06 16:39:15,697 - root - INFO - Scheduled Token-44 to start at 2025-01-06 08:26:00.
2025-03-06 16:39:15,697 - root - INFO - Scheduled Token-45 to start at 2025-01-06 08:28:00.
2025-03-06 16:39:15,697 - root - INFO - Scheduled Token-46 to start at 2025-01-06 08:30:00.
2025-03-06 16:39:15,697 - root - INFO - Scheduled Token-47 to start at 2025-01-06 08:32:00.
2025-03-06 16:39:15,697 - root - INFO - Scheduled Token-48 to start at 2025-01-06 08:34:00.
2025-03-06 16:39:15,697 - root - INFO - Scheduled Token-49 to start at 2025-01-06 08:36:00.
2025-03-06 16:39:15,697 - root - INFO - Scheduled Token-50 to start at 2025-01-06 08:38:00.
2025-03-06 16:39:15,697 - root - INFO - Scheduled Token-51 to start at 2025-01-06 08:40:00.
2025-03-06 16:39:15,697 - root - INFO - Scheduled Token-52 to start at 2025-01-06 08:42:00.
2025-03-06 16:39:15,697 - root - INFO - Scheduled Token-53 to start at 2025-01-06 08:44:00.
2025-03-06 16:39:15,697 - root - INFO - Scheduled Token-54 to start at 2025-01-06 08:46:00.
2025-03-06 16:39:15,697 - root - INFO - Scheduled Token-55 to start at 2025-01-06 08:48:00.
2025-03-06 16:39:15,697 - root - INFO - Scheduled Token-56 to start at 2025-01-06 08:50:00.
2025-03-06 16:39:15,697 - root - INFO - Scheduled Token-57 to start at 2025-01-06 08:52:00.
2025-03-06 16:39:15,697 - root - INFO - Scheduled Token-58 to start at 2025-01-06 08:54:00.
2025-03-06 16:39:15,697 - root - INFO - Scheduled Token-59 to start at 2025-01-06 08:56:00.
2025-03-06 16:39:15,697 - root - INFO - Scheduled Token-60 to start at 2025-01-06 08:58:00.
2025-03-06 16:39:15,697 - root - INFO - Scheduled Token-61 to start at 2025-01-06 09:00:00.
2025-03-06 16:39:15,697 - root - INFO - Scheduled Token-62 to start at 2025-01-06 09:02:00.
2025-03-06 16:39:15,697 - root - INFO - Scheduled Token-63 to start at 2025-01-06 09:04:00.
2025-03-06 16:39:15,697 - root - INFO - Scheduled Token-64 to start at 2025-01-06 09:06:00.
2025-03-06 16:39:15,697 - root - INFO - Scheduled Token-65 to start at 2025-01-06 09:08:00.
2025-03-06 16:39:15,697 - root - INFO - Scheduled Token-66 to start at 2025-01-06 09:10:00.
2025-03-06 16:39:15,697 - root - INFO - Scheduled Token-67 to start at 2025-01-06 09:12:00.
2025-03-06 16:39:15,697 - root - INFO - Scheduled Token-68 to start at 2025-01-06 09:14:00.
2025-03-06 16:39:15,697 - root - INFO - Scheduled Token-69 to start at 2025-01-06 09:16:00.
2025-03-06 16:39:15,697 - root - INFO - Scheduled Token-70 to start at 2025-01-06 09:18:00.
2025-03-06 16:39:15,697 - root - INFO - Scheduled Token-71 to start at 2025-01-06 09:20:00.
2025-03-06 16:39:15,697 - root - INFO - Scheduled Token-72 to start at 2025-01-06 09:22:00.
2025-03-06 16:39:15,697 - root - INFO - Scheduled Token-73 to start at 2025-01-06 09:24:00.
2025-03-06 16:39:15,697 - root - INFO - Scheduled Token-74 to start at 2025-01-06 09:26:00.
2025-03-06 16:39:15,697 - root - INFO - Scheduled Token-75 to start at 2025-01-06 09:28:00.
2025-03-06 16:39:15,697 - root - INFO - Scheduled Token-76 to start at 2025-01-06 09:30:00.
2025-03-06 16:39:15,697 - root - INFO - Scheduled Token-77 to start at 2025-01-06 09:32:00.
2025-03-06 16:39:15,697 - root - INFO - Scheduled Token-78 to start at 2025-01-06 09:34:00.
2025-03-06 16:39:15,697 - root - INFO - Scheduled Token-79 to start at 2025-01-06 09:36:00.
2025-03-06 16:39:15,697 - root - INFO - Scheduled Token-80 to start at 2025-01-06 09:38:00.
2025-03-06 16:39:15,697 - root - INFO - Scheduled Token-81 to start at 2025-01-06 09:40:00.
2025-03-06 16:39:15,697 - root - INFO - Scheduled Token-82 to start at 2025-01-06 09:42:00.
2025-03-06 16:39:15,697 - root - INFO - Scheduled Token-83 to start at 2025-01-06 09:44:00.
2025-03-06 16:39:15,697 - root - INFO - Scheduled Token-84 to start at 2025-01-06 09:46:00.
2025-03-06 16:39:15,697 - root - INFO - Scheduled Token-85 to start at 2025-01-06 09:48:00.
2025-03-06 16:39:15,697 - root - INFO - Scheduled Token-86 to start at 2025-01-06 09:50:00.
2025-03-06 16:39:15,697 - root - INFO - Scheduled Token-87 to start at 2025-01-06 09:52:00.
2025-03-06 16:39:15,697 - root - INFO - Scheduled Token-88 to start at 2025-01-06 09:54:00.
2025-03-06 16:39:15,697 - root - INFO - Scheduled Token-89 to start at 2025-01-06 09:56:00.
2025-03-06 16:39:15,697 - root - INFO - Scheduled Token-90 to start at 2025-01-06 09:58:00.
2025-03-06 16:39:15,697 - root - INFO - Scheduled Token-91 to start at 2025-01-06 10:00:00.
2025-03-06 16:39:15,713 - root - INFO - Scheduled Token-92 to start at 2025-01-06 10:02:00.
2025-03-06 16:39:15,713 - root - INFO - Scheduled Token-93 to start at 2025-01-06 10:04:00.
2025-03-06 16:39:15,713 - root - INFO - Scheduled Token-94 to start at 2025-01-06 10:06:00.
2025-03-06 16:39:15,713 - root - INFO - Scheduled Token-95 to start at 2025-01-06 10:08:00.
2025-03-06 16:39:15,713 - root - INFO - Scheduled Token-96 to start at 2025-01-06 10:10:00.
2025-03-06 16:39:15,713 - root - INFO - Scheduled Token-97 to start at 2025-01-06 10:12:00.
2025-03-06 16:39:15,713 - root - INFO - Scheduled Token-98 to start at 2025-01-06 10:14:00.
2025-03-06 16:39:15,713 - root - INFO - Scheduled Token-99 to start at 2025-01-06 10:16:00.
2025-03-06 16:39:15,713 - root - INFO - Scheduled Token-100 to start at 2025-01-06 10:18:00.
2025-03-06 16:39:15,713 - root - INFO - Scheduled Token-101 to start at 2025-01-06 10:20:00.
2025-03-06 16:39:15,713 - root - INFO - Scheduled Token-102 to start at 2025-01-06 10:22:00.
2025-03-06 16:39:15,713 - root - INFO - Scheduled Token-103 to start at 2025-01-06 10:24:00.
2025-03-06 16:39:15,713 - root - INFO - Scheduled Token-104 to start at 2025-01-06 10:26:00.
2025-03-06 16:39:15,713 - root - INFO - Scheduled Token-105 to start at 2025-01-06 10:28:00.
2025-03-06 16:39:15,713 - root - INFO - Scheduled Token-106 to start at 2025-01-06 10:30:00.
2025-03-06 16:39:15,713 - root - INFO - Scheduled Token-107 to start at 2025-01-06 10:32:00.
2025-03-06 16:39:15,713 - root - INFO - Scheduled Token-108 to start at 2025-01-06 10:34:00.
2025-03-06 16:39:15,713 - root - INFO - Scheduled Token-109 to start at 2025-01-06 10:36:00.
2025-03-06 16:39:15,713 - root - INFO - Scheduled Token-110 to start at 2025-01-06 10:38:00.
2025-03-06 16:39:15,713 - root - INFO - Scheduled Token-111 to start at 2025-01-06 10:40:00.
2025-03-06 16:39:15,713 - root - INFO - Scheduled Token-112 to start at 2025-01-06 10:42:00.
2025-03-06 16:39:15,713 - root - INFO - Scheduled Token-113 to start at 2025-01-06 10:44:00.
2025-03-06 16:39:15,713 - root - INFO - Scheduled Token-114 to start at 2025-01-06 10:46:00.
2025-03-06 16:39:15,713 - root - INFO - Scheduled Token-115 to start at 2025-01-06 10:48:00.
2025-03-06 16:39:15,713 - root - INFO - Scheduled Token-116 to start at 2025-01-06 10:50:00.
2025-03-06 16:39:15,713 - root - INFO - Scheduled Token-117 to start at 2025-01-06 10:52:00.
2025-03-06 16:39:15,713 - root - INFO - Scheduled Token-118 to start at 2025-01-06 10:54:00.
2025-03-06 16:39:15,713 - root - INFO - Scheduled Token-119 to start at 2025-01-06 10:56:00.
2025-03-06 16:39:15,713 - root - INFO - Scheduled Token-120 to start at 2025-01-06 10:58:00.
2025-03-06 16:39:15,713 - root - INFO - Scheduled Token-121 to start at 2025-01-06 11:00:00.
2025-03-06 16:39:15,713 - root - INFO - Scheduled Token-122 to start at 2025-01-06 11:02:00.
2025-03-06 16:39:15,713 - root - INFO - Scheduled Token-123 to start at 2025-01-06 11:04:00.
2025-03-06 16:39:15,713 - root - INFO - Scheduled Token-124 to start at 2025-01-06 11:06:00.
2025-03-06 16:39:15,713 - root - INFO - Scheduled Token-125 to start at 2025-01-06 11:08:00.
2025-03-06 16:39:15,713 - root - INFO - Scheduled Token-126 to start at 2025-01-06 11:10:00.
2025-03-06 16:39:15,713 - root - INFO - Scheduled Token-127 to start at 2025-01-06 11:12:00.
2025-03-06 16:39:15,713 - root - INFO - Scheduled Token-128 to start at 2025-01-06 11:14:00.
2025-03-06 16:39:15,713 - root - INFO - Scheduled Token-129 to start at 2025-01-06 11:16:00.
2025-03-06 16:39:15,713 - root - INFO - Scheduled Token-130 to start at 2025-01-06 11:18:00.
2025-03-06 16:39:15,713 - root - INFO - Scheduled Token-131 to start at 2025-01-06 11:20:00.
2025-03-06 16:39:15,713 - root - INFO - Scheduled Token-132 to start at 2025-01-06 11:22:00.
2025-03-06 16:39:15,713 - root - INFO - Scheduled Token-133 to start at 2025-01-06 11:24:00.
2025-03-06 16:39:15,713 - root - INFO - Scheduled Token-134 to start at 2025-01-06 11:26:00.
2025-03-06 16:39:15,713 - root - INFO - Scheduled Token-135 to start at 2025-01-06 11:28:00.
2025-03-06 16:39:15,713 - root - INFO - Scheduled Token-136 to start at 2025-01-06 11:30:00.
2025-03-06 16:39:15,713 - root - INFO - Scheduled Token-137 to start at 2025-01-06 11:32:00.
2025-03-06 16:39:15,713 - root - INFO - Scheduled Token-138 to start at 2025-01-06 11:34:00.
2025-03-06 16:39:15,713 - root - INFO - Scheduled Token-139 to start at 2025-01-06 11:36:00.
2025-03-06 16:39:15,713 - root - INFO - Scheduled Token-140 to start at 2025-01-06 11:38:00.
2025-03-06 16:39:15,713 - root - INFO - Scheduled Token-141 to start at 2025-01-06 11:40:00.
2025-03-06 16:39:15,713 - root - INFO - Scheduled Token-142 to start at 2025-01-06 11:42:00.
2025-03-06 16:39:15,713 - root - INFO - Scheduled Token-143 to start at 2025-01-06 11:44:00.
2025-03-06 16:39:15,713 - root - INFO - Scheduled Token-144 to start at 2025-01-06 11:46:00.
2025-03-06 16:39:15,713 - root - INFO - Scheduled Token-145 to start at 2025-01-06 11:48:00.
2025-03-06 16:39:15,713 - root - INFO - Scheduled Token-146 to start at 2025-01-06 11:50:00.
2025-03-06 16:39:15,713 - root - INFO - Scheduled Token-147 to start at 2025-01-06 11:52:00.
2025-03-06 16:39:15,713 - root - INFO - Scheduled Token-148 to start at 2025-01-06 11:54:00.
2025-03-06 16:39:15,713 - root - INFO - Scheduled Token-149 to start at 2025-01-06 11:56:00.
2025-03-06 16:39:15,713 - root - INFO - Scheduled Token-150 to start at 2025-01-06 11:58:00.
2025-03-06 16:39:15,713 - root - INFO - Scheduled Token-151 to start at 2025-01-06 12:00:00.
2025-03-06 16:39:15,713 - root - INFO - Scheduled Token-152 to start at 2025-01-06 12:02:00.
2025-03-06 16:39:15,713 - root - INFO - Scheduled Token-153 to start at 2025-01-06 12:04:00.
2025-03-06 16:39:15,713 - root - INFO - Scheduled Token-154 to start at 2025-01-06 12:06:00.
2025-03-06 16:39:15,713 - root - INFO - Scheduled Token-155 to start at 2025-01-06 12:08:00.
2025-03-06 16:39:15,713 - root - INFO - Scheduled Token-156 to start at 2025-01-06 12:10:00.
2025-03-06 16:39:15,713 - root - INFO - Scheduled Token-157 to start at 2025-01-06 12:12:00.
2025-03-06 16:39:15,713 - root - INFO - Scheduled Token-158 to start at 2025-01-06 12:14:00.
2025-03-06 16:39:15,713 - root - INFO - Scheduled Token-159 to start at 2025-01-06 12:16:00.
2025-03-06 16:39:15,713 - root - INFO - Scheduled Token-160 to start at 2025-01-06 12:18:00.
2025-03-06 16:39:15,713 - root - INFO - Scheduled Token-161 to start at 2025-01-06 12:20:00.
2025-03-06 16:39:15,713 - root - INFO - Scheduled Token-162 to start at 2025-01-06 12:22:00.
2025-03-06 16:39:15,713 - root - INFO - Scheduled Token-163 to start at 2025-01-06 12:24:00.
2025-03-06 16:39:15,713 - root - INFO - Scheduled Token-164 to start at 2025-01-06 12:26:00.
2025-03-06 16:39:15,713 - root - INFO - Scheduled Token-165 to start at 2025-01-06 12:28:00.
2025-03-06 16:39:15,713 - root - INFO - Scheduled Token-166 to start at 2025-01-06 12:30:00.
2025-03-06 16:39:15,713 - root - INFO - Scheduled Token-167 to start at 2025-01-06 12:32:00.
2025-03-06 16:39:15,713 - root - INFO - Scheduled Token-168 to start at 2025-01-06 12:34:00.
2025-03-06 16:39:15,713 - root - INFO - Scheduled Token-169 to start at 2025-01-06 12:36:00.
2025-03-06 16:39:15,713 - root - INFO - Scheduled Token-170 to start at 2025-01-06 12:38:00.
2025-03-06 16:39:15,713 - root - INFO - Scheduled Token-171 to start at 2025-01-06 12:40:00.
2025-03-06 16:39:15,713 - root - INFO - Scheduled Token-172 to start at 2025-01-06 12:42:00.
2025-03-06 16:39:15,728 - root - INFO - Scheduled Token-173 to start at 2025-01-06 12:44:00.
2025-03-06 16:39:15,728 - root - INFO - Scheduled Token-174 to start at 2025-01-06 12:46:00.
2025-03-06 16:39:15,728 - root - INFO - Scheduled Token-175 to start at 2025-01-06 12:48:00.
2025-03-06 16:39:15,728 - root - INFO - Scheduled Token-176 to start at 2025-01-06 12:50:00.
2025-03-06 16:39:15,728 - root - INFO - Scheduled Token-177 to start at 2025-01-06 12:52:00.
2025-03-06 16:39:15,728 - root - INFO - Scheduled Token-178 to start at 2025-01-06 12:54:00.
2025-03-06 16:39:15,728 - root - INFO - Scheduled Token-179 to start at 2025-01-06 12:56:00.
2025-03-06 16:39:15,728 - root - INFO - Scheduled Token-180 to start at 2025-01-06 12:58:00.
2025-03-06 16:39:15,728 - root - INFO - Scheduled Token-181 to start at 2025-01-07 07:00:00.
2025-03-06 16:39:15,728 - root - INFO - Scheduled Token-182 to start at 2025-01-07 07:02:00.
2025-03-06 16:39:15,728 - root - INFO - Scheduled Token-183 to start at 2025-01-07 07:04:00.
2025-03-06 16:39:15,728 - root - INFO - Scheduled Token-184 to start at 2025-01-07 07:06:00.
2025-03-06 16:39:15,728 - root - INFO - Scheduled Token-185 to start at 2025-01-07 07:08:00.
2025-03-06 16:39:15,728 - root - INFO - Scheduled Token-186 to start at 2025-01-07 07:10:00.
2025-03-06 16:39:15,728 - root - INFO - Scheduled Token-187 to start at 2025-01-07 07:12:00.
2025-03-06 16:39:15,728 - root - INFO - Scheduled Token-188 to start at 2025-01-07 07:14:00.
2025-03-06 16:39:15,728 - root - INFO - Scheduled Token-189 to start at 2025-01-07 07:16:00.
2025-03-06 16:39:15,728 - root - INFO - Scheduled Token-190 to start at 2025-01-07 07:18:00.
2025-03-06 16:39:15,728 - root - INFO - Scheduled Token-191 to start at 2025-01-07 07:20:00.
2025-03-06 16:39:15,728 - root - INFO - Scheduled Token-192 to start at 2025-01-07 07:22:00.
2025-03-06 16:39:15,728 - root - INFO - Scheduled Token-193 to start at 2025-01-07 07:24:00.
2025-03-06 16:39:15,728 - root - INFO - Scheduled Token-194 to start at 2025-01-07 07:26:00.
2025-03-06 16:39:15,728 - root - INFO - Scheduled Token-195 to start at 2025-01-07 07:28:00.
2025-03-06 16:39:15,728 - root - INFO - Scheduled Token-196 to start at 2025-01-07 07:30:00.
2025-03-06 16:39:15,728 - root - INFO - Scheduled Token-197 to start at 2025-01-07 07:32:00.
2025-03-06 16:39:15,728 - root - INFO - Scheduled Token-198 to start at 2025-01-07 07:34:00.
2025-03-06 16:39:15,728 - root - INFO - Scheduled Token-199 to start at 2025-01-07 07:36:00.
2025-03-06 16:39:15,728 - root - INFO - Scheduled Token-200 to start at 2025-01-07 07:38:00.
2025-03-06 16:39:15,728 - root - INFO - Scheduled Token-201 to start at 2025-01-07 07:40:00.
2025-03-06 16:39:15,728 - root - INFO - Scheduled Token-202 to start at 2025-01-07 07:42:00.
2025-03-06 16:39:15,728 - root - INFO - Scheduled Token-203 to start at 2025-01-07 07:44:00.
2025-03-06 16:39:15,728 - root - INFO - Scheduled Token-204 to start at 2025-01-07 07:46:00.
2025-03-06 16:39:15,728 - root - INFO - Scheduled Token-205 to start at 2025-01-07 07:48:00.
2025-03-06 16:39:15,728 - root - INFO - Scheduled Token-206 to start at 2025-01-07 07:50:00.
2025-03-06 16:39:15,728 - root - INFO - Scheduled Token-207 to start at 2025-01-07 07:52:00.
2025-03-06 16:39:15,728 - root - INFO - Scheduled Token-208 to start at 2025-01-07 07:54:00.
2025-03-06 16:39:15,744 - root - INFO - Scheduled Token-209 to start at 2025-01-07 07:56:00.
2025-03-06 16:39:15,746 - root - INFO - Scheduled Token-210 to start at 2025-01-07 07:58:00.
2025-03-06 16:39:15,746 - root - INFO - Scheduled Token-211 to start at 2025-01-07 08:00:00.
2025-03-06 16:39:15,746 - root - INFO - Scheduled Token-212 to start at 2025-01-07 08:02:00.
2025-03-06 16:39:15,746 - root - INFO - Scheduled Token-213 to start at 2025-01-07 08:04:00.
2025-03-06 16:39:15,746 - root - INFO - Scheduled Token-214 to start at 2025-01-07 08:06:00.
2025-03-06 16:39:15,747 - root - INFO - Scheduled Token-215 to start at 2025-01-07 08:08:00.
2025-03-06 16:39:15,747 - root - INFO - Scheduled Token-216 to start at 2025-01-07 08:10:00.
2025-03-06 16:39:15,747 - root - INFO - Scheduled Token-217 to start at 2025-01-07 08:12:00.
2025-03-06 16:39:15,747 - root - INFO - Scheduled Token-218 to start at 2025-01-07 08:14:00.
2025-03-06 16:39:15,747 - root - INFO - Scheduled Token-219 to start at 2025-01-07 08:16:00.
2025-03-06 16:39:15,748 - root - INFO - Scheduled Token-220 to start at 2025-01-07 08:18:00.
2025-03-06 16:39:15,749 - root - INFO - Scheduled Token-221 to start at 2025-01-07 08:20:00.
2025-03-06 16:39:15,749 - root - INFO - Scheduled Token-222 to start at 2025-01-07 08:22:00.
2025-03-06 16:39:15,749 - root - INFO - Scheduled Token-223 to start at 2025-01-07 08:24:00.
2025-03-06 16:39:15,749 - root - INFO - Scheduled Token-224 to start at 2025-01-07 08:26:00.
2025-03-06 16:39:15,749 - root - INFO - Scheduled Token-225 to start at 2025-01-07 08:28:00.
2025-03-06 16:39:15,751 - root - INFO - Scheduled Token-226 to start at 2025-01-07 08:30:00.
2025-03-06 16:39:15,751 - root - INFO - Scheduled Token-227 to start at 2025-01-07 08:32:00.
2025-03-06 16:39:15,751 - root - INFO - Scheduled Token-228 to start at 2025-01-07 08:34:00.
2025-03-06 16:39:15,752 - root - INFO - Scheduled Token-229 to start at 2025-01-07 08:36:00.
2025-03-06 16:39:15,752 - root - INFO - Scheduled Token-230 to start at 2025-01-07 08:38:00.
2025-03-06 16:39:15,752 - root - INFO - Scheduled Token-231 to start at 2025-01-07 08:40:00.
2025-03-06 16:39:15,752 - root - INFO - Scheduled Token-232 to start at 2025-01-07 08:42:00.
2025-03-06 16:39:15,752 - root - INFO - Scheduled Token-233 to start at 2025-01-07 08:44:00.
2025-03-06 16:39:15,752 - root - INFO - Scheduled Token-234 to start at 2025-01-07 08:46:00.
2025-03-06 16:39:15,753 - root - INFO - Scheduled Token-235 to start at 2025-01-07 08:48:00.
2025-03-06 16:39:15,755 - root - INFO - Scheduled Token-236 to start at 2025-01-07 08:50:00.
2025-03-06 16:39:15,756 - root - INFO - Scheduled Token-237 to start at 2025-01-07 08:52:00.
2025-03-06 16:39:15,774 - root - INFO - Scheduled Token-238 to start at 2025-01-07 08:54:00.
2025-03-06 16:39:15,776 - root - INFO - Scheduled Token-239 to start at 2025-01-07 08:56:00.
2025-03-06 16:39:15,776 - root - INFO - Scheduled Token-240 to start at 2025-01-07 08:58:00.
2025-03-06 16:39:15,777 - root - INFO - Scheduled Token-241 to start at 2025-01-07 09:00:00.
2025-03-06 16:39:15,777 - root - INFO - Scheduled Token-242 to start at 2025-01-07 09:02:00.
2025-03-06 16:39:15,778 - root - INFO - Scheduled Token-243 to start at 2025-01-07 09:04:00.
2025-03-06 16:39:15,778 - root - INFO - Scheduled Token-244 to start at 2025-01-07 09:06:00.
2025-03-06 16:39:15,779 - root - INFO - Scheduled Token-245 to start at 2025-01-07 09:08:00.
2025-03-06 16:39:15,779 - root - INFO - Scheduled Token-246 to start at 2025-01-07 09:10:00.
2025-03-06 16:39:15,779 - root - INFO - Scheduled Token-247 to start at 2025-01-07 09:12:00.
2025-03-06 16:39:15,780 - root - INFO - Scheduled Token-248 to start at 2025-01-07 09:14:00.
2025-03-06 16:39:15,780 - root - INFO - Scheduled Token-249 to start at 2025-01-07 09:16:00.
2025-03-06 16:39:15,780 - root - INFO - Scheduled Token-250 to start at 2025-01-07 09:18:00.
2025-03-06 16:39:15,781 - root - INFO - Scheduled Token-251 to start at 2025-01-07 09:20:00.
2025-03-06 16:39:15,781 - root - INFO - Scheduled Token-252 to start at 2025-01-07 09:22:00.
2025-03-06 16:39:15,782 - root - INFO - Scheduled Token-253 to start at 2025-01-07 09:24:00.
2025-03-06 16:39:15,782 - root - INFO - Scheduled Token-254 to start at 2025-01-07 09:26:00.
2025-03-06 16:39:15,783 - root - INFO - Scheduled Token-255 to start at 2025-01-07 09:28:00.
2025-03-06 16:39:15,783 - root - INFO - Scheduled Token-256 to start at 2025-01-07 09:30:00.
2025-03-06 16:39:15,783 - root - INFO - Scheduled Token-257 to start at 2025-01-07 09:32:00.
2025-03-06 16:39:15,783 - root - INFO - Scheduled Token-258 to start at 2025-01-07 09:34:00.
2025-03-06 16:39:15,784 - root - INFO - Scheduled Token-259 to start at 2025-01-07 09:36:00.
2025-03-06 16:39:15,784 - root - INFO - Scheduled Token-260 to start at 2025-01-07 09:38:00.
2025-03-06 16:39:15,784 - root - INFO - Scheduled Token-261 to start at 2025-01-07 09:40:00.
2025-03-06 16:39:15,784 - root - INFO - Scheduled Token-262 to start at 2025-01-07 09:42:00.
2025-03-06 16:39:15,784 - root - INFO - Scheduled Token-263 to start at 2025-01-07 09:44:00.
2025-03-06 16:39:15,785 - root - INFO - Scheduled Token-264 to start at 2025-01-07 09:46:00.
2025-03-06 16:39:15,785 - root - INFO - Scheduled Token-265 to start at 2025-01-07 09:48:00.
2025-03-06 16:39:15,785 - root - INFO - Scheduled Token-266 to start at 2025-01-07 09:50:00.
2025-03-06 16:39:15,785 - root - INFO - Scheduled Token-267 to start at 2025-01-07 09:52:00.
2025-03-06 16:39:15,785 - root - INFO - Scheduled Token-268 to start at 2025-01-07 09:54:00.
2025-03-06 16:39:15,785 - root - INFO - Scheduled Token-269 to start at 2025-01-07 09:56:00.
2025-03-06 16:39:15,786 - root - INFO - Scheduled Token-270 to start at 2025-01-07 09:58:00.
2025-03-06 16:39:15,786 - root - INFO - Scheduled Token-271 to start at 2025-01-07 10:00:00.
2025-03-06 16:39:15,786 - root - INFO - Scheduled Token-272 to start at 2025-01-07 10:02:00.
2025-03-06 16:39:15,786 - root - INFO - Scheduled Token-273 to start at 2025-01-07 10:04:00.
2025-03-06 16:39:15,786 - root - INFO - Scheduled Token-274 to start at 2025-01-07 10:06:00.
2025-03-06 16:39:15,787 - root - INFO - Scheduled Token-275 to start at 2025-01-07 10:08:00.
2025-03-06 16:39:15,787 - root - INFO - Scheduled Token-276 to start at 2025-01-07 10:10:00.
2025-03-06 16:39:15,787 - root - INFO - Scheduled Token-277 to start at 2025-01-07 10:12:00.
2025-03-06 16:39:15,787 - root - INFO - Scheduled Token-278 to start at 2025-01-07 10:14:00.
2025-03-06 16:39:15,787 - root - INFO - Scheduled Token-279 to start at 2025-01-07 10:16:00.
2025-03-06 16:39:15,788 - root - INFO - Scheduled Token-280 to start at 2025-01-07 10:18:00.
2025-03-06 16:39:15,788 - root - INFO - Scheduled Token-281 to start at 2025-01-07 10:20:00.
2025-03-06 16:39:15,788 - root - INFO - Scheduled Token-282 to start at 2025-01-07 10:22:00.
2025-03-06 16:39:15,788 - root - INFO - Scheduled Token-283 to start at 2025-01-07 10:24:00.
2025-03-06 16:39:15,788 - root - INFO - Scheduled Token-284 to start at 2025-01-07 10:26:00.
2025-03-06 16:39:15,788 - root - INFO - Scheduled Token-285 to start at 2025-01-07 10:28:00.
2025-03-06 16:39:15,789 - root - INFO - Scheduled Token-286 to start at 2025-01-07 10:30:00.
2025-03-06 16:39:15,789 - root - INFO - Scheduled Token-287 to start at 2025-01-07 10:32:00.
2025-03-06 16:39:15,789 - root - INFO - Scheduled Token-288 to start at 2025-01-07 10:34:00.
2025-03-06 16:39:15,789 - root - INFO - Scheduled Token-289 to start at 2025-01-07 10:36:00.
2025-03-06 16:39:15,789 - root - INFO - Scheduled Token-290 to start at 2025-01-07 10:38:00.
2025-03-06 16:39:15,790 - root - INFO - Scheduled Token-291 to start at 2025-01-07 10:40:00.
2025-03-06 16:39:15,790 - root - INFO - Scheduled Token-292 to start at 2025-01-07 10:42:00.
2025-03-06 16:39:15,790 - root - INFO - Scheduled Token-293 to start at 2025-01-07 10:44:00.
2025-03-06 16:39:15,790 - root - INFO - Scheduled Token-294 to start at 2025-01-07 10:46:00.
2025-03-06 16:39:15,790 - root - INFO - Scheduled Token-295 to start at 2025-01-07 10:48:00.
2025-03-06 16:39:15,791 - root - INFO - Scheduled Token-296 to start at 2025-01-07 10:50:00.
2025-03-06 16:39:15,791 - root - INFO - Scheduled Token-297 to start at 2025-01-07 10:52:00.
2025-03-06 16:39:15,791 - root - INFO - Scheduled Token-298 to start at 2025-01-07 10:54:00.
2025-03-06 16:39:15,791 - root - INFO - Scheduled Token-299 to start at 2025-01-07 10:56:00.
2025-03-06 16:39:15,791 - root - INFO - Scheduled Token-300 to start at 2025-01-07 10:58:00.
2025-03-06 16:39:15,792 - root - INFO - Scheduled Token-301 to start at 2025-01-07 11:00:00.
2025-03-06 16:39:15,792 - root - INFO - Scheduled Token-302 to start at 2025-01-07 11:02:00.
2025-03-06 16:39:15,792 - root - INFO - Scheduled Token-303 to start at 2025-01-07 11:04:00.
2025-03-06 16:39:15,792 - root - INFO - Scheduled Token-304 to start at 2025-01-07 11:06:00.
2025-03-06 16:39:15,793 - root - INFO - Scheduled Token-305 to start at 2025-01-07 11:08:00.
2025-03-06 16:39:15,793 - root - INFO - Scheduled Token-306 to start at 2025-01-07 11:10:00.
2025-03-06 16:39:15,793 - root - INFO - Scheduled Token-307 to start at 2025-01-07 11:12:00.
2025-03-06 16:39:15,793 - root - INFO - Scheduled Token-308 to start at 2025-01-07 11:14:00.
2025-03-06 16:39:15,793 - root - INFO - Scheduled Token-309 to start at 2025-01-07 11:16:00.
2025-03-06 16:39:15,794 - root - INFO - Scheduled Token-310 to start at 2025-01-07 11:18:00.
2025-03-06 16:39:15,794 - root - INFO - Scheduled Token-311 to start at 2025-01-07 11:20:00.
2025-03-06 16:39:15,794 - root - INFO - Scheduled Token-312 to start at 2025-01-07 11:22:00.
2025-03-06 16:39:15,794 - root - INFO - Scheduled Token-313 to start at 2025-01-07 11:24:00.
2025-03-06 16:39:15,795 - root - INFO - Scheduled Token-314 to start at 2025-01-07 11:26:00.
2025-03-06 16:39:15,795 - root - INFO - Scheduled Token-315 to start at 2025-01-07 11:28:00.
2025-03-06 16:39:15,795 - root - INFO - Scheduled Token-316 to start at 2025-01-07 11:30:00.
2025-03-06 16:39:15,795 - root - INFO - Scheduled Token-317 to start at 2025-01-07 11:32:00.
2025-03-06 16:39:15,795 - root - INFO - Scheduled Token-318 to start at 2025-01-07 11:34:00.
2025-03-06 16:39:15,796 - root - INFO - Scheduled Token-319 to start at 2025-01-07 11:36:00.
2025-03-06 16:39:15,796 - root - INFO - Scheduled Token-320 to start at 2025-01-07 11:38:00.
2025-03-06 16:39:15,796 - root - INFO - Scheduled Token-321 to start at 2025-01-07 11:40:00.
2025-03-06 16:39:15,796 - root - INFO - Scheduled Token-322 to start at 2025-01-07 11:42:00.
2025-03-06 16:39:15,796 - root - INFO - Scheduled Token-323 to start at 2025-01-07 11:44:00.
2025-03-06 16:39:15,797 - root - INFO - Scheduled Token-324 to start at 2025-01-07 11:46:00.
2025-03-06 16:39:15,797 - root - INFO - Scheduled Token-325 to start at 2025-01-07 11:48:00.
2025-03-06 16:39:15,797 - root - INFO - Scheduled Token-326 to start at 2025-01-07 11:50:00.
2025-03-06 16:39:15,797 - root - INFO - Scheduled Token-327 to start at 2025-01-07 11:52:00.
2025-03-06 16:39:15,797 - root - INFO - Scheduled Token-328 to start at 2025-01-07 11:54:00.
2025-03-06 16:39:15,798 - root - INFO - Scheduled Token-329 to start at 2025-01-07 11:56:00.
2025-03-06 16:39:15,798 - root - INFO - Scheduled Token-330 to start at 2025-01-07 11:58:00.
2025-03-06 16:39:15,798 - root - INFO - Scheduled Token-331 to start at 2025-01-07 12:00:00.
2025-03-06 16:39:15,798 - root - INFO - Scheduled Token-332 to start at 2025-01-07 12:02:00.
2025-03-06 16:39:15,798 - root - INFO - Scheduled Token-333 to start at 2025-01-07 12:04:00.
2025-03-06 16:39:15,798 - root - INFO - Scheduled Token-334 to start at 2025-01-07 12:06:00.
2025-03-06 16:39:15,799 - root - INFO - Scheduled Token-335 to start at 2025-01-07 12:08:00.
2025-03-06 16:39:15,799 - root - INFO - Scheduled Token-336 to start at 2025-01-07 12:10:00.
2025-03-06 16:39:15,799 - root - INFO - Scheduled Token-337 to start at 2025-01-07 12:12:00.
2025-03-06 16:39:15,801 - root - INFO - Scheduled Token-338 to start at 2025-01-07 12:14:00.
2025-03-06 16:39:15,801 - root - INFO - Scheduled Token-339 to start at 2025-01-07 12:16:00.
2025-03-06 16:39:15,821 - root - INFO - Scheduled Token-340 to start at 2025-01-07 12:18:00.
2025-03-06 16:39:15,821 - root - INFO - Scheduled Token-341 to start at 2025-01-07 12:20:00.
2025-03-06 16:39:15,822 - root - INFO - Scheduled Token-342 to start at 2025-01-07 12:22:00.
2025-03-06 16:39:15,822 - root - INFO - Scheduled Token-343 to start at 2025-01-07 12:24:00.
2025-03-06 16:39:15,822 - root - INFO - Scheduled Token-344 to start at 2025-01-07 12:26:00.
2025-03-06 16:39:15,823 - root - INFO - Scheduled Token-345 to start at 2025-01-07 12:28:00.
2025-03-06 16:39:15,823 - root - INFO - Scheduled Token-346 to start at 2025-01-07 12:30:00.
2025-03-06 16:39:15,825 - root - INFO - Scheduled Token-347 to start at 2025-01-07 12:32:00.
2025-03-06 16:39:15,825 - root - INFO - Scheduled Token-348 to start at 2025-01-07 12:34:00.
2025-03-06 16:39:15,825 - root - INFO - Scheduled Token-349 to start at 2025-01-07 12:36:00.
2025-03-06 16:39:15,825 - root - INFO - Scheduled Token-350 to start at 2025-01-07 12:38:00.
2025-03-06 16:39:15,826 - root - INFO - Scheduled Token-351 to start at 2025-01-07 12:40:00.
2025-03-06 16:39:15,826 - root - INFO - Scheduled Token-352 to start at 2025-01-07 12:42:00.
2025-03-06 16:39:15,827 - root - INFO - Scheduled Token-353 to start at 2025-01-07 12:44:00.
2025-03-06 16:39:15,827 - root - INFO - Scheduled Token-354 to start at 2025-01-07 12:46:00.
2025-03-06 16:39:15,828 - root - INFO - Scheduled Token-355 to start at 2025-01-07 12:48:00.
2025-03-06 16:39:15,829 - root - INFO - Scheduled Token-356 to start at 2025-01-07 12:50:00.
2025-03-06 16:39:15,829 - root - INFO - Scheduled Token-357 to start at 2025-01-07 12:52:00.
2025-03-06 16:39:15,830 - root - INFO - Scheduled Token-358 to start at 2025-01-07 12:54:00.
2025-03-06 16:39:15,830 - root - INFO - Scheduled Token-359 to start at 2025-01-07 12:56:00.
2025-03-06 16:39:15,830 - root - INFO - Scheduled Token-360 to start at 2025-01-07 12:58:00.
2025-03-06 16:39:15,831 - root - INFO - Scheduled Token-361 to start at 2025-01-08 07:00:00.
2025-03-06 16:39:15,831 - root - INFO - Scheduled Token-362 to start at 2025-01-08 07:02:00.
2025-03-06 16:39:15,831 - root - INFO - Scheduled Token-363 to start at 2025-01-08 07:04:00.
2025-03-06 16:39:15,832 - root - INFO - Scheduled Token-364 to start at 2025-01-08 07:06:00.
2025-03-06 16:39:15,832 - root - INFO - Scheduled Token-365 to start at 2025-01-08 07:08:00.
2025-03-06 16:39:15,832 - root - INFO - Scheduled Token-366 to start at 2025-01-08 07:10:00.
2025-03-06 16:39:15,833 - root - INFO - Scheduled Token-367 to start at 2025-01-08 07:12:00.
2025-03-06 16:39:15,833 - root - INFO - Scheduled Token-368 to start at 2025-01-08 07:14:00.
2025-03-06 16:39:15,833 - root - INFO - Scheduled Token-369 to start at 2025-01-08 07:16:00.
2025-03-06 16:39:15,834 - root - INFO - Scheduled Token-370 to start at 2025-01-08 07:18:00.
2025-03-06 16:39:15,834 - root - INFO - Scheduled Token-371 to start at 2025-01-08 07:20:00.
2025-03-06 16:39:15,834 - root - INFO - Scheduled Token-372 to start at 2025-01-08 07:22:00.
2025-03-06 16:39:15,835 - root - INFO - Scheduled Token-373 to start at 2025-01-08 07:24:00.
2025-03-06 16:39:15,835 - root - INFO - Scheduled Token-374 to start at 2025-01-08 07:26:00.
2025-03-06 16:39:15,835 - root - INFO - Scheduled Token-375 to start at 2025-01-08 07:28:00.
2025-03-06 16:39:15,836 - root - INFO - Scheduled Token-376 to start at 2025-01-08 07:30:00.
2025-03-06 16:39:15,836 - root - INFO - Scheduled Token-377 to start at 2025-01-08 07:32:00.
2025-03-06 16:39:15,836 - root - INFO - Scheduled Token-378 to start at 2025-01-08 07:34:00.
2025-03-06 16:39:15,836 - root - INFO - Scheduled Token-379 to start at 2025-01-08 07:36:00.
2025-03-06 16:39:15,836 - root - INFO - Scheduled Token-380 to start at 2025-01-08 07:38:00.
2025-03-06 16:39:15,836 - root - INFO - Scheduled Token-381 to start at 2025-01-08 07:40:00.
2025-03-06 16:39:15,837 - root - INFO - Scheduled Token-382 to start at 2025-01-08 07:42:00.
2025-03-06 16:39:15,837 - root - INFO - Scheduled Token-383 to start at 2025-01-08 07:44:00.
2025-03-06 16:39:15,837 - root - INFO - Scheduled Token-384 to start at 2025-01-08 07:46:00.
2025-03-06 16:39:15,837 - root - INFO - Scheduled Token-385 to start at 2025-01-08 07:48:00.
2025-03-06 16:39:15,837 - root - INFO - Scheduled Token-386 to start at 2025-01-08 07:50:00.
2025-03-06 16:39:15,839 - root - INFO - Scheduled Token-387 to start at 2025-01-08 07:52:00.
2025-03-06 16:39:15,839 - root - INFO - Scheduled Token-388 to start at 2025-01-08 07:54:00.
2025-03-06 16:39:15,839 - root - INFO - Scheduled Token-389 to start at 2025-01-08 07:56:00.
2025-03-06 16:39:15,839 - root - INFO - Scheduled Token-390 to start at 2025-01-08 07:58:00.
2025-03-06 16:39:15,839 - root - INFO - Scheduled Token-391 to start at 2025-01-08 08:00:00.
2025-03-06 16:39:15,839 - root - INFO - Scheduled Token-392 to start at 2025-01-08 08:02:00.
2025-03-06 16:39:15,839 - root - INFO - Scheduled Token-393 to start at 2025-01-08 08:04:00.
2025-03-06 16:39:15,839 - root - INFO - Scheduled Token-394 to start at 2025-01-08 08:06:00.
2025-03-06 16:39:15,839 - root - INFO - Scheduled Token-395 to start at 2025-01-08 08:08:00.
2025-03-06 16:39:15,839 - root - INFO - Scheduled Token-396 to start at 2025-01-08 08:10:00.
2025-03-06 16:39:15,840 - root - INFO - Scheduled Token-397 to start at 2025-01-08 08:12:00.
2025-03-06 16:39:15,840 - root - INFO - Scheduled Token-398 to start at 2025-01-08 08:14:00.
2025-03-06 16:39:15,840 - root - INFO - Scheduled Token-399 to start at 2025-01-08 08:16:00.
2025-03-06 16:39:15,840 - root - INFO - Scheduled Token-400 to start at 2025-01-08 08:18:00.
2025-03-06 16:39:15,840 - root - INFO - Scheduled Token-401 to start at 2025-01-08 08:20:00.
2025-03-06 16:39:15,841 - root - INFO - Scheduled Token-402 to start at 2025-01-08 08:22:00.
2025-03-06 16:39:15,841 - root - INFO - Scheduled Token-403 to start at 2025-01-08 08:24:00.
2025-03-06 16:39:15,842 - root - INFO - Scheduled Token-404 to start at 2025-01-08 08:26:00.
2025-03-06 16:39:15,842 - root - INFO - Scheduled Token-405 to start at 2025-01-08 08:28:00.
2025-03-06 16:39:15,842 - root - INFO - Scheduled Token-406 to start at 2025-01-08 08:30:00.
2025-03-06 16:39:15,843 - root - INFO - Scheduled Token-407 to start at 2025-01-08 08:32:00.
2025-03-06 16:39:15,844 - root - INFO - Scheduled Token-408 to start at 2025-01-08 08:34:00.
2025-03-06 16:39:15,845 - root - INFO - Scheduled Token-409 to start at 2025-01-08 08:36:00.
2025-03-06 16:39:15,845 - root - INFO - Scheduled Token-410 to start at 2025-01-08 08:38:00.
2025-03-06 16:39:15,845 - root - INFO - Scheduled Token-411 to start at 2025-01-08 08:40:00.
2025-03-06 16:39:15,846 - root - INFO - Scheduled Token-412 to start at 2025-01-08 08:42:00.
2025-03-06 16:39:15,846 - root - INFO - Scheduled Token-413 to start at 2025-01-08 08:44:00.
2025-03-06 16:39:15,846 - root - INFO - Scheduled Token-414 to start at 2025-01-08 08:46:00.
2025-03-06 16:39:15,847 - root - INFO - Scheduled Token-415 to start at 2025-01-08 08:48:00.
2025-03-06 16:39:15,847 - root - INFO - Scheduled Token-416 to start at 2025-01-08 08:50:00.
2025-03-06 16:39:15,848 - root - INFO - Scheduled Token-417 to start at 2025-01-08 08:52:00.
2025-03-06 16:39:15,849 - root - INFO - Scheduled Token-418 to start at 2025-01-08 08:54:00.
2025-03-06 16:39:15,850 - root - INFO - Scheduled Token-419 to start at 2025-01-08 08:56:00.
2025-03-06 16:39:15,869 - root - INFO - Scheduled Token-420 to start at 2025-01-08 08:58:00.
2025-03-06 16:39:15,870 - root - INFO - Scheduled Token-421 to start at 2025-01-08 09:00:00.
2025-03-06 16:39:15,870 - root - INFO - Scheduled Token-422 to start at 2025-01-08 09:02:00.
2025-03-06 16:39:15,870 - root - INFO - Scheduled Token-423 to start at 2025-01-08 09:04:00.
2025-03-06 16:39:15,871 - root - INFO - Scheduled Token-424 to start at 2025-01-08 09:06:00.
2025-03-06 16:39:15,871 - root - INFO - Scheduled Token-425 to start at 2025-01-08 09:08:00.
2025-03-06 16:39:15,871 - root - INFO - Scheduled Token-426 to start at 2025-01-08 09:10:00.
2025-03-06 16:39:15,873 - root - INFO - Scheduled Token-427 to start at 2025-01-08 09:12:00.
2025-03-06 16:39:15,873 - root - INFO - Scheduled Token-428 to start at 2025-01-08 09:14:00.
2025-03-06 16:39:15,873 - root - INFO - Scheduled Token-429 to start at 2025-01-08 09:16:00.
2025-03-06 16:39:15,873 - root - INFO - Scheduled Token-430 to start at 2025-01-08 09:18:00.
2025-03-06 16:39:15,873 - root - INFO - Scheduled Token-431 to start at 2025-01-08 09:20:00.
2025-03-06 16:39:15,874 - root - INFO - Scheduled Token-432 to start at 2025-01-08 09:22:00.
2025-03-06 16:39:15,874 - root - INFO - Scheduled Token-433 to start at 2025-01-08 09:24:00.
2025-03-06 16:39:15,874 - root - INFO - Scheduled Token-434 to start at 2025-01-08 09:26:00.
2025-03-06 16:39:15,875 - root - INFO - Scheduled Token-435 to start at 2025-01-08 09:28:00.
2025-03-06 16:39:15,875 - root - INFO - Scheduled Token-436 to start at 2025-01-08 09:30:00.
2025-03-06 16:39:15,877 - root - INFO - Scheduled Token-437 to start at 2025-01-08 09:32:00.
2025-03-06 16:39:15,877 - root - INFO - Scheduled Token-438 to start at 2025-01-08 09:34:00.
2025-03-06 16:39:15,877 - root - INFO - Scheduled Token-439 to start at 2025-01-08 09:36:00.
2025-03-06 16:39:15,877 - root - INFO - Scheduled Token-440 to start at 2025-01-08 09:38:00.
2025-03-06 16:39:15,877 - root - INFO - Scheduled Token-441 to start at 2025-01-08 09:40:00.
2025-03-06 16:39:15,877 - root - INFO - Scheduled Token-442 to start at 2025-01-08 09:42:00.
2025-03-06 16:39:15,877 - root - INFO - Scheduled Token-443 to start at 2025-01-08 09:44:00.
2025-03-06 16:39:15,879 - root - INFO - Scheduled Token-444 to start at 2025-01-08 09:46:00.
2025-03-06 16:39:15,879 - root - INFO - Scheduled Token-445 to start at 2025-01-08 09:48:00.
2025-03-06 16:39:15,879 - root - INFO - Scheduled Token-446 to start at 2025-01-08 09:50:00.
2025-03-06 16:39:15,879 - root - INFO - Scheduled Token-447 to start at 2025-01-08 09:52:00.
2025-03-06 16:39:15,879 - root - INFO - Scheduled Token-448 to start at 2025-01-08 09:54:00.
2025-03-06 16:39:15,880 - root - INFO - Scheduled Token-449 to start at 2025-01-08 09:56:00.
2025-03-06 16:39:15,880 - root - INFO - Scheduled Token-450 to start at 2025-01-08 09:58:00.
2025-03-06 16:39:15,880 - root - INFO - Scheduled Token-451 to start at 2025-01-08 10:00:00.
2025-03-06 16:39:15,880 - root - INFO - Scheduled Token-452 to start at 2025-01-08 10:02:00.
2025-03-06 16:39:15,880 - root - INFO - Scheduled Token-453 to start at 2025-01-08 10:04:00.
2025-03-06 16:39:15,880 - root - INFO - Scheduled Token-454 to start at 2025-01-08 10:06:00.
2025-03-06 16:39:15,881 - root - INFO - Scheduled Token-455 to start at 2025-01-08 10:08:00.
2025-03-06 16:39:15,881 - root - INFO - Scheduled Token-456 to start at 2025-01-08 10:10:00.
2025-03-06 16:39:15,881 - root - INFO - Scheduled Token-457 to start at 2025-01-08 10:12:00.
2025-03-06 16:39:15,881 - root - INFO - Scheduled Token-458 to start at 2025-01-08 10:14:00.
2025-03-06 16:39:15,881 - root - INFO - Scheduled Token-459 to start at 2025-01-08 10:16:00.
2025-03-06 16:39:15,882 - root - INFO - Scheduled Token-460 to start at 2025-01-08 10:18:00.
2025-03-06 16:39:15,882 - root - INFO - Scheduled Token-461 to start at 2025-01-08 10:20:00.
2025-03-06 16:39:15,882 - root - INFO - Scheduled Token-462 to start at 2025-01-08 10:22:00.
2025-03-06 16:39:15,882 - root - INFO - Scheduled Token-463 to start at 2025-01-08 10:24:00.
2025-03-06 16:39:15,882 - root - INFO - Scheduled Token-464 to start at 2025-01-08 10:26:00.
2025-03-06 16:39:15,882 - root - INFO - Scheduled Token-465 to start at 2025-01-08 10:28:00.
2025-03-06 16:39:15,883 - root - INFO - Scheduled Token-466 to start at 2025-01-08 10:30:00.
2025-03-06 16:39:15,883 - root - INFO - Scheduled Token-467 to start at 2025-01-08 10:32:00.
2025-03-06 16:39:15,883 - root - INFO - Scheduled Token-468 to start at 2025-01-08 10:34:00.
2025-03-06 16:39:15,883 - root - INFO - Scheduled Token-469 to start at 2025-01-08 10:36:00.
2025-03-06 16:39:15,883 - root - INFO - Scheduled Token-470 to start at 2025-01-08 10:38:00.
2025-03-06 16:39:15,884 - root - INFO - Scheduled Token-471 to start at 2025-01-08 10:40:00.
2025-03-06 16:39:15,884 - root - INFO - Scheduled Token-472 to start at 2025-01-08 10:42:00.
2025-03-06 16:39:15,884 - root - INFO - Scheduled Token-473 to start at 2025-01-08 10:44:00.
2025-03-06 16:39:15,884 - root - INFO - Scheduled Token-474 to start at 2025-01-08 10:46:00.
2025-03-06 16:39:15,884 - root - INFO - Scheduled Token-475 to start at 2025-01-08 10:48:00.
2025-03-06 16:39:15,885 - root - INFO - Scheduled Token-476 to start at 2025-01-08 10:50:00.
2025-03-06 16:39:15,885 - root - INFO - Scheduled Token-477 to start at 2025-01-08 10:52:00.
2025-03-06 16:39:15,885 - root - INFO - Scheduled Token-478 to start at 2025-01-08 10:54:00.
2025-03-06 16:39:15,885 - root - INFO - Scheduled Token-479 to start at 2025-01-08 10:56:00.
2025-03-06 16:39:15,885 - root - INFO - Scheduled Token-480 to start at 2025-01-08 10:58:00.
2025-03-06 16:39:15,886 - root - INFO - Scheduled Token-481 to start at 2025-01-08 11:00:00.
2025-03-06 16:39:15,886 - root - INFO - Scheduled Token-482 to start at 2025-01-08 11:02:00.
2025-03-06 16:39:15,887 - root - INFO - Scheduled Token-483 to start at 2025-01-08 11:04:00.
2025-03-06 16:39:15,887 - root - INFO - Scheduled Token-484 to start at 2025-01-08 11:06:00.
2025-03-06 16:39:15,887 - root - INFO - Scheduled Token-485 to start at 2025-01-08 11:08:00.
2025-03-06 16:39:15,887 - root - INFO - Scheduled Token-486 to start at 2025-01-08 11:10:00.
2025-03-06 16:39:15,888 - root - INFO - Scheduled Token-487 to start at 2025-01-08 11:12:00.
2025-03-06 16:39:15,889 - root - INFO - Scheduled Token-488 to start at 2025-01-08 11:14:00.
2025-03-06 16:39:15,889 - root - INFO - Scheduled Token-489 to start at 2025-01-08 11:16:00.
2025-03-06 16:39:15,889 - root - INFO - Scheduled Token-490 to start at 2025-01-08 11:18:00.
2025-03-06 16:39:15,890 - root - INFO - Scheduled Token-491 to start at 2025-01-08 11:20:00.
2025-03-06 16:39:15,890 - root - INFO - Scheduled Token-492 to start at 2025-01-08 11:22:00.
2025-03-06 16:39:15,890 - root - INFO - Scheduled Token-493 to start at 2025-01-08 11:24:00.
2025-03-06 16:39:15,891 - root - INFO - Scheduled Token-494 to start at 2025-01-08 11:26:00.
2025-03-06 16:39:15,891 - root - INFO - Scheduled Token-495 to start at 2025-01-08 11:28:00.
2025-03-06 16:39:15,891 - root - INFO - Scheduled Token-496 to start at 2025-01-08 11:30:00.
2025-03-06 16:39:15,892 - root - INFO - Scheduled Token-497 to start at 2025-01-08 11:32:00.
2025-03-06 16:39:15,892 - root - INFO - Scheduled Token-498 to start at 2025-01-08 11:34:00.
2025-03-06 16:39:15,893 - root - INFO - Scheduled Token-499 to start at 2025-01-08 11:36:00.
2025-03-06 16:39:15,893 - root - INFO - Scheduled Token-500 to start at 2025-01-08 11:38:00.
2025-03-06 16:39:15,893 - root - INFO - Scheduled 500 tokens
2025-03-06 16:39:15,897 - root - INFO - Token Token-1 started task 'Monthly' at 2025-01-06 07:00:00, scheduled to end at 2025-01-06 07:00:00
2025-03-06 16:39:15,916 - root - INFO - Token Token-1 completed task 'Monthly' at 2025-01-06 07:00:00.
2025-03-06 16:39:15,917 - root - INFO - Token Token-1 started task 'Review AM using Asset Change Tracker (5.5.13.1)' at 2025-01-06 07:00:00, scheduled to end at 2025-01-06 07:07:55.307760
2025-03-06 16:39:15,917 - root - INFO - Token Token-2 started task 'Monthly' at 2025-01-06 07:02:00, scheduled to end at 2025-01-06 07:02:00
2025-03-06 16:39:15,918 - root - INFO - Token Token-2 completed task 'Monthly' at 2025-01-06 07:02:00.
2025-03-06 16:39:15,918 - root - INFO - Token Token-2 waiting for resource 'Tech' at 2025-01-06 07:02:00
2025-03-06 16:39:15,919 - root - INFO - Token Token-3 started task 'Monthly' at 2025-01-06 07:04:00, scheduled to end at 2025-01-06 07:04:00
2025-03-06 16:39:15,919 - root - INFO - Token Token-3 completed task 'Monthly' at 2025-01-06 07:04:00.
2025-03-06 16:39:15,919 - root - INFO - Token Token-3 waiting for resource 'Tech' at 2025-01-06 07:04:00
2025-03-06 16:39:15,920 - root - INFO - Token Token-4 started task 'Monthly' at 2025-01-06 07:06:00, scheduled to end at 2025-01-06 07:06:00
2025-03-06 16:39:15,920 - root - INFO - Token Token-4 completed task 'Monthly' at 2025-01-06 07:06:00.
2025-03-06 16:39:15,921 - root - INFO - Token Token-4 waiting for resource 'Tech' at 2025-01-06 07:06:00
2025-03-06 16:39:15,921 - root - INFO - Token Token-1 completed task 'Review AM using Asset Change Tracker (5.5.13.1)' at 2025-01-06 07:07:55.307760.
2025-03-06 16:39:15,921 - root - INFO - Token Token-2 released from wait queue for 'Tech'
2025-03-06 16:39:15,921 - root - INFO - Token Token-2 waited 5.92 minutes for resource
2025-03-06 16:39:15,921 - root - INFO - Token Token-2 started task 'Review AM using Asset Change Tracker (5.5.13.1)' at 2025-01-06 07:07:55.307760, scheduled to end at 2025-01-06 07:15:21.784430
2025-03-06 16:39:15,921 - root - INFO - Token Token-1 started task 'Complete /Accurate?' at 2025-01-06 07:07:55.307760, scheduled to end at 2025-01-06 07:07:55.307760
2025-03-06 16:39:15,921 - root - INFO - Token Token-1 completed task 'Complete /Accurate?' at 2025-01-06 07:07:55.307760.
2025-03-06 16:39:15,921 - root - INFO - Token Token-1 waiting for resource 'Tech' at 2025-01-06 07:07:55.307760
2025-03-06 16:39:15,921 - root - INFO - Token Token-5 started task 'Monthly' at 2025-01-06 07:08:00, scheduled to end at 2025-01-06 07:08:00
2025-03-06 16:39:15,921 - root - INFO - Token Token-5 completed task 'Monthly' at 2025-01-06 07:08:00.
2025-03-06 16:39:15,921 - root - INFO - Token Token-5 waiting for resource 'Tech' at 2025-01-06 07:08:00
2025-03-06 16:39:15,921 - root - INFO - Token Token-6 started task 'Monthly' at 2025-01-06 07:10:00, scheduled to end at 2025-01-06 07:10:00
2025-03-06 16:39:15,921 - root - INFO - Token Token-6 completed task 'Monthly' at 2025-01-06 07:10:00.
2025-03-06 16:39:15,924 - root - INFO - Token Token-6 waiting for resource 'Tech' at 2025-01-06 07:10:00
2025-03-06 16:39:15,924 - root - INFO - Token Token-7 started task 'Monthly' at 2025-01-06 07:12:00, scheduled to end at 2025-01-06 07:12:00
2025-03-06 16:39:15,925 - root - INFO - Token Token-7 completed task 'Monthly' at 2025-01-06 07:12:00.
2025-03-06 16:39:15,925 - root - INFO - Token Token-7 waiting for resource 'Tech' at 2025-01-06 07:12:00
2025-03-06 16:39:15,925 - root - INFO - Token Token-8 started task 'Monthly' at 2025-01-06 07:14:00, scheduled to end at 2025-01-06 07:14:00
2025-03-06 16:39:15,926 - root - INFO - Token Token-8 completed task 'Monthly' at 2025-01-06 07:14:00.
2025-03-06 16:39:15,926 - root - INFO - Token Token-8 waiting for resource 'Tech' at 2025-01-06 07:14:00
2025-03-06 16:39:15,926 - root - INFO - Token Token-2 completed task 'Review AM using Asset Change Tracker (5.5.13.1)' at 2025-01-06 07:15:21.784430.
2025-03-06 16:39:15,926 - root - INFO - Token Token-3 released from wait queue for 'Tech'
2025-03-06 16:39:15,927 - root - INFO - Token Token-3 waited 11.36 minutes for resource
2025-03-06 16:39:15,927 - root - INFO - Token Token-3 started task 'Review AM using Asset Change Tracker (5.5.13.1)' at 2025-01-06 07:15:21.784430, scheduled to end at 2025-01-06 07:24:31.477825
2025-03-06 16:39:15,927 - root - INFO - Token Token-2 started task 'Complete /Accurate?' at 2025-01-06 07:15:21.784430, scheduled to end at 2025-01-06 07:15:21.784430
2025-03-06 16:39:15,927 - root - INFO - Token Token-2 completed task 'Complete /Accurate?' at 2025-01-06 07:15:21.784430.
2025-03-06 16:39:15,927 - root - INFO - Token Token-2 waiting for resource 'Tech' at 2025-01-06 07:15:21.784430
2025-03-06 16:39:15,928 - root - INFO - Token Token-9 started task 'Monthly' at 2025-01-06 07:16:00, scheduled to end at 2025-01-06 07:16:00
2025-03-06 16:39:15,928 - root - INFO - Token Token-9 completed task 'Monthly' at 2025-01-06 07:16:00.
2025-03-06 16:39:15,928 - root - INFO - Token Token-9 waiting for resource 'Tech' at 2025-01-06 07:16:00
2025-03-06 16:39:15,928 - root - INFO - Token Token-10 started task 'Monthly' at 2025-01-06 07:18:00, scheduled to end at 2025-01-06 07:18:00
2025-03-06 16:39:15,929 - root - INFO - Token Token-10 completed task 'Monthly' at 2025-01-06 07:18:00.
2025-03-06 16:39:15,929 - root - INFO - Token Token-10 waiting for resource 'Tech' at 2025-01-06 07:18:00
2025-03-06 16:39:15,929 - root - INFO - Token Token-11 started task 'Monthly' at 2025-01-06 07:20:00, scheduled to end at 2025-01-06 07:20:00
2025-03-06 16:39:15,929 - root - INFO - Token Token-11 completed task 'Monthly' at 2025-01-06 07:20:00.
2025-03-06 16:39:15,930 - root - INFO - Token Token-11 waiting for resource 'Tech' at 2025-01-06 07:20:00
2025-03-06 16:39:15,930 - root - INFO - Token Token-12 started task 'Monthly' at 2025-01-06 07:22:00, scheduled to end at 2025-01-06 07:22:00
2025-03-06 16:39:15,930 - root - INFO - Token Token-12 completed task 'Monthly' at 2025-01-06 07:22:00.
2025-03-06 16:39:15,930 - root - INFO - Token Token-12 waiting for resource 'Tech' at 2025-01-06 07:22:00
2025-03-06 16:39:15,931 - root - INFO - Token Token-13 started task 'Monthly' at 2025-01-06 07:24:00, scheduled to end at 2025-01-06 07:24:00
2025-03-06 16:39:15,931 - root - INFO - Token Token-13 completed task 'Monthly' at 2025-01-06 07:24:00.
2025-03-06 16:39:15,931 - root - INFO - Token Token-13 waiting for resource 'Tech' at 2025-01-06 07:24:00
2025-03-06 16:39:15,931 - root - INFO - Token Token-3 completed task 'Review AM using Asset Change Tracker (5.5.13.1)' at 2025-01-06 07:24:31.477825.
2025-03-06 16:39:15,932 - root - INFO - Token Token-4 released from wait queue for 'Tech'
2025-03-06 16:39:15,932 - root - INFO - Token Token-4 waited 18.52 minutes for resource
2025-03-06 16:39:15,932 - root - INFO - Token Token-4 started task 'Review AM using Asset Change Tracker (5.5.13.1)' at 2025-01-06 07:24:31.477825, scheduled to end at 2025-01-06 07:32:29.252176
2025-03-06 16:39:15,932 - root - INFO - Token Token-3 started task 'Complete /Accurate?' at 2025-01-06 07:24:31.477825, scheduled to end at 2025-01-06 07:24:31.477825
2025-03-06 16:39:15,933 - root - INFO - Token Token-3 completed task 'Complete /Accurate?' at 2025-01-06 07:24:31.477825.
2025-03-06 16:39:15,933 - root - INFO - Token Token-3 waiting for resource 'Tech' at 2025-01-06 07:24:31.477825
2025-03-06 16:39:15,934 - root - INFO - Token Token-14 started task 'Monthly' at 2025-01-06 07:26:00, scheduled to end at 2025-01-06 07:26:00
2025-03-06 16:39:15,934 - root - INFO - Token Token-14 completed task 'Monthly' at 2025-01-06 07:26:00.
2025-03-06 16:39:15,934 - root - INFO - Token Token-14 waiting for resource 'Tech' at 2025-01-06 07:26:00
2025-03-06 16:39:15,934 - root - INFO - Token Token-15 started task 'Monthly' at 2025-01-06 07:28:00, scheduled to end at 2025-01-06 07:28:00
2025-03-06 16:39:15,934 - root - INFO - Token Token-15 completed task 'Monthly' at 2025-01-06 07:28:00.
2025-03-06 16:39:15,935 - root - INFO - Token Token-15 waiting for resource 'Tech' at 2025-01-06 07:28:00
2025-03-06 16:39:15,935 - root - INFO - Token Token-16 started task 'Monthly' at 2025-01-06 07:30:00, scheduled to end at 2025-01-06 07:30:00
2025-03-06 16:39:15,935 - root - INFO - Token Token-16 completed task 'Monthly' at 2025-01-06 07:30:00.
2025-03-06 16:39:15,937 - root - INFO - Token Token-16 waiting for resource 'Tech' at 2025-01-06 07:30:00
2025-03-06 16:39:15,937 - root - INFO - Token Token-17 started task 'Monthly' at 2025-01-06 07:32:00, scheduled to end at 2025-01-06 07:32:00
2025-03-06 16:39:15,937 - root - INFO - Token Token-17 completed task 'Monthly' at 2025-01-06 07:32:00.
2025-03-06 16:39:15,937 - root - INFO - Token Token-17 waiting for resource 'Tech' at 2025-01-06 07:32:00
2025-03-06 16:39:15,938 - root - INFO - Token Token-4 completed task 'Review AM using Asset Change Tracker (5.5.13.1)' at 2025-01-06 07:32:29.252176.
2025-03-06 16:39:15,938 - root - INFO - Token Token-1 released from wait queue for 'Tech'
2025-03-06 16:39:15,939 - root - INFO - Token Token-1 waited 24.57 minutes for resource
2025-03-06 16:39:15,939 - root - INFO - Token Token-1 started task 'Note Accuracy in Asset Change Tracker (5.5.13.2)' at 2025-01-06 07:32:29.252176, scheduled to end at 2025-01-06 07:36:47.238864
2025-03-06 16:39:15,940 - root - INFO - Token Token-4 started task 'Complete /Accurate?' at 2025-01-06 07:32:29.252176, scheduled to end at 2025-01-06 07:32:29.252176
2025-03-06 16:39:15,940 - root - INFO - Token Token-4 completed task 'Complete /Accurate?' at 2025-01-06 07:32:29.252176.
2025-03-06 16:39:15,941 - root - INFO - Token Token-4 waiting for resource 'Tech' at 2025-01-06 07:32:29.252176
2025-03-06 16:39:15,941 - root - INFO - Token Token-18 started task 'Monthly' at 2025-01-06 07:34:00, scheduled to end at 2025-01-06 07:34:00
2025-03-06 16:39:15,942 - root - INFO - Token Token-18 completed task 'Monthly' at 2025-01-06 07:34:00.
2025-03-06 16:39:15,942 - root - INFO - Token Token-18 waiting for resource 'Tech' at 2025-01-06 07:34:00
2025-03-06 16:39:15,943 - root - INFO - Token Token-19 started task 'Monthly' at 2025-01-06 07:36:00, scheduled to end at 2025-01-06 07:36:00
2025-03-06 16:39:15,943 - root - INFO - Token Token-19 completed task 'Monthly' at 2025-01-06 07:36:00.
2025-03-06 16:39:15,944 - root - INFO - Token Token-19 waiting for resource 'Tech' at 2025-01-06 07:36:00
2025-03-06 16:39:15,946 - root - INFO - Token Token-1 completed task 'Note Accuracy in Asset Change Tracker (5.5.13.2)' at 2025-01-06 07:36:47.238864.
2025-03-06 16:39:15,947 - root - INFO - Token Token-5 released from wait queue for 'Tech'
2025-03-06 16:39:15,949 - root - INFO - Token Token-5 waited 28.79 minutes for resource
2025-03-06 16:39:15,950 - root - INFO - Token Token-5 started task 'Review AM using Asset Change Tracker (5.5.13.1)' at 2025-01-06 07:36:47.238864, scheduled to end at 2025-01-06 07:45:52.059310
2025-03-06 16:39:15,952 - root - INFO - Token Token-1 started task 'Unknown' at 2025-01-06 07:36:47.238864, scheduled to end at 2025-01-06 07:36:47.238864
2025-03-06 16:39:15,971 - root - INFO - Token Token-1 completed task 'Unknown' at 2025-01-06 07:36:47.238864.
2025-03-06 16:39:15,971 - root - INFO - Token Token-1 has completed the entire process at 2025-01-06 07:36:47.238864.
2025-03-06 16:39:15,971 - root - INFO - Token Token-20 started task 'Monthly' at 2025-01-06 07:38:00, scheduled to end at 2025-01-06 07:38:00
2025-03-06 16:39:15,972 - root - INFO - Token Token-20 completed task 'Monthly' at 2025-01-06 07:38:00.
2025-03-06 16:39:15,972 - root - INFO - Token Token-20 waiting for resource 'Tech' at 2025-01-06 07:38:00
2025-03-06 16:39:15,972 - root - INFO - Token Token-21 started task 'Monthly' at 2025-01-06 07:40:00, scheduled to end at 2025-01-06 07:40:00
2025-03-06 16:39:15,973 - root - INFO - Token Token-21 completed task 'Monthly' at 2025-01-06 07:40:00.
2025-03-06 16:39:15,973 - root - INFO - Token Token-21 waiting for resource 'Tech' at 2025-01-06 07:40:00
2025-03-06 16:39:15,973 - root - INFO - Token Token-22 started task 'Monthly' at 2025-01-06 07:42:00, scheduled to end at 2025-01-06 07:42:00
2025-03-06 16:39:15,974 - root - INFO - Token Token-22 completed task 'Monthly' at 2025-01-06 07:42:00.
2025-03-06 16:39:15,974 - root - INFO - Token Token-22 waiting for resource 'Tech' at 2025-01-06 07:42:00
2025-03-06 16:39:15,974 - root - INFO - Token Token-23 started task 'Monthly' at 2025-01-06 07:44:00, scheduled to end at 2025-01-06 07:44:00
2025-03-06 16:39:15,974 - root - INFO - Token Token-23 completed task 'Monthly' at 2025-01-06 07:44:00.
2025-03-06 16:39:15,974 - root - INFO - Token Token-23 waiting for resource 'Tech' at 2025-01-06 07:44:00
2025-03-06 16:39:15,975 - root - INFO - Token Token-5 completed task 'Review AM using Asset Change Tracker (5.5.13.1)' at 2025-01-06 07:45:52.059310.
2025-03-06 16:39:15,975 - root - INFO - Token Token-6 released from wait queue for 'Tech'
2025-03-06 16:39:15,975 - root - INFO - Token Token-6 waited 35.87 minutes for resource
2025-03-06 16:39:15,976 - root - INFO - Token Token-6 started task 'Review AM using Asset Change Tracker (5.5.13.1)' at 2025-01-06 07:45:52.059310, scheduled to end at 2025-01-06 07:55:01.008009
2025-03-06 16:39:15,976 - root - INFO - Token Token-5 started task 'Complete /Accurate?' at 2025-01-06 07:45:52.059310, scheduled to end at 2025-01-06 07:45:52.059310
2025-03-06 16:39:15,976 - root - INFO - Token Token-5 completed task 'Complete /Accurate?' at 2025-01-06 07:45:52.059310.
2025-03-06 16:39:15,976 - root - INFO - Token Token-5 waiting for resource 'Tech' at 2025-01-06 07:45:52.059310
2025-03-06 16:39:15,977 - root - INFO - Token Token-24 started task 'Monthly' at 2025-01-06 07:46:00, scheduled to end at 2025-01-06 07:46:00
2025-03-06 16:39:15,979 - root - INFO - Token Token-24 completed task 'Monthly' at 2025-01-06 07:46:00.
2025-03-06 16:39:15,979 - root - INFO - Token Token-24 waiting for resource 'Tech' at 2025-01-06 07:46:00
2025-03-06 16:39:15,979 - root - INFO - Token Token-25 started task 'Monthly' at 2025-01-06 07:48:00, scheduled to end at 2025-01-06 07:48:00
2025-03-06 16:39:15,979 - root - INFO - Token Token-25 completed task 'Monthly' at 2025-01-06 07:48:00.
2025-03-06 16:39:15,979 - root - INFO - Token Token-25 waiting for resource 'Tech' at 2025-01-06 07:48:00
2025-03-06 16:39:15,980 - root - INFO - Token Token-26 started task 'Monthly' at 2025-01-06 07:50:00, scheduled to end at 2025-01-06 07:50:00
2025-03-06 16:39:15,981 - root - INFO - Token Token-26 completed task 'Monthly' at 2025-01-06 07:50:00.
2025-03-06 16:39:15,982 - root - INFO - Token Token-26 waiting for resource 'Tech' at 2025-01-06 07:50:00
2025-03-06 16:39:15,982 - root - INFO - Token Token-27 started task 'Monthly' at 2025-01-06 07:52:00, scheduled to end at 2025-01-06 07:52:00
2025-03-06 16:39:15,982 - root - INFO - Token Token-27 completed task 'Monthly' at 2025-01-06 07:52:00.
2025-03-06 16:39:15,983 - root - INFO - Token Token-27 waiting for resource 'Tech' at 2025-01-06 07:52:00
2025-03-06 16:39:15,983 - root - INFO - Token Token-28 started task 'Monthly' at 2025-01-06 07:54:00, scheduled to end at 2025-01-06 07:54:00
2025-03-06 16:39:15,984 - root - INFO - Token Token-28 completed task 'Monthly' at 2025-01-06 07:54:00.
2025-03-06 16:39:15,984 - root - INFO - Token Token-28 waiting for resource 'Tech' at 2025-01-06 07:54:00
2025-03-06 16:39:15,985 - root - INFO - Token Token-6 completed task 'Review AM using Asset Change Tracker (5.5.13.1)' at 2025-01-06 07:55:01.008009.
2025-03-06 16:39:15,985 - root - INFO - Token Token-7 released from wait queue for 'Tech'
2025-03-06 16:39:15,985 - root - INFO - Token Token-7 waited 43.02 minutes for resource
2025-03-06 16:39:15,986 - root - INFO - Token Token-7 started task 'Review AM using Asset Change Tracker (5.5.13.1)' at 2025-01-06 07:55:01.008009, scheduled to end at 2025-01-06 08:04:29.643463
2025-03-06 16:39:15,986 - root - INFO - Token Token-6 started task 'Complete /Accurate?' at 2025-01-06 07:55:01.008009, scheduled to end at 2025-01-06 07:55:01.008009
2025-03-06 16:39:15,987 - root - INFO - Token Token-6 completed task 'Complete /Accurate?' at 2025-01-06 07:55:01.008009.
2025-03-06 16:39:15,987 - root - INFO - Token Token-6 waiting for resource 'Tech' at 2025-01-06 07:55:01.008009
2025-03-06 16:39:15,987 - root - INFO - Token Token-29 started task 'Monthly' at 2025-01-06 07:56:00, scheduled to end at 2025-01-06 07:56:00
2025-03-06 16:39:15,988 - root - INFO - Token Token-29 completed task 'Monthly' at 2025-01-06 07:56:00.
2025-03-06 16:39:15,988 - root - INFO - Token Token-29 waiting for resource 'Tech' at 2025-01-06 07:56:00
2025-03-06 16:39:15,989 - root - INFO - Token Token-30 started task 'Monthly' at 2025-01-06 07:58:00, scheduled to end at 2025-01-06 07:58:00
2025-03-06 16:39:15,989 - root - INFO - Token Token-30 completed task 'Monthly' at 2025-01-06 07:58:00.
2025-03-06 16:39:15,989 - root - INFO - Token Token-30 waiting for resource 'Tech' at 2025-01-06 07:58:00
2025-03-06 16:39:15,990 - root - INFO - Token Token-31 started task 'Monthly' at 2025-01-06 08:00:00, scheduled to end at 2025-01-06 08:00:00
2025-03-06 16:39:15,990 - root - INFO - Token Token-31 completed task 'Monthly' at 2025-01-06 08:00:00.
2025-03-06 16:39:15,991 - root - INFO - Token Token-31 waiting for resource 'Tech' at 2025-01-06 08:00:00
2025-03-06 16:39:15,991 - root - INFO - Token Token-32 started task 'Monthly' at 2025-01-06 08:02:00, scheduled to end at 2025-01-06 08:02:00
2025-03-06 16:39:15,991 - root - INFO - Token Token-32 completed task 'Monthly' at 2025-01-06 08:02:00.
2025-03-06 16:39:15,992 - root - INFO - Token Token-32 waiting for resource 'Tech' at 2025-01-06 08:02:00
2025-03-06 16:39:15,992 - root - INFO - Token Token-33 started task 'Monthly' at 2025-01-06 08:04:00, scheduled to end at 2025-01-06 08:04:00
2025-03-06 16:39:15,992 - root - INFO - Token Token-33 completed task 'Monthly' at 2025-01-06 08:04:00.
2025-03-06 16:39:15,993 - root - INFO - Token Token-33 waiting for resource 'Tech' at 2025-01-06 08:04:00
2025-03-06 16:39:15,993 - root - INFO - Token Token-7 completed task 'Review AM using Asset Change Tracker (5.5.13.1)' at 2025-01-06 08:04:29.643463.
2025-03-06 16:39:15,994 - root - INFO - Token Token-8 released from wait queue for 'Tech'
2025-03-06 16:39:15,994 - root - INFO - Token Token-8 waited 50.49 minutes for resource
2025-03-06 16:39:15,995 - root - INFO - Token Token-8 started task 'Review AM using Asset Change Tracker (5.5.13.1)' at 2025-01-06 08:04:29.643463, scheduled to end at 2025-01-06 08:13:23.667962
2025-03-06 16:39:15,995 - root - INFO - Token Token-7 started task 'Complete /Accurate?' at 2025-01-06 08:04:29.643463, scheduled to end at 2025-01-06 08:04:29.643463
2025-03-06 16:39:15,995 - root - INFO - Token Token-7 completed task 'Complete /Accurate?' at 2025-01-06 08:04:29.643463.
2025-03-06 16:39:15,996 - root - INFO - Token Token-7 waiting for resource 'Tech' at 2025-01-06 08:04:29.643463
2025-03-06 16:39:15,997 - root - INFO - Token Token-34 started task 'Monthly' at 2025-01-06 08:06:00, scheduled to end at 2025-01-06 08:06:00
2025-03-06 16:39:15,997 - root - INFO - Token Token-34 completed task 'Monthly' at 2025-01-06 08:06:00.
2025-03-06 16:39:15,997 - root - INFO - Token Token-34 waiting for resource 'Tech' at 2025-01-06 08:06:00
2025-03-06 16:39:15,997 - root - INFO - Token Token-35 started task 'Monthly' at 2025-01-06 08:08:00, scheduled to end at 2025-01-06 08:08:00
2025-03-06 16:39:15,998 - root - INFO - Token Token-35 completed task 'Monthly' at 2025-01-06 08:08:00.
2025-03-06 16:39:15,998 - root - INFO - Token Token-35 waiting for resource 'Tech' at 2025-01-06 08:08:00
2025-03-06 16:39:15,999 - root - INFO - Token Token-36 started task 'Monthly' at 2025-01-06 08:10:00, scheduled to end at 2025-01-06 08:10:00
2025-03-06 16:39:15,999 - root - INFO - Token Token-36 completed task 'Monthly' at 2025-01-06 08:10:00.
2025-03-06 16:39:15,999 - root - INFO - Token Token-36 waiting for resource 'Tech' at 2025-01-06 08:10:00
2025-03-06 16:39:16,000 - root - INFO - Token Token-37 started task 'Monthly' at 2025-01-06 08:12:00, scheduled to end at 2025-01-06 08:12:00
2025-03-06 16:39:16,000 - root - INFO - Token Token-37 completed task 'Monthly' at 2025-01-06 08:12:00.
2025-03-06 16:39:16,001 - root - INFO - Token Token-37 waiting for resource 'Tech' at 2025-01-06 08:12:00
2025-03-06 16:39:16,001 - root - INFO - Token Token-8 completed task 'Review AM using Asset Change Tracker (5.5.13.1)' at 2025-01-06 08:13:23.667962.
2025-03-06 16:39:16,001 - root - INFO - Token Token-2 released from wait queue for 'Tech'
2025-03-06 16:39:16,002 - root - INFO - Token Token-2 waited 58.03 minutes for resource
2025-03-06 16:39:16,002 - root - INFO - Token Token-2 started task 'Work with REO RPO to Correct (5.5.13.3)' at 2025-01-06 08:13:23.667962, scheduled to end at 2025-01-06 10:25:37.244338
2025-03-06 16:39:16,003 - root - INFO - Token Token-8 started task 'Complete /Accurate?' at 2025-01-06 08:13:23.667962, scheduled to end at 2025-01-06 08:13:23.667962
2025-03-06 16:39:16,003 - root - INFO - Token Token-8 completed task 'Complete /Accurate?' at 2025-01-06 08:13:23.667962.
2025-03-06 16:39:16,004 - root - INFO - Token Token-8 waiting for resource 'Tech' at 2025-01-06 08:13:23.667962
2025-03-06 16:39:16,004 - root - INFO - Token Token-38 started task 'Monthly' at 2025-01-06 08:14:00, scheduled to end at 2025-01-06 08:14:00
2025-03-06 16:39:16,004 - root - INFO - Token Token-38 completed task 'Monthly' at 2025-01-06 08:14:00.
2025-03-06 16:39:16,005 - root - INFO - Token Token-38 waiting for resource 'Tech' at 2025-01-06 08:14:00
2025-03-06 16:39:16,006 - root - INFO - Token Token-39 started task 'Monthly' at 2025-01-06 08:16:00, scheduled to end at 2025-01-06 08:16:00
2025-03-06 16:39:16,020 - root - INFO - Token Token-39 completed task 'Monthly' at 2025-01-06 08:16:00.
2025-03-06 16:39:16,020 - root - INFO - Token Token-39 waiting for resource 'Tech' at 2025-01-06 08:16:00
2025-03-06 16:39:16,020 - root - INFO - Token Token-40 started task 'Monthly' at 2025-01-06 08:18:00, scheduled to end at 2025-01-06 08:18:00
2025-03-06 16:39:16,021 - root - INFO - Token Token-40 completed task 'Monthly' at 2025-01-06 08:18:00.
2025-03-06 16:39:16,021 - root - INFO - Token Token-40 waiting for resource 'Tech' at 2025-01-06 08:18:00
2025-03-06 16:39:16,021 - root - INFO - Token Token-41 started task 'Monthly' at 2025-01-06 08:20:00, scheduled to end at 2025-01-06 08:20:00
2025-03-06 16:39:16,021 - root - INFO - Token Token-41 completed task 'Monthly' at 2025-01-06 08:20:00.
2025-03-06 16:39:16,022 - root - INFO - Token Token-41 waiting for resource 'Tech' at 2025-01-06 08:20:00
2025-03-06 16:39:16,022 - root - INFO - Token Token-42 started task 'Monthly' at 2025-01-06 08:22:00, scheduled to end at 2025-01-06 08:22:00
2025-03-06 16:39:16,022 - root - INFO - Token Token-42 completed task 'Monthly' at 2025-01-06 08:22:00.
2025-03-06 16:39:16,022 - root - INFO - Token Token-42 waiting for resource 'Tech' at 2025-01-06 08:22:00
2025-03-06 16:39:16,023 - root - INFO - Token Token-43 started task 'Monthly' at 2025-01-06 08:24:00, scheduled to end at 2025-01-06 08:24:00
2025-03-06 16:39:16,023 - root - INFO - Token Token-43 completed task 'Monthly' at 2025-01-06 08:24:00.
2025-03-06 16:39:16,023 - root - INFO - Token Token-43 waiting for resource 'Tech' at 2025-01-06 08:24:00
2025-03-06 16:39:16,023 - root - INFO - Token Token-44 started task 'Monthly' at 2025-01-06 08:26:00, scheduled to end at 2025-01-06 08:26:00
2025-03-06 16:39:16,024 - root - INFO - Token Token-44 completed task 'Monthly' at 2025-01-06 08:26:00.
2025-03-06 16:39:16,024 - root - INFO - Token Token-44 waiting for resource 'Tech' at 2025-01-06 08:26:00
2025-03-06 16:39:16,024 - root - INFO - Token Token-45 started task 'Monthly' at 2025-01-06 08:28:00, scheduled to end at 2025-01-06 08:28:00
2025-03-06 16:39:16,024 - root - INFO - Token Token-45 completed task 'Monthly' at 2025-01-06 08:28:00.
2025-03-06 16:39:16,026 - root - INFO - Token Token-45 waiting for resource 'Tech' at 2025-01-06 08:28:00
2025-03-06 16:39:16,026 - root - INFO - Token Token-46 started task 'Monthly' at 2025-01-06 08:30:00, scheduled to end at 2025-01-06 08:30:00
2025-03-06 16:39:16,026 - root - INFO - Token Token-46 completed task 'Monthly' at 2025-01-06 08:30:00.
2025-03-06 16:39:16,026 - root - INFO - Token Token-46 waiting for resource 'Tech' at 2025-01-06 08:30:00
2025-03-06 16:39:16,026 - root - INFO - Token Token-47 started task 'Monthly' at 2025-01-06 08:32:00, scheduled to end at 2025-01-06 08:32:00
2025-03-06 16:39:16,027 - root - INFO - Token Token-47 completed task 'Monthly' at 2025-01-06 08:32:00.
2025-03-06 16:39:16,027 - root - INFO - Token Token-47 waiting for resource 'Tech' at 2025-01-06 08:32:00
2025-03-06 16:39:16,028 - root - INFO - Token Token-48 started task 'Monthly' at 2025-01-06 08:34:00, scheduled to end at 2025-01-06 08:34:00
2025-03-06 16:39:16,028 - root - INFO - Token Token-48 completed task 'Monthly' at 2025-01-06 08:34:00.
2025-03-06 16:39:16,028 - root - INFO - Token Token-48 waiting for resource 'Tech' at 2025-01-06 08:34:00
2025-03-06 16:39:16,028 - root - INFO - Token Token-49 started task 'Monthly' at 2025-01-06 08:36:00, scheduled to end at 2025-01-06 08:36:00
2025-03-06 16:39:16,028 - root - INFO - Token Token-49 completed task 'Monthly' at 2025-01-06 08:36:00.
2025-03-06 16:39:16,028 - root - INFO - Token Token-49 waiting for resource 'Tech' at 2025-01-06 08:36:00
2025-03-06 16:39:16,029 - root - INFO - Token Token-50 started task 'Monthly' at 2025-01-06 08:38:00, scheduled to end at 2025-01-06 08:38:00
2025-03-06 16:39:16,029 - root - INFO - Token Token-50 completed task 'Monthly' at 2025-01-06 08:38:00.
2025-03-06 16:39:16,029 - root - INFO - Token Token-50 waiting for resource 'Tech' at 2025-01-06 08:38:00
2025-03-06 16:39:16,029 - root - INFO - Token Token-51 started task 'Monthly' at 2025-01-06 08:40:00, scheduled to end at 2025-01-06 08:40:00
2025-03-06 16:39:16,029 - root - INFO - Token Token-51 completed task 'Monthly' at 2025-01-06 08:40:00.
2025-03-06 16:39:16,030 - root - INFO - Token Token-51 waiting for resource 'Tech' at 2025-01-06 08:40:00
2025-03-06 16:39:16,030 - root - INFO - Token Token-52 started task 'Monthly' at 2025-01-06 08:42:00, scheduled to end at 2025-01-06 08:42:00
2025-03-06 16:39:16,030 - root - INFO - Token Token-52 completed task 'Monthly' at 2025-01-06 08:42:00.
2025-03-06 16:39:16,030 - root - INFO - Token Token-52 waiting for resource 'Tech' at 2025-01-06 08:42:00
2025-03-06 16:39:16,031 - root - INFO - Token Token-53 started task 'Monthly' at 2025-01-06 08:44:00, scheduled to end at 2025-01-06 08:44:00
2025-03-06 16:39:16,031 - root - INFO - Token Token-53 completed task 'Monthly' at 2025-01-06 08:44:00.
2025-03-06 16:39:16,031 - root - INFO - Token Token-53 waiting for resource 'Tech' at 2025-01-06 08:44:00
2025-03-06 16:39:16,031 - root - INFO - Token Token-54 started task 'Monthly' at 2025-01-06 08:46:00, scheduled to end at 2025-01-06 08:46:00
2025-03-06 16:39:16,031 - root - INFO - Token Token-54 completed task 'Monthly' at 2025-01-06 08:46:00.
2025-03-06 16:39:16,032 - root - INFO - Token Token-54 waiting for resource 'Tech' at 2025-01-06 08:46:00
2025-03-06 16:39:16,032 - root - INFO - Token Token-55 started task 'Monthly' at 2025-01-06 08:48:00, scheduled to end at 2025-01-06 08:48:00
2025-03-06 16:39:16,032 - root - INFO - Token Token-55 completed task 'Monthly' at 2025-01-06 08:48:00.
2025-03-06 16:39:16,032 - root - INFO - Token Token-55 waiting for resource 'Tech' at 2025-01-06 08:48:00
2025-03-06 16:39:16,032 - root - INFO - Token Token-56 started task 'Monthly' at 2025-01-06 08:50:00, scheduled to end at 2025-01-06 08:50:00
2025-03-06 16:39:16,033 - root - INFO - Token Token-56 completed task 'Monthly' at 2025-01-06 08:50:00.
2025-03-06 16:39:16,033 - root - INFO - Token Token-56 waiting for resource 'Tech' at 2025-01-06 08:50:00
2025-03-06 16:39:16,033 - root - INFO - Token Token-57 started task 'Monthly' at 2025-01-06 08:52:00, scheduled to end at 2025-01-06 08:52:00
2025-03-06 16:39:16,033 - root - INFO - Token Token-57 completed task 'Monthly' at 2025-01-06 08:52:00.
2025-03-06 16:39:16,034 - root - INFO - Token Token-57 waiting for resource 'Tech' at 2025-01-06 08:52:00
2025-03-06 16:39:16,034 - root - INFO - Token Token-58 started task 'Monthly' at 2025-01-06 08:54:00, scheduled to end at 2025-01-06 08:54:00
2025-03-06 16:39:16,034 - root - INFO - Token Token-58 completed task 'Monthly' at 2025-01-06 08:54:00.
2025-03-06 16:39:16,035 - root - INFO - Token Token-58 waiting for resource 'Tech' at 2025-01-06 08:54:00
2025-03-06 16:39:16,035 - root - INFO - Token Token-59 started task 'Monthly' at 2025-01-06 08:56:00, scheduled to end at 2025-01-06 08:56:00
2025-03-06 16:39:16,035 - root - INFO - Token Token-59 completed task 'Monthly' at 2025-01-06 08:56:00.
2025-03-06 16:39:16,035 - root - INFO - Token Token-59 waiting for resource 'Tech' at 2025-01-06 08:56:00
2025-03-06 16:39:16,036 - root - INFO - Token Token-60 started task 'Monthly' at 2025-01-06 08:58:00, scheduled to end at 2025-01-06 08:58:00
2025-03-06 16:39:16,036 - root - INFO - Token Token-60 completed task 'Monthly' at 2025-01-06 08:58:00.
2025-03-06 16:39:16,036 - root - INFO - Token Token-60 waiting for resource 'Tech' at 2025-01-06 08:58:00
2025-03-06 16:39:16,036 - root - INFO - Token Token-61 started task 'Monthly' at 2025-01-06 09:00:00, scheduled to end at 2025-01-06 09:00:00
2025-03-06 16:39:16,037 - root - INFO - Token Token-61 completed task 'Monthly' at 2025-01-06 09:00:00.
2025-03-06 16:39:16,037 - root - INFO - Token Token-61 waiting for resource 'Tech' at 2025-01-06 09:00:00
2025-03-06 16:39:16,038 - root - INFO - Token Token-62 started task 'Monthly' at 2025-01-06 09:02:00, scheduled to end at 2025-01-06 09:02:00
2025-03-06 16:39:16,038 - root - INFO - Token Token-62 completed task 'Monthly' at 2025-01-06 09:02:00.
2025-03-06 16:39:16,038 - root - INFO - Token Token-62 waiting for resource 'Tech' at 2025-01-06 09:02:00
2025-03-06 16:39:16,038 - root - INFO - Token Token-63 started task 'Monthly' at 2025-01-06 09:04:00, scheduled to end at 2025-01-06 09:04:00
2025-03-06 16:39:16,039 - root - INFO - Token Token-63 completed task 'Monthly' at 2025-01-06 09:04:00.
2025-03-06 16:39:16,039 - root - INFO - Token Token-63 waiting for resource 'Tech' at 2025-01-06 09:04:00
2025-03-06 16:39:16,039 - root - INFO - Token Token-64 started task 'Monthly' at 2025-01-06 09:06:00, scheduled to end at 2025-01-06 09:06:00
2025-03-06 16:39:16,039 - root - INFO - Token Token-64 completed task 'Monthly' at 2025-01-06 09:06:00.
2025-03-06 16:39:16,039 - root - INFO - Token Token-64 waiting for resource 'Tech' at 2025-01-06 09:06:00
2025-03-06 16:39:16,040 - root - INFO - Token Token-65 started task 'Monthly' at 2025-01-06 09:08:00, scheduled to end at 2025-01-06 09:08:00
2025-03-06 16:39:16,040 - root - INFO - Token Token-65 completed task 'Monthly' at 2025-01-06 09:08:00.
2025-03-06 16:39:16,040 - root - INFO - Token Token-65 waiting for resource 'Tech' at 2025-01-06 09:08:00
2025-03-06 16:39:16,040 - root - INFO - Token Token-66 started task 'Monthly' at 2025-01-06 09:10:00, scheduled to end at 2025-01-06 09:10:00
2025-03-06 16:39:16,041 - root - INFO - Token Token-66 completed task 'Monthly' at 2025-01-06 09:10:00.
2025-03-06 16:39:16,041 - root - INFO - Token Token-66 waiting for resource 'Tech' at 2025-01-06 09:10:00
2025-03-06 16:39:16,041 - root - INFO - Token Token-67 started task 'Monthly' at 2025-01-06 09:12:00, scheduled to end at 2025-01-06 09:12:00
2025-03-06 16:39:16,041 - root - INFO - Token Token-67 completed task 'Monthly' at 2025-01-06 09:12:00.
2025-03-06 16:39:16,041 - root - INFO - Token Token-67 waiting for resource 'Tech' at 2025-01-06 09:12:00
2025-03-06 16:39:16,042 - root - INFO - Token Token-68 started task 'Monthly' at 2025-01-06 09:14:00, scheduled to end at 2025-01-06 09:14:00
2025-03-06 16:39:16,042 - root - INFO - Token Token-68 completed task 'Monthly' at 2025-01-06 09:14:00.
2025-03-06 16:39:16,043 - root - INFO - Token Token-68 waiting for resource 'Tech' at 2025-01-06 09:14:00
2025-03-06 16:39:16,044 - root - INFO - Token Token-69 started task 'Monthly' at 2025-01-06 09:16:00, scheduled to end at 2025-01-06 09:16:00
2025-03-06 16:39:16,044 - root - INFO - Token Token-69 completed task 'Monthly' at 2025-01-06 09:16:00.
2025-03-06 16:39:16,044 - root - INFO - Token Token-69 waiting for resource 'Tech' at 2025-01-06 09:16:00
2025-03-06 16:39:16,045 - root - INFO - Token Token-70 started task 'Monthly' at 2025-01-06 09:18:00, scheduled to end at 2025-01-06 09:18:00
2025-03-06 16:39:16,045 - root - INFO - Token Token-70 completed task 'Monthly' at 2025-01-06 09:18:00.
2025-03-06 16:39:16,046 - root - INFO - Token Token-70 waiting for resource 'Tech' at 2025-01-06 09:18:00
2025-03-06 16:39:16,046 - root - INFO - Token Token-71 started task 'Monthly' at 2025-01-06 09:20:00, scheduled to end at 2025-01-06 09:20:00
2025-03-06 16:39:16,046 - root - INFO - Token Token-71 completed task 'Monthly' at 2025-01-06 09:20:00.
2025-03-06 16:39:16,047 - root - INFO - Token Token-71 waiting for resource 'Tech' at 2025-01-06 09:20:00
2025-03-06 16:39:16,048 - root - INFO - Token Token-72 started task 'Monthly' at 2025-01-06 09:22:00, scheduled to end at 2025-01-06 09:22:00
2025-03-06 16:39:16,049 - root - INFO - Token Token-72 completed task 'Monthly' at 2025-01-06 09:22:00.
2025-03-06 16:39:16,049 - root - INFO - Token Token-72 waiting for resource 'Tech' at 2025-01-06 09:22:00
2025-03-06 16:39:16,051 - root - INFO - Token Token-73 started task 'Monthly' at 2025-01-06 09:24:00, scheduled to end at 2025-01-06 09:24:00
2025-03-06 16:39:16,070 - root - INFO - Token Token-73 completed task 'Monthly' at 2025-01-06 09:24:00.
2025-03-06 16:39:16,071 - root - INFO - Token Token-73 waiting for resource 'Tech' at 2025-01-06 09:24:00
2025-03-06 16:39:16,071 - root - INFO - Token Token-74 started task 'Monthly' at 2025-01-06 09:26:00, scheduled to end at 2025-01-06 09:26:00
2025-03-06 16:39:16,071 - root - INFO - Token Token-74 completed task 'Monthly' at 2025-01-06 09:26:00.
2025-03-06 16:39:16,072 - root - INFO - Token Token-74 waiting for resource 'Tech' at 2025-01-06 09:26:00
2025-03-06 16:39:16,072 - root - INFO - Token Token-75 started task 'Monthly' at 2025-01-06 09:28:00, scheduled to end at 2025-01-06 09:28:00
2025-03-06 16:39:16,072 - root - INFO - Token Token-75 completed task 'Monthly' at 2025-01-06 09:28:00.
2025-03-06 16:39:16,072 - root - INFO - Token Token-75 waiting for resource 'Tech' at 2025-01-06 09:28:00
2025-03-06 16:39:16,072 - root - INFO - Token Token-76 started task 'Monthly' at 2025-01-06 09:30:00, scheduled to end at 2025-01-06 09:30:00
2025-03-06 16:39:16,072 - root - INFO - Token Token-76 completed task 'Monthly' at 2025-01-06 09:30:00.
2025-03-06 16:39:16,072 - root - INFO - Token Token-76 waiting for resource 'Tech' at 2025-01-06 09:30:00
2025-03-06 16:39:16,072 - root - INFO - Token Token-77 started task 'Monthly' at 2025-01-06 09:32:00, scheduled to end at 2025-01-06 09:32:00
2025-03-06 16:39:16,072 - root - INFO - Token Token-77 completed task 'Monthly' at 2025-01-06 09:32:00.
2025-03-06 16:39:16,072 - root - INFO - Token Token-77 waiting for resource 'Tech' at 2025-01-06 09:32:00
2025-03-06 16:39:16,072 - root - INFO - Token Token-78 started task 'Monthly' at 2025-01-06 09:34:00, scheduled to end at 2025-01-06 09:34:00
2025-03-06 16:39:16,075 - root - INFO - Token Token-78 completed task 'Monthly' at 2025-01-06 09:34:00.
2025-03-06 16:39:16,075 - root - INFO - Token Token-78 waiting for resource 'Tech' at 2025-01-06 09:34:00
2025-03-06 16:39:16,075 - root - INFO - Token Token-79 started task 'Monthly' at 2025-01-06 09:36:00, scheduled to end at 2025-01-06 09:36:00
2025-03-06 16:39:16,075 - root - INFO - Token Token-79 completed task 'Monthly' at 2025-01-06 09:36:00.
2025-03-06 16:39:16,075 - root - INFO - Token Token-79 waiting for resource 'Tech' at 2025-01-06 09:36:00
2025-03-06 16:39:16,075 - root - INFO - Token Token-80 started task 'Monthly' at 2025-01-06 09:38:00, scheduled to end at 2025-01-06 09:38:00
2025-03-06 16:39:16,077 - root - INFO - Token Token-80 completed task 'Monthly' at 2025-01-06 09:38:00.
2025-03-06 16:39:16,078 - root - INFO - Token Token-80 waiting for resource 'Tech' at 2025-01-06 09:38:00
2025-03-06 16:39:16,078 - root - INFO - Token Token-81 started task 'Monthly' at 2025-01-06 09:40:00, scheduled to end at 2025-01-06 09:40:00
2025-03-06 16:39:16,078 - root - INFO - Token Token-81 completed task 'Monthly' at 2025-01-06 09:40:00.
2025-03-06 16:39:16,079 - root - INFO - Token Token-81 waiting for resource 'Tech' at 2025-01-06 09:40:00
2025-03-06 16:39:16,079 - root - INFO - Token Token-82 started task 'Monthly' at 2025-01-06 09:42:00, scheduled to end at 2025-01-06 09:42:00
2025-03-06 16:39:16,079 - root - INFO - Token Token-82 completed task 'Monthly' at 2025-01-06 09:42:00.
2025-03-06 16:39:16,079 - root - INFO - Token Token-82 waiting for resource 'Tech' at 2025-01-06 09:42:00
2025-03-06 16:39:16,080 - root - INFO - Token Token-83 started task 'Monthly' at 2025-01-06 09:44:00, scheduled to end at 2025-01-06 09:44:00
2025-03-06 16:39:16,080 - root - INFO - Token Token-83 completed task 'Monthly' at 2025-01-06 09:44:00.
2025-03-06 16:39:16,080 - root - INFO - Token Token-83 waiting for resource 'Tech' at 2025-01-06 09:44:00
2025-03-06 16:39:16,080 - root - INFO - Token Token-84 started task 'Monthly' at 2025-01-06 09:46:00, scheduled to end at 2025-01-06 09:46:00
2025-03-06 16:39:16,080 - root - INFO - Token Token-84 completed task 'Monthly' at 2025-01-06 09:46:00.
2025-03-06 16:39:16,081 - root - INFO - Token Token-84 waiting for resource 'Tech' at 2025-01-06 09:46:00
2025-03-06 16:39:16,081 - root - INFO - Token Token-85 started task 'Monthly' at 2025-01-06 09:48:00, scheduled to end at 2025-01-06 09:48:00
2025-03-06 16:39:16,081 - root - INFO - Token Token-85 completed task 'Monthly' at 2025-01-06 09:48:00.
2025-03-06 16:39:16,081 - root - INFO - Token Token-85 waiting for resource 'Tech' at 2025-01-06 09:48:00
2025-03-06 16:39:16,081 - root - INFO - Token Token-86 started task 'Monthly' at 2025-01-06 09:50:00, scheduled to end at 2025-01-06 09:50:00
2025-03-06 16:39:16,082 - root - INFO - Token Token-86 completed task 'Monthly' at 2025-01-06 09:50:00.
2025-03-06 16:39:16,082 - root - INFO - Token Token-86 waiting for resource 'Tech' at 2025-01-06 09:50:00
2025-03-06 16:39:16,082 - root - INFO - Token Token-87 started task 'Monthly' at 2025-01-06 09:52:00, scheduled to end at 2025-01-06 09:52:00
2025-03-06 16:39:16,083 - root - INFO - Token Token-87 completed task 'Monthly' at 2025-01-06 09:52:00.
2025-03-06 16:39:16,083 - root - INFO - Token Token-87 waiting for resource 'Tech' at 2025-01-06 09:52:00
2025-03-06 16:39:16,083 - root - INFO - Token Token-88 started task 'Monthly' at 2025-01-06 09:54:00, scheduled to end at 2025-01-06 09:54:00
2025-03-06 16:39:16,083 - root - INFO - Token Token-88 completed task 'Monthly' at 2025-01-06 09:54:00.
2025-03-06 16:39:16,084 - root - INFO - Token Token-88 waiting for resource 'Tech' at 2025-01-06 09:54:00
2025-03-06 16:39:16,084 - root - INFO - Token Token-89 started task 'Monthly' at 2025-01-06 09:56:00, scheduled to end at 2025-01-06 09:56:00
2025-03-06 16:39:16,084 - root - INFO - Token Token-89 completed task 'Monthly' at 2025-01-06 09:56:00.
2025-03-06 16:39:16,084 - root - INFO - Token Token-89 waiting for resource 'Tech' at 2025-01-06 09:56:00
2025-03-06 16:39:16,085 - root - INFO - Token Token-90 started task 'Monthly' at 2025-01-06 09:58:00, scheduled to end at 2025-01-06 09:58:00
2025-03-06 16:39:16,085 - root - INFO - Token Token-90 completed task 'Monthly' at 2025-01-06 09:58:00.
2025-03-06 16:39:16,085 - root - INFO - Token Token-90 waiting for resource 'Tech' at 2025-01-06 09:58:00
2025-03-06 16:39:16,085 - root - INFO - Token Token-91 started task 'Monthly' at 2025-01-06 10:00:00, scheduled to end at 2025-01-06 10:00:00
2025-03-06 16:39:16,086 - root - INFO - Token Token-91 completed task 'Monthly' at 2025-01-06 10:00:00.
2025-03-06 16:39:16,086 - root - INFO - Token Token-91 waiting for resource 'Tech' at 2025-01-06 10:00:00
2025-03-06 16:39:16,086 - root - INFO - Token Token-92 started task 'Monthly' at 2025-01-06 10:02:00, scheduled to end at 2025-01-06 10:02:00
2025-03-06 16:39:16,086 - root - INFO - Token Token-92 completed task 'Monthly' at 2025-01-06 10:02:00.
2025-03-06 16:39:16,087 - root - INFO - Token Token-92 waiting for resource 'Tech' at 2025-01-06 10:02:00
2025-03-06 16:39:16,087 - root - INFO - Token Token-93 started task 'Monthly' at 2025-01-06 10:04:00, scheduled to end at 2025-01-06 10:04:00
2025-03-06 16:39:16,087 - root - INFO - Token Token-93 completed task 'Monthly' at 2025-01-06 10:04:00.
2025-03-06 16:39:16,087 - root - INFO - Token Token-93 waiting for resource 'Tech' at 2025-01-06 10:04:00
2025-03-06 16:39:16,088 - root - INFO - Token Token-94 started task 'Monthly' at 2025-01-06 10:06:00, scheduled to end at 2025-01-06 10:06:00
2025-03-06 16:39:16,088 - root - INFO - Token Token-94 completed task 'Monthly' at 2025-01-06 10:06:00.
2025-03-06 16:39:16,088 - root - INFO - Token Token-94 waiting for resource 'Tech' at 2025-01-06 10:06:00
2025-03-06 16:39:16,088 - root - INFO - Token Token-95 started task 'Monthly' at 2025-01-06 10:08:00, scheduled to end at 2025-01-06 10:08:00
2025-03-06 16:39:16,089 - root - INFO - Token Token-95 completed task 'Monthly' at 2025-01-06 10:08:00.
2025-03-06 16:39:16,089 - root - INFO - Token Token-95 waiting for resource 'Tech' at 2025-01-06 10:08:00
2025-03-06 16:39:16,091 - root - INFO - Token Token-96 started task 'Monthly' at 2025-01-06 10:10:00, scheduled to end at 2025-01-06 10:10:00
2025-03-06 16:39:16,091 - root - INFO - Token Token-96 completed task 'Monthly' at 2025-01-06 10:10:00.
2025-03-06 16:39:16,091 - root - INFO - Token Token-96 waiting for resource 'Tech' at 2025-01-06 10:10:00
2025-03-06 16:39:16,092 - root - INFO - Token Token-97 started task 'Monthly' at 2025-01-06 10:12:00, scheduled to end at 2025-01-06 10:12:00
2025-03-06 16:39:16,092 - root - INFO - Token Token-97 completed task 'Monthly' at 2025-01-06 10:12:00.
2025-03-06 16:39:16,093 - root - INFO - Token Token-97 waiting for resource 'Tech' at 2025-01-06 10:12:00
2025-03-06 16:39:16,093 - root - INFO - Token Token-98 started task 'Monthly' at 2025-01-06 10:14:00, scheduled to end at 2025-01-06 10:14:00
2025-03-06 16:39:16,093 - root - INFO - Token Token-98 completed task 'Monthly' at 2025-01-06 10:14:00.
2025-03-06 16:39:16,094 - root - INFO - Token Token-98 waiting for resource 'Tech' at 2025-01-06 10:14:00
2025-03-06 16:39:16,094 - root - INFO - Token Token-99 started task 'Monthly' at 2025-01-06 10:16:00, scheduled to end at 2025-01-06 10:16:00
2025-03-06 16:39:16,095 - root - INFO - Token Token-99 completed task 'Monthly' at 2025-01-06 10:16:00.
2025-03-06 16:39:16,095 - root - INFO - Token Token-99 waiting for resource 'Tech' at 2025-01-06 10:16:00
2025-03-06 16:39:16,095 - root - INFO - Token Token-100 started task 'Monthly' at 2025-01-06 10:18:00, scheduled to end at 2025-01-06 10:18:00
2025-03-06 16:39:16,096 - root - INFO - Token Token-100 completed task 'Monthly' at 2025-01-06 10:18:00.
2025-03-06 16:39:16,097 - root - INFO - Token Token-100 waiting for resource 'Tech' at 2025-01-06 10:18:00
2025-03-06 16:39:16,097 - root - INFO - Token Token-101 started task 'Monthly' at 2025-01-06 10:20:00, scheduled to end at 2025-01-06 10:20:00
2025-03-06 16:39:16,098 - root - INFO - Token Token-101 completed task 'Monthly' at 2025-01-06 10:20:00.
2025-03-06 16:39:16,117 - root - INFO - Token Token-101 waiting for resource 'Tech' at 2025-01-06 10:20:00
2025-03-06 16:39:16,119 - root - INFO - Token Token-102 started task 'Monthly' at 2025-01-06 10:22:00, scheduled to end at 2025-01-06 10:22:00
2025-03-06 16:39:16,119 - root - INFO - Token Token-102 completed task 'Monthly' at 2025-01-06 10:22:00.
2025-03-06 16:39:16,120 - root - INFO - Token Token-102 waiting for resource 'Tech' at 2025-01-06 10:22:00
2025-03-06 16:39:16,120 - root - INFO - Token Token-103 started task 'Monthly' at 2025-01-06 10:24:00, scheduled to end at 2025-01-06 10:24:00
2025-03-06 16:39:16,121 - root - INFO - Token Token-103 completed task 'Monthly' at 2025-01-06 10:24:00.
2025-03-06 16:39:16,121 - root - INFO - Token Token-103 waiting for resource 'Tech' at 2025-01-06 10:24:00
2025-03-06 16:39:16,121 - root - INFO - Token Token-2 completed task 'Work with REO RPO to Correct (5.5.13.3)' at 2025-01-06 10:25:37.244338.
2025-03-06 16:39:16,122 - root - INFO - Token Token-9 released from wait queue for 'Tech'
2025-03-06 16:39:16,122 - root - INFO - Token Token-9 waited 189.62 minutes for resource
2025-03-06 16:39:16,122 - root - INFO - Token Token-9 started task 'Review AM using Asset Change Tracker (5.5.13.1)' at 2025-01-06 10:25:37.244338, scheduled to end at 2025-01-06 10:33:35.751952
2025-03-06 16:39:16,122 - root - INFO - Token Token-2 started task 'Create Journal Entries?' at 2025-01-06 10:25:37.244338, scheduled to end at 2025-01-06 10:25:37.244338
2025-03-06 16:39:16,122 - root - INFO - Token Token-2 completed task 'Create Journal Entries?' at 2025-01-06 10:25:37.244338.
2025-03-06 16:39:16,122 - root - INFO - Token Token-2 started task 'Create/Post Journal Entries (5.5.13.4)' at 2025-01-06 10:25:37.244338, scheduled to end at 2025-01-06 10:33:56.577460
2025-03-06 16:39:16,122 - root - INFO - Token Token-2 waiting for resource 'Tech' at 2025-01-06 10:25:37.244338
2025-03-06 16:39:16,122 - root - INFO - Token Token-2 started task 'Inclusive Path 3' at 2025-01-06 10:25:37.244338, scheduled to end at 2025-01-06 10:26:47.417455
2025-03-06 16:39:16,122 - root - INFO - Token Token-104 started task 'Monthly' at 2025-01-06 10:26:00, scheduled to end at 2025-01-06 10:26:00
2025-03-06 16:39:16,122 - root - INFO - Token Token-104 completed task 'Monthly' at 2025-01-06 10:26:00.
2025-03-06 16:39:16,122 - root - INFO - Token Token-104 waiting for resource 'Tech' at 2025-01-06 10:26:00
2025-03-06 16:39:16,122 - root - INFO - Token Token-2 completed task 'Inclusive Path 3' at 2025-01-06 10:26:47.417455.
2025-03-06 16:39:16,122 - root - INFO - Token Token-2 started task 'Unknown' at 2025-01-06 10:26:47.417455, scheduled to end at 2025-01-06 10:26:47.417455
2025-03-06 16:39:16,125 - root - INFO - Token Token-2 completed task 'Unknown' at 2025-01-06 10:26:47.417455.
2025-03-06 16:39:16,125 - root - INFO - Token Token-2 has completed the entire process at 2025-01-06 10:26:47.417455.
2025-03-06 16:39:16,126 - root - INFO - Token Token-105 started task 'Monthly' at 2025-01-06 10:28:00, scheduled to end at 2025-01-06 10:28:00
2025-03-06 16:39:16,126 - root - INFO - Token Token-105 completed task 'Monthly' at 2025-01-06 10:28:00.
2025-03-06 16:39:16,126 - root - INFO - Token Token-105 waiting for resource 'Tech' at 2025-01-06 10:28:00
2025-03-06 16:39:16,127 - root - INFO - Token Token-106 started task 'Monthly' at 2025-01-06 10:30:00, scheduled to end at 2025-01-06 10:30:00
2025-03-06 16:39:16,127 - root - INFO - Token Token-106 completed task 'Monthly' at 2025-01-06 10:30:00.
2025-03-06 16:39:16,127 - root - INFO - Token Token-106 waiting for resource 'Tech' at 2025-01-06 10:30:00
2025-03-06 16:39:16,127 - root - INFO - Token Token-107 started task 'Monthly' at 2025-01-06 10:32:00, scheduled to end at 2025-01-06 10:32:00
2025-03-06 16:39:16,128 - root - INFO - Token Token-107 completed task 'Monthly' at 2025-01-06 10:32:00.
2025-03-06 16:39:16,128 - root - INFO - Token Token-107 waiting for resource 'Tech' at 2025-01-06 10:32:00
2025-03-06 16:39:16,128 - root - INFO - Token Token-9 completed task 'Review AM using Asset Change Tracker (5.5.13.1)' at 2025-01-06 10:33:35.751952.
2025-03-06 16:39:16,128 - root - INFO - Token Token-10 released from wait queue for 'Tech'
2025-03-06 16:39:16,129 - root - INFO - Token Token-10 waited 195.60 minutes for resource
2025-03-06 16:39:16,129 - root - INFO - Token Token-10 started task 'Review AM using Asset Change Tracker (5.5.13.1)' at 2025-01-06 10:33:35.751952, scheduled to end at 2025-01-06 10:41:38.932346
2025-03-06 16:39:16,129 - root - INFO - Token Token-9 started task 'Complete /Accurate?' at 2025-01-06 10:33:35.751952, scheduled to end at 2025-01-06 10:33:35.751952
2025-03-06 16:39:16,129 - root - INFO - Token Token-9 completed task 'Complete /Accurate?' at 2025-01-06 10:33:35.751952.
2025-03-06 16:39:16,129 - root - INFO - Token Token-9 waiting for resource 'Tech' at 2025-01-06 10:33:35.751952
2025-03-06 16:39:16,130 - root - INFO - Token Token-108 started task 'Monthly' at 2025-01-06 10:34:00, scheduled to end at 2025-01-06 10:34:00
2025-03-06 16:39:16,130 - root - INFO - Token Token-108 completed task 'Monthly' at 2025-01-06 10:34:00.
2025-03-06 16:39:16,130 - root - INFO - Token Token-108 waiting for resource 'Tech' at 2025-01-06 10:34:00
2025-03-06 16:39:16,130 - root - INFO - Token Token-109 started task 'Monthly' at 2025-01-06 10:36:00, scheduled to end at 2025-01-06 10:36:00
2025-03-06 16:39:16,131 - root - INFO - Token Token-109 completed task 'Monthly' at 2025-01-06 10:36:00.
2025-03-06 16:39:16,131 - root - INFO - Token Token-109 waiting for resource 'Tech' at 2025-01-06 10:36:00
2025-03-06 16:39:16,132 - root - INFO - Token Token-110 started task 'Monthly' at 2025-01-06 10:38:00, scheduled to end at 2025-01-06 10:38:00
2025-03-06 16:39:16,132 - root - INFO - Token Token-110 completed task 'Monthly' at 2025-01-06 10:38:00.
2025-03-06 16:39:16,132 - root - INFO - Token Token-110 waiting for resource 'Tech' at 2025-01-06 10:38:00
2025-03-06 16:39:16,132 - root - INFO - Token Token-111 started task 'Monthly' at 2025-01-06 10:40:00, scheduled to end at 2025-01-06 10:40:00
2025-03-06 16:39:16,134 - root - INFO - Token Token-111 completed task 'Monthly' at 2025-01-06 10:40:00.
2025-03-06 16:39:16,134 - root - INFO - Token Token-111 waiting for resource 'Tech' at 2025-01-06 10:40:00
2025-03-06 16:39:16,134 - root - INFO - Token Token-10 completed task 'Review AM using Asset Change Tracker (5.5.13.1)' at 2025-01-06 10:41:38.932346.
2025-03-06 16:39:16,135 - root - INFO - Token Token-11 released from wait queue for 'Tech'
2025-03-06 16:39:16,135 - root - INFO - Token Token-11 waited 201.65 minutes for resource
2025-03-06 16:39:16,136 - root - INFO - Token Token-11 started task 'Review AM using Asset Change Tracker (5.5.13.1)' at 2025-01-06 10:41:38.932346, scheduled to end at 2025-01-06 10:50:06.180129
2025-03-06 16:39:16,137 - root - INFO - Token Token-10 started task 'Complete /Accurate?' at 2025-01-06 10:41:38.932346, scheduled to end at 2025-01-06 10:41:38.932346
2025-03-06 16:39:16,137 - root - INFO - Token Token-10 completed task 'Complete /Accurate?' at 2025-01-06 10:41:38.932346.
2025-03-06 16:39:16,137 - root - INFO - Token Token-10 waiting for resource 'Tech' at 2025-01-06 10:41:38.932346
2025-03-06 16:39:16,138 - root - INFO - Token Token-112 started task 'Monthly' at 2025-01-06 10:42:00, scheduled to end at 2025-01-06 10:42:00
2025-03-06 16:39:16,138 - root - INFO - Token Token-112 completed task 'Monthly' at 2025-01-06 10:42:00.
2025-03-06 16:39:16,138 - root - INFO - Token Token-112 waiting for resource 'Tech' at 2025-01-06 10:42:00
2025-03-06 16:39:16,139 - root - INFO - Token Token-113 started task 'Monthly' at 2025-01-06 10:44:00, scheduled to end at 2025-01-06 10:44:00
2025-03-06 16:39:16,139 - root - INFO - Token Token-113 completed task 'Monthly' at 2025-01-06 10:44:00.
2025-03-06 16:39:16,140 - root - INFO - Token Token-113 waiting for resource 'Tech' at 2025-01-06 10:44:00
2025-03-06 16:39:16,140 - root - INFO - Token Token-114 started task 'Monthly' at 2025-01-06 10:46:00, scheduled to end at 2025-01-06 10:46:00
2025-03-06 16:39:16,140 - root - INFO - Token Token-114 completed task 'Monthly' at 2025-01-06 10:46:00.
2025-03-06 16:39:16,141 - root - INFO - Token Token-114 waiting for resource 'Tech' at 2025-01-06 10:46:00
2025-03-06 16:39:16,141 - root - INFO - Token Token-115 started task 'Monthly' at 2025-01-06 10:48:00, scheduled to end at 2025-01-06 10:48:00
2025-03-06 16:39:16,142 - root - INFO - Token Token-115 completed task 'Monthly' at 2025-01-06 10:48:00.
2025-03-06 16:39:16,142 - root - INFO - Token Token-115 waiting for resource 'Tech' at 2025-01-06 10:48:00
2025-03-06 16:39:16,142 - root - INFO - Token Token-116 started task 'Monthly' at 2025-01-06 10:50:00, scheduled to end at 2025-01-06 10:50:00
2025-03-06 16:39:16,143 - root - INFO - Token Token-116 completed task 'Monthly' at 2025-01-06 10:50:00.
2025-03-06 16:39:16,145 - root - INFO - Token Token-116 waiting for resource 'Tech' at 2025-01-06 10:50:00
2025-03-06 16:39:16,146 - root - INFO - Token Token-11 completed task 'Review AM using Asset Change Tracker (5.5.13.1)' at 2025-01-06 10:50:06.180129.
2025-03-06 16:39:16,163 - root - INFO - Token Token-12 released from wait queue for 'Tech'
2025-03-06 16:39:16,163 - root - INFO - Token Token-12 waited 208.10 minutes for resource
2025-03-06 16:39:16,163 - root - INFO - Token Token-12 started task 'Review AM using Asset Change Tracker (5.5.13.1)' at 2025-01-06 10:50:06.180129, scheduled to end at 2025-01-06 10:58:04.288470
2025-03-06 16:39:16,163 - root - INFO - Token Token-11 started task 'Complete /Accurate?' at 2025-01-06 10:50:06.180129, scheduled to end at 2025-01-06 10:50:06.180129
2025-03-06 16:39:16,163 - root - INFO - Token Token-11 completed task 'Complete /Accurate?' at 2025-01-06 10:50:06.180129.
2025-03-06 16:39:16,163 - root - INFO - Token Token-11 waiting for resource 'Tech' at 2025-01-06 10:50:06.180129
2025-03-06 16:39:16,163 - root - INFO - Token Token-117 started task 'Monthly' at 2025-01-06 10:52:00, scheduled to end at 2025-01-06 10:52:00
2025-03-06 16:39:16,166 - root - INFO - Token Token-117 completed task 'Monthly' at 2025-01-06 10:52:00.
2025-03-06 16:39:16,166 - root - INFO - Token Token-117 waiting for resource 'Tech' at 2025-01-06 10:52:00
2025-03-06 16:39:16,166 - root - INFO - Token Token-118 started task 'Monthly' at 2025-01-06 10:54:00, scheduled to end at 2025-01-06 10:54:00
2025-03-06 16:39:16,167 - root - INFO - Token Token-118 completed task 'Monthly' at 2025-01-06 10:54:00.
2025-03-06 16:39:16,167 - root - INFO - Token Token-118 waiting for resource 'Tech' at 2025-01-06 10:54:00
2025-03-06 16:39:16,167 - root - INFO - Token Token-119 started task 'Monthly' at 2025-01-06 10:56:00, scheduled to end at 2025-01-06 10:56:00
2025-03-06 16:39:16,167 - root - INFO - Token Token-119 completed task 'Monthly' at 2025-01-06 10:56:00.
2025-03-06 16:39:16,167 - root - INFO - Token Token-119 waiting for resource 'Tech' at 2025-01-06 10:56:00
2025-03-06 16:39:16,168 - root - INFO - Token Token-120 started task 'Monthly' at 2025-01-06 10:58:00, scheduled to end at 2025-01-06 10:58:00
2025-03-06 16:39:16,168 - root - INFO - Token Token-120 completed task 'Monthly' at 2025-01-06 10:58:00.
2025-03-06 16:39:16,168 - root - INFO - Token Token-120 waiting for resource 'Tech' at 2025-01-06 10:58:00
2025-03-06 16:39:16,168 - root - INFO - Token Token-12 completed task 'Review AM using Asset Change Tracker (5.5.13.1)' at 2025-01-06 10:58:04.288470.
2025-03-06 16:39:16,169 - root - INFO - Token Token-13 released from wait queue for 'Tech'
2025-03-06 16:39:16,169 - root - INFO - Token Token-13 waited 214.07 minutes for resource
2025-03-06 16:39:16,169 - root - INFO - Token Token-13 started task 'Review AM using Asset Change Tracker (5.5.13.1)' at 2025-01-06 10:58:04.288470, scheduled to end at 2025-01-06 11:04:52.609466
2025-03-06 16:39:16,169 - root - INFO - Token Token-12 started task 'Complete /Accurate?' at 2025-01-06 10:58:04.288470, scheduled to end at 2025-01-06 10:58:04.288470
2025-03-06 16:39:16,170 - root - INFO - Token Token-12 completed task 'Complete /Accurate?' at 2025-01-06 10:58:04.288470.
2025-03-06 16:39:16,170 - root - INFO - Token Token-12 waiting for resource 'Tech' at 2025-01-06 10:58:04.288470
2025-03-06 16:39:16,170 - root - INFO - Token Token-121 started task 'Monthly' at 2025-01-06 11:00:00, scheduled to end at 2025-01-06 11:00:00
2025-03-06 16:39:16,171 - root - INFO - Token Token-121 completed task 'Monthly' at 2025-01-06 11:00:00.
2025-03-06 16:39:16,171 - root - INFO - Token Token-121 waiting for resource 'Tech' at 2025-01-06 11:00:00
2025-03-06 16:39:16,172 - root - INFO - Token Token-122 started task 'Monthly' at 2025-01-06 11:02:00, scheduled to end at 2025-01-06 11:02:00
2025-03-06 16:39:16,172 - root - INFO - Token Token-122 completed task 'Monthly' at 2025-01-06 11:02:00.
2025-03-06 16:39:16,173 - root - INFO - Token Token-122 waiting for resource 'Tech' at 2025-01-06 11:02:00
2025-03-06 16:39:16,173 - root - INFO - Token Token-123 started task 'Monthly' at 2025-01-06 11:04:00, scheduled to end at 2025-01-06 11:04:00
2025-03-06 16:39:16,173 - root - INFO - Token Token-123 completed task 'Monthly' at 2025-01-06 11:04:00.
2025-03-06 16:39:16,173 - root - INFO - Token Token-123 waiting for resource 'Tech' at 2025-01-06 11:04:00
2025-03-06 16:39:16,173 - root - INFO - Token Token-13 completed task 'Review AM using Asset Change Tracker (5.5.13.1)' at 2025-01-06 11:04:52.609466.
2025-03-06 16:39:16,174 - root - INFO - Token Token-3 released from wait queue for 'Tech'
2025-03-06 16:39:16,174 - root - INFO - Token Token-3 waited 220.35 minutes for resource
2025-03-06 16:39:16,174 - root - INFO - Token Token-3 started task 'Work with REO RPO to Correct (5.5.13.3)' at 2025-01-06 11:04:52.609466, scheduled to end at 2025-01-07 07:00:00
2025-03-06 16:39:16,174 - root - INFO - Token Token-13 started task 'Complete /Accurate?' at 2025-01-06 11:04:52.609466, scheduled to end at 2025-01-06 11:04:52.609466
2025-03-06 16:39:16,175 - root - INFO - Token Token-13 completed task 'Complete /Accurate?' at 2025-01-06 11:04:52.609466.
2025-03-06 16:39:16,175 - root - INFO - Token Token-13 waiting for resource 'Tech' at 2025-01-06 11:04:52.609466
2025-03-06 16:39:16,175 - root - INFO - Token Token-124 started task 'Monthly' at 2025-01-06 11:06:00, scheduled to end at 2025-01-06 11:06:00
2025-03-06 16:39:16,176 - root - INFO - Token Token-124 completed task 'Monthly' at 2025-01-06 11:06:00.
2025-03-06 16:39:16,176 - root - INFO - Token Token-124 waiting for resource 'Tech' at 2025-01-06 11:06:00
2025-03-06 16:39:16,176 - root - INFO - Token Token-125 started task 'Monthly' at 2025-01-06 11:08:00, scheduled to end at 2025-01-06 11:08:00
2025-03-06 16:39:16,176 - root - INFO - Token Token-125 completed task 'Monthly' at 2025-01-06 11:08:00.
2025-03-06 16:39:16,177 - root - INFO - Token Token-125 waiting for resource 'Tech' at 2025-01-06 11:08:00
2025-03-06 16:39:16,177 - root - INFO - Token Token-126 started task 'Monthly' at 2025-01-06 11:10:00, scheduled to end at 2025-01-06 11:10:00
2025-03-06 16:39:16,177 - root - INFO - Token Token-126 completed task 'Monthly' at 2025-01-06 11:10:00.
2025-03-06 16:39:16,177 - root - INFO - Token Token-126 waiting for resource 'Tech' at 2025-01-06 11:10:00
2025-03-06 16:39:16,178 - root - INFO - Token Token-127 started task 'Monthly' at 2025-01-06 11:12:00, scheduled to end at 2025-01-06 11:12:00
2025-03-06 16:39:16,178 - root - INFO - Token Token-127 completed task 'Monthly' at 2025-01-06 11:12:00.
2025-03-06 16:39:16,180 - root - INFO - Token Token-127 waiting for resource 'Tech' at 2025-01-06 11:12:00
2025-03-06 16:39:16,180 - root - INFO - Token Token-128 started task 'Monthly' at 2025-01-06 11:14:00, scheduled to end at 2025-01-06 11:14:00
2025-03-06 16:39:16,180 - root - INFO - Token Token-128 completed task 'Monthly' at 2025-01-06 11:14:00.
2025-03-06 16:39:16,181 - root - INFO - Token Token-128 waiting for resource 'Tech' at 2025-01-06 11:14:00
2025-03-06 16:39:16,181 - root - INFO - Token Token-129 started task 'Monthly' at 2025-01-06 11:16:00, scheduled to end at 2025-01-06 11:16:00
2025-03-06 16:39:16,181 - root - INFO - Token Token-129 completed task 'Monthly' at 2025-01-06 11:16:00.
2025-03-06 16:39:16,182 - root - INFO - Token Token-129 waiting for resource 'Tech' at 2025-01-06 11:16:00
2025-03-06 16:39:16,182 - root - INFO - Token Token-130 started task 'Monthly' at 2025-01-06 11:18:00, scheduled to end at 2025-01-06 11:18:00
2025-03-06 16:39:16,183 - root - INFO - Token Token-130 completed task 'Monthly' at 2025-01-06 11:18:00.
2025-03-06 16:39:16,183 - root - INFO - Token Token-130 waiting for resource 'Tech' at 2025-01-06 11:18:00
2025-03-06 16:39:16,183 - root - INFO - Token Token-131 started task 'Monthly' at 2025-01-06 11:20:00, scheduled to end at 2025-01-06 11:20:00
2025-03-06 16:39:16,184 - root - INFO - Token Token-131 completed task 'Monthly' at 2025-01-06 11:20:00.
2025-03-06 16:39:16,184 - root - INFO - Token Token-131 waiting for resource 'Tech' at 2025-01-06 11:20:00
2025-03-06 16:39:16,185 - root - INFO - Token Token-132 started task 'Monthly' at 2025-01-06 11:22:00, scheduled to end at 2025-01-06 11:22:00
2025-03-06 16:39:16,185 - root - INFO - Token Token-132 completed task 'Monthly' at 2025-01-06 11:22:00.
2025-03-06 16:39:16,185 - root - INFO - Token Token-132 waiting for resource 'Tech' at 2025-01-06 11:22:00
2025-03-06 16:39:16,186 - root - INFO - Token Token-133 started task 'Monthly' at 2025-01-06 11:24:00, scheduled to end at 2025-01-06 11:24:00
2025-03-06 16:39:16,186 - root - INFO - Token Token-133 completed task 'Monthly' at 2025-01-06 11:24:00.
2025-03-06 16:39:16,187 - root - INFO - Token Token-133 waiting for resource 'Tech' at 2025-01-06 11:24:00
2025-03-06 16:39:16,187 - root - INFO - Token Token-134 started task 'Monthly' at 2025-01-06 11:26:00, scheduled to end at 2025-01-06 11:26:00
2025-03-06 16:39:16,187 - root - INFO - Token Token-134 completed task 'Monthly' at 2025-01-06 11:26:00.
2025-03-06 16:39:16,188 - root - INFO - Token Token-134 waiting for resource 'Tech' at 2025-01-06 11:26:00
2025-03-06 16:39:16,188 - root - INFO - Token Token-135 started task 'Monthly' at 2025-01-06 11:28:00, scheduled to end at 2025-01-06 11:28:00
2025-03-06 16:39:16,189 - root - INFO - Token Token-135 completed task 'Monthly' at 2025-01-06 11:28:00.
2025-03-06 16:39:16,204 - root - INFO - Token Token-135 waiting for resource 'Tech' at 2025-01-06 11:28:00
2025-03-06 16:39:16,207 - root - INFO - Token Token-136 started task 'Monthly' at 2025-01-06 11:30:00, scheduled to end at 2025-01-06 11:30:00
2025-03-06 16:39:16,207 - root - INFO - Token Token-136 completed task 'Monthly' at 2025-01-06 11:30:00.
2025-03-06 16:39:16,207 - root - INFO - Token Token-136 waiting for resource 'Tech' at 2025-01-06 11:30:00
2025-03-06 16:39:16,208 - root - INFO - Token Token-137 started task 'Monthly' at 2025-01-06 11:32:00, scheduled to end at 2025-01-06 11:32:00
2025-03-06 16:39:16,208 - root - INFO - Token Token-137 completed task 'Monthly' at 2025-01-06 11:32:00.
2025-03-06 16:39:16,208 - root - INFO - Token Token-137 waiting for resource 'Tech' at 2025-01-06 11:32:00
2025-03-06 16:39:16,208 - root - INFO - Token Token-138 started task 'Monthly' at 2025-01-06 11:34:00, scheduled to end at 2025-01-06 11:34:00
2025-03-06 16:39:16,209 - root - INFO - Token Token-138 completed task 'Monthly' at 2025-01-06 11:34:00.
2025-03-06 16:39:16,209 - root - INFO - Token Token-138 waiting for resource 'Tech' at 2025-01-06 11:34:00
2025-03-06 16:39:16,210 - root - INFO - Token Token-139 started task 'Monthly' at 2025-01-06 11:36:00, scheduled to end at 2025-01-06 11:36:00
2025-03-06 16:39:16,210 - root - INFO - Token Token-139 completed task 'Monthly' at 2025-01-06 11:36:00.
2025-03-06 16:39:16,210 - root - INFO - Token Token-139 waiting for resource 'Tech' at 2025-01-06 11:36:00
2025-03-06 16:39:16,211 - root - INFO - Token Token-140 started task 'Monthly' at 2025-01-06 11:38:00, scheduled to end at 2025-01-06 11:38:00
2025-03-06 16:39:16,211 - root - INFO - Token Token-140 completed task 'Monthly' at 2025-01-06 11:38:00.
2025-03-06 16:39:16,211 - root - INFO - Token Token-140 waiting for resource 'Tech' at 2025-01-06 11:38:00
2025-03-06 16:39:16,211 - root - INFO - Token Token-141 started task 'Monthly' at 2025-01-06 11:40:00, scheduled to end at 2025-01-06 11:40:00
2025-03-06 16:39:16,212 - root - INFO - Token Token-141 completed task 'Monthly' at 2025-01-06 11:40:00.
2025-03-06 16:39:16,212 - root - INFO - Token Token-141 waiting for resource 'Tech' at 2025-01-06 11:40:00
2025-03-06 16:39:16,212 - root - INFO - Token Token-142 started task 'Monthly' at 2025-01-06 11:42:00, scheduled to end at 2025-01-06 11:42:00
2025-03-06 16:39:16,212 - root - INFO - Token Token-142 completed task 'Monthly' at 2025-01-06 11:42:00.
2025-03-06 16:39:16,213 - root - INFO - Token Token-142 waiting for resource 'Tech' at 2025-01-06 11:42:00
2025-03-06 16:39:16,213 - root - INFO - Token Token-143 started task 'Monthly' at 2025-01-06 11:44:00, scheduled to end at 2025-01-06 11:44:00
2025-03-06 16:39:16,213 - root - INFO - Token Token-143 completed task 'Monthly' at 2025-01-06 11:44:00.
2025-03-06 16:39:16,213 - root - INFO - Token Token-143 waiting for resource 'Tech' at 2025-01-06 11:44:00
2025-03-06 16:39:16,214 - root - INFO - Token Token-144 started task 'Monthly' at 2025-01-06 11:46:00, scheduled to end at 2025-01-06 11:46:00
2025-03-06 16:39:16,214 - root - INFO - Token Token-144 completed task 'Monthly' at 2025-01-06 11:46:00.
2025-03-06 16:39:16,214 - root - INFO - Token Token-144 waiting for resource 'Tech' at 2025-01-06 11:46:00
2025-03-06 16:39:16,214 - root - INFO - Token Token-145 started task 'Monthly' at 2025-01-06 11:48:00, scheduled to end at 2025-01-06 11:48:00
2025-03-06 16:39:16,215 - root - INFO - Token Token-145 completed task 'Monthly' at 2025-01-06 11:48:00.
2025-03-06 16:39:16,216 - root - INFO - Token Token-145 waiting for resource 'Tech' at 2025-01-06 11:48:00
2025-03-06 16:39:16,216 - root - INFO - Token Token-146 started task 'Monthly' at 2025-01-06 11:50:00, scheduled to end at 2025-01-06 11:50:00
2025-03-06 16:39:16,216 - root - INFO - Token Token-146 completed task 'Monthly' at 2025-01-06 11:50:00.
2025-03-06 16:39:16,216 - root - INFO - Token Token-146 waiting for resource 'Tech' at 2025-01-06 11:50:00
2025-03-06 16:39:16,217 - root - INFO - Token Token-147 started task 'Monthly' at 2025-01-06 11:52:00, scheduled to end at 2025-01-06 11:52:00
2025-03-06 16:39:16,217 - root - INFO - Token Token-147 completed task 'Monthly' at 2025-01-06 11:52:00.
2025-03-06 16:39:16,217 - root - INFO - Token Token-147 waiting for resource 'Tech' at 2025-01-06 11:52:00
2025-03-06 16:39:16,217 - root - INFO - Token Token-148 started task 'Monthly' at 2025-01-06 11:54:00, scheduled to end at 2025-01-06 11:54:00
2025-03-06 16:39:16,217 - root - INFO - Token Token-148 completed task 'Monthly' at 2025-01-06 11:54:00.
2025-03-06 16:39:16,218 - root - INFO - Token Token-148 waiting for resource 'Tech' at 2025-01-06 11:54:00
2025-03-06 16:39:16,218 - root - INFO - Token Token-149 started task 'Monthly' at 2025-01-06 11:56:00, scheduled to end at 2025-01-06 11:56:00
2025-03-06 16:39:16,218 - root - INFO - Token Token-149 completed task 'Monthly' at 2025-01-06 11:56:00.
2025-03-06 16:39:16,218 - root - INFO - Token Token-149 waiting for resource 'Tech' at 2025-01-06 11:56:00
2025-03-06 16:39:16,218 - root - INFO - Token Token-150 started task 'Monthly' at 2025-01-06 11:58:00, scheduled to end at 2025-01-06 11:58:00
2025-03-06 16:39:16,219 - root - INFO - Token Token-150 completed task 'Monthly' at 2025-01-06 11:58:00.
2025-03-06 16:39:16,219 - root - INFO - Token Token-150 waiting for resource 'Tech' at 2025-01-06 11:58:00
2025-03-06 16:39:16,219 - root - INFO - Token Token-151 started task 'Monthly' at 2025-01-06 12:00:00, scheduled to end at 2025-01-06 12:00:00
2025-03-06 16:39:16,220 - root - INFO - Token Token-151 completed task 'Monthly' at 2025-01-06 12:00:00.
2025-03-06 16:39:16,220 - root - INFO - Token Token-151 waiting for resource 'Tech' at 2025-01-06 12:00:00
2025-03-06 16:39:16,220 - root - INFO - Token Token-152 started task 'Monthly' at 2025-01-06 12:02:00, scheduled to end at 2025-01-06 12:02:00
2025-03-06 16:39:16,220 - root - INFO - Token Token-152 completed task 'Monthly' at 2025-01-06 12:02:00.
2025-03-06 16:39:16,220 - root - INFO - Token Token-152 waiting for resource 'Tech' at 2025-01-06 12:02:00
2025-03-06 16:39:16,221 - root - INFO - Token Token-153 started task 'Monthly' at 2025-01-06 12:04:00, scheduled to end at 2025-01-06 12:04:00
2025-03-06 16:39:16,221 - root - INFO - Token Token-153 completed task 'Monthly' at 2025-01-06 12:04:00.
2025-03-06 16:39:16,221 - root - INFO - Token Token-153 waiting for resource 'Tech' at 2025-01-06 12:04:00
2025-03-06 16:39:16,221 - root - INFO - Token Token-154 started task 'Monthly' at 2025-01-06 12:06:00, scheduled to end at 2025-01-06 12:06:00
2025-03-06 16:39:16,222 - root - INFO - Token Token-154 completed task 'Monthly' at 2025-01-06 12:06:00.
2025-03-06 16:39:16,222 - root - INFO - Token Token-154 waiting for resource 'Tech' at 2025-01-06 12:06:00
2025-03-06 16:39:16,222 - root - INFO - Token Token-155 started task 'Monthly' at 2025-01-06 12:08:00, scheduled to end at 2025-01-06 12:08:00
2025-03-06 16:39:16,222 - root - INFO - Token Token-155 completed task 'Monthly' at 2025-01-06 12:08:00.
2025-03-06 16:39:16,222 - root - INFO - Token Token-155 waiting for resource 'Tech' at 2025-01-06 12:08:00
2025-03-06 16:39:16,223 - root - INFO - Token Token-156 started task 'Monthly' at 2025-01-06 12:10:00, scheduled to end at 2025-01-06 12:10:00
2025-03-06 16:39:16,223 - root - INFO - Token Token-156 completed task 'Monthly' at 2025-01-06 12:10:00.
2025-03-06 16:39:16,223 - root - INFO - Token Token-156 waiting for resource 'Tech' at 2025-01-06 12:10:00
2025-03-06 16:39:16,223 - root - INFO - Token Token-157 started task 'Monthly' at 2025-01-06 12:12:00, scheduled to end at 2025-01-06 12:12:00
2025-03-06 16:39:16,224 - root - INFO - Token Token-157 completed task 'Monthly' at 2025-01-06 12:12:00.
2025-03-06 16:39:16,224 - root - INFO - Token Token-157 waiting for resource 'Tech' at 2025-01-06 12:12:00
2025-03-06 16:39:16,224 - root - INFO - Token Token-158 started task 'Monthly' at 2025-01-06 12:14:00, scheduled to end at 2025-01-06 12:14:00
2025-03-06 16:39:16,224 - root - INFO - Token Token-158 completed task 'Monthly' at 2025-01-06 12:14:00.
2025-03-06 16:39:16,225 - root - INFO - Token Token-158 waiting for resource 'Tech' at 2025-01-06 12:14:00
2025-03-06 16:39:16,225 - root - INFO - Token Token-159 started task 'Monthly' at 2025-01-06 12:16:00, scheduled to end at 2025-01-06 12:16:00
2025-03-06 16:39:16,225 - root - INFO - Token Token-159 completed task 'Monthly' at 2025-01-06 12:16:00.
2025-03-06 16:39:16,225 - root - INFO - Token Token-159 waiting for resource 'Tech' at 2025-01-06 12:16:00
2025-03-06 16:39:16,225 - root - INFO - Token Token-160 started task 'Monthly' at 2025-01-06 12:18:00, scheduled to end at 2025-01-06 12:18:00
2025-03-06 16:39:16,226 - root - INFO - Token Token-160 completed task 'Monthly' at 2025-01-06 12:18:00.
2025-03-06 16:39:16,226 - root - INFO - Token Token-160 waiting for resource 'Tech' at 2025-01-06 12:18:00
2025-03-06 16:39:16,228 - root - INFO - Token Token-161 started task 'Monthly' at 2025-01-06 12:20:00, scheduled to end at 2025-01-06 12:20:00
2025-03-06 16:39:16,228 - root - INFO - Token Token-161 completed task 'Monthly' at 2025-01-06 12:20:00.
2025-03-06 16:39:16,229 - root - INFO - Token Token-161 waiting for resource 'Tech' at 2025-01-06 12:20:00
2025-03-06 16:39:16,229 - root - INFO - Token Token-162 started task 'Monthly' at 2025-01-06 12:22:00, scheduled to end at 2025-01-06 12:22:00
2025-03-06 16:39:16,229 - root - INFO - Token Token-162 completed task 'Monthly' at 2025-01-06 12:22:00.
2025-03-06 16:39:16,230 - root - INFO - Token Token-162 waiting for resource 'Tech' at 2025-01-06 12:22:00
2025-03-06 16:39:16,230 - root - INFO - Token Token-163 started task 'Monthly' at 2025-01-06 12:24:00, scheduled to end at 2025-01-06 12:24:00
2025-03-06 16:39:16,231 - root - INFO - Token Token-163 completed task 'Monthly' at 2025-01-06 12:24:00.
2025-03-06 16:39:16,231 - root - INFO - Token Token-163 waiting for resource 'Tech' at 2025-01-06 12:24:00
2025-03-06 16:39:16,231 - root - INFO - Token Token-164 started task 'Monthly' at 2025-01-06 12:26:00, scheduled to end at 2025-01-06 12:26:00
2025-03-06 16:39:16,232 - root - INFO - Token Token-164 completed task 'Monthly' at 2025-01-06 12:26:00.
2025-03-06 16:39:16,232 - root - INFO - Token Token-164 waiting for resource 'Tech' at 2025-01-06 12:26:00
2025-03-06 16:39:16,233 - root - INFO - Token Token-165 started task 'Monthly' at 2025-01-06 12:28:00, scheduled to end at 2025-01-06 12:28:00
2025-03-06 16:39:16,233 - root - INFO - Token Token-165 completed task 'Monthly' at 2025-01-06 12:28:00.
2025-03-06 16:39:16,233 - root - INFO - Token Token-165 waiting for resource 'Tech' at 2025-01-06 12:28:00
2025-03-06 16:39:16,234 - root - INFO - Token Token-166 started task 'Monthly' at 2025-01-06 12:30:00, scheduled to end at 2025-01-06 12:30:00
2025-03-06 16:39:16,234 - root - INFO - Token Token-166 completed task 'Monthly' at 2025-01-06 12:30:00.
2025-03-06 16:39:16,234 - root - INFO - Token Token-166 waiting for resource 'Tech' at 2025-01-06 12:30:00
2025-03-06 16:39:16,235 - root - INFO - Token Token-167 started task 'Monthly' at 2025-01-06 12:32:00, scheduled to end at 2025-01-06 12:32:00
2025-03-06 16:39:16,235 - root - INFO - Token Token-167 completed task 'Monthly' at 2025-01-06 12:32:00.
2025-03-06 16:39:16,236 - root - INFO - Token Token-167 waiting for resource 'Tech' at 2025-01-06 12:32:00
2025-03-06 16:39:16,236 - root - INFO - Token Token-168 started task 'Monthly' at 2025-01-06 12:34:00, scheduled to end at 2025-01-06 12:34:00
2025-03-06 16:39:16,236 - root - INFO - Token Token-168 completed task 'Monthly' at 2025-01-06 12:34:00.
2025-03-06 16:39:16,237 - root - INFO - Token Token-168 waiting for resource 'Tech' at 2025-01-06 12:34:00
2025-03-06 16:39:16,237 - root - INFO - Token Token-169 started task 'Monthly' at 2025-01-06 12:36:00, scheduled to end at 2025-01-06 12:36:00
2025-03-06 16:39:16,238 - root - INFO - Token Token-169 completed task 'Monthly' at 2025-01-06 12:36:00.
2025-03-06 16:39:16,238 - root - INFO - Token Token-169 waiting for resource 'Tech' at 2025-01-06 12:36:00
2025-03-06 16:39:16,238 - root - INFO - Token Token-170 started task 'Monthly' at 2025-01-06 12:38:00, scheduled to end at 2025-01-06 12:38:00
2025-03-06 16:39:16,238 - root - INFO - Token Token-170 completed task 'Monthly' at 2025-01-06 12:38:00.
2025-03-06 16:39:16,238 - root - INFO - Token Token-170 waiting for resource 'Tech' at 2025-01-06 12:38:00
2025-03-06 16:39:16,240 - root - INFO - Token Token-171 started task 'Monthly' at 2025-01-06 12:40:00, scheduled to end at 2025-01-06 12:40:00
2025-03-06 16:39:16,240 - root - INFO - Token Token-171 completed task 'Monthly' at 2025-01-06 12:40:00.
2025-03-06 16:39:16,240 - root - INFO - Token Token-171 waiting for resource 'Tech' at 2025-01-06 12:40:00
2025-03-06 16:39:16,240 - root - INFO - Token Token-172 started task 'Monthly' at 2025-01-06 12:42:00, scheduled to end at 2025-01-06 12:42:00
2025-03-06 16:39:16,240 - root - INFO - Token Token-172 completed task 'Monthly' at 2025-01-06 12:42:00.
2025-03-06 16:39:16,242 - root - INFO - Token Token-172 waiting for resource 'Tech' at 2025-01-06 12:42:00
2025-03-06 16:39:16,244 - root - INFO - Token Token-173 started task 'Monthly' at 2025-01-06 12:44:00, scheduled to end at 2025-01-06 12:44:00
2025-03-06 16:39:16,245 - root - INFO - Token Token-173 completed task 'Monthly' at 2025-01-06 12:44:00.
2025-03-06 16:39:16,262 - root - INFO - Token Token-173 waiting for resource 'Tech' at 2025-01-06 12:44:00
2025-03-06 16:39:16,262 - root - INFO - Token Token-174 started task 'Monthly' at 2025-01-06 12:46:00, scheduled to end at 2025-01-06 12:46:00
2025-03-06 16:39:16,262 - root - INFO - Token Token-174 completed task 'Monthly' at 2025-01-06 12:46:00.
2025-03-06 16:39:16,263 - root - INFO - Token Token-174 waiting for resource 'Tech' at 2025-01-06 12:46:00
2025-03-06 16:39:16,263 - root - INFO - Token Token-175 started task 'Monthly' at 2025-01-06 12:48:00, scheduled to end at 2025-01-06 12:48:00
2025-03-06 16:39:16,263 - root - INFO - Token Token-175 completed task 'Monthly' at 2025-01-06 12:48:00.
2025-03-06 16:39:16,263 - root - INFO - Token Token-175 waiting for resource 'Tech' at 2025-01-06 12:48:00
2025-03-06 16:39:16,264 - root - INFO - Token Token-176 started task 'Monthly' at 2025-01-06 12:50:00, scheduled to end at 2025-01-06 12:50:00
2025-03-06 16:39:16,264 - root - INFO - Token Token-176 completed task 'Monthly' at 2025-01-06 12:50:00.
2025-03-06 16:39:16,264 - root - INFO - Token Token-176 waiting for resource 'Tech' at 2025-01-06 12:50:00
2025-03-06 16:39:16,264 - root - INFO - Token Token-177 started task 'Monthly' at 2025-01-06 12:52:00, scheduled to end at 2025-01-06 12:52:00
2025-03-06 16:39:16,265 - root - INFO - Token Token-177 completed task 'Monthly' at 2025-01-06 12:52:00.
2025-03-06 16:39:16,265 - root - INFO - Token Token-177 waiting for resource 'Tech' at 2025-01-06 12:52:00
2025-03-06 16:39:16,265 - root - INFO - Token Token-178 started task 'Monthly' at 2025-01-06 12:54:00, scheduled to end at 2025-01-06 12:54:00
2025-03-06 16:39:16,265 - root - INFO - Token Token-178 completed task 'Monthly' at 2025-01-06 12:54:00.
2025-03-06 16:39:16,265 - root - INFO - Token Token-178 waiting for resource 'Tech' at 2025-01-06 12:54:00
2025-03-06 16:39:16,266 - root - INFO - Token Token-179 started task 'Monthly' at 2025-01-06 12:56:00, scheduled to end at 2025-01-06 12:56:00
2025-03-06 16:39:16,266 - root - INFO - Token Token-179 completed task 'Monthly' at 2025-01-06 12:56:00.
2025-03-06 16:39:16,266 - root - INFO - Token Token-179 waiting for resource 'Tech' at 2025-01-06 12:56:00
2025-03-06 16:39:16,266 - root - INFO - Token Token-180 started task 'Monthly' at 2025-01-06 12:58:00, scheduled to end at 2025-01-06 12:58:00
2025-03-06 16:39:16,267 - root - INFO - Token Token-180 completed task 'Monthly' at 2025-01-06 12:58:00.
2025-03-06 16:39:16,267 - root - INFO - Token Token-180 waiting for resource 'Tech' at 2025-01-06 12:58:00
2025-03-06 16:39:16,267 - root - INFO - Token Token-181 started task 'Monthly' at 2025-01-07 07:00:00, scheduled to end at 2025-01-07 07:00:00
2025-03-06 16:39:16,267 - root - INFO - Token Token-3 completed task 'Work with REO RPO to Correct (5.5.13.3)' at 2025-01-07 07:00:00.
2025-03-06 16:39:16,268 - root - INFO - Token Token-14 released from wait queue for 'Tech'
2025-03-06 16:39:16,268 - root - INFO - Token Token-181 completed task 'Monthly' at 2025-01-07 07:00:00.
2025-03-06 16:39:16,268 - root - INFO - Token Token-14 waited 1414.00 minutes for resource
2025-03-06 16:39:16,268 - root - INFO - Token Token-14 started task 'Review AM using Asset Change Tracker (5.5.13.1)' at 2025-01-07 07:00:00, scheduled to end at 2025-01-07 07:07:54.664325
2025-03-06 16:39:16,269 - root - INFO - Token Token-3 started task 'Create Journal Entries?' at 2025-01-07 07:00:00, scheduled to end at 2025-01-07 07:00:00
2025-03-06 16:39:16,270 - root - INFO - Token Token-181 waiting for resource 'Tech' at 2025-01-07 07:00:00
2025-03-06 16:39:16,270 - root - INFO - Token Token-3 completed task 'Create Journal Entries?' at 2025-01-07 07:00:00.
2025-03-06 16:39:16,270 - root - INFO - Token Token-3 started task 'Inclusive Path 3' at 2025-01-07 07:00:00, scheduled to end at 2025-01-07 07:01:06.979471
2025-03-06 16:39:16,271 - root - INFO - Token Token-3 completed task 'Inclusive Path 3' at 2025-01-07 07:01:06.979471.
2025-03-06 16:39:16,271 - root - INFO - Token Token-3 started task 'Unknown' at 2025-01-07 07:01:06.979471, scheduled to end at 2025-01-07 07:01:06.979471
2025-03-06 16:39:16,271 - root - INFO - Token Token-3 completed task 'Unknown' at 2025-01-07 07:01:06.979471.
2025-03-06 16:39:16,271 - root - INFO - Token Token-3 has completed the entire process at 2025-01-07 07:01:06.979471.
2025-03-06 16:39:16,272 - root - INFO - Token Token-182 started task 'Monthly' at 2025-01-07 07:02:00, scheduled to end at 2025-01-07 07:02:00
2025-03-06 16:39:16,272 - root - INFO - Token Token-182 completed task 'Monthly' at 2025-01-07 07:02:00.
2025-03-06 16:39:16,272 - root - INFO - Token Token-182 waiting for resource 'Tech' at 2025-01-07 07:02:00
2025-03-06 16:39:16,272 - root - INFO - Token Token-183 started task 'Monthly' at 2025-01-07 07:04:00, scheduled to end at 2025-01-07 07:04:00
2025-03-06 16:39:16,273 - root - INFO - Token Token-183 completed task 'Monthly' at 2025-01-07 07:04:00.
2025-03-06 16:39:16,273 - root - INFO - Token Token-183 waiting for resource 'Tech' at 2025-01-07 07:04:00
2025-03-06 16:39:16,273 - root - INFO - Token Token-184 started task 'Monthly' at 2025-01-07 07:06:00, scheduled to end at 2025-01-07 07:06:00
2025-03-06 16:39:16,273 - root - INFO - Token Token-184 completed task 'Monthly' at 2025-01-07 07:06:00.
2025-03-06 16:39:16,273 - root - INFO - Token Token-184 waiting for resource 'Tech' at 2025-01-07 07:06:00
2025-03-06 16:39:16,275 - root - INFO - Token Token-14 completed task 'Review AM using Asset Change Tracker (5.5.13.1)' at 2025-01-07 07:07:54.664325.
2025-03-06 16:39:16,275 - root - INFO - Token Token-15 released from wait queue for 'Tech'
2025-03-06 16:39:16,275 - root - INFO - Token Token-15 waited 1419.91 minutes for resource
2025-03-06 16:39:16,276 - root - INFO - Token Token-15 started task 'Review AM using Asset Change Tracker (5.5.13.1)' at 2025-01-07 07:07:54.664325, scheduled to end at 2025-01-07 07:16:09.239518
2025-03-06 16:39:16,276 - root - INFO - Token Token-14 started task 'Complete /Accurate?' at 2025-01-07 07:07:54.664325, scheduled to end at 2025-01-07 07:07:54.664325
2025-03-06 16:39:16,277 - root - INFO - Token Token-14 completed task 'Complete /Accurate?' at 2025-01-07 07:07:54.664325.
2025-03-06 16:39:16,277 - root - INFO - Token Token-14 waiting for resource 'Tech' at 2025-01-07 07:07:54.664325
2025-03-06 16:39:16,278 - root - INFO - Token Token-185 started task 'Monthly' at 2025-01-07 07:08:00, scheduled to end at 2025-01-07 07:08:00
2025-03-06 16:39:16,278 - root - INFO - Token Token-185 completed task 'Monthly' at 2025-01-07 07:08:00.
2025-03-06 16:39:16,278 - root - INFO - Token Token-185 waiting for resource 'Tech' at 2025-01-07 07:08:00
2025-03-06 16:39:16,279 - root - INFO - Token Token-186 started task 'Monthly' at 2025-01-07 07:10:00, scheduled to end at 2025-01-07 07:10:00
2025-03-06 16:39:16,279 - root - INFO - Token Token-186 completed task 'Monthly' at 2025-01-07 07:10:00.
2025-03-06 16:39:16,279 - root - INFO - Token Token-186 waiting for resource 'Tech' at 2025-01-07 07:10:00
2025-03-06 16:39:16,280 - root - INFO - Token Token-187 started task 'Monthly' at 2025-01-07 07:12:00, scheduled to end at 2025-01-07 07:12:00
2025-03-06 16:39:16,280 - root - INFO - Token Token-187 completed task 'Monthly' at 2025-01-07 07:12:00.
2025-03-06 16:39:16,281 - root - INFO - Token Token-187 waiting for resource 'Tech' at 2025-01-07 07:12:00
2025-03-06 16:39:16,281 - root - INFO - Token Token-188 started task 'Monthly' at 2025-01-07 07:14:00, scheduled to end at 2025-01-07 07:14:00
2025-03-06 16:39:16,281 - root - INFO - Token Token-188 completed task 'Monthly' at 2025-01-07 07:14:00.
2025-03-06 16:39:16,282 - root - INFO - Token Token-188 waiting for resource 'Tech' at 2025-01-07 07:14:00
2025-03-06 16:39:16,282 - root - INFO - Token Token-189 started task 'Monthly' at 2025-01-07 07:16:00, scheduled to end at 2025-01-07 07:16:00
2025-03-06 16:39:16,283 - root - INFO - Token Token-189 completed task 'Monthly' at 2025-01-07 07:16:00.
2025-03-06 16:39:16,283 - root - INFO - Token Token-189 waiting for resource 'Tech' at 2025-01-07 07:16:00
2025-03-06 16:39:16,283 - root - INFO - Token Token-15 completed task 'Review AM using Asset Change Tracker (5.5.13.1)' at 2025-01-07 07:16:09.239518.
2025-03-06 16:39:16,284 - root - INFO - Token Token-16 released from wait queue for 'Tech'
2025-03-06 16:39:16,284 - root - INFO - Token Token-16 waited 1426.15 minutes for resource
2025-03-06 16:39:16,285 - root - INFO - Token Token-16 started task 'Review AM using Asset Change Tracker (5.5.13.1)' at 2025-01-07 07:16:09.239518, scheduled to end at 2025-01-07 07:25:00.085335
2025-03-06 16:39:16,285 - root - INFO - Token Token-15 started task 'Complete /Accurate?' at 2025-01-07 07:16:09.239518, scheduled to end at 2025-01-07 07:16:09.239518
2025-03-06 16:39:16,285 - root - INFO - Token Token-15 completed task 'Complete /Accurate?' at 2025-01-07 07:16:09.239518.
2025-03-06 16:39:16,286 - root - INFO - Token Token-15 waiting for resource 'Tech' at 2025-01-07 07:16:09.239518
2025-03-06 16:39:16,286 - root - INFO - Token Token-190 started task 'Monthly' at 2025-01-07 07:18:00, scheduled to end at 2025-01-07 07:18:00
2025-03-06 16:39:16,287 - root - INFO - Token Token-190 completed task 'Monthly' at 2025-01-07 07:18:00.
2025-03-06 16:39:16,287 - root - INFO - Token Token-190 waiting for resource 'Tech' at 2025-01-07 07:18:00
2025-03-06 16:39:16,287 - root - INFO - Token Token-191 started task 'Monthly' at 2025-01-07 07:20:00, scheduled to end at 2025-01-07 07:20:00
2025-03-06 16:39:16,288 - root - INFO - Token Token-191 completed task 'Monthly' at 2025-01-07 07:20:00.
2025-03-06 16:39:16,288 - root - INFO - Token Token-191 waiting for resource 'Tech' at 2025-01-07 07:20:00
2025-03-06 16:39:16,289 - root - INFO - Token Token-192 started task 'Monthly' at 2025-01-07 07:22:00, scheduled to end at 2025-01-07 07:22:00
2025-03-06 16:39:16,307 - root - INFO - Token Token-192 completed task 'Monthly' at 2025-01-07 07:22:00.
2025-03-06 16:39:16,308 - root - INFO - Token Token-192 waiting for resource 'Tech' at 2025-01-07 07:22:00
2025-03-06 16:39:16,308 - root - INFO - Token Token-193 started task 'Monthly' at 2025-01-07 07:24:00, scheduled to end at 2025-01-07 07:24:00
2025-03-06 16:39:16,308 - root - INFO - Token Token-193 completed task 'Monthly' at 2025-01-07 07:24:00.
2025-03-06 16:39:16,308 - root - INFO - Token Token-193 waiting for resource 'Tech' at 2025-01-07 07:24:00
2025-03-06 16:39:16,309 - root - INFO - Token Token-16 completed task 'Review AM using Asset Change Tracker (5.5.13.1)' at 2025-01-07 07:25:00.085335.
2025-03-06 16:39:16,309 - root - INFO - Token Token-17 released from wait queue for 'Tech'
2025-03-06 16:39:16,309 - root - INFO - Token Token-17 waited 1433.00 minutes for resource
2025-03-06 16:39:16,309 - root - INFO - Token Token-17 started task 'Review AM using Asset Change Tracker (5.5.13.1)' at 2025-01-07 07:25:00.085335, scheduled to end at 2025-01-07 07:31:57.943019
2025-03-06 16:39:16,310 - root - INFO - Token Token-16 started task 'Complete /Accurate?' at 2025-01-07 07:25:00.085335, scheduled to end at 2025-01-07 07:25:00.085335
2025-03-06 16:39:16,310 - root - INFO - Token Token-16 completed task 'Complete /Accurate?' at 2025-01-07 07:25:00.085335.
2025-03-06 16:39:16,310 - root - INFO - Token Token-16 waiting for resource 'Tech' at 2025-01-07 07:25:00.085335
2025-03-06 16:39:16,310 - root - INFO - Token Token-194 started task 'Monthly' at 2025-01-07 07:26:00, scheduled to end at 2025-01-07 07:26:00
2025-03-06 16:39:16,311 - root - INFO - Token Token-194 completed task 'Monthly' at 2025-01-07 07:26:00.
2025-03-06 16:39:16,311 - root - INFO - Token Token-194 waiting for resource 'Tech' at 2025-01-07 07:26:00
2025-03-06 16:39:16,311 - root - INFO - Token Token-195 started task 'Monthly' at 2025-01-07 07:28:00, scheduled to end at 2025-01-07 07:28:00
2025-03-06 16:39:16,311 - root - INFO - Token Token-195 completed task 'Monthly' at 2025-01-07 07:28:00.
2025-03-06 16:39:16,312 - root - INFO - Token Token-195 waiting for resource 'Tech' at 2025-01-07 07:28:00
2025-03-06 16:39:16,312 - root - INFO - Token Token-196 started task 'Monthly' at 2025-01-07 07:30:00, scheduled to end at 2025-01-07 07:30:00
2025-03-06 16:39:16,312 - root - INFO - Token Token-196 completed task 'Monthly' at 2025-01-07 07:30:00.
2025-03-06 16:39:16,312 - root - INFO - Token Token-196 waiting for resource 'Tech' at 2025-01-07 07:30:00
2025-03-06 16:39:16,312 - root - INFO - Token Token-17 completed task 'Review AM using Asset Change Tracker (5.5.13.1)' at 2025-01-07 07:31:57.943019.
2025-03-06 16:39:16,313 - root - INFO - Token Token-4 released from wait queue for 'Tech'
2025-03-06 16:39:16,313 - root - INFO - Token Token-4 waited 1439.48 minutes for resource
2025-03-06 16:39:16,313 - root - INFO - Token Token-4 started task 'Note Accuracy in Asset Change Tracker (5.5.13.2)' at 2025-01-07 07:31:57.943019, scheduled to end at 2025-01-07 07:37:52.303489
2025-03-06 16:39:16,313 - root - INFO - Token Token-17 started task 'Complete /Accurate?' at 2025-01-07 07:31:57.943019, scheduled to end at 2025-01-07 07:31:57.943019
2025-03-06 16:39:16,314 - root - INFO - Token Token-17 completed task 'Complete /Accurate?' at 2025-01-07 07:31:57.943019.
2025-03-06 16:39:16,314 - root - INFO - Token Token-17 waiting for resource 'Tech' at 2025-01-07 07:31:57.943019
2025-03-06 16:39:16,315 - root - INFO - Token Token-197 started task 'Monthly' at 2025-01-07 07:32:00, scheduled to end at 2025-01-07 07:32:00
2025-03-06 16:39:16,315 - root - INFO - Token Token-197 completed task 'Monthly' at 2025-01-07 07:32:00.
2025-03-06 16:39:16,315 - root - INFO - Token Token-197 waiting for resource 'Tech' at 2025-01-07 07:32:00
2025-03-06 16:39:16,315 - root - INFO - Token Token-198 started task 'Monthly' at 2025-01-07 07:34:00, scheduled to end at 2025-01-07 07:34:00
2025-03-06 16:39:16,316 - root - INFO - Token Token-198 completed task 'Monthly' at 2025-01-07 07:34:00.
2025-03-06 16:39:16,316 - root - INFO - Token Token-198 waiting for resource 'Tech' at 2025-01-07 07:34:00
2025-03-06 16:39:16,318 - root - INFO - Token Token-199 started task 'Monthly' at 2025-01-07 07:36:00, scheduled to end at 2025-01-07 07:36:00
2025-03-06 16:39:16,318 - root - INFO - Token Token-199 completed task 'Monthly' at 2025-01-07 07:36:00.
2025-03-06 16:39:16,319 - root - INFO - Token Token-199 waiting for resource 'Tech' at 2025-01-07 07:36:00
2025-03-06 16:39:16,319 - root - INFO - Token Token-4 completed task 'Note Accuracy in Asset Change Tracker (5.5.13.2)' at 2025-01-07 07:37:52.303489.
2025-03-06 16:39:16,320 - root - INFO - Token Token-18 released from wait queue for 'Tech'
2025-03-06 16:39:16,320 - root - INFO - Token Token-18 waited 1443.87 minutes for resource
2025-03-06 16:39:16,320 - root - INFO - Token Token-18 started task 'Review AM using Asset Change Tracker (5.5.13.1)' at 2025-01-07 07:37:52.303489, scheduled to end at 2025-01-07 07:47:03.169547
2025-03-06 16:39:16,321 - root - INFO - Token Token-4 started task 'Unknown' at 2025-01-07 07:37:52.303489, scheduled to end at 2025-01-07 07:37:52.303489
2025-03-06 16:39:16,321 - root - INFO - Token Token-4 completed task 'Unknown' at 2025-01-07 07:37:52.303489.
2025-03-06 16:39:16,322 - root - INFO - Token Token-4 has completed the entire process at 2025-01-07 07:37:52.303489.
2025-03-06 16:39:16,322 - root - INFO - Token Token-200 started task 'Monthly' at 2025-01-07 07:38:00, scheduled to end at 2025-01-07 07:38:00
2025-03-06 16:39:16,322 - root - INFO - Token Token-200 completed task 'Monthly' at 2025-01-07 07:38:00.
2025-03-06 16:39:16,323 - root - INFO - Token Token-200 waiting for resource 'Tech' at 2025-01-07 07:38:00
2025-03-06 16:39:16,323 - root - INFO - Token Token-201 started task 'Monthly' at 2025-01-07 07:40:00, scheduled to end at 2025-01-07 07:40:00
2025-03-06 16:39:16,324 - root - INFO - Token Token-201 completed task 'Monthly' at 2025-01-07 07:40:00.
2025-03-06 16:39:16,324 - root - INFO - Token Token-201 waiting for resource 'Tech' at 2025-01-07 07:40:00
2025-03-06 16:39:16,324 - root - INFO - Token Token-202 started task 'Monthly' at 2025-01-07 07:42:00, scheduled to end at 2025-01-07 07:42:00
2025-03-06 16:39:16,325 - root - INFO - Token Token-202 completed task 'Monthly' at 2025-01-07 07:42:00.
2025-03-06 16:39:16,325 - root - INFO - Token Token-202 waiting for resource 'Tech' at 2025-01-07 07:42:00
2025-03-06 16:39:16,326 - root - INFO - Token Token-203 started task 'Monthly' at 2025-01-07 07:44:00, scheduled to end at 2025-01-07 07:44:00
2025-03-06 16:39:16,326 - root - INFO - Token Token-203 completed task 'Monthly' at 2025-01-07 07:44:00.
2025-03-06 16:39:16,326 - root - INFO - Token Token-203 waiting for resource 'Tech' at 2025-01-07 07:44:00
2025-03-06 16:39:16,327 - root - INFO - Token Token-204 started task 'Monthly' at 2025-01-07 07:46:00, scheduled to end at 2025-01-07 07:46:00
2025-03-06 16:39:16,327 - root - INFO - Token Token-204 completed task 'Monthly' at 2025-01-07 07:46:00.
2025-03-06 16:39:16,327 - root - INFO - Token Token-204 waiting for resource 'Tech' at 2025-01-07 07:46:00
2025-03-06 16:39:16,328 - root - INFO - Token Token-18 completed task 'Review AM using Asset Change Tracker (5.5.13.1)' at 2025-01-07 07:47:03.169547.
2025-03-06 16:39:16,328 - root - INFO - Token Token-19 released from wait queue for 'Tech'
2025-03-06 16:39:16,329 - root - INFO - Token Token-19 waited 1451.05 minutes for resource
2025-03-06 16:39:16,329 - root - INFO - Token Token-19 started task 'Review AM using Asset Change Tracker (5.5.13.1)' at 2025-01-07 07:47:03.169547, scheduled to end at 2025-01-07 07:55:25.516264
2025-03-06 16:39:16,329 - root - INFO - Token Token-18 started task 'Complete /Accurate?' at 2025-01-07 07:47:03.169547, scheduled to end at 2025-01-07 07:47:03.169547
2025-03-06 16:39:16,330 - root - INFO - Token Token-18 completed task 'Complete /Accurate?' at 2025-01-07 07:47:03.169547.
2025-03-06 16:39:16,330 - root - INFO - Token Token-18 waiting for resource 'Tech' at 2025-01-07 07:47:03.169547
2025-03-06 16:39:16,331 - root - INFO - Token Token-205 started task 'Monthly' at 2025-01-07 07:48:00, scheduled to end at 2025-01-07 07:48:00
2025-03-06 16:39:16,331 - root - INFO - Token Token-205 completed task 'Monthly' at 2025-01-07 07:48:00.
2025-03-06 16:39:16,331 - root - INFO - Token Token-205 waiting for resource 'Tech' at 2025-01-07 07:48:00
2025-03-06 16:39:16,332 - root - INFO - Token Token-206 started task 'Monthly' at 2025-01-07 07:50:00, scheduled to end at 2025-01-07 07:50:00
2025-03-06 16:39:16,333 - root - INFO - Token Token-206 completed task 'Monthly' at 2025-01-07 07:50:00.
2025-03-06 16:39:16,334 - root - INFO - Token Token-206 waiting for resource 'Tech' at 2025-01-07 07:50:00
2025-03-06 16:39:16,335 - root - INFO - Token Token-207 started task 'Monthly' at 2025-01-07 07:52:00, scheduled to end at 2025-01-07 07:52:00
2025-03-06 16:39:16,351 - root - INFO - Token Token-207 completed task 'Monthly' at 2025-01-07 07:52:00.
2025-03-06 16:39:16,351 - root - INFO - Token Token-207 waiting for resource 'Tech' at 2025-01-07 07:52:00
2025-03-06 16:39:16,352 - root - INFO - Token Token-208 started task 'Monthly' at 2025-01-07 07:54:00, scheduled to end at 2025-01-07 07:54:00
2025-03-06 16:39:16,352 - root - INFO - Token Token-208 completed task 'Monthly' at 2025-01-07 07:54:00.
2025-03-06 16:39:16,352 - root - INFO - Token Token-208 waiting for resource 'Tech' at 2025-01-07 07:54:00
2025-03-06 16:39:16,352 - root - INFO - Token Token-19 completed task 'Review AM using Asset Change Tracker (5.5.13.1)' at 2025-01-07 07:55:25.516264.
2025-03-06 16:39:16,353 - root - INFO - Token Token-20 released from wait queue for 'Tech'
2025-03-06 16:39:16,353 - root - INFO - Token Token-20 waited 1457.43 minutes for resource
2025-03-06 16:39:16,353 - root - INFO - Token Token-20 started task 'Review AM using Asset Change Tracker (5.5.13.1)' at 2025-01-07 07:55:25.516264, scheduled to end at 2025-01-07 08:04:40.090389
2025-03-06 16:39:16,353 - root - INFO - Token Token-19 started task 'Complete /Accurate?' at 2025-01-07 07:55:25.516264, scheduled to end at 2025-01-07 07:55:25.516264
2025-03-06 16:39:16,354 - root - INFO - Token Token-19 completed task 'Complete /Accurate?' at 2025-01-07 07:55:25.516264.
2025-03-06 16:39:16,354 - root - INFO - Token Token-19 waiting for resource 'Tech' at 2025-01-07 07:55:25.516264
2025-03-06 16:39:16,354 - root - INFO - Token Token-209 started task 'Monthly' at 2025-01-07 07:56:00, scheduled to end at 2025-01-07 07:56:00
2025-03-06 16:39:16,354 - root - INFO - Token Token-209 completed task 'Monthly' at 2025-01-07 07:56:00.
2025-03-06 16:39:16,355 - root - INFO - Token Token-209 waiting for resource 'Tech' at 2025-01-07 07:56:00
2025-03-06 16:39:16,355 - root - INFO - Token Token-210 started task 'Monthly' at 2025-01-07 07:58:00, scheduled to end at 2025-01-07 07:58:00
2025-03-06 16:39:16,356 - root - INFO - Token Token-210 completed task 'Monthly' at 2025-01-07 07:58:00.
2025-03-06 16:39:16,356 - root - INFO - Token Token-210 waiting for resource 'Tech' at 2025-01-07 07:58:00
2025-03-06 16:39:16,356 - root - INFO - Token Token-211 started task 'Monthly' at 2025-01-07 08:00:00, scheduled to end at 2025-01-07 08:00:00
2025-03-06 16:39:16,356 - root - INFO - Token Token-211 completed task 'Monthly' at 2025-01-07 08:00:00.
2025-03-06 16:39:16,356 - root - INFO - Token Token-211 waiting for resource 'Tech' at 2025-01-07 08:00:00
2025-03-06 16:39:16,357 - root - INFO - Token Token-212 started task 'Monthly' at 2025-01-07 08:02:00, scheduled to end at 2025-01-07 08:02:00
2025-03-06 16:39:16,357 - root - INFO - Token Token-212 completed task 'Monthly' at 2025-01-07 08:02:00.
2025-03-06 16:39:16,357 - root - INFO - Token Token-212 waiting for resource 'Tech' at 2025-01-07 08:02:00
2025-03-06 16:39:16,357 - root - INFO - Token Token-213 started task 'Monthly' at 2025-01-07 08:04:00, scheduled to end at 2025-01-07 08:04:00
2025-03-06 16:39:16,358 - root - INFO - Token Token-213 completed task 'Monthly' at 2025-01-07 08:04:00.
2025-03-06 16:39:16,359 - root - INFO - Token Token-213 waiting for resource 'Tech' at 2025-01-07 08:04:00
2025-03-06 16:39:16,359 - root - INFO - Token Token-20 completed task 'Review AM using Asset Change Tracker (5.5.13.1)' at 2025-01-07 08:04:40.090389.
2025-03-06 16:39:16,359 - root - INFO - Token Token-21 released from wait queue for 'Tech'
2025-03-06 16:39:16,359 - root - INFO - Token Token-21 waited 1464.67 minutes for resource
2025-03-06 16:39:16,360 - root - INFO - Token Token-21 started task 'Review AM using Asset Change Tracker (5.5.13.1)' at 2025-01-07 08:04:40.090389, scheduled to end at 2025-01-07 08:12:38.292159
2025-03-06 16:39:16,360 - root - INFO - Token Token-20 started task 'Complete /Accurate?' at 2025-01-07 08:04:40.090389, scheduled to end at 2025-01-07 08:04:40.090389
2025-03-06 16:39:16,360 - root - INFO - Token Token-20 completed task 'Complete /Accurate?' at 2025-01-07 08:04:40.090389.
2025-03-06 16:39:16,361 - root - INFO - Token Token-20 waiting for resource 'Tech' at 2025-01-07 08:04:40.090389
2025-03-06 16:39:16,361 - root - INFO - Token Token-214 started task 'Monthly' at 2025-01-07 08:06:00, scheduled to end at 2025-01-07 08:06:00
2025-03-06 16:39:16,361 - root - INFO - Token Token-214 completed task 'Monthly' at 2025-01-07 08:06:00.
2025-03-06 16:39:16,361 - root - INFO - Token Token-214 waiting for resource 'Tech' at 2025-01-07 08:06:00
2025-03-06 16:39:16,362 - root - INFO - Token Token-215 started task 'Monthly' at 2025-01-07 08:08:00, scheduled to end at 2025-01-07 08:08:00
2025-03-06 16:39:16,362 - root - INFO - Token Token-215 completed task 'Monthly' at 2025-01-07 08:08:00.
2025-03-06 16:39:16,362 - root - INFO - Token Token-215 waiting for resource 'Tech' at 2025-01-07 08:08:00
2025-03-06 16:39:16,362 - root - INFO - Token Token-216 started task 'Monthly' at 2025-01-07 08:10:00, scheduled to end at 2025-01-07 08:10:00
2025-03-06 16:39:16,363 - root - INFO - Token Token-216 completed task 'Monthly' at 2025-01-07 08:10:00.
2025-03-06 16:39:16,363 - root - INFO - Token Token-216 waiting for resource 'Tech' at 2025-01-07 08:10:00
2025-03-06 16:39:16,365 - root - INFO - Token Token-217 started task 'Monthly' at 2025-01-07 08:12:00, scheduled to end at 2025-01-07 08:12:00
2025-03-06 16:39:16,365 - root - INFO - Token Token-217 completed task 'Monthly' at 2025-01-07 08:12:00.
2025-03-06 16:39:16,365 - root - INFO - Token Token-217 waiting for resource 'Tech' at 2025-01-07 08:12:00
2025-03-06 16:39:16,366 - root - INFO - Token Token-21 completed task 'Review AM using Asset Change Tracker (5.5.13.1)' at 2025-01-07 08:12:38.292159.
2025-03-06 16:39:16,366 - root - INFO - Token Token-22 released from wait queue for 'Tech'
2025-03-06 16:39:16,367 - root - INFO - Token Token-22 waited 1470.64 minutes for resource
2025-03-06 16:39:16,367 - root - INFO - Token Token-22 started task 'Review AM using Asset Change Tracker (5.5.13.1)' at 2025-01-07 08:12:38.292159, scheduled to end at 2025-01-07 08:19:29.867919
2025-03-06 16:39:16,367 - root - INFO - Token Token-21 started task 'Complete /Accurate?' at 2025-01-07 08:12:38.292159, scheduled to end at 2025-01-07 08:12:38.292159
2025-03-06 16:39:16,368 - root - INFO - Token Token-21 completed task 'Complete /Accurate?' at 2025-01-07 08:12:38.292159.
2025-03-06 16:39:16,369 - root - INFO - Token Token-21 waiting for resource 'Tech' at 2025-01-07 08:12:38.292159
2025-03-06 16:39:16,369 - root - INFO - Token Token-218 started task 'Monthly' at 2025-01-07 08:14:00, scheduled to end at 2025-01-07 08:14:00
2025-03-06 16:39:16,370 - root - INFO - Token Token-218 completed task 'Monthly' at 2025-01-07 08:14:00.
2025-03-06 16:39:16,370 - root - INFO - Token Token-218 waiting for resource 'Tech' at 2025-01-07 08:14:00
2025-03-06 16:39:16,370 - root - INFO - Token Token-219 started task 'Monthly' at 2025-01-07 08:16:00, scheduled to end at 2025-01-07 08:16:00
2025-03-06 16:39:16,371 - root - INFO - Token Token-219 completed task 'Monthly' at 2025-01-07 08:16:00.
2025-03-06 16:39:16,371 - root - INFO - Token Token-219 waiting for resource 'Tech' at 2025-01-07 08:16:00
2025-03-06 16:39:16,371 - root - INFO - Token Token-220 started task 'Monthly' at 2025-01-07 08:18:00, scheduled to end at 2025-01-07 08:18:00
2025-03-06 16:39:16,372 - root - INFO - Token Token-220 completed task 'Monthly' at 2025-01-07 08:18:00.
2025-03-06 16:39:16,373 - root - INFO - Token Token-220 waiting for resource 'Tech' at 2025-01-07 08:18:00
2025-03-06 16:39:16,373 - root - INFO - Token Token-22 completed task 'Review AM using Asset Change Tracker (5.5.13.1)' at 2025-01-07 08:19:29.867919.
2025-03-06 16:39:16,373 - root - INFO - Token Token-23 released from wait queue for 'Tech'
2025-03-06 16:39:16,374 - root - INFO - Token Token-23 waited 1475.50 minutes for resource
2025-03-06 16:39:16,374 - root - INFO - Token Token-23 started task 'Review AM using Asset Change Tracker (5.5.13.1)' at 2025-01-07 08:19:29.867919, scheduled to end at 2025-01-07 08:26:22.582585
2025-03-06 16:39:16,375 - root - INFO - Token Token-22 started task 'Complete /Accurate?' at 2025-01-07 08:19:29.867919, scheduled to end at 2025-01-07 08:19:29.867919
2025-03-06 16:39:16,375 - root - INFO - Token Token-22 completed task 'Complete /Accurate?' at 2025-01-07 08:19:29.867919.
2025-03-06 16:39:16,376 - root - INFO - Token Token-22 waiting for resource 'Tech' at 2025-01-07 08:19:29.867919
2025-03-06 16:39:16,376 - root - INFO - Token Token-221 started task 'Monthly' at 2025-01-07 08:20:00, scheduled to end at 2025-01-07 08:20:00
2025-03-06 16:39:16,377 - root - INFO - Token Token-221 completed task 'Monthly' at 2025-01-07 08:20:00.
2025-03-06 16:39:16,377 - root - INFO - Token Token-221 waiting for resource 'Tech' at 2025-01-07 08:20:00
2025-03-06 16:39:16,378 - root - INFO - Token Token-222 started task 'Monthly' at 2025-01-07 08:22:00, scheduled to end at 2025-01-07 08:22:00
2025-03-06 16:39:16,396 - root - INFO - Token Token-222 completed task 'Monthly' at 2025-01-07 08:22:00.
2025-03-06 16:39:16,396 - root - INFO - Token Token-222 waiting for resource 'Tech' at 2025-01-07 08:22:00
2025-03-06 16:39:16,396 - root - INFO - Token Token-223 started task 'Monthly' at 2025-01-07 08:24:00, scheduled to end at 2025-01-07 08:24:00
2025-03-06 16:39:16,397 - root - INFO - Token Token-223 completed task 'Monthly' at 2025-01-07 08:24:00.
2025-03-06 16:39:16,397 - root - INFO - Token Token-223 waiting for resource 'Tech' at 2025-01-07 08:24:00
2025-03-06 16:39:16,397 - root - INFO - Token Token-224 started task 'Monthly' at 2025-01-07 08:26:00, scheduled to end at 2025-01-07 08:26:00
2025-03-06 16:39:16,397 - root - INFO - Token Token-224 completed task 'Monthly' at 2025-01-07 08:26:00.
2025-03-06 16:39:16,398 - root - INFO - Token Token-224 waiting for resource 'Tech' at 2025-01-07 08:26:00
2025-03-06 16:39:16,398 - root - INFO - Token Token-23 completed task 'Review AM using Asset Change Tracker (5.5.13.1)' at 2025-01-07 08:26:22.582585.
2025-03-06 16:39:16,398 - root - INFO - Token Token-5 released from wait queue for 'Tech'
2025-03-06 16:39:16,398 - root - INFO - Token Token-5 waited 1480.51 minutes for resource
2025-03-06 16:39:16,398 - root - INFO - Token Token-5 started task 'Note Accuracy in Asset Change Tracker (5.5.13.2)' at 2025-01-07 08:26:22.582585, scheduled to end at 2025-01-07 08:32:01.981677
2025-03-06 16:39:16,399 - root - INFO - Token Token-23 started task 'Complete /Accurate?' at 2025-01-07 08:26:22.582585, scheduled to end at 2025-01-07 08:26:22.582585
2025-03-06 16:39:16,399 - root - INFO - Token Token-23 completed task 'Complete /Accurate?' at 2025-01-07 08:26:22.582585.
2025-03-06 16:39:16,399 - root - INFO - Token Token-23 waiting for resource 'Tech' at 2025-01-07 08:26:22.582585
2025-03-06 16:39:16,400 - root - INFO - Token Token-225 started task 'Monthly' at 2025-01-07 08:28:00, scheduled to end at 2025-01-07 08:28:00
2025-03-06 16:39:16,400 - root - INFO - Token Token-225 completed task 'Monthly' at 2025-01-07 08:28:00.
2025-03-06 16:39:16,400 - root - INFO - Token Token-225 waiting for resource 'Tech' at 2025-01-07 08:28:00
2025-03-06 16:39:16,400 - root - INFO - Token Token-226 started task 'Monthly' at 2025-01-07 08:30:00, scheduled to end at 2025-01-07 08:30:00
2025-03-06 16:39:16,400 - root - INFO - Token Token-226 completed task 'Monthly' at 2025-01-07 08:30:00.
2025-03-06 16:39:16,401 - root - INFO - Token Token-226 waiting for resource 'Tech' at 2025-01-07 08:30:00
2025-03-06 16:39:16,401 - root - INFO - Token Token-227 started task 'Monthly' at 2025-01-07 08:32:00, scheduled to end at 2025-01-07 08:32:00
2025-03-06 16:39:16,401 - root - INFO - Token Token-227 completed task 'Monthly' at 2025-01-07 08:32:00.
2025-03-06 16:39:16,402 - root - INFO - Token Token-227 waiting for resource 'Tech' at 2025-01-07 08:32:00
2025-03-06 16:39:16,402 - root - INFO - Token Token-5 completed task 'Note Accuracy in Asset Change Tracker (5.5.13.2)' at 2025-01-07 08:32:01.981677.
2025-03-06 16:39:16,402 - root - INFO - Token Token-24 released from wait queue for 'Tech'
2025-03-06 16:39:16,402 - root - INFO - Token Token-24 waited 1486.03 minutes for resource
2025-03-06 16:39:16,403 - root - INFO - Token Token-24 started task 'Review AM using Asset Change Tracker (5.5.13.1)' at 2025-01-07 08:32:01.981677, scheduled to end at 2025-01-07 08:38:45.463134
2025-03-06 16:39:16,403 - root - INFO - Token Token-5 started task 'Unknown' at 2025-01-07 08:32:01.981677, scheduled to end at 2025-01-07 08:32:01.981677
2025-03-06 16:39:16,404 - root - INFO - Token Token-5 completed task 'Unknown' at 2025-01-07 08:32:01.981677.
2025-03-06 16:39:16,404 - root - INFO - Token Token-5 has completed the entire process at 2025-01-07 08:32:01.981677.
2025-03-06 16:39:16,404 - root - INFO - Token Token-228 started task 'Monthly' at 2025-01-07 08:34:00, scheduled to end at 2025-01-07 08:34:00
2025-03-06 16:39:16,404 - root - INFO - Token Token-228 completed task 'Monthly' at 2025-01-07 08:34:00.
2025-03-06 16:39:16,405 - root - INFO - Token Token-228 waiting for resource 'Tech' at 2025-01-07 08:34:00
2025-03-06 16:39:16,405 - root - INFO - Token Token-229 started task 'Monthly' at 2025-01-07 08:36:00, scheduled to end at 2025-01-07 08:36:00
2025-03-06 16:39:16,405 - root - INFO - Token Token-229 completed task 'Monthly' at 2025-01-07 08:36:00.
2025-03-06 16:39:16,405 - root - INFO - Token Token-229 waiting for resource 'Tech' at 2025-01-07 08:36:00
2025-03-06 16:39:16,406 - root - INFO - Token Token-230 started task 'Monthly' at 2025-01-07 08:38:00, scheduled to end at 2025-01-07 08:38:00
2025-03-06 16:39:16,406 - root - INFO - Token Token-230 completed task 'Monthly' at 2025-01-07 08:38:00.
2025-03-06 16:39:16,406 - root - INFO - Token Token-230 waiting for resource 'Tech' at 2025-01-07 08:38:00
2025-03-06 16:39:16,406 - root - INFO - Token Token-24 completed task 'Review AM using Asset Change Tracker (5.5.13.1)' at 2025-01-07 08:38:45.463134.
2025-03-06 16:39:16,407 - root - INFO - Token Token-25 released from wait queue for 'Tech'
2025-03-06 16:39:16,407 - root - INFO - Token Token-25 waited 1490.76 minutes for resource
2025-03-06 16:39:16,409 - root - INFO - Token Token-25 started task 'Review AM using Asset Change Tracker (5.5.13.1)' at 2025-01-07 08:38:45.463134, scheduled to end at 2025-01-07 08:46:57.799534
2025-03-06 16:39:16,409 - root - INFO - Token Token-24 started task 'Complete /Accurate?' at 2025-01-07 08:38:45.463134, scheduled to end at 2025-01-07 08:38:45.463134
2025-03-06 16:39:16,410 - root - INFO - Token Token-24 completed task 'Complete /Accurate?' at 2025-01-07 08:38:45.463134.
2025-03-06 16:39:16,410 - root - INFO - Token Token-24 waiting for resource 'Tech' at 2025-01-07 08:38:45.463134
2025-03-06 16:39:16,410 - root - INFO - Token Token-231 started task 'Monthly' at 2025-01-07 08:40:00, scheduled to end at 2025-01-07 08:40:00
2025-03-06 16:39:16,411 - root - INFO - Token Token-231 completed task 'Monthly' at 2025-01-07 08:40:00.
2025-03-06 16:39:16,411 - root - INFO - Token Token-231 waiting for resource 'Tech' at 2025-01-07 08:40:00
2025-03-06 16:39:16,412 - root - INFO - Token Token-232 started task 'Monthly' at 2025-01-07 08:42:00, scheduled to end at 2025-01-07 08:42:00
2025-03-06 16:39:16,412 - root - INFO - Token Token-232 completed task 'Monthly' at 2025-01-07 08:42:00.
2025-03-06 16:39:16,412 - root - INFO - Token Token-232 waiting for resource 'Tech' at 2025-01-07 08:42:00
2025-03-06 16:39:16,413 - root - INFO - Token Token-233 started task 'Monthly' at 2025-01-07 08:44:00, scheduled to end at 2025-01-07 08:44:00
2025-03-06 16:39:16,413 - root - INFO - Token Token-233 completed task 'Monthly' at 2025-01-07 08:44:00.
2025-03-06 16:39:16,414 - root - INFO - Token Token-233 waiting for resource 'Tech' at 2025-01-07 08:44:00
2025-03-06 16:39:16,414 - root - INFO - Token Token-234 started task 'Monthly' at 2025-01-07 08:46:00, scheduled to end at 2025-01-07 08:46:00
2025-03-06 16:39:16,415 - root - INFO - Token Token-234 completed task 'Monthly' at 2025-01-07 08:46:00.
2025-03-06 16:39:16,415 - root - INFO - Token Token-234 waiting for resource 'Tech' at 2025-01-07 08:46:00
2025-03-06 16:39:16,415 - root - INFO - Token Token-25 completed task 'Review AM using Asset Change Tracker (5.5.13.1)' at 2025-01-07 08:46:57.799534.
2025-03-06 16:39:16,416 - root - INFO - Token Token-26 released from wait queue for 'Tech'
2025-03-06 16:39:16,416 - root - INFO - Token Token-26 waited 1496.96 minutes for resource
2025-03-06 16:39:16,416 - root - INFO - Token Token-26 started task 'Review AM using Asset Change Tracker (5.5.13.1)' at 2025-01-07 08:46:57.799534, scheduled to end at 2025-01-07 08:52:38.722025
2025-03-06 16:39:16,417 - root - INFO - Token Token-25 started task 'Complete /Accurate?' at 2025-01-07 08:46:57.799534, scheduled to end at 2025-01-07 08:46:57.799534
2025-03-06 16:39:16,417 - root - INFO - Token Token-25 completed task 'Complete /Accurate?' at 2025-01-07 08:46:57.799534.
2025-03-06 16:39:16,418 - root - INFO - Token Token-25 waiting for resource 'Tech' at 2025-01-07 08:46:57.799534
2025-03-06 16:39:16,418 - root - INFO - Token Token-235 started task 'Monthly' at 2025-01-07 08:48:00, scheduled to end at 2025-01-07 08:48:00
2025-03-06 16:39:16,418 - root - INFO - Token Token-235 completed task 'Monthly' at 2025-01-07 08:48:00.
2025-03-06 16:39:16,419 - root - INFO - Token Token-235 waiting for resource 'Tech' at 2025-01-07 08:48:00
2025-03-06 16:39:16,419 - root - INFO - Token Token-236 started task 'Monthly' at 2025-01-07 08:50:00, scheduled to end at 2025-01-07 08:50:00
2025-03-06 16:39:16,419 - root - INFO - Token Token-236 completed task 'Monthly' at 2025-01-07 08:50:00.
2025-03-06 16:39:16,420 - root - INFO - Token Token-236 waiting for resource 'Tech' at 2025-01-07 08:50:00
2025-03-06 16:39:16,420 - root - INFO - Token Token-237 started task 'Monthly' at 2025-01-07 08:52:00, scheduled to end at 2025-01-07 08:52:00
2025-03-06 16:39:16,421 - root - INFO - Token Token-237 completed task 'Monthly' at 2025-01-07 08:52:00.
2025-03-06 16:39:16,421 - root - INFO - Token Token-237 waiting for resource 'Tech' at 2025-01-07 08:52:00
2025-03-06 16:39:16,422 - root - INFO - Token Token-26 completed task 'Review AM using Asset Change Tracker (5.5.13.1)' at 2025-01-07 08:52:38.722025.
2025-03-06 16:39:16,423 - root - INFO - Token Token-27 released from wait queue for 'Tech'
2025-03-06 16:39:16,425 - root - INFO - Token Token-27 waited 1500.65 minutes for resource
2025-03-06 16:39:16,426 - root - INFO - Token Token-27 started task 'Review AM using Asset Change Tracker (5.5.13.1)' at 2025-01-07 08:52:38.722025, scheduled to end at 2025-01-07 09:00:22.869373
2025-03-06 16:39:16,441 - root - INFO - Token Token-26 started task 'Complete /Accurate?' at 2025-01-07 08:52:38.722025, scheduled to end at 2025-01-07 08:52:38.722025
2025-03-06 16:39:16,441 - root - INFO - Token Token-26 completed task 'Complete /Accurate?' at 2025-01-07 08:52:38.722025.
2025-03-06 16:39:16,442 - root - INFO - Token Token-26 waiting for resource 'Tech' at 2025-01-07 08:52:38.722025
2025-03-06 16:39:16,442 - root - INFO - Token Token-238 started task 'Monthly' at 2025-01-07 08:54:00, scheduled to end at 2025-01-07 08:54:00
2025-03-06 16:39:16,442 - root - INFO - Token Token-238 completed task 'Monthly' at 2025-01-07 08:54:00.
2025-03-06 16:39:16,442 - root - INFO - Token Token-238 waiting for resource 'Tech' at 2025-01-07 08:54:00
2025-03-06 16:39:16,442 - root - INFO - Token Token-239 started task 'Monthly' at 2025-01-07 08:56:00, scheduled to end at 2025-01-07 08:56:00
2025-03-06 16:39:16,443 - root - INFO - Token Token-239 completed task 'Monthly' at 2025-01-07 08:56:00.
2025-03-06 16:39:16,443 - root - INFO - Token Token-239 waiting for resource 'Tech' at 2025-01-07 08:56:00
2025-03-06 16:39:16,443 - root - INFO - Token Token-240 started task 'Monthly' at 2025-01-07 08:58:00, scheduled to end at 2025-01-07 08:58:00
2025-03-06 16:39:16,443 - root - INFO - Token Token-240 completed task 'Monthly' at 2025-01-07 08:58:00.
2025-03-06 16:39:16,444 - root - INFO - Token Token-240 waiting for resource 'Tech' at 2025-01-07 08:58:00
2025-03-06 16:39:16,444 - root - INFO - Token Token-241 started task 'Monthly' at 2025-01-07 09:00:00, scheduled to end at 2025-01-07 09:00:00
2025-03-06 16:39:16,444 - root - INFO - Token Token-241 completed task 'Monthly' at 2025-01-07 09:00:00.
2025-03-06 16:39:16,444 - root - INFO - Token Token-241 waiting for resource 'Tech' at 2025-01-07 09:00:00
2025-03-06 16:39:16,445 - root - INFO - Token Token-27 completed task 'Review AM using Asset Change Tracker (5.5.13.1)' at 2025-01-07 09:00:22.869373.
2025-03-06 16:39:16,445 - root - INFO - Token Token-28 released from wait queue for 'Tech'
2025-03-06 16:39:16,445 - root - INFO - Token Token-28 waited 1506.38 minutes for resource
2025-03-06 16:39:16,445 - root - INFO - Token Token-28 started task 'Review AM using Asset Change Tracker (5.5.13.1)' at 2025-01-07 09:00:22.869373, scheduled to end at 2025-01-07 09:07:41.937899
2025-03-06 16:39:16,446 - root - INFO - Token Token-27 started task 'Complete /Accurate?' at 2025-01-07 09:00:22.869373, scheduled to end at 2025-01-07 09:00:22.869373
2025-03-06 16:39:16,446 - root - INFO - Token Token-27 completed task 'Complete /Accurate?' at 2025-01-07 09:00:22.869373.
2025-03-06 16:39:16,446 - root - INFO - Token Token-27 waiting for resource 'Tech' at 2025-01-07 09:00:22.869373
2025-03-06 16:39:16,446 - root - INFO - Token Token-242 started task 'Monthly' at 2025-01-07 09:02:00, scheduled to end at 2025-01-07 09:02:00
2025-03-06 16:39:16,447 - root - INFO - Token Token-242 completed task 'Monthly' at 2025-01-07 09:02:00.
2025-03-06 16:39:16,447 - root - INFO - Token Token-242 waiting for resource 'Tech' at 2025-01-07 09:02:00
2025-03-06 16:39:16,447 - root - INFO - Token Token-243 started task 'Monthly' at 2025-01-07 09:04:00, scheduled to end at 2025-01-07 09:04:00
2025-03-06 16:39:16,447 - root - INFO - Token Token-243 completed task 'Monthly' at 2025-01-07 09:04:00.
2025-03-06 16:39:16,448 - root - INFO - Token Token-243 waiting for resource 'Tech' at 2025-01-07 09:04:00
2025-03-06 16:39:16,449 - root - INFO - Token Token-244 started task 'Monthly' at 2025-01-07 09:06:00, scheduled to end at 2025-01-07 09:06:00
2025-03-06 16:39:16,449 - root - INFO - Token Token-244 completed task 'Monthly' at 2025-01-07 09:06:00.
2025-03-06 16:39:16,449 - root - INFO - Token Token-244 waiting for resource 'Tech' at 2025-01-07 09:06:00
2025-03-06 16:39:16,450 - root - INFO - Token Token-28 completed task 'Review AM using Asset Change Tracker (5.5.13.1)' at 2025-01-07 09:07:41.937899.
2025-03-06 16:39:16,450 - root - INFO - Token Token-6 released from wait queue for 'Tech'
2025-03-06 16:39:16,450 - root - INFO - Token Token-6 waited 1512.68 minutes for resource
2025-03-06 16:39:16,450 - root - INFO - Token Token-6 started task 'Note Accuracy in Asset Change Tracker (5.5.13.2)' at 2025-01-07 09:07:41.937899, scheduled to end at 2025-01-07 09:13:47.853466
2025-03-06 16:39:16,451 - root - INFO - Token Token-28 started task 'Complete /Accurate?' at 2025-01-07 09:07:41.937899, scheduled to end at 2025-01-07 09:07:41.937899
2025-03-06 16:39:16,451 - root - INFO - Token Token-28 completed task 'Complete /Accurate?' at 2025-01-07 09:07:41.937899.
2025-03-06 16:39:16,451 - root - INFO - Token Token-28 waiting for resource 'Tech' at 2025-01-07 09:07:41.937899
2025-03-06 16:39:16,451 - root - INFO - Token Token-245 started task 'Monthly' at 2025-01-07 09:08:00, scheduled to end at 2025-01-07 09:08:00
2025-03-06 16:39:16,451 - root - INFO - Token Token-245 completed task 'Monthly' at 2025-01-07 09:08:00.
2025-03-06 16:39:16,452 - root - INFO - Token Token-245 waiting for resource 'Tech' at 2025-01-07 09:08:00
2025-03-06 16:39:16,452 - root - INFO - Token Token-246 started task 'Monthly' at 2025-01-07 09:10:00, scheduled to end at 2025-01-07 09:10:00
2025-03-06 16:39:16,452 - root - INFO - Token Token-246 completed task 'Monthly' at 2025-01-07 09:10:00.
2025-03-06 16:39:16,452 - root - INFO - Token Token-246 waiting for resource 'Tech' at 2025-01-07 09:10:00
2025-03-06 16:39:16,453 - root - INFO - Token Token-247 started task 'Monthly' at 2025-01-07 09:12:00, scheduled to end at 2025-01-07 09:12:00
2025-03-06 16:39:16,453 - root - INFO - Token Token-247 completed task 'Monthly' at 2025-01-07 09:12:00.
2025-03-06 16:39:16,453 - root - INFO - Token Token-247 waiting for resource 'Tech' at 2025-01-07 09:12:00
2025-03-06 16:39:16,453 - root - INFO - Token Token-6 completed task 'Note Accuracy in Asset Change Tracker (5.5.13.2)' at 2025-01-07 09:13:47.853466.
2025-03-06 16:39:16,454 - root - INFO - Token Token-29 released from wait queue for 'Tech'
2025-03-06 16:39:16,454 - root - INFO - Token Token-29 waited 1517.80 minutes for resource
2025-03-06 16:39:16,454 - root - INFO - Token Token-29 started task 'Review AM using Asset Change Tracker (5.5.13.1)' at 2025-01-07 09:13:47.853466, scheduled to end at 2025-01-07 09:20:20.825839
2025-03-06 16:39:16,454 - root - INFO - Token Token-6 started task 'Unknown' at 2025-01-07 09:13:47.853466, scheduled to end at 2025-01-07 09:13:47.853466
2025-03-06 16:39:16,454 - root - INFO - Token Token-6 completed task 'Unknown' at 2025-01-07 09:13:47.853466.
2025-03-06 16:39:16,455 - root - INFO - Token Token-6 has completed the entire process at 2025-01-07 09:13:47.853466.
2025-03-06 16:39:16,457 - root - INFO - Token Token-248 started task 'Monthly' at 2025-01-07 09:14:00, scheduled to end at 2025-01-07 09:14:00
2025-03-06 16:39:16,457 - root - INFO - Token Token-248 completed task 'Monthly' at 2025-01-07 09:14:00.
2025-03-06 16:39:16,458 - root - INFO - Token Token-248 waiting for resource 'Tech' at 2025-01-07 09:14:00
2025-03-06 16:39:16,458 - root - INFO - Token Token-249 started task 'Monthly' at 2025-01-07 09:16:00, scheduled to end at 2025-01-07 09:16:00
2025-03-06 16:39:16,458 - root - INFO - Token Token-249 completed task 'Monthly' at 2025-01-07 09:16:00.
2025-03-06 16:39:16,459 - root - INFO - Token Token-249 waiting for resource 'Tech' at 2025-01-07 09:16:00
2025-03-06 16:39:16,459 - root - INFO - Token Token-250 started task 'Monthly' at 2025-01-07 09:18:00, scheduled to end at 2025-01-07 09:18:00
2025-03-06 16:39:16,460 - root - INFO - Token Token-250 completed task 'Monthly' at 2025-01-07 09:18:00.
2025-03-06 16:39:16,460 - root - INFO - Token Token-250 waiting for resource 'Tech' at 2025-01-07 09:18:00
2025-03-06 16:39:16,461 - root - INFO - Token Token-251 started task 'Monthly' at 2025-01-07 09:20:00, scheduled to end at 2025-01-07 09:20:00
2025-03-06 16:39:16,461 - root - INFO - Token Token-251 completed task 'Monthly' at 2025-01-07 09:20:00.
2025-03-06 16:39:16,461 - root - INFO - Token Token-251 waiting for resource 'Tech' at 2025-01-07 09:20:00
2025-03-06 16:39:16,462 - root - INFO - Token Token-29 completed task 'Review AM using Asset Change Tracker (5.5.13.1)' at 2025-01-07 09:20:20.825839.
2025-03-06 16:39:16,462 - root - INFO - Token Token-30 released from wait queue for 'Tech'
2025-03-06 16:39:16,462 - root - INFO - Token Token-30 waited 1522.35 minutes for resource
2025-03-06 16:39:16,463 - root - INFO - Token Token-30 started task 'Review AM using Asset Change Tracker (5.5.13.1)' at 2025-01-07 09:20:20.825839, scheduled to end at 2025-01-07 09:29:13.095485
2025-03-06 16:39:16,463 - root - INFO - Token Token-29 started task 'Complete /Accurate?' at 2025-01-07 09:20:20.825839, scheduled to end at 2025-01-07 09:20:20.825839
2025-03-06 16:39:16,464 - root - INFO - Token Token-29 completed task 'Complete /Accurate?' at 2025-01-07 09:20:20.825839.
2025-03-06 16:39:16,464 - root - INFO - Token Token-29 waiting for resource 'Tech' at 2025-01-07 09:20:20.825839
2025-03-06 16:39:16,465 - root - INFO - Token Token-252 started task 'Monthly' at 2025-01-07 09:22:00, scheduled to end at 2025-01-07 09:22:00
2025-03-06 16:39:16,465 - root - INFO - Token Token-252 completed task 'Monthly' at 2025-01-07 09:22:00.
2025-03-06 16:39:16,465 - root - INFO - Token Token-252 waiting for resource 'Tech' at 2025-01-07 09:22:00
2025-03-06 16:39:16,466 - root - INFO - Token Token-253 started task 'Monthly' at 2025-01-07 09:24:00, scheduled to end at 2025-01-07 09:24:00
2025-03-06 16:39:16,466 - root - INFO - Token Token-253 completed task 'Monthly' at 2025-01-07 09:24:00.
2025-03-06 16:39:16,467 - root - INFO - Token Token-253 waiting for resource 'Tech' at 2025-01-07 09:24:00
2025-03-06 16:39:16,467 - root - INFO - Token Token-254 started task 'Monthly' at 2025-01-07 09:26:00, scheduled to end at 2025-01-07 09:26:00
2025-03-06 16:39:16,468 - root - INFO - Token Token-254 completed task 'Monthly' at 2025-01-07 09:26:00.
2025-03-06 16:39:16,468 - root - INFO - Token Token-254 waiting for resource 'Tech' at 2025-01-07 09:26:00
2025-03-06 16:39:16,468 - root - INFO - Token Token-255 started task 'Monthly' at 2025-01-07 09:28:00, scheduled to end at 2025-01-07 09:28:00
2025-03-06 16:39:16,469 - root - INFO - Token Token-255 completed task 'Monthly' at 2025-01-07 09:28:00.
2025-03-06 16:39:16,469 - root - INFO - Token Token-255 waiting for resource 'Tech' at 2025-01-07 09:28:00
2025-03-06 16:39:16,469 - root - INFO - Token Token-30 completed task 'Review AM using Asset Change Tracker (5.5.13.1)' at 2025-01-07 09:29:13.095485.
2025-03-06 16:39:16,470 - root - INFO - Token Token-31 released from wait queue for 'Tech'
2025-03-06 16:39:16,470 - root - INFO - Token Token-31 waited 1529.22 minutes for resource
2025-03-06 16:39:16,471 - root - INFO - Token Token-31 started task 'Review AM using Asset Change Tracker (5.5.13.1)' at 2025-01-07 09:29:13.095485, scheduled to end at 2025-01-07 09:38:15.480335
2025-03-06 16:39:16,471 - root - INFO - Token Token-30 started task 'Complete /Accurate?' at 2025-01-07 09:29:13.095485, scheduled to end at 2025-01-07 09:29:13.095485
2025-03-06 16:39:16,471 - root - INFO - Token Token-30 completed task 'Complete /Accurate?' at 2025-01-07 09:29:13.095485.
2025-03-06 16:39:16,472 - root - INFO - Token Token-30 waiting for resource 'Tech' at 2025-01-07 09:29:13.095485
2025-03-06 16:39:16,472 - root - INFO - Token Token-256 started task 'Monthly' at 2025-01-07 09:30:00, scheduled to end at 2025-01-07 09:30:00
2025-03-06 16:39:16,473 - root - INFO - Token Token-256 completed task 'Monthly' at 2025-01-07 09:30:00.
2025-03-06 16:39:16,473 - root - INFO - Token Token-256 waiting for resource 'Tech' at 2025-01-07 09:30:00
2025-03-06 16:39:16,474 - root - INFO - Token Token-257 started task 'Monthly' at 2025-01-07 09:32:00, scheduled to end at 2025-01-07 09:32:00
2025-03-06 16:39:16,474 - root - INFO - Token Token-257 completed task 'Monthly' at 2025-01-07 09:32:00.
2025-03-06 16:39:16,474 - root - INFO - Token Token-257 waiting for resource 'Tech' at 2025-01-07 09:32:00
2025-03-06 16:39:16,475 - root - INFO - Token Token-258 started task 'Monthly' at 2025-01-07 09:34:00, scheduled to end at 2025-01-07 09:34:00
2025-03-06 16:39:16,475 - root - INFO - Token Token-258 completed task 'Monthly' at 2025-01-07 09:34:00.
2025-03-06 16:39:16,475 - root - INFO - Token Token-258 waiting for resource 'Tech' at 2025-01-07 09:34:00
2025-03-06 16:39:16,476 - root - INFO - Token Token-259 started task 'Monthly' at 2025-01-07 09:36:00, scheduled to end at 2025-01-07 09:36:00
2025-03-06 16:39:16,477 - root - INFO - Token Token-259 completed task 'Monthly' at 2025-01-07 09:36:00.
2025-03-06 16:39:16,493 - root - INFO - Token Token-259 waiting for resource 'Tech' at 2025-01-07 09:36:00
2025-03-06 16:39:16,493 - root - INFO - Token Token-260 started task 'Monthly' at 2025-01-07 09:38:00, scheduled to end at 2025-01-07 09:38:00
2025-03-06 16:39:16,494 - root - INFO - Token Token-260 completed task 'Monthly' at 2025-01-07 09:38:00.
2025-03-06 16:39:16,494 - root - INFO - Token Token-260 waiting for resource 'Tech' at 2025-01-07 09:38:00
2025-03-06 16:39:16,494 - root - INFO - Token Token-31 completed task 'Review AM using Asset Change Tracker (5.5.13.1)' at 2025-01-07 09:38:15.480335.
2025-03-06 16:39:16,494 - root - INFO - Token Token-32 released from wait queue for 'Tech'
2025-03-06 16:39:16,495 - root - INFO - Token Token-32 waited 1536.26 minutes for resource
2025-03-06 16:39:16,495 - root - INFO - Token Token-32 started task 'Review AM using Asset Change Tracker (5.5.13.1)' at 2025-01-07 09:38:15.480335, scheduled to end at 2025-01-07 09:45:51.074828
2025-03-06 16:39:16,495 - root - INFO - Token Token-31 started task 'Complete /Accurate?' at 2025-01-07 09:38:15.480335, scheduled to end at 2025-01-07 09:38:15.480335
2025-03-06 16:39:16,495 - root - INFO - Token Token-31 completed task 'Complete /Accurate?' at 2025-01-07 09:38:15.480335.
2025-03-06 16:39:16,496 - root - INFO - Token Token-31 waiting for resource 'Tech' at 2025-01-07 09:38:15.480335
2025-03-06 16:39:16,496 - root - INFO - Token Token-261 started task 'Monthly' at 2025-01-07 09:40:00, scheduled to end at 2025-01-07 09:40:00
2025-03-06 16:39:16,496 - root - INFO - Token Token-261 completed task 'Monthly' at 2025-01-07 09:40:00.
2025-03-06 16:39:16,496 - root - INFO - Token Token-261 waiting for resource 'Tech' at 2025-01-07 09:40:00
2025-03-06 16:39:16,496 - root - INFO - Token Token-262 started task 'Monthly' at 2025-01-07 09:42:00, scheduled to end at 2025-01-07 09:42:00
2025-03-06 16:39:16,497 - root - INFO - Token Token-262 completed task 'Monthly' at 2025-01-07 09:42:00.
2025-03-06 16:39:16,497 - root - INFO - Token Token-262 waiting for resource 'Tech' at 2025-01-07 09:42:00
2025-03-06 16:39:16,497 - root - INFO - Token Token-263 started task 'Monthly' at 2025-01-07 09:44:00, scheduled to end at 2025-01-07 09:44:00
2025-03-06 16:39:16,497 - root - INFO - Token Token-263 completed task 'Monthly' at 2025-01-07 09:44:00.
2025-03-06 16:39:16,498 - root - INFO - Token Token-263 waiting for resource 'Tech' at 2025-01-07 09:44:00
2025-03-06 16:39:16,498 - root - INFO - Token Token-32 completed task 'Review AM using Asset Change Tracker (5.5.13.1)' at 2025-01-07 09:45:51.074828.
2025-03-06 16:39:16,498 - root - INFO - Token Token-33 released from wait queue for 'Tech'
2025-03-06 16:39:16,498 - root - INFO - Token Token-33 waited 1541.85 minutes for resource
2025-03-06 16:39:16,499 - root - INFO - Token Token-33 started task 'Review AM using Asset Change Tracker (5.5.13.1)' at 2025-01-07 09:45:51.074828, scheduled to end at 2025-01-07 09:55:06.754965
2025-03-06 16:39:16,500 - root - INFO - Token Token-32 started task 'Complete /Accurate?' at 2025-01-07 09:45:51.074828, scheduled to end at 2025-01-07 09:45:51.074828
2025-03-06 16:39:16,500 - root - INFO - Token Token-32 completed task 'Complete /Accurate?' at 2025-01-07 09:45:51.074828.
2025-03-06 16:39:16,500 - root - INFO - Token Token-32 waiting for resource 'Tech' at 2025-01-07 09:45:51.074828
2025-03-06 16:39:16,501 - root - INFO - Token Token-264 started task 'Monthly' at 2025-01-07 09:46:00, scheduled to end at 2025-01-07 09:46:00
2025-03-06 16:39:16,501 - root - INFO - Token Token-264 completed task 'Monthly' at 2025-01-07 09:46:00.
2025-03-06 16:39:16,501 - root - INFO - Token Token-264 waiting for resource 'Tech' at 2025-01-07 09:46:00
2025-03-06 16:39:16,503 - root - INFO - Token Token-265 started task 'Monthly' at 2025-01-07 09:48:00, scheduled to end at 2025-01-07 09:48:00
2025-03-06 16:39:16,504 - root - INFO - Token Token-265 completed task 'Monthly' at 2025-01-07 09:48:00.
2025-03-06 16:39:16,504 - root - INFO - Token Token-265 waiting for resource 'Tech' at 2025-01-07 09:48:00
2025-03-06 16:39:16,504 - root - INFO - Token Token-266 started task 'Monthly' at 2025-01-07 09:50:00, scheduled to end at 2025-01-07 09:50:00
2025-03-06 16:39:16,505 - root - INFO - Token Token-266 completed task 'Monthly' at 2025-01-07 09:50:00.
2025-03-06 16:39:16,505 - root - INFO - Token Token-266 waiting for resource 'Tech' at 2025-01-07 09:50:00
2025-03-06 16:39:16,505 - root - INFO - Token Token-267 started task 'Monthly' at 2025-01-07 09:52:00, scheduled to end at 2025-01-07 09:52:00
2025-03-06 16:39:16,506 - root - INFO - Token Token-267 completed task 'Monthly' at 2025-01-07 09:52:00.
2025-03-06 16:39:16,506 - root - INFO - Token Token-267 waiting for resource 'Tech' at 2025-01-07 09:52:00
2025-03-06 16:39:16,507 - root - INFO - Token Token-268 started task 'Monthly' at 2025-01-07 09:54:00, scheduled to end at 2025-01-07 09:54:00
2025-03-06 16:39:16,507 - root - INFO - Token Token-268 completed task 'Monthly' at 2025-01-07 09:54:00.
2025-03-06 16:39:16,508 - root - INFO - Token Token-268 waiting for resource 'Tech' at 2025-01-07 09:54:00
2025-03-06 16:39:16,508 - root - INFO - Token Token-33 completed task 'Review AM using Asset Change Tracker (5.5.13.1)' at 2025-01-07 09:55:06.754965.
2025-03-06 16:39:16,508 - root - INFO - Token Token-7 released from wait queue for 'Tech'
2025-03-06 16:39:16,509 - root - INFO - Token Token-7 waited 1550.62 minutes for resource
2025-03-06 16:39:16,509 - root - INFO - Token Token-7 started task 'Note Accuracy in Asset Change Tracker (5.5.13.2)' at 2025-01-07 09:55:06.754965, scheduled to end at 2025-01-07 10:01:30.054195
2025-03-06 16:39:16,509 - root - INFO - Token Token-33 started task 'Complete /Accurate?' at 2025-01-07 09:55:06.754965, scheduled to end at 2025-01-07 09:55:06.754965
2025-03-06 16:39:16,510 - root - INFO - Token Token-33 completed task 'Complete /Accurate?' at 2025-01-07 09:55:06.754965.
2025-03-06 16:39:16,510 - root - INFO - Token Token-33 waiting for resource 'Tech' at 2025-01-07 09:55:06.754965
2025-03-06 16:39:16,511 - root - INFO - Token Token-269 started task 'Monthly' at 2025-01-07 09:56:00, scheduled to end at 2025-01-07 09:56:00
2025-03-06 16:39:16,511 - root - INFO - Token Token-269 completed task 'Monthly' at 2025-01-07 09:56:00.
2025-03-06 16:39:16,512 - root - INFO - Token Token-269 waiting for resource 'Tech' at 2025-01-07 09:56:00
2025-03-06 16:39:16,512 - root - INFO - Token Token-270 started task 'Monthly' at 2025-01-07 09:58:00, scheduled to end at 2025-01-07 09:58:00
2025-03-06 16:39:16,513 - root - INFO - Token Token-270 completed task 'Monthly' at 2025-01-07 09:58:00.
2025-03-06 16:39:16,513 - root - INFO - Token Token-270 waiting for resource 'Tech' at 2025-01-07 09:58:00
2025-03-06 16:39:16,514 - root - INFO - Token Token-271 started task 'Monthly' at 2025-01-07 10:00:00, scheduled to end at 2025-01-07 10:00:00
2025-03-06 16:39:16,514 - root - INFO - Token Token-271 completed task 'Monthly' at 2025-01-07 10:00:00.
2025-03-06 16:39:16,515 - root - INFO - Token Token-271 waiting for resource 'Tech' at 2025-01-07 10:00:00
2025-03-06 16:39:16,515 - root - INFO - Token Token-7 completed task 'Note Accuracy in Asset Change Tracker (5.5.13.2)' at 2025-01-07 10:01:30.054195.
2025-03-06 16:39:16,515 - root - INFO - Token Token-34 released from wait queue for 'Tech'
2025-03-06 16:39:16,516 - root - INFO - Token Token-34 waited 1555.50 minutes for resource
2025-03-06 16:39:16,516 - root - INFO - Token Token-34 started task 'Review AM using Asset Change Tracker (5.5.13.1)' at 2025-01-07 10:01:30.054195, scheduled to end at 2025-01-07 10:08:00.155134
2025-03-06 16:39:16,516 - root - INFO - Token Token-7 started task 'Unknown' at 2025-01-07 10:01:30.054195, scheduled to end at 2025-01-07 10:01:30.054195
2025-03-06 16:39:16,517 - root - INFO - Token Token-7 completed task 'Unknown' at 2025-01-07 10:01:30.054195.
2025-03-06 16:39:16,517 - root - INFO - Token Token-7 has completed the entire process at 2025-01-07 10:01:30.054195.
2025-03-06 16:39:16,518 - root - INFO - Token Token-272 started task 'Monthly' at 2025-01-07 10:02:00, scheduled to end at 2025-01-07 10:02:00
2025-03-06 16:39:16,518 - root - INFO - Token Token-272 completed task 'Monthly' at 2025-01-07 10:02:00.
2025-03-06 16:39:16,518 - root - INFO - Token Token-272 waiting for resource 'Tech' at 2025-01-07 10:02:00
2025-03-06 16:39:16,519 - root - INFO - Token Token-273 started task 'Monthly' at 2025-01-07 10:04:00, scheduled to end at 2025-01-07 10:04:00
2025-03-06 16:39:16,520 - root - INFO - Token Token-273 completed task 'Monthly' at 2025-01-07 10:04:00.
2025-03-06 16:39:16,521 - root - INFO - Token Token-273 waiting for resource 'Tech' at 2025-01-07 10:04:00
2025-03-06 16:39:16,536 - root - INFO - Token Token-274 started task 'Monthly' at 2025-01-07 10:06:00, scheduled to end at 2025-01-07 10:06:00
2025-03-06 16:39:16,536 - root - INFO - Token Token-274 completed task 'Monthly' at 2025-01-07 10:06:00.
2025-03-06 16:39:16,537 - root - INFO - Token Token-274 waiting for resource 'Tech' at 2025-01-07 10:06:00
2025-03-06 16:39:16,537 - root - INFO - Token Token-275 started task 'Monthly' at 2025-01-07 10:08:00, scheduled to end at 2025-01-07 10:08:00
2025-03-06 16:39:16,537 - root - INFO - Token Token-275 completed task 'Monthly' at 2025-01-07 10:08:00.
2025-03-06 16:39:16,537 - root - INFO - Token Token-275 waiting for resource 'Tech' at 2025-01-07 10:08:00
2025-03-06 16:39:16,537 - root - INFO - Token Token-34 completed task 'Review AM using Asset Change Tracker (5.5.13.1)' at 2025-01-07 10:08:00.155134.
2025-03-06 16:39:16,537 - root - INFO - Token Token-35 released from wait queue for 'Tech'
2025-03-06 16:39:16,537 - root - INFO - Token Token-35 waited 1560.00 minutes for resource
2025-03-06 16:39:16,538 - root - INFO - Token Token-35 started task 'Review AM using Asset Change Tracker (5.5.13.1)' at 2025-01-07 10:08:00.155134, scheduled to end at 2025-01-07 10:16:44.475425
2025-03-06 16:39:16,538 - root - INFO - Token Token-34 started task 'Complete /Accurate?' at 2025-01-07 10:08:00.155134, scheduled to end at 2025-01-07 10:08:00.155134
2025-03-06 16:39:16,538 - root - INFO - Token Token-34 completed task 'Complete /Accurate?' at 2025-01-07 10:08:00.155134.
2025-03-06 16:39:16,539 - root - INFO - Token Token-34 waiting for resource 'Tech' at 2025-01-07 10:08:00.155134
2025-03-06 16:39:16,539 - root - INFO - Token Token-276 started task 'Monthly' at 2025-01-07 10:10:00, scheduled to end at 2025-01-07 10:10:00
2025-03-06 16:39:16,539 - root - INFO - Token Token-276 completed task 'Monthly' at 2025-01-07 10:10:00.
2025-03-06 16:39:16,539 - root - INFO - Token Token-276 waiting for resource 'Tech' at 2025-01-07 10:10:00
2025-03-06 16:39:16,539 - root - INFO - Token Token-277 started task 'Monthly' at 2025-01-07 10:12:00, scheduled to end at 2025-01-07 10:12:00
2025-03-06 16:39:16,540 - root - INFO - Token Token-277 completed task 'Monthly' at 2025-01-07 10:12:00.
2025-03-06 16:39:16,540 - root - INFO - Token Token-277 waiting for resource 'Tech' at 2025-01-07 10:12:00
2025-03-06 16:39:16,540 - root - INFO - Token Token-278 started task 'Monthly' at 2025-01-07 10:14:00, scheduled to end at 2025-01-07 10:14:00
2025-03-06 16:39:16,540 - root - INFO - Token Token-278 completed task 'Monthly' at 2025-01-07 10:14:00.
2025-03-06 16:39:16,541 - root - INFO - Token Token-278 waiting for resource 'Tech' at 2025-01-07 10:14:00
2025-03-06 16:39:16,541 - root - INFO - Token Token-279 started task 'Monthly' at 2025-01-07 10:16:00, scheduled to end at 2025-01-07 10:16:00
2025-03-06 16:39:16,541 - root - INFO - Token Token-279 completed task 'Monthly' at 2025-01-07 10:16:00.
2025-03-06 16:39:16,541 - root - INFO - Token Token-279 waiting for resource 'Tech' at 2025-01-07 10:16:00
2025-03-06 16:39:16,542 - root - INFO - Token Token-35 completed task 'Review AM using Asset Change Tracker (5.5.13.1)' at 2025-01-07 10:16:44.475425.
2025-03-06 16:39:16,542 - root - INFO - Token Token-36 released from wait queue for 'Tech'
2025-03-06 16:39:16,542 - root - INFO - Token Token-36 waited 1566.74 minutes for resource
2025-03-06 16:39:16,542 - root - INFO - Token Token-36 started task 'Review AM using Asset Change Tracker (5.5.13.1)' at 2025-01-07 10:16:44.475425, scheduled to end at 2025-01-07 10:24:56.146007
2025-03-06 16:39:16,543 - root - INFO - Token Token-35 started task 'Complete /Accurate?' at 2025-01-07 10:16:44.475425, scheduled to end at 2025-01-07 10:16:44.475425
2025-03-06 16:39:16,544 - root - INFO - Token Token-35 completed task 'Complete /Accurate?' at 2025-01-07 10:16:44.475425.
2025-03-06 16:39:16,544 - root - INFO - Token Token-35 waiting for resource 'Tech' at 2025-01-07 10:16:44.475425
2025-03-06 16:39:16,544 - root - INFO - Token Token-280 started task 'Monthly' at 2025-01-07 10:18:00, scheduled to end at 2025-01-07 10:18:00
2025-03-06 16:39:16,545 - root - INFO - Token Token-280 completed task 'Monthly' at 2025-01-07 10:18:00.
2025-03-06 16:39:16,545 - root - INFO - Token Token-280 waiting for resource 'Tech' at 2025-01-07 10:18:00
2025-03-06 16:39:16,545 - root - INFO - Token Token-281 started task 'Monthly' at 2025-01-07 10:20:00, scheduled to end at 2025-01-07 10:20:00
2025-03-06 16:39:16,545 - root - INFO - Token Token-281 completed task 'Monthly' at 2025-01-07 10:20:00.
2025-03-06 16:39:16,546 - root - INFO - Token Token-281 waiting for resource 'Tech' at 2025-01-07 10:20:00
2025-03-06 16:39:16,546 - root - INFO - Token Token-282 started task 'Monthly' at 2025-01-07 10:22:00, scheduled to end at 2025-01-07 10:22:00
2025-03-06 16:39:16,546 - root - INFO - Token Token-282 completed task 'Monthly' at 2025-01-07 10:22:00.
2025-03-06 16:39:16,546 - root - INFO - Token Token-282 waiting for resource 'Tech' at 2025-01-07 10:22:00
2025-03-06 16:39:16,547 - root - INFO - Token Token-283 started task 'Monthly' at 2025-01-07 10:24:00, scheduled to end at 2025-01-07 10:24:00
2025-03-06 16:39:16,547 - root - INFO - Token Token-283 completed task 'Monthly' at 2025-01-07 10:24:00.
2025-03-06 16:39:16,547 - root - INFO - Token Token-283 waiting for resource 'Tech' at 2025-01-07 10:24:00
2025-03-06 16:39:16,549 - root - INFO - Token Token-36 completed task 'Review AM using Asset Change Tracker (5.5.13.1)' at 2025-01-07 10:24:56.146007.
2025-03-06 16:39:16,550 - root - INFO - Token Token-37 released from wait queue for 'Tech'
2025-03-06 16:39:16,550 - root - INFO - Token Token-37 waited 1572.94 minutes for resource
2025-03-06 16:39:16,550 - root - INFO - Token Token-37 started task 'Review AM using Asset Change Tracker (5.5.13.1)' at 2025-01-07 10:24:56.146007, scheduled to end at 2025-01-07 10:32:40.444645
2025-03-06 16:39:16,551 - root - INFO - Token Token-36 started task 'Complete /Accurate?' at 2025-01-07 10:24:56.146007, scheduled to end at 2025-01-07 10:24:56.146007
2025-03-06 16:39:16,551 - root - INFO - Token Token-36 completed task 'Complete /Accurate?' at 2025-01-07 10:24:56.146007.
2025-03-06 16:39:16,552 - root - INFO - Token Token-36 waiting for resource 'Tech' at 2025-01-07 10:24:56.146007
2025-03-06 16:39:16,552 - root - INFO - Token Token-284 started task 'Monthly' at 2025-01-07 10:26:00, scheduled to end at 2025-01-07 10:26:00
2025-03-06 16:39:16,552 - root - INFO - Token Token-284 completed task 'Monthly' at 2025-01-07 10:26:00.
2025-03-06 16:39:16,553 - root - INFO - Token Token-284 waiting for resource 'Tech' at 2025-01-07 10:26:00
2025-03-06 16:39:16,553 - root - INFO - Token Token-285 started task 'Monthly' at 2025-01-07 10:28:00, scheduled to end at 2025-01-07 10:28:00
2025-03-06 16:39:16,554 - root - INFO - Token Token-285 completed task 'Monthly' at 2025-01-07 10:28:00.
2025-03-06 16:39:16,554 - root - INFO - Token Token-285 waiting for resource 'Tech' at 2025-01-07 10:28:00
2025-03-06 16:39:16,555 - root - INFO - Token Token-286 started task 'Monthly' at 2025-01-07 10:30:00, scheduled to end at 2025-01-07 10:30:00
2025-03-06 16:39:16,555 - root - INFO - Token Token-286 completed task 'Monthly' at 2025-01-07 10:30:00.
2025-03-06 16:39:16,555 - root - INFO - Token Token-286 waiting for resource 'Tech' at 2025-01-07 10:30:00
2025-03-06 16:39:16,557 - root - INFO - Token Token-287 started task 'Monthly' at 2025-01-07 10:32:00, scheduled to end at 2025-01-07 10:32:00
2025-03-06 16:39:16,557 - root - INFO - Token Token-287 completed task 'Monthly' at 2025-01-07 10:32:00.
2025-03-06 16:39:16,557 - root - INFO - Token Token-287 waiting for resource 'Tech' at 2025-01-07 10:32:00
2025-03-06 16:39:16,557 - root - INFO - Token Token-37 completed task 'Review AM using Asset Change Tracker (5.5.13.1)' at 2025-01-07 10:32:40.444645.
2025-03-06 16:39:16,558 - root - INFO - Token Token-8 released from wait queue for 'Tech'
2025-03-06 16:39:16,558 - root - INFO - Token Token-8 waited 1579.28 minutes for resource
2025-03-06 16:39:16,558 - root - INFO - Token Token-8 started task 'Work with REO RPO to Correct (5.5.13.3)' at 2025-01-07 10:32:40.444645, scheduled to end at 2025-01-07 12:18:05.497489
2025-03-06 16:39:16,559 - root - INFO - Token Token-37 started task 'Complete /Accurate?' at 2025-01-07 10:32:40.444645, scheduled to end at 2025-01-07 10:32:40.444645
2025-03-06 16:39:16,559 - root - INFO - Token Token-37 completed task 'Complete /Accurate?' at 2025-01-07 10:32:40.444645.
2025-03-06 16:39:16,560 - root - INFO - Token Token-37 waiting for resource 'Tech' at 2025-01-07 10:32:40.444645
2025-03-06 16:39:16,560 - root - INFO - Token Token-288 started task 'Monthly' at 2025-01-07 10:34:00, scheduled to end at 2025-01-07 10:34:00
2025-03-06 16:39:16,560 - root - INFO - Token Token-288 completed task 'Monthly' at 2025-01-07 10:34:00.
2025-03-06 16:39:16,561 - root - INFO - Token Token-288 waiting for resource 'Tech' at 2025-01-07 10:34:00
2025-03-06 16:39:16,561 - root - INFO - Token Token-289 started task 'Monthly' at 2025-01-07 10:36:00, scheduled to end at 2025-01-07 10:36:00
2025-03-06 16:39:16,562 - root - INFO - Token Token-289 completed task 'Monthly' at 2025-01-07 10:36:00.
2025-03-06 16:39:16,563 - root - INFO - Token Token-289 waiting for resource 'Tech' at 2025-01-07 10:36:00
2025-03-06 16:39:16,563 - root - INFO - Token Token-290 started task 'Monthly' at 2025-01-07 10:38:00, scheduled to end at 2025-01-07 10:38:00
2025-03-06 16:39:16,563 - root - INFO - Token Token-290 completed task 'Monthly' at 2025-01-07 10:38:00.
2025-03-06 16:39:16,564 - root - INFO - Token Token-290 waiting for resource 'Tech' at 2025-01-07 10:38:00
2025-03-06 16:39:16,564 - root - INFO - Token Token-291 started task 'Monthly' at 2025-01-07 10:40:00, scheduled to end at 2025-01-07 10:40:00
2025-03-06 16:39:16,565 - root - INFO - Token Token-291 completed task 'Monthly' at 2025-01-07 10:40:00.
2025-03-06 16:39:16,565 - root - INFO - Token Token-291 waiting for resource 'Tech' at 2025-01-07 10:40:00
2025-03-06 16:39:16,565 - root - INFO - Token Token-292 started task 'Monthly' at 2025-01-07 10:42:00, scheduled to end at 2025-01-07 10:42:00
2025-03-06 16:39:16,566 - root - INFO - Token Token-292 completed task 'Monthly' at 2025-01-07 10:42:00.
2025-03-06 16:39:16,566 - root - INFO - Token Token-292 waiting for resource 'Tech' at 2025-01-07 10:42:00
2025-03-06 16:39:16,567 - root - INFO - Token Token-293 started task 'Monthly' at 2025-01-07 10:44:00, scheduled to end at 2025-01-07 10:44:00
2025-03-06 16:39:16,567 - root - INFO - Token Token-293 completed task 'Monthly' at 2025-01-07 10:44:00.
2025-03-06 16:39:16,567 - root - INFO - Token Token-293 waiting for resource 'Tech' at 2025-01-07 10:44:00
2025-03-06 16:39:16,568 - root - INFO - Token Token-294 started task 'Monthly' at 2025-01-07 10:46:00, scheduled to end at 2025-01-07 10:46:00
2025-03-06 16:39:16,568 - root - INFO - Token Token-294 completed task 'Monthly' at 2025-01-07 10:46:00.
2025-03-06 16:39:16,569 - root - INFO - Token Token-294 waiting for resource 'Tech' at 2025-01-07 10:46:00
2025-03-06 16:39:16,569 - root - INFO - Token Token-295 started task 'Monthly' at 2025-01-07 10:48:00, scheduled to end at 2025-01-07 10:48:00
2025-03-06 16:39:16,569 - root - INFO - Token Token-295 completed task 'Monthly' at 2025-01-07 10:48:00.
2025-03-06 16:39:16,570 - root - INFO - Token Token-295 waiting for resource 'Tech' at 2025-01-07 10:48:00
2025-03-06 16:39:16,570 - root - INFO - Token Token-296 started task 'Monthly' at 2025-01-07 10:50:00, scheduled to end at 2025-01-07 10:50:00
2025-03-06 16:39:16,571 - root - INFO - Token Token-296 completed task 'Monthly' at 2025-01-07 10:50:00.
2025-03-06 16:39:16,571 - root - INFO - Token Token-296 waiting for resource 'Tech' at 2025-01-07 10:50:00
2025-03-06 16:39:16,571 - root - INFO - Token Token-297 started task 'Monthly' at 2025-01-07 10:52:00, scheduled to end at 2025-01-07 10:52:00
2025-03-06 16:39:16,572 - root - INFO - Token Token-297 completed task 'Monthly' at 2025-01-07 10:52:00.
2025-03-06 16:39:16,572 - root - INFO - Token Token-297 waiting for resource 'Tech' at 2025-01-07 10:52:00
2025-03-06 16:39:16,587 - root - INFO - Token Token-298 started task 'Monthly' at 2025-01-07 10:54:00, scheduled to end at 2025-01-07 10:54:00
2025-03-06 16:39:16,587 - root - INFO - Token Token-298 completed task 'Monthly' at 2025-01-07 10:54:00.
2025-03-06 16:39:16,588 - root - INFO - Token Token-298 waiting for resource 'Tech' at 2025-01-07 10:54:00
2025-03-06 16:39:16,588 - root - INFO - Token Token-299 started task 'Monthly' at 2025-01-07 10:56:00, scheduled to end at 2025-01-07 10:56:00
2025-03-06 16:39:16,588 - root - INFO - Token Token-299 completed task 'Monthly' at 2025-01-07 10:56:00.
2025-03-06 16:39:16,588 - root - INFO - Token Token-299 waiting for resource 'Tech' at 2025-01-07 10:56:00
2025-03-06 16:39:16,589 - root - INFO - Token Token-300 started task 'Monthly' at 2025-01-07 10:58:00, scheduled to end at 2025-01-07 10:58:00
2025-03-06 16:39:16,589 - root - INFO - Token Token-300 completed task 'Monthly' at 2025-01-07 10:58:00.
2025-03-06 16:39:16,589 - root - INFO - Token Token-300 waiting for resource 'Tech' at 2025-01-07 10:58:00
2025-03-06 16:39:16,589 - root - INFO - Token Token-301 started task 'Monthly' at 2025-01-07 11:00:00, scheduled to end at 2025-01-07 11:00:00
2025-03-06 16:39:16,590 - root - INFO - Token Token-301 completed task 'Monthly' at 2025-01-07 11:00:00.
2025-03-06 16:39:16,590 - root - INFO - Token Token-301 waiting for resource 'Tech' at 2025-01-07 11:00:00
2025-03-06 16:39:16,590 - root - INFO - Token Token-302 started task 'Monthly' at 2025-01-07 11:02:00, scheduled to end at 2025-01-07 11:02:00
2025-03-06 16:39:16,590 - root - INFO - Token Token-302 completed task 'Monthly' at 2025-01-07 11:02:00.
2025-03-06 16:39:16,590 - root - INFO - Token Token-302 waiting for resource 'Tech' at 2025-01-07 11:02:00
2025-03-06 16:39:16,591 - root - INFO - Token Token-303 started task 'Monthly' at 2025-01-07 11:04:00, scheduled to end at 2025-01-07 11:04:00
2025-03-06 16:39:16,591 - root - INFO - Token Token-303 completed task 'Monthly' at 2025-01-07 11:04:00.
2025-03-06 16:39:16,591 - root - INFO - Token Token-303 waiting for resource 'Tech' at 2025-01-07 11:04:00
2025-03-06 16:39:16,591 - root - INFO - Token Token-304 started task 'Monthly' at 2025-01-07 11:06:00, scheduled to end at 2025-01-07 11:06:00
2025-03-06 16:39:16,591 - root - INFO - Token Token-304 completed task 'Monthly' at 2025-01-07 11:06:00.
2025-03-06 16:39:16,592 - root - INFO - Token Token-304 waiting for resource 'Tech' at 2025-01-07 11:06:00
2025-03-06 16:39:16,592 - root - INFO - Token Token-305 started task 'Monthly' at 2025-01-07 11:08:00, scheduled to end at 2025-01-07 11:08:00
2025-03-06 16:39:16,592 - root - INFO - Token Token-305 completed task 'Monthly' at 2025-01-07 11:08:00.
2025-03-06 16:39:16,592 - root - INFO - Token Token-305 waiting for resource 'Tech' at 2025-01-07 11:08:00
2025-03-06 16:39:16,593 - root - INFO - Token Token-306 started task 'Monthly' at 2025-01-07 11:10:00, scheduled to end at 2025-01-07 11:10:00
2025-03-06 16:39:16,593 - root - INFO - Token Token-306 completed task 'Monthly' at 2025-01-07 11:10:00.
2025-03-06 16:39:16,593 - root - INFO - Token Token-306 waiting for resource 'Tech' at 2025-01-07 11:10:00
2025-03-06 16:39:16,593 - root - INFO - Token Token-307 started task 'Monthly' at 2025-01-07 11:12:00, scheduled to end at 2025-01-07 11:12:00
2025-03-06 16:39:16,593 - root - INFO - Token Token-307 completed task 'Monthly' at 2025-01-07 11:12:00.
2025-03-06 16:39:16,594 - root - INFO - Token Token-307 waiting for resource 'Tech' at 2025-01-07 11:12:00
2025-03-06 16:39:16,594 - root - INFO - Token Token-308 started task 'Monthly' at 2025-01-07 11:14:00, scheduled to end at 2025-01-07 11:14:00
2025-03-06 16:39:16,595 - root - INFO - Token Token-308 completed task 'Monthly' at 2025-01-07 11:14:00.
2025-03-06 16:39:16,595 - root - INFO - Token Token-308 waiting for resource 'Tech' at 2025-01-07 11:14:00
2025-03-06 16:39:16,595 - root - INFO - Token Token-309 started task 'Monthly' at 2025-01-07 11:16:00, scheduled to end at 2025-01-07 11:16:00
2025-03-06 16:39:16,596 - root - INFO - Token Token-309 completed task 'Monthly' at 2025-01-07 11:16:00.
2025-03-06 16:39:16,596 - root - INFO - Token Token-309 waiting for resource 'Tech' at 2025-01-07 11:16:00
2025-03-06 16:39:16,598 - root - INFO - Token Token-310 started task 'Monthly' at 2025-01-07 11:18:00, scheduled to end at 2025-01-07 11:18:00
2025-03-06 16:39:16,599 - root - INFO - Token Token-310 completed task 'Monthly' at 2025-01-07 11:18:00.
2025-03-06 16:39:16,599 - root - INFO - Token Token-310 waiting for resource 'Tech' at 2025-01-07 11:18:00
2025-03-06 16:39:16,599 - root - INFO - Token Token-311 started task 'Monthly' at 2025-01-07 11:20:00, scheduled to end at 2025-01-07 11:20:00
2025-03-06 16:39:16,600 - root - INFO - Token Token-311 completed task 'Monthly' at 2025-01-07 11:20:00.
2025-03-06 16:39:16,600 - root - INFO - Token Token-311 waiting for resource 'Tech' at 2025-01-07 11:20:00
2025-03-06 16:39:16,601 - root - INFO - Token Token-312 started task 'Monthly' at 2025-01-07 11:22:00, scheduled to end at 2025-01-07 11:22:00
2025-03-06 16:39:16,601 - root - INFO - Token Token-312 completed task 'Monthly' at 2025-01-07 11:22:00.
2025-03-06 16:39:16,601 - root - INFO - Token Token-312 waiting for resource 'Tech' at 2025-01-07 11:22:00
2025-03-06 16:39:16,602 - root - INFO - Token Token-313 started task 'Monthly' at 2025-01-07 11:24:00, scheduled to end at 2025-01-07 11:24:00
2025-03-06 16:39:16,602 - root - INFO - Token Token-313 completed task 'Monthly' at 2025-01-07 11:24:00.
2025-03-06 16:39:16,602 - root - INFO - Token Token-313 waiting for resource 'Tech' at 2025-01-07 11:24:00
2025-03-06 16:39:16,603 - root - INFO - Token Token-314 started task 'Monthly' at 2025-01-07 11:26:00, scheduled to end at 2025-01-07 11:26:00
2025-03-06 16:39:16,603 - root - INFO - Token Token-314 completed task 'Monthly' at 2025-01-07 11:26:00.
2025-03-06 16:39:16,604 - root - INFO - Token Token-314 waiting for resource 'Tech' at 2025-01-07 11:26:00
2025-03-06 16:39:16,604 - root - INFO - Token Token-315 started task 'Monthly' at 2025-01-07 11:28:00, scheduled to end at 2025-01-07 11:28:00
2025-03-06 16:39:16,604 - root - INFO - Token Token-315 completed task 'Monthly' at 2025-01-07 11:28:00.
2025-03-06 16:39:16,605 - root - INFO - Token Token-315 waiting for resource 'Tech' at 2025-01-07 11:28:00
2025-03-06 16:39:16,605 - root - INFO - Token Token-316 started task 'Monthly' at 2025-01-07 11:30:00, scheduled to end at 2025-01-07 11:30:00
2025-03-06 16:39:16,606 - root - INFO - Token Token-316 completed task 'Monthly' at 2025-01-07 11:30:00.
2025-03-06 16:39:16,606 - root - INFO - Token Token-316 waiting for resource 'Tech' at 2025-01-07 11:30:00
2025-03-06 16:39:16,606 - root - INFO - Token Token-317 started task 'Monthly' at 2025-01-07 11:32:00, scheduled to end at 2025-01-07 11:32:00
2025-03-06 16:39:16,606 - root - INFO - Token Token-317 completed task 'Monthly' at 2025-01-07 11:32:00.
2025-03-06 16:39:16,607 - root - INFO - Token Token-317 waiting for resource 'Tech' at 2025-01-07 11:32:00
2025-03-06 16:39:16,607 - root - INFO - Token Token-318 started task 'Monthly' at 2025-01-07 11:34:00, scheduled to end at 2025-01-07 11:34:00
2025-03-06 16:39:16,608 - root - INFO - Token Token-318 completed task 'Monthly' at 2025-01-07 11:34:00.
2025-03-06 16:39:16,608 - root - INFO - Token Token-318 waiting for resource 'Tech' at 2025-01-07 11:34:00
2025-03-06 16:39:16,608 - root - INFO - Token Token-319 started task 'Monthly' at 2025-01-07 11:36:00, scheduled to end at 2025-01-07 11:36:00
2025-03-06 16:39:16,609 - root - INFO - Token Token-319 completed task 'Monthly' at 2025-01-07 11:36:00.
2025-03-06 16:39:16,609 - root - INFO - Token Token-319 waiting for resource 'Tech' at 2025-01-07 11:36:00
2025-03-06 16:39:16,609 - root - INFO - Token Token-320 started task 'Monthly' at 2025-01-07 11:38:00, scheduled to end at 2025-01-07 11:38:00
2025-03-06 16:39:16,610 - root - INFO - Token Token-320 completed task 'Monthly' at 2025-01-07 11:38:00.
2025-03-06 16:39:16,610 - root - INFO - Token Token-320 waiting for resource 'Tech' at 2025-01-07 11:38:00
2025-03-06 16:39:16,611 - root - INFO - Token Token-321 started task 'Monthly' at 2025-01-07 11:40:00, scheduled to end at 2025-01-07 11:40:00
2025-03-06 16:39:16,611 - root - INFO - Token Token-321 completed task 'Monthly' at 2025-01-07 11:40:00.
2025-03-06 16:39:16,611 - root - INFO - Token Token-321 waiting for resource 'Tech' at 2025-01-07 11:40:00
2025-03-06 16:39:16,612 - root - INFO - Token Token-322 started task 'Monthly' at 2025-01-07 11:42:00, scheduled to end at 2025-01-07 11:42:00
2025-03-06 16:39:16,612 - root - INFO - Token Token-322 completed task 'Monthly' at 2025-01-07 11:42:00.
2025-03-06 16:39:16,613 - root - INFO - Token Token-322 waiting for resource 'Tech' at 2025-01-07 11:42:00
2025-03-06 16:39:16,615 - root - INFO - Token Token-323 started task 'Monthly' at 2025-01-07 11:44:00, scheduled to end at 2025-01-07 11:44:00
2025-03-06 16:39:16,616 - root - INFO - Token Token-323 completed task 'Monthly' at 2025-01-07 11:44:00.
2025-03-06 16:39:16,631 - root - INFO - Token Token-323 waiting for resource 'Tech' at 2025-01-07 11:44:00
2025-03-06 16:39:16,632 - root - INFO - Token Token-324 started task 'Monthly' at 2025-01-07 11:46:00, scheduled to end at 2025-01-07 11:46:00
2025-03-06 16:39:16,632 - root - INFO - Token Token-324 completed task 'Monthly' at 2025-01-07 11:46:00.
2025-03-06 16:39:16,632 - root - INFO - Token Token-324 waiting for resource 'Tech' at 2025-01-07 11:46:00
2025-03-06 16:39:16,633 - root - INFO - Token Token-325 started task 'Monthly' at 2025-01-07 11:48:00, scheduled to end at 2025-01-07 11:48:00
2025-03-06 16:39:16,633 - root - INFO - Token Token-325 completed task 'Monthly' at 2025-01-07 11:48:00.
2025-03-06 16:39:16,633 - root - INFO - Token Token-325 waiting for resource 'Tech' at 2025-01-07 11:48:00
2025-03-06 16:39:16,633 - root - INFO - Token Token-326 started task 'Monthly' at 2025-01-07 11:50:00, scheduled to end at 2025-01-07 11:50:00
2025-03-06 16:39:16,634 - root - INFO - Token Token-326 completed task 'Monthly' at 2025-01-07 11:50:00.
2025-03-06 16:39:16,636 - root - INFO - Token Token-326 waiting for resource 'Tech' at 2025-01-07 11:50:00
2025-03-06 16:39:16,636 - root - INFO - Token Token-327 started task 'Monthly' at 2025-01-07 11:52:00, scheduled to end at 2025-01-07 11:52:00
2025-03-06 16:39:16,636 - root - INFO - Token Token-327 completed task 'Monthly' at 2025-01-07 11:52:00.
2025-03-06 16:39:16,636 - root - INFO - Token Token-327 waiting for resource 'Tech' at 2025-01-07 11:52:00
2025-03-06 16:39:16,637 - root - INFO - Token Token-328 started task 'Monthly' at 2025-01-07 11:54:00, scheduled to end at 2025-01-07 11:54:00
2025-03-06 16:39:16,637 - root - INFO - Token Token-328 completed task 'Monthly' at 2025-01-07 11:54:00.
2025-03-06 16:39:16,637 - root - INFO - Token Token-328 waiting for resource 'Tech' at 2025-01-07 11:54:00
2025-03-06 16:39:16,637 - root - INFO - Token Token-329 started task 'Monthly' at 2025-01-07 11:56:00, scheduled to end at 2025-01-07 11:56:00
2025-03-06 16:39:16,638 - root - INFO - Token Token-329 completed task 'Monthly' at 2025-01-07 11:56:00.
2025-03-06 16:39:16,638 - root - INFO - Token Token-329 waiting for resource 'Tech' at 2025-01-07 11:56:00
2025-03-06 16:39:16,638 - root - INFO - Token Token-330 started task 'Monthly' at 2025-01-07 11:58:00, scheduled to end at 2025-01-07 11:58:00
2025-03-06 16:39:16,638 - root - INFO - Token Token-330 completed task 'Monthly' at 2025-01-07 11:58:00.
2025-03-06 16:39:16,639 - root - INFO - Token Token-330 waiting for resource 'Tech' at 2025-01-07 11:58:00
2025-03-06 16:39:16,639 - root - INFO - Token Token-331 started task 'Monthly' at 2025-01-07 12:00:00, scheduled to end at 2025-01-07 12:00:00
2025-03-06 16:39:16,639 - root - INFO - Token Token-331 completed task 'Monthly' at 2025-01-07 12:00:00.
2025-03-06 16:39:16,640 - root - INFO - Token Token-331 waiting for resource 'Tech' at 2025-01-07 12:00:00
2025-03-06 16:39:16,640 - root - INFO - Token Token-332 started task 'Monthly' at 2025-01-07 12:02:00, scheduled to end at 2025-01-07 12:02:00
2025-03-06 16:39:16,641 - root - INFO - Token Token-332 completed task 'Monthly' at 2025-01-07 12:02:00.
2025-03-06 16:39:16,641 - root - INFO - Token Token-332 waiting for resource 'Tech' at 2025-01-07 12:02:00
2025-03-06 16:39:16,641 - root - INFO - Token Token-333 started task 'Monthly' at 2025-01-07 12:04:00, scheduled to end at 2025-01-07 12:04:00
2025-03-06 16:39:16,642 - root - INFO - Token Token-333 completed task 'Monthly' at 2025-01-07 12:04:00.
2025-03-06 16:39:16,642 - root - INFO - Token Token-333 waiting for resource 'Tech' at 2025-01-07 12:04:00
2025-03-06 16:39:16,644 - root - INFO - Token Token-334 started task 'Monthly' at 2025-01-07 12:06:00, scheduled to end at 2025-01-07 12:06:00
2025-03-06 16:39:16,644 - root - INFO - Token Token-334 completed task 'Monthly' at 2025-01-07 12:06:00.
2025-03-06 16:39:16,644 - root - INFO - Token Token-334 waiting for resource 'Tech' at 2025-01-07 12:06:00
2025-03-06 16:39:16,645 - root - INFO - Token Token-335 started task 'Monthly' at 2025-01-07 12:08:00, scheduled to end at 2025-01-07 12:08:00
2025-03-06 16:39:16,645 - root - INFO - Token Token-335 completed task 'Monthly' at 2025-01-07 12:08:00.
2025-03-06 16:39:16,646 - root - INFO - Token Token-335 waiting for resource 'Tech' at 2025-01-07 12:08:00
2025-03-06 16:39:16,646 - root - INFO - Token Token-336 started task 'Monthly' at 2025-01-07 12:10:00, scheduled to end at 2025-01-07 12:10:00
2025-03-06 16:39:16,646 - root - INFO - Token Token-336 completed task 'Monthly' at 2025-01-07 12:10:00.
2025-03-06 16:39:16,647 - root - INFO - Token Token-336 waiting for resource 'Tech' at 2025-01-07 12:10:00
2025-03-06 16:39:16,647 - root - INFO - Token Token-337 started task 'Monthly' at 2025-01-07 12:12:00, scheduled to end at 2025-01-07 12:12:00
2025-03-06 16:39:16,647 - root - INFO - Token Token-337 completed task 'Monthly' at 2025-01-07 12:12:00.
2025-03-06 16:39:16,648 - root - INFO - Token Token-337 waiting for resource 'Tech' at 2025-01-07 12:12:00
2025-03-06 16:39:16,648 - root - INFO - Token Token-338 started task 'Monthly' at 2025-01-07 12:14:00, scheduled to end at 2025-01-07 12:14:00
2025-03-06 16:39:16,649 - root - INFO - Token Token-338 completed task 'Monthly' at 2025-01-07 12:14:00.
2025-03-06 16:39:16,649 - root - INFO - Token Token-338 waiting for resource 'Tech' at 2025-01-07 12:14:00
2025-03-06 16:39:16,650 - root - INFO - Token Token-339 started task 'Monthly' at 2025-01-07 12:16:00, scheduled to end at 2025-01-07 12:16:00
2025-03-06 16:39:16,650 - root - INFO - Token Token-339 completed task 'Monthly' at 2025-01-07 12:16:00.
2025-03-06 16:39:16,651 - root - INFO - Token Token-339 waiting for resource 'Tech' at 2025-01-07 12:16:00
2025-03-06 16:39:16,651 - root - INFO - Token Token-340 started task 'Monthly' at 2025-01-07 12:18:00, scheduled to end at 2025-01-07 12:18:00
2025-03-06 16:39:16,651 - root - INFO - Token Token-340 completed task 'Monthly' at 2025-01-07 12:18:00.
2025-03-06 16:39:16,652 - root - INFO - Token Token-340 waiting for resource 'Tech' at 2025-01-07 12:18:00
2025-03-06 16:39:16,652 - root - INFO - Token Token-8 completed task 'Work with REO RPO to Correct (5.5.13.3)' at 2025-01-07 12:18:05.497489.
2025-03-06 16:39:16,652 - root - INFO - Token Token-38 released from wait queue for 'Tech'
2025-03-06 16:39:16,653 - root - INFO - Token Token-38 waited 1684.09 minutes for resource
2025-03-06 16:39:16,653 - root - INFO - Token Token-38 started task 'Review AM using Asset Change Tracker (5.5.13.1)' at 2025-01-07 12:18:05.497489, scheduled to end at 2025-01-07 12:25:33.193771
2025-03-06 16:39:16,654 - root - INFO - Token Token-8 started task 'Create Journal Entries?' at 2025-01-07 12:18:05.497489, scheduled to end at 2025-01-07 12:18:05.497489
2025-03-06 16:39:16,654 - root - INFO - Token Token-8 completed task 'Create Journal Entries?' at 2025-01-07 12:18:05.497489.
2025-03-06 16:39:16,654 - root - INFO - Token Token-8 waiting for resource 'Certifier' at 2025-01-07 12:18:05.497489
2025-03-06 16:39:16,655 - root - INFO - Token Token-8 started task 'Inclusive Path 3' at 2025-01-07 12:18:05.497489, scheduled to end at 2025-01-07 12:19:12.652266
2025-03-06 16:39:16,656 - root - INFO - Token Token-8 completed task 'Inclusive Path 3' at 2025-01-07 12:19:12.652266.
2025-03-06 16:39:16,656 - root - INFO - Token Token-8 started task 'Unknown' at 2025-01-07 12:19:12.652266, scheduled to end at 2025-01-07 12:19:12.652266
2025-03-06 16:39:16,656 - root - INFO - Token Token-8 completed task 'Unknown' at 2025-01-07 12:19:12.652266.
2025-03-06 16:39:16,657 - root - INFO - Token Token-8 has completed the entire process at 2025-01-07 12:19:12.652266.
2025-03-06 16:39:16,657 - root - INFO - Token Token-341 started task 'Monthly' at 2025-01-07 12:20:00, scheduled to end at 2025-01-07 12:20:00
2025-03-06 16:39:16,658 - root - INFO - Token Token-341 completed task 'Monthly' at 2025-01-07 12:20:00.
2025-03-06 16:39:16,674 - root - INFO - Token Token-341 waiting for resource 'Tech' at 2025-01-07 12:20:00
2025-03-06 16:39:16,674 - root - INFO - Token Token-342 started task 'Monthly' at 2025-01-07 12:22:00, scheduled to end at 2025-01-07 12:22:00
2025-03-06 16:39:16,675 - root - INFO - Token Token-342 completed task 'Monthly' at 2025-01-07 12:22:00.
2025-03-06 16:39:16,675 - root - INFO - Token Token-342 waiting for resource 'Tech' at 2025-01-07 12:22:00
2025-03-06 16:39:16,675 - root - INFO - Token Token-343 started task 'Monthly' at 2025-01-07 12:24:00, scheduled to end at 2025-01-07 12:24:00
2025-03-06 16:39:16,675 - root - INFO - Token Token-343 completed task 'Monthly' at 2025-01-07 12:24:00.
2025-03-06 16:39:16,676 - root - INFO - Token Token-343 waiting for resource 'Tech' at 2025-01-07 12:24:00
2025-03-06 16:39:16,676 - root - INFO - Token Token-38 completed task 'Review AM using Asset Change Tracker (5.5.13.1)' at 2025-01-07 12:25:33.193771.
2025-03-06 16:39:16,676 - root - INFO - Token Token-39 released from wait queue for 'Tech'
2025-03-06 16:39:16,676 - root - INFO - Token Token-39 waited 1689.55 minutes for resource
2025-03-06 16:39:16,676 - root - INFO - Token Token-39 started task 'Review AM using Asset Change Tracker (5.5.13.1)' at 2025-01-07 12:25:33.193771, scheduled to end at 2025-01-07 12:34:33.361988
2025-03-06 16:39:16,677 - root - INFO - Token Token-38 started task 'Complete /Accurate?' at 2025-01-07 12:25:33.193771, scheduled to end at 2025-01-07 12:25:33.193771
2025-03-06 16:39:16,677 - root - INFO - Token Token-38 completed task 'Complete /Accurate?' at 2025-01-07 12:25:33.193771.
2025-03-06 16:39:16,677 - root - INFO - Token Token-38 waiting for resource 'Tech' at 2025-01-07 12:25:33.193771
2025-03-06 16:39:16,678 - root - INFO - Token Token-344 started task 'Monthly' at 2025-01-07 12:26:00, scheduled to end at 2025-01-07 12:26:00
2025-03-06 16:39:16,678 - root - INFO - Token Token-344 completed task 'Monthly' at 2025-01-07 12:26:00.
2025-03-06 16:39:16,678 - root - INFO - Token Token-344 waiting for resource 'Tech' at 2025-01-07 12:26:00
2025-03-06 16:39:16,678 - root - INFO - Token Token-345 started task 'Monthly' at 2025-01-07 12:28:00, scheduled to end at 2025-01-07 12:28:00
2025-03-06 16:39:16,678 - root - INFO - Token Token-345 completed task 'Monthly' at 2025-01-07 12:28:00.
2025-03-06 16:39:16,679 - root - INFO - Token Token-345 waiting for resource 'Tech' at 2025-01-07 12:28:00
2025-03-06 16:39:16,679 - root - INFO - Token Token-346 started task 'Monthly' at 2025-01-07 12:30:00, scheduled to end at 2025-01-07 12:30:00
2025-03-06 16:39:16,679 - root - INFO - Token Token-346 completed task 'Monthly' at 2025-01-07 12:30:00.
2025-03-06 16:39:16,679 - root - INFO - Token Token-346 waiting for resource 'Tech' at 2025-01-07 12:30:00
2025-03-06 16:39:16,679 - root - INFO - Token Token-347 started task 'Monthly' at 2025-01-07 12:32:00, scheduled to end at 2025-01-07 12:32:00
2025-03-06 16:39:16,680 - root - INFO - Token Token-347 completed task 'Monthly' at 2025-01-07 12:32:00.
2025-03-06 16:39:16,680 - root - INFO - Token Token-347 waiting for resource 'Tech' at 2025-01-07 12:32:00
2025-03-06 16:39:16,680 - root - INFO - Token Token-348 started task 'Monthly' at 2025-01-07 12:34:00, scheduled to end at 2025-01-07 12:34:00
2025-03-06 16:39:16,680 - root - INFO - Token Token-348 completed task 'Monthly' at 2025-01-07 12:34:00.
2025-03-06 16:39:16,681 - root - INFO - Token Token-348 waiting for resource 'Tech' at 2025-01-07 12:34:00
2025-03-06 16:39:16,682 - root - INFO - Token Token-39 completed task 'Review AM using Asset Change Tracker (5.5.13.1)' at 2025-01-07 12:34:33.361988.
2025-03-06 16:39:16,682 - root - INFO - Token Token-40 released from wait queue for 'Tech'
2025-03-06 16:39:16,682 - root - INFO - Token Token-40 waited 1696.56 minutes for resource
2025-03-06 16:39:16,682 - root - INFO - Token Token-40 started task 'Review AM using Asset Change Tracker (5.5.13.1)' at 2025-01-07 12:34:33.361988, scheduled to end at 2025-01-07 12:43:38.777516
2025-03-06 16:39:16,683 - root - INFO - Token Token-39 started task 'Complete /Accurate?' at 2025-01-07 12:34:33.361988, scheduled to end at 2025-01-07 12:34:33.361988
2025-03-06 16:39:16,683 - root - INFO - Token Token-39 completed task 'Complete /Accurate?' at 2025-01-07 12:34:33.361988.
2025-03-06 16:39:16,683 - root - INFO - Token Token-39 waiting for resource 'Tech' at 2025-01-07 12:34:33.361988
2025-03-06 16:39:16,683 - root - INFO - Token Token-349 started task 'Monthly' at 2025-01-07 12:36:00, scheduled to end at 2025-01-07 12:36:00
2025-03-06 16:39:16,683 - root - INFO - Token Token-349 completed task 'Monthly' at 2025-01-07 12:36:00.
2025-03-06 16:39:16,684 - root - INFO - Token Token-349 waiting for resource 'Tech' at 2025-01-07 12:36:00
2025-03-06 16:39:16,684 - root - INFO - Token Token-350 started task 'Monthly' at 2025-01-07 12:38:00, scheduled to end at 2025-01-07 12:38:00
2025-03-06 16:39:16,684 - root - INFO - Token Token-350 completed task 'Monthly' at 2025-01-07 12:38:00.
2025-03-06 16:39:16,684 - root - INFO - Token Token-350 waiting for resource 'Tech' at 2025-01-07 12:38:00
2025-03-06 16:39:16,685 - root - INFO - Token Token-351 started task 'Monthly' at 2025-01-07 12:40:00, scheduled to end at 2025-01-07 12:40:00
2025-03-06 16:39:16,686 - root - INFO - Token Token-351 completed task 'Monthly' at 2025-01-07 12:40:00.
2025-03-06 16:39:16,686 - root - INFO - Token Token-351 waiting for resource 'Tech' at 2025-01-07 12:40:00
2025-03-06 16:39:16,686 - root - INFO - Token Token-352 started task 'Monthly' at 2025-01-07 12:42:00, scheduled to end at 2025-01-07 12:42:00
2025-03-06 16:39:16,686 - root - INFO - Token Token-352 completed task 'Monthly' at 2025-01-07 12:42:00.
2025-03-06 16:39:16,687 - root - INFO - Token Token-352 waiting for resource 'Tech' at 2025-01-07 12:42:00
2025-03-06 16:39:16,688 - root - INFO - Token Token-40 completed task 'Review AM using Asset Change Tracker (5.5.13.1)' at 2025-01-07 12:43:38.777516.
2025-03-06 16:39:16,689 - root - INFO - Token Token-41 released from wait queue for 'Tech'
2025-03-06 16:39:16,689 - root - INFO - Token Token-41 waited 1703.65 minutes for resource
2025-03-06 16:39:16,690 - root - INFO - Token Token-41 started task 'Review AM using Asset Change Tracker (5.5.13.1)' at 2025-01-07 12:43:38.777516, scheduled to end at 2025-01-07 12:50:14.055085
2025-03-06 16:39:16,690 - root - INFO - Token Token-40 started task 'Complete /Accurate?' at 2025-01-07 12:43:38.777516, scheduled to end at 2025-01-07 12:43:38.777516
2025-03-06 16:39:16,691 - root - INFO - Token Token-40 completed task 'Complete /Accurate?' at 2025-01-07 12:43:38.777516.
2025-03-06 16:39:16,691 - root - INFO - Token Token-40 waiting for resource 'Tech' at 2025-01-07 12:43:38.777516
2025-03-06 16:39:16,692 - root - INFO - Token Token-353 started task 'Monthly' at 2025-01-07 12:44:00, scheduled to end at 2025-01-07 12:44:00
2025-03-06 16:39:16,692 - root - INFO - Token Token-353 completed task 'Monthly' at 2025-01-07 12:44:00.
2025-03-06 16:39:16,692 - root - INFO - Token Token-353 waiting for resource 'Tech' at 2025-01-07 12:44:00
2025-03-06 16:39:16,693 - root - INFO - Token Token-354 started task 'Monthly' at 2025-01-07 12:46:00, scheduled to end at 2025-01-07 12:46:00
2025-03-06 16:39:16,693 - root - INFO - Token Token-354 completed task 'Monthly' at 2025-01-07 12:46:00.
2025-03-06 16:39:16,693 - root - INFO - Token Token-354 waiting for resource 'Tech' at 2025-01-07 12:46:00
2025-03-06 16:39:16,694 - root - INFO - Token Token-355 started task 'Monthly' at 2025-01-07 12:48:00, scheduled to end at 2025-01-07 12:48:00
2025-03-06 16:39:16,694 - root - INFO - Token Token-355 completed task 'Monthly' at 2025-01-07 12:48:00.
2025-03-06 16:39:16,695 - root - INFO - Token Token-355 waiting for resource 'Tech' at 2025-01-07 12:48:00
2025-03-06 16:39:16,695 - root - INFO - Token Token-356 started task 'Monthly' at 2025-01-07 12:50:00, scheduled to end at 2025-01-07 12:50:00
2025-03-06 16:39:16,696 - root - INFO - Token Token-356 completed task 'Monthly' at 2025-01-07 12:50:00.
2025-03-06 16:39:16,696 - root - INFO - Token Token-356 waiting for resource 'Tech' at 2025-01-07 12:50:00
2025-03-06 16:39:16,696 - root - INFO - Token Token-41 completed task 'Review AM using Asset Change Tracker (5.5.13.1)' at 2025-01-07 12:50:14.055085.
2025-03-06 16:39:16,697 - root - INFO - Token Token-42 released from wait queue for 'Tech'
2025-03-06 16:39:16,697 - root - INFO - Token Token-42 waited 1708.23 minutes for resource
2025-03-06 16:39:16,698 - root - INFO - Token Token-42 started task 'Review AM using Asset Change Tracker (5.5.13.1)' at 2025-01-07 12:50:14.055085, scheduled to end at 2025-01-07 12:59:43.651346
2025-03-06 16:39:16,698 - root - INFO - Token Token-41 started task 'Complete /Accurate?' at 2025-01-07 12:50:14.055085, scheduled to end at 2025-01-07 12:50:14.055085
2025-03-06 16:39:16,698 - root - INFO - Token Token-41 completed task 'Complete /Accurate?' at 2025-01-07 12:50:14.055085.
2025-03-06 16:39:16,699 - root - INFO - Token Token-41 waiting for resource 'Tech' at 2025-01-07 12:50:14.055085
2025-03-06 16:39:16,700 - root - INFO - Token Token-357 started task 'Monthly' at 2025-01-07 12:52:00, scheduled to end at 2025-01-07 12:52:00
2025-03-06 16:39:16,700 - root - INFO - Token Token-357 completed task 'Monthly' at 2025-01-07 12:52:00.
2025-03-06 16:39:16,700 - root - INFO - Token Token-357 waiting for resource 'Tech' at 2025-01-07 12:52:00
2025-03-06 16:39:16,701 - root - INFO - Token Token-358 started task 'Monthly' at 2025-01-07 12:54:00, scheduled to end at 2025-01-07 12:54:00
2025-03-06 16:39:16,701 - root - INFO - Token Token-358 completed task 'Monthly' at 2025-01-07 12:54:00.
2025-03-06 16:39:16,701 - root - INFO - Token Token-358 waiting for resource 'Tech' at 2025-01-07 12:54:00
2025-03-06 16:39:16,702 - root - INFO - Token Token-359 started task 'Monthly' at 2025-01-07 12:56:00, scheduled to end at 2025-01-07 12:56:00
2025-03-06 16:39:16,702 - root - INFO - Token Token-359 completed task 'Monthly' at 2025-01-07 12:56:00.
2025-03-06 16:39:16,703 - root - INFO - Token Token-359 waiting for resource 'Tech' at 2025-01-07 12:56:00
2025-03-06 16:39:16,703 - root - INFO - Token Token-360 started task 'Monthly' at 2025-01-07 12:58:00, scheduled to end at 2025-01-07 12:58:00
2025-03-06 16:39:16,703 - root - INFO - Token Token-360 completed task 'Monthly' at 2025-01-07 12:58:00.
2025-03-06 16:39:16,704 - root - INFO - Token Token-360 waiting for resource 'Tech' at 2025-01-07 12:58:00
2025-03-06 16:39:16,704 - root - INFO - Token Token-42 completed task 'Review AM using Asset Change Tracker (5.5.13.1)' at 2025-01-07 12:59:43.651346.
2025-03-06 16:39:16,705 - root - INFO - Token Token-43 released from wait queue for 'Tech'
2025-03-06 16:39:16,705 - root - INFO - Token Token-43 waited 1715.73 minutes for resource
2025-03-06 16:39:16,705 - root - INFO - Token Token-43 started task 'Review AM using Asset Change Tracker (5.5.13.1)' at 2025-01-07 12:59:43.651346, scheduled to end at 2025-01-08 07:00:00
2025-03-06 16:39:16,706 - root - INFO - Token Token-42 started task 'Complete /Accurate?' at 2025-01-07 12:59:43.651346, scheduled to end at 2025-01-07 12:59:43.651346
2025-03-06 16:39:16,706 - root - INFO - Token Token-42 completed task 'Complete /Accurate?' at 2025-01-07 12:59:43.651346.
2025-03-06 16:39:16,707 - root - INFO - Token Token-42 waiting for resource 'Tech' at 2025-01-07 12:59:43.651346
2025-03-06 16:39:16,707 - root - INFO - Token Token-361 started task 'Monthly' at 2025-01-08 07:00:00, scheduled to end at 2025-01-08 07:00:00
2025-03-06 16:39:16,707 - root - INFO - Token Token-43 completed task 'Review AM using Asset Change Tracker (5.5.13.1)' at 2025-01-08 07:00:00.
2025-03-06 16:39:16,708 - root - INFO - Token Token-44 released from wait queue for 'Tech'
2025-03-06 16:39:16,708 - root - INFO - Token Token-361 completed task 'Monthly' at 2025-01-08 07:00:00.
2025-03-06 16:39:16,709 - root - INFO - Token Token-44 waited 2794.00 minutes for resource
2025-03-06 16:39:16,709 - root - INFO - Token Token-44 started task 'Review AM using Asset Change Tracker (5.5.13.1)' at 2025-01-08 07:00:00, scheduled to end at 2025-01-08 07:09:08.661921
2025-03-06 16:39:16,710 - root - INFO - Token Token-43 started task 'Complete /Accurate?' at 2025-01-08 07:00:00, scheduled to end at 2025-01-08 07:00:00
2025-03-06 16:39:16,712 - root - INFO - Token Token-361 waiting for resource 'Tech' at 2025-01-08 07:00:00
2025-03-06 16:39:16,712 - root - INFO - Token Token-43 completed task 'Complete /Accurate?' at 2025-01-08 07:00:00.
2025-03-06 16:39:16,725 - root - INFO - Token Token-43 waiting for resource 'Tech' at 2025-01-08 07:00:00
2025-03-06 16:39:16,726 - root - INFO - Token Token-362 started task 'Monthly' at 2025-01-08 07:02:00, scheduled to end at 2025-01-08 07:02:00
2025-03-06 16:39:16,726 - root - INFO - Token Token-362 completed task 'Monthly' at 2025-01-08 07:02:00.
2025-03-06 16:39:16,726 - root - INFO - Token Token-362 waiting for resource 'Tech' at 2025-01-08 07:02:00
2025-03-06 16:39:16,727 - root - INFO - Token Token-363 started task 'Monthly' at 2025-01-08 07:04:00, scheduled to end at 2025-01-08 07:04:00
2025-03-06 16:39:16,727 - root - INFO - Token Token-363 completed task 'Monthly' at 2025-01-08 07:04:00.
2025-03-06 16:39:16,727 - root - INFO - Token Token-363 waiting for resource 'Tech' at 2025-01-08 07:04:00
2025-03-06 16:39:16,727 - root - INFO - Token Token-364 started task 'Monthly' at 2025-01-08 07:06:00, scheduled to end at 2025-01-08 07:06:00
2025-03-06 16:39:16,728 - root - INFO - Token Token-364 completed task 'Monthly' at 2025-01-08 07:06:00.
2025-03-06 16:39:16,728 - root - INFO - Token Token-364 waiting for resource 'Tech' at 2025-01-08 07:06:00
2025-03-06 16:39:16,728 - root - INFO - Token Token-365 started task 'Monthly' at 2025-01-08 07:08:00, scheduled to end at 2025-01-08 07:08:00
2025-03-06 16:39:16,728 - root - INFO - Token Token-365 completed task 'Monthly' at 2025-01-08 07:08:00.
2025-03-06 16:39:16,729 - root - INFO - Token Token-365 waiting for resource 'Tech' at 2025-01-08 07:08:00
2025-03-06 16:39:16,729 - root - INFO - Token Token-44 completed task 'Review AM using Asset Change Tracker (5.5.13.1)' at 2025-01-08 07:09:08.661921.
2025-03-06 16:39:16,729 - root - INFO - Token Token-45 released from wait queue for 'Tech'
2025-03-06 16:39:16,729 - root - INFO - Token Token-45 waited 2801.14 minutes for resource
2025-03-06 16:39:16,729 - root - INFO - Token Token-45 started task 'Review AM using Asset Change Tracker (5.5.13.1)' at 2025-01-08 07:09:08.661921, scheduled to end at 2025-01-08 07:18:20.431065
2025-03-06 16:39:16,730 - root - INFO - Token Token-44 started task 'Complete /Accurate?' at 2025-01-08 07:09:08.661921, scheduled to end at 2025-01-08 07:09:08.661921
2025-03-06 16:39:16,730 - root - INFO - Token Token-44 completed task 'Complete /Accurate?' at 2025-01-08 07:09:08.661921.
2025-03-06 16:39:16,730 - root - INFO - Token Token-44 waiting for resource 'Tech' at 2025-01-08 07:09:08.661921
2025-03-06 16:39:16,730 - root - INFO - Token Token-366 started task 'Monthly' at 2025-01-08 07:10:00, scheduled to end at 2025-01-08 07:10:00
2025-03-06 16:39:16,731 - root - INFO - Token Token-366 completed task 'Monthly' at 2025-01-08 07:10:00.
2025-03-06 16:39:16,731 - root - INFO - Token Token-366 waiting for resource 'Tech' at 2025-01-08 07:10:00
2025-03-06 16:39:16,731 - root - INFO - Token Token-367 started task 'Monthly' at 2025-01-08 07:12:00, scheduled to end at 2025-01-08 07:12:00
2025-03-06 16:39:16,732 - root - INFO - Token Token-367 completed task 'Monthly' at 2025-01-08 07:12:00.
2025-03-06 16:39:16,732 - root - INFO - Token Token-367 waiting for resource 'Tech' at 2025-01-08 07:12:00
2025-03-06 16:39:16,733 - root - INFO - Token Token-368 started task 'Monthly' at 2025-01-08 07:14:00, scheduled to end at 2025-01-08 07:14:00
2025-03-06 16:39:16,733 - root - INFO - Token Token-368 completed task 'Monthly' at 2025-01-08 07:14:00.
2025-03-06 16:39:16,733 - root - INFO - Token Token-368 waiting for resource 'Tech' at 2025-01-08 07:14:00
2025-03-06 16:39:16,733 - root - INFO - Token Token-369 started task 'Monthly' at 2025-01-08 07:16:00, scheduled to end at 2025-01-08 07:16:00
2025-03-06 16:39:16,734 - root - INFO - Token Token-369 completed task 'Monthly' at 2025-01-08 07:16:00.
2025-03-06 16:39:16,734 - root - INFO - Token Token-369 waiting for resource 'Tech' at 2025-01-08 07:16:00
2025-03-06 16:39:16,735 - root - INFO - Token Token-370 started task 'Monthly' at 2025-01-08 07:18:00, scheduled to end at 2025-01-08 07:18:00
2025-03-06 16:39:16,735 - root - INFO - Token Token-370 completed task 'Monthly' at 2025-01-08 07:18:00.
2025-03-06 16:39:16,736 - root - INFO - Token Token-370 waiting for resource 'Tech' at 2025-01-08 07:18:00
2025-03-06 16:39:16,736 - root - INFO - Token Token-45 completed task 'Review AM using Asset Change Tracker (5.5.13.1)' at 2025-01-08 07:18:20.431065.
2025-03-06 16:39:16,737 - root - INFO - Token Token-46 released from wait queue for 'Tech'
2025-03-06 16:39:16,737 - root - INFO - Token Token-46 waited 2808.34 minutes for resource
2025-03-06 16:39:16,738 - root - INFO - Token Token-46 started task 'Review AM using Asset Change Tracker (5.5.13.1)' at 2025-01-08 07:18:20.431065, scheduled to end at 2025-01-08 07:24:39.622315
2025-03-06 16:39:16,738 - root - INFO - Token Token-45 started task 'Complete /Accurate?' at 2025-01-08 07:18:20.431065, scheduled to end at 2025-01-08 07:18:20.431065
2025-03-06 16:39:16,739 - root - INFO - Token Token-45 completed task 'Complete /Accurate?' at 2025-01-08 07:18:20.431065.
2025-03-06 16:39:16,739 - root - INFO - Token Token-45 waiting for resource 'Tech' at 2025-01-08 07:18:20.431065
2025-03-06 16:39:16,740 - root - INFO - Token Token-371 started task 'Monthly' at 2025-01-08 07:20:00, scheduled to end at 2025-01-08 07:20:00
2025-03-06 16:39:16,740 - root - INFO - Token Token-371 completed task 'Monthly' at 2025-01-08 07:20:00.
2025-03-06 16:39:16,741 - root - INFO - Token Token-371 waiting for resource 'Tech' at 2025-01-08 07:20:00
2025-03-06 16:39:16,741 - root - INFO - Token Token-372 started task 'Monthly' at 2025-01-08 07:22:00, scheduled to end at 2025-01-08 07:22:00
2025-03-06 16:39:16,741 - root - INFO - Token Token-372 completed task 'Monthly' at 2025-01-08 07:22:00.
2025-03-06 16:39:16,742 - root - INFO - Token Token-372 waiting for resource 'Tech' at 2025-01-08 07:22:00
2025-03-06 16:39:16,742 - root - INFO - Token Token-373 started task 'Monthly' at 2025-01-08 07:24:00, scheduled to end at 2025-01-08 07:24:00
2025-03-06 16:39:16,742 - root - INFO - Token Token-373 completed task 'Monthly' at 2025-01-08 07:24:00.
2025-03-06 16:39:16,743 - root - INFO - Token Token-373 waiting for resource 'Tech' at 2025-01-08 07:24:00
2025-03-06 16:39:16,743 - root - INFO - Token Token-46 completed task 'Review AM using Asset Change Tracker (5.5.13.1)' at 2025-01-08 07:24:39.622315.
2025-03-06 16:39:16,744 - root - INFO - Token Token-47 released from wait queue for 'Tech'
2025-03-06 16:39:16,744 - root - INFO - Token Token-47 waited 2812.66 minutes for resource
2025-03-06 16:39:16,744 - root - INFO - Token Token-47 started task 'Review AM using Asset Change Tracker (5.5.13.1)' at 2025-01-08 07:24:39.622315, scheduled to end at 2025-01-08 07:34:01.840844
2025-03-06 16:39:16,745 - root - INFO - Token Token-46 started task 'Complete /Accurate?' at 2025-01-08 07:24:39.622315, scheduled to end at 2025-01-08 07:24:39.622315
2025-03-06 16:39:16,745 - root - INFO - Token Token-46 completed task 'Complete /Accurate?' at 2025-01-08 07:24:39.622315.
2025-03-06 16:39:16,745 - root - INFO - Token Token-46 waiting for resource 'Tech' at 2025-01-08 07:24:39.622315
2025-03-06 16:39:16,746 - root - INFO - Token Token-374 started task 'Monthly' at 2025-01-08 07:26:00, scheduled to end at 2025-01-08 07:26:00
2025-03-06 16:39:16,746 - root - INFO - Token Token-374 completed task 'Monthly' at 2025-01-08 07:26:00.
2025-03-06 16:39:16,746 - root - INFO - Token Token-374 waiting for resource 'Tech' at 2025-01-08 07:26:00
2025-03-06 16:39:16,747 - root - INFO - Token Token-375 started task 'Monthly' at 2025-01-08 07:28:00, scheduled to end at 2025-01-08 07:28:00
2025-03-06 16:39:16,747 - root - INFO - Token Token-375 completed task 'Monthly' at 2025-01-08 07:28:00.
2025-03-06 16:39:16,747 - root - INFO - Token Token-375 waiting for resource 'Tech' at 2025-01-08 07:28:00
2025-03-06 16:39:16,748 - root - INFO - Token Token-376 started task 'Monthly' at 2025-01-08 07:30:00, scheduled to end at 2025-01-08 07:30:00
2025-03-06 16:39:16,749 - root - INFO - Token Token-376 completed task 'Monthly' at 2025-01-08 07:30:00.
2025-03-06 16:39:16,749 - root - INFO - Token Token-376 waiting for resource 'Tech' at 2025-01-08 07:30:00
2025-03-06 16:39:16,749 - root - INFO - Token Token-377 started task 'Monthly' at 2025-01-08 07:32:00, scheduled to end at 2025-01-08 07:32:00
2025-03-06 16:39:16,750 - root - INFO - Token Token-377 completed task 'Monthly' at 2025-01-08 07:32:00.
2025-03-06 16:39:16,750 - root - INFO - Token Token-377 waiting for resource 'Tech' at 2025-01-08 07:32:00
2025-03-06 16:39:16,751 - root - INFO - Token Token-378 started task 'Monthly' at 2025-01-08 07:34:00, scheduled to end at 2025-01-08 07:34:00
2025-03-06 16:39:16,768 - root - INFO - Token Token-378 completed task 'Monthly' at 2025-01-08 07:34:00.
2025-03-06 16:39:16,768 - root - INFO - Token Token-378 waiting for resource 'Tech' at 2025-01-08 07:34:00
2025-03-06 16:39:16,768 - root - INFO - Token Token-47 completed task 'Review AM using Asset Change Tracker (5.5.13.1)' at 2025-01-08 07:34:01.840844.
2025-03-06 16:39:16,769 - root - INFO - Token Token-48 released from wait queue for 'Tech'
2025-03-06 16:39:16,769 - root - INFO - Token Token-48 waited 2820.03 minutes for resource
2025-03-06 16:39:16,769 - root - INFO - Token Token-48 started task 'Review AM using Asset Change Tracker (5.5.13.1)' at 2025-01-08 07:34:01.840844, scheduled to end at 2025-01-08 07:43:34.118548
2025-03-06 16:39:16,769 - root - INFO - Token Token-47 started task 'Complete /Accurate?' at 2025-01-08 07:34:01.840844, scheduled to end at 2025-01-08 07:34:01.840844
2025-03-06 16:39:16,770 - root - INFO - Token Token-47 completed task 'Complete /Accurate?' at 2025-01-08 07:34:01.840844.
2025-03-06 16:39:16,770 - root - INFO - Token Token-47 waiting for resource 'Tech' at 2025-01-08 07:34:01.840844
2025-03-06 16:39:16,770 - root - INFO - Token Token-379 started task 'Monthly' at 2025-01-08 07:36:00, scheduled to end at 2025-01-08 07:36:00
2025-03-06 16:39:16,770 - root - INFO - Token Token-379 completed task 'Monthly' at 2025-01-08 07:36:00.
2025-03-06 16:39:16,771 - root - INFO - Token Token-379 waiting for resource 'Tech' at 2025-01-08 07:36:00
2025-03-06 16:39:16,771 - root - INFO - Token Token-380 started task 'Monthly' at 2025-01-08 07:38:00, scheduled to end at 2025-01-08 07:38:00
2025-03-06 16:39:16,771 - root - INFO - Token Token-380 completed task 'Monthly' at 2025-01-08 07:38:00.
2025-03-06 16:39:16,772 - root - INFO - Token Token-380 waiting for resource 'Tech' at 2025-01-08 07:38:00
2025-03-06 16:39:16,772 - root - INFO - Token Token-381 started task 'Monthly' at 2025-01-08 07:40:00, scheduled to end at 2025-01-08 07:40:00
2025-03-06 16:39:16,772 - root - INFO - Token Token-381 completed task 'Monthly' at 2025-01-08 07:40:00.
2025-03-06 16:39:16,772 - root - INFO - Token Token-381 waiting for resource 'Tech' at 2025-01-08 07:40:00
2025-03-06 16:39:16,772 - root - INFO - Token Token-382 started task 'Monthly' at 2025-01-08 07:42:00, scheduled to end at 2025-01-08 07:42:00
2025-03-06 16:39:16,773 - root - INFO - Token Token-382 completed task 'Monthly' at 2025-01-08 07:42:00.
2025-03-06 16:39:16,773 - root - INFO - Token Token-382 waiting for resource 'Tech' at 2025-01-08 07:42:00
2025-03-06 16:39:16,773 - root - INFO - Token Token-48 completed task 'Review AM using Asset Change Tracker (5.5.13.1)' at 2025-01-08 07:43:34.118548.
2025-03-06 16:39:16,773 - root - INFO - Token Token-49 released from wait queue for 'Tech'
2025-03-06 16:39:16,774 - root - INFO - Token Token-49 waited 2827.57 minutes for resource
2025-03-06 16:39:16,774 - root - INFO - Token Token-49 started task 'Review AM using Asset Change Tracker (5.5.13.1)' at 2025-01-08 07:43:34.118548, scheduled to end at 2025-01-08 07:52:49.822371
2025-03-06 16:39:16,774 - root - INFO - Token Token-48 started task 'Complete /Accurate?' at 2025-01-08 07:43:34.118548, scheduled to end at 2025-01-08 07:43:34.118548
2025-03-06 16:39:16,774 - root - INFO - Token Token-48 completed task 'Complete /Accurate?' at 2025-01-08 07:43:34.118548.
2025-03-06 16:39:16,776 - root - INFO - Token Token-48 waiting for resource 'Tech' at 2025-01-08 07:43:34.118548
2025-03-06 16:39:16,776 - root - INFO - Token Token-383 started task 'Monthly' at 2025-01-08 07:44:00, scheduled to end at 2025-01-08 07:44:00
2025-03-06 16:39:16,776 - root - INFO - Token Token-383 completed task 'Monthly' at 2025-01-08 07:44:00.
2025-03-06 16:39:16,777 - root - INFO - Token Token-383 waiting for resource 'Tech' at 2025-01-08 07:44:00
2025-03-06 16:39:16,777 - root - INFO - Token Token-384 started task 'Monthly' at 2025-01-08 07:46:00, scheduled to end at 2025-01-08 07:46:00
2025-03-06 16:39:16,777 - root - INFO - Token Token-384 completed task 'Monthly' at 2025-01-08 07:46:00.
2025-03-06 16:39:16,777 - root - INFO - Token Token-384 waiting for resource 'Tech' at 2025-01-08 07:46:00
2025-03-06 16:39:16,778 - root - INFO - Token Token-385 started task 'Monthly' at 2025-01-08 07:48:00, scheduled to end at 2025-01-08 07:48:00
2025-03-06 16:39:16,778 - root - INFO - Token Token-385 completed task 'Monthly' at 2025-01-08 07:48:00.
2025-03-06 16:39:16,778 - root - INFO - Token Token-385 waiting for resource 'Tech' at 2025-01-08 07:48:00
2025-03-06 16:39:16,778 - root - INFO - Token Token-386 started task 'Monthly' at 2025-01-08 07:50:00, scheduled to end at 2025-01-08 07:50:00
2025-03-06 16:39:16,779 - root - INFO - Token Token-386 completed task 'Monthly' at 2025-01-08 07:50:00.
2025-03-06 16:39:16,779 - root - INFO - Token Token-386 waiting for resource 'Tech' at 2025-01-08 07:50:00
2025-03-06 16:39:16,779 - root - INFO - Token Token-387 started task 'Monthly' at 2025-01-08 07:52:00, scheduled to end at 2025-01-08 07:52:00
2025-03-06 16:39:16,779 - root - INFO - Token Token-387 completed task 'Monthly' at 2025-01-08 07:52:00.
2025-03-06 16:39:16,779 - root - INFO - Token Token-387 waiting for resource 'Tech' at 2025-01-08 07:52:00
2025-03-06 16:39:16,780 - root - INFO - Token Token-49 completed task 'Review AM using Asset Change Tracker (5.5.13.1)' at 2025-01-08 07:52:49.822371.
2025-03-06 16:39:16,780 - root - INFO - Token Token-50 released from wait queue for 'Tech'
2025-03-06 16:39:16,780 - root - INFO - Token Token-50 waited 2834.83 minutes for resource
2025-03-06 16:39:16,780 - root - INFO - Token Token-50 started task 'Review AM using Asset Change Tracker (5.5.13.1)' at 2025-01-08 07:52:49.822371, scheduled to end at 2025-01-08 08:00:54.118642
2025-03-06 16:39:16,781 - root - INFO - Token Token-49 started task 'Complete /Accurate?' at 2025-01-08 07:52:49.822371, scheduled to end at 2025-01-08 07:52:49.822371
2025-03-06 16:39:16,781 - root - INFO - Token Token-49 completed task 'Complete /Accurate?' at 2025-01-08 07:52:49.822371.
2025-03-06 16:39:16,781 - root - INFO - Token Token-49 waiting for resource 'Tech' at 2025-01-08 07:52:49.822371
2025-03-06 16:39:16,782 - root - INFO - Token Token-388 started task 'Monthly' at 2025-01-08 07:54:00, scheduled to end at 2025-01-08 07:54:00
2025-03-06 16:39:16,782 - root - INFO - Token Token-388 completed task 'Monthly' at 2025-01-08 07:54:00.
2025-03-06 16:39:16,782 - root - INFO - Token Token-388 waiting for resource 'Tech' at 2025-01-08 07:54:00
2025-03-06 16:39:16,784 - root - INFO - Token Token-389 started task 'Monthly' at 2025-01-08 07:56:00, scheduled to end at 2025-01-08 07:56:00
2025-03-06 16:39:16,784 - root - INFO - Token Token-389 completed task 'Monthly' at 2025-01-08 07:56:00.
2025-03-06 16:39:16,785 - root - INFO - Token Token-389 waiting for resource 'Tech' at 2025-01-08 07:56:00
2025-03-06 16:39:16,785 - root - INFO - Token Token-390 started task 'Monthly' at 2025-01-08 07:58:00, scheduled to end at 2025-01-08 07:58:00
2025-03-06 16:39:16,785 - root - INFO - Token Token-390 completed task 'Monthly' at 2025-01-08 07:58:00.
2025-03-06 16:39:16,786 - root - INFO - Token Token-390 waiting for resource 'Tech' at 2025-01-08 07:58:00
2025-03-06 16:39:16,786 - root - INFO - Token Token-391 started task 'Monthly' at 2025-01-08 08:00:00, scheduled to end at 2025-01-08 08:00:00
2025-03-06 16:39:16,787 - root - INFO - Token Token-391 completed task 'Monthly' at 2025-01-08 08:00:00.
2025-03-06 16:39:16,787 - root - INFO - Token Token-391 waiting for resource 'Tech' at 2025-01-08 08:00:00
2025-03-06 16:39:16,788 - root - INFO - Token Token-50 completed task 'Review AM using Asset Change Tracker (5.5.13.1)' at 2025-01-08 08:00:54.118642.
2025-03-06 16:39:16,788 - root - INFO - Token Token-51 released from wait queue for 'Tech'
2025-03-06 16:39:16,788 - root - INFO - Token Token-51 waited 2840.90 minutes for resource
2025-03-06 16:39:16,789 - root - INFO - Token Token-51 started task 'Review AM using Asset Change Tracker (5.5.13.1)' at 2025-01-08 08:00:54.118642, scheduled to end at 2025-01-08 08:09:19.872908
2025-03-06 16:39:16,789 - root - INFO - Token Token-50 started task 'Complete /Accurate?' at 2025-01-08 08:00:54.118642, scheduled to end at 2025-01-08 08:00:54.118642
2025-03-06 16:39:16,790 - root - INFO - Token Token-50 completed task 'Complete /Accurate?' at 2025-01-08 08:00:54.118642.
2025-03-06 16:39:16,790 - root - INFO - Token Token-50 waiting for resource 'Tech' at 2025-01-08 08:00:54.118642
2025-03-06 16:39:16,790 - root - INFO - Token Token-392 started task 'Monthly' at 2025-01-08 08:02:00, scheduled to end at 2025-01-08 08:02:00
2025-03-06 16:39:16,791 - root - INFO - Token Token-392 completed task 'Monthly' at 2025-01-08 08:02:00.
2025-03-06 16:39:16,791 - root - INFO - Token Token-392 waiting for resource 'Tech' at 2025-01-08 08:02:00
2025-03-06 16:39:16,792 - root - INFO - Token Token-393 started task 'Monthly' at 2025-01-08 08:04:00, scheduled to end at 2025-01-08 08:04:00
2025-03-06 16:39:16,792 - root - INFO - Token Token-393 completed task 'Monthly' at 2025-01-08 08:04:00.
2025-03-06 16:39:16,792 - root - INFO - Token Token-393 waiting for resource 'Tech' at 2025-01-08 08:04:00
2025-03-06 16:39:16,793 - root - INFO - Token Token-394 started task 'Monthly' at 2025-01-08 08:06:00, scheduled to end at 2025-01-08 08:06:00
2025-03-06 16:39:16,793 - root - INFO - Token Token-394 completed task 'Monthly' at 2025-01-08 08:06:00.
2025-03-06 16:39:16,794 - root - INFO - Token Token-394 waiting for resource 'Tech' at 2025-01-08 08:06:00
2025-03-06 16:39:16,794 - root - INFO - Token Token-395 started task 'Monthly' at 2025-01-08 08:08:00, scheduled to end at 2025-01-08 08:08:00
2025-03-06 16:39:16,794 - root - INFO - Token Token-395 completed task 'Monthly' at 2025-01-08 08:08:00.
2025-03-06 16:39:16,795 - root - INFO - Token Token-395 waiting for resource 'Tech' at 2025-01-08 08:08:00
2025-03-06 16:39:16,795 - root - INFO - Token Token-51 completed task 'Review AM using Asset Change Tracker (5.5.13.1)' at 2025-01-08 08:09:19.872908.
2025-03-06 16:39:16,796 - root - INFO - Token Token-52 released from wait queue for 'Tech'
2025-03-06 16:39:16,796 - root - INFO - Token Token-52 waited 2847.33 minutes for resource
2025-03-06 16:39:16,796 - root - INFO - Token Token-52 started task 'Review AM using Asset Change Tracker (5.5.13.1)' at 2025-01-08 08:09:19.872908, scheduled to end at 2025-01-08 08:18:09.947340
2025-03-06 16:39:16,797 - root - INFO - Token Token-51 started task 'Complete /Accurate?' at 2025-01-08 08:09:19.872908, scheduled to end at 2025-01-08 08:09:19.872908
2025-03-06 16:39:16,797 - root - INFO - Token Token-51 completed task 'Complete /Accurate?' at 2025-01-08 08:09:19.872908.
2025-03-06 16:39:16,798 - root - INFO - Token Token-51 waiting for resource 'Tech' at 2025-01-08 08:09:19.872908
2025-03-06 16:39:16,798 - root - INFO - Token Token-396 started task 'Monthly' at 2025-01-08 08:10:00, scheduled to end at 2025-01-08 08:10:00
2025-03-06 16:39:16,798 - root - INFO - Token Token-396 completed task 'Monthly' at 2025-01-08 08:10:00.
2025-03-06 16:39:16,799 - root - INFO - Token Token-396 waiting for resource 'Tech' at 2025-01-08 08:10:00
2025-03-06 16:39:16,799 - root - INFO - Token Token-397 started task 'Monthly' at 2025-01-08 08:12:00, scheduled to end at 2025-01-08 08:12:00
2025-03-06 16:39:16,799 - root - INFO - Token Token-397 completed task 'Monthly' at 2025-01-08 08:12:00.
2025-03-06 16:39:16,800 - root - INFO - Token Token-397 waiting for resource 'Tech' at 2025-01-08 08:12:00
2025-03-06 16:39:16,800 - root - INFO - Token Token-398 started task 'Monthly' at 2025-01-08 08:14:00, scheduled to end at 2025-01-08 08:14:00
2025-03-06 16:39:16,801 - root - INFO - Token Token-398 completed task 'Monthly' at 2025-01-08 08:14:00.
2025-03-06 16:39:16,801 - root - INFO - Token Token-398 waiting for resource 'Tech' at 2025-01-08 08:14:00
2025-03-06 16:39:16,801 - root - INFO - Token Token-399 started task 'Monthly' at 2025-01-08 08:16:00, scheduled to end at 2025-01-08 08:16:00
2025-03-06 16:39:16,802 - root - INFO - Token Token-399 completed task 'Monthly' at 2025-01-08 08:16:00.
2025-03-06 16:39:16,802 - root - INFO - Token Token-399 waiting for resource 'Tech' at 2025-01-08 08:16:00
2025-03-06 16:39:16,803 - root - INFO - Token Token-400 started task 'Monthly' at 2025-01-08 08:18:00, scheduled to end at 2025-01-08 08:18:00
2025-03-06 16:39:16,803 - root - INFO - Token Token-400 completed task 'Monthly' at 2025-01-08 08:18:00.
2025-03-06 16:39:16,804 - root - INFO - Token Token-400 waiting for resource 'Tech' at 2025-01-08 08:18:00
2025-03-06 16:39:16,805 - root - INFO - Token Token-52 completed task 'Review AM using Asset Change Tracker (5.5.13.1)' at 2025-01-08 08:18:09.947340.
2025-03-06 16:39:16,807 - root - INFO - Token Token-53 released from wait queue for 'Tech'
2025-03-06 16:39:16,820 - root - INFO - Token Token-53 waited 2854.17 minutes for resource
2025-03-06 16:39:16,821 - root - INFO - Token Token-53 started task 'Review AM using Asset Change Tracker (5.5.13.1)' at 2025-01-08 08:18:09.947340, scheduled to end at 2025-01-08 08:25:09.808118
2025-03-06 16:39:16,821 - root - INFO - Token Token-52 started task 'Complete /Accurate?' at 2025-01-08 08:18:09.947340, scheduled to end at 2025-01-08 08:18:09.947340
2025-03-06 16:39:16,821 - root - INFO - Token Token-52 completed task 'Complete /Accurate?' at 2025-01-08 08:18:09.947340.
2025-03-06 16:39:16,822 - root - INFO - Token Token-52 waiting for resource 'Tech' at 2025-01-08 08:18:09.947340
2025-03-06 16:39:16,822 - root - INFO - Token Token-401 started task 'Monthly' at 2025-01-08 08:20:00, scheduled to end at 2025-01-08 08:20:00
2025-03-06 16:39:16,822 - root - INFO - Token Token-401 completed task 'Monthly' at 2025-01-08 08:20:00.
2025-03-06 16:39:16,822 - root - INFO - Token Token-401 waiting for resource 'Tech' at 2025-01-08 08:20:00
2025-03-06 16:39:16,823 - root - INFO - Token Token-402 started task 'Monthly' at 2025-01-08 08:22:00, scheduled to end at 2025-01-08 08:22:00
2025-03-06 16:39:16,823 - root - INFO - Token Token-402 completed task 'Monthly' at 2025-01-08 08:22:00.
2025-03-06 16:39:16,823 - root - INFO - Token Token-402 waiting for resource 'Tech' at 2025-01-08 08:22:00
2025-03-06 16:39:16,823 - root - INFO - Token Token-403 started task 'Monthly' at 2025-01-08 08:24:00, scheduled to end at 2025-01-08 08:24:00
2025-03-06 16:39:16,824 - root - INFO - Token Token-403 completed task 'Monthly' at 2025-01-08 08:24:00.
2025-03-06 16:39:16,824 - root - INFO - Token Token-403 waiting for resource 'Tech' at 2025-01-08 08:24:00
2025-03-06 16:39:16,825 - root - INFO - Token Token-53 completed task 'Review AM using Asset Change Tracker (5.5.13.1)' at 2025-01-08 08:25:09.808118.
2025-03-06 16:39:16,825 - root - INFO - Token Token-54 released from wait queue for 'Tech'
2025-03-06 16:39:16,825 - root - INFO - Token Token-54 waited 2859.16 minutes for resource
2025-03-06 16:39:16,825 - root - INFO - Token Token-54 started task 'Review AM using Asset Change Tracker (5.5.13.1)' at 2025-01-08 08:25:09.808118, scheduled to end at 2025-01-08 08:34:23.620104
2025-03-06 16:39:16,825 - root - INFO - Token Token-53 started task 'Complete /Accurate?' at 2025-01-08 08:25:09.808118, scheduled to end at 2025-01-08 08:25:09.808118
2025-03-06 16:39:16,825 - root - INFO - Token Token-53 completed task 'Complete /Accurate?' at 2025-01-08 08:25:09.808118.
2025-03-06 16:39:16,825 - root - INFO - Token Token-53 waiting for resource 'Tech' at 2025-01-08 08:25:09.808118
2025-03-06 16:39:16,825 - root - INFO - Token Token-404 started task 'Monthly' at 2025-01-08 08:26:00, scheduled to end at 2025-01-08 08:26:00
2025-03-06 16:39:16,826 - root - INFO - Token Token-404 completed task 'Monthly' at 2025-01-08 08:26:00.
2025-03-06 16:39:16,826 - root - INFO - Token Token-404 waiting for resource 'Tech' at 2025-01-08 08:26:00
2025-03-06 16:39:16,826 - root - INFO - Token Token-405 started task 'Monthly' at 2025-01-08 08:28:00, scheduled to end at 2025-01-08 08:28:00
2025-03-06 16:39:16,827 - root - INFO - Token Token-405 completed task 'Monthly' at 2025-01-08 08:28:00.
2025-03-06 16:39:16,827 - root - INFO - Token Token-405 waiting for resource 'Tech' at 2025-01-08 08:28:00
2025-03-06 16:39:16,828 - root - INFO - Token Token-406 started task 'Monthly' at 2025-01-08 08:30:00, scheduled to end at 2025-01-08 08:30:00
2025-03-06 16:39:16,828 - root - INFO - Token Token-406 completed task 'Monthly' at 2025-01-08 08:30:00.
2025-03-06 16:39:16,828 - root - INFO - Token Token-406 waiting for resource 'Tech' at 2025-01-08 08:30:00
2025-03-06 16:39:16,829 - root - INFO - Token Token-407 started task 'Monthly' at 2025-01-08 08:32:00, scheduled to end at 2025-01-08 08:32:00
2025-03-06 16:39:16,829 - root - INFO - Token Token-407 completed task 'Monthly' at 2025-01-08 08:32:00.
2025-03-06 16:39:16,829 - root - INFO - Token Token-407 waiting for resource 'Tech' at 2025-01-08 08:32:00
2025-03-06 16:39:16,829 - root - INFO - Token Token-408 started task 'Monthly' at 2025-01-08 08:34:00, scheduled to end at 2025-01-08 08:34:00
2025-03-06 16:39:16,829 - root - INFO - Token Token-408 completed task 'Monthly' at 2025-01-08 08:34:00.
2025-03-06 16:39:16,830 - root - INFO - Token Token-408 waiting for resource 'Tech' at 2025-01-08 08:34:00
2025-03-06 16:39:16,830 - root - INFO - Token Token-54 completed task 'Review AM using Asset Change Tracker (5.5.13.1)' at 2025-01-08 08:34:23.620104.
2025-03-06 16:39:16,830 - root - INFO - Token Token-55 released from wait queue for 'Tech'
2025-03-06 16:39:16,830 - root - INFO - Token Token-55 waited 2866.39 minutes for resource
2025-03-06 16:39:16,830 - root - INFO - Token Token-55 started task 'Review AM using Asset Change Tracker (5.5.13.1)' at 2025-01-08 08:34:23.620104, scheduled to end at 2025-01-08 08:43:35.176819
2025-03-06 16:39:16,831 - root - INFO - Token Token-54 started task 'Complete /Accurate?' at 2025-01-08 08:34:23.620104, scheduled to end at 2025-01-08 08:34:23.620104
2025-03-06 16:39:16,831 - root - INFO - Token Token-54 completed task 'Complete /Accurate?' at 2025-01-08 08:34:23.620104.
2025-03-06 16:39:16,831 - root - INFO - Token Token-54 waiting for resource 'Tech' at 2025-01-08 08:34:23.620104
2025-03-06 16:39:16,831 - root - INFO - Token Token-409 started task 'Monthly' at 2025-01-08 08:36:00, scheduled to end at 2025-01-08 08:36:00
2025-03-06 16:39:16,832 - root - INFO - Token Token-409 completed task 'Monthly' at 2025-01-08 08:36:00.
2025-03-06 16:39:16,832 - root - INFO - Token Token-409 waiting for resource 'Tech' at 2025-01-08 08:36:00
2025-03-06 16:39:16,832 - root - INFO - Token Token-410 started task 'Monthly' at 2025-01-08 08:38:00, scheduled to end at 2025-01-08 08:38:00
2025-03-06 16:39:16,832 - root - INFO - Token Token-410 completed task 'Monthly' at 2025-01-08 08:38:00.
2025-03-06 16:39:16,833 - root - INFO - Token Token-410 waiting for resource 'Tech' at 2025-01-08 08:38:00
2025-03-06 16:39:16,833 - root - INFO - Token Token-411 started task 'Monthly' at 2025-01-08 08:40:00, scheduled to end at 2025-01-08 08:40:00
2025-03-06 16:39:16,833 - root - INFO - Token Token-411 completed task 'Monthly' at 2025-01-08 08:40:00.
2025-03-06 16:39:16,833 - root - INFO - Token Token-411 waiting for resource 'Tech' at 2025-01-08 08:40:00
2025-03-06 16:39:16,834 - root - INFO - Token Token-412 started task 'Monthly' at 2025-01-08 08:42:00, scheduled to end at 2025-01-08 08:42:00
2025-03-06 16:39:16,834 - root - INFO - Token Token-412 completed task 'Monthly' at 2025-01-08 08:42:00.
2025-03-06 16:39:16,834 - root - INFO - Token Token-412 waiting for resource 'Tech' at 2025-01-08 08:42:00
2025-03-06 16:39:16,835 - root - INFO - Token Token-55 completed task 'Review AM using Asset Change Tracker (5.5.13.1)' at 2025-01-08 08:43:35.176819.
2025-03-06 16:39:16,835 - root - INFO - Token Token-56 released from wait queue for 'Tech'
2025-03-06 16:39:16,835 - root - INFO - Token Token-56 waited 2873.59 minutes for resource
2025-03-06 16:39:16,835 - root - INFO - Token Token-56 started task 'Review AM using Asset Change Tracker (5.5.13.1)' at 2025-01-08 08:43:35.176819, scheduled to end at 2025-01-08 08:52:59.201003
2025-03-06 16:39:16,835 - root - INFO - Token Token-55 started task 'Complete /Accurate?' at 2025-01-08 08:43:35.176819, scheduled to end at 2025-01-08 08:43:35.176819
2025-03-06 16:39:16,836 - root - INFO - Token Token-55 completed task 'Complete /Accurate?' at 2025-01-08 08:43:35.176819.
2025-03-06 16:39:16,836 - root - INFO - Token Token-55 waiting for resource 'Tech' at 2025-01-08 08:43:35.176819
2025-03-06 16:39:16,836 - root - INFO - Token Token-413 started task 'Monthly' at 2025-01-08 08:44:00, scheduled to end at 2025-01-08 08:44:00
2025-03-06 16:39:16,836 - root - INFO - Token Token-413 completed task 'Monthly' at 2025-01-08 08:44:00.
2025-03-06 16:39:16,837 - root - INFO - Token Token-413 waiting for resource 'Tech' at 2025-01-08 08:44:00
2025-03-06 16:39:16,837 - root - INFO - Token Token-414 started task 'Monthly' at 2025-01-08 08:46:00, scheduled to end at 2025-01-08 08:46:00
2025-03-06 16:39:16,837 - root - INFO - Token Token-414 completed task 'Monthly' at 2025-01-08 08:46:00.
2025-03-06 16:39:16,839 - root - INFO - Token Token-414 waiting for resource 'Tech' at 2025-01-08 08:46:00
2025-03-06 16:39:16,839 - root - INFO - Token Token-415 started task 'Monthly' at 2025-01-08 08:48:00, scheduled to end at 2025-01-08 08:48:00
2025-03-06 16:39:16,840 - root - INFO - Token Token-415 completed task 'Monthly' at 2025-01-08 08:48:00.
2025-03-06 16:39:16,840 - root - INFO - Token Token-415 waiting for resource 'Tech' at 2025-01-08 08:48:00
2025-03-06 16:39:16,841 - root - INFO - Token Token-416 started task 'Monthly' at 2025-01-08 08:50:00, scheduled to end at 2025-01-08 08:50:00
2025-03-06 16:39:16,841 - root - INFO - Token Token-416 completed task 'Monthly' at 2025-01-08 08:50:00.
2025-03-06 16:39:16,841 - root - INFO - Token Token-416 waiting for resource 'Tech' at 2025-01-08 08:50:00
2025-03-06 16:39:16,842 - root - INFO - Token Token-417 started task 'Monthly' at 2025-01-08 08:52:00, scheduled to end at 2025-01-08 08:52:00
2025-03-06 16:39:16,842 - root - INFO - Token Token-417 completed task 'Monthly' at 2025-01-08 08:52:00.
2025-03-06 16:39:16,842 - root - INFO - Token Token-417 waiting for resource 'Tech' at 2025-01-08 08:52:00
2025-03-06 16:39:16,843 - root - INFO - Token Token-56 completed task 'Review AM using Asset Change Tracker (5.5.13.1)' at 2025-01-08 08:52:59.201003.
2025-03-06 16:39:16,843 - root - INFO - Token Token-57 released from wait queue for 'Tech'
2025-03-06 16:39:16,844 - root - INFO - Token Token-57 waited 2880.99 minutes for resource
2025-03-06 16:39:16,844 - root - INFO - Token Token-57 started task 'Review AM using Asset Change Tracker (5.5.13.1)' at 2025-01-08 08:52:59.201003, scheduled to end at 2025-01-08 09:01:26.928314
2025-03-06 16:39:16,844 - root - INFO - Token Token-56 started task 'Complete /Accurate?' at 2025-01-08 08:52:59.201003, scheduled to end at 2025-01-08 08:52:59.201003
2025-03-06 16:39:16,845 - root - INFO - Token Token-56 completed task 'Complete /Accurate?' at 2025-01-08 08:52:59.201003.
2025-03-06 16:39:16,845 - root - INFO - Token Token-56 waiting for resource 'Tech' at 2025-01-08 08:52:59.201003
2025-03-06 16:39:16,847 - root - INFO - Token Token-418 started task 'Monthly' at 2025-01-08 08:54:00, scheduled to end at 2025-01-08 08:54:00
2025-03-06 16:39:16,864 - root - INFO - Token Token-418 completed task 'Monthly' at 2025-01-08 08:54:00.
2025-03-06 16:39:16,864 - root - INFO - Token Token-418 waiting for resource 'Tech' at 2025-01-08 08:54:00
2025-03-06 16:39:16,864 - root - INFO - Token Token-419 started task 'Monthly' at 2025-01-08 08:56:00, scheduled to end at 2025-01-08 08:56:00
2025-03-06 16:39:16,864 - root - INFO - Token Token-419 completed task 'Monthly' at 2025-01-08 08:56:00.
2025-03-06 16:39:16,867 - root - INFO - Token Token-419 waiting for resource 'Tech' at 2025-01-08 08:56:00
2025-03-06 16:39:16,867 - root - INFO - Token Token-420 started task 'Monthly' at 2025-01-08 08:58:00, scheduled to end at 2025-01-08 08:58:00
2025-03-06 16:39:16,867 - root - INFO - Token Token-420 completed task 'Monthly' at 2025-01-08 08:58:00.
2025-03-06 16:39:16,867 - root - INFO - Token Token-420 waiting for resource 'Tech' at 2025-01-08 08:58:00
2025-03-06 16:39:16,868 - root - INFO - Token Token-421 started task 'Monthly' at 2025-01-08 09:00:00, scheduled to end at 2025-01-08 09:00:00
2025-03-06 16:39:16,868 - root - INFO - Token Token-421 completed task 'Monthly' at 2025-01-08 09:00:00.
2025-03-06 16:39:16,868 - root - INFO - Token Token-421 waiting for resource 'Tech' at 2025-01-08 09:00:00
2025-03-06 16:39:16,868 - root - INFO - Token Token-57 completed task 'Review AM using Asset Change Tracker (5.5.13.1)' at 2025-01-08 09:01:26.928314.
2025-03-06 16:39:16,869 - root - INFO - Token Token-58 released from wait queue for 'Tech'
2025-03-06 16:39:16,869 - root - INFO - Token Token-58 waited 2887.45 minutes for resource
2025-03-06 16:39:16,869 - root - INFO - Token Token-58 started task 'Review AM using Asset Change Tracker (5.5.13.1)' at 2025-01-08 09:01:26.928314, scheduled to end at 2025-01-08 09:07:29.887970
2025-03-06 16:39:16,869 - root - INFO - Token Token-57 started task 'Complete /Accurate?' at 2025-01-08 09:01:26.928314, scheduled to end at 2025-01-08 09:01:26.928314
2025-03-06 16:39:16,869 - root - INFO - Token Token-57 completed task 'Complete /Accurate?' at 2025-01-08 09:01:26.928314.
2025-03-06 16:39:16,870 - root - INFO - Token Token-57 waiting for resource 'Tech' at 2025-01-08 09:01:26.928314
2025-03-06 16:39:16,870 - root - INFO - Token Token-422 started task 'Monthly' at 2025-01-08 09:02:00, scheduled to end at 2025-01-08 09:02:00
2025-03-06 16:39:16,870 - root - INFO - Token Token-422 completed task 'Monthly' at 2025-01-08 09:02:00.
2025-03-06 16:39:16,870 - root - INFO - Token Token-422 waiting for resource 'Tech' at 2025-01-08 09:02:00
2025-03-06 16:39:16,871 - root - INFO - Token Token-423 started task 'Monthly' at 2025-01-08 09:04:00, scheduled to end at 2025-01-08 09:04:00
2025-03-06 16:39:16,871 - root - INFO - Token Token-423 completed task 'Monthly' at 2025-01-08 09:04:00.
2025-03-06 16:39:16,871 - root - INFO - Token Token-423 waiting for resource 'Tech' at 2025-01-08 09:04:00
2025-03-06 16:39:16,871 - root - INFO - Token Token-424 started task 'Monthly' at 2025-01-08 09:06:00, scheduled to end at 2025-01-08 09:06:00
2025-03-06 16:39:16,872 - root - INFO - Token Token-424 completed task 'Monthly' at 2025-01-08 09:06:00.
2025-03-06 16:39:16,873 - root - INFO - Token Token-424 waiting for resource 'Tech' at 2025-01-08 09:06:00
2025-03-06 16:39:16,873 - root - INFO - Token Token-58 completed task 'Review AM using Asset Change Tracker (5.5.13.1)' at 2025-01-08 09:07:29.887970.
2025-03-06 16:39:16,873 - root - INFO - Token Token-59 released from wait queue for 'Tech'
2025-03-06 16:39:16,873 - root - INFO - Token Token-59 waited 2891.50 minutes for resource
2025-03-06 16:39:16,873 - root - INFO - Token Token-59 started task 'Review AM using Asset Change Tracker (5.5.13.1)' at 2025-01-08 09:07:29.887970, scheduled to end at 2025-01-08 09:16:20.190878
2025-03-06 16:39:16,873 - root - INFO - Token Token-58 started task 'Complete /Accurate?' at 2025-01-08 09:07:29.887970, scheduled to end at 2025-01-08 09:07:29.887970
2025-03-06 16:39:16,874 - root - INFO - Token Token-58 completed task 'Complete /Accurate?' at 2025-01-08 09:07:29.887970.
2025-03-06 16:39:16,874 - root - INFO - Token Token-58 waiting for resource 'Tech' at 2025-01-08 09:07:29.887970
2025-03-06 16:39:16,874 - root - INFO - Token Token-425 started task 'Monthly' at 2025-01-08 09:08:00, scheduled to end at 2025-01-08 09:08:00
2025-03-06 16:39:16,874 - root - INFO - Token Token-425 completed task 'Monthly' at 2025-01-08 09:08:00.
2025-03-06 16:39:16,875 - root - INFO - Token Token-425 waiting for resource 'Tech' at 2025-01-08 09:08:00
2025-03-06 16:39:16,875 - root - INFO - Token Token-426 started task 'Monthly' at 2025-01-08 09:10:00, scheduled to end at 2025-01-08 09:10:00
2025-03-06 16:39:16,875 - root - INFO - Token Token-426 completed task 'Monthly' at 2025-01-08 09:10:00.
2025-03-06 16:39:16,875 - root - INFO - Token Token-426 waiting for resource 'Tech' at 2025-01-08 09:10:00
2025-03-06 16:39:16,876 - root - INFO - Token Token-427 started task 'Monthly' at 2025-01-08 09:12:00, scheduled to end at 2025-01-08 09:12:00
2025-03-06 16:39:16,876 - root - INFO - Token Token-427 completed task 'Monthly' at 2025-01-08 09:12:00.
2025-03-06 16:39:16,876 - root - INFO - Token Token-427 waiting for resource 'Tech' at 2025-01-08 09:12:00
2025-03-06 16:39:16,876 - root - INFO - Token Token-428 started task 'Monthly' at 2025-01-08 09:14:00, scheduled to end at 2025-01-08 09:14:00
2025-03-06 16:39:16,876 - root - INFO - Token Token-428 completed task 'Monthly' at 2025-01-08 09:14:00.
2025-03-06 16:39:16,877 - root - INFO - Token Token-428 waiting for resource 'Tech' at 2025-01-08 09:14:00
2025-03-06 16:39:16,877 - root - INFO - Token Token-429 started task 'Monthly' at 2025-01-08 09:16:00, scheduled to end at 2025-01-08 09:16:00
2025-03-06 16:39:16,877 - root - INFO - Token Token-429 completed task 'Monthly' at 2025-01-08 09:16:00.
2025-03-06 16:39:16,877 - root - INFO - Token Token-429 waiting for resource 'Tech' at 2025-01-08 09:16:00
2025-03-06 16:39:16,877 - root - INFO - Token Token-59 completed task 'Review AM using Asset Change Tracker (5.5.13.1)' at 2025-01-08 09:16:20.190878.
2025-03-06 16:39:16,878 - root - INFO - Token Token-60 released from wait queue for 'Tech'
2025-03-06 16:39:16,878 - root - INFO - Token Token-60 waited 2898.34 minutes for resource
2025-03-06 16:39:16,878 - root - INFO - Token Token-60 started task 'Review AM using Asset Change Tracker (5.5.13.1)' at 2025-01-08 09:16:20.190878, scheduled to end at 2025-01-08 09:22:37.251654
2025-03-06 16:39:16,878 - root - INFO - Token Token-59 started task 'Complete /Accurate?' at 2025-01-08 09:16:20.190878, scheduled to end at 2025-01-08 09:16:20.190878
2025-03-06 16:39:16,879 - root - INFO - Token Token-59 completed task 'Complete /Accurate?' at 2025-01-08 09:16:20.190878.
2025-03-06 16:39:16,879 - root - INFO - Token Token-59 waiting for resource 'Tech' at 2025-01-08 09:16:20.190878
2025-03-06 16:39:16,879 - root - INFO - Token Token-430 started task 'Monthly' at 2025-01-08 09:18:00, scheduled to end at 2025-01-08 09:18:00
2025-03-06 16:39:16,879 - root - INFO - Token Token-430 completed task 'Monthly' at 2025-01-08 09:18:00.
2025-03-06 16:39:16,880 - root - INFO - Token Token-430 waiting for resource 'Tech' at 2025-01-08 09:18:00
2025-03-06 16:39:16,880 - root - INFO - Token Token-431 started task 'Monthly' at 2025-01-08 09:20:00, scheduled to end at 2025-01-08 09:20:00
2025-03-06 16:39:16,880 - root - INFO - Token Token-431 completed task 'Monthly' at 2025-01-08 09:20:00.
2025-03-06 16:39:16,881 - root - INFO - Token Token-431 waiting for resource 'Tech' at 2025-01-08 09:20:00
2025-03-06 16:39:16,882 - root - INFO - Token Token-432 started task 'Monthly' at 2025-01-08 09:22:00, scheduled to end at 2025-01-08 09:22:00
2025-03-06 16:39:16,882 - root - INFO - Token Token-432 completed task 'Monthly' at 2025-01-08 09:22:00.
2025-03-06 16:39:16,882 - root - INFO - Token Token-432 waiting for resource 'Tech' at 2025-01-08 09:22:00
2025-03-06 16:39:16,882 - root - INFO - Token Token-60 completed task 'Review AM using Asset Change Tracker (5.5.13.1)' at 2025-01-08 09:22:37.251654.
2025-03-06 16:39:16,883 - root - INFO - Token Token-61 released from wait queue for 'Tech'
2025-03-06 16:39:16,884 - root - INFO - Token Token-61 waited 2902.62 minutes for resource
2025-03-06 16:39:16,885 - root - INFO - Token Token-61 started task 'Review AM using Asset Change Tracker (5.5.13.1)' at 2025-01-08 09:22:37.251654, scheduled to end at 2025-01-08 09:31:24.573593
2025-03-06 16:39:16,885 - root - INFO - Token Token-60 started task 'Complete /Accurate?' at 2025-01-08 09:22:37.251654, scheduled to end at 2025-01-08 09:22:37.251654
2025-03-06 16:39:16,886 - root - INFO - Token Token-60 completed task 'Complete /Accurate?' at 2025-01-08 09:22:37.251654.
2025-03-06 16:39:16,886 - root - INFO - Token Token-60 waiting for resource 'Tech' at 2025-01-08 09:22:37.251654
2025-03-06 16:39:16,886 - root - INFO - Token Token-433 started task 'Monthly' at 2025-01-08 09:24:00, scheduled to end at 2025-01-08 09:24:00
2025-03-06 16:39:16,887 - root - INFO - Token Token-433 completed task 'Monthly' at 2025-01-08 09:24:00.
2025-03-06 16:39:16,887 - root - INFO - Token Token-433 waiting for resource 'Tech' at 2025-01-08 09:24:00
2025-03-06 16:39:16,887 - root - INFO - Token Token-434 started task 'Monthly' at 2025-01-08 09:26:00, scheduled to end at 2025-01-08 09:26:00
2025-03-06 16:39:16,888 - root - INFO - Token Token-434 completed task 'Monthly' at 2025-01-08 09:26:00.
2025-03-06 16:39:16,888 - root - INFO - Token Token-434 waiting for resource 'Tech' at 2025-01-08 09:26:00
2025-03-06 16:39:16,889 - root - INFO - Token Token-435 started task 'Monthly' at 2025-01-08 09:28:00, scheduled to end at 2025-01-08 09:28:00
2025-03-06 16:39:16,889 - root - INFO - Token Token-435 completed task 'Monthly' at 2025-01-08 09:28:00.
2025-03-06 16:39:16,890 - root - INFO - Token Token-435 waiting for resource 'Tech' at 2025-01-08 09:28:00
2025-03-06 16:39:16,890 - root - INFO - Token Token-436 started task 'Monthly' at 2025-01-08 09:30:00, scheduled to end at 2025-01-08 09:30:00
2025-03-06 16:39:16,890 - root - INFO - Token Token-436 completed task 'Monthly' at 2025-01-08 09:30:00.
2025-03-06 16:39:16,891 - root - INFO - Token Token-436 waiting for resource 'Tech' at 2025-01-08 09:30:00
2025-03-06 16:39:16,892 - root - INFO - Token Token-61 completed task 'Review AM using Asset Change Tracker (5.5.13.1)' at 2025-01-08 09:31:24.573593.
2025-03-06 16:39:16,893 - root - INFO - Token Token-62 released from wait queue for 'Tech'
2025-03-06 16:39:16,894 - root - INFO - Token Token-62 waited 2909.41 minutes for resource
2025-03-06 16:39:16,910 - root - INFO - Token Token-62 started task 'Review AM using Asset Change Tracker (5.5.13.1)' at 2025-01-08 09:31:24.573593, scheduled to end at 2025-01-08 09:39:39.473870
2025-03-06 16:39:16,913 - root - INFO - Token Token-61 started task 'Complete /Accurate?' at 2025-01-08 09:31:24.573593, scheduled to end at 2025-01-08 09:31:24.573593
2025-03-06 16:39:16,914 - root - INFO - Token Token-61 completed task 'Complete /Accurate?' at 2025-01-08 09:31:24.573593.
2025-03-06 16:39:16,914 - root - INFO - Token Token-61 waiting for resource 'Tech' at 2025-01-08 09:31:24.573593
2025-03-06 16:39:16,914 - root - INFO - Token Token-437 started task 'Monthly' at 2025-01-08 09:32:00, scheduled to end at 2025-01-08 09:32:00
2025-03-06 16:39:16,915 - root - INFO - Token Token-437 completed task 'Monthly' at 2025-01-08 09:32:00.
2025-03-06 16:39:16,915 - root - INFO - Token Token-437 waiting for resource 'Tech' at 2025-01-08 09:32:00
2025-03-06 16:39:16,916 - root - INFO - Token Token-438 started task 'Monthly' at 2025-01-08 09:34:00, scheduled to end at 2025-01-08 09:34:00
2025-03-06 16:39:16,916 - root - INFO - Token Token-438 completed task 'Monthly' at 2025-01-08 09:34:00.
2025-03-06 16:39:16,916 - root - INFO - Token Token-438 waiting for resource 'Tech' at 2025-01-08 09:34:00
2025-03-06 16:39:16,916 - root - INFO - Token Token-439 started task 'Monthly' at 2025-01-08 09:36:00, scheduled to end at 2025-01-08 09:36:00
2025-03-06 16:39:16,916 - root - INFO - Token Token-439 completed task 'Monthly' at 2025-01-08 09:36:00.
2025-03-06 16:39:16,916 - root - INFO - Token Token-439 waiting for resource 'Tech' at 2025-01-08 09:36:00
2025-03-06 16:39:16,916 - root - INFO - Token Token-440 started task 'Monthly' at 2025-01-08 09:38:00, scheduled to end at 2025-01-08 09:38:00
2025-03-06 16:39:16,917 - root - INFO - Token Token-440 completed task 'Monthly' at 2025-01-08 09:38:00.
2025-03-06 16:39:16,917 - root - INFO - Token Token-440 waiting for resource 'Tech' at 2025-01-08 09:38:00
2025-03-06 16:39:16,917 - root - INFO - Token Token-62 completed task 'Review AM using Asset Change Tracker (5.5.13.1)' at 2025-01-08 09:39:39.473870.
2025-03-06 16:39:16,917 - root - INFO - Token Token-63 released from wait queue for 'Tech'
2025-03-06 16:39:16,918 - root - INFO - Token Token-63 waited 2915.66 minutes for resource
2025-03-06 16:39:16,918 - root - INFO - Token Token-63 started task 'Review AM using Asset Change Tracker (5.5.13.1)' at 2025-01-08 09:39:39.473870, scheduled to end at 2025-01-08 09:49:00.107580
2025-03-06 16:39:16,918 - root - INFO - Token Token-62 started task 'Complete /Accurate?' at 2025-01-08 09:39:39.473870, scheduled to end at 2025-01-08 09:39:39.473870
2025-03-06 16:39:16,919 - root - INFO - Token Token-62 completed task 'Complete /Accurate?' at 2025-01-08 09:39:39.473870.
2025-03-06 16:39:16,919 - root - INFO - Token Token-62 waiting for resource 'Tech' at 2025-01-08 09:39:39.473870
2025-03-06 16:39:16,920 - root - INFO - Token Token-441 started task 'Monthly' at 2025-01-08 09:40:00, scheduled to end at 2025-01-08 09:40:00
2025-03-06 16:39:16,920 - root - INFO - Token Token-441 completed task 'Monthly' at 2025-01-08 09:40:00.
2025-03-06 16:39:16,920 - root - INFO - Token Token-441 waiting for resource 'Tech' at 2025-01-08 09:40:00
2025-03-06 16:39:16,920 - root - INFO - Token Token-442 started task 'Monthly' at 2025-01-08 09:42:00, scheduled to end at 2025-01-08 09:42:00
2025-03-06 16:39:16,921 - root - INFO - Token Token-442 completed task 'Monthly' at 2025-01-08 09:42:00.
2025-03-06 16:39:16,921 - root - INFO - Token Token-442 waiting for resource 'Tech' at 2025-01-08 09:42:00
2025-03-06 16:39:16,921 - root - INFO - Token Token-443 started task 'Monthly' at 2025-01-08 09:44:00, scheduled to end at 2025-01-08 09:44:00
2025-03-06 16:39:16,921 - root - INFO - Token Token-443 completed task 'Monthly' at 2025-01-08 09:44:00.
2025-03-06 16:39:16,921 - root - INFO - Token Token-443 waiting for resource 'Tech' at 2025-01-08 09:44:00
2025-03-06 16:39:16,922 - root - INFO - Token Token-444 started task 'Monthly' at 2025-01-08 09:46:00, scheduled to end at 2025-01-08 09:46:00
2025-03-06 16:39:16,922 - root - INFO - Token Token-444 completed task 'Monthly' at 2025-01-08 09:46:00.
2025-03-06 16:39:16,922 - root - INFO - Token Token-444 waiting for resource 'Tech' at 2025-01-08 09:46:00
2025-03-06 16:39:16,922 - root - INFO - Token Token-445 started task 'Monthly' at 2025-01-08 09:48:00, scheduled to end at 2025-01-08 09:48:00
2025-03-06 16:39:16,922 - root - INFO - Token Token-445 completed task 'Monthly' at 2025-01-08 09:48:00.
2025-03-06 16:39:16,923 - root - INFO - Token Token-445 waiting for resource 'Tech' at 2025-01-08 09:48:00
2025-03-06 16:39:16,923 - root - INFO - Token Token-63 completed task 'Review AM using Asset Change Tracker (5.5.13.1)' at 2025-01-08 09:49:00.107580.
2025-03-06 16:39:16,923 - root - INFO - Token Token-64 released from wait queue for 'Tech'
2025-03-06 16:39:16,923 - root - INFO - Token Token-64 waited 2923.00 minutes for resource
2025-03-06 16:39:16,924 - root - INFO - Token Token-64 started task 'Review AM using Asset Change Tracker (5.5.13.1)' at 2025-01-08 09:49:00.107580, scheduled to end at 2025-01-08 09:57:27.379948
2025-03-06 16:39:16,924 - root - INFO - Token Token-63 started task 'Complete /Accurate?' at 2025-01-08 09:49:00.107580, scheduled to end at 2025-01-08 09:49:00.107580
2025-03-06 16:39:16,924 - root - INFO - Token Token-63 completed task 'Complete /Accurate?' at 2025-01-08 09:49:00.107580.
2025-03-06 16:39:16,924 - root - INFO - Token Token-63 waiting for resource 'Tech' at 2025-01-08 09:49:00.107580
2025-03-06 16:39:16,925 - root - INFO - Token Token-446 started task 'Monthly' at 2025-01-08 09:50:00, scheduled to end at 2025-01-08 09:50:00
2025-03-06 16:39:16,925 - root - INFO - Token Token-446 completed task 'Monthly' at 2025-01-08 09:50:00.
2025-03-06 16:39:16,925 - root - INFO - Token Token-446 waiting for resource 'Tech' at 2025-01-08 09:50:00
2025-03-06 16:39:16,925 - root - INFO - Token Token-447 started task 'Monthly' at 2025-01-08 09:52:00, scheduled to end at 2025-01-08 09:52:00
2025-03-06 16:39:16,925 - root - INFO - Token Token-447 completed task 'Monthly' at 2025-01-08 09:52:00.
2025-03-06 16:39:16,926 - root - INFO - Token Token-447 waiting for resource 'Tech' at 2025-01-08 09:52:00
2025-03-06 16:39:16,926 - root - INFO - Token Token-448 started task 'Monthly' at 2025-01-08 09:54:00, scheduled to end at 2025-01-08 09:54:00
2025-03-06 16:39:16,928 - root - INFO - Token Token-448 completed task 'Monthly' at 2025-01-08 09:54:00.
2025-03-06 16:39:16,928 - root - INFO - Token Token-448 waiting for resource 'Tech' at 2025-01-08 09:54:00
2025-03-06 16:39:16,928 - root - INFO - Token Token-449 started task 'Monthly' at 2025-01-08 09:56:00, scheduled to end at 2025-01-08 09:56:00
2025-03-06 16:39:16,929 - root - INFO - Token Token-449 completed task 'Monthly' at 2025-01-08 09:56:00.
2025-03-06 16:39:16,929 - root - INFO - Token Token-449 waiting for resource 'Tech' at 2025-01-08 09:56:00
2025-03-06 16:39:16,930 - root - INFO - Token Token-64 completed task 'Review AM using Asset Change Tracker (5.5.13.1)' at 2025-01-08 09:57:27.379948.
2025-03-06 16:39:16,930 - root - INFO - Token Token-65 released from wait queue for 'Tech'
2025-03-06 16:39:16,930 - root - INFO - Token Token-65 waited 2929.46 minutes for resource
2025-03-06 16:39:16,931 - root - INFO - Token Token-65 started task 'Review AM using Asset Change Tracker (5.5.13.1)' at 2025-01-08 09:57:27.379948, scheduled to end at 2025-01-08 10:05:01.744098
2025-03-06 16:39:16,931 - root - INFO - Token Token-64 started task 'Complete /Accurate?' at 2025-01-08 09:57:27.379948, scheduled to end at 2025-01-08 09:57:27.379948
2025-03-06 16:39:16,932 - root - INFO - Token Token-64 completed task 'Complete /Accurate?' at 2025-01-08 09:57:27.379948.
2025-03-06 16:39:16,932 - root - INFO - Token Token-64 waiting for resource 'Tech' at 2025-01-08 09:57:27.379948
2025-03-06 16:39:16,932 - root - INFO - Token Token-450 started task 'Monthly' at 2025-01-08 09:58:00, scheduled to end at 2025-01-08 09:58:00
2025-03-06 16:39:16,933 - root - INFO - Token Token-450 completed task 'Monthly' at 2025-01-08 09:58:00.
2025-03-06 16:39:16,933 - root - INFO - Token Token-450 waiting for resource 'Tech' at 2025-01-08 09:58:00
2025-03-06 16:39:16,934 - root - INFO - Token Token-451 started task 'Monthly' at 2025-01-08 10:00:00, scheduled to end at 2025-01-08 10:00:00
2025-03-06 16:39:16,934 - root - INFO - Token Token-451 completed task 'Monthly' at 2025-01-08 10:00:00.
2025-03-06 16:39:16,934 - root - INFO - Token Token-451 waiting for resource 'Tech' at 2025-01-08 10:00:00
2025-03-06 16:39:16,935 - root - INFO - Token Token-452 started task 'Monthly' at 2025-01-08 10:02:00, scheduled to end at 2025-01-08 10:02:00
2025-03-06 16:39:16,935 - root - INFO - Token Token-452 completed task 'Monthly' at 2025-01-08 10:02:00.
2025-03-06 16:39:16,935 - root - INFO - Token Token-452 waiting for resource 'Tech' at 2025-01-08 10:02:00
2025-03-06 16:39:16,936 - root - INFO - Token Token-453 started task 'Monthly' at 2025-01-08 10:04:00, scheduled to end at 2025-01-08 10:04:00
2025-03-06 16:39:16,937 - root - INFO - Token Token-453 completed task 'Monthly' at 2025-01-08 10:04:00.
2025-03-06 16:39:16,937 - root - INFO - Token Token-453 waiting for resource 'Tech' at 2025-01-08 10:04:00
2025-03-06 16:39:16,937 - root - INFO - Token Token-65 completed task 'Review AM using Asset Change Tracker (5.5.13.1)' at 2025-01-08 10:05:01.744098.
2025-03-06 16:39:16,937 - root - INFO - Token Token-66 released from wait queue for 'Tech'
2025-03-06 16:39:16,938 - root - INFO - Token Token-66 waited 2935.03 minutes for resource
2025-03-06 16:39:16,938 - root - INFO - Token Token-66 started task 'Review AM using Asset Change Tracker (5.5.13.1)' at 2025-01-08 10:05:01.744098, scheduled to end at 2025-01-08 10:14:25.363051
2025-03-06 16:39:16,938 - root - INFO - Token Token-65 started task 'Complete /Accurate?' at 2025-01-08 10:05:01.744098, scheduled to end at 2025-01-08 10:05:01.744098
2025-03-06 16:39:16,939 - root - INFO - Token Token-65 completed task 'Complete /Accurate?' at 2025-01-08 10:05:01.744098.
2025-03-06 16:39:16,939 - root - INFO - Token Token-65 waiting for resource 'Tech' at 2025-01-08 10:05:01.744098
2025-03-06 16:39:16,940 - root - INFO - Token Token-454 started task 'Monthly' at 2025-01-08 10:06:00, scheduled to end at 2025-01-08 10:06:00
2025-03-06 16:39:16,940 - root - INFO - Token Token-454 completed task 'Monthly' at 2025-01-08 10:06:00.
2025-03-06 16:39:16,941 - root - INFO - Token Token-454 waiting for resource 'Tech' at 2025-01-08 10:06:00
2025-03-06 16:39:16,942 - root - INFO - Token Token-455 started task 'Monthly' at 2025-01-08 10:08:00, scheduled to end at 2025-01-08 10:08:00
2025-03-06 16:39:16,942 - root - INFO - Token Token-455 completed task 'Monthly' at 2025-01-08 10:08:00.
2025-03-06 16:39:16,942 - root - INFO - Token Token-455 waiting for resource 'Tech' at 2025-01-08 10:08:00
2025-03-06 16:39:16,943 - root - INFO - Token Token-456 started task 'Monthly' at 2025-01-08 10:10:00, scheduled to end at 2025-01-08 10:10:00
2025-03-06 16:39:16,943 - root - INFO - Token Token-456 completed task 'Monthly' at 2025-01-08 10:10:00.
2025-03-06 16:39:16,943 - root - INFO - Token Token-456 waiting for resource 'Tech' at 2025-01-08 10:10:00
2025-03-06 16:39:16,944 - root - INFO - Token Token-457 started task 'Monthly' at 2025-01-08 10:12:00, scheduled to end at 2025-01-08 10:12:00
2025-03-06 16:39:16,944 - root - INFO - Token Token-457 completed task 'Monthly' at 2025-01-08 10:12:00.
2025-03-06 16:39:16,945 - root - INFO - Token Token-457 waiting for resource 'Tech' at 2025-01-08 10:12:00
2025-03-06 16:39:16,945 - root - INFO - Token Token-458 started task 'Monthly' at 2025-01-08 10:14:00, scheduled to end at 2025-01-08 10:14:00
2025-03-06 16:39:16,945 - root - INFO - Token Token-458 completed task 'Monthly' at 2025-01-08 10:14:00.
2025-03-06 16:39:16,946 - root - INFO - Token Token-458 waiting for resource 'Tech' at 2025-01-08 10:14:00
2025-03-06 16:39:16,962 - root - INFO - Token Token-66 completed task 'Review AM using Asset Change Tracker (5.5.13.1)' at 2025-01-08 10:14:25.363051.
2025-03-06 16:39:16,962 - root - INFO - Token Token-67 released from wait queue for 'Tech'
2025-03-06 16:39:16,962 - root - INFO - Token Token-67 waited 2942.42 minutes for resource
2025-03-06 16:39:16,963 - root - INFO - Token Token-67 started task 'Review AM using Asset Change Tracker (5.5.13.1)' at 2025-01-08 10:14:25.363051, scheduled to end at 2025-01-08 10:23:02.945590
2025-03-06 16:39:16,963 - root - INFO - Token Token-66 started task 'Complete /Accurate?' at 2025-01-08 10:14:25.363051, scheduled to end at 2025-01-08 10:14:25.363051
2025-03-06 16:39:16,963 - root - INFO - Token Token-66 completed task 'Complete /Accurate?' at 2025-01-08 10:14:25.363051.
2025-03-06 16:39:16,964 - root - INFO - Token Token-66 waiting for resource 'Tech' at 2025-01-08 10:14:25.363051
2025-03-06 16:39:16,964 - root - INFO - Token Token-459 started task 'Monthly' at 2025-01-08 10:16:00, scheduled to end at 2025-01-08 10:16:00
2025-03-06 16:39:16,964 - root - INFO - Token Token-459 completed task 'Monthly' at 2025-01-08 10:16:00.
2025-03-06 16:39:16,964 - root - INFO - Token Token-459 waiting for resource 'Tech' at 2025-01-08 10:16:00
2025-03-06 16:39:16,965 - root - INFO - Token Token-460 started task 'Monthly' at 2025-01-08 10:18:00, scheduled to end at 2025-01-08 10:18:00
2025-03-06 16:39:16,965 - root - INFO - Token Token-460 completed task 'Monthly' at 2025-01-08 10:18:00.
2025-03-06 16:39:16,965 - root - INFO - Token Token-460 waiting for resource 'Tech' at 2025-01-08 10:18:00
2025-03-06 16:39:16,965 - root - INFO - Token Token-461 started task 'Monthly' at 2025-01-08 10:20:00, scheduled to end at 2025-01-08 10:20:00
2025-03-06 16:39:16,965 - root - INFO - Token Token-461 completed task 'Monthly' at 2025-01-08 10:20:00.
2025-03-06 16:39:16,966 - root - INFO - Token Token-461 waiting for resource 'Tech' at 2025-01-08 10:20:00
2025-03-06 16:39:16,966 - root - INFO - Token Token-462 started task 'Monthly' at 2025-01-08 10:22:00, scheduled to end at 2025-01-08 10:22:00
2025-03-06 16:39:16,966 - root - INFO - Token Token-462 completed task 'Monthly' at 2025-01-08 10:22:00.
2025-03-06 16:39:16,966 - root - INFO - Token Token-462 waiting for resource 'Tech' at 2025-01-08 10:22:00
2025-03-06 16:39:16,966 - root - INFO - Token Token-67 completed task 'Review AM using Asset Change Tracker (5.5.13.1)' at 2025-01-08 10:23:02.945590.
2025-03-06 16:39:16,967 - root - INFO - Token Token-68 released from wait queue for 'Tech'
2025-03-06 16:39:16,967 - root - INFO - Token Token-68 waited 2949.05 minutes for resource
2025-03-06 16:39:16,967 - root - INFO - Token Token-68 started task 'Review AM using Asset Change Tracker (5.5.13.1)' at 2025-01-08 10:23:02.945590, scheduled to end at 2025-01-08 10:31:11.333577
2025-03-06 16:39:16,968 - root - INFO - Token Token-67 started task 'Complete /Accurate?' at 2025-01-08 10:23:02.945590, scheduled to end at 2025-01-08 10:23:02.945590
2025-03-06 16:39:16,968 - root - INFO - Token Token-67 completed task 'Complete /Accurate?' at 2025-01-08 10:23:02.945590.
2025-03-06 16:39:16,968 - root - INFO - Token Token-67 waiting for resource 'Tech' at 2025-01-08 10:23:02.945590
2025-03-06 16:39:16,968 - root - INFO - Token Token-463 started task 'Monthly' at 2025-01-08 10:24:00, scheduled to end at 2025-01-08 10:24:00
2025-03-06 16:39:16,969 - root - INFO - Token Token-463 completed task 'Monthly' at 2025-01-08 10:24:00.
2025-03-06 16:39:16,969 - root - INFO - Token Token-463 waiting for resource 'Tech' at 2025-01-08 10:24:00
2025-03-06 16:39:16,969 - root - INFO - Token Token-464 started task 'Monthly' at 2025-01-08 10:26:00, scheduled to end at 2025-01-08 10:26:00
2025-03-06 16:39:16,969 - root - INFO - Token Token-464 completed task 'Monthly' at 2025-01-08 10:26:00.
2025-03-06 16:39:16,970 - root - INFO - Token Token-464 waiting for resource 'Tech' at 2025-01-08 10:26:00
2025-03-06 16:39:16,970 - root - INFO - Token Token-465 started task 'Monthly' at 2025-01-08 10:28:00, scheduled to end at 2025-01-08 10:28:00
2025-03-06 16:39:16,971 - root - INFO - Token Token-465 completed task 'Monthly' at 2025-01-08 10:28:00.
2025-03-06 16:39:16,971 - root - INFO - Token Token-465 waiting for resource 'Tech' at 2025-01-08 10:28:00
2025-03-06 16:39:16,971 - root - INFO - Token Token-466 started task 'Monthly' at 2025-01-08 10:30:00, scheduled to end at 2025-01-08 10:30:00
2025-03-06 16:39:16,971 - root - INFO - Token Token-466 completed task 'Monthly' at 2025-01-08 10:30:00.
2025-03-06 16:39:16,972 - root - INFO - Token Token-466 waiting for resource 'Tech' at 2025-01-08 10:30:00
2025-03-06 16:39:16,972 - root - INFO - Token Token-68 completed task 'Review AM using Asset Change Tracker (5.5.13.1)' at 2025-01-08 10:31:11.333577.
2025-03-06 16:39:16,973 - root - INFO - Token Token-69 released from wait queue for 'Tech'
2025-03-06 16:39:16,973 - root - INFO - Token Token-69 waited 2955.19 minutes for resource
2025-03-06 16:39:16,973 - root - INFO - Token Token-69 started task 'Review AM using Asset Change Tracker (5.5.13.1)' at 2025-01-08 10:31:11.333577, scheduled to end at 2025-01-08 10:39:18.476021
2025-03-06 16:39:16,973 - root - INFO - Token Token-68 started task 'Complete /Accurate?' at 2025-01-08 10:31:11.333577, scheduled to end at 2025-01-08 10:31:11.333577
2025-03-06 16:39:16,973 - root - INFO - Token Token-68 completed task 'Complete /Accurate?' at 2025-01-08 10:31:11.333577.
2025-03-06 16:39:16,974 - root - INFO - Token Token-68 waiting for resource 'Tech' at 2025-01-08 10:31:11.333577
2025-03-06 16:39:16,974 - root - INFO - Token Token-467 started task 'Monthly' at 2025-01-08 10:32:00, scheduled to end at 2025-01-08 10:32:00
2025-03-06 16:39:16,974 - root - INFO - Token Token-467 completed task 'Monthly' at 2025-01-08 10:32:00.
2025-03-06 16:39:16,974 - root - INFO - Token Token-467 waiting for resource 'Tech' at 2025-01-08 10:32:00
2025-03-06 16:39:16,975 - root - INFO - Token Token-468 started task 'Monthly' at 2025-01-08 10:34:00, scheduled to end at 2025-01-08 10:34:00
2025-03-06 16:39:16,975 - root - INFO - Token Token-468 completed task 'Monthly' at 2025-01-08 10:34:00.
2025-03-06 16:39:16,977 - root - INFO - Token Token-468 waiting for resource 'Tech' at 2025-01-08 10:34:00
2025-03-06 16:39:16,977 - root - INFO - Token Token-469 started task 'Monthly' at 2025-01-08 10:36:00, scheduled to end at 2025-01-08 10:36:00
2025-03-06 16:39:16,977 - root - INFO - Token Token-469 completed task 'Monthly' at 2025-01-08 10:36:00.
2025-03-06 16:39:16,978 - root - INFO - Token Token-469 waiting for resource 'Tech' at 2025-01-08 10:36:00
2025-03-06 16:39:16,978 - root - INFO - Token Token-470 started task 'Monthly' at 2025-01-08 10:38:00, scheduled to end at 2025-01-08 10:38:00
2025-03-06 16:39:16,978 - root - INFO - Token Token-470 completed task 'Monthly' at 2025-01-08 10:38:00.
2025-03-06 16:39:16,979 - root - INFO - Token Token-470 waiting for resource 'Tech' at 2025-01-08 10:38:00
2025-03-06 16:39:16,979 - root - INFO - Token Token-69 completed task 'Review AM using Asset Change Tracker (5.5.13.1)' at 2025-01-08 10:39:18.476021.
2025-03-06 16:39:16,980 - root - INFO - Token Token-70 released from wait queue for 'Tech'
2025-03-06 16:39:16,980 - root - INFO - Token Token-70 waited 2961.31 minutes for resource
2025-03-06 16:39:16,981 - root - INFO - Token Token-70 started task 'Review AM using Asset Change Tracker (5.5.13.1)' at 2025-01-08 10:39:18.476021, scheduled to end at 2025-01-08 10:47:52.043757
2025-03-06 16:39:16,981 - root - INFO - Token Token-69 started task 'Complete /Accurate?' at 2025-01-08 10:39:18.476021, scheduled to end at 2025-01-08 10:39:18.476021
2025-03-06 16:39:16,981 - root - INFO - Token Token-69 completed task 'Complete /Accurate?' at 2025-01-08 10:39:18.476021.
2025-03-06 16:39:16,982 - root - INFO - Token Token-69 waiting for resource 'Tech' at 2025-01-08 10:39:18.476021
2025-03-06 16:39:16,982 - root - INFO - Token Token-471 started task 'Monthly' at 2025-01-08 10:40:00, scheduled to end at 2025-01-08 10:40:00
2025-03-06 16:39:16,983 - root - INFO - Token Token-471 completed task 'Monthly' at 2025-01-08 10:40:00.
2025-03-06 16:39:16,983 - root - INFO - Token Token-471 waiting for resource 'Tech' at 2025-01-08 10:40:00
2025-03-06 16:39:16,983 - root - INFO - Token Token-472 started task 'Monthly' at 2025-01-08 10:42:00, scheduled to end at 2025-01-08 10:42:00
2025-03-06 16:39:16,984 - root - INFO - Token Token-472 completed task 'Monthly' at 2025-01-08 10:42:00.
2025-03-06 16:39:16,984 - root - INFO - Token Token-472 waiting for resource 'Tech' at 2025-01-08 10:42:00
2025-03-06 16:39:16,985 - root - INFO - Token Token-473 started task 'Monthly' at 2025-01-08 10:44:00, scheduled to end at 2025-01-08 10:44:00
2025-03-06 16:39:16,985 - root - INFO - Token Token-473 completed task 'Monthly' at 2025-01-08 10:44:00.
2025-03-06 16:39:16,985 - root - INFO - Token Token-473 waiting for resource 'Tech' at 2025-01-08 10:44:00
2025-03-06 16:39:16,986 - root - INFO - Token Token-474 started task 'Monthly' at 2025-01-08 10:46:00, scheduled to end at 2025-01-08 10:46:00
2025-03-06 16:39:16,986 - root - INFO - Token Token-474 completed task 'Monthly' at 2025-01-08 10:46:00.
2025-03-06 16:39:16,987 - root - INFO - Token Token-474 waiting for resource 'Tech' at 2025-01-08 10:46:00
2025-03-06 16:39:16,987 - root - INFO - Token Token-70 completed task 'Review AM using Asset Change Tracker (5.5.13.1)' at 2025-01-08 10:47:52.043757.
2025-03-06 16:39:16,987 - root - INFO - Token Token-71 released from wait queue for 'Tech'
2025-03-06 16:39:16,988 - root - INFO - Token Token-71 waited 2967.87 minutes for resource
2025-03-06 16:39:16,988 - root - INFO - Token Token-71 started task 'Review AM using Asset Change Tracker (5.5.13.1)' at 2025-01-08 10:47:52.043757, scheduled to end at 2025-01-08 10:55:08.590784
2025-03-06 16:39:16,989 - root - INFO - Token Token-70 started task 'Complete /Accurate?' at 2025-01-08 10:47:52.043757, scheduled to end at 2025-01-08 10:47:52.043757
2025-03-06 16:39:16,990 - root - INFO - Token Token-70 completed task 'Complete /Accurate?' at 2025-01-08 10:47:52.043757.
2025-03-06 16:39:16,991 - root - INFO - Token Token-70 waiting for resource 'Tech' at 2025-01-08 10:47:52.043757
2025-03-06 16:39:17,007 - root - INFO - Token Token-475 started task 'Monthly' at 2025-01-08 10:48:00, scheduled to end at 2025-01-08 10:48:00
2025-03-06 16:39:17,007 - root - INFO - Token Token-475 completed task 'Monthly' at 2025-01-08 10:48:00.
2025-03-06 16:39:17,007 - root - INFO - Token Token-475 waiting for resource 'Tech' at 2025-01-08 10:48:00
2025-03-06 16:39:17,007 - root - INFO - Token Token-476 started task 'Monthly' at 2025-01-08 10:50:00, scheduled to end at 2025-01-08 10:50:00
2025-03-06 16:39:17,009 - root - INFO - Token Token-476 completed task 'Monthly' at 2025-01-08 10:50:00.
2025-03-06 16:39:17,009 - root - INFO - Token Token-476 waiting for resource 'Tech' at 2025-01-08 10:50:00
2025-03-06 16:39:17,009 - root - INFO - Token Token-477 started task 'Monthly' at 2025-01-08 10:52:00, scheduled to end at 2025-01-08 10:52:00
2025-03-06 16:39:17,009 - root - INFO - Token Token-477 completed task 'Monthly' at 2025-01-08 10:52:00.
2025-03-06 16:39:17,010 - root - INFO - Token Token-477 waiting for resource 'Tech' at 2025-01-08 10:52:00
2025-03-06 16:39:17,010 - root - INFO - Token Token-478 started task 'Monthly' at 2025-01-08 10:54:00, scheduled to end at 2025-01-08 10:54:00
2025-03-06 16:39:17,010 - root - INFO - Token Token-478 completed task 'Monthly' at 2025-01-08 10:54:00.
2025-03-06 16:39:17,010 - root - INFO - Token Token-478 waiting for resource 'Tech' at 2025-01-08 10:54:00
2025-03-06 16:39:17,010 - root - INFO - Token Token-71 completed task 'Review AM using Asset Change Tracker (5.5.13.1)' at 2025-01-08 10:55:08.590784.
2025-03-06 16:39:17,011 - root - INFO - Token Token-72 released from wait queue for 'Tech'
2025-03-06 16:39:17,011 - root - INFO - Token Token-72 waited 2973.14 minutes for resource
2025-03-06 16:39:17,011 - root - INFO - Token Token-72 started task 'Review AM using Asset Change Tracker (5.5.13.1)' at 2025-01-08 10:55:08.590784, scheduled to end at 2025-01-08 11:01:18.820894
2025-03-06 16:39:17,011 - root - INFO - Token Token-71 started task 'Complete /Accurate?' at 2025-01-08 10:55:08.590784, scheduled to end at 2025-01-08 10:55:08.590784
2025-03-06 16:39:17,012 - root - INFO - Token Token-71 completed task 'Complete /Accurate?' at 2025-01-08 10:55:08.590784.
2025-03-06 16:39:17,012 - root - INFO - Token Token-71 waiting for resource 'Tech' at 2025-01-08 10:55:08.590784
2025-03-06 16:39:17,012 - root - INFO - Token Token-479 started task 'Monthly' at 2025-01-08 10:56:00, scheduled to end at 2025-01-08 10:56:00
2025-03-06 16:39:17,012 - root - INFO - Token Token-479 completed task 'Monthly' at 2025-01-08 10:56:00.
2025-03-06 16:39:17,013 - root - INFO - Token Token-479 waiting for resource 'Tech' at 2025-01-08 10:56:00
2025-03-06 16:39:17,013 - root - INFO - Token Token-480 started task 'Monthly' at 2025-01-08 10:58:00, scheduled to end at 2025-01-08 10:58:00
2025-03-06 16:39:17,013 - root - INFO - Token Token-480 completed task 'Monthly' at 2025-01-08 10:58:00.
2025-03-06 16:39:17,013 - root - INFO - Token Token-480 waiting for resource 'Tech' at 2025-01-08 10:58:00
2025-03-06 16:39:17,014 - root - INFO - Token Token-481 started task 'Monthly' at 2025-01-08 11:00:00, scheduled to end at 2025-01-08 11:00:00
2025-03-06 16:39:17,014 - root - INFO - Token Token-481 completed task 'Monthly' at 2025-01-08 11:00:00.
2025-03-06 16:39:17,014 - root - INFO - Token Token-481 waiting for resource 'Tech' at 2025-01-08 11:00:00
2025-03-06 16:39:17,015 - root - INFO - Token Token-72 completed task 'Review AM using Asset Change Tracker (5.5.13.1)' at 2025-01-08 11:01:18.820894.
2025-03-06 16:39:17,015 - root - INFO - Token Token-73 released from wait queue for 'Tech'
2025-03-06 16:39:17,016 - root - INFO - Token Token-73 waited 2977.31 minutes for resource
2025-03-06 16:39:17,016 - root - INFO - Token Token-73 started task 'Review AM using Asset Change Tracker (5.5.13.1)' at 2025-01-08 11:01:18.820894, scheduled to end at 2025-01-08 11:10:11.950602
2025-03-06 16:39:17,016 - root - INFO - Token Token-72 started task 'Complete /Accurate?' at 2025-01-08 11:01:18.820894, scheduled to end at 2025-01-08 11:01:18.820894
2025-03-06 16:39:17,016 - root - INFO - Token Token-72 completed task 'Complete /Accurate?' at 2025-01-08 11:01:18.820894.
2025-03-06 16:39:17,017 - root - INFO - Token Token-72 waiting for resource 'Tech' at 2025-01-08 11:01:18.820894
2025-03-06 16:39:17,017 - root - INFO - Token Token-482 started task 'Monthly' at 2025-01-08 11:02:00, scheduled to end at 2025-01-08 11:02:00
2025-03-06 16:39:17,017 - root - INFO - Token Token-482 completed task 'Monthly' at 2025-01-08 11:02:00.
2025-03-06 16:39:17,017 - root - INFO - Token Token-482 waiting for resource 'Tech' at 2025-01-08 11:02:00
2025-03-06 16:39:17,018 - root - INFO - Token Token-483 started task 'Monthly' at 2025-01-08 11:04:00, scheduled to end at 2025-01-08 11:04:00
2025-03-06 16:39:17,018 - root - INFO - Token Token-483 completed task 'Monthly' at 2025-01-08 11:04:00.
2025-03-06 16:39:17,018 - root - INFO - Token Token-483 waiting for resource 'Tech' at 2025-01-08 11:04:00
2025-03-06 16:39:17,018 - root - INFO - Token Token-484 started task 'Monthly' at 2025-01-08 11:06:00, scheduled to end at 2025-01-08 11:06:00
2025-03-06 16:39:17,019 - root - INFO - Token Token-484 completed task 'Monthly' at 2025-01-08 11:06:00.
2025-03-06 16:39:17,019 - root - INFO - Token Token-484 waiting for resource 'Tech' at 2025-01-08 11:06:00
2025-03-06 16:39:17,019 - root - INFO - Token Token-485 started task 'Monthly' at 2025-01-08 11:08:00, scheduled to end at 2025-01-08 11:08:00
2025-03-06 16:39:17,019 - root - INFO - Token Token-485 completed task 'Monthly' at 2025-01-08 11:08:00.
2025-03-06 16:39:17,019 - root - INFO - Token Token-485 waiting for resource 'Tech' at 2025-01-08 11:08:00
2025-03-06 16:39:17,020 - root - INFO - Token Token-486 started task 'Monthly' at 2025-01-08 11:10:00, scheduled to end at 2025-01-08 11:10:00
2025-03-06 16:39:17,020 - root - INFO - Token Token-486 completed task 'Monthly' at 2025-01-08 11:10:00.
2025-03-06 16:39:17,020 - root - INFO - Token Token-486 waiting for resource 'Tech' at 2025-01-08 11:10:00
2025-03-06 16:39:17,020 - root - INFO - Token Token-73 completed task 'Review AM using Asset Change Tracker (5.5.13.1)' at 2025-01-08 11:10:11.950602.
2025-03-06 16:39:17,021 - root - INFO - Token Token-74 released from wait queue for 'Tech'
2025-03-06 16:39:17,021 - root - INFO - Token Token-74 waited 2984.20 minutes for resource
2025-03-06 16:39:17,021 - root - INFO - Token Token-74 started task 'Review AM using Asset Change Tracker (5.5.13.1)' at 2025-01-08 11:10:11.950602, scheduled to end at 2025-01-08 11:17:39.084416
2025-03-06 16:39:17,021 - root - INFO - Token Token-73 started task 'Complete /Accurate?' at 2025-01-08 11:10:11.950602, scheduled to end at 2025-01-08 11:10:11.950602
2025-03-06 16:39:17,023 - root - INFO - Token Token-73 completed task 'Complete /Accurate?' at 2025-01-08 11:10:11.950602.
2025-03-06 16:39:17,024 - root - INFO - Token Token-73 waiting for resource 'Tech' at 2025-01-08 11:10:11.950602
2025-03-06 16:39:17,024 - root - INFO - Token Token-487 started task 'Monthly' at 2025-01-08 11:12:00, scheduled to end at 2025-01-08 11:12:00
2025-03-06 16:39:17,024 - root - INFO - Token Token-487 completed task 'Monthly' at 2025-01-08 11:12:00.
2025-03-06 16:39:17,025 - root - INFO - Token Token-487 waiting for resource 'Tech' at 2025-01-08 11:12:00
2025-03-06 16:39:17,025 - root - INFO - Token Token-488 started task 'Monthly' at 2025-01-08 11:14:00, scheduled to end at 2025-01-08 11:14:00
2025-03-06 16:39:17,025 - root - INFO - Token Token-488 completed task 'Monthly' at 2025-01-08 11:14:00.
2025-03-06 16:39:17,026 - root - INFO - Token Token-488 waiting for resource 'Tech' at 2025-01-08 11:14:00
2025-03-06 16:39:17,026 - root - INFO - Token Token-489 started task 'Monthly' at 2025-01-08 11:16:00, scheduled to end at 2025-01-08 11:16:00
2025-03-06 16:39:17,027 - root - INFO - Token Token-489 completed task 'Monthly' at 2025-01-08 11:16:00.
2025-03-06 16:39:17,027 - root - INFO - Token Token-489 waiting for resource 'Tech' at 2025-01-08 11:16:00
2025-03-06 16:39:17,027 - root - INFO - Token Token-74 completed task 'Review AM using Asset Change Tracker (5.5.13.1)' at 2025-01-08 11:17:39.084416.
2025-03-06 16:39:17,028 - root - INFO - Token Token-75 released from wait queue for 'Tech'
2025-03-06 16:39:17,028 - root - INFO - Token Token-75 waited 2989.65 minutes for resource
2025-03-06 16:39:17,029 - root - INFO - Token Token-75 started task 'Review AM using Asset Change Tracker (5.5.13.1)' at 2025-01-08 11:17:39.084416, scheduled to end at 2025-01-08 11:24:20.242756
2025-03-06 16:39:17,029 - root - INFO - Token Token-74 started task 'Complete /Accurate?' at 2025-01-08 11:17:39.084416, scheduled to end at 2025-01-08 11:17:39.084416
2025-03-06 16:39:17,030 - root - INFO - Token Token-74 completed task 'Complete /Accurate?' at 2025-01-08 11:17:39.084416.
2025-03-06 16:39:17,030 - root - INFO - Token Token-74 waiting for resource 'Tech' at 2025-01-08 11:17:39.084416
2025-03-06 16:39:17,030 - root - INFO - Token Token-490 started task 'Monthly' at 2025-01-08 11:18:00, scheduled to end at 2025-01-08 11:18:00
2025-03-06 16:39:17,031 - root - INFO - Token Token-490 completed task 'Monthly' at 2025-01-08 11:18:00.
2025-03-06 16:39:17,031 - root - INFO - Token Token-490 waiting for resource 'Tech' at 2025-01-08 11:18:00
2025-03-06 16:39:17,032 - root - INFO - Token Token-491 started task 'Monthly' at 2025-01-08 11:20:00, scheduled to end at 2025-01-08 11:20:00
2025-03-06 16:39:17,032 - root - INFO - Token Token-491 completed task 'Monthly' at 2025-01-08 11:20:00.
2025-03-06 16:39:17,032 - root - INFO - Token Token-491 waiting for resource 'Tech' at 2025-01-08 11:20:00
2025-03-06 16:39:17,033 - root - INFO - Token Token-492 started task 'Monthly' at 2025-01-08 11:22:00, scheduled to end at 2025-01-08 11:22:00
2025-03-06 16:39:17,033 - root - INFO - Token Token-492 completed task 'Monthly' at 2025-01-08 11:22:00.
2025-03-06 16:39:17,034 - root - INFO - Token Token-492 waiting for resource 'Tech' at 2025-01-08 11:22:00
2025-03-06 16:39:17,050 - root - INFO - Token Token-493 started task 'Monthly' at 2025-01-08 11:24:00, scheduled to end at 2025-01-08 11:24:00
2025-03-06 16:39:17,053 - root - INFO - Token Token-493 completed task 'Monthly' at 2025-01-08 11:24:00.
2025-03-06 16:39:17,053 - root - INFO - Token Token-493 waiting for resource 'Tech' at 2025-01-08 11:24:00
2025-03-06 16:39:17,053 - root - INFO - Token Token-75 completed task 'Review AM using Asset Change Tracker (5.5.13.1)' at 2025-01-08 11:24:20.242756.
2025-03-06 16:39:17,053 - root - INFO - Token Token-76 released from wait queue for 'Tech'
2025-03-06 16:39:17,054 - root - INFO - Token Token-76 waited 2994.34 minutes for resource
2025-03-06 16:39:17,054 - root - INFO - Token Token-76 started task 'Review AM using Asset Change Tracker (5.5.13.1)' at 2025-01-08 11:24:20.242756, scheduled to end at 2025-01-08 11:32:47.243143
2025-03-06 16:39:17,054 - root - INFO - Token Token-75 started task 'Complete /Accurate?' at 2025-01-08 11:24:20.242756, scheduled to end at 2025-01-08 11:24:20.242756
2025-03-06 16:39:17,054 - root - INFO - Token Token-75 completed task 'Complete /Accurate?' at 2025-01-08 11:24:20.242756.
2025-03-06 16:39:17,055 - root - INFO - Token Token-75 waiting for resource 'Tech' at 2025-01-08 11:24:20.242756
2025-03-06 16:39:17,055 - root - INFO - Token Token-494 started task 'Monthly' at 2025-01-08 11:26:00, scheduled to end at 2025-01-08 11:26:00
2025-03-06 16:39:17,055 - root - INFO - Token Token-494 completed task 'Monthly' at 2025-01-08 11:26:00.
2025-03-06 16:39:17,055 - root - INFO - Token Token-494 waiting for resource 'Tech' at 2025-01-08 11:26:00
2025-03-06 16:39:17,056 - root - INFO - Token Token-495 started task 'Monthly' at 2025-01-08 11:28:00, scheduled to end at 2025-01-08 11:28:00
2025-03-06 16:39:17,056 - root - INFO - Token Token-495 completed task 'Monthly' at 2025-01-08 11:28:00.
2025-03-06 16:39:17,056 - root - INFO - Token Token-495 waiting for resource 'Tech' at 2025-01-08 11:28:00
2025-03-06 16:39:17,056 - root - INFO - Token Token-496 started task 'Monthly' at 2025-01-08 11:30:00, scheduled to end at 2025-01-08 11:30:00
2025-03-06 16:39:17,056 - root - INFO - Token Token-496 completed task 'Monthly' at 2025-01-08 11:30:00.
2025-03-06 16:39:17,056 - root - INFO - Token Token-496 waiting for resource 'Tech' at 2025-01-08 11:30:00
2025-03-06 16:39:17,056 - root - INFO - Token Token-497 started task 'Monthly' at 2025-01-08 11:32:00, scheduled to end at 2025-01-08 11:32:00
2025-03-06 16:39:17,056 - root - INFO - Token Token-497 completed task 'Monthly' at 2025-01-08 11:32:00.
2025-03-06 16:39:17,057 - root - INFO - Token Token-497 waiting for resource 'Tech' at 2025-01-08 11:32:00
2025-03-06 16:39:17,057 - root - INFO - Token Token-76 completed task 'Review AM using Asset Change Tracker (5.5.13.1)' at 2025-01-08 11:32:47.243143.
2025-03-06 16:39:17,057 - root - INFO - Token Token-77 released from wait queue for 'Tech'
2025-03-06 16:39:17,057 - root - INFO - Token Token-77 waited 3000.79 minutes for resource
2025-03-06 16:39:17,058 - root - INFO - Token Token-77 started task 'Review AM using Asset Change Tracker (5.5.13.1)' at 2025-01-08 11:32:47.243143, scheduled to end at 2025-01-08 11:42:09.528394
2025-03-06 16:39:17,058 - root - INFO - Token Token-76 started task 'Complete /Accurate?' at 2025-01-08 11:32:47.243143, scheduled to end at 2025-01-08 11:32:47.243143
2025-03-06 16:39:17,059 - root - INFO - Token Token-76 completed task 'Complete /Accurate?' at 2025-01-08 11:32:47.243143.
2025-03-06 16:39:17,059 - root - INFO - Token Token-76 waiting for resource 'Tech' at 2025-01-08 11:32:47.243143
2025-03-06 16:39:17,059 - root - INFO - Token Token-498 started task 'Monthly' at 2025-01-08 11:34:00, scheduled to end at 2025-01-08 11:34:00
2025-03-06 16:39:17,061 - root - INFO - Token Token-498 completed task 'Monthly' at 2025-01-08 11:34:00.
2025-03-06 16:39:17,061 - root - INFO - Token Token-498 waiting for resource 'Tech' at 2025-01-08 11:34:00
2025-03-06 16:39:17,061 - root - INFO - Token Token-499 started task 'Monthly' at 2025-01-08 11:36:00, scheduled to end at 2025-01-08 11:36:00
2025-03-06 16:39:17,061 - root - INFO - Token Token-499 completed task 'Monthly' at 2025-01-08 11:36:00.
2025-03-06 16:39:17,062 - root - INFO - Token Token-499 waiting for resource 'Tech' at 2025-01-08 11:36:00
2025-03-06 16:39:17,062 - root - INFO - Token Token-500 started task 'Monthly' at 2025-01-08 11:38:00, scheduled to end at 2025-01-08 11:38:00
2025-03-06 16:39:17,062 - root - INFO - Token Token-500 completed task 'Monthly' at 2025-01-08 11:38:00.
2025-03-06 16:39:17,062 - root - INFO - Token Token-500 waiting for resource 'Tech' at 2025-01-08 11:38:00
2025-03-06 16:39:17,062 - root - INFO - Token Token-77 completed task 'Review AM using Asset Change Tracker (5.5.13.1)' at 2025-01-08 11:42:09.528394.
2025-03-06 16:39:17,062 - root - INFO - Token Token-78 released from wait queue for 'Tech'
2025-03-06 16:39:17,062 - root - INFO - Token Token-78 waited 3008.16 minutes for resource
2025-03-06 16:39:17,063 - root - INFO - Token Token-78 started task 'Review AM using Asset Change Tracker (5.5.13.1)' at 2025-01-08 11:42:09.528394, scheduled to end at 2025-01-08 11:48:23.059573
2025-03-06 16:39:17,063 - root - INFO - Token Token-77 started task 'Complete /Accurate?' at 2025-01-08 11:42:09.528394, scheduled to end at 2025-01-08 11:42:09.528394
2025-03-06 16:39:17,063 - root - INFO - Token Token-77 completed task 'Complete /Accurate?' at 2025-01-08 11:42:09.528394.
2025-03-06 16:39:17,064 - root - INFO - Token Token-77 waiting for resource 'Tech' at 2025-01-08 11:42:09.528394
2025-03-06 16:39:17,064 - root - INFO - Token Token-78 completed task 'Review AM using Asset Change Tracker (5.5.13.1)' at 2025-01-08 11:48:23.059573.
2025-03-06 16:39:17,064 - root - INFO - Token Token-79 released from wait queue for 'Tech'
2025-03-06 16:39:17,064 - root - INFO - Token Token-79 waited 3012.38 minutes for resource
2025-03-06 16:39:17,064 - root - INFO - Token Token-79 started task 'Review AM using Asset Change Tracker (5.5.13.1)' at 2025-01-08 11:48:23.059573, scheduled to end at 2025-01-08 11:57:24.283202
2025-03-06 16:39:17,065 - root - INFO - Token Token-78 started task 'Complete /Accurate?' at 2025-01-08 11:48:23.059573, scheduled to end at 2025-01-08 11:48:23.059573
2025-03-06 16:39:17,065 - root - INFO - Token Token-78 completed task 'Complete /Accurate?' at 2025-01-08 11:48:23.059573.
2025-03-06 16:39:17,065 - root - INFO - Token Token-78 waiting for resource 'Tech' at 2025-01-08 11:48:23.059573
2025-03-06 16:39:17,066 - root - INFO - Token Token-79 completed task 'Review AM using Asset Change Tracker (5.5.13.1)' at 2025-01-08 11:57:24.283202.
2025-03-06 16:39:17,066 - root - INFO - Token Token-80 released from wait queue for 'Tech'
2025-03-06 16:39:17,066 - root - INFO - Token Token-80 waited 3019.40 minutes for resource
2025-03-06 16:39:17,066 - root - INFO - Token Token-80 started task 'Review AM using Asset Change Tracker (5.5.13.1)' at 2025-01-08 11:57:24.283202, scheduled to end at 2025-01-08 12:06:47.301337
2025-03-06 16:39:17,066 - root - INFO - Token Token-79 started task 'Complete /Accurate?' at 2025-01-08 11:57:24.283202, scheduled to end at 2025-01-08 11:57:24.283202
2025-03-06 16:39:17,067 - root - INFO - Token Token-79 completed task 'Complete /Accurate?' at 2025-01-08 11:57:24.283202.
2025-03-06 16:39:17,067 - root - INFO - Token Token-79 waiting for resource 'Tech' at 2025-01-08 11:57:24.283202
2025-03-06 16:39:17,067 - root - INFO - Token Token-80 completed task 'Review AM using Asset Change Tracker (5.5.13.1)' at 2025-01-08 12:06:47.301337.
2025-03-06 16:39:17,067 - root - INFO - Token Token-81 released from wait queue for 'Tech'
2025-03-06 16:39:17,068 - root - INFO - Token Token-81 waited 3026.79 minutes for resource
2025-03-06 16:39:17,068 - root - INFO - Token Token-81 started task 'Review AM using Asset Change Tracker (5.5.13.1)' at 2025-01-08 12:06:47.301337, scheduled to end at 2025-01-08 12:15:23.601559
2025-03-06 16:39:17,068 - root - INFO - Token Token-80 started task 'Complete /Accurate?' at 2025-01-08 12:06:47.301337, scheduled to end at 2025-01-08 12:06:47.301337
2025-03-06 16:39:17,068 - root - INFO - Token Token-80 completed task 'Complete /Accurate?' at 2025-01-08 12:06:47.301337.
2025-03-06 16:39:17,069 - root - INFO - Token Token-80 waiting for resource 'Tech' at 2025-01-08 12:06:47.301337
2025-03-06 16:39:17,069 - root - INFO - Token Token-81 completed task 'Review AM using Asset Change Tracker (5.5.13.1)' at 2025-01-08 12:15:23.601559.
2025-03-06 16:39:17,069 - root - INFO - Token Token-82 released from wait queue for 'Tech'
2025-03-06 16:39:17,069 - root - INFO - Token Token-82 waited 3033.39 minutes for resource
2025-03-06 16:39:17,069 - root - INFO - Token Token-82 started task 'Review AM using Asset Change Tracker (5.5.13.1)' at 2025-01-08 12:15:23.601559, scheduled to end at 2025-01-08 12:22:05.019761
2025-03-06 16:39:17,070 - root - INFO - Token Token-81 started task 'Complete /Accurate?' at 2025-01-08 12:15:23.601559, scheduled to end at 2025-01-08 12:15:23.601559
2025-03-06 16:39:17,070 - root - INFO - Token Token-81 completed task 'Complete /Accurate?' at 2025-01-08 12:15:23.601559.
2025-03-06 16:39:17,070 - root - INFO - Token Token-81 waiting for resource 'Tech' at 2025-01-08 12:15:23.601559
2025-03-06 16:39:17,071 - root - INFO - Token Token-82 completed task 'Review AM using Asset Change Tracker (5.5.13.1)' at 2025-01-08 12:22:05.019761.
2025-03-06 16:39:17,071 - root - INFO - Token Token-83 released from wait queue for 'Tech'
2025-03-06 16:39:17,071 - root - INFO - Token Token-83 waited 3038.08 minutes for resource
2025-03-06 16:39:17,072 - root - INFO - Token Token-83 started task 'Review AM using Asset Change Tracker (5.5.13.1)' at 2025-01-08 12:22:05.019761, scheduled to end at 2025-01-08 12:30:11.792649
2025-03-06 16:39:17,073 - root - INFO - Token Token-82 started task 'Complete /Accurate?' at 2025-01-08 12:22:05.019761, scheduled to end at 2025-01-08 12:22:05.019761
2025-03-06 16:39:17,073 - root - INFO - Token Token-82 completed task 'Complete /Accurate?' at 2025-01-08 12:22:05.019761.
2025-03-06 16:39:17,073 - root - INFO - Token Token-82 waiting for resource 'Tech' at 2025-01-08 12:22:05.019761
2025-03-06 16:39:17,074 - root - INFO - Token Token-83 completed task 'Review AM using Asset Change Tracker (5.5.13.1)' at 2025-01-08 12:30:11.792649.
2025-03-06 16:39:17,074 - root - INFO - Token Token-84 released from wait queue for 'Tech'
2025-03-06 16:39:17,075 - root - INFO - Token Token-84 waited 3044.20 minutes for resource
2025-03-06 16:39:17,075 - root - INFO - Token Token-84 started task 'Review AM using Asset Change Tracker (5.5.13.1)' at 2025-01-08 12:30:11.792649, scheduled to end at 2025-01-08 12:37:52.731349
2025-03-06 16:39:17,075 - root - INFO - Token Token-83 started task 'Complete /Accurate?' at 2025-01-08 12:30:11.792649, scheduled to end at 2025-01-08 12:30:11.792649
2025-03-06 16:39:17,076 - root - INFO - Token Token-83 completed task 'Complete /Accurate?' at 2025-01-08 12:30:11.792649.
2025-03-06 16:39:17,076 - root - INFO - Token Token-83 waiting for resource 'Tech' at 2025-01-08 12:30:11.792649
2025-03-06 16:39:17,077 - root - INFO - Token Token-84 completed task 'Review AM using Asset Change Tracker (5.5.13.1)' at 2025-01-08 12:37:52.731349.
2025-03-06 16:39:17,077 - root - INFO - Token Token-85 released from wait queue for 'Tech'
2025-03-06 16:39:17,077 - root - INFO - Token Token-85 waited 3049.88 minutes for resource
2025-03-06 16:39:17,078 - root - INFO - Token Token-85 started task 'Review AM using Asset Change Tracker (5.5.13.1)' at 2025-01-08 12:37:52.731349, scheduled to end at 2025-01-08 12:46:53.650093
2025-03-06 16:39:17,078 - root - INFO - Token Token-84 started task 'Complete /Accurate?' at 2025-01-08 12:37:52.731349, scheduled to end at 2025-01-08 12:37:52.731349
2025-03-06 16:39:17,079 - root - INFO - Token Token-84 completed task 'Complete /Accurate?' at 2025-01-08 12:37:52.731349.
2025-03-06 16:39:17,079 - root - INFO - Token Token-84 waiting for resource 'Tech' at 2025-01-08 12:37:52.731349
2025-03-06 16:39:17,079 - root - INFO - Token Token-85 completed task 'Review AM using Asset Change Tracker (5.5.13.1)' at 2025-01-08 12:46:53.650093.
2025-03-06 16:39:17,080 - root - INFO - Token Token-86 released from wait queue for 'Tech'
2025-03-06 16:39:17,080 - root - INFO - Token Token-86 waited 3056.89 minutes for resource
2025-03-06 16:39:17,081 - root - INFO - Token Token-86 started task 'Review AM using Asset Change Tracker (5.5.13.1)' at 2025-01-08 12:46:53.650093, scheduled to end at 2025-01-08 12:56:12.465460
2025-03-06 16:39:17,081 - root - INFO - Token Token-85 started task 'Complete /Accurate?' at 2025-01-08 12:46:53.650093, scheduled to end at 2025-01-08 12:46:53.650093
2025-03-06 16:39:17,082 - root - INFO - Token Token-85 completed task 'Complete /Accurate?' at 2025-01-08 12:46:53.650093.
2025-03-06 16:39:17,082 - root - INFO - Token Token-85 waiting for resource 'Tech' at 2025-01-08 12:46:53.650093
2025-03-06 16:39:17,082 - root - INFO - Token Token-86 completed task 'Review AM using Asset Change Tracker (5.5.13.1)' at 2025-01-08 12:56:12.465460.
2025-03-06 16:39:17,083 - root - INFO - Token Token-87 released from wait queue for 'Tech'
2025-03-06 16:39:17,083 - root - INFO - Token Token-87 waited 3064.21 minutes for resource
2025-03-06 16:39:17,084 - root - INFO - Token Token-87 started task 'Review AM using Asset Change Tracker (5.5.13.1)' at 2025-01-08 12:56:12.465460, scheduled to end at 2025-01-09 07:00:00
2025-03-06 16:39:17,084 - root - INFO - Token Token-86 started task 'Complete /Accurate?' at 2025-01-08 12:56:12.465460, scheduled to end at 2025-01-08 12:56:12.465460
2025-03-06 16:39:17,084 - root - INFO - Token Token-86 completed task 'Complete /Accurate?' at 2025-01-08 12:56:12.465460.
2025-03-06 16:39:17,085 - root - INFO - Token Token-86 waiting for resource 'Tech' at 2025-01-08 12:56:12.465460
2025-03-06 16:39:17,085 - root - INFO - Token Token-87 completed task 'Review AM using Asset Change Tracker (5.5.13.1)' at 2025-01-09 07:00:00.
2025-03-06 16:39:17,086 - root - INFO - Token Token-88 released from wait queue for 'Tech'
2025-03-06 16:39:17,087 - root - INFO - Token Token-88 waited 4146.00 minutes for resource
2025-03-06 16:39:17,088 - root - INFO - Token Token-88 started task 'Review AM using Asset Change Tracker (5.5.13.1)' at 2025-01-09 07:00:00, scheduled to end at 2025-01-09 07:05:55.979973
2025-03-06 16:39:17,089 - root - INFO - Token Token-87 started task 'Complete /Accurate?' at 2025-01-09 07:00:00, scheduled to end at 2025-01-09 07:00:00
2025-03-06 16:39:17,105 - root - INFO - Token Token-87 completed task 'Complete /Accurate?' at 2025-01-09 07:00:00.
2025-03-06 16:39:17,105 - root - INFO - Token Token-87 waiting for resource 'Tech' at 2025-01-09 07:00:00
2025-03-06 16:39:17,106 - root - INFO - Token Token-88 completed task 'Review AM using Asset Change Tracker (5.5.13.1)' at 2025-01-09 07:05:55.979973.
2025-03-06 16:39:17,106 - root - INFO - Token Token-89 released from wait queue for 'Tech'
2025-03-06 16:39:17,106 - root - INFO - Token Token-89 waited 4149.93 minutes for resource
2025-03-06 16:39:17,106 - root - INFO - Token Token-89 started task 'Review AM using Asset Change Tracker (5.5.13.1)' at 2025-01-09 07:05:55.979973, scheduled to end at 2025-01-09 07:11:46.247688
2025-03-06 16:39:17,107 - root - INFO - Token Token-88 started task 'Complete /Accurate?' at 2025-01-09 07:05:55.979973, scheduled to end at 2025-01-09 07:05:55.979973
2025-03-06 16:39:17,107 - root - INFO - Token Token-88 completed task 'Complete /Accurate?' at 2025-01-09 07:05:55.979973.
2025-03-06 16:39:17,107 - root - INFO - Token Token-88 waiting for resource 'Tech' at 2025-01-09 07:05:55.979973
2025-03-06 16:39:17,107 - root - INFO - Token Token-89 completed task 'Review AM using Asset Change Tracker (5.5.13.1)' at 2025-01-09 07:11:46.247688.
2025-03-06 16:39:17,108 - root - INFO - Token Token-90 released from wait queue for 'Tech'
2025-03-06 16:39:17,108 - root - INFO - Token Token-90 waited 4153.77 minutes for resource
2025-03-06 16:39:17,108 - root - INFO - Token Token-90 started task 'Review AM using Asset Change Tracker (5.5.13.1)' at 2025-01-09 07:11:46.247688, scheduled to end at 2025-01-09 07:20:06.500025
2025-03-06 16:39:17,108 - root - INFO - Token Token-89 started task 'Complete /Accurate?' at 2025-01-09 07:11:46.247688, scheduled to end at 2025-01-09 07:11:46.247688
2025-03-06 16:39:17,108 - root - INFO - Token Token-89 completed task 'Complete /Accurate?' at 2025-01-09 07:11:46.247688.
2025-03-06 16:39:17,109 - root - INFO - Token Token-89 waiting for resource 'Tech' at 2025-01-09 07:11:46.247688
2025-03-06 16:39:17,109 - root - INFO - Token Token-90 completed task 'Review AM using Asset Change Tracker (5.5.13.1)' at 2025-01-09 07:20:06.500025.
2025-03-06 16:39:17,109 - root - INFO - Token Token-91 released from wait queue for 'Tech'
2025-03-06 16:39:17,109 - root - INFO - Token Token-91 waited 4160.11 minutes for resource
2025-03-06 16:39:17,110 - root - INFO - Token Token-91 started task 'Review AM using Asset Change Tracker (5.5.13.1)' at 2025-01-09 07:20:06.500025, scheduled to end at 2025-01-09 07:27:39.718908
2025-03-06 16:39:17,110 - root - INFO - Token Token-90 started task 'Complete /Accurate?' at 2025-01-09 07:20:06.500025, scheduled to end at 2025-01-09 07:20:06.500025
2025-03-06 16:39:17,110 - root - INFO - Token Token-90 completed task 'Complete /Accurate?' at 2025-01-09 07:20:06.500025.
2025-03-06 16:39:17,110 - root - INFO - Token Token-90 waiting for resource 'Tech' at 2025-01-09 07:20:06.500025
2025-03-06 16:39:17,111 - root - INFO - Token Token-91 completed task 'Review AM using Asset Change Tracker (5.5.13.1)' at 2025-01-09 07:27:39.718908.
2025-03-06 16:39:17,111 - root - INFO - Token Token-92 released from wait queue for 'Tech'
2025-03-06 16:39:17,111 - root - INFO - Token Token-92 waited 4165.66 minutes for resource
2025-03-06 16:39:17,112 - root - INFO - Token Token-92 started task 'Review AM using Asset Change Tracker (5.5.13.1)' at 2025-01-09 07:27:39.718908, scheduled to end at 2025-01-09 07:36:26.684922
2025-03-06 16:39:17,112 - root - INFO - Token Token-91 started task 'Complete /Accurate?' at 2025-01-09 07:27:39.718908, scheduled to end at 2025-01-09 07:27:39.718908
2025-03-06 16:39:17,113 - root - INFO - Token Token-91 completed task 'Complete /Accurate?' at 2025-01-09 07:27:39.718908.
2025-03-06 16:39:17,113 - root - INFO - Token Token-91 waiting for resource 'Tech' at 2025-01-09 07:27:39.718908
2025-03-06 16:39:17,115 - root - INFO - Token Token-92 completed task 'Review AM using Asset Change Tracker (5.5.13.1)' at 2025-01-09 07:36:26.684922.
2025-03-06 16:39:17,115 - root - INFO - Token Token-93 released from wait queue for 'Tech'
2025-03-06 16:39:17,116 - root - INFO - Token Token-93 waited 4172.44 minutes for resource
2025-03-06 16:39:17,116 - root - INFO - Token Token-93 started task 'Review AM using Asset Change Tracker (5.5.13.1)' at 2025-01-09 07:36:26.684922, scheduled to end at 2025-01-09 07:43:07.875889
2025-03-06 16:39:17,117 - root - INFO - Token Token-92 started task 'Complete /Accurate?' at 2025-01-09 07:36:26.684922, scheduled to end at 2025-01-09 07:36:26.684922
2025-03-06 16:39:17,117 - root - INFO - Token Token-92 completed task 'Complete /Accurate?' at 2025-01-09 07:36:26.684922.
2025-03-06 16:39:17,117 - root - INFO - Token Token-92 waiting for resource 'Tech' at 2025-01-09 07:36:26.684922
2025-03-06 16:39:17,118 - root - INFO - Token Token-93 completed task 'Review AM using Asset Change Tracker (5.5.13.1)' at 2025-01-09 07:43:07.875889.
2025-03-06 16:39:17,118 - root - INFO - Token Token-94 released from wait queue for 'Tech'
2025-03-06 16:39:17,119 - root - INFO - Token Token-94 waited 4177.13 minutes for resource
2025-03-06 16:39:17,119 - root - INFO - Token Token-94 started task 'Review AM using Asset Change Tracker (5.5.13.1)' at 2025-01-09 07:43:07.875889, scheduled to end at 2025-01-09 07:50:52.116181
2025-03-06 16:39:17,119 - root - INFO - Token Token-93 started task 'Complete /Accurate?' at 2025-01-09 07:43:07.875889, scheduled to end at 2025-01-09 07:43:07.875889
2025-03-06 16:39:17,120 - root - INFO - Token Token-93 completed task 'Complete /Accurate?' at 2025-01-09 07:43:07.875889.
2025-03-06 16:39:17,120 - root - INFO - Token Token-93 waiting for resource 'Tech' at 2025-01-09 07:43:07.875889
2025-03-06 16:39:17,121 - root - INFO - Token Token-94 completed task 'Review AM using Asset Change Tracker (5.5.13.1)' at 2025-01-09 07:50:52.116181.
2025-03-06 16:39:17,121 - root - INFO - Token Token-95 released from wait queue for 'Tech'
2025-03-06 16:39:17,122 - root - INFO - Token Token-95 waited 4182.87 minutes for resource
2025-03-06 16:39:17,122 - root - INFO - Token Token-95 started task 'Review AM using Asset Change Tracker (5.5.13.1)' at 2025-01-09 07:50:52.116181, scheduled to end at 2025-01-09 07:59:43.022137
2025-03-06 16:39:17,122 - root - INFO - Token Token-94 started task 'Complete /Accurate?' at 2025-01-09 07:50:52.116181, scheduled to end at 2025-01-09 07:50:52.116181
2025-03-06 16:39:17,123 - root - INFO - Token Token-94 completed task 'Complete /Accurate?' at 2025-01-09 07:50:52.116181.
2025-03-06 16:39:17,123 - root - INFO - Token Token-94 waiting for resource 'Tech' at 2025-01-09 07:50:52.116181
2025-03-06 16:39:17,124 - root - INFO - Token Token-95 completed task 'Review AM using Asset Change Tracker (5.5.13.1)' at 2025-01-09 07:59:43.022137.
2025-03-06 16:39:17,124 - root - INFO - Token Token-96 released from wait queue for 'Tech'
2025-03-06 16:39:17,124 - root - INFO - Token Token-96 waited 4189.72 minutes for resource
2025-03-06 16:39:17,125 - root - INFO - Token Token-96 started task 'Review AM using Asset Change Tracker (5.5.13.1)' at 2025-01-09 07:59:43.022137, scheduled to end at 2025-01-09 08:08:25.135255
2025-03-06 16:39:17,125 - root - INFO - Token Token-95 started task 'Complete /Accurate?' at 2025-01-09 07:59:43.022137, scheduled to end at 2025-01-09 07:59:43.022137
2025-03-06 16:39:17,126 - root - INFO - Token Token-95 completed task 'Complete /Accurate?' at 2025-01-09 07:59:43.022137.
2025-03-06 16:39:17,126 - root - INFO - Token Token-95 waiting for resource 'Tech' at 2025-01-09 07:59:43.022137
2025-03-06 16:39:17,127 - root - INFO - Token Token-96 completed task 'Review AM using Asset Change Tracker (5.5.13.1)' at 2025-01-09 08:08:25.135255.
2025-03-06 16:39:17,127 - root - INFO - Token Token-97 released from wait queue for 'Tech'
2025-03-06 16:39:17,127 - root - INFO - Token Token-97 waited 4196.42 minutes for resource
2025-03-06 16:39:17,128 - root - INFO - Token Token-97 started task 'Review AM using Asset Change Tracker (5.5.13.1)' at 2025-01-09 08:08:25.135255, scheduled to end at 2025-01-09 08:16:50.662249
2025-03-06 16:39:17,128 - root - INFO - Token Token-96 started task 'Complete /Accurate?' at 2025-01-09 08:08:25.135255, scheduled to end at 2025-01-09 08:08:25.135255
2025-03-06 16:39:17,129 - root - INFO - Token Token-96 completed task 'Complete /Accurate?' at 2025-01-09 08:08:25.135255.
2025-03-06 16:39:17,130 - root - INFO - Token Token-96 waiting for resource 'Tech' at 2025-01-09 08:08:25.135255
2025-03-06 16:39:17,130 - root - INFO - Token Token-97 completed task 'Review AM using Asset Change Tracker (5.5.13.1)' at 2025-01-09 08:16:50.662249.
2025-03-06 16:39:17,131 - root - INFO - Token Token-98 released from wait queue for 'Tech'
2025-03-06 16:39:17,131 - root - INFO - Token Token-98 waited 4202.84 minutes for resource
2025-03-06 16:39:17,131 - root - INFO - Token Token-98 started task 'Review AM using Asset Change Tracker (5.5.13.1)' at 2025-01-09 08:16:50.662249, scheduled to end at 2025-01-09 08:25:28.336174
2025-03-06 16:39:17,132 - root - INFO - Token Token-97 started task 'Complete /Accurate?' at 2025-01-09 08:16:50.662249, scheduled to end at 2025-01-09 08:16:50.662249
2025-03-06 16:39:17,150 - root - INFO - Token Token-97 completed task 'Complete /Accurate?' at 2025-01-09 08:16:50.662249.
2025-03-06 16:39:17,151 - root - INFO - Token Token-97 waiting for resource 'Tech' at 2025-01-09 08:16:50.662249
2025-03-06 16:39:17,151 - root - INFO - Token Token-98 completed task 'Review AM using Asset Change Tracker (5.5.13.1)' at 2025-01-09 08:25:28.336174.
2025-03-06 16:39:17,151 - root - INFO - Token Token-99 released from wait queue for 'Tech'
2025-03-06 16:39:17,152 - root - INFO - Token Token-99 waited 4209.47 minutes for resource
2025-03-06 16:39:17,152 - root - INFO - Token Token-99 started task 'Review AM using Asset Change Tracker (5.5.13.1)' at 2025-01-09 08:25:28.336174, scheduled to end at 2025-01-09 08:33:28.195893
2025-03-06 16:39:17,152 - root - INFO - Token Token-98 started task 'Complete /Accurate?' at 2025-01-09 08:25:28.336174, scheduled to end at 2025-01-09 08:25:28.336174
2025-03-06 16:39:17,152 - root - INFO - Token Token-98 completed task 'Complete /Accurate?' at 2025-01-09 08:25:28.336174.
2025-03-06 16:39:17,153 - root - INFO - Token Token-98 waiting for resource 'Tech' at 2025-01-09 08:25:28.336174
2025-03-06 16:39:17,153 - root - INFO - Token Token-99 completed task 'Review AM using Asset Change Tracker (5.5.13.1)' at 2025-01-09 08:33:28.195893.
2025-03-06 16:39:17,153 - root - INFO - Token Token-100 released from wait queue for 'Tech'
2025-03-06 16:39:17,153 - root - INFO - Token Token-100 waited 4215.47 minutes for resource
2025-03-06 16:39:17,154 - root - INFO - Token Token-100 started task 'Review AM using Asset Change Tracker (5.5.13.1)' at 2025-01-09 08:33:28.195893, scheduled to end at 2025-01-09 08:40:01.853534
2025-03-06 16:39:17,154 - root - INFO - Token Token-99 started task 'Complete /Accurate?' at 2025-01-09 08:33:28.195893, scheduled to end at 2025-01-09 08:33:28.195893
2025-03-06 16:39:17,154 - root - INFO - Token Token-99 completed task 'Complete /Accurate?' at 2025-01-09 08:33:28.195893.
2025-03-06 16:39:17,154 - root - INFO - Token Token-99 waiting for resource 'Tech' at 2025-01-09 08:33:28.195893
2025-03-06 16:39:17,155 - root - INFO - Token Token-100 completed task 'Review AM using Asset Change Tracker (5.5.13.1)' at 2025-01-09 08:40:01.853534.
2025-03-06 16:39:17,155 - root - INFO - Token Token-101 released from wait queue for 'Tech'
2025-03-06 16:39:17,155 - root - INFO - Token Token-101 waited 4220.03 minutes for resource
2025-03-06 16:39:17,155 - root - INFO - Token Token-101 started task 'Review AM using Asset Change Tracker (5.5.13.1)' at 2025-01-09 08:40:01.853534, scheduled to end at 2025-01-09 08:48:37.912753
2025-03-06 16:39:17,156 - root - INFO - Token Token-100 started task 'Complete /Accurate?' at 2025-01-09 08:40:01.853534, scheduled to end at 2025-01-09 08:40:01.853534
2025-03-06 16:39:17,156 - root - INFO - Token Token-100 completed task 'Complete /Accurate?' at 2025-01-09 08:40:01.853534.
2025-03-06 16:39:17,156 - root - INFO - Token Token-100 waiting for resource 'Tech' at 2025-01-09 08:40:01.853534
2025-03-06 16:39:17,156 - root - INFO - Token Token-101 completed task 'Review AM using Asset Change Tracker (5.5.13.1)' at 2025-01-09 08:48:37.912753.
2025-03-06 16:39:17,156 - root - INFO - Token Token-102 released from wait queue for 'Tech'
2025-03-06 16:39:17,157 - root - INFO - Token Token-102 waited 4226.63 minutes for resource
2025-03-06 16:39:17,157 - root - INFO - Token Token-102 started task 'Review AM using Asset Change Tracker (5.5.13.1)' at 2025-01-09 08:48:37.912753, scheduled to end at 2025-01-09 08:56:41.139578
2025-03-06 16:39:17,158 - root - INFO - Token Token-101 started task 'Complete /Accurate?' at 2025-01-09 08:48:37.912753, scheduled to end at 2025-01-09 08:48:37.912753
2025-03-06 16:39:17,158 - root - INFO - Token Token-101 completed task 'Complete /Accurate?' at 2025-01-09 08:48:37.912753.
2025-03-06 16:39:17,158 - root - INFO - Token Token-101 waiting for resource 'Tech' at 2025-01-09 08:48:37.912753
2025-03-06 16:39:17,159 - root - INFO - Token Token-102 completed task 'Review AM using Asset Change Tracker (5.5.13.1)' at 2025-01-09 08:56:41.139578.
2025-03-06 16:39:17,159 - root - INFO - Token Token-103 released from wait queue for 'Tech'
2025-03-06 16:39:17,159 - root - INFO - Token Token-103 waited 4232.69 minutes for resource
2025-03-06 16:39:17,159 - root - INFO - Token Token-103 started task 'Review AM using Asset Change Tracker (5.5.13.1)' at 2025-01-09 08:56:41.139578, scheduled to end at 2025-01-09 09:06:05.917634
2025-03-06 16:39:17,160 - root - INFO - Token Token-102 started task 'Complete /Accurate?' at 2025-01-09 08:56:41.139578, scheduled to end at 2025-01-09 08:56:41.139578
2025-03-06 16:39:17,162 - root - INFO - Token Token-102 completed task 'Complete /Accurate?' at 2025-01-09 08:56:41.139578.
2025-03-06 16:39:17,162 - root - INFO - Token Token-102 waiting for resource 'Tech' at 2025-01-09 08:56:41.139578
2025-03-06 16:39:17,163 - root - INFO - Token Token-103 completed task 'Review AM using Asset Change Tracker (5.5.13.1)' at 2025-01-09 09:06:05.917634.
2025-03-06 16:39:17,163 - root - INFO - Token Token-2 released from wait queue for 'Tech'
2025-03-06 16:39:17,163 - root - INFO - Token Token-103 started task 'Complete /Accurate?' at 2025-01-09 09:06:05.917634, scheduled to end at 2025-01-09 09:06:05.917634
2025-03-06 16:39:17,164 - root - INFO - Token Token-103 completed task 'Complete /Accurate?' at 2025-01-09 09:06:05.917634.
2025-03-06 16:39:17,164 - root - INFO - Token Token-103 started task 'Note Accuracy in Asset Change Tracker (5.5.13.2)' at 2025-01-09 09:06:05.917634, scheduled to end at 2025-01-09 09:11:11.616573
2025-03-06 16:39:17,165 - root - INFO - Token Token-103 completed task 'Note Accuracy in Asset Change Tracker (5.5.13.2)' at 2025-01-09 09:11:11.616573.
2025-03-06 16:39:17,165 - root - INFO - Token Token-104 released from wait queue for 'Tech'
2025-03-06 16:39:17,165 - root - INFO - Token Token-104 waited 4245.19 minutes for resource
2025-03-06 16:39:17,166 - root - INFO - Token Token-104 started task 'Review AM using Asset Change Tracker (5.5.13.1)' at 2025-01-09 09:11:11.616573, scheduled to end at 2025-01-09 09:18:11.054886
2025-03-06 16:39:17,166 - root - INFO - Token Token-103 started task 'Unknown' at 2025-01-09 09:11:11.616573, scheduled to end at 2025-01-09 09:11:11.616573
2025-03-06 16:39:17,166 - root - INFO - Token Token-103 completed task 'Unknown' at 2025-01-09 09:11:11.616573.
2025-03-06 16:39:17,167 - root - INFO - Token Token-103 has completed the entire process at 2025-01-09 09:11:11.616573.
2025-03-06 16:39:17,167 - root - INFO - Token Token-104 completed task 'Review AM using Asset Change Tracker (5.5.13.1)' at 2025-01-09 09:18:11.054886.
2025-03-06 16:39:17,168 - root - INFO - Token Token-105 released from wait queue for 'Tech'
2025-03-06 16:39:17,168 - root - INFO - Token Token-105 waited 4250.18 minutes for resource
2025-03-06 16:39:17,168 - root - INFO - Token Token-105 started task 'Review AM using Asset Change Tracker (5.5.13.1)' at 2025-01-09 09:18:11.054886, scheduled to end at 2025-01-09 09:26:50.891579
2025-03-06 16:39:17,169 - root - INFO - Token Token-104 started task 'Complete /Accurate?' at 2025-01-09 09:18:11.054886, scheduled to end at 2025-01-09 09:18:11.054886
2025-03-06 16:39:17,169 - root - INFO - Token Token-104 completed task 'Complete /Accurate?' at 2025-01-09 09:18:11.054886.
2025-03-06 16:39:17,170 - root - INFO - Token Token-104 waiting for resource 'Tech' at 2025-01-09 09:18:11.054886
2025-03-06 16:39:17,170 - root - INFO - Token Token-105 completed task 'Review AM using Asset Change Tracker (5.5.13.1)' at 2025-01-09 09:26:50.891579.
2025-03-06 16:39:17,170 - root - INFO - Token Token-106 released from wait queue for 'Tech'
2025-03-06 16:39:17,171 - root - INFO - Token Token-106 waited 4256.85 minutes for resource
2025-03-06 16:39:17,171 - root - INFO - Token Token-106 started task 'Review AM using Asset Change Tracker (5.5.13.1)' at 2025-01-09 09:26:50.891579, scheduled to end at 2025-01-09 09:32:54.545567
2025-03-06 16:39:17,172 - root - INFO - Token Token-105 started task 'Complete /Accurate?' at 2025-01-09 09:26:50.891579, scheduled to end at 2025-01-09 09:26:50.891579
2025-03-06 16:39:17,173 - root - INFO - Token Token-105 completed task 'Complete /Accurate?' at 2025-01-09 09:26:50.891579.
2025-03-06 16:39:17,173 - root - INFO - Token Token-105 waiting for resource 'Tech' at 2025-01-09 09:26:50.891579
2025-03-06 16:39:17,173 - root - INFO - Token Token-106 completed task 'Review AM using Asset Change Tracker (5.5.13.1)' at 2025-01-09 09:32:54.545567.
2025-03-06 16:39:17,173 - root - INFO - Token Token-107 released from wait queue for 'Tech'
2025-03-06 16:39:17,174 - root - INFO - Token Token-107 waited 4260.91 minutes for resource
2025-03-06 16:39:17,174 - root - INFO - Token Token-107 started task 'Review AM using Asset Change Tracker (5.5.13.1)' at 2025-01-09 09:32:54.545567, scheduled to end at 2025-01-09 09:41:21.374652
2025-03-06 16:39:17,176 - root - INFO - Token Token-106 started task 'Complete /Accurate?' at 2025-01-09 09:32:54.545567, scheduled to end at 2025-01-09 09:32:54.545567
2025-03-06 16:39:17,176 - root - INFO - Token Token-106 completed task 'Complete /Accurate?' at 2025-01-09 09:32:54.545567.
2025-03-06 16:39:17,176 - root - INFO - Token Token-106 waiting for resource 'Tech' at 2025-01-09 09:32:54.545567
2025-03-06 16:39:17,177 - root - INFO - Token Token-107 completed task 'Review AM using Asset Change Tracker (5.5.13.1)' at 2025-01-09 09:41:21.374652.
2025-03-06 16:39:17,179 - root - INFO - Token Token-9 released from wait queue for 'Tech'
2025-03-06 16:39:17,180 - root - INFO - Token Token-9 waited 4267.76 minutes for resource
2025-03-06 16:39:17,196 - root - INFO - Token Token-9 started task 'Note Accuracy in Asset Change Tracker (5.5.13.2)' at 2025-01-09 09:41:21.374652, scheduled to end at 2025-01-09 09:45:48.687260
2025-03-06 16:39:17,196 - root - INFO - Token Token-107 started task 'Complete /Accurate?' at 2025-01-09 09:41:21.374652, scheduled to end at 2025-01-09 09:41:21.374652
2025-03-06 16:39:17,196 - root - INFO - Token Token-107 completed task 'Complete /Accurate?' at 2025-01-09 09:41:21.374652.
2025-03-06 16:39:17,196 - root - INFO - Token Token-107 waiting for resource 'Tech' at 2025-01-09 09:41:21.374652
2025-03-06 16:39:17,197 - root - INFO - Token Token-9 completed task 'Note Accuracy in Asset Change Tracker (5.5.13.2)' at 2025-01-09 09:45:48.687260.
2025-03-06 16:39:17,197 - root - INFO - Token Token-108 released from wait queue for 'Tech'
2025-03-06 16:39:17,197 - root - INFO - Token Token-108 waited 4271.81 minutes for resource
2025-03-06 16:39:17,197 - root - INFO - Token Token-108 started task 'Review AM using Asset Change Tracker (5.5.13.1)' at 2025-01-09 09:45:48.687260, scheduled to end at 2025-01-09 09:53:31.955309
2025-03-06 16:39:17,198 - root - INFO - Token Token-9 started task 'Unknown' at 2025-01-09 09:45:48.687260, scheduled to end at 2025-01-09 09:45:48.687260
2025-03-06 16:39:17,198 - root - INFO - Token Token-9 completed task 'Unknown' at 2025-01-09 09:45:48.687260.
2025-03-06 16:39:17,198 - root - INFO - Token Token-9 has completed the entire process at 2025-01-09 09:45:48.687260.
2025-03-06 16:39:17,198 - root - INFO - Token Token-108 completed task 'Review AM using Asset Change Tracker (5.5.13.1)' at 2025-01-09 09:53:31.955309.
2025-03-06 16:39:17,198 - root - INFO - Token Token-109 released from wait queue for 'Tech'
2025-03-06 16:39:17,199 - root - INFO - Token Token-109 waited 4277.53 minutes for resource
2025-03-06 16:39:17,199 - root - INFO - Token Token-109 started task 'Review AM using Asset Change Tracker (5.5.13.1)' at 2025-01-09 09:53:31.955309, scheduled to end at 2025-01-09 10:01:38.654177
2025-03-06 16:39:17,199 - root - INFO - Token Token-108 started task 'Complete /Accurate?' at 2025-01-09 09:53:31.955309, scheduled to end at 2025-01-09 09:53:31.955309
2025-03-06 16:39:17,199 - root - INFO - Token Token-108 completed task 'Complete /Accurate?' at 2025-01-09 09:53:31.955309.
2025-03-06 16:39:17,200 - root - INFO - Token Token-108 waiting for resource 'Tech' at 2025-01-09 09:53:31.955309
2025-03-06 16:39:17,200 - root - INFO - Token Token-109 completed task 'Review AM using Asset Change Tracker (5.5.13.1)' at 2025-01-09 10:01:38.654177.
2025-03-06 16:39:17,200 - root - INFO - Token Token-110 released from wait queue for 'Tech'
2025-03-06 16:39:17,200 - root - INFO - Token Token-110 waited 4283.64 minutes for resource
2025-03-06 16:39:17,201 - root - INFO - Token Token-110 started task 'Review AM using Asset Change Tracker (5.5.13.1)' at 2025-01-09 10:01:38.654177, scheduled to end at 2025-01-09 10:10:53.581664
2025-03-06 16:39:17,201 - root - INFO - Token Token-109 started task 'Complete /Accurate?' at 2025-01-09 10:01:38.654177, scheduled to end at 2025-01-09 10:01:38.654177
2025-03-06 16:39:17,201 - root - INFO - Token Token-109 completed task 'Complete /Accurate?' at 2025-01-09 10:01:38.654177.
2025-03-06 16:39:17,202 - root - INFO - Token Token-109 waiting for resource 'Tech' at 2025-01-09 10:01:38.654177
2025-03-06 16:39:17,202 - root - INFO - Token Token-110 completed task 'Review AM using Asset Change Tracker (5.5.13.1)' at 2025-01-09 10:10:53.581664.
2025-03-06 16:39:17,202 - root - INFO - Token Token-111 released from wait queue for 'Tech'
2025-03-06 16:39:17,203 - root - INFO - Token Token-111 waited 4290.89 minutes for resource
2025-03-06 16:39:17,204 - root - INFO - Token Token-111 started task 'Review AM using Asset Change Tracker (5.5.13.1)' at 2025-01-09 10:10:53.581664, scheduled to end at 2025-01-09 10:17:56.298545
2025-03-06 16:39:17,204 - root - INFO - Token Token-110 started task 'Complete /Accurate?' at 2025-01-09 10:10:53.581664, scheduled to end at 2025-01-09 10:10:53.581664
2025-03-06 16:39:17,204 - root - INFO - Token Token-110 completed task 'Complete /Accurate?' at 2025-01-09 10:10:53.581664.
2025-03-06 16:39:17,206 - root - INFO - Token Token-110 waiting for resource 'Tech' at 2025-01-09 10:10:53.581664
2025-03-06 16:39:17,206 - root - INFO - Token Token-111 completed task 'Review AM using Asset Change Tracker (5.5.13.1)' at 2025-01-09 10:17:56.298545.
2025-03-06 16:39:17,207 - root - INFO - Token Token-10 released from wait queue for 'Tech'
2025-03-06 16:39:17,207 - root - INFO - Token Token-10 waited 4296.29 minutes for resource
2025-03-06 16:39:17,208 - root - INFO - Token Token-10 started task 'Note Accuracy in Asset Change Tracker (5.5.13.2)' at 2025-01-09 10:17:56.298545, scheduled to end at 2025-01-09 10:23:09.997615
2025-03-06 16:39:17,208 - root - INFO - Token Token-111 started task 'Complete /Accurate?' at 2025-01-09 10:17:56.298545, scheduled to end at 2025-01-09 10:17:56.298545
2025-03-06 16:39:17,209 - root - INFO - Token Token-111 completed task 'Complete /Accurate?' at 2025-01-09 10:17:56.298545.
2025-03-06 16:39:17,209 - root - INFO - Token Token-111 waiting for resource 'Tech' at 2025-01-09 10:17:56.298545
2025-03-06 16:39:17,209 - root - INFO - Token Token-10 completed task 'Note Accuracy in Asset Change Tracker (5.5.13.2)' at 2025-01-09 10:23:09.997615.
2025-03-06 16:39:17,210 - root - INFO - Token Token-112 released from wait queue for 'Tech'
2025-03-06 16:39:17,210 - root - INFO - Token Token-112 waited 4301.17 minutes for resource
2025-03-06 16:39:17,211 - root - INFO - Token Token-112 started task 'Review AM using Asset Change Tracker (5.5.13.1)' at 2025-01-09 10:23:09.997615, scheduled to end at 2025-01-09 10:29:23.300421
2025-03-06 16:39:17,211 - root - INFO - Token Token-10 started task 'Unknown' at 2025-01-09 10:23:09.997615, scheduled to end at 2025-01-09 10:23:09.997615
2025-03-06 16:39:17,211 - root - INFO - Token Token-10 completed task 'Unknown' at 2025-01-09 10:23:09.997615.
2025-03-06 16:39:17,212 - root - INFO - Token Token-10 has completed the entire process at 2025-01-09 10:23:09.997615.
2025-03-06 16:39:17,212 - root - INFO - Token Token-112 completed task 'Review AM using Asset Change Tracker (5.5.13.1)' at 2025-01-09 10:29:23.300421.
2025-03-06 16:39:17,213 - root - INFO - Token Token-113 released from wait queue for 'Tech'
2025-03-06 16:39:17,213 - root - INFO - Token Token-113 waited 4305.39 minutes for resource
2025-03-06 16:39:17,213 - root - INFO - Token Token-113 started task 'Review AM using Asset Change Tracker (5.5.13.1)' at 2025-01-09 10:29:23.300421, scheduled to end at 2025-01-09 10:37:49.847456
2025-03-06 16:39:17,214 - root - INFO - Token Token-112 started task 'Complete /Accurate?' at 2025-01-09 10:29:23.300421, scheduled to end at 2025-01-09 10:29:23.300421
2025-03-06 16:39:17,214 - root - INFO - Token Token-112 completed task 'Complete /Accurate?' at 2025-01-09 10:29:23.300421.
2025-03-06 16:39:17,215 - root - INFO - Token Token-112 waiting for resource 'Tech' at 2025-01-09 10:29:23.300421
2025-03-06 16:39:17,215 - root - INFO - Token Token-113 completed task 'Review AM using Asset Change Tracker (5.5.13.1)' at 2025-01-09 10:37:49.847456.
2025-03-06 16:39:17,216 - root - INFO - Token Token-114 released from wait queue for 'Tech'
2025-03-06 16:39:17,216 - root - INFO - Token Token-114 waited 4311.83 minutes for resource
2025-03-06 16:39:17,216 - root - INFO - Token Token-114 started task 'Review AM using Asset Change Tracker (5.5.13.1)' at 2025-01-09 10:37:49.847456, scheduled to end at 2025-01-09 10:46:12.148470
2025-03-06 16:39:17,217 - root - INFO - Token Token-113 started task 'Complete /Accurate?' at 2025-01-09 10:37:49.847456, scheduled to end at 2025-01-09 10:37:49.847456
2025-03-06 16:39:17,217 - root - INFO - Token Token-113 completed task 'Complete /Accurate?' at 2025-01-09 10:37:49.847456.
2025-03-06 16:39:17,218 - root - INFO - Token Token-113 waiting for resource 'Tech' at 2025-01-09 10:37:49.847456
2025-03-06 16:39:17,218 - root - INFO - Token Token-114 completed task 'Review AM using Asset Change Tracker (5.5.13.1)' at 2025-01-09 10:46:12.148470.
2025-03-06 16:39:17,218 - root - INFO - Token Token-115 released from wait queue for 'Tech'
2025-03-06 16:39:17,219 - root - INFO - Token Token-115 waited 4318.20 minutes for resource
2025-03-06 16:39:17,219 - root - INFO - Token Token-115 started task 'Review AM using Asset Change Tracker (5.5.13.1)' at 2025-01-09 10:46:12.148470, scheduled to end at 2025-01-09 10:54:49.061496
2025-03-06 16:39:17,219 - root - INFO - Token Token-114 started task 'Complete /Accurate?' at 2025-01-09 10:46:12.148470, scheduled to end at 2025-01-09 10:46:12.148470
2025-03-06 16:39:17,219 - root - INFO - Token Token-114 completed task 'Complete /Accurate?' at 2025-01-09 10:46:12.148470.
2025-03-06 16:39:17,221 - root - INFO - Token Token-114 waiting for resource 'Tech' at 2025-01-09 10:46:12.148470
2025-03-06 16:39:17,221 - root - INFO - Token Token-115 completed task 'Review AM using Asset Change Tracker (5.5.13.1)' at 2025-01-09 10:54:49.061496.
2025-03-06 16:39:17,222 - root - INFO - Token Token-116 released from wait queue for 'Tech'
2025-03-06 16:39:17,222 - root - INFO - Token Token-116 waited 4324.82 minutes for resource
2025-03-06 16:39:17,222 - root - INFO - Token Token-116 started task 'Review AM using Asset Change Tracker (5.5.13.1)' at 2025-01-09 10:54:49.061496, scheduled to end at 2025-01-09 11:02:16.960588
2025-03-06 16:39:17,224 - root - INFO - Token Token-115 started task 'Complete /Accurate?' at 2025-01-09 10:54:49.061496, scheduled to end at 2025-01-09 10:54:49.061496
2025-03-06 16:39:17,240 - root - INFO - Token Token-115 completed task 'Complete /Accurate?' at 2025-01-09 10:54:49.061496.
2025-03-06 16:39:17,240 - root - INFO - Token Token-115 waiting for resource 'Tech' at 2025-01-09 10:54:49.061496
2025-03-06 16:39:17,240 - root - INFO - Token Token-116 completed task 'Review AM using Asset Change Tracker (5.5.13.1)' at 2025-01-09 11:02:16.960588.
2025-03-06 16:39:17,241 - root - INFO - Token Token-11 released from wait queue for 'Tech'
2025-03-06 16:39:17,241 - root - INFO - Token Token-11 waited 4332.18 minutes for resource
2025-03-06 16:39:17,241 - root - INFO - Token Token-11 started task 'Note Accuracy in Asset Change Tracker (5.5.13.2)' at 2025-01-09 11:02:16.960588, scheduled to end at 2025-01-09 11:07:44.220050
2025-03-06 16:39:17,242 - root - INFO - Token Token-116 started task 'Complete /Accurate?' at 2025-01-09 11:02:16.960588, scheduled to end at 2025-01-09 11:02:16.960588
2025-03-06 16:39:17,242 - root - INFO - Token Token-116 completed task 'Complete /Accurate?' at 2025-01-09 11:02:16.960588.
2025-03-06 16:39:17,242 - root - INFO - Token Token-116 waiting for resource 'Tech' at 2025-01-09 11:02:16.960588
2025-03-06 16:39:17,242 - root - INFO - Token Token-11 completed task 'Note Accuracy in Asset Change Tracker (5.5.13.2)' at 2025-01-09 11:07:44.220050.
2025-03-06 16:39:17,243 - root - INFO - Token Token-117 released from wait queue for 'Tech'
2025-03-06 16:39:17,243 - root - INFO - Token Token-117 waited 4335.74 minutes for resource
2025-03-06 16:39:17,243 - root - INFO - Token Token-117 started task 'Review AM using Asset Change Tracker (5.5.13.1)' at 2025-01-09 11:07:44.220050, scheduled to end at 2025-01-09 11:15:52.197138
2025-03-06 16:39:17,243 - root - INFO - Token Token-11 started task 'Unknown' at 2025-01-09 11:07:44.220050, scheduled to end at 2025-01-09 11:07:44.220050
2025-03-06 16:39:17,244 - root - INFO - Token Token-11 completed task 'Unknown' at 2025-01-09 11:07:44.220050.
2025-03-06 16:39:17,244 - root - INFO - Token Token-11 has completed the entire process at 2025-01-09 11:07:44.220050.
2025-03-06 16:39:17,244 - root - INFO - Token Token-117 completed task 'Review AM using Asset Change Tracker (5.5.13.1)' at 2025-01-09 11:15:52.197138.
2025-03-06 16:39:17,244 - root - INFO - Token Token-118 released from wait queue for 'Tech'
2025-03-06 16:39:17,245 - root - INFO - Token Token-118 waited 4341.87 minutes for resource
2025-03-06 16:39:17,245 - root - INFO - Token Token-118 started task 'Review AM using Asset Change Tracker (5.5.13.1)' at 2025-01-09 11:15:52.197138, scheduled to end at 2025-01-09 11:24:41.688001
2025-03-06 16:39:17,245 - root - INFO - Token Token-117 started task 'Complete /Accurate?' at 2025-01-09 11:15:52.197138, scheduled to end at 2025-01-09 11:15:52.197138
2025-03-06 16:39:17,245 - root - INFO - Token Token-117 completed task 'Complete /Accurate?' at 2025-01-09 11:15:52.197138.
2025-03-06 16:39:17,246 - root - INFO - Token Token-117 waiting for resource 'Tech' at 2025-01-09 11:15:52.197138
2025-03-06 16:39:17,246 - root - INFO - Token Token-118 completed task 'Review AM using Asset Change Tracker (5.5.13.1)' at 2025-01-09 11:24:41.688001.
2025-03-06 16:39:17,246 - root - INFO - Token Token-119 released from wait queue for 'Tech'
2025-03-06 16:39:17,246 - root - INFO - Token Token-119 waited 4348.69 minutes for resource
2025-03-06 16:39:17,247 - root - INFO - Token Token-119 started task 'Review AM using Asset Change Tracker (5.5.13.1)' at 2025-01-09 11:24:41.688001, scheduled to end at 2025-01-09 11:32:51.845167
2025-03-06 16:39:17,248 - root - INFO - Token Token-118 started task 'Complete /Accurate?' at 2025-01-09 11:24:41.688001, scheduled to end at 2025-01-09 11:24:41.688001
2025-03-06 16:39:17,248 - root - INFO - Token Token-118 completed task 'Complete /Accurate?' at 2025-01-09 11:24:41.688001.
2025-03-06 16:39:17,248 - root - INFO - Token Token-118 waiting for resource 'Tech' at 2025-01-09 11:24:41.688001
2025-03-06 16:39:17,249 - root - INFO - Token Token-119 completed task 'Review AM using Asset Change Tracker (5.5.13.1)' at 2025-01-09 11:32:51.845167.
2025-03-06 16:39:17,249 - root - INFO - Token Token-120 released from wait queue for 'Tech'
2025-03-06 16:39:17,249 - root - INFO - Token Token-120 waited 4354.86 minutes for resource
2025-03-06 16:39:17,249 - root - INFO - Token Token-120 started task 'Review AM using Asset Change Tracker (5.5.13.1)' at 2025-01-09 11:32:51.845167, scheduled to end at 2025-01-09 11:42:23.455159
2025-03-06 16:39:17,250 - root - INFO - Token Token-119 started task 'Complete /Accurate?' at 2025-01-09 11:32:51.845167, scheduled to end at 2025-01-09 11:32:51.845167
2025-03-06 16:39:17,250 - root - INFO - Token Token-119 completed task 'Complete /Accurate?' at 2025-01-09 11:32:51.845167.
2025-03-06 16:39:17,250 - root - INFO - Token Token-119 waiting for resource 'Tech' at 2025-01-09 11:32:51.845167
2025-03-06 16:39:17,251 - root - INFO - Token Token-120 completed task 'Review AM using Asset Change Tracker (5.5.13.1)' at 2025-01-09 11:42:23.455159.
2025-03-06 16:39:17,251 - root - INFO - Token Token-12 released from wait queue for 'Tech'
2025-03-06 16:39:17,251 - root - INFO - Token Token-12 waited 4364.32 minutes for resource
2025-03-06 16:39:17,251 - root - INFO - Token Token-12 started task 'Note Accuracy in Asset Change Tracker (5.5.13.2)' at 2025-01-09 11:42:23.455159, scheduled to end at 2025-01-09 11:45:31.077548
2025-03-06 16:39:17,252 - root - INFO - Token Token-120 started task 'Complete /Accurate?' at 2025-01-09 11:42:23.455159, scheduled to end at 2025-01-09 11:42:23.455159
2025-03-06 16:39:17,252 - root - INFO - Token Token-120 completed task 'Complete /Accurate?' at 2025-01-09 11:42:23.455159.
2025-03-06 16:39:17,253 - root - INFO - Token Token-120 waiting for resource 'Tech' at 2025-01-09 11:42:23.455159
2025-03-06 16:39:17,254 - root - INFO - Token Token-12 completed task 'Note Accuracy in Asset Change Tracker (5.5.13.2)' at 2025-01-09 11:45:31.077548.
2025-03-06 16:39:17,254 - root - INFO - Token Token-121 released from wait queue for 'Tech'
2025-03-06 16:39:17,255 - root - INFO - Token Token-121 waited 4365.52 minutes for resource
2025-03-06 16:39:17,255 - root - INFO - Token Token-121 started task 'Review AM using Asset Change Tracker (5.5.13.1)' at 2025-01-09 11:45:31.077548, scheduled to end at 2025-01-09 11:54:00.894937
2025-03-06 16:39:17,256 - root - INFO - Token Token-12 started task 'Unknown' at 2025-01-09 11:45:31.077548, scheduled to end at 2025-01-09 11:45:31.077548
2025-03-06 16:39:17,256 - root - INFO - Token Token-12 completed task 'Unknown' at 2025-01-09 11:45:31.077548.
2025-03-06 16:39:17,256 - root - INFO - Token Token-12 has completed the entire process at 2025-01-09 11:45:31.077548.
2025-03-06 16:39:17,256 - root - INFO - Token Token-121 completed task 'Review AM using Asset Change Tracker (5.5.13.1)' at 2025-01-09 11:54:00.894937.
2025-03-06 16:39:17,257 - root - INFO - Token Token-122 released from wait queue for 'Tech'
2025-03-06 16:39:17,257 - root - INFO - Token Token-122 waited 4372.01 minutes for resource
2025-03-06 16:39:17,257 - root - INFO - Token Token-122 started task 'Review AM using Asset Change Tracker (5.5.13.1)' at 2025-01-09 11:54:00.894937, scheduled to end at 2025-01-09 12:02:42.157028
2025-03-06 16:39:17,258 - root - INFO - Token Token-121 started task 'Complete /Accurate?' at 2025-01-09 11:54:00.894937, scheduled to end at 2025-01-09 11:54:00.894937
2025-03-06 16:39:17,258 - root - INFO - Token Token-121 completed task 'Complete /Accurate?' at 2025-01-09 11:54:00.894937.
2025-03-06 16:39:17,259 - root - INFO - Token Token-121 waiting for resource 'Tech' at 2025-01-09 11:54:00.894937
2025-03-06 16:39:17,259 - root - INFO - Token Token-122 completed task 'Review AM using Asset Change Tracker (5.5.13.1)' at 2025-01-09 12:02:42.157028.
2025-03-06 16:39:17,259 - root - INFO - Token Token-123 released from wait queue for 'Tech'
2025-03-06 16:39:17,260 - root - INFO - Token Token-123 waited 4378.70 minutes for resource
2025-03-06 16:39:17,260 - root - INFO - Token Token-123 started task 'Review AM using Asset Change Tracker (5.5.13.1)' at 2025-01-09 12:02:42.157028, scheduled to end at 2025-01-09 12:11:50.779010
2025-03-06 16:39:17,261 - root - INFO - Token Token-122 started task 'Complete /Accurate?' at 2025-01-09 12:02:42.157028, scheduled to end at 2025-01-09 12:02:42.157028
2025-03-06 16:39:17,261 - root - INFO - Token Token-122 completed task 'Complete /Accurate?' at 2025-01-09 12:02:42.157028.
2025-03-06 16:39:17,261 - root - INFO - Token Token-122 waiting for resource 'Tech' at 2025-01-09 12:02:42.157028
2025-03-06 16:39:17,262 - root - INFO - Token Token-123 completed task 'Review AM using Asset Change Tracker (5.5.13.1)' at 2025-01-09 12:11:50.779010.
2025-03-06 16:39:17,262 - root - INFO - Token Token-13 released from wait queue for 'Tech'
2025-03-06 16:39:17,263 - root - INFO - Token Token-13 waited 4386.97 minutes for resource
2025-03-06 16:39:17,263 - root - INFO - Token Token-13 started task 'Note Accuracy in Asset Change Tracker (5.5.13.2)' at 2025-01-09 12:11:50.779010, scheduled to end at 2025-01-09 12:16:38.165391
2025-03-06 16:39:17,263 - root - INFO - Token Token-123 started task 'Complete /Accurate?' at 2025-01-09 12:11:50.779010, scheduled to end at 2025-01-09 12:11:50.779010
2025-03-06 16:39:17,264 - root - INFO - Token Token-123 completed task 'Complete /Accurate?' at 2025-01-09 12:11:50.779010.
2025-03-06 16:39:17,264 - root - INFO - Token Token-123 waiting for resource 'Tech' at 2025-01-09 12:11:50.779010
2025-03-06 16:39:17,265 - root - INFO - Token Token-13 completed task 'Note Accuracy in Asset Change Tracker (5.5.13.2)' at 2025-01-09 12:16:38.165391.
2025-03-06 16:39:17,265 - root - INFO - Token Token-124 released from wait queue for 'Tech'
2025-03-06 16:39:17,266 - root - INFO - Token Token-124 waited 4390.64 minutes for resource
2025-03-06 16:39:17,266 - root - INFO - Token Token-124 started task 'Review AM using Asset Change Tracker (5.5.13.1)' at 2025-01-09 12:16:38.165391, scheduled to end at 2025-01-09 12:25:24.891828
2025-03-06 16:39:17,269 - root - INFO - Token Token-13 started task 'Unknown' at 2025-01-09 12:16:38.165391, scheduled to end at 2025-01-09 12:16:38.165391
2025-03-06 16:39:17,269 - root - INFO - Token Token-13 completed task 'Unknown' at 2025-01-09 12:16:38.165391.
2025-03-06 16:39:17,270 - root - INFO - Token Token-13 has completed the entire process at 2025-01-09 12:16:38.165391.
2025-03-06 16:39:17,288 - root - INFO - Token Token-124 completed task 'Review AM using Asset Change Tracker (5.5.13.1)' at 2025-01-09 12:25:24.891828.
2025-03-06 16:39:17,288 - root - INFO - Token Token-125 released from wait queue for 'Tech'
2025-03-06 16:39:17,288 - root - INFO - Token Token-125 waited 4397.41 minutes for resource
2025-03-06 16:39:17,289 - root - INFO - Token Token-125 started task 'Review AM using Asset Change Tracker (5.5.13.1)' at 2025-01-09 12:25:24.891828, scheduled to end at 2025-01-09 12:31:54.241006
2025-03-06 16:39:17,289 - root - INFO - Token Token-124 started task 'Complete /Accurate?' at 2025-01-09 12:25:24.891828, scheduled to end at 2025-01-09 12:25:24.891828
2025-03-06 16:39:17,289 - root - INFO - Token Token-124 completed task 'Complete /Accurate?' at 2025-01-09 12:25:24.891828.
2025-03-06 16:39:17,289 - root - INFO - Token Token-124 waiting for resource 'Tech' at 2025-01-09 12:25:24.891828
2025-03-06 16:39:17,290 - root - INFO - Token Token-125 completed task 'Review AM using Asset Change Tracker (5.5.13.1)' at 2025-01-09 12:31:54.241006.
2025-03-06 16:39:17,290 - root - INFO - Token Token-126 released from wait queue for 'Tech'
2025-03-06 16:39:17,290 - root - INFO - Token Token-126 waited 4401.90 minutes for resource
2025-03-06 16:39:17,290 - root - INFO - Token Token-126 started task 'Review AM using Asset Change Tracker (5.5.13.1)' at 2025-01-09 12:31:54.241006, scheduled to end at 2025-01-09 12:38:24.094247
2025-03-06 16:39:17,291 - root - INFO - Token Token-125 started task 'Complete /Accurate?' at 2025-01-09 12:31:54.241006, scheduled to end at 2025-01-09 12:31:54.241006
2025-03-06 16:39:17,291 - root - INFO - Token Token-125 completed task 'Complete /Accurate?' at 2025-01-09 12:31:54.241006.
2025-03-06 16:39:17,291 - root - INFO - Token Token-125 waiting for resource 'Tech' at 2025-01-09 12:31:54.241006
2025-03-06 16:39:17,292 - root - INFO - Token Token-126 completed task 'Review AM using Asset Change Tracker (5.5.13.1)' at 2025-01-09 12:38:24.094247.
2025-03-06 16:39:17,292 - root - INFO - Token Token-127 released from wait queue for 'Tech'
2025-03-06 16:39:17,292 - root - INFO - Token Token-127 waited 4406.40 minutes for resource
2025-03-06 16:39:17,292 - root - INFO - Token Token-127 started task 'Review AM using Asset Change Tracker (5.5.13.1)' at 2025-01-09 12:38:24.094247, scheduled to end at 2025-01-09 12:45:37.264408
2025-03-06 16:39:17,293 - root - INFO - Token Token-126 started task 'Complete /Accurate?' at 2025-01-09 12:38:24.094247, scheduled to end at 2025-01-09 12:38:24.094247
2025-03-06 16:39:17,293 - root - INFO - Token Token-126 completed task 'Complete /Accurate?' at 2025-01-09 12:38:24.094247.
2025-03-06 16:39:17,293 - root - INFO - Token Token-126 waiting for resource 'Tech' at 2025-01-09 12:38:24.094247
2025-03-06 16:39:17,293 - root - INFO - Token Token-127 completed task 'Review AM using Asset Change Tracker (5.5.13.1)' at 2025-01-09 12:45:37.264408.
2025-03-06 16:39:17,294 - root - INFO - Token Token-128 released from wait queue for 'Tech'
2025-03-06 16:39:17,294 - root - INFO - Token Token-128 waited 4411.62 minutes for resource
2025-03-06 16:39:17,294 - root - INFO - Token Token-128 started task 'Review AM using Asset Change Tracker (5.5.13.1)' at 2025-01-09 12:45:37.264408, scheduled to end at 2025-01-09 12:54:37.629045
2025-03-06 16:39:17,295 - root - INFO - Token Token-127 started task 'Complete /Accurate?' at 2025-01-09 12:45:37.264408, scheduled to end at 2025-01-09 12:45:37.264408
2025-03-06 16:39:17,295 - root - INFO - Token Token-127 completed task 'Complete /Accurate?' at 2025-01-09 12:45:37.264408.
2025-03-06 16:39:17,296 - root - INFO - Token Token-127 waiting for resource 'Tech' at 2025-01-09 12:45:37.264408
2025-03-06 16:39:17,296 - root - INFO - Token Token-128 completed task 'Review AM using Asset Change Tracker (5.5.13.1)' at 2025-01-09 12:54:37.629045.
2025-03-06 16:39:17,296 - root - INFO - Token Token-129 released from wait queue for 'Tech'
2025-03-06 16:39:17,296 - root - INFO - Token Token-129 waited 4418.63 minutes for resource
2025-03-06 16:39:17,297 - root - INFO - Token Token-129 started task 'Review AM using Asset Change Tracker (5.5.13.1)' at 2025-01-09 12:54:37.629045, scheduled to end at 2025-01-10 07:00:00
2025-03-06 16:39:17,297 - root - INFO - Token Token-128 started task 'Complete /Accurate?' at 2025-01-09 12:54:37.629045, scheduled to end at 2025-01-09 12:54:37.629045
2025-03-06 16:39:17,299 - root - INFO - Token Token-128 completed task 'Complete /Accurate?' at 2025-01-09 12:54:37.629045.
2025-03-06 16:39:17,299 - root - INFO - Token Token-128 waiting for resource 'Tech' at 2025-01-09 12:54:37.629045
2025-03-06 16:39:17,300 - root - INFO - Token Token-129 completed task 'Review AM using Asset Change Tracker (5.5.13.1)' at 2025-01-10 07:00:00.
2025-03-06 16:39:17,300 - root - INFO - Token Token-130 released from wait queue for 'Tech'
2025-03-06 16:39:17,300 - root - INFO - Token Token-130 waited 5502.00 minutes for resource
2025-03-06 16:39:17,301 - root - INFO - Token Token-130 started task 'Review AM using Asset Change Tracker (5.5.13.1)' at 2025-01-10 07:00:00, scheduled to end at 2025-01-10 07:07:27.383068
2025-03-06 16:39:17,301 - root - INFO - Token Token-129 started task 'Complete /Accurate?' at 2025-01-10 07:00:00, scheduled to end at 2025-01-10 07:00:00
2025-03-06 16:39:17,302 - root - INFO - Token Token-129 completed task 'Complete /Accurate?' at 2025-01-10 07:00:00.
2025-03-06 16:39:17,303 - root - INFO - Token Token-129 waiting for resource 'Tech' at 2025-01-10 07:00:00
2025-03-06 16:39:17,303 - root - INFO - Token Token-130 completed task 'Review AM using Asset Change Tracker (5.5.13.1)' at 2025-01-10 07:07:27.383068.
2025-03-06 16:39:17,303 - root - INFO - Token Token-131 released from wait queue for 'Tech'
2025-03-06 16:39:17,304 - root - INFO - Token Token-131 waited 5507.46 minutes for resource
2025-03-06 16:39:17,304 - root - INFO - Token Token-131 started task 'Review AM using Asset Change Tracker (5.5.13.1)' at 2025-01-10 07:07:27.383068, scheduled to end at 2025-01-10 07:15:55.659428
2025-03-06 16:39:17,305 - root - INFO - Token Token-130 started task 'Complete /Accurate?' at 2025-01-10 07:07:27.383068, scheduled to end at 2025-01-10 07:07:27.383068
2025-03-06 16:39:17,305 - root - INFO - Token Token-130 completed task 'Complete /Accurate?' at 2025-01-10 07:07:27.383068.
2025-03-06 16:39:17,305 - root - INFO - Token Token-130 waiting for resource 'Tech' at 2025-01-10 07:07:27.383068
2025-03-06 16:39:17,306 - root - INFO - Token Token-131 completed task 'Review AM using Asset Change Tracker (5.5.13.1)' at 2025-01-10 07:15:55.659428.
2025-03-06 16:39:17,306 - root - INFO - Token Token-132 released from wait queue for 'Tech'
2025-03-06 16:39:17,307 - root - INFO - Token Token-132 waited 5513.93 minutes for resource
2025-03-06 16:39:17,307 - root - INFO - Token Token-132 started task 'Review AM using Asset Change Tracker (5.5.13.1)' at 2025-01-10 07:15:55.659428, scheduled to end at 2025-01-10 07:25:27.433882
2025-03-06 16:39:17,307 - root - INFO - Token Token-131 started task 'Complete /Accurate?' at 2025-01-10 07:15:55.659428, scheduled to end at 2025-01-10 07:15:55.659428
2025-03-06 16:39:17,308 - root - INFO - Token Token-131 completed task 'Complete /Accurate?' at 2025-01-10 07:15:55.659428.
2025-03-06 16:39:17,308 - root - INFO - Token Token-131 waiting for resource 'Tech' at 2025-01-10 07:15:55.659428
2025-03-06 16:39:17,309 - root - INFO - Token Token-132 completed task 'Review AM using Asset Change Tracker (5.5.13.1)' at 2025-01-10 07:25:27.433882.
2025-03-06 16:39:17,309 - root - INFO - Token Token-133 released from wait queue for 'Tech'
2025-03-06 16:39:17,309 - root - INFO - Token Token-133 waited 5521.46 minutes for resource
2025-03-06 16:39:17,310 - root - INFO - Token Token-133 started task 'Review AM using Asset Change Tracker (5.5.13.1)' at 2025-01-10 07:25:27.433882, scheduled to end at 2025-01-10 07:32:03.552607
2025-03-06 16:39:17,310 - root - INFO - Token Token-132 started task 'Complete /Accurate?' at 2025-01-10 07:25:27.433882, scheduled to end at 2025-01-10 07:25:27.433882
2025-03-06 16:39:17,311 - root - INFO - Token Token-132 completed task 'Complete /Accurate?' at 2025-01-10 07:25:27.433882.
2025-03-06 16:39:17,311 - root - INFO - Token Token-132 waiting for resource 'Tech' at 2025-01-10 07:25:27.433882
2025-03-06 16:39:17,311 - root - INFO - Token Token-133 completed task 'Review AM using Asset Change Tracker (5.5.13.1)' at 2025-01-10 07:32:03.552607.
2025-03-06 16:39:17,312 - root - INFO - Token Token-134 released from wait queue for 'Tech'
2025-03-06 16:39:17,312 - root - INFO - Token Token-134 waited 5526.06 minutes for resource
2025-03-06 16:39:17,312 - root - INFO - Token Token-134 started task 'Review AM using Asset Change Tracker (5.5.13.1)' at 2025-01-10 07:32:03.552607, scheduled to end at 2025-01-10 07:39:44.224146
2025-03-06 16:39:17,313 - root - INFO - Token Token-133 started task 'Complete /Accurate?' at 2025-01-10 07:32:03.552607, scheduled to end at 2025-01-10 07:32:03.552607
2025-03-06 16:39:17,313 - root - INFO - Token Token-133 completed task 'Complete /Accurate?' at 2025-01-10 07:32:03.552607.
2025-03-06 16:39:17,314 - root - INFO - Token Token-133 waiting for resource 'Tech' at 2025-01-10 07:32:03.552607
2025-03-06 16:39:17,315 - root - INFO - Token Token-134 completed task 'Review AM using Asset Change Tracker (5.5.13.1)' at 2025-01-10 07:39:44.224146.
2025-03-06 16:39:17,331 - root - INFO - Token Token-135 released from wait queue for 'Tech'
2025-03-06 16:39:17,332 - root - INFO - Token Token-135 waited 5531.74 minutes for resource
2025-03-06 16:39:17,332 - root - INFO - Token Token-135 started task 'Review AM using Asset Change Tracker (5.5.13.1)' at 2025-01-10 07:39:44.224146, scheduled to end at 2025-01-10 07:47:48.197921
2025-03-06 16:39:17,332 - root - INFO - Token Token-134 started task 'Complete /Accurate?' at 2025-01-10 07:39:44.224146, scheduled to end at 2025-01-10 07:39:44.224146
2025-03-06 16:39:17,333 - root - INFO - Token Token-134 completed task 'Complete /Accurate?' at 2025-01-10 07:39:44.224146.
2025-03-06 16:39:17,333 - root - INFO - Token Token-134 waiting for resource 'Tech' at 2025-01-10 07:39:44.224146
2025-03-06 16:39:17,333 - root - INFO - Token Token-135 completed task 'Review AM using Asset Change Tracker (5.5.13.1)' at 2025-01-10 07:47:48.197921.
2025-03-06 16:39:17,334 - root - INFO - Token Token-136 released from wait queue for 'Tech'
2025-03-06 16:39:17,334 - root - INFO - Token Token-136 waited 5537.80 minutes for resource
2025-03-06 16:39:17,334 - root - INFO - Token Token-136 started task 'Review AM using Asset Change Tracker (5.5.13.1)' at 2025-01-10 07:47:48.197921, scheduled to end at 2025-01-10 07:55:58.504447
2025-03-06 16:39:17,334 - root - INFO - Token Token-135 started task 'Complete /Accurate?' at 2025-01-10 07:47:48.197921, scheduled to end at 2025-01-10 07:47:48.197921
2025-03-06 16:39:17,335 - root - INFO - Token Token-135 completed task 'Complete /Accurate?' at 2025-01-10 07:47:48.197921.
2025-03-06 16:39:17,335 - root - INFO - Token Token-135 waiting for resource 'Tech' at 2025-01-10 07:47:48.197921
2025-03-06 16:39:17,335 - root - INFO - Token Token-136 completed task 'Review AM using Asset Change Tracker (5.5.13.1)' at 2025-01-10 07:55:58.504447.
2025-03-06 16:39:17,335 - root - INFO - Token Token-137 released from wait queue for 'Tech'
2025-03-06 16:39:17,336 - root - INFO - Token Token-137 waited 5543.98 minutes for resource
2025-03-06 16:39:17,336 - root - INFO - Token Token-137 started task 'Review AM using Asset Change Tracker (5.5.13.1)' at 2025-01-10 07:55:58.504447, scheduled to end at 2025-01-10 08:05:13.449251
2025-03-06 16:39:17,337 - root - INFO - Token Token-136 started task 'Complete /Accurate?' at 2025-01-10 07:55:58.504447, scheduled to end at 2025-01-10 07:55:58.504447
2025-03-06 16:39:17,337 - root - INFO - Token Token-136 completed task 'Complete /Accurate?' at 2025-01-10 07:55:58.504447.
2025-03-06 16:39:17,337 - root - INFO - Token Token-136 waiting for resource 'Tech' at 2025-01-10 07:55:58.504447
2025-03-06 16:39:17,337 - root - INFO - Token Token-137 completed task 'Review AM using Asset Change Tracker (5.5.13.1)' at 2025-01-10 08:05:13.449251.
2025-03-06 16:39:17,338 - root - INFO - Token Token-138 released from wait queue for 'Tech'
2025-03-06 16:39:17,338 - root - INFO - Token Token-138 waited 5551.22 minutes for resource
2025-03-06 16:39:17,338 - root - INFO - Token Token-138 started task 'Review AM using Asset Change Tracker (5.5.13.1)' at 2025-01-10 08:05:13.449251, scheduled to end at 2025-01-10 08:12:09.481352
2025-03-06 16:39:17,338 - root - INFO - Token Token-137 started task 'Complete /Accurate?' at 2025-01-10 08:05:13.449251, scheduled to end at 2025-01-10 08:05:13.449251
2025-03-06 16:39:17,339 - root - INFO - Token Token-137 completed task 'Complete /Accurate?' at 2025-01-10 08:05:13.449251.
2025-03-06 16:39:17,339 - root - INFO - Token Token-137 waiting for resource 'Tech' at 2025-01-10 08:05:13.449251
2025-03-06 16:39:17,340 - root - INFO - Token Token-138 completed task 'Review AM using Asset Change Tracker (5.5.13.1)' at 2025-01-10 08:12:09.481352.
2025-03-06 16:39:17,340 - root - INFO - Token Token-139 released from wait queue for 'Tech'
2025-03-06 16:39:17,340 - root - INFO - Token Token-139 waited 5556.16 minutes for resource
2025-03-06 16:39:17,341 - root - INFO - Token Token-139 started task 'Review AM using Asset Change Tracker (5.5.13.1)' at 2025-01-10 08:12:09.481352, scheduled to end at 2025-01-10 08:18:38.633325
2025-03-06 16:39:17,341 - root - INFO - Token Token-138 started task 'Complete /Accurate?' at 2025-01-10 08:12:09.481352, scheduled to end at 2025-01-10 08:12:09.481352
2025-03-06 16:39:17,341 - root - INFO - Token Token-138 completed task 'Complete /Accurate?' at 2025-01-10 08:12:09.481352.
2025-03-06 16:39:17,341 - root - INFO - Token Token-138 waiting for resource 'Tech' at 2025-01-10 08:12:09.481352
2025-03-06 16:39:17,342 - root - INFO - Token Token-139 completed task 'Review AM using Asset Change Tracker (5.5.13.1)' at 2025-01-10 08:18:38.633325.
2025-03-06 16:39:17,342 - root - INFO - Token Token-140 released from wait queue for 'Tech'
2025-03-06 16:39:17,342 - root - INFO - Token Token-140 waited 5560.64 minutes for resource
2025-03-06 16:39:17,342 - root - INFO - Token Token-140 started task 'Review AM using Asset Change Tracker (5.5.13.1)' at 2025-01-10 08:18:38.633325, scheduled to end at 2025-01-10 08:28:12.543954
2025-03-06 16:39:17,343 - root - INFO - Token Token-139 started task 'Complete /Accurate?' at 2025-01-10 08:18:38.633325, scheduled to end at 2025-01-10 08:18:38.633325
2025-03-06 16:39:17,343 - root - INFO - Token Token-139 completed task 'Complete /Accurate?' at 2025-01-10 08:18:38.633325.
2025-03-06 16:39:17,344 - root - INFO - Token Token-139 waiting for resource 'Tech' at 2025-01-10 08:18:38.633325
2025-03-06 16:39:17,345 - root - INFO - Token Token-140 completed task 'Review AM using Asset Change Tracker (5.5.13.1)' at 2025-01-10 08:28:12.543954.
2025-03-06 16:39:17,345 - root - INFO - Token Token-141 released from wait queue for 'Tech'
2025-03-06 16:39:17,346 - root - INFO - Token Token-141 waited 5568.21 minutes for resource
2025-03-06 16:39:17,346 - root - INFO - Token Token-141 started task 'Review AM using Asset Change Tracker (5.5.13.1)' at 2025-01-10 08:28:12.543954, scheduled to end at 2025-01-10 08:37:43.285422
2025-03-06 16:39:17,346 - root - INFO - Token Token-140 started task 'Complete /Accurate?' at 2025-01-10 08:28:12.543954, scheduled to end at 2025-01-10 08:28:12.543954
2025-03-06 16:39:17,347 - root - INFO - Token Token-140 completed task 'Complete /Accurate?' at 2025-01-10 08:28:12.543954.
2025-03-06 16:39:17,347 - root - INFO - Token Token-140 waiting for resource 'Tech' at 2025-01-10 08:28:12.543954
2025-03-06 16:39:17,348 - root - INFO - Token Token-141 completed task 'Review AM using Asset Change Tracker (5.5.13.1)' at 2025-01-10 08:37:43.285422.
2025-03-06 16:39:17,348 - root - INFO - Token Token-142 released from wait queue for 'Tech'
2025-03-06 16:39:17,348 - root - INFO - Token Token-142 waited 5575.72 minutes for resource
2025-03-06 16:39:17,349 - root - INFO - Token Token-142 started task 'Review AM using Asset Change Tracker (5.5.13.1)' at 2025-01-10 08:37:43.285422, scheduled to end at 2025-01-10 08:45:14.016095
2025-03-06 16:39:17,349 - root - INFO - Token Token-141 started task 'Complete /Accurate?' at 2025-01-10 08:37:43.285422, scheduled to end at 2025-01-10 08:37:43.285422
2025-03-06 16:39:17,350 - root - INFO - Token Token-141 completed task 'Complete /Accurate?' at 2025-01-10 08:37:43.285422.
2025-03-06 16:39:17,350 - root - INFO - Token Token-141 waiting for resource 'Tech' at 2025-01-10 08:37:43.285422
2025-03-06 16:39:17,350 - root - INFO - Token Token-142 completed task 'Review AM using Asset Change Tracker (5.5.13.1)' at 2025-01-10 08:45:14.016095.
2025-03-06 16:39:17,351 - root - INFO - Token Token-143 released from wait queue for 'Tech'
2025-03-06 16:39:17,351 - root - INFO - Token Token-143 waited 5581.23 minutes for resource
2025-03-06 16:39:17,352 - root - INFO - Token Token-143 started task 'Review AM using Asset Change Tracker (5.5.13.1)' at 2025-01-10 08:45:14.016095, scheduled to end at 2025-01-10 08:52:06.385423
2025-03-06 16:39:17,352 - root - INFO - Token Token-142 started task 'Complete /Accurate?' at 2025-01-10 08:45:14.016095, scheduled to end at 2025-01-10 08:45:14.016095
2025-03-06 16:39:17,353 - root - INFO - Token Token-142 completed task 'Complete /Accurate?' at 2025-01-10 08:45:14.016095.
2025-03-06 16:39:17,353 - root - INFO - Token Token-142 waiting for resource 'Tech' at 2025-01-10 08:45:14.016095
2025-03-06 16:39:17,354 - root - INFO - Token Token-143 completed task 'Review AM using Asset Change Tracker (5.5.13.1)' at 2025-01-10 08:52:06.385423.
2025-03-06 16:39:17,354 - root - INFO - Token Token-144 released from wait queue for 'Tech'
2025-03-06 16:39:17,354 - root - INFO - Token Token-144 waited 5586.11 minutes for resource
2025-03-06 16:39:17,355 - root - INFO - Token Token-144 started task 'Review AM using Asset Change Tracker (5.5.13.1)' at 2025-01-10 08:52:06.385423, scheduled to end at 2025-01-10 09:00:48.332136
2025-03-06 16:39:17,355 - root - INFO - Token Token-143 started task 'Complete /Accurate?' at 2025-01-10 08:52:06.385423, scheduled to end at 2025-01-10 08:52:06.385423
2025-03-06 16:39:17,356 - root - INFO - Token Token-143 completed task 'Complete /Accurate?' at 2025-01-10 08:52:06.385423.
2025-03-06 16:39:17,356 - root - INFO - Token Token-143 waiting for resource 'Tech' at 2025-01-10 08:52:06.385423
2025-03-06 16:39:17,357 - root - INFO - Token Token-144 completed task 'Review AM using Asset Change Tracker (5.5.13.1)' at 2025-01-10 09:00:48.332136.
2025-03-06 16:39:17,357 - root - INFO - Token Token-145 released from wait queue for 'Tech'
2025-03-06 16:39:17,357 - root - INFO - Token Token-145 waited 5592.81 minutes for resource
2025-03-06 16:39:17,358 - root - INFO - Token Token-145 started task 'Review AM using Asset Change Tracker (5.5.13.1)' at 2025-01-10 09:00:48.332136, scheduled to end at 2025-01-10 09:08:49.252403
2025-03-06 16:39:17,358 - root - INFO - Token Token-144 started task 'Complete /Accurate?' at 2025-01-10 09:00:48.332136, scheduled to end at 2025-01-10 09:00:48.332136
2025-03-06 16:39:17,358 - root - INFO - Token Token-144 completed task 'Complete /Accurate?' at 2025-01-10 09:00:48.332136.
2025-03-06 16:39:17,359 - root - INFO - Token Token-144 waiting for resource 'Tech' at 2025-01-10 09:00:48.332136
2025-03-06 16:39:17,359 - root - INFO - Token Token-145 completed task 'Review AM using Asset Change Tracker (5.5.13.1)' at 2025-01-10 09:08:49.252403.
2025-03-06 16:39:17,360 - root - INFO - Token Token-146 released from wait queue for 'Tech'
2025-03-06 16:39:17,360 - root - INFO - Token Token-146 waited 5598.82 minutes for resource
2025-03-06 16:39:17,360 - root - INFO - Token Token-146 started task 'Review AM using Asset Change Tracker (5.5.13.1)' at 2025-01-10 09:08:49.252403, scheduled to end at 2025-01-10 09:17:23.618472
2025-03-06 16:39:17,361 - root - INFO - Token Token-145 started task 'Complete /Accurate?' at 2025-01-10 09:08:49.252403, scheduled to end at 2025-01-10 09:08:49.252403
2025-03-06 16:39:17,361 - root - INFO - Token Token-145 completed task 'Complete /Accurate?' at 2025-01-10 09:08:49.252403.
2025-03-06 16:39:17,361 - root - INFO - Token Token-145 waiting for resource 'Tech' at 2025-01-10 09:08:49.252403
2025-03-06 16:39:17,362 - root - INFO - Token Token-146 completed task 'Review AM using Asset Change Tracker (5.5.13.1)' at 2025-01-10 09:17:23.618472.
2025-03-06 16:39:17,362 - root - INFO - Token Token-147 released from wait queue for 'Tech'
2025-03-06 16:39:17,363 - root - INFO - Token Token-147 waited 5605.39 minutes for resource
2025-03-06 16:39:17,363 - root - INFO - Token Token-147 started task 'Review AM using Asset Change Tracker (5.5.13.1)' at 2025-01-10 09:17:23.618472, scheduled to end at 2025-01-10 09:26:03.387966
2025-03-06 16:39:17,363 - root - INFO - Token Token-146 started task 'Complete /Accurate?' at 2025-01-10 09:17:23.618472, scheduled to end at 2025-01-10 09:17:23.618472
2025-03-06 16:39:17,364 - root - INFO - Token Token-146 completed task 'Complete /Accurate?' at 2025-01-10 09:17:23.618472.
2025-03-06 16:39:17,364 - root - INFO - Token Token-146 waiting for resource 'Tech' at 2025-01-10 09:17:23.618472
2025-03-06 16:39:17,365 - root - INFO - Token Token-147 completed task 'Review AM using Asset Change Tracker (5.5.13.1)' at 2025-01-10 09:26:03.387966.
2025-03-06 16:39:17,365 - root - INFO - Token Token-148 released from wait queue for 'Tech'
2025-03-06 16:39:17,365 - root - INFO - Token Token-148 waited 5612.06 minutes for resource
2025-03-06 16:39:17,366 - root - INFO - Token Token-148 started task 'Review AM using Asset Change Tracker (5.5.13.1)' at 2025-01-10 09:26:03.387966, scheduled to end at 2025-01-10 09:35:28.037166
2025-03-06 16:39:17,366 - root - INFO - Token Token-147 started task 'Complete /Accurate?' at 2025-01-10 09:26:03.387966, scheduled to end at 2025-01-10 09:26:03.387966
2025-03-06 16:39:17,366 - root - INFO - Token Token-147 completed task 'Complete /Accurate?' at 2025-01-10 09:26:03.387966.
2025-03-06 16:39:17,367 - root - INFO - Token Token-147 waiting for resource 'Tech' at 2025-01-10 09:26:03.387966
2025-03-06 16:39:17,368 - root - INFO - Token Token-148 completed task 'Review AM using Asset Change Tracker (5.5.13.1)' at 2025-01-10 09:35:28.037166.
2025-03-06 16:39:17,370 - root - INFO - Token Token-149 released from wait queue for 'Tech'
2025-03-06 16:39:17,370 - root - INFO - Token Token-149 waited 5619.47 minutes for resource
2025-03-06 16:39:17,383 - root - INFO - Token Token-149 started task 'Review AM using Asset Change Tracker (5.5.13.1)' at 2025-01-10 09:35:28.037166, scheduled to end at 2025-01-10 09:44:59.147127
2025-03-06 16:39:17,384 - root - INFO - Token Token-148 started task 'Complete /Accurate?' at 2025-01-10 09:35:28.037166, scheduled to end at 2025-01-10 09:35:28.037166
2025-03-06 16:39:17,384 - root - INFO - Token Token-148 completed task 'Complete /Accurate?' at 2025-01-10 09:35:28.037166.
2025-03-06 16:39:17,384 - root - INFO - Token Token-148 waiting for resource 'Tech' at 2025-01-10 09:35:28.037166
2025-03-06 16:39:17,384 - root - INFO - Token Token-149 completed task 'Review AM using Asset Change Tracker (5.5.13.1)' at 2025-01-10 09:44:59.147127.
2025-03-06 16:39:17,385 - root - INFO - Token Token-150 released from wait queue for 'Tech'
2025-03-06 16:39:17,385 - root - INFO - Token Token-150 waited 5626.99 minutes for resource
2025-03-06 16:39:17,385 - root - INFO - Token Token-150 started task 'Review AM using Asset Change Tracker (5.5.13.1)' at 2025-01-10 09:44:59.147127, scheduled to end at 2025-01-10 09:52:54.274182
2025-03-06 16:39:17,385 - root - INFO - Token Token-149 started task 'Complete /Accurate?' at 2025-01-10 09:44:59.147127, scheduled to end at 2025-01-10 09:44:59.147127
2025-03-06 16:39:17,386 - root - INFO - Token Token-149 completed task 'Complete /Accurate?' at 2025-01-10 09:44:59.147127.
2025-03-06 16:39:17,386 - root - INFO - Token Token-149 waiting for resource 'Tech' at 2025-01-10 09:44:59.147127
2025-03-06 16:39:17,386 - root - INFO - Token Token-150 completed task 'Review AM using Asset Change Tracker (5.5.13.1)' at 2025-01-10 09:52:54.274182.
2025-03-06 16:39:17,386 - root - INFO - Token Token-151 released from wait queue for 'Tech'
2025-03-06 16:39:17,386 - root - INFO - Token Token-151 waited 5632.90 minutes for resource
2025-03-06 16:39:17,387 - root - INFO - Token Token-151 started task 'Review AM using Asset Change Tracker (5.5.13.1)' at 2025-01-10 09:52:54.274182, scheduled to end at 2025-01-10 10:01:26.940661
2025-03-06 16:39:17,387 - root - INFO - Token Token-150 started task 'Complete /Accurate?' at 2025-01-10 09:52:54.274182, scheduled to end at 2025-01-10 09:52:54.274182
2025-03-06 16:39:17,387 - root - INFO - Token Token-150 completed task 'Complete /Accurate?' at 2025-01-10 09:52:54.274182.
2025-03-06 16:39:17,387 - root - INFO - Token Token-150 waiting for resource 'Tech' at 2025-01-10 09:52:54.274182
2025-03-06 16:39:17,388 - root - INFO - Token Token-151 completed task 'Review AM using Asset Change Tracker (5.5.13.1)' at 2025-01-10 10:01:26.940661.
2025-03-06 16:39:17,388 - root - INFO - Token Token-152 released from wait queue for 'Tech'
2025-03-06 16:39:17,388 - root - INFO - Token Token-152 waited 5639.45 minutes for resource
2025-03-06 16:39:17,388 - root - INFO - Token Token-152 started task 'Review AM using Asset Change Tracker (5.5.13.1)' at 2025-01-10 10:01:26.940661, scheduled to end at 2025-01-10 10:08:40.900519
2025-03-06 16:39:17,388 - root - INFO - Token Token-151 started task 'Complete /Accurate?' at 2025-01-10 10:01:26.940661, scheduled to end at 2025-01-10 10:01:26.940661
2025-03-06 16:39:17,389 - root - INFO - Token Token-151 completed task 'Complete /Accurate?' at 2025-01-10 10:01:26.940661.
2025-03-06 16:39:17,389 - root - INFO - Token Token-151 waiting for resource 'Tech' at 2025-01-10 10:01:26.940661
2025-03-06 16:39:17,389 - root - INFO - Token Token-152 completed task 'Review AM using Asset Change Tracker (5.5.13.1)' at 2025-01-10 10:08:40.900519.
2025-03-06 16:39:17,390 - root - INFO - Token Token-153 released from wait queue for 'Tech'
2025-03-06 16:39:17,390 - root - INFO - Token Token-153 waited 5644.68 minutes for resource
2025-03-06 16:39:17,391 - root - INFO - Token Token-153 started task 'Review AM using Asset Change Tracker (5.5.13.1)' at 2025-01-10 10:08:40.900519, scheduled to end at 2025-01-10 10:16:25.791596
2025-03-06 16:39:17,391 - root - INFO - Token Token-152 started task 'Complete /Accurate?' at 2025-01-10 10:08:40.900519, scheduled to end at 2025-01-10 10:08:40.900519
2025-03-06 16:39:17,391 - root - INFO - Token Token-152 completed task 'Complete /Accurate?' at 2025-01-10 10:08:40.900519.
2025-03-06 16:39:17,392 - root - INFO - Token Token-152 waiting for resource 'Tech' at 2025-01-10 10:08:40.900519
2025-03-06 16:39:17,393 - root - INFO - Token Token-153 completed task 'Review AM using Asset Change Tracker (5.5.13.1)' at 2025-01-10 10:16:25.791596.
2025-03-06 16:39:17,394 - root - INFO - Token Token-154 released from wait queue for 'Tech'
2025-03-06 16:39:17,394 - root - INFO - Token Token-154 waited 5650.43 minutes for resource
2025-03-06 16:39:17,394 - root - INFO - Token Token-154 started task 'Review AM using Asset Change Tracker (5.5.13.1)' at 2025-01-10 10:16:25.791596, scheduled to end at 2025-01-10 10:22:18.094056
2025-03-06 16:39:17,395 - root - INFO - Token Token-153 started task 'Complete /Accurate?' at 2025-01-10 10:16:25.791596, scheduled to end at 2025-01-10 10:16:25.791596
2025-03-06 16:39:17,395 - root - INFO - Token Token-153 completed task 'Complete /Accurate?' at 2025-01-10 10:16:25.791596.
2025-03-06 16:39:17,396 - root - INFO - Token Token-153 waiting for resource 'Tech' at 2025-01-10 10:16:25.791596
2025-03-06 16:39:17,396 - root - INFO - Token Token-154 completed task 'Review AM using Asset Change Tracker (5.5.13.1)' at 2025-01-10 10:22:18.094056.
2025-03-06 16:39:17,397 - root - INFO - Token Token-155 released from wait queue for 'Tech'
2025-03-06 16:39:17,397 - root - INFO - Token Token-155 waited 5654.30 minutes for resource
2025-03-06 16:39:17,397 - root - INFO - Token Token-155 started task 'Review AM using Asset Change Tracker (5.5.13.1)' at 2025-01-10 10:22:18.094056, scheduled to end at 2025-01-10 10:31:47.989550
2025-03-06 16:39:17,398 - root - INFO - Token Token-154 started task 'Complete /Accurate?' at 2025-01-10 10:22:18.094056, scheduled to end at 2025-01-10 10:22:18.094056
2025-03-06 16:39:17,399 - root - INFO - Token Token-154 completed task 'Complete /Accurate?' at 2025-01-10 10:22:18.094056.
2025-03-06 16:39:17,399 - root - INFO - Token Token-154 waiting for resource 'Tech' at 2025-01-10 10:22:18.094056
2025-03-06 16:39:17,399 - root - INFO - Token Token-155 completed task 'Review AM using Asset Change Tracker (5.5.13.1)' at 2025-01-10 10:31:47.989550.
2025-03-06 16:39:17,400 - root - INFO - Token Token-156 released from wait queue for 'Tech'
2025-03-06 16:39:17,400 - root - INFO - Token Token-156 waited 5661.80 minutes for resource
2025-03-06 16:39:17,401 - root - INFO - Token Token-156 started task 'Review AM using Asset Change Tracker (5.5.13.1)' at 2025-01-10 10:31:47.989550, scheduled to end at 2025-01-10 10:37:19.439464
2025-03-06 16:39:17,401 - root - INFO - Token Token-155 started task 'Complete /Accurate?' at 2025-01-10 10:31:47.989550, scheduled to end at 2025-01-10 10:31:47.989550
2025-03-06 16:39:17,403 - root - INFO - Token Token-155 completed task 'Complete /Accurate?' at 2025-01-10 10:31:47.989550.
2025-03-06 16:39:17,403 - root - INFO - Token Token-155 waiting for resource 'Tech' at 2025-01-10 10:31:47.989550
2025-03-06 16:39:17,404 - root - INFO - Token Token-156 completed task 'Review AM using Asset Change Tracker (5.5.13.1)' at 2025-01-10 10:37:19.439464.
2025-03-06 16:39:17,404 - root - INFO - Token Token-157 released from wait queue for 'Tech'
2025-03-06 16:39:17,404 - root - INFO - Token Token-157 waited 5665.32 minutes for resource
2025-03-06 16:39:17,405 - root - INFO - Token Token-157 started task 'Review AM using Asset Change Tracker (5.5.13.1)' at 2025-01-10 10:37:19.439464, scheduled to end at 2025-01-10 10:44:35.265287
2025-03-06 16:39:17,405 - root - INFO - Token Token-156 started task 'Complete /Accurate?' at 2025-01-10 10:37:19.439464, scheduled to end at 2025-01-10 10:37:19.439464
2025-03-06 16:39:17,406 - root - INFO - Token Token-156 completed task 'Complete /Accurate?' at 2025-01-10 10:37:19.439464.
2025-03-06 16:39:17,406 - root - INFO - Token Token-156 waiting for resource 'Tech' at 2025-01-10 10:37:19.439464
2025-03-06 16:39:17,407 - root - INFO - Token Token-157 completed task 'Review AM using Asset Change Tracker (5.5.13.1)' at 2025-01-10 10:44:35.265287.
2025-03-06 16:39:17,407 - root - INFO - Token Token-158 released from wait queue for 'Tech'
2025-03-06 16:39:17,407 - root - INFO - Token Token-158 waited 5670.59 minutes for resource
2025-03-06 16:39:17,408 - root - INFO - Token Token-158 started task 'Review AM using Asset Change Tracker (5.5.13.1)' at 2025-01-10 10:44:35.265287, scheduled to end at 2025-01-10 10:52:31.962503
2025-03-06 16:39:17,408 - root - INFO - Token Token-157 started task 'Complete /Accurate?' at 2025-01-10 10:44:35.265287, scheduled to end at 2025-01-10 10:44:35.265287
2025-03-06 16:39:17,409 - root - INFO - Token Token-157 completed task 'Complete /Accurate?' at 2025-01-10 10:44:35.265287.
2025-03-06 16:39:17,409 - root - INFO - Token Token-157 waiting for resource 'Tech' at 2025-01-10 10:44:35.265287
2025-03-06 16:39:17,410 - root - INFO - Token Token-158 completed task 'Review AM using Asset Change Tracker (5.5.13.1)' at 2025-01-10 10:52:31.962503.
2025-03-06 16:39:17,426 - root - INFO - Token Token-159 released from wait queue for 'Tech'
2025-03-06 16:39:17,427 - root - INFO - Token Token-159 waited 5676.53 minutes for resource
2025-03-06 16:39:17,427 - root - INFO - Token Token-159 started task 'Review AM using Asset Change Tracker (5.5.13.1)' at 2025-01-10 10:52:31.962503, scheduled to end at 2025-01-10 11:00:37.007205
2025-03-06 16:39:17,427 - root - INFO - Token Token-158 started task 'Complete /Accurate?' at 2025-01-10 10:52:31.962503, scheduled to end at 2025-01-10 10:52:31.962503
2025-03-06 16:39:17,428 - root - INFO - Token Token-158 completed task 'Complete /Accurate?' at 2025-01-10 10:52:31.962503.
2025-03-06 16:39:17,428 - root - INFO - Token Token-158 waiting for resource 'Tech' at 2025-01-10 10:52:31.962503
2025-03-06 16:39:17,428 - root - INFO - Token Token-159 completed task 'Review AM using Asset Change Tracker (5.5.13.1)' at 2025-01-10 11:00:37.007205.
2025-03-06 16:39:17,428 - root - INFO - Token Token-160 released from wait queue for 'Tech'
2025-03-06 16:39:17,429 - root - INFO - Token Token-160 waited 5682.62 minutes for resource
2025-03-06 16:39:17,429 - root - INFO - Token Token-160 started task 'Review AM using Asset Change Tracker (5.5.13.1)' at 2025-01-10 11:00:37.007205, scheduled to end at 2025-01-10 11:09:14.611334
2025-03-06 16:39:17,429 - root - INFO - Token Token-159 started task 'Complete /Accurate?' at 2025-01-10 11:00:37.007205, scheduled to end at 2025-01-10 11:00:37.007205
2025-03-06 16:39:17,429 - root - INFO - Token Token-159 completed task 'Complete /Accurate?' at 2025-01-10 11:00:37.007205.
2025-03-06 16:39:17,430 - root - INFO - Token Token-159 waiting for resource 'Tech' at 2025-01-10 11:00:37.007205
2025-03-06 16:39:17,430 - root - INFO - Token Token-160 completed task 'Review AM using Asset Change Tracker (5.5.13.1)' at 2025-01-10 11:09:14.611334.
2025-03-06 16:39:17,430 - root - INFO - Token Token-161 released from wait queue for 'Tech'
2025-03-06 16:39:17,430 - root - INFO - Token Token-161 waited 5689.24 minutes for resource
2025-03-06 16:39:17,430 - root - INFO - Token Token-161 started task 'Review AM using Asset Change Tracker (5.5.13.1)' at 2025-01-10 11:09:14.611334, scheduled to end at 2025-01-10 11:18:46.346112
2025-03-06 16:39:17,431 - root - INFO - Token Token-160 started task 'Complete /Accurate?' at 2025-01-10 11:09:14.611334, scheduled to end at 2025-01-10 11:09:14.611334
2025-03-06 16:39:17,431 - root - INFO - Token Token-160 completed task 'Complete /Accurate?' at 2025-01-10 11:09:14.611334.
2025-03-06 16:39:17,431 - root - INFO - Token Token-160 waiting for resource 'Tech' at 2025-01-10 11:09:14.611334
2025-03-06 16:39:17,432 - root - INFO - Token Token-161 completed task 'Review AM using Asset Change Tracker (5.5.13.1)' at 2025-01-10 11:18:46.346112.
2025-03-06 16:39:17,432 - root - INFO - Token Token-162 released from wait queue for 'Tech'
2025-03-06 16:39:17,432 - root - INFO - Token Token-162 waited 5696.77 minutes for resource
2025-03-06 16:39:17,432 - root - INFO - Token Token-162 started task 'Review AM using Asset Change Tracker (5.5.13.1)' at 2025-01-10 11:18:46.346112, scheduled to end at 2025-01-10 11:27:34.987011
2025-03-06 16:39:17,433 - root - INFO - Token Token-161 started task 'Complete /Accurate?' at 2025-01-10 11:18:46.346112, scheduled to end at 2025-01-10 11:18:46.346112
2025-03-06 16:39:17,433 - root - INFO - Token Token-161 completed task 'Complete /Accurate?' at 2025-01-10 11:18:46.346112.
2025-03-06 16:39:17,434 - root - INFO - Token Token-161 waiting for resource 'Tech' at 2025-01-10 11:18:46.346112
2025-03-06 16:39:17,434 - root - INFO - Token Token-162 completed task 'Review AM using Asset Change Tracker (5.5.13.1)' at 2025-01-10 11:27:34.987011.
2025-03-06 16:39:17,434 - root - INFO - Token Token-163 released from wait queue for 'Tech'
2025-03-06 16:39:17,434 - root - INFO - Token Token-163 waited 5703.58 minutes for resource
2025-03-06 16:39:17,435 - root - INFO - Token Token-163 started task 'Review AM using Asset Change Tracker (5.5.13.1)' at 2025-01-10 11:27:34.987011, scheduled to end at 2025-01-10 11:35:04.524647
2025-03-06 16:39:17,435 - root - INFO - Token Token-162 started task 'Complete /Accurate?' at 2025-01-10 11:27:34.987011, scheduled to end at 2025-01-10 11:27:34.987011
2025-03-06 16:39:17,436 - root - INFO - Token Token-162 completed task 'Complete /Accurate?' at 2025-01-10 11:27:34.987011.
2025-03-06 16:39:17,436 - root - INFO - Token Token-162 waiting for resource 'Tech' at 2025-01-10 11:27:34.987011
2025-03-06 16:39:17,437 - root - INFO - Token Token-163 completed task 'Review AM using Asset Change Tracker (5.5.13.1)' at 2025-01-10 11:35:04.524647.
2025-03-06 16:39:17,437 - root - INFO - Token Token-164 released from wait queue for 'Tech'
2025-03-06 16:39:17,438 - root - INFO - Token Token-164 waited 5709.08 minutes for resource
2025-03-06 16:39:17,438 - root - INFO - Token Token-164 started task 'Review AM using Asset Change Tracker (5.5.13.1)' at 2025-01-10 11:35:04.524647, scheduled to end at 2025-01-10 11:44:08.232046
2025-03-06 16:39:17,439 - root - INFO - Token Token-163 started task 'Complete /Accurate?' at 2025-01-10 11:35:04.524647, scheduled to end at 2025-01-10 11:35:04.524647
2025-03-06 16:39:17,439 - root - INFO - Token Token-163 completed task 'Complete /Accurate?' at 2025-01-10 11:35:04.524647.
2025-03-06 16:39:17,440 - root - INFO - Token Token-163 waiting for resource 'Tech' at 2025-01-10 11:35:04.524647
2025-03-06 16:39:17,440 - root - INFO - Token Token-164 completed task 'Review AM using Asset Change Tracker (5.5.13.1)' at 2025-01-10 11:44:08.232046.
2025-03-06 16:39:17,441 - root - INFO - Token Token-165 released from wait queue for 'Tech'
2025-03-06 16:39:17,441 - root - INFO - Token Token-165 waited 5716.14 minutes for resource
2025-03-06 16:39:17,441 - root - INFO - Token Token-165 started task 'Review AM using Asset Change Tracker (5.5.13.1)' at 2025-01-10 11:44:08.232046, scheduled to end at 2025-01-10 11:52:20.553191
2025-03-06 16:39:17,442 - root - INFO - Token Token-164 started task 'Complete /Accurate?' at 2025-01-10 11:44:08.232046, scheduled to end at 2025-01-10 11:44:08.232046
2025-03-06 16:39:17,442 - root - INFO - Token Token-164 completed task 'Complete /Accurate?' at 2025-01-10 11:44:08.232046.
2025-03-06 16:39:17,443 - root - INFO - Token Token-164 waiting for resource 'Tech' at 2025-01-10 11:44:08.232046
2025-03-06 16:39:17,443 - root - INFO - Token Token-165 completed task 'Review AM using Asset Change Tracker (5.5.13.1)' at 2025-01-10 11:52:20.553191.
2025-03-06 16:39:17,444 - root - INFO - Token Token-166 released from wait queue for 'Tech'
2025-03-06 16:39:17,444 - root - INFO - Token Token-166 waited 5722.34 minutes for resource
2025-03-06 16:39:17,444 - root - INFO - Token Token-166 started task 'Review AM using Asset Change Tracker (5.5.13.1)' at 2025-01-10 11:52:20.553191, scheduled to end at 2025-01-10 11:58:57.989582
2025-03-06 16:39:17,445 - root - INFO - Token Token-165 started task 'Complete /Accurate?' at 2025-01-10 11:52:20.553191, scheduled to end at 2025-01-10 11:52:20.553191
2025-03-06 16:39:17,445 - root - INFO - Token Token-165 completed task 'Complete /Accurate?' at 2025-01-10 11:52:20.553191.
2025-03-06 16:39:17,446 - root - INFO - Token Token-165 waiting for resource 'Tech' at 2025-01-10 11:52:20.553191
2025-03-06 16:39:17,446 - root - INFO - Token Token-166 completed task 'Review AM using Asset Change Tracker (5.5.13.1)' at 2025-01-10 11:58:57.989582.
2025-03-06 16:39:17,447 - root - INFO - Token Token-167 released from wait queue for 'Tech'
2025-03-06 16:39:17,447 - root - INFO - Token Token-167 waited 5726.97 minutes for resource
2025-03-06 16:39:17,447 - root - INFO - Token Token-167 started task 'Review AM using Asset Change Tracker (5.5.13.1)' at 2025-01-10 11:58:57.989582, scheduled to end at 2025-01-10 12:07:42.106431
2025-03-06 16:39:17,448 - root - INFO - Token Token-166 started task 'Complete /Accurate?' at 2025-01-10 11:58:57.989582, scheduled to end at 2025-01-10 11:58:57.989582
2025-03-06 16:39:17,448 - root - INFO - Token Token-166 completed task 'Complete /Accurate?' at 2025-01-10 11:58:57.989582.
2025-03-06 16:39:17,449 - root - INFO - Token Token-166 waiting for resource 'Tech' at 2025-01-10 11:58:57.989582
2025-03-06 16:39:17,449 - root - INFO - Token Token-167 completed task 'Review AM using Asset Change Tracker (5.5.13.1)' at 2025-01-10 12:07:42.106431.
2025-03-06 16:39:17,449 - root - INFO - Token Token-168 released from wait queue for 'Tech'
2025-03-06 16:39:17,450 - root - INFO - Token Token-168 waited 5733.70 minutes for resource
2025-03-06 16:39:17,450 - root - INFO - Token Token-168 started task 'Review AM using Asset Change Tracker (5.5.13.1)' at 2025-01-10 12:07:42.106431, scheduled to end at 2025-01-10 12:16:44.140176
2025-03-06 16:39:17,450 - root - INFO - Token Token-167 started task 'Complete /Accurate?' at 2025-01-10 12:07:42.106431, scheduled to end at 2025-01-10 12:07:42.106431
2025-03-06 16:39:17,451 - root - INFO - Token Token-167 completed task 'Complete /Accurate?' at 2025-01-10 12:07:42.106431.
2025-03-06 16:39:17,451 - root - INFO - Token Token-167 waiting for resource 'Tech' at 2025-01-10 12:07:42.106431
2025-03-06 16:39:17,452 - root - INFO - Token Token-168 completed task 'Review AM using Asset Change Tracker (5.5.13.1)' at 2025-01-10 12:16:44.140176.
2025-03-06 16:39:17,452 - root - INFO - Token Token-169 released from wait queue for 'Tech'
2025-03-06 16:39:17,452 - root - INFO - Token Token-169 waited 5740.74 minutes for resource
2025-03-06 16:39:17,453 - root - INFO - Token Token-169 started task 'Review AM using Asset Change Tracker (5.5.13.1)' at 2025-01-10 12:16:44.140176, scheduled to end at 2025-01-10 12:25:43.528856
2025-03-06 16:39:17,453 - root - INFO - Token Token-168 started task 'Complete /Accurate?' at 2025-01-10 12:16:44.140176, scheduled to end at 2025-01-10 12:16:44.140176
2025-03-06 16:39:17,453 - root - INFO - Token Token-168 completed task 'Complete /Accurate?' at 2025-01-10 12:16:44.140176.
2025-03-06 16:39:17,454 - root - INFO - Token Token-168 waiting for resource 'Tech' at 2025-01-10 12:16:44.140176
2025-03-06 16:39:17,454 - root - INFO - Token Token-169 completed task 'Review AM using Asset Change Tracker (5.5.13.1)' at 2025-01-10 12:25:43.528856.
2025-03-06 16:39:17,455 - root - INFO - Token Token-170 released from wait queue for 'Tech'
2025-03-06 16:39:17,456 - root - INFO - Token Token-170 waited 5747.73 minutes for resource
2025-03-06 16:39:17,456 - root - INFO - Token Token-170 started task 'Review AM using Asset Change Tracker (5.5.13.1)' at 2025-01-10 12:25:43.528856, scheduled to end at 2025-01-10 12:33:12.647888
2025-03-06 16:39:17,456 - root - INFO - Token Token-169 started task 'Complete /Accurate?' at 2025-01-10 12:25:43.528856, scheduled to end at 2025-01-10 12:25:43.528856
2025-03-06 16:39:17,457 - root - INFO - Token Token-169 completed task 'Complete /Accurate?' at 2025-01-10 12:25:43.528856.
2025-03-06 16:39:17,457 - root - INFO - Token Token-169 waiting for resource 'Tech' at 2025-01-10 12:25:43.528856
2025-03-06 16:39:17,458 - root - INFO - Token Token-170 completed task 'Review AM using Asset Change Tracker (5.5.13.1)' at 2025-01-10 12:33:12.647888.
2025-03-06 16:39:17,458 - root - INFO - Token Token-171 released from wait queue for 'Tech'
2025-03-06 16:39:17,458 - root - INFO - Token Token-171 waited 5753.21 minutes for resource
2025-03-06 16:39:17,459 - root - INFO - Token Token-171 started task 'Review AM using Asset Change Tracker (5.5.13.1)' at 2025-01-10 12:33:12.647888, scheduled to end at 2025-01-10 12:39:29.528170
2025-03-06 16:39:17,459 - root - INFO - Token Token-170 started task 'Complete /Accurate?' at 2025-01-10 12:33:12.647888, scheduled to end at 2025-01-10 12:33:12.647888
2025-03-06 16:39:17,460 - root - INFO - Token Token-170 completed task 'Complete /Accurate?' at 2025-01-10 12:33:12.647888.
2025-03-06 16:39:17,460 - root - INFO - Token Token-170 waiting for resource 'Tech' at 2025-01-10 12:33:12.647888
2025-03-06 16:39:17,461 - root - INFO - Token Token-171 completed task 'Review AM using Asset Change Tracker (5.5.13.1)' at 2025-01-10 12:39:29.528170.
2025-03-06 16:39:17,461 - root - INFO - Token Token-172 released from wait queue for 'Tech'
2025-03-06 16:39:17,461 - root - INFO - Token Token-172 waited 5757.49 minutes for resource
2025-03-06 16:39:17,462 - root - INFO - Token Token-172 started task 'Review AM using Asset Change Tracker (5.5.13.1)' at 2025-01-10 12:39:29.528170, scheduled to end at 2025-01-10 12:45:23.506864
2025-03-06 16:39:17,464 - root - INFO - Token Token-171 started task 'Complete /Accurate?' at 2025-01-10 12:39:29.528170, scheduled to end at 2025-01-10 12:39:29.528170
2025-03-06 16:39:17,465 - root - INFO - Token Token-171 completed task 'Complete /Accurate?' at 2025-01-10 12:39:29.528170.
2025-03-06 16:39:17,478 - root - INFO - Token Token-171 waiting for resource 'Tech' at 2025-01-10 12:39:29.528170
2025-03-06 16:39:17,478 - root - INFO - Token Token-172 completed task 'Review AM using Asset Change Tracker (5.5.13.1)' at 2025-01-10 12:45:23.506864.
2025-03-06 16:39:17,479 - root - INFO - Token Token-173 released from wait queue for 'Tech'
2025-03-06 16:39:17,479 - root - INFO - Token Token-173 waited 5761.39 minutes for resource
2025-03-06 16:39:17,479 - root - INFO - Token Token-173 started task 'Review AM using Asset Change Tracker (5.5.13.1)' at 2025-01-10 12:45:23.506864, scheduled to end at 2025-01-10 12:54:10.249386
2025-03-06 16:39:17,479 - root - INFO - Token Token-172 started task 'Complete /Accurate?' at 2025-01-10 12:45:23.506864, scheduled to end at 2025-01-10 12:45:23.506864
2025-03-06 16:39:17,479 - root - INFO - Token Token-172 completed task 'Complete /Accurate?' at 2025-01-10 12:45:23.506864.
2025-03-06 16:39:17,480 - root - INFO - Token Token-172 waiting for resource 'Tech' at 2025-01-10 12:45:23.506864
2025-03-06 16:39:17,480 - root - INFO - Token Token-173 completed task 'Review AM using Asset Change Tracker (5.5.13.1)' at 2025-01-10 12:54:10.249386.
2025-03-06 16:39:17,480 - root - INFO - Token Token-174 released from wait queue for 'Tech'
2025-03-06 16:39:17,480 - root - INFO - Token Token-174 waited 5768.17 minutes for resource
2025-03-06 16:39:17,481 - root - INFO - Token Token-174 started task 'Review AM using Asset Change Tracker (5.5.13.1)' at 2025-01-10 12:54:10.249386, scheduled to end at 2025-01-13 07:00:00
2025-03-06 16:39:17,481 - root - INFO - Token Token-173 started task 'Complete /Accurate?' at 2025-01-10 12:54:10.249386, scheduled to end at 2025-01-10 12:54:10.249386
2025-03-06 16:39:17,481 - root - INFO - Token Token-173 completed task 'Complete /Accurate?' at 2025-01-10 12:54:10.249386.
2025-03-06 16:39:17,481 - root - INFO - Token Token-173 waiting for resource 'Tech' at 2025-01-10 12:54:10.249386
2025-03-06 16:39:17,482 - root - INFO - Token Token-174 completed task 'Review AM using Asset Change Tracker (5.5.13.1)' at 2025-01-13 07:00:00.
2025-03-06 16:39:17,482 - root - INFO - Token Token-175 released from wait queue for 'Tech'
2025-03-06 16:39:17,482 - root - INFO - Token Token-175 waited 9732.00 minutes for resource
2025-03-06 16:39:17,482 - root - INFO - Token Token-175 started task 'Review AM using Asset Change Tracker (5.5.13.1)' at 2025-01-13 07:00:00, scheduled to end at 2025-01-13 07:09:18.077087
2025-03-06 16:39:17,482 - root - INFO - Token Token-174 started task 'Complete /Accurate?' at 2025-01-13 07:00:00, scheduled to end at 2025-01-13 07:00:00
2025-03-06 16:39:17,483 - root - INFO - Token Token-174 completed task 'Complete /Accurate?' at 2025-01-13 07:00:00.
2025-03-06 16:39:17,483 - root - INFO - Token Token-174 waiting for resource 'Tech' at 2025-01-13 07:00:00
2025-03-06 16:39:17,483 - root - INFO - Token Token-175 completed task 'Review AM using Asset Change Tracker (5.5.13.1)' at 2025-01-13 07:09:18.077087.
2025-03-06 16:39:17,484 - root - INFO - Token Token-176 released from wait queue for 'Tech'
2025-03-06 16:39:17,484 - root - INFO - Token Token-176 waited 9739.30 minutes for resource
2025-03-06 16:39:17,484 - root - INFO - Token Token-176 started task 'Review AM using Asset Change Tracker (5.5.13.1)' at 2025-01-13 07:09:18.077087, scheduled to end at 2025-01-13 07:18:23.152925
2025-03-06 16:39:17,484 - root - INFO - Token Token-175 started task 'Complete /Accurate?' at 2025-01-13 07:09:18.077087, scheduled to end at 2025-01-13 07:09:18.077087
2025-03-06 16:39:17,485 - root - INFO - Token Token-175 completed task 'Complete /Accurate?' at 2025-01-13 07:09:18.077087.
2025-03-06 16:39:17,485 - root - INFO - Token Token-175 waiting for resource 'Tech' at 2025-01-13 07:09:18.077087
2025-03-06 16:39:17,486 - root - INFO - Token Token-176 completed task 'Review AM using Asset Change Tracker (5.5.13.1)' at 2025-01-13 07:18:23.152925.
2025-03-06 16:39:17,486 - root - INFO - Token Token-177 released from wait queue for 'Tech'
2025-03-06 16:39:17,486 - root - INFO - Token Token-177 waited 9746.39 minutes for resource
2025-03-06 16:39:17,487 - root - INFO - Token Token-177 started task 'Review AM using Asset Change Tracker (5.5.13.1)' at 2025-01-13 07:18:23.152925, scheduled to end at 2025-01-13 07:27:42.014300
2025-03-06 16:39:17,488 - root - INFO - Token Token-176 started task 'Complete /Accurate?' at 2025-01-13 07:18:23.152925, scheduled to end at 2025-01-13 07:18:23.152925
2025-03-06 16:39:17,489 - root - INFO - Token Token-176 completed task 'Complete /Accurate?' at 2025-01-13 07:18:23.152925.
2025-03-06 16:39:17,489 - root - INFO - Token Token-176 waiting for resource 'Tech' at 2025-01-13 07:18:23.152925
2025-03-06 16:39:17,489 - root - INFO - Token Token-177 completed task 'Review AM using Asset Change Tracker (5.5.13.1)' at 2025-01-13 07:27:42.014300.
2025-03-06 16:39:17,490 - root - INFO - Token Token-178 released from wait queue for 'Tech'
2025-03-06 16:39:17,490 - root - INFO - Token Token-178 waited 9753.70 minutes for resource
2025-03-06 16:39:17,491 - root - INFO - Token Token-178 started task 'Review AM using Asset Change Tracker (5.5.13.1)' at 2025-01-13 07:27:42.014300, scheduled to end at 2025-01-13 07:37:10.167483
2025-03-06 16:39:17,491 - root - INFO - Token Token-177 started task 'Complete /Accurate?' at 2025-01-13 07:27:42.014300, scheduled to end at 2025-01-13 07:27:42.014300
2025-03-06 16:39:17,491 - root - INFO - Token Token-177 completed task 'Complete /Accurate?' at 2025-01-13 07:27:42.014300.
2025-03-06 16:39:17,492 - root - INFO - Token Token-177 waiting for resource 'Tech' at 2025-01-13 07:27:42.014300
2025-03-06 16:39:17,492 - root - INFO - Token Token-178 completed task 'Review AM using Asset Change Tracker (5.5.13.1)' at 2025-01-13 07:37:10.167483.
2025-03-06 16:39:17,493 - root - INFO - Token Token-179 released from wait queue for 'Tech'
2025-03-06 16:39:17,493 - root - INFO - Token Token-179 waited 9761.17 minutes for resource
2025-03-06 16:39:17,493 - root - INFO - Token Token-179 started task 'Review AM using Asset Change Tracker (5.5.13.1)' at 2025-01-13 07:37:10.167483, scheduled to end at 2025-01-13 07:46:36.306847
2025-03-06 16:39:17,494 - root - INFO - Token Token-178 started task 'Complete /Accurate?' at 2025-01-13 07:37:10.167483, scheduled to end at 2025-01-13 07:37:10.167483
2025-03-06 16:39:17,494 - root - INFO - Token Token-178 completed task 'Complete /Accurate?' at 2025-01-13 07:37:10.167483.
2025-03-06 16:39:17,495 - root - INFO - Token Token-178 waiting for resource 'Tech' at 2025-01-13 07:37:10.167483
2025-03-06 16:39:17,495 - root - INFO - Token Token-179 completed task 'Review AM using Asset Change Tracker (5.5.13.1)' at 2025-01-13 07:46:36.306847.
2025-03-06 16:39:17,496 - root - INFO - Token Token-180 released from wait queue for 'Tech'
2025-03-06 16:39:17,496 - root - INFO - Token Token-180 waited 9768.61 minutes for resource
2025-03-06 16:39:17,496 - root - INFO - Token Token-180 started task 'Review AM using Asset Change Tracker (5.5.13.1)' at 2025-01-13 07:46:36.306847, scheduled to end at 2025-01-13 07:54:23.324765
2025-03-06 16:39:17,497 - root - INFO - Token Token-179 started task 'Complete /Accurate?' at 2025-01-13 07:46:36.306847, scheduled to end at 2025-01-13 07:46:36.306847
2025-03-06 16:39:17,497 - root - INFO - Token Token-179 completed task 'Complete /Accurate?' at 2025-01-13 07:46:36.306847.
2025-03-06 16:39:17,498 - root - INFO - Token Token-179 waiting for resource 'Tech' at 2025-01-13 07:46:36.306847
2025-03-06 16:39:17,498 - root - INFO - Token Token-180 completed task 'Review AM using Asset Change Tracker (5.5.13.1)' at 2025-01-13 07:54:23.324765.
2025-03-06 16:39:17,498 - root - INFO - Token Token-181 released from wait queue for 'Tech'
2025-03-06 16:39:17,499 - root - INFO - Token Token-181 waited 8694.39 minutes for resource
2025-03-06 16:39:17,499 - root - INFO - Token Token-181 started task 'Review AM using Asset Change Tracker (5.5.13.1)' at 2025-01-13 07:54:23.324765, scheduled to end at 2025-01-13 08:02:57.840169
2025-03-06 16:39:17,500 - root - INFO - Token Token-180 started task 'Complete /Accurate?' at 2025-01-13 07:54:23.324765, scheduled to end at 2025-01-13 07:54:23.324765
2025-03-06 16:39:17,500 - root - INFO - Token Token-180 completed task 'Complete /Accurate?' at 2025-01-13 07:54:23.324765.
2025-03-06 16:39:17,501 - root - INFO - Token Token-180 waiting for resource 'Tech' at 2025-01-13 07:54:23.324765
2025-03-06 16:39:17,501 - root - INFO - Token Token-181 completed task 'Review AM using Asset Change Tracker (5.5.13.1)' at 2025-01-13 08:02:57.840169.
2025-03-06 16:39:17,501 - root - INFO - Token Token-182 released from wait queue for 'Tech'
2025-03-06 16:39:17,502 - root - INFO - Token Token-182 waited 8700.96 minutes for resource
2025-03-06 16:39:17,502 - root - INFO - Token Token-182 started task 'Review AM using Asset Change Tracker (5.5.13.1)' at 2025-01-13 08:02:57.840169, scheduled to end at 2025-01-13 08:12:28.528503
2025-03-06 16:39:17,503 - root - INFO - Token Token-181 started task 'Complete /Accurate?' at 2025-01-13 08:02:57.840169, scheduled to end at 2025-01-13 08:02:57.840169
2025-03-06 16:39:17,503 - root - INFO - Token Token-181 completed task 'Complete /Accurate?' at 2025-01-13 08:02:57.840169.
2025-03-06 16:39:17,504 - root - INFO - Token Token-181 waiting for resource 'Tech' at 2025-01-13 08:02:57.840169
2025-03-06 16:39:17,504 - root - INFO - Token Token-182 completed task 'Review AM using Asset Change Tracker (5.5.13.1)' at 2025-01-13 08:12:28.528503.
2025-03-06 16:39:17,521 - root - INFO - Token Token-183 released from wait queue for 'Tech'
2025-03-06 16:39:17,521 - root - INFO - Token Token-183 waited 8708.48 minutes for resource
2025-03-06 16:39:17,521 - root - INFO - Token Token-183 started task 'Review AM using Asset Change Tracker (5.5.13.1)' at 2025-01-13 08:12:28.528503, scheduled to end at 2025-01-13 08:21:52.192138
2025-03-06 16:39:17,522 - root - INFO - Token Token-182 started task 'Complete /Accurate?' at 2025-01-13 08:12:28.528503, scheduled to end at 2025-01-13 08:12:28.528503
2025-03-06 16:39:17,522 - root - INFO - Token Token-182 completed task 'Complete /Accurate?' at 2025-01-13 08:12:28.528503.
2025-03-06 16:39:17,522 - root - INFO - Token Token-182 waiting for resource 'Tech' at 2025-01-13 08:12:28.528503
2025-03-06 16:39:17,523 - root - INFO - Token Token-183 completed task 'Review AM using Asset Change Tracker (5.5.13.1)' at 2025-01-13 08:21:52.192138.
2025-03-06 16:39:17,523 - root - INFO - Token Token-184 released from wait queue for 'Tech'
2025-03-06 16:39:17,523 - root - INFO - Token Token-184 waited 8715.87 minutes for resource
2025-03-06 16:39:17,523 - root - INFO - Token Token-184 started task 'Review AM using Asset Change Tracker (5.5.13.1)' at 2025-01-13 08:21:52.192138, scheduled to end at 2025-01-13 08:30:14.573260
2025-03-06 16:39:17,524 - root - INFO - Token Token-183 started task 'Complete /Accurate?' at 2025-01-13 08:21:52.192138, scheduled to end at 2025-01-13 08:21:52.192138
2025-03-06 16:39:17,524 - root - INFO - Token Token-183 completed task 'Complete /Accurate?' at 2025-01-13 08:21:52.192138.
2025-03-06 16:39:17,524 - root - INFO - Token Token-183 waiting for resource 'Tech' at 2025-01-13 08:21:52.192138
2025-03-06 16:39:17,524 - root - INFO - Token Token-184 completed task 'Review AM using Asset Change Tracker (5.5.13.1)' at 2025-01-13 08:30:14.573260.
2025-03-06 16:39:17,525 - root - INFO - Token Token-14 released from wait queue for 'Tech'
2025-03-06 16:39:17,525 - root - INFO - Token Token-14 waited 8722.33 minutes for resource
2025-03-06 16:39:17,525 - root - INFO - Token Token-14 started task 'Note Accuracy in Asset Change Tracker (5.5.13.2)' at 2025-01-13 08:30:14.573260, scheduled to end at 2025-01-13 08:36:02.002694
2025-03-06 16:39:17,525 - root - INFO - Token Token-184 started task 'Complete /Accurate?' at 2025-01-13 08:30:14.573260, scheduled to end at 2025-01-13 08:30:14.573260
2025-03-06 16:39:17,525 - root - INFO - Token Token-184 completed task 'Complete /Accurate?' at 2025-01-13 08:30:14.573260.
2025-03-06 16:39:17,526 - root - INFO - Token Token-184 waiting for resource 'Tech' at 2025-01-13 08:30:14.573260
2025-03-06 16:39:17,526 - root - INFO - Token Token-14 completed task 'Note Accuracy in Asset Change Tracker (5.5.13.2)' at 2025-01-13 08:36:02.002694.
2025-03-06 16:39:17,527 - root - INFO - Token Token-185 released from wait queue for 'Tech'
2025-03-06 16:39:17,527 - root - INFO - Token Token-185 waited 8728.03 minutes for resource
2025-03-06 16:39:17,527 - root - INFO - Token Token-185 started task 'Review AM using Asset Change Tracker (5.5.13.1)' at 2025-01-13 08:36:02.002694, scheduled to end at 2025-01-13 08:44:24.184195
2025-03-06 16:39:17,528 - root - INFO - Token Token-14 started task 'Unknown' at 2025-01-13 08:36:02.002694, scheduled to end at 2025-01-13 08:36:02.002694
2025-03-06 16:39:17,528 - root - INFO - Token Token-14 completed task 'Unknown' at 2025-01-13 08:36:02.002694.
2025-03-06 16:39:17,529 - root - INFO - Token Token-14 has completed the entire process at 2025-01-13 08:36:02.002694.
2025-03-06 16:39:17,529 - root - INFO - Token Token-185 completed task 'Review AM using Asset Change Tracker (5.5.13.1)' at 2025-01-13 08:44:24.184195.
2025-03-06 16:39:17,529 - root - INFO - Token Token-186 released from wait queue for 'Tech'
2025-03-06 16:39:17,530 - root - INFO - Token Token-186 waited 8734.40 minutes for resource
2025-03-06 16:39:17,530 - root - INFO - Token Token-186 started task 'Review AM using Asset Change Tracker (5.5.13.1)' at 2025-01-13 08:44:24.184195, scheduled to end at 2025-01-13 08:52:08.070868
2025-03-06 16:39:17,530 - root - INFO - Token Token-185 started task 'Complete /Accurate?' at 2025-01-13 08:44:24.184195, scheduled to end at 2025-01-13 08:44:24.184195
2025-03-06 16:39:17,531 - root - INFO - Token Token-185 completed task 'Complete /Accurate?' at 2025-01-13 08:44:24.184195.
2025-03-06 16:39:17,531 - root - INFO - Token Token-185 waiting for resource 'Tech' at 2025-01-13 08:44:24.184195
2025-03-06 16:39:17,531 - root - INFO - Token Token-186 completed task 'Review AM using Asset Change Tracker (5.5.13.1)' at 2025-01-13 08:52:08.070868.
2025-03-06 16:39:17,531 - root - INFO - Token Token-187 released from wait queue for 'Tech'
2025-03-06 16:39:17,532 - root - INFO - Token Token-187 waited 8740.13 minutes for resource
2025-03-06 16:39:17,532 - root - INFO - Token Token-187 started task 'Review AM using Asset Change Tracker (5.5.13.1)' at 2025-01-13 08:52:08.070868, scheduled to end at 2025-01-13 09:00:31.250207
2025-03-06 16:39:17,532 - root - INFO - Token Token-186 started task 'Complete /Accurate?' at 2025-01-13 08:52:08.070868, scheduled to end at 2025-01-13 08:52:08.070868
2025-03-06 16:39:17,532 - root - INFO - Token Token-186 completed task 'Complete /Accurate?' at 2025-01-13 08:52:08.070868.
2025-03-06 16:39:17,533 - root - INFO - Token Token-186 waiting for resource 'Tech' at 2025-01-13 08:52:08.070868
2025-03-06 16:39:17,533 - root - INFO - Token Token-187 completed task 'Review AM using Asset Change Tracker (5.5.13.1)' at 2025-01-13 09:00:31.250207.
2025-03-06 16:39:17,533 - root - INFO - Token Token-188 released from wait queue for 'Tech'
2025-03-06 16:39:17,533 - root - INFO - Token Token-188 waited 8746.52 minutes for resource
2025-03-06 16:39:17,533 - root - INFO - Token Token-188 started task 'Review AM using Asset Change Tracker (5.5.13.1)' at 2025-01-13 09:00:31.250207, scheduled to end at 2025-01-13 09:09:01.246307
2025-03-06 16:39:17,534 - root - INFO - Token Token-187 started task 'Complete /Accurate?' at 2025-01-13 09:00:31.250207, scheduled to end at 2025-01-13 09:00:31.250207
2025-03-06 16:39:17,534 - root - INFO - Token Token-187 completed task 'Complete /Accurate?' at 2025-01-13 09:00:31.250207.
2025-03-06 16:39:17,534 - root - INFO - Token Token-187 waiting for resource 'Tech' at 2025-01-13 09:00:31.250207
2025-03-06 16:39:17,534 - root - INFO - Token Token-188 completed task 'Review AM using Asset Change Tracker (5.5.13.1)' at 2025-01-13 09:09:01.246307.
2025-03-06 16:39:17,535 - root - INFO - Token Token-189 released from wait queue for 'Tech'
2025-03-06 16:39:17,535 - root - INFO - Token Token-189 waited 8753.02 minutes for resource
2025-03-06 16:39:17,535 - root - INFO - Token Token-189 started task 'Review AM using Asset Change Tracker (5.5.13.1)' at 2025-01-13 09:09:01.246307, scheduled to end at 2025-01-13 09:16:34.470340
2025-03-06 16:39:17,536 - root - INFO - Token Token-188 started task 'Complete /Accurate?' at 2025-01-13 09:09:01.246307, scheduled to end at 2025-01-13 09:09:01.246307
2025-03-06 16:39:17,536 - root - INFO - Token Token-188 completed task 'Complete /Accurate?' at 2025-01-13 09:09:01.246307.
2025-03-06 16:39:17,536 - root - INFO - Token Token-188 waiting for resource 'Tech' at 2025-01-13 09:09:01.246307
2025-03-06 16:39:17,536 - root - INFO - Token Token-189 completed task 'Review AM using Asset Change Tracker (5.5.13.1)' at 2025-01-13 09:16:34.470340.
2025-03-06 16:39:17,537 - root - INFO - Token Token-15 released from wait queue for 'Tech'
2025-03-06 16:39:17,537 - root - INFO - Token Token-15 waited 8760.42 minutes for resource
2025-03-06 16:39:17,537 - root - INFO - Token Token-15 started task 'Note Accuracy in Asset Change Tracker (5.5.13.2)' at 2025-01-13 09:16:34.470340, scheduled to end at 2025-01-13 09:21:46.267191
2025-03-06 16:39:17,537 - root - INFO - Token Token-189 started task 'Complete /Accurate?' at 2025-01-13 09:16:34.470340, scheduled to end at 2025-01-13 09:16:34.470340
2025-03-06 16:39:17,537 - root - INFO - Token Token-189 completed task 'Complete /Accurate?' at 2025-01-13 09:16:34.470340.
2025-03-06 16:39:17,537 - root - INFO - Token Token-189 waiting for resource 'Tech' at 2025-01-13 09:16:34.470340
2025-03-06 16:39:17,537 - root - INFO - Token Token-15 completed task 'Note Accuracy in Asset Change Tracker (5.5.13.2)' at 2025-01-13 09:21:46.267191.
2025-03-06 16:39:17,538 - root - INFO - Token Token-190 released from wait queue for 'Tech'
2025-03-06 16:39:17,538 - root - INFO - Token Token-190 waited 8763.77 minutes for resource
2025-03-06 16:39:17,538 - root - INFO - Token Token-190 started task 'Review AM using Asset Change Tracker (5.5.13.1)' at 2025-01-13 09:21:46.267191, scheduled to end at 2025-01-13 09:30:43.156619
2025-03-06 16:39:17,538 - root - INFO - Token Token-15 started task 'Unknown' at 2025-01-13 09:21:46.267191, scheduled to end at 2025-01-13 09:21:46.267191
2025-03-06 16:39:17,538 - root - INFO - Token Token-15 completed task 'Unknown' at 2025-01-13 09:21:46.267191.
2025-03-06 16:39:17,539 - root - INFO - Token Token-15 has completed the entire process at 2025-01-13 09:21:46.267191.
2025-03-06 16:39:17,539 - root - INFO - Token Token-190 completed task 'Review AM using Asset Change Tracker (5.5.13.1)' at 2025-01-13 09:30:43.156619.
2025-03-06 16:39:17,539 - root - INFO - Token Token-191 released from wait queue for 'Tech'
2025-03-06 16:39:17,539 - root - INFO - Token Token-191 waited 8770.72 minutes for resource
2025-03-06 16:39:17,539 - root - INFO - Token Token-191 started task 'Review AM using Asset Change Tracker (5.5.13.1)' at 2025-01-13 09:30:43.156619, scheduled to end at 2025-01-13 09:37:52.571548
2025-03-06 16:39:17,540 - root - INFO - Token Token-190 started task 'Complete /Accurate?' at 2025-01-13 09:30:43.156619, scheduled to end at 2025-01-13 09:30:43.156619
2025-03-06 16:39:17,540 - root - INFO - Token Token-190 completed task 'Complete /Accurate?' at 2025-01-13 09:30:43.156619.
2025-03-06 16:39:17,540 - root - INFO - Token Token-190 waiting for resource 'Tech' at 2025-01-13 09:30:43.156619
2025-03-06 16:39:17,540 - root - INFO - Token Token-191 completed task 'Review AM using Asset Change Tracker (5.5.13.1)' at 2025-01-13 09:37:52.571548.
2025-03-06 16:39:17,541 - root - INFO - Token Token-192 released from wait queue for 'Tech'
2025-03-06 16:39:17,541 - root - INFO - Token Token-192 waited 8775.88 minutes for resource
2025-03-06 16:39:17,541 - root - INFO - Token Token-192 started task 'Review AM using Asset Change Tracker (5.5.13.1)' at 2025-01-13 09:37:52.571548, scheduled to end at 2025-01-13 09:45:24.527081
2025-03-06 16:39:17,541 - root - INFO - Token Token-191 started task 'Complete /Accurate?' at 2025-01-13 09:37:52.571548, scheduled to end at 2025-01-13 09:37:52.571548
2025-03-06 16:39:17,542 - root - INFO - Token Token-191 completed task 'Complete /Accurate?' at 2025-01-13 09:37:52.571548.
2025-03-06 16:39:17,542 - root - INFO - Token Token-191 waiting for resource 'Tech' at 2025-01-13 09:37:52.571548
2025-03-06 16:39:17,544 - root - INFO - Token Token-192 completed task 'Review AM using Asset Change Tracker (5.5.13.1)' at 2025-01-13 09:45:24.527081.
2025-03-06 16:39:17,544 - root - INFO - Token Token-193 released from wait queue for 'Tech'
2025-03-06 16:39:17,545 - root - INFO - Token Token-193 waited 8781.41 minutes for resource
2025-03-06 16:39:17,545 - root - INFO - Token Token-193 started task 'Review AM using Asset Change Tracker (5.5.13.1)' at 2025-01-13 09:45:24.527081, scheduled to end at 2025-01-13 09:50:47.956503
2025-03-06 16:39:17,545 - root - INFO - Token Token-192 started task 'Complete /Accurate?' at 2025-01-13 09:45:24.527081, scheduled to end at 2025-01-13 09:45:24.527081
2025-03-06 16:39:17,546 - root - INFO - Token Token-192 completed task 'Complete /Accurate?' at 2025-01-13 09:45:24.527081.
2025-03-06 16:39:17,546 - root - INFO - Token Token-192 waiting for resource 'Tech' at 2025-01-13 09:45:24.527081
2025-03-06 16:39:17,548 - root - INFO - Token Token-193 completed task 'Review AM using Asset Change Tracker (5.5.13.1)' at 2025-01-13 09:50:47.956503.
2025-03-06 16:39:17,548 - root - INFO - Token Token-16 released from wait queue for 'Tech'
2025-03-06 16:39:17,549 - root - INFO - Token Token-16 waited 8785.80 minutes for resource
2025-03-06 16:39:17,550 - root - INFO - Token Token-16 started task 'Note Accuracy in Asset Change Tracker (5.5.13.2)' at 2025-01-13 09:50:47.956503, scheduled to end at 2025-01-13 09:55:03.509829
2025-03-06 16:39:17,570 - root - INFO - Token Token-193 started task 'Complete /Accurate?' at 2025-01-13 09:50:47.956503, scheduled to end at 2025-01-13 09:50:47.956503
2025-03-06 16:39:17,570 - root - INFO - Token Token-193 completed task 'Complete /Accurate?' at 2025-01-13 09:50:47.956503.
2025-03-06 16:39:17,571 - root - INFO - Token Token-193 waiting for resource 'Tech' at 2025-01-13 09:50:47.956503
2025-03-06 16:39:17,571 - root - INFO - Token Token-16 completed task 'Note Accuracy in Asset Change Tracker (5.5.13.2)' at 2025-01-13 09:55:03.509829.
2025-03-06 16:39:17,571 - root - INFO - Token Token-194 released from wait queue for 'Tech'
2025-03-06 16:39:17,571 - root - INFO - Token Token-194 waited 8789.06 minutes for resource
2025-03-06 16:39:17,571 - root - INFO - Token Token-194 started task 'Review AM using Asset Change Tracker (5.5.13.1)' at 2025-01-13 09:55:03.509829, scheduled to end at 2025-01-13 10:02:49.071382
2025-03-06 16:39:17,571 - root - INFO - Token Token-16 started task 'Unknown' at 2025-01-13 09:55:03.509829, scheduled to end at 2025-01-13 09:55:03.509829
2025-03-06 16:39:17,571 - root - INFO - Token Token-16 completed task 'Unknown' at 2025-01-13 09:55:03.509829.
2025-03-06 16:39:17,571 - root - INFO - Token Token-16 has completed the entire process at 2025-01-13 09:55:03.509829.
2025-03-06 16:39:17,571 - root - INFO - Token Token-194 completed task 'Review AM using Asset Change Tracker (5.5.13.1)' at 2025-01-13 10:02:49.071382.
2025-03-06 16:39:17,571 - root - INFO - Token Token-195 released from wait queue for 'Tech'
2025-03-06 16:39:17,574 - root - INFO - Token Token-195 waited 8794.82 minutes for resource
2025-03-06 16:39:17,574 - root - INFO - Token Token-195 started task 'Review AM using Asset Change Tracker (5.5.13.1)' at 2025-01-13 10:02:49.071382, scheduled to end at 2025-01-13 10:09:29.165622
2025-03-06 16:39:17,574 - root - INFO - Token Token-194 started task 'Complete /Accurate?' at 2025-01-13 10:02:49.071382, scheduled to end at 2025-01-13 10:02:49.071382
2025-03-06 16:39:17,574 - root - INFO - Token Token-194 completed task 'Complete /Accurate?' at 2025-01-13 10:02:49.071382.
2025-03-06 16:39:17,575 - root - INFO - Token Token-194 waiting for resource 'Tech' at 2025-01-13 10:02:49.071382
2025-03-06 16:39:17,575 - root - INFO - Token Token-195 completed task 'Review AM using Asset Change Tracker (5.5.13.1)' at 2025-01-13 10:09:29.165622.
2025-03-06 16:39:17,575 - root - INFO - Token Token-196 released from wait queue for 'Tech'
2025-03-06 16:39:17,575 - root - INFO - Token Token-196 waited 8799.49 minutes for resource
2025-03-06 16:39:17,576 - root - INFO - Token Token-196 started task 'Review AM using Asset Change Tracker (5.5.13.1)' at 2025-01-13 10:09:29.165622, scheduled to end at 2025-01-13 10:18:44.652066
2025-03-06 16:39:17,577 - root - INFO - Token Token-195 started task 'Complete /Accurate?' at 2025-01-13 10:09:29.165622, scheduled to end at 2025-01-13 10:09:29.165622
2025-03-06 16:39:17,577 - root - INFO - Token Token-195 completed task 'Complete /Accurate?' at 2025-01-13 10:09:29.165622.
2025-03-06 16:39:17,577 - root - INFO - Token Token-195 waiting for resource 'Tech' at 2025-01-13 10:09:29.165622
2025-03-06 16:39:17,578 - root - INFO - Token Token-196 completed task 'Review AM using Asset Change Tracker (5.5.13.1)' at 2025-01-13 10:18:44.652066.
2025-03-06 16:39:17,578 - root - INFO - Token Token-17 released from wait queue for 'Tech'
2025-03-06 16:39:17,578 - root - INFO - Token Token-17 waited 8806.78 minutes for resource
2025-03-06 16:39:17,578 - root - INFO - Token Token-17 started task 'Note Accuracy in Asset Change Tracker (5.5.13.2)' at 2025-01-13 10:18:44.652066, scheduled to end at 2025-01-13 10:23:58.180853
2025-03-06 16:39:17,579 - root - INFO - Token Token-196 started task 'Complete /Accurate?' at 2025-01-13 10:18:44.652066, scheduled to end at 2025-01-13 10:18:44.652066
2025-03-06 16:39:17,579 - root - INFO - Token Token-196 completed task 'Complete /Accurate?' at 2025-01-13 10:18:44.652066.
2025-03-06 16:39:17,579 - root - INFO - Token Token-196 waiting for resource 'Tech' at 2025-01-13 10:18:44.652066
2025-03-06 16:39:17,579 - root - INFO - Token Token-17 completed task 'Note Accuracy in Asset Change Tracker (5.5.13.2)' at 2025-01-13 10:23:58.180853.
2025-03-06 16:39:17,580 - root - INFO - Token Token-197 released from wait queue for 'Tech'
2025-03-06 16:39:17,580 - root - INFO - Token Token-197 waited 8811.97 minutes for resource
2025-03-06 16:39:17,580 - root - INFO - Token Token-197 started task 'Review AM using Asset Change Tracker (5.5.13.1)' at 2025-01-13 10:23:58.180853, scheduled to end at 2025-01-13 10:31:28.509846
2025-03-06 16:39:17,580 - root - INFO - Token Token-17 started task 'Unknown' at 2025-01-13 10:23:58.180853, scheduled to end at 2025-01-13 10:23:58.180853
2025-03-06 16:39:17,581 - root - INFO - Token Token-17 completed task 'Unknown' at 2025-01-13 10:23:58.180853.
2025-03-06 16:39:17,581 - root - INFO - Token Token-17 has completed the entire process at 2025-01-13 10:23:58.180853.
2025-03-06 16:39:17,581 - root - INFO - Token Token-197 completed task 'Review AM using Asset Change Tracker (5.5.13.1)' at 2025-01-13 10:31:28.509846.
2025-03-06 16:39:17,581 - root - INFO - Token Token-198 released from wait queue for 'Tech'
2025-03-06 16:39:17,582 - root - INFO - Token Token-198 waited 8817.48 minutes for resource
2025-03-06 16:39:17,582 - root - INFO - Token Token-198 started task 'Review AM using Asset Change Tracker (5.5.13.1)' at 2025-01-13 10:31:28.509846, scheduled to end at 2025-01-13 10:40:53.451186
2025-03-06 16:39:17,582 - root - INFO - Token Token-197 started task 'Complete /Accurate?' at 2025-01-13 10:31:28.509846, scheduled to end at 2025-01-13 10:31:28.509846
2025-03-06 16:39:17,582 - root - INFO - Token Token-197 completed task 'Complete /Accurate?' at 2025-01-13 10:31:28.509846.
2025-03-06 16:39:17,582 - root - INFO - Token Token-197 waiting for resource 'Tech' at 2025-01-13 10:31:28.509846
2025-03-06 16:39:17,583 - root - INFO - Token Token-198 completed task 'Review AM using Asset Change Tracker (5.5.13.1)' at 2025-01-13 10:40:53.451186.
2025-03-06 16:39:17,583 - root - INFO - Token Token-199 released from wait queue for 'Tech'
2025-03-06 16:39:17,583 - root - INFO - Token Token-199 waited 8824.89 minutes for resource
2025-03-06 16:39:17,583 - root - INFO - Token Token-199 started task 'Review AM using Asset Change Tracker (5.5.13.1)' at 2025-01-13 10:40:53.451186, scheduled to end at 2025-01-13 10:50:18.372115
2025-03-06 16:39:17,584 - root - INFO - Token Token-198 started task 'Complete /Accurate?' at 2025-01-13 10:40:53.451186, scheduled to end at 2025-01-13 10:40:53.451186
2025-03-06 16:39:17,584 - root - INFO - Token Token-198 completed task 'Complete /Accurate?' at 2025-01-13 10:40:53.451186.
2025-03-06 16:39:17,584 - root - INFO - Token Token-198 waiting for resource 'Tech' at 2025-01-13 10:40:53.451186
2025-03-06 16:39:17,585 - root - INFO - Token Token-199 completed task 'Review AM using Asset Change Tracker (5.5.13.1)' at 2025-01-13 10:50:18.372115.
2025-03-06 16:39:17,585 - root - INFO - Token Token-200 released from wait queue for 'Tech'
2025-03-06 16:39:17,585 - root - INFO - Token Token-200 waited 8832.31 minutes for resource
2025-03-06 16:39:17,585 - root - INFO - Token Token-200 started task 'Review AM using Asset Change Tracker (5.5.13.1)' at 2025-01-13 10:50:18.372115, scheduled to end at 2025-01-13 10:58:57.602745
2025-03-06 16:39:17,586 - root - INFO - Token Token-199 started task 'Complete /Accurate?' at 2025-01-13 10:50:18.372115, scheduled to end at 2025-01-13 10:50:18.372115
2025-03-06 16:39:17,587 - root - INFO - Token Token-199 completed task 'Complete /Accurate?' at 2025-01-13 10:50:18.372115.
2025-03-06 16:39:17,588 - root - INFO - Token Token-199 waiting for resource 'Tech' at 2025-01-13 10:50:18.372115
2025-03-06 16:39:17,588 - root - INFO - Token Token-200 completed task 'Review AM using Asset Change Tracker (5.5.13.1)' at 2025-01-13 10:58:57.602745.
2025-03-06 16:39:17,589 - root - INFO - Token Token-201 released from wait queue for 'Tech'
2025-03-06 16:39:17,589 - root - INFO - Token Token-201 waited 8838.96 minutes for resource
2025-03-06 16:39:17,589 - root - INFO - Token Token-201 started task 'Review AM using Asset Change Tracker (5.5.13.1)' at 2025-01-13 10:58:57.602745, scheduled to end at 2025-01-13 11:07:34.932007
2025-03-06 16:39:17,590 - root - INFO - Token Token-200 started task 'Complete /Accurate?' at 2025-01-13 10:58:57.602745, scheduled to end at 2025-01-13 10:58:57.602745
2025-03-06 16:39:17,590 - root - INFO - Token Token-200 completed task 'Complete /Accurate?' at 2025-01-13 10:58:57.602745.
2025-03-06 16:39:17,591 - root - INFO - Token Token-200 waiting for resource 'Tech' at 2025-01-13 10:58:57.602745
2025-03-06 16:39:17,591 - root - INFO - Token Token-201 completed task 'Review AM using Asset Change Tracker (5.5.13.1)' at 2025-01-13 11:07:34.932007.
2025-03-06 16:39:17,592 - root - INFO - Token Token-202 released from wait queue for 'Tech'
2025-03-06 16:39:17,592 - root - INFO - Token Token-202 waited 8845.58 minutes for resource
2025-03-06 16:39:17,592 - root - INFO - Token Token-202 started task 'Review AM using Asset Change Tracker (5.5.13.1)' at 2025-01-13 11:07:34.932007, scheduled to end at 2025-01-13 11:15:09.890520
2025-03-06 16:39:17,593 - root - INFO - Token Token-201 started task 'Complete /Accurate?' at 2025-01-13 11:07:34.932007, scheduled to end at 2025-01-13 11:07:34.932007
2025-03-06 16:39:17,593 - root - INFO - Token Token-201 completed task 'Complete /Accurate?' at 2025-01-13 11:07:34.932007.
2025-03-06 16:39:17,594 - root - INFO - Token Token-201 waiting for resource 'Tech' at 2025-01-13 11:07:34.932007
2025-03-06 16:39:17,594 - root - INFO - Token Token-202 completed task 'Review AM using Asset Change Tracker (5.5.13.1)' at 2025-01-13 11:15:09.890520.
2025-03-06 16:39:17,595 - root - INFO - Token Token-203 released from wait queue for 'Tech'
2025-03-06 16:39:17,595 - root - INFO - Token Token-203 waited 8851.16 minutes for resource
2025-03-06 16:39:17,596 - root - INFO - Token Token-203 started task 'Review AM using Asset Change Tracker (5.5.13.1)' at 2025-01-13 11:15:09.890520, scheduled to end at 2025-01-13 11:24:24.501660
2025-03-06 16:39:17,616 - root - INFO - Token Token-202 started task 'Complete /Accurate?' at 2025-01-13 11:15:09.890520, scheduled to end at 2025-01-13 11:15:09.890520
2025-03-06 16:39:17,616 - root - INFO - Token Token-202 completed task 'Complete /Accurate?' at 2025-01-13 11:15:09.890520.
2025-03-06 16:39:17,616 - root - INFO - Token Token-202 waiting for resource 'Tech' at 2025-01-13 11:15:09.890520
2025-03-06 16:39:17,616 - root - INFO - Token Token-203 completed task 'Review AM using Asset Change Tracker (5.5.13.1)' at 2025-01-13 11:24:24.501660.
2025-03-06 16:39:17,616 - root - INFO - Token Token-204 released from wait queue for 'Tech'
2025-03-06 16:39:17,616 - root - INFO - Token Token-204 waited 8858.41 minutes for resource
2025-03-06 16:39:17,616 - root - INFO - Token Token-204 started task 'Review AM using Asset Change Tracker (5.5.13.1)' at 2025-01-13 11:24:24.501660, scheduled to end at 2025-01-13 11:33:55.063923
2025-03-06 16:39:17,616 - root - INFO - Token Token-203 started task 'Complete /Accurate?' at 2025-01-13 11:24:24.501660, scheduled to end at 2025-01-13 11:24:24.501660
2025-03-06 16:39:17,618 - root - INFO - Token Token-203 completed task 'Complete /Accurate?' at 2025-01-13 11:24:24.501660.
2025-03-06 16:39:17,619 - root - INFO - Token Token-203 waiting for resource 'Tech' at 2025-01-13 11:24:24.501660
2025-03-06 16:39:17,619 - root - INFO - Token Token-204 completed task 'Review AM using Asset Change Tracker (5.5.13.1)' at 2025-01-13 11:33:55.063923.
2025-03-06 16:39:17,619 - root - INFO - Token Token-18 released from wait queue for 'Tech'
2025-03-06 16:39:17,619 - root - INFO - Token Token-18 waited 8866.86 minutes for resource
2025-03-06 16:39:17,619 - root - INFO - Token Token-18 started task 'Work with REO RPO to Correct (5.5.13.3)' at 2025-01-13 11:33:55.063923, scheduled to end at 2025-01-14 07:00:00
2025-03-06 16:39:17,619 - root - INFO - Token Token-204 started task 'Complete /Accurate?' at 2025-01-13 11:33:55.063923, scheduled to end at 2025-01-13 11:33:55.063923
2025-03-06 16:39:17,620 - root - INFO - Token Token-204 completed task 'Complete /Accurate?' at 2025-01-13 11:33:55.063923.
2025-03-06 16:39:17,620 - root - INFO - Token Token-204 waiting for resource 'Tech' at 2025-01-13 11:33:55.063923
2025-03-06 16:39:17,620 - root - INFO - Token Token-18 completed task 'Work with REO RPO to Correct (5.5.13.3)' at 2025-01-14 07:00:00.
2025-03-06 16:39:17,620 - root - INFO - Token Token-205 released from wait queue for 'Tech'
2025-03-06 16:39:17,620 - root - INFO - Token Token-205 waited 10032.00 minutes for resource
2025-03-06 16:39:17,621 - root - INFO - Token Token-205 started task 'Review AM using Asset Change Tracker (5.5.13.1)' at 2025-01-14 07:00:00, scheduled to end at 2025-01-14 07:09:08.174928
2025-03-06 16:39:17,621 - root - INFO - Token Token-18 started task 'Create Journal Entries?' at 2025-01-14 07:00:00, scheduled to end at 2025-01-14 07:00:00
2025-03-06 16:39:17,621 - root - INFO - Token Token-18 completed task 'Create Journal Entries?' at 2025-01-14 07:00:00.
2025-03-06 16:39:17,622 - root - INFO - Token Token-18 waiting for resource 'Tech' at 2025-01-14 07:00:00
2025-03-06 16:39:17,622 - root - INFO - Token Token-205 completed task 'Review AM using Asset Change Tracker (5.5.13.1)' at 2025-01-14 07:09:08.174928.
2025-03-06 16:39:17,623 - root - INFO - Token Token-206 released from wait queue for 'Tech'
2025-03-06 16:39:17,623 - root - INFO - Token Token-206 waited 10039.14 minutes for resource
2025-03-06 16:39:17,623 - root - INFO - Token Token-206 started task 'Review AM using Asset Change Tracker (5.5.13.1)' at 2025-01-14 07:09:08.174928, scheduled to end at 2025-01-14 07:15:33.410502
2025-03-06 16:39:17,624 - root - INFO - Token Token-205 started task 'Complete /Accurate?' at 2025-01-14 07:09:08.174928, scheduled to end at 2025-01-14 07:09:08.174928
2025-03-06 16:39:17,624 - root - INFO - Token Token-205 completed task 'Complete /Accurate?' at 2025-01-14 07:09:08.174928.
2025-03-06 16:39:17,624 - root - INFO - Token Token-205 waiting for resource 'Tech' at 2025-01-14 07:09:08.174928
2025-03-06 16:39:17,624 - root - INFO - Token Token-206 completed task 'Review AM using Asset Change Tracker (5.5.13.1)' at 2025-01-14 07:15:33.410502.
2025-03-06 16:39:17,625 - root - INFO - Token Token-207 released from wait queue for 'Tech'
2025-03-06 16:39:17,625 - root - INFO - Token Token-207 waited 10043.56 minutes for resource
2025-03-06 16:39:17,625 - root - INFO - Token Token-207 started task 'Review AM using Asset Change Tracker (5.5.13.1)' at 2025-01-14 07:15:33.410502, scheduled to end at 2025-01-14 07:23:23.500742
2025-03-06 16:39:17,625 - root - INFO - Token Token-206 started task 'Complete /Accurate?' at 2025-01-14 07:15:33.410502, scheduled to end at 2025-01-14 07:15:33.410502
2025-03-06 16:39:17,625 - root - INFO - Token Token-206 completed task 'Complete /Accurate?' at 2025-01-14 07:15:33.410502.
2025-03-06 16:39:17,626 - root - INFO - Token Token-206 waiting for resource 'Tech' at 2025-01-14 07:15:33.410502
2025-03-06 16:39:17,626 - root - INFO - Token Token-207 completed task 'Review AM using Asset Change Tracker (5.5.13.1)' at 2025-01-14 07:23:23.500742.
2025-03-06 16:39:17,626 - root - INFO - Token Token-208 released from wait queue for 'Tech'
2025-03-06 16:39:17,627 - root - INFO - Token Token-208 waited 10049.39 minutes for resource
2025-03-06 16:39:17,627 - root - INFO - Token Token-208 started task 'Review AM using Asset Change Tracker (5.5.13.1)' at 2025-01-14 07:23:23.500742, scheduled to end at 2025-01-14 07:32:09.745786
2025-03-06 16:39:17,627 - root - INFO - Token Token-207 started task 'Complete /Accurate?' at 2025-01-14 07:23:23.500742, scheduled to end at 2025-01-14 07:23:23.500742
2025-03-06 16:39:17,627 - root - INFO - Token Token-207 completed task 'Complete /Accurate?' at 2025-01-14 07:23:23.500742.
2025-03-06 16:39:17,628 - root - INFO - Token Token-207 waiting for resource 'Tech' at 2025-01-14 07:23:23.500742
2025-03-06 16:39:17,628 - root - INFO - Token Token-208 completed task 'Review AM using Asset Change Tracker (5.5.13.1)' at 2025-01-14 07:32:09.745786.
2025-03-06 16:39:17,628 - root - INFO - Token Token-19 released from wait queue for 'Tech'
2025-03-06 16:39:17,628 - root - INFO - Token Token-19 waited 10056.74 minutes for resource
2025-03-06 16:39:17,630 - root - INFO - Token Token-19 started task 'Note Accuracy in Asset Change Tracker (5.5.13.2)' at 2025-01-14 07:32:09.745786, scheduled to end at 2025-01-14 07:38:15.522922
2025-03-06 16:39:17,630 - root - INFO - Token Token-208 started task 'Complete /Accurate?' at 2025-01-14 07:32:09.745786, scheduled to end at 2025-01-14 07:32:09.745786
2025-03-06 16:39:17,630 - root - INFO - Token Token-208 completed task 'Complete /Accurate?' at 2025-01-14 07:32:09.745786.
2025-03-06 16:39:17,630 - root - INFO - Token Token-208 waiting for resource 'Tech' at 2025-01-14 07:32:09.745786
2025-03-06 16:39:17,631 - root - INFO - Token Token-19 completed task 'Note Accuracy in Asset Change Tracker (5.5.13.2)' at 2025-01-14 07:38:15.522922.
2025-03-06 16:39:17,632 - root - INFO - Token Token-209 released from wait queue for 'Tech'
2025-03-06 16:39:17,632 - root - INFO - Token Token-209 waited 10062.26 minutes for resource
2025-03-06 16:39:17,633 - root - INFO - Token Token-209 started task 'Review AM using Asset Change Tracker (5.5.13.1)' at 2025-01-14 07:38:15.522922, scheduled to end at 2025-01-14 07:47:23.349273
2025-03-06 16:39:17,633 - root - INFO - Token Token-19 started task 'Unknown' at 2025-01-14 07:38:15.522922, scheduled to end at 2025-01-14 07:38:15.522922
2025-03-06 16:39:17,634 - root - INFO - Token Token-19 completed task 'Unknown' at 2025-01-14 07:38:15.522922.
2025-03-06 16:39:17,634 - root - INFO - Token Token-19 has completed the entire process at 2025-01-14 07:38:15.522922.
2025-03-06 16:39:17,635 - root - INFO - Token Token-209 completed task 'Review AM using Asset Change Tracker (5.5.13.1)' at 2025-01-14 07:47:23.349273.
2025-03-06 16:39:17,635 - root - INFO - Token Token-210 released from wait queue for 'Tech'
2025-03-06 16:39:17,635 - root - INFO - Token Token-210 waited 10069.39 minutes for resource
2025-03-06 16:39:17,636 - root - INFO - Token Token-210 started task 'Review AM using Asset Change Tracker (5.5.13.1)' at 2025-01-14 07:47:23.349273, scheduled to end at 2025-01-14 07:54:35.314674
2025-03-06 16:39:17,636 - root - INFO - Token Token-209 started task 'Complete /Accurate?' at 2025-01-14 07:47:23.349273, scheduled to end at 2025-01-14 07:47:23.349273
2025-03-06 16:39:17,637 - root - INFO - Token Token-209 completed task 'Complete /Accurate?' at 2025-01-14 07:47:23.349273.
2025-03-06 16:39:17,637 - root - INFO - Token Token-209 waiting for resource 'Tech' at 2025-01-14 07:47:23.349273
2025-03-06 16:39:17,638 - root - INFO - Token Token-210 completed task 'Review AM using Asset Change Tracker (5.5.13.1)' at 2025-01-14 07:54:35.314674.
2025-03-06 16:39:17,638 - root - INFO - Token Token-211 released from wait queue for 'Tech'
2025-03-06 16:39:17,638 - root - INFO - Token Token-211 waited 10074.59 minutes for resource
2025-03-06 16:39:17,639 - root - INFO - Token Token-211 started task 'Review AM using Asset Change Tracker (5.5.13.1)' at 2025-01-14 07:54:35.314674, scheduled to end at 2025-01-14 08:01:41.377729
2025-03-06 16:39:17,639 - root - INFO - Token Token-210 started task 'Complete /Accurate?' at 2025-01-14 07:54:35.314674, scheduled to end at 2025-01-14 07:54:35.314674
2025-03-06 16:39:17,639 - root - INFO - Token Token-210 completed task 'Complete /Accurate?' at 2025-01-14 07:54:35.314674.
2025-03-06 16:39:17,640 - root - INFO - Token Token-210 waiting for resource 'Tech' at 2025-01-14 07:54:35.314674
2025-03-06 16:39:17,640 - root - INFO - Token Token-211 completed task 'Review AM using Asset Change Tracker (5.5.13.1)' at 2025-01-14 08:01:41.377729.
2025-03-06 16:39:17,641 - root - INFO - Token Token-212 released from wait queue for 'Tech'
2025-03-06 16:39:17,641 - root - INFO - Token Token-212 waited 10079.69 minutes for resource
2025-03-06 16:39:17,641 - root - INFO - Token Token-212 started task 'Review AM using Asset Change Tracker (5.5.13.1)' at 2025-01-14 08:01:41.377729, scheduled to end at 2025-01-14 08:08:01.234317
2025-03-06 16:39:17,642 - root - INFO - Token Token-211 started task 'Complete /Accurate?' at 2025-01-14 08:01:41.377729, scheduled to end at 2025-01-14 08:01:41.377729
2025-03-06 16:39:17,643 - root - INFO - Token Token-211 completed task 'Complete /Accurate?' at 2025-01-14 08:01:41.377729.
2025-03-06 16:39:17,644 - root - INFO - Token Token-211 waiting for resource 'Tech' at 2025-01-14 08:01:41.377729
2025-03-06 16:39:17,646 - root - INFO - Token Token-212 completed task 'Review AM using Asset Change Tracker (5.5.13.1)' at 2025-01-14 08:08:01.234317.
2025-03-06 16:39:17,664 - root - INFO - Token Token-213 released from wait queue for 'Tech'
2025-03-06 16:39:17,664 - root - INFO - Token Token-213 waited 10084.02 minutes for resource
2025-03-06 16:39:17,664 - root - INFO - Token Token-213 started task 'Review AM using Asset Change Tracker (5.5.13.1)' at 2025-01-14 08:08:01.234317, scheduled to end at 2025-01-14 08:16:46.640956
2025-03-06 16:39:17,665 - root - INFO - Token Token-212 started task 'Complete /Accurate?' at 2025-01-14 08:08:01.234317, scheduled to end at 2025-01-14 08:08:01.234317
2025-03-06 16:39:17,665 - root - INFO - Token Token-212 completed task 'Complete /Accurate?' at 2025-01-14 08:08:01.234317.
2025-03-06 16:39:17,665 - root - INFO - Token Token-212 waiting for resource 'Tech' at 2025-01-14 08:08:01.234317
2025-03-06 16:39:17,665 - root - INFO - Token Token-213 completed task 'Review AM using Asset Change Tracker (5.5.13.1)' at 2025-01-14 08:16:46.640956.
2025-03-06 16:39:17,666 - root - INFO - Token Token-20 released from wait queue for 'Tech'
2025-03-06 16:39:17,666 - root - INFO - Token Token-20 waited 10092.11 minutes for resource
2025-03-06 16:39:17,666 - root - INFO - Token Token-20 started task 'Work with REO RPO to Correct (5.5.13.3)' at 2025-01-14 08:16:46.640956, scheduled to end at 2025-01-14 10:41:12.152341
2025-03-06 16:39:17,666 - root - INFO - Token Token-213 started task 'Complete /Accurate?' at 2025-01-14 08:16:46.640956, scheduled to end at 2025-01-14 08:16:46.640956
2025-03-06 16:39:17,667 - root - INFO - Token Token-213 completed task 'Complete /Accurate?' at 2025-01-14 08:16:46.640956.
2025-03-06 16:39:17,667 - root - INFO - Token Token-213 waiting for resource 'Tech' at 2025-01-14 08:16:46.640956
2025-03-06 16:39:17,667 - root - INFO - Token Token-20 completed task 'Work with REO RPO to Correct (5.5.13.3)' at 2025-01-14 10:41:12.152341.
2025-03-06 16:39:17,667 - root - INFO - Token Token-214 released from wait queue for 'Tech'
2025-03-06 16:39:17,668 - root - INFO - Token Token-214 waited 10235.20 minutes for resource
2025-03-06 16:39:17,668 - root - INFO - Token Token-214 started task 'Review AM using Asset Change Tracker (5.5.13.1)' at 2025-01-14 10:41:12.152341, scheduled to end at 2025-01-14 10:50:36.828283
2025-03-06 16:39:17,668 - root - INFO - Token Token-20 started task 'Create Journal Entries?' at 2025-01-14 10:41:12.152341, scheduled to end at 2025-01-14 10:41:12.152341
2025-03-06 16:39:17,668 - root - INFO - Token Token-20 completed task 'Create Journal Entries?' at 2025-01-14 10:41:12.152341.
2025-03-06 16:39:17,669 - root - INFO - Token Token-20 waiting for resource 'Tech' at 2025-01-14 10:41:12.152341
2025-03-06 16:39:17,669 - root - INFO - Token Token-20 started task 'Inclusive Path 3' at 2025-01-14 10:41:12.152341, scheduled to end at 2025-01-14 10:42:17.724074
2025-03-06 16:39:17,669 - root - INFO - Token Token-20 completed task 'Inclusive Path 3' at 2025-01-14 10:42:17.724074.
2025-03-06 16:39:17,669 - root - INFO - Token Token-20 started task 'Unknown' at 2025-01-14 10:42:17.724074, scheduled to end at 2025-01-14 10:42:17.724074
2025-03-06 16:39:17,669 - root - INFO - Token Token-20 completed task 'Unknown' at 2025-01-14 10:42:17.724074.
2025-03-06 16:39:17,670 - root - INFO - Token Token-20 has completed the entire process at 2025-01-14 10:42:17.724074.
2025-03-06 16:39:17,670 - root - INFO - Token Token-214 completed task 'Review AM using Asset Change Tracker (5.5.13.1)' at 2025-01-14 10:50:36.828283.
2025-03-06 16:39:17,670 - root - INFO - Token Token-215 released from wait queue for 'Tech'
2025-03-06 16:39:17,670 - root - INFO - Token Token-215 waited 10242.61 minutes for resource
2025-03-06 16:39:17,671 - root - INFO - Token Token-215 started task 'Review AM using Asset Change Tracker (5.5.13.1)' at 2025-01-14 10:50:36.828283, scheduled to end at 2025-01-14 10:59:02.317782
2025-03-06 16:39:17,672 - root - INFO - Token Token-214 started task 'Complete /Accurate?' at 2025-01-14 10:50:36.828283, scheduled to end at 2025-01-14 10:50:36.828283
2025-03-06 16:39:17,672 - root - INFO - Token Token-214 completed task 'Complete /Accurate?' at 2025-01-14 10:50:36.828283.
2025-03-06 16:39:17,672 - root - INFO - Token Token-214 waiting for resource 'Tech' at 2025-01-14 10:50:36.828283
2025-03-06 16:39:17,672 - root - INFO - Token Token-215 completed task 'Review AM using Asset Change Tracker (5.5.13.1)' at 2025-01-14 10:59:02.317782.
2025-03-06 16:39:17,673 - root - INFO - Token Token-216 released from wait queue for 'Tech'
2025-03-06 16:39:17,673 - root - INFO - Token Token-216 waited 10249.04 minutes for resource
2025-03-06 16:39:17,673 - root - INFO - Token Token-216 started task 'Review AM using Asset Change Tracker (5.5.13.1)' at 2025-01-14 10:59:02.317782, scheduled to end at 2025-01-14 11:07:16.053583
2025-03-06 16:39:17,673 - root - INFO - Token Token-215 started task 'Complete /Accurate?' at 2025-01-14 10:59:02.317782, scheduled to end at 2025-01-14 10:59:02.317782
2025-03-06 16:39:17,673 - root - INFO - Token Token-215 completed task 'Complete /Accurate?' at 2025-01-14 10:59:02.317782.
2025-03-06 16:39:17,673 - root - INFO - Token Token-215 waiting for resource 'Tech' at 2025-01-14 10:59:02.317782
2025-03-06 16:39:17,674 - root - INFO - Token Token-216 completed task 'Review AM using Asset Change Tracker (5.5.13.1)' at 2025-01-14 11:07:16.053583.
2025-03-06 16:39:17,674 - root - INFO - Token Token-217 released from wait queue for 'Tech'
2025-03-06 16:39:17,674 - root - INFO - Token Token-217 waited 10255.27 minutes for resource
2025-03-06 16:39:17,674 - root - INFO - Token Token-217 started task 'Review AM using Asset Change Tracker (5.5.13.1)' at 2025-01-14 11:07:16.053583, scheduled to end at 2025-01-14 11:12:51.947064
2025-03-06 16:39:17,675 - root - INFO - Token Token-216 started task 'Complete /Accurate?' at 2025-01-14 11:07:16.053583, scheduled to end at 2025-01-14 11:07:16.053583
2025-03-06 16:39:17,675 - root - INFO - Token Token-216 completed task 'Complete /Accurate?' at 2025-01-14 11:07:16.053583.
2025-03-06 16:39:17,675 - root - INFO - Token Token-216 waiting for resource 'Tech' at 2025-01-14 11:07:16.053583
2025-03-06 16:39:17,676 - root - INFO - Token Token-217 completed task 'Review AM using Asset Change Tracker (5.5.13.1)' at 2025-01-14 11:12:51.947064.
2025-03-06 16:39:17,676 - root - INFO - Token Token-21 released from wait queue for 'Tech'
2025-03-06 16:39:17,676 - root - INFO - Token Token-21 waited 10260.23 minutes for resource
2025-03-06 16:39:17,676 - root - INFO - Token Token-21 started task 'Note Accuracy in Asset Change Tracker (5.5.13.2)' at 2025-01-14 11:12:51.947064, scheduled to end at 2025-01-14 11:19:13.201019
2025-03-06 16:39:17,677 - root - INFO - Token Token-217 started task 'Complete /Accurate?' at 2025-01-14 11:12:51.947064, scheduled to end at 2025-01-14 11:12:51.947064
2025-03-06 16:39:17,677 - root - INFO - Token Token-217 completed task 'Complete /Accurate?' at 2025-01-14 11:12:51.947064.
2025-03-06 16:39:17,677 - root - INFO - Token Token-217 waiting for resource 'Tech' at 2025-01-14 11:12:51.947064
2025-03-06 16:39:17,677 - root - INFO - Token Token-21 completed task 'Note Accuracy in Asset Change Tracker (5.5.13.2)' at 2025-01-14 11:19:13.201019.
2025-03-06 16:39:17,678 - root - INFO - Token Token-218 released from wait queue for 'Tech'
2025-03-06 16:39:17,678 - root - INFO - Token Token-218 waited 10265.22 minutes for resource
2025-03-06 16:39:17,678 - root - INFO - Token Token-218 started task 'Review AM using Asset Change Tracker (5.5.13.1)' at 2025-01-14 11:19:13.201019, scheduled to end at 2025-01-14 11:27:50.310517
2025-03-06 16:39:17,678 - root - INFO - Token Token-21 started task 'Unknown' at 2025-01-14 11:19:13.201019, scheduled to end at 2025-01-14 11:19:13.201019
2025-03-06 16:39:17,679 - root - INFO - Token Token-21 completed task 'Unknown' at 2025-01-14 11:19:13.201019.
2025-03-06 16:39:17,679 - root - INFO - Token Token-21 has completed the entire process at 2025-01-14 11:19:13.201019.
2025-03-06 16:39:17,679 - root - INFO - Token Token-218 completed task 'Review AM using Asset Change Tracker (5.5.13.1)' at 2025-01-14 11:27:50.310517.
2025-03-06 16:39:17,679 - root - INFO - Token Token-219 released from wait queue for 'Tech'
2025-03-06 16:39:17,679 - root - INFO - Token Token-219 waited 10271.84 minutes for resource
2025-03-06 16:39:17,680 - root - INFO - Token Token-219 started task 'Review AM using Asset Change Tracker (5.5.13.1)' at 2025-01-14 11:27:50.310517, scheduled to end at 2025-01-14 11:37:04.223580
2025-03-06 16:39:17,681 - root - INFO - Token Token-218 started task 'Complete /Accurate?' at 2025-01-14 11:27:50.310517, scheduled to end at 2025-01-14 11:27:50.310517
2025-03-06 16:39:17,682 - root - INFO - Token Token-218 completed task 'Complete /Accurate?' at 2025-01-14 11:27:50.310517.
2025-03-06 16:39:17,682 - root - INFO - Token Token-218 waiting for resource 'Tech' at 2025-01-14 11:27:50.310517
2025-03-06 16:39:17,682 - root - INFO - Token Token-219 completed task 'Review AM using Asset Change Tracker (5.5.13.1)' at 2025-01-14 11:37:04.223580.
2025-03-06 16:39:17,683 - root - INFO - Token Token-220 released from wait queue for 'Tech'
2025-03-06 16:39:17,683 - root - INFO - Token Token-220 waited 10279.07 minutes for resource
2025-03-06 16:39:17,684 - root - INFO - Token Token-220 started task 'Review AM using Asset Change Tracker (5.5.13.1)' at 2025-01-14 11:37:04.223580, scheduled to end at 2025-01-14 11:46:27.214289
2025-03-06 16:39:17,684 - root - INFO - Token Token-219 started task 'Complete /Accurate?' at 2025-01-14 11:37:04.223580, scheduled to end at 2025-01-14 11:37:04.223580
2025-03-06 16:39:17,685 - root - INFO - Token Token-219 completed task 'Complete /Accurate?' at 2025-01-14 11:37:04.223580.
2025-03-06 16:39:17,685 - root - INFO - Token Token-219 waiting for resource 'Tech' at 2025-01-14 11:37:04.223580
2025-03-06 16:39:17,685 - root - INFO - Token Token-220 completed task 'Review AM using Asset Change Tracker (5.5.13.1)' at 2025-01-14 11:46:27.214289.
2025-03-06 16:39:17,686 - root - INFO - Token Token-22 released from wait queue for 'Tech'
2025-03-06 16:39:17,686 - root - INFO - Token Token-22 waited 10286.96 minutes for resource
2025-03-06 16:39:17,686 - root - INFO - Token Token-22 started task 'Note Accuracy in Asset Change Tracker (5.5.13.2)' at 2025-01-14 11:46:27.214289, scheduled to end at 2025-01-14 11:52:27.673655
2025-03-06 16:39:17,687 - root - INFO - Token Token-220 started task 'Complete /Accurate?' at 2025-01-14 11:46:27.214289, scheduled to end at 2025-01-14 11:46:27.214289
2025-03-06 16:39:17,687 - root - INFO - Token Token-220 completed task 'Complete /Accurate?' at 2025-01-14 11:46:27.214289.
2025-03-06 16:39:17,687 - root - INFO - Token Token-220 waiting for resource 'Tech' at 2025-01-14 11:46:27.214289
2025-03-06 16:39:17,688 - root - INFO - Token Token-22 completed task 'Note Accuracy in Asset Change Tracker (5.5.13.2)' at 2025-01-14 11:52:27.673655.
2025-03-06 16:39:17,688 - root - INFO - Token Token-221 released from wait queue for 'Tech'
2025-03-06 16:39:17,689 - root - INFO - Token Token-221 waited 10292.46 minutes for resource
2025-03-06 16:39:17,689 - root - INFO - Token Token-221 started task 'Review AM using Asset Change Tracker (5.5.13.1)' at 2025-01-14 11:52:27.673655, scheduled to end at 2025-01-14 12:00:04.687747
2025-03-06 16:39:17,689 - root - INFO - Token Token-22 started task 'Unknown' at 2025-01-14 11:52:27.673655, scheduled to end at 2025-01-14 11:52:27.673655
2025-03-06 16:39:17,690 - root - INFO - Token Token-22 completed task 'Unknown' at 2025-01-14 11:52:27.673655.
2025-03-06 16:39:17,691 - root - INFO - Token Token-22 has completed the entire process at 2025-01-14 11:52:27.673655.
2025-03-06 16:39:17,710 - root - INFO - Token Token-221 completed task 'Review AM using Asset Change Tracker (5.5.13.1)' at 2025-01-14 12:00:04.687747.
2025-03-06 16:39:17,710 - root - INFO - Token Token-222 released from wait queue for 'Tech'
2025-03-06 16:39:17,710 - root - INFO - Token Token-222 waited 10298.08 minutes for resource
2025-03-06 16:39:17,710 - root - INFO - Token Token-222 started task 'Review AM using Asset Change Tracker (5.5.13.1)' at 2025-01-14 12:00:04.687747, scheduled to end at 2025-01-14 12:06:37.265315
2025-03-06 16:39:17,710 - root - INFO - Token Token-221 started task 'Complete /Accurate?' at 2025-01-14 12:00:04.687747, scheduled to end at 2025-01-14 12:00:04.687747
2025-03-06 16:39:17,710 - root - INFO - Token Token-221 completed task 'Complete /Accurate?' at 2025-01-14 12:00:04.687747.
2025-03-06 16:39:17,710 - root - INFO - Token Token-221 waiting for resource 'Tech' at 2025-01-14 12:00:04.687747
2025-03-06 16:39:17,710 - root - INFO - Token Token-222 completed task 'Review AM using Asset Change Tracker (5.5.13.1)' at 2025-01-14 12:06:37.265315.
2025-03-06 16:39:17,713 - root - INFO - Token Token-223 released from wait queue for 'Tech'
2025-03-06 16:39:17,714 - root - INFO - Token Token-223 waited 10302.62 minutes for resource
2025-03-06 16:39:17,714 - root - INFO - Token Token-223 started task 'Review AM using Asset Change Tracker (5.5.13.1)' at 2025-01-14 12:06:37.265315, scheduled to end at 2025-01-14 12:13:52.155753
2025-03-06 16:39:17,714 - root - INFO - Token Token-222 started task 'Complete /Accurate?' at 2025-01-14 12:06:37.265315, scheduled to end at 2025-01-14 12:06:37.265315
2025-03-06 16:39:17,714 - root - INFO - Token Token-222 completed task 'Complete /Accurate?' at 2025-01-14 12:06:37.265315.
2025-03-06 16:39:17,714 - root - INFO - Token Token-222 waiting for resource 'Tech' at 2025-01-14 12:06:37.265315
2025-03-06 16:39:17,714 - root - INFO - Token Token-223 completed task 'Review AM using Asset Change Tracker (5.5.13.1)' at 2025-01-14 12:13:52.155753.
2025-03-06 16:39:17,714 - root - INFO - Token Token-224 released from wait queue for 'Tech'
2025-03-06 16:39:17,715 - root - INFO - Token Token-224 waited 10307.87 minutes for resource
2025-03-06 16:39:17,715 - root - INFO - Token Token-224 started task 'Review AM using Asset Change Tracker (5.5.13.1)' at 2025-01-14 12:13:52.155753, scheduled to end at 2025-01-14 12:22:03.134415
2025-03-06 16:39:17,715 - root - INFO - Token Token-223 started task 'Complete /Accurate?' at 2025-01-14 12:13:52.155753, scheduled to end at 2025-01-14 12:13:52.155753
2025-03-06 16:39:17,715 - root - INFO - Token Token-223 completed task 'Complete /Accurate?' at 2025-01-14 12:13:52.155753.
2025-03-06 16:39:17,715 - root - INFO - Token Token-223 waiting for resource 'Tech' at 2025-01-14 12:13:52.155753
2025-03-06 16:39:17,716 - root - INFO - Token Token-224 completed task 'Review AM using Asset Change Tracker (5.5.13.1)' at 2025-01-14 12:22:03.134415.
2025-03-06 16:39:17,716 - root - INFO - Token Token-23 released from wait queue for 'Tech'
2025-03-06 16:39:17,716 - root - INFO - Token Token-23 waited 10315.68 minutes for resource
2025-03-06 16:39:17,717 - root - INFO - Token Token-23 started task 'Note Accuracy in Asset Change Tracker (5.5.13.2)' at 2025-01-14 12:22:03.134415, scheduled to end at 2025-01-14 12:28:18.365689
2025-03-06 16:39:17,717 - root - INFO - Token Token-224 started task 'Complete /Accurate?' at 2025-01-14 12:22:03.134415, scheduled to end at 2025-01-14 12:22:03.134415
2025-03-06 16:39:17,718 - root - INFO - Token Token-224 completed task 'Complete /Accurate?' at 2025-01-14 12:22:03.134415.
2025-03-06 16:39:17,718 - root - INFO - Token Token-224 waiting for resource 'Tech' at 2025-01-14 12:22:03.134415
2025-03-06 16:39:17,718 - root - INFO - Token Token-23 completed task 'Note Accuracy in Asset Change Tracker (5.5.13.2)' at 2025-01-14 12:28:18.365689.
2025-03-06 16:39:17,719 - root - INFO - Token Token-225 released from wait queue for 'Tech'
2025-03-06 16:39:17,719 - root - INFO - Token Token-225 waited 10320.31 minutes for resource
2025-03-06 16:39:17,719 - root - INFO - Token Token-225 started task 'Review AM using Asset Change Tracker (5.5.13.1)' at 2025-01-14 12:28:18.365689, scheduled to end at 2025-01-14 12:34:22.275098
2025-03-06 16:39:17,719 - root - INFO - Token Token-23 started task 'Unknown' at 2025-01-14 12:28:18.365689, scheduled to end at 2025-01-14 12:28:18.365689
2025-03-06 16:39:17,720 - root - INFO - Token Token-23 completed task 'Unknown' at 2025-01-14 12:28:18.365689.
2025-03-06 16:39:17,720 - root - INFO - Token Token-23 has completed the entire process at 2025-01-14 12:28:18.365689.
2025-03-06 16:39:17,720 - root - INFO - Token Token-225 completed task 'Review AM using Asset Change Tracker (5.5.13.1)' at 2025-01-14 12:34:22.275098.
2025-03-06 16:39:17,720 - root - INFO - Token Token-226 released from wait queue for 'Tech'
2025-03-06 16:39:17,721 - root - INFO - Token Token-226 waited 10324.37 minutes for resource
2025-03-06 16:39:17,721 - root - INFO - Token Token-226 started task 'Review AM using Asset Change Tracker (5.5.13.1)' at 2025-01-14 12:34:22.275098, scheduled to end at 2025-01-14 12:41:00.116514
2025-03-06 16:39:17,721 - root - INFO - Token Token-225 started task 'Complete /Accurate?' at 2025-01-14 12:34:22.275098, scheduled to end at 2025-01-14 12:34:22.275098
2025-03-06 16:39:17,721 - root - INFO - Token Token-225 completed task 'Complete /Accurate?' at 2025-01-14 12:34:22.275098.
2025-03-06 16:39:17,721 - root - INFO - Token Token-225 waiting for resource 'Tech' at 2025-01-14 12:34:22.275098
2025-03-06 16:39:17,722 - root - INFO - Token Token-226 completed task 'Review AM using Asset Change Tracker (5.5.13.1)' at 2025-01-14 12:41:00.116514.
2025-03-06 16:39:17,722 - root - INFO - Token Token-227 released from wait queue for 'Tech'
2025-03-06 16:39:17,722 - root - INFO - Token Token-227 waited 10329.00 minutes for resource
2025-03-06 16:39:17,722 - root - INFO - Token Token-227 started task 'Review AM using Asset Change Tracker (5.5.13.1)' at 2025-01-14 12:41:00.116514, scheduled to end at 2025-01-14 12:47:43.835870
2025-03-06 16:39:17,722 - root - INFO - Token Token-226 started task 'Complete /Accurate?' at 2025-01-14 12:41:00.116514, scheduled to end at 2025-01-14 12:41:00.116514
2025-03-06 16:39:17,723 - root - INFO - Token Token-226 completed task 'Complete /Accurate?' at 2025-01-14 12:41:00.116514.
2025-03-06 16:39:17,723 - root - INFO - Token Token-226 waiting for resource 'Tech' at 2025-01-14 12:41:00.116514
2025-03-06 16:39:17,723 - root - INFO - Token Token-227 completed task 'Review AM using Asset Change Tracker (5.5.13.1)' at 2025-01-14 12:47:43.835870.
2025-03-06 16:39:17,724 - root - INFO - Token Token-228 released from wait queue for 'Tech'
2025-03-06 16:39:17,724 - root - INFO - Token Token-228 waited 10333.73 minutes for resource
2025-03-06 16:39:17,724 - root - INFO - Token Token-228 started task 'Review AM using Asset Change Tracker (5.5.13.1)' at 2025-01-14 12:47:43.835870, scheduled to end at 2025-01-14 12:54:27.017443
2025-03-06 16:39:17,726 - root - INFO - Token Token-227 started task 'Complete /Accurate?' at 2025-01-14 12:47:43.835870, scheduled to end at 2025-01-14 12:47:43.835870
2025-03-06 16:39:17,727 - root - INFO - Token Token-227 completed task 'Complete /Accurate?' at 2025-01-14 12:47:43.835870.
2025-03-06 16:39:17,727 - root - INFO - Token Token-227 waiting for resource 'Tech' at 2025-01-14 12:47:43.835870
2025-03-06 16:39:17,727 - root - INFO - Token Token-228 completed task 'Review AM using Asset Change Tracker (5.5.13.1)' at 2025-01-14 12:54:27.017443.
2025-03-06 16:39:17,728 - root - INFO - Token Token-229 released from wait queue for 'Tech'
2025-03-06 16:39:17,728 - root - INFO - Token Token-229 waited 10338.45 minutes for resource
2025-03-06 16:39:17,728 - root - INFO - Token Token-229 started task 'Review AM using Asset Change Tracker (5.5.13.1)' at 2025-01-14 12:54:27.017443, scheduled to end at 2025-01-15 07:00:00
2025-03-06 16:39:17,729 - root - INFO - Token Token-228 started task 'Complete /Accurate?' at 2025-01-14 12:54:27.017443, scheduled to end at 2025-01-14 12:54:27.017443
2025-03-06 16:39:17,729 - root - INFO - Token Token-228 completed task 'Complete /Accurate?' at 2025-01-14 12:54:27.017443.
2025-03-06 16:39:17,730 - root - INFO - Token Token-228 waiting for resource 'Tech' at 2025-01-14 12:54:27.017443
2025-03-06 16:39:17,730 - root - INFO - Token Token-229 completed task 'Review AM using Asset Change Tracker (5.5.13.1)' at 2025-01-15 07:00:00.
2025-03-06 16:39:17,730 - root - INFO - Token Token-230 released from wait queue for 'Tech'
2025-03-06 16:39:17,731 - root - INFO - Token Token-230 waited 11422.00 minutes for resource
2025-03-06 16:39:17,731 - root - INFO - Token Token-230 started task 'Review AM using Asset Change Tracker (5.5.13.1)' at 2025-01-15 07:00:00, scheduled to end at 2025-01-15 07:08:44.116628
2025-03-06 16:39:17,732 - root - INFO - Token Token-229 started task 'Complete /Accurate?' at 2025-01-15 07:00:00, scheduled to end at 2025-01-15 07:00:00
2025-03-06 16:39:17,732 - root - INFO - Token Token-229 completed task 'Complete /Accurate?' at 2025-01-15 07:00:00.
2025-03-06 16:39:17,732 - root - INFO - Token Token-229 waiting for resource 'Tech' at 2025-01-15 07:00:00
2025-03-06 16:39:17,733 - root - INFO - Token Token-230 completed task 'Review AM using Asset Change Tracker (5.5.13.1)' at 2025-01-15 07:08:44.116628.
2025-03-06 16:39:17,733 - root - INFO - Token Token-24 released from wait queue for 'Tech'
2025-03-06 16:39:17,734 - root - INFO - Token Token-24 waited 11429.98 minutes for resource
2025-03-06 16:39:17,734 - root - INFO - Token Token-24 started task 'Work with REO RPO to Correct (5.5.13.3)' at 2025-01-15 07:08:44.116628, scheduled to end at 2025-01-15 09:31:41.678274
2025-03-06 16:39:17,734 - root - INFO - Token Token-230 started task 'Complete /Accurate?' at 2025-01-15 07:08:44.116628, scheduled to end at 2025-01-15 07:08:44.116628
2025-03-06 16:39:17,735 - root - INFO - Token Token-230 completed task 'Complete /Accurate?' at 2025-01-15 07:08:44.116628.
2025-03-06 16:39:17,735 - root - INFO - Token Token-230 waiting for resource 'Tech' at 2025-01-15 07:08:44.116628
2025-03-06 16:39:17,736 - root - INFO - Token Token-24 completed task 'Work with REO RPO to Correct (5.5.13.3)' at 2025-01-15 09:31:41.678274.
2025-03-06 16:39:17,737 - root - INFO - Token Token-231 released from wait queue for 'Tech'
2025-03-06 16:39:17,737 - root - INFO - Token Token-231 waited 11571.69 minutes for resource
2025-03-06 16:39:17,737 - root - INFO - Token Token-231 started task 'Review AM using Asset Change Tracker (5.5.13.1)' at 2025-01-15 09:31:41.678274, scheduled to end at 2025-01-15 09:39:36.608757
2025-03-06 16:39:17,738 - root - INFO - Token Token-24 started task 'Create Journal Entries?' at 2025-01-15 09:31:41.678274, scheduled to end at 2025-01-15 09:31:41.678274
2025-03-06 16:39:17,739 - root - INFO - Token Token-24 completed task 'Create Journal Entries?' at 2025-01-15 09:31:41.678274.
2025-03-06 16:39:17,740 - root - INFO - Token Token-24 waiting for resource 'Certifier' at 2025-01-15 09:31:41.678274
2025-03-06 16:39:17,741 - root - INFO - Token Token-24 waiting for resource 'Tech' at 2025-01-15 09:31:41.678274
2025-03-06 16:39:17,758 - root - INFO - Token Token-24 started task 'Inclusive Path 3' at 2025-01-15 09:31:41.678274, scheduled to end at 2025-01-15 09:32:21.145184
2025-03-06 16:39:17,758 - root - INFO - Token Token-24 completed task 'Inclusive Path 3' at 2025-01-15 09:32:21.145184.
2025-03-06 16:39:17,758 - root - INFO - Token Token-24 started task 'Unknown' at 2025-01-15 09:32:21.145184, scheduled to end at 2025-01-15 09:32:21.145184
2025-03-06 16:39:17,758 - root - INFO - Token Token-24 completed task 'Unknown' at 2025-01-15 09:32:21.145184.
2025-03-06 16:39:17,759 - root - INFO - Token Token-24 has completed the entire process at 2025-01-15 09:32:21.145184.
2025-03-06 16:39:17,759 - root - INFO - Token Token-231 completed task 'Review AM using Asset Change Tracker (5.5.13.1)' at 2025-01-15 09:39:36.608757.
2025-03-06 16:39:17,759 - root - INFO - Token Token-232 released from wait queue for 'Tech'
2025-03-06 16:39:17,759 - root - INFO - Token Token-232 waited 11577.61 minutes for resource
2025-03-06 16:39:17,760 - root - INFO - Token Token-232 started task 'Review AM using Asset Change Tracker (5.5.13.1)' at 2025-01-15 09:39:36.608757, scheduled to end at 2025-01-15 09:47:29.079813
2025-03-06 16:39:17,760 - root - INFO - Token Token-231 started task 'Complete /Accurate?' at 2025-01-15 09:39:36.608757, scheduled to end at 2025-01-15 09:39:36.608757
2025-03-06 16:39:17,760 - root - INFO - Token Token-231 completed task 'Complete /Accurate?' at 2025-01-15 09:39:36.608757.
2025-03-06 16:39:17,760 - root - INFO - Token Token-231 waiting for resource 'Tech' at 2025-01-15 09:39:36.608757
2025-03-06 16:39:17,761 - root - INFO - Token Token-232 completed task 'Review AM using Asset Change Tracker (5.5.13.1)' at 2025-01-15 09:47:29.079813.
2025-03-06 16:39:17,761 - root - INFO - Token Token-233 released from wait queue for 'Tech'
2025-03-06 16:39:17,761 - root - INFO - Token Token-233 waited 11583.48 minutes for resource
2025-03-06 16:39:17,761 - root - INFO - Token Token-233 started task 'Review AM using Asset Change Tracker (5.5.13.1)' at 2025-01-15 09:47:29.079813, scheduled to end at 2025-01-15 09:53:55.764406
2025-03-06 16:39:17,762 - root - INFO - Token Token-232 started task 'Complete /Accurate?' at 2025-01-15 09:47:29.079813, scheduled to end at 2025-01-15 09:47:29.079813
2025-03-06 16:39:17,762 - root - INFO - Token Token-232 completed task 'Complete /Accurate?' at 2025-01-15 09:47:29.079813.
2025-03-06 16:39:17,762 - root - INFO - Token Token-232 waiting for resource 'Tech' at 2025-01-15 09:47:29.079813
2025-03-06 16:39:17,762 - root - INFO - Token Token-233 completed task 'Review AM using Asset Change Tracker (5.5.13.1)' at 2025-01-15 09:53:55.764406.
2025-03-06 16:39:17,762 - root - INFO - Token Token-234 released from wait queue for 'Tech'
2025-03-06 16:39:17,763 - root - INFO - Token Token-234 waited 11587.93 minutes for resource
2025-03-06 16:39:17,763 - root - INFO - Token Token-234 started task 'Review AM using Asset Change Tracker (5.5.13.1)' at 2025-01-15 09:53:55.764406, scheduled to end at 2025-01-15 10:01:05.875512
2025-03-06 16:39:17,763 - root - INFO - Token Token-233 started task 'Complete /Accurate?' at 2025-01-15 09:53:55.764406, scheduled to end at 2025-01-15 09:53:55.764406
2025-03-06 16:39:17,764 - root - INFO - Token Token-233 completed task 'Complete /Accurate?' at 2025-01-15 09:53:55.764406.
2025-03-06 16:39:17,764 - root - INFO - Token Token-233 waiting for resource 'Tech' at 2025-01-15 09:53:55.764406
2025-03-06 16:39:17,764 - root - INFO - Token Token-234 completed task 'Review AM using Asset Change Tracker (5.5.13.1)' at 2025-01-15 10:01:05.875512.
2025-03-06 16:39:17,765 - root - INFO - Token Token-25 released from wait queue for 'Tech'
2025-03-06 16:39:17,765 - root - INFO - Token Token-25 waited 11594.13 minutes for resource
2025-03-06 16:39:17,766 - root - INFO - Token Token-25 started task 'Note Accuracy in Asset Change Tracker (5.5.13.2)' at 2025-01-15 10:01:05.875512, scheduled to end at 2025-01-15 10:05:01.126707
2025-03-06 16:39:17,766 - root - INFO - Token Token-234 started task 'Complete /Accurate?' at 2025-01-15 10:01:05.875512, scheduled to end at 2025-01-15 10:01:05.875512
2025-03-06 16:39:17,766 - root - INFO - Token Token-234 completed task 'Complete /Accurate?' at 2025-01-15 10:01:05.875512.
2025-03-06 16:39:17,767 - root - INFO - Token Token-234 waiting for resource 'Tech' at 2025-01-15 10:01:05.875512
2025-03-06 16:39:17,767 - root - INFO - Token Token-25 completed task 'Note Accuracy in Asset Change Tracker (5.5.13.2)' at 2025-01-15 10:05:01.126707.
2025-03-06 16:39:17,767 - root - INFO - Token Token-235 released from wait queue for 'Tech'
2025-03-06 16:39:17,767 - root - INFO - Token Token-235 waited 11597.02 minutes for resource
2025-03-06 16:39:17,768 - root - INFO - Token Token-235 started task 'Review AM using Asset Change Tracker (5.5.13.1)' at 2025-01-15 10:05:01.126707, scheduled to end at 2025-01-15 10:13:50.384227
2025-03-06 16:39:17,768 - root - INFO - Token Token-25 started task 'Unknown' at 2025-01-15 10:05:01.126707, scheduled to end at 2025-01-15 10:05:01.126707
2025-03-06 16:39:17,768 - root - INFO - Token Token-25 completed task 'Unknown' at 2025-01-15 10:05:01.126707.
2025-03-06 16:39:17,768 - root - INFO - Token Token-25 has completed the entire process at 2025-01-15 10:05:01.126707.
2025-03-06 16:39:17,769 - root - INFO - Token Token-235 completed task 'Review AM using Asset Change Tracker (5.5.13.1)' at 2025-01-15 10:13:50.384227.
2025-03-06 16:39:17,769 - root - INFO - Token Token-236 released from wait queue for 'Tech'
2025-03-06 16:39:17,769 - root - INFO - Token Token-236 waited 11603.84 minutes for resource
2025-03-06 16:39:17,769 - root - INFO - Token Token-236 started task 'Review AM using Asset Change Tracker (5.5.13.1)' at 2025-01-15 10:13:50.384227, scheduled to end at 2025-01-15 10:21:43.998133
2025-03-06 16:39:17,769 - root - INFO - Token Token-235 started task 'Complete /Accurate?' at 2025-01-15 10:13:50.384227, scheduled to end at 2025-01-15 10:13:50.384227
2025-03-06 16:39:17,770 - root - INFO - Token Token-235 completed task 'Complete /Accurate?' at 2025-01-15 10:13:50.384227.
2025-03-06 16:39:17,770 - root - INFO - Token Token-235 waiting for resource 'Tech' at 2025-01-15 10:13:50.384227
2025-03-06 16:39:17,770 - root - INFO - Token Token-236 completed task 'Review AM using Asset Change Tracker (5.5.13.1)' at 2025-01-15 10:21:43.998133.
2025-03-06 16:39:17,771 - root - INFO - Token Token-237 released from wait queue for 'Tech'
2025-03-06 16:39:17,771 - root - INFO - Token Token-237 waited 11609.73 minutes for resource
2025-03-06 16:39:17,771 - root - INFO - Token Token-237 started task 'Review AM using Asset Change Tracker (5.5.13.1)' at 2025-01-15 10:21:43.998133, scheduled to end at 2025-01-15 10:27:32.985160
2025-03-06 16:39:17,773 - root - INFO - Token Token-236 started task 'Complete /Accurate?' at 2025-01-15 10:21:43.998133, scheduled to end at 2025-01-15 10:21:43.998133
2025-03-06 16:39:17,773 - root - INFO - Token Token-236 completed task 'Complete /Accurate?' at 2025-01-15 10:21:43.998133.
2025-03-06 16:39:17,773 - root - INFO - Token Token-236 waiting for resource 'Tech' at 2025-01-15 10:21:43.998133
2025-03-06 16:39:17,773 - root - INFO - Token Token-237 completed task 'Review AM using Asset Change Tracker (5.5.13.1)' at 2025-01-15 10:27:32.985160.
2025-03-06 16:39:17,773 - root - INFO - Token Token-26 released from wait queue for 'Tech'
2025-03-06 16:39:17,774 - root - INFO - Token Token-26 waited 11614.90 minutes for resource
2025-03-06 16:39:17,774 - root - INFO - Token Token-26 started task 'Note Accuracy in Asset Change Tracker (5.5.13.2)' at 2025-01-15 10:27:32.985160, scheduled to end at 2025-01-15 10:34:07.597076
2025-03-06 16:39:17,774 - root - INFO - Token Token-237 started task 'Complete /Accurate?' at 2025-01-15 10:27:32.985160, scheduled to end at 2025-01-15 10:27:32.985160
2025-03-06 16:39:17,775 - root - INFO - Token Token-237 completed task 'Complete /Accurate?' at 2025-01-15 10:27:32.985160.
2025-03-06 16:39:17,775 - root - INFO - Token Token-237 waiting for resource 'Tech' at 2025-01-15 10:27:32.985160
2025-03-06 16:39:17,776 - root - INFO - Token Token-26 completed task 'Note Accuracy in Asset Change Tracker (5.5.13.2)' at 2025-01-15 10:34:07.597076.
2025-03-06 16:39:17,776 - root - INFO - Token Token-238 released from wait queue for 'Tech'
2025-03-06 16:39:17,776 - root - INFO - Token Token-238 waited 11620.13 minutes for resource
2025-03-06 16:39:17,777 - root - INFO - Token Token-238 started task 'Review AM using Asset Change Tracker (5.5.13.1)' at 2025-01-15 10:34:07.597076, scheduled to end at 2025-01-15 10:40:08.444995
2025-03-06 16:39:17,777 - root - INFO - Token Token-26 started task 'Unknown' at 2025-01-15 10:34:07.597076, scheduled to end at 2025-01-15 10:34:07.597076
2025-03-06 16:39:17,777 - root - INFO - Token Token-26 completed task 'Unknown' at 2025-01-15 10:34:07.597076.
2025-03-06 16:39:17,778 - root - INFO - Token Token-26 has completed the entire process at 2025-01-15 10:34:07.597076.
2025-03-06 16:39:17,778 - root - INFO - Token Token-238 completed task 'Review AM using Asset Change Tracker (5.5.13.1)' at 2025-01-15 10:40:08.444995.
2025-03-06 16:39:17,779 - root - INFO - Token Token-239 released from wait queue for 'Tech'
2025-03-06 16:39:17,779 - root - INFO - Token Token-239 waited 11624.14 minutes for resource
2025-03-06 16:39:17,779 - root - INFO - Token Token-239 started task 'Review AM using Asset Change Tracker (5.5.13.1)' at 2025-01-15 10:40:08.444995, scheduled to end at 2025-01-15 10:47:18.019514
2025-03-06 16:39:17,780 - root - INFO - Token Token-238 started task 'Complete /Accurate?' at 2025-01-15 10:40:08.444995, scheduled to end at 2025-01-15 10:40:08.444995
2025-03-06 16:39:17,780 - root - INFO - Token Token-238 completed task 'Complete /Accurate?' at 2025-01-15 10:40:08.444995.
2025-03-06 16:39:17,781 - root - INFO - Token Token-238 waiting for resource 'Tech' at 2025-01-15 10:40:08.444995
2025-03-06 16:39:17,781 - root - INFO - Token Token-239 completed task 'Review AM using Asset Change Tracker (5.5.13.1)' at 2025-01-15 10:47:18.019514.
2025-03-06 16:39:17,782 - root - INFO - Token Token-240 released from wait queue for 'Tech'
2025-03-06 16:39:17,782 - root - INFO - Token Token-240 waited 11629.30 minutes for resource
2025-03-06 16:39:17,782 - root - INFO - Token Token-240 started task 'Review AM using Asset Change Tracker (5.5.13.1)' at 2025-01-15 10:47:18.019514, scheduled to end at 2025-01-15 10:54:52.023647
2025-03-06 16:39:17,783 - root - INFO - Token Token-239 started task 'Complete /Accurate?' at 2025-01-15 10:47:18.019514, scheduled to end at 2025-01-15 10:47:18.019514
2025-03-06 16:39:17,783 - root - INFO - Token Token-239 completed task 'Complete /Accurate?' at 2025-01-15 10:47:18.019514.
2025-03-06 16:39:17,784 - root - INFO - Token Token-239 waiting for resource 'Tech' at 2025-01-15 10:47:18.019514
2025-03-06 16:39:17,804 - root - INFO - Token Token-240 completed task 'Review AM using Asset Change Tracker (5.5.13.1)' at 2025-01-15 10:54:52.023647.
2025-03-06 16:39:17,804 - root - INFO - Token Token-241 released from wait queue for 'Tech'
2025-03-06 16:39:17,804 - root - INFO - Token Token-241 waited 11634.87 minutes for resource
2025-03-06 16:39:17,805 - root - INFO - Token Token-241 started task 'Review AM using Asset Change Tracker (5.5.13.1)' at 2025-01-15 10:54:52.023647, scheduled to end at 2025-01-15 11:03:14.011305
2025-03-06 16:39:17,805 - root - INFO - Token Token-240 started task 'Complete /Accurate?' at 2025-01-15 10:54:52.023647, scheduled to end at 2025-01-15 10:54:52.023647
2025-03-06 16:39:17,805 - root - INFO - Token Token-240 completed task 'Complete /Accurate?' at 2025-01-15 10:54:52.023647.
2025-03-06 16:39:17,805 - root - INFO - Token Token-240 waiting for resource 'Tech' at 2025-01-15 10:54:52.023647
2025-03-06 16:39:17,806 - root - INFO - Token Token-241 completed task 'Review AM using Asset Change Tracker (5.5.13.1)' at 2025-01-15 11:03:14.011305.
2025-03-06 16:39:17,806 - root - INFO - Token Token-27 released from wait queue for 'Tech'
2025-03-06 16:39:17,806 - root - INFO - Token Token-27 waited 11642.85 minutes for resource
2025-03-06 16:39:17,806 - root - INFO - Token Token-27 started task 'Note Accuracy in Asset Change Tracker (5.5.13.2)' at 2025-01-15 11:03:14.011305, scheduled to end at 2025-01-15 11:09:53.241125
2025-03-06 16:39:17,806 - root - INFO - Token Token-241 started task 'Complete /Accurate?' at 2025-01-15 11:03:14.011305, scheduled to end at 2025-01-15 11:03:14.011305
2025-03-06 16:39:17,807 - root - INFO - Token Token-241 completed task 'Complete /Accurate?' at 2025-01-15 11:03:14.011305.
2025-03-06 16:39:17,807 - root - INFO - Token Token-241 waiting for resource 'Tech' at 2025-01-15 11:03:14.011305
2025-03-06 16:39:17,807 - root - INFO - Token Token-27 completed task 'Note Accuracy in Asset Change Tracker (5.5.13.2)' at 2025-01-15 11:09:53.241125.
2025-03-06 16:39:17,807 - root - INFO - Token Token-242 released from wait queue for 'Tech'
2025-03-06 16:39:17,808 - root - INFO - Token Token-242 waited 11647.89 minutes for resource
2025-03-06 16:39:17,808 - root - INFO - Token Token-242 started task 'Review AM using Asset Change Tracker (5.5.13.1)' at 2025-01-15 11:09:53.241125, scheduled to end at 2025-01-15 11:16:44.073526
2025-03-06 16:39:17,808 - root - INFO - Token Token-27 started task 'Unknown' at 2025-01-15 11:09:53.241125, scheduled to end at 2025-01-15 11:09:53.241125
2025-03-06 16:39:17,808 - root - INFO - Token Token-27 completed task 'Unknown' at 2025-01-15 11:09:53.241125.
2025-03-06 16:39:17,809 - root - INFO - Token Token-27 has completed the entire process at 2025-01-15 11:09:53.241125.
2025-03-06 16:39:17,809 - root - INFO - Token Token-242 completed task 'Review AM using Asset Change Tracker (5.5.13.1)' at 2025-01-15 11:16:44.073526.
2025-03-06 16:39:17,809 - root - INFO - Token Token-243 released from wait queue for 'Tech'
2025-03-06 16:39:17,809 - root - INFO - Token Token-243 waited 11652.73 minutes for resource
2025-03-06 16:39:17,809 - root - INFO - Token Token-243 started task 'Review AM using Asset Change Tracker (5.5.13.1)' at 2025-01-15 11:16:44.073526, scheduled to end at 2025-01-15 11:25:55.939263
2025-03-06 16:39:17,810 - root - INFO - Token Token-242 started task 'Complete /Accurate?' at 2025-01-15 11:16:44.073526, scheduled to end at 2025-01-15 11:16:44.073526
2025-03-06 16:39:17,810 - root - INFO - Token Token-242 completed task 'Complete /Accurate?' at 2025-01-15 11:16:44.073526.
2025-03-06 16:39:17,810 - root - INFO - Token Token-242 waiting for resource 'Tech' at 2025-01-15 11:16:44.073526
2025-03-06 16:39:17,810 - root - INFO - Token Token-243 completed task 'Review AM using Asset Change Tracker (5.5.13.1)' at 2025-01-15 11:25:55.939263.
2025-03-06 16:39:17,812 - root - INFO - Token Token-244 released from wait queue for 'Tech'
2025-03-06 16:39:17,812 - root - INFO - Token Token-244 waited 11659.93 minutes for resource
2025-03-06 16:39:17,812 - root - INFO - Token Token-244 started task 'Review AM using Asset Change Tracker (5.5.13.1)' at 2025-01-15 11:25:55.939263, scheduled to end at 2025-01-15 11:31:45.649201
2025-03-06 16:39:17,812 - root - INFO - Token Token-243 started task 'Complete /Accurate?' at 2025-01-15 11:25:55.939263, scheduled to end at 2025-01-15 11:25:55.939263
2025-03-06 16:39:17,813 - root - INFO - Token Token-243 completed task 'Complete /Accurate?' at 2025-01-15 11:25:55.939263.
2025-03-06 16:39:17,813 - root - INFO - Token Token-243 waiting for resource 'Tech' at 2025-01-15 11:25:55.939263
2025-03-06 16:39:17,813 - root - INFO - Token Token-244 completed task 'Review AM using Asset Change Tracker (5.5.13.1)' at 2025-01-15 11:31:45.649201.
2025-03-06 16:39:17,813 - root - INFO - Token Token-28 released from wait queue for 'Tech'
2025-03-06 16:39:17,814 - root - INFO - Token Token-28 waited 11664.06 minutes for resource
2025-03-06 16:39:17,814 - root - INFO - Token Token-28 started task 'Work with REO RPO to Correct (5.5.13.3)' at 2025-01-15 11:31:45.649201, scheduled to end at 2025-01-16 07:00:00
2025-03-06 16:39:17,814 - root - INFO - Token Token-244 started task 'Complete /Accurate?' at 2025-01-15 11:31:45.649201, scheduled to end at 2025-01-15 11:31:45.649201
2025-03-06 16:39:17,815 - root - INFO - Token Token-244 completed task 'Complete /Accurate?' at 2025-01-15 11:31:45.649201.
2025-03-06 16:39:17,815 - root - INFO - Token Token-244 waiting for resource 'Tech' at 2025-01-15 11:31:45.649201
2025-03-06 16:39:17,817 - root - INFO - Token Token-28 completed task 'Work with REO RPO to Correct (5.5.13.3)' at 2025-01-16 07:00:00.
2025-03-06 16:39:17,817 - root - INFO - Token Token-245 released from wait queue for 'Tech'
2025-03-06 16:39:17,817 - root - INFO - Token Token-245 waited 12832.00 minutes for resource
2025-03-06 16:39:17,818 - root - INFO - Token Token-245 started task 'Review AM using Asset Change Tracker (5.5.13.1)' at 2025-01-16 07:00:00, scheduled to end at 2025-01-16 07:09:26.326008
2025-03-06 16:39:17,818 - root - INFO - Token Token-28 started task 'Create Journal Entries?' at 2025-01-16 07:00:00, scheduled to end at 2025-01-16 07:00:00
2025-03-06 16:39:17,819 - root - INFO - Token Token-28 completed task 'Create Journal Entries?' at 2025-01-16 07:00:00.
2025-03-06 16:39:17,819 - root - INFO - Token Token-28 waiting for resource 'Certifier' at 2025-01-16 07:00:00
2025-03-06 16:39:17,819 - root - INFO - Token Token-245 completed task 'Review AM using Asset Change Tracker (5.5.13.1)' at 2025-01-16 07:09:26.326008.
2025-03-06 16:39:17,820 - root - INFO - Token Token-246 released from wait queue for 'Tech'
2025-03-06 16:39:17,820 - root - INFO - Token Token-246 waited 12839.44 minutes for resource
2025-03-06 16:39:17,821 - root - INFO - Token Token-246 started task 'Review AM using Asset Change Tracker (5.5.13.1)' at 2025-01-16 07:09:26.326008, scheduled to end at 2025-01-16 07:18:12.442797
2025-03-06 16:39:17,821 - root - INFO - Token Token-245 started task 'Complete /Accurate?' at 2025-01-16 07:09:26.326008, scheduled to end at 2025-01-16 07:09:26.326008
2025-03-06 16:39:17,821 - root - INFO - Token Token-245 completed task 'Complete /Accurate?' at 2025-01-16 07:09:26.326008.
2025-03-06 16:39:17,822 - root - INFO - Token Token-245 waiting for resource 'Tech' at 2025-01-16 07:09:26.326008
2025-03-06 16:39:17,822 - root - INFO - Token Token-246 completed task 'Review AM using Asset Change Tracker (5.5.13.1)' at 2025-01-16 07:18:12.442797.
2025-03-06 16:39:17,823 - root - INFO - Token Token-247 released from wait queue for 'Tech'
2025-03-06 16:39:17,823 - root - INFO - Token Token-247 waited 12846.21 minutes for resource
2025-03-06 16:39:17,823 - root - INFO - Token Token-247 started task 'Review AM using Asset Change Tracker (5.5.13.1)' at 2025-01-16 07:18:12.442797, scheduled to end at 2025-01-16 07:27:12.355498
2025-03-06 16:39:17,824 - root - INFO - Token Token-246 started task 'Complete /Accurate?' at 2025-01-16 07:18:12.442797, scheduled to end at 2025-01-16 07:18:12.442797
2025-03-06 16:39:17,824 - root - INFO - Token Token-246 completed task 'Complete /Accurate?' at 2025-01-16 07:18:12.442797.
2025-03-06 16:39:17,825 - root - INFO - Token Token-246 waiting for resource 'Tech' at 2025-01-16 07:18:12.442797
2025-03-06 16:39:17,825 - root - INFO - Token Token-247 completed task 'Review AM using Asset Change Tracker (5.5.13.1)' at 2025-01-16 07:27:12.355498.
2025-03-06 16:39:17,826 - root - INFO - Token Token-248 released from wait queue for 'Tech'
2025-03-06 16:39:17,826 - root - INFO - Token Token-248 waited 12853.21 minutes for resource
2025-03-06 16:39:17,826 - root - INFO - Token Token-248 started task 'Review AM using Asset Change Tracker (5.5.13.1)' at 2025-01-16 07:27:12.355498, scheduled to end at 2025-01-16 07:34:30.031737
2025-03-06 16:39:17,827 - root - INFO - Token Token-247 started task 'Complete /Accurate?' at 2025-01-16 07:27:12.355498, scheduled to end at 2025-01-16 07:27:12.355498
2025-03-06 16:39:17,827 - root - INFO - Token Token-247 completed task 'Complete /Accurate?' at 2025-01-16 07:27:12.355498.
2025-03-06 16:39:17,828 - root - INFO - Token Token-247 waiting for resource 'Tech' at 2025-01-16 07:27:12.355498
2025-03-06 16:39:17,828 - root - INFO - Token Token-248 completed task 'Review AM using Asset Change Tracker (5.5.13.1)' at 2025-01-16 07:34:30.031737.
2025-03-06 16:39:17,829 - root - INFO - Token Token-249 released from wait queue for 'Tech'
2025-03-06 16:39:17,829 - root - INFO - Token Token-249 waited 12858.50 minutes for resource
2025-03-06 16:39:17,829 - root - INFO - Token Token-249 started task 'Review AM using Asset Change Tracker (5.5.13.1)' at 2025-01-16 07:34:30.031737, scheduled to end at 2025-01-16 07:42:22.591178
2025-03-06 16:39:17,830 - root - INFO - Token Token-248 started task 'Complete /Accurate?' at 2025-01-16 07:34:30.031737, scheduled to end at 2025-01-16 07:34:30.031737
2025-03-06 16:39:17,831 - root - INFO - Token Token-248 completed task 'Complete /Accurate?' at 2025-01-16 07:34:30.031737.
2025-03-06 16:39:17,831 - root - INFO - Token Token-248 waiting for resource 'Tech' at 2025-01-16 07:34:30.031737
2025-03-06 16:39:17,832 - root - INFO - Token Token-249 completed task 'Review AM using Asset Change Tracker (5.5.13.1)' at 2025-01-16 07:42:22.591178.
2025-03-06 16:39:17,833 - root - INFO - Token Token-250 released from wait queue for 'Tech'
2025-03-06 16:39:17,850 - root - INFO - Token Token-250 waited 12864.38 minutes for resource
2025-03-06 16:39:17,850 - root - INFO - Token Token-250 started task 'Review AM using Asset Change Tracker (5.5.13.1)' at 2025-01-16 07:42:22.591178, scheduled to end at 2025-01-16 07:51:55.771743
2025-03-06 16:39:17,851 - root - INFO - Token Token-249 started task 'Complete /Accurate?' at 2025-01-16 07:42:22.591178, scheduled to end at 2025-01-16 07:42:22.591178
2025-03-06 16:39:17,851 - root - INFO - Token Token-249 completed task 'Complete /Accurate?' at 2025-01-16 07:42:22.591178.
2025-03-06 16:39:17,851 - root - INFO - Token Token-249 waiting for resource 'Tech' at 2025-01-16 07:42:22.591178
2025-03-06 16:39:17,851 - root - INFO - Token Token-250 completed task 'Review AM using Asset Change Tracker (5.5.13.1)' at 2025-01-16 07:51:55.771743.
2025-03-06 16:39:17,852 - root - INFO - Token Token-251 released from wait queue for 'Tech'
2025-03-06 16:39:17,852 - root - INFO - Token Token-251 waited 12871.93 minutes for resource
2025-03-06 16:39:17,852 - root - INFO - Token Token-251 started task 'Review AM using Asset Change Tracker (5.5.13.1)' at 2025-01-16 07:51:55.771743, scheduled to end at 2025-01-16 08:01:09.051276
2025-03-06 16:39:17,852 - root - INFO - Token Token-250 started task 'Complete /Accurate?' at 2025-01-16 07:51:55.771743, scheduled to end at 2025-01-16 07:51:55.771743
2025-03-06 16:39:17,853 - root - INFO - Token Token-250 completed task 'Complete /Accurate?' at 2025-01-16 07:51:55.771743.
2025-03-06 16:39:17,853 - root - INFO - Token Token-250 waiting for resource 'Tech' at 2025-01-16 07:51:55.771743
2025-03-06 16:39:17,853 - root - INFO - Token Token-251 completed task 'Review AM using Asset Change Tracker (5.5.13.1)' at 2025-01-16 08:01:09.051276.
2025-03-06 16:39:17,853 - root - INFO - Token Token-29 released from wait queue for 'Tech'
2025-03-06 16:39:17,853 - root - INFO - Token Token-29 waited 12880.80 minutes for resource
2025-03-06 16:39:17,854 - root - INFO - Token Token-29 started task 'Work with REO RPO to Correct (5.5.13.3)' at 2025-01-16 08:01:09.051276, scheduled to end at 2025-01-16 09:59:39.544808
2025-03-06 16:39:17,854 - root - INFO - Token Token-251 started task 'Complete /Accurate?' at 2025-01-16 08:01:09.051276, scheduled to end at 2025-01-16 08:01:09.051276
2025-03-06 16:39:17,854 - root - INFO - Token Token-251 completed task 'Complete /Accurate?' at 2025-01-16 08:01:09.051276.
2025-03-06 16:39:17,855 - root - INFO - Token Token-251 waiting for resource 'Tech' at 2025-01-16 08:01:09.051276
2025-03-06 16:39:17,855 - root - INFO - Token Token-29 completed task 'Work with REO RPO to Correct (5.5.13.3)' at 2025-01-16 09:59:39.544808.
2025-03-06 16:39:17,856 - root - INFO - Token Token-252 released from wait queue for 'Tech'
2025-03-06 16:39:17,856 - root - INFO - Token Token-252 waited 12997.66 minutes for resource
2025-03-06 16:39:17,856 - root - INFO - Token Token-252 started task 'Review AM using Asset Change Tracker (5.5.13.1)' at 2025-01-16 09:59:39.544808, scheduled to end at 2025-01-16 10:05:20.906022
2025-03-06 16:39:17,856 - root - INFO - Token Token-29 started task 'Create Journal Entries?' at 2025-01-16 09:59:39.544808, scheduled to end at 2025-01-16 09:59:39.544808
2025-03-06 16:39:17,856 - root - INFO - Token Token-29 completed task 'Create Journal Entries?' at 2025-01-16 09:59:39.544808.
2025-03-06 16:39:17,857 - root - INFO - Token Token-29 waiting for resource 'Tech' at 2025-01-16 09:59:39.544808
2025-03-06 16:39:17,857 - root - INFO - Token Token-29 started task 'Inclusive Path 3' at 2025-01-16 09:59:39.544808, scheduled to end at 2025-01-16 10:00:49.854811
2025-03-06 16:39:17,857 - root - INFO - Token Token-29 completed task 'Inclusive Path 3' at 2025-01-16 10:00:49.854811.
2025-03-06 16:39:17,858 - root - INFO - Token Token-29 started task 'Unknown' at 2025-01-16 10:00:49.854811, scheduled to end at 2025-01-16 10:00:49.854811
2025-03-06 16:39:17,858 - root - INFO - Token Token-29 completed task 'Unknown' at 2025-01-16 10:00:49.854811.
2025-03-06 16:39:17,859 - root - INFO - Token Token-29 has completed the entire process at 2025-01-16 10:00:49.854811.
2025-03-06 16:39:17,859 - root - INFO - Token Token-252 completed task 'Review AM using Asset Change Tracker (5.5.13.1)' at 2025-01-16 10:05:20.906022.
2025-03-06 16:39:17,859 - root - INFO - Token Token-253 released from wait queue for 'Tech'
2025-03-06 16:39:17,860 - root - INFO - Token Token-253 waited 13001.35 minutes for resource
2025-03-06 16:39:17,860 - root - INFO - Token Token-253 started task 'Review AM using Asset Change Tracker (5.5.13.1)' at 2025-01-16 10:05:20.906022, scheduled to end at 2025-01-16 10:13:25.075036
2025-03-06 16:39:17,860 - root - INFO - Token Token-252 started task 'Complete /Accurate?' at 2025-01-16 10:05:20.906022, scheduled to end at 2025-01-16 10:05:20.906022
2025-03-06 16:39:17,861 - root - INFO - Token Token-252 completed task 'Complete /Accurate?' at 2025-01-16 10:05:20.906022.
2025-03-06 16:39:17,861 - root - INFO - Token Token-252 waiting for resource 'Tech' at 2025-01-16 10:05:20.906022
2025-03-06 16:39:17,862 - root - INFO - Token Token-253 completed task 'Review AM using Asset Change Tracker (5.5.13.1)' at 2025-01-16 10:13:25.075036.
2025-03-06 16:39:17,862 - root - INFO - Token Token-254 released from wait queue for 'Tech'
2025-03-06 16:39:17,863 - root - INFO - Token Token-254 waited 13007.42 minutes for resource
2025-03-06 16:39:17,863 - root - INFO - Token Token-254 started task 'Review AM using Asset Change Tracker (5.5.13.1)' at 2025-01-16 10:13:25.075036, scheduled to end at 2025-01-16 10:21:34.691267
2025-03-06 16:39:17,864 - root - INFO - Token Token-253 started task 'Complete /Accurate?' at 2025-01-16 10:13:25.075036, scheduled to end at 2025-01-16 10:13:25.075036
2025-03-06 16:39:17,864 - root - INFO - Token Token-253 completed task 'Complete /Accurate?' at 2025-01-16 10:13:25.075036.
2025-03-06 16:39:17,865 - root - INFO - Token Token-253 waiting for resource 'Tech' at 2025-01-16 10:13:25.075036
2025-03-06 16:39:17,865 - root - INFO - Token Token-254 completed task 'Review AM using Asset Change Tracker (5.5.13.1)' at 2025-01-16 10:21:34.691267.
2025-03-06 16:39:17,865 - root - INFO - Token Token-255 released from wait queue for 'Tech'
2025-03-06 16:39:17,866 - root - INFO - Token Token-255 waited 13013.58 minutes for resource
2025-03-06 16:39:17,866 - root - INFO - Token Token-255 started task 'Review AM using Asset Change Tracker (5.5.13.1)' at 2025-01-16 10:21:34.691267, scheduled to end at 2025-01-16 10:28:49.588001
2025-03-06 16:39:17,867 - root - INFO - Token Token-254 started task 'Complete /Accurate?' at 2025-01-16 10:21:34.691267, scheduled to end at 2025-01-16 10:21:34.691267
2025-03-06 16:39:17,867 - root - INFO - Token Token-254 completed task 'Complete /Accurate?' at 2025-01-16 10:21:34.691267.
2025-03-06 16:39:17,867 - root - INFO - Token Token-254 waiting for resource 'Tech' at 2025-01-16 10:21:34.691267
2025-03-06 16:39:17,868 - root - INFO - Token Token-255 completed task 'Review AM using Asset Change Tracker (5.5.13.1)' at 2025-01-16 10:28:49.588001.
2025-03-06 16:39:17,868 - root - INFO - Token Token-30 released from wait queue for 'Tech'
2025-03-06 16:39:17,869 - root - INFO - Token Token-30 waited 13019.61 minutes for resource
2025-03-06 16:39:17,869 - root - INFO - Token Token-30 started task 'Note Accuracy in Asset Change Tracker (5.5.13.2)' at 2025-01-16 10:28:49.588001, scheduled to end at 2025-01-16 10:34:51.440106
2025-03-06 16:39:17,869 - root - INFO - Token Token-255 started task 'Complete /Accurate?' at 2025-01-16 10:28:49.588001, scheduled to end at 2025-01-16 10:28:49.588001
2025-03-06 16:39:17,870 - root - INFO - Token Token-255 completed task 'Complete /Accurate?' at 2025-01-16 10:28:49.588001.
2025-03-06 16:39:17,870 - root - INFO - Token Token-255 waiting for resource 'Tech' at 2025-01-16 10:28:49.588001
2025-03-06 16:39:17,871 - root - INFO - Token Token-30 completed task 'Note Accuracy in Asset Change Tracker (5.5.13.2)' at 2025-01-16 10:34:51.440106.
2025-03-06 16:39:17,871 - root - INFO - Token Token-256 released from wait queue for 'Tech'
2025-03-06 16:39:17,872 - root - INFO - Token Token-256 waited 13024.86 minutes for resource
2025-03-06 16:39:17,872 - root - INFO - Token Token-256 started task 'Review AM using Asset Change Tracker (5.5.13.1)' at 2025-01-16 10:34:51.440106, scheduled to end at 2025-01-16 10:43:47.337318
2025-03-06 16:39:17,872 - root - INFO - Token Token-30 started task 'Unknown' at 2025-01-16 10:34:51.440106, scheduled to end at 2025-01-16 10:34:51.440106
2025-03-06 16:39:17,873 - root - INFO - Token Token-30 completed task 'Unknown' at 2025-01-16 10:34:51.440106.
2025-03-06 16:39:17,873 - root - INFO - Token Token-30 has completed the entire process at 2025-01-16 10:34:51.440106.
2025-03-06 16:39:17,873 - root - INFO - Token Token-256 completed task 'Review AM using Asset Change Tracker (5.5.13.1)' at 2025-01-16 10:43:47.337318.
2025-03-06 16:39:17,873 - root - INFO - Token Token-257 released from wait queue for 'Tech'
2025-03-06 16:39:17,874 - root - INFO - Token Token-257 waited 13031.79 minutes for resource
2025-03-06 16:39:17,874 - root - INFO - Token Token-257 started task 'Review AM using Asset Change Tracker (5.5.13.1)' at 2025-01-16 10:43:47.337318, scheduled to end at 2025-01-16 10:52:48.897587
2025-03-06 16:39:17,876 - root - INFO - Token Token-256 started task 'Complete /Accurate?' at 2025-01-16 10:43:47.337318, scheduled to end at 2025-01-16 10:43:47.337318
2025-03-06 16:39:17,876 - root - INFO - Token Token-256 completed task 'Complete /Accurate?' at 2025-01-16 10:43:47.337318.
2025-03-06 16:39:17,877 - root - INFO - Token Token-256 waiting for resource 'Tech' at 2025-01-16 10:43:47.337318
2025-03-06 16:39:17,877 - root - INFO - Token Token-257 completed task 'Review AM using Asset Change Tracker (5.5.13.1)' at 2025-01-16 10:52:48.897587.
2025-03-06 16:39:17,877 - root - INFO - Token Token-258 released from wait queue for 'Tech'
2025-03-06 16:39:17,878 - root - INFO - Token Token-258 waited 13038.81 minutes for resource
2025-03-06 16:39:17,894 - root - INFO - Token Token-258 started task 'Review AM using Asset Change Tracker (5.5.13.1)' at 2025-01-16 10:52:48.897587, scheduled to end at 2025-01-16 11:01:23.440631
2025-03-06 16:39:17,895 - root - INFO - Token Token-257 started task 'Complete /Accurate?' at 2025-01-16 10:52:48.897587, scheduled to end at 2025-01-16 10:52:48.897587
2025-03-06 16:39:17,895 - root - INFO - Token Token-257 completed task 'Complete /Accurate?' at 2025-01-16 10:52:48.897587.
2025-03-06 16:39:17,895 - root - INFO - Token Token-257 waiting for resource 'Tech' at 2025-01-16 10:52:48.897587
2025-03-06 16:39:17,895 - root - INFO - Token Token-258 completed task 'Review AM using Asset Change Tracker (5.5.13.1)' at 2025-01-16 11:01:23.440631.
2025-03-06 16:39:17,896 - root - INFO - Token Token-259 released from wait queue for 'Tech'
2025-03-06 16:39:17,896 - root - INFO - Token Token-259 waited 13045.39 minutes for resource
2025-03-06 16:39:17,896 - root - INFO - Token Token-259 started task 'Review AM using Asset Change Tracker (5.5.13.1)' at 2025-01-16 11:01:23.440631, scheduled to end at 2025-01-16 11:10:25.620269
2025-03-06 16:39:17,896 - root - INFO - Token Token-258 started task 'Complete /Accurate?' at 2025-01-16 11:01:23.440631, scheduled to end at 2025-01-16 11:01:23.440631
2025-03-06 16:39:17,897 - root - INFO - Token Token-258 completed task 'Complete /Accurate?' at 2025-01-16 11:01:23.440631.
2025-03-06 16:39:17,897 - root - INFO - Token Token-258 waiting for resource 'Tech' at 2025-01-16 11:01:23.440631
2025-03-06 16:39:17,897 - root - INFO - Token Token-259 completed task 'Review AM using Asset Change Tracker (5.5.13.1)' at 2025-01-16 11:10:25.620269.
2025-03-06 16:39:17,897 - root - INFO - Token Token-260 released from wait queue for 'Tech'
2025-03-06 16:39:17,897 - root - INFO - Token Token-260 waited 13052.43 minutes for resource
2025-03-06 16:39:17,898 - root - INFO - Token Token-260 started task 'Review AM using Asset Change Tracker (5.5.13.1)' at 2025-01-16 11:10:25.620269, scheduled to end at 2025-01-16 11:19:29.288679
2025-03-06 16:39:17,898 - root - INFO - Token Token-259 started task 'Complete /Accurate?' at 2025-01-16 11:10:25.620269, scheduled to end at 2025-01-16 11:10:25.620269
2025-03-06 16:39:17,898 - root - INFO - Token Token-259 completed task 'Complete /Accurate?' at 2025-01-16 11:10:25.620269.
2025-03-06 16:39:17,899 - root - INFO - Token Token-259 waiting for resource 'Tech' at 2025-01-16 11:10:25.620269
2025-03-06 16:39:17,899 - root - INFO - Token Token-260 completed task 'Review AM using Asset Change Tracker (5.5.13.1)' at 2025-01-16 11:19:29.288679.
2025-03-06 16:39:17,899 - root - INFO - Token Token-31 released from wait queue for 'Tech'
2025-03-06 16:39:17,900 - root - INFO - Token Token-31 waited 13061.23 minutes for resource
2025-03-06 16:39:17,900 - root - INFO - Token Token-31 started task 'Note Accuracy in Asset Change Tracker (5.5.13.2)' at 2025-01-16 11:19:29.288679, scheduled to end at 2025-01-16 11:25:02.944476
2025-03-06 16:39:17,900 - root - INFO - Token Token-260 started task 'Complete /Accurate?' at 2025-01-16 11:19:29.288679, scheduled to end at 2025-01-16 11:19:29.288679
2025-03-06 16:39:17,900 - root - INFO - Token Token-260 completed task 'Complete /Accurate?' at 2025-01-16 11:19:29.288679.
2025-03-06 16:39:17,901 - root - INFO - Token Token-260 waiting for resource 'Tech' at 2025-01-16 11:19:29.288679
2025-03-06 16:39:17,902 - root - INFO - Token Token-31 completed task 'Note Accuracy in Asset Change Tracker (5.5.13.2)' at 2025-01-16 11:25:02.944476.
2025-03-06 16:39:17,902 - root - INFO - Token Token-261 released from wait queue for 'Tech'
2025-03-06 16:39:17,902 - root - INFO - Token Token-261 waited 13065.05 minutes for resource
2025-03-06 16:39:17,902 - root - INFO - Token Token-261 started task 'Review AM using Asset Change Tracker (5.5.13.1)' at 2025-01-16 11:25:02.944476, scheduled to end at 2025-01-16 11:33:48.263740
2025-03-06 16:39:17,903 - root - INFO - Token Token-31 started task 'Unknown' at 2025-01-16 11:25:02.944476, scheduled to end at 2025-01-16 11:25:02.944476
2025-03-06 16:39:17,903 - root - INFO - Token Token-31 completed task 'Unknown' at 2025-01-16 11:25:02.944476.
2025-03-06 16:39:17,903 - root - INFO - Token Token-31 has completed the entire process at 2025-01-16 11:25:02.944476.
2025-03-06 16:39:17,903 - root - INFO - Token Token-261 completed task 'Review AM using Asset Change Tracker (5.5.13.1)' at 2025-01-16 11:33:48.263740.
2025-03-06 16:39:17,904 - root - INFO - Token Token-262 released from wait queue for 'Tech'
2025-03-06 16:39:17,904 - root - INFO - Token Token-262 waited 13071.80 minutes for resource
2025-03-06 16:39:17,905 - root - INFO - Token Token-262 started task 'Review AM using Asset Change Tracker (5.5.13.1)' at 2025-01-16 11:33:48.263740, scheduled to end at 2025-01-16 11:42:28.553219
2025-03-06 16:39:17,905 - root - INFO - Token Token-261 started task 'Complete /Accurate?' at 2025-01-16 11:33:48.263740, scheduled to end at 2025-01-16 11:33:48.263740
2025-03-06 16:39:17,906 - root - INFO - Token Token-261 completed task 'Complete /Accurate?' at 2025-01-16 11:33:48.263740.
2025-03-06 16:39:17,906 - root - INFO - Token Token-261 waiting for resource 'Tech' at 2025-01-16 11:33:48.263740
2025-03-06 16:39:17,906 - root - INFO - Token Token-262 completed task 'Review AM using Asset Change Tracker (5.5.13.1)' at 2025-01-16 11:42:28.553219.
2025-03-06 16:39:17,907 - root - INFO - Token Token-263 released from wait queue for 'Tech'
2025-03-06 16:39:17,907 - root - INFO - Token Token-263 waited 13078.48 minutes for resource
2025-03-06 16:39:17,907 - root - INFO - Token Token-263 started task 'Review AM using Asset Change Tracker (5.5.13.1)' at 2025-01-16 11:42:28.553219, scheduled to end at 2025-01-16 11:51:09.738083
2025-03-06 16:39:17,908 - root - INFO - Token Token-262 started task 'Complete /Accurate?' at 2025-01-16 11:42:28.553219, scheduled to end at 2025-01-16 11:42:28.553219
2025-03-06 16:39:17,908 - root - INFO - Token Token-262 completed task 'Complete /Accurate?' at 2025-01-16 11:42:28.553219.
2025-03-06 16:39:17,909 - root - INFO - Token Token-262 waiting for resource 'Tech' at 2025-01-16 11:42:28.553219
2025-03-06 16:39:17,909 - root - INFO - Token Token-263 completed task 'Review AM using Asset Change Tracker (5.5.13.1)' at 2025-01-16 11:51:09.738083.
2025-03-06 16:39:17,910 - root - INFO - Token Token-32 released from wait queue for 'Tech'
2025-03-06 16:39:17,910 - root - INFO - Token Token-32 waited 13085.31 minutes for resource
2025-03-06 16:39:17,910 - root - INFO - Token Token-32 started task 'Note Accuracy in Asset Change Tracker (5.5.13.2)' at 2025-01-16 11:51:09.738083, scheduled to end at 2025-01-16 11:55:03.713735
2025-03-06 16:39:17,911 - root - INFO - Token Token-263 started task 'Complete /Accurate?' at 2025-01-16 11:51:09.738083, scheduled to end at 2025-01-16 11:51:09.738083
2025-03-06 16:39:17,911 - root - INFO - Token Token-263 completed task 'Complete /Accurate?' at 2025-01-16 11:51:09.738083.
2025-03-06 16:39:17,912 - root - INFO - Token Token-263 waiting for resource 'Tech' at 2025-01-16 11:51:09.738083
2025-03-06 16:39:17,912 - root - INFO - Token Token-32 completed task 'Note Accuracy in Asset Change Tracker (5.5.13.2)' at 2025-01-16 11:55:03.713735.
2025-03-06 16:39:17,912 - root - INFO - Token Token-264 released from wait queue for 'Tech'
2025-03-06 16:39:17,914 - root - INFO - Token Token-264 waited 13089.06 minutes for resource
2025-03-06 16:39:17,915 - root - INFO - Token Token-264 started task 'Review AM using Asset Change Tracker (5.5.13.1)' at 2025-01-16 11:55:03.713735, scheduled to end at 2025-01-16 12:03:49.659701
2025-03-06 16:39:17,915 - root - INFO - Token Token-32 started task 'Unknown' at 2025-01-16 11:55:03.713735, scheduled to end at 2025-01-16 11:55:03.713735
2025-03-06 16:39:17,916 - root - INFO - Token Token-32 completed task 'Unknown' at 2025-01-16 11:55:03.713735.
2025-03-06 16:39:17,916 - root - INFO - Token Token-32 has completed the entire process at 2025-01-16 11:55:03.713735.
2025-03-06 16:39:17,916 - root - INFO - Token Token-264 completed task 'Review AM using Asset Change Tracker (5.5.13.1)' at 2025-01-16 12:03:49.659701.
2025-03-06 16:39:17,917 - root - INFO - Token Token-265 released from wait queue for 'Tech'
2025-03-06 16:39:17,917 - root - INFO - Token Token-265 waited 13095.83 minutes for resource
2025-03-06 16:39:17,918 - root - INFO - Token Token-265 started task 'Review AM using Asset Change Tracker (5.5.13.1)' at 2025-01-16 12:03:49.659701, scheduled to end at 2025-01-16 12:10:30.433261
2025-03-06 16:39:17,919 - root - INFO - Token Token-264 started task 'Complete /Accurate?' at 2025-01-16 12:03:49.659701, scheduled to end at 2025-01-16 12:03:49.659701
2025-03-06 16:39:17,920 - root - INFO - Token Token-264 completed task 'Complete /Accurate?' at 2025-01-16 12:03:49.659701.
2025-03-06 16:39:17,920 - root - INFO - Token Token-264 waiting for resource 'Tech' at 2025-01-16 12:03:49.659701
2025-03-06 16:39:17,921 - root - INFO - Token Token-265 completed task 'Review AM using Asset Change Tracker (5.5.13.1)' at 2025-01-16 12:10:30.433261.
2025-03-06 16:39:17,921 - root - INFO - Token Token-266 released from wait queue for 'Tech'
2025-03-06 16:39:17,922 - root - INFO - Token Token-266 waited 13100.51 minutes for resource
2025-03-06 16:39:17,922 - root - INFO - Token Token-266 started task 'Review AM using Asset Change Tracker (5.5.13.1)' at 2025-01-16 12:10:30.433261, scheduled to end at 2025-01-16 12:18:37.647414
2025-03-06 16:39:17,922 - root - INFO - Token Token-265 started task 'Complete /Accurate?' at 2025-01-16 12:10:30.433261, scheduled to end at 2025-01-16 12:10:30.433261
2025-03-06 16:39:17,923 - root - INFO - Token Token-265 completed task 'Complete /Accurate?' at 2025-01-16 12:10:30.433261.
2025-03-06 16:39:17,923 - root - INFO - Token Token-265 waiting for resource 'Tech' at 2025-01-16 12:10:30.433261
2025-03-06 16:39:17,923 - root - INFO - Token Token-266 completed task 'Review AM using Asset Change Tracker (5.5.13.1)' at 2025-01-16 12:18:37.647414.
2025-03-06 16:39:17,924 - root - INFO - Token Token-267 released from wait queue for 'Tech'
2025-03-06 16:39:17,924 - root - INFO - Token Token-267 waited 13106.63 minutes for resource
2025-03-06 16:39:17,925 - root - INFO - Token Token-267 started task 'Review AM using Asset Change Tracker (5.5.13.1)' at 2025-01-16 12:18:37.647414, scheduled to end at 2025-01-16 12:28:11.808688
2025-03-06 16:39:17,925 - root - INFO - Token Token-266 started task 'Complete /Accurate?' at 2025-01-16 12:18:37.647414, scheduled to end at 2025-01-16 12:18:37.647414
2025-03-06 16:39:17,925 - root - INFO - Token Token-266 completed task 'Complete /Accurate?' at 2025-01-16 12:18:37.647414.
2025-03-06 16:39:17,926 - root - INFO - Token Token-266 waiting for resource 'Tech' at 2025-01-16 12:18:37.647414
2025-03-06 16:39:17,926 - root - INFO - Token Token-267 completed task 'Review AM using Asset Change Tracker (5.5.13.1)' at 2025-01-16 12:28:11.808688.
2025-03-06 16:39:17,927 - root - INFO - Token Token-268 released from wait queue for 'Tech'
2025-03-06 16:39:17,927 - root - INFO - Token Token-268 waited 13114.20 minutes for resource
2025-03-06 16:39:17,927 - root - INFO - Token Token-268 started task 'Review AM using Asset Change Tracker (5.5.13.1)' at 2025-01-16 12:28:11.808688, scheduled to end at 2025-01-16 12:37:01.826318
2025-03-06 16:39:17,928 - root - INFO - Token Token-267 started task 'Complete /Accurate?' at 2025-01-16 12:28:11.808688, scheduled to end at 2025-01-16 12:28:11.808688
2025-03-06 16:39:17,928 - root - INFO - Token Token-267 completed task 'Complete /Accurate?' at 2025-01-16 12:28:11.808688.
2025-03-06 16:39:17,929 - root - INFO - Token Token-267 waiting for resource 'Tech' at 2025-01-16 12:28:11.808688
2025-03-06 16:39:17,929 - root - INFO - Token Token-268 completed task 'Review AM using Asset Change Tracker (5.5.13.1)' at 2025-01-16 12:37:01.826318.
2025-03-06 16:39:17,930 - root - INFO - Token Token-33 released from wait queue for 'Tech'
2025-03-06 16:39:17,930 - root - INFO - Token Token-33 waited 13121.92 minutes for resource
2025-03-06 16:39:17,932 - root - INFO - Token Token-33 started task 'Note Accuracy in Asset Change Tracker (5.5.13.2)' at 2025-01-16 12:37:01.826318, scheduled to end at 2025-01-16 12:40:57.138699
2025-03-06 16:39:17,933 - root - INFO - Token Token-268 started task 'Complete /Accurate?' at 2025-01-16 12:37:01.826318, scheduled to end at 2025-01-16 12:37:01.826318
2025-03-06 16:39:17,946 - root - INFO - Token Token-268 completed task 'Complete /Accurate?' at 2025-01-16 12:37:01.826318.
2025-03-06 16:39:17,946 - root - INFO - Token Token-268 waiting for resource 'Tech' at 2025-01-16 12:37:01.826318
2025-03-06 16:39:17,947 - root - INFO - Token Token-33 completed task 'Note Accuracy in Asset Change Tracker (5.5.13.2)' at 2025-01-16 12:40:57.138699.
2025-03-06 16:39:17,947 - root - INFO - Token Token-269 released from wait queue for 'Tech'
2025-03-06 16:39:17,947 - root - INFO - Token Token-269 waited 13124.95 minutes for resource
2025-03-06 16:39:17,947 - root - INFO - Token Token-269 started task 'Review AM using Asset Change Tracker (5.5.13.1)' at 2025-01-16 12:40:57.138699, scheduled to end at 2025-01-16 12:48:59.777164
2025-03-06 16:39:17,948 - root - INFO - Token Token-33 started task 'Unknown' at 2025-01-16 12:40:57.138699, scheduled to end at 2025-01-16 12:40:57.138699
2025-03-06 16:39:17,948 - root - INFO - Token Token-33 completed task 'Unknown' at 2025-01-16 12:40:57.138699.
2025-03-06 16:39:17,948 - root - INFO - Token Token-33 has completed the entire process at 2025-01-16 12:40:57.138699.
2025-03-06 16:39:17,948 - root - INFO - Token Token-269 completed task 'Review AM using Asset Change Tracker (5.5.13.1)' at 2025-01-16 12:48:59.777164.
2025-03-06 16:39:17,949 - root - INFO - Token Token-270 released from wait queue for 'Tech'
2025-03-06 16:39:17,949 - root - INFO - Token Token-270 waited 13131.00 minutes for resource
2025-03-06 16:39:17,949 - root - INFO - Token Token-270 started task 'Review AM using Asset Change Tracker (5.5.13.1)' at 2025-01-16 12:48:59.777164, scheduled to end at 2025-01-16 12:58:31.538417
2025-03-06 16:39:17,949 - root - INFO - Token Token-269 started task 'Complete /Accurate?' at 2025-01-16 12:48:59.777164, scheduled to end at 2025-01-16 12:48:59.777164
2025-03-06 16:39:17,950 - root - INFO - Token Token-269 completed task 'Complete /Accurate?' at 2025-01-16 12:48:59.777164.
2025-03-06 16:39:17,950 - root - INFO - Token Token-269 waiting for resource 'Tech' at 2025-01-16 12:48:59.777164
2025-03-06 16:39:17,950 - root - INFO - Token Token-270 completed task 'Review AM using Asset Change Tracker (5.5.13.1)' at 2025-01-16 12:58:31.538417.
2025-03-06 16:39:17,950 - root - INFO - Token Token-271 released from wait queue for 'Tech'
2025-03-06 16:39:17,951 - root - INFO - Token Token-271 waited 13138.53 minutes for resource
2025-03-06 16:39:17,951 - root - INFO - Token Token-271 started task 'Review AM using Asset Change Tracker (5.5.13.1)' at 2025-01-16 12:58:31.538417, scheduled to end at 2025-01-17 07:00:00
2025-03-06 16:39:17,951 - root - INFO - Token Token-270 started task 'Complete /Accurate?' at 2025-01-16 12:58:31.538417, scheduled to end at 2025-01-16 12:58:31.538417
2025-03-06 16:39:17,952 - root - INFO - Token Token-270 completed task 'Complete /Accurate?' at 2025-01-16 12:58:31.538417.
2025-03-06 16:39:17,953 - root - INFO - Token Token-270 waiting for resource 'Tech' at 2025-01-16 12:58:31.538417
2025-03-06 16:39:17,955 - root - INFO - Token Token-271 completed task 'Review AM using Asset Change Tracker (5.5.13.1)' at 2025-01-17 07:00:00.
2025-03-06 16:39:17,956 - root - INFO - Token Token-272 released from wait queue for 'Tech'
2025-03-06 16:39:17,956 - root - INFO - Token Token-272 waited 14218.00 minutes for resource
2025-03-06 16:39:17,956 - root - INFO - Token Token-272 started task 'Review AM using Asset Change Tracker (5.5.13.1)' at 2025-01-17 07:00:00, scheduled to end at 2025-01-17 07:09:16.033647
2025-03-06 16:39:17,957 - root - INFO - Token Token-271 started task 'Complete /Accurate?' at 2025-01-17 07:00:00, scheduled to end at 2025-01-17 07:00:00
2025-03-06 16:39:17,957 - root - INFO - Token Token-271 completed task 'Complete /Accurate?' at 2025-01-17 07:00:00.
2025-03-06 16:39:17,958 - root - INFO - Token Token-271 waiting for resource 'Tech' at 2025-01-17 07:00:00
2025-03-06 16:39:17,958 - root - INFO - Token Token-272 completed task 'Review AM using Asset Change Tracker (5.5.13.1)' at 2025-01-17 07:09:16.033647.
2025-03-06 16:39:17,959 - root - INFO - Token Token-273 released from wait queue for 'Tech'
2025-03-06 16:39:17,959 - root - INFO - Token Token-273 waited 14225.27 minutes for resource
2025-03-06 16:39:17,959 - root - INFO - Token Token-273 started task 'Review AM using Asset Change Tracker (5.5.13.1)' at 2025-01-17 07:09:16.033647, scheduled to end at 2025-01-17 07:15:47.662305
2025-03-06 16:39:17,960 - root - INFO - Token Token-272 started task 'Complete /Accurate?' at 2025-01-17 07:09:16.033647, scheduled to end at 2025-01-17 07:09:16.033647
2025-03-06 16:39:17,960 - root - INFO - Token Token-272 completed task 'Complete /Accurate?' at 2025-01-17 07:09:16.033647.
2025-03-06 16:39:17,961 - root - INFO - Token Token-272 waiting for resource 'Tech' at 2025-01-17 07:09:16.033647
2025-03-06 16:39:17,961 - root - INFO - Token Token-273 completed task 'Review AM using Asset Change Tracker (5.5.13.1)' at 2025-01-17 07:15:47.662305.
2025-03-06 16:39:17,961 - root - INFO - Token Token-274 released from wait queue for 'Tech'
2025-03-06 16:39:17,962 - root - INFO - Token Token-274 waited 14229.79 minutes for resource
2025-03-06 16:39:17,962 - root - INFO - Token Token-274 started task 'Review AM using Asset Change Tracker (5.5.13.1)' at 2025-01-17 07:15:47.662305, scheduled to end at 2025-01-17 07:25:09.533619
2025-03-06 16:39:17,963 - root - INFO - Token Token-273 started task 'Complete /Accurate?' at 2025-01-17 07:15:47.662305, scheduled to end at 2025-01-17 07:15:47.662305
2025-03-06 16:39:17,963 - root - INFO - Token Token-273 completed task 'Complete /Accurate?' at 2025-01-17 07:15:47.662305.
2025-03-06 16:39:17,964 - root - INFO - Token Token-273 waiting for resource 'Tech' at 2025-01-17 07:15:47.662305
2025-03-06 16:39:17,964 - root - INFO - Token Token-274 completed task 'Review AM using Asset Change Tracker (5.5.13.1)' at 2025-01-17 07:25:09.533619.
2025-03-06 16:39:17,964 - root - INFO - Token Token-275 released from wait queue for 'Tech'
2025-03-06 16:39:17,965 - root - INFO - Token Token-275 waited 14237.16 minutes for resource
2025-03-06 16:39:17,965 - root - INFO - Token Token-275 started task 'Review AM using Asset Change Tracker (5.5.13.1)' at 2025-01-17 07:25:09.533619, scheduled to end at 2025-01-17 07:34:32.243239
2025-03-06 16:39:17,965 - root - INFO - Token Token-274 started task 'Complete /Accurate?' at 2025-01-17 07:25:09.533619, scheduled to end at 2025-01-17 07:25:09.533619
2025-03-06 16:39:17,966 - root - INFO - Token Token-274 completed task 'Complete /Accurate?' at 2025-01-17 07:25:09.533619.
2025-03-06 16:39:17,966 - root - INFO - Token Token-274 waiting for resource 'Tech' at 2025-01-17 07:25:09.533619
2025-03-06 16:39:17,967 - root - INFO - Token Token-275 completed task 'Review AM using Asset Change Tracker (5.5.13.1)' at 2025-01-17 07:34:32.243239.
2025-03-06 16:39:17,967 - root - INFO - Token Token-34 released from wait queue for 'Tech'
2025-03-06 16:39:17,967 - root - INFO - Token Token-34 waited 14246.53 minutes for resource
2025-03-06 16:39:17,968 - root - INFO - Token Token-34 started task 'Note Accuracy in Asset Change Tracker (5.5.13.2)' at 2025-01-17 07:34:32.243239, scheduled to end at 2025-01-17 07:39:29.950795
2025-03-06 16:39:17,968 - root - INFO - Token Token-275 started task 'Complete /Accurate?' at 2025-01-17 07:34:32.243239, scheduled to end at 2025-01-17 07:34:32.243239
2025-03-06 16:39:17,969 - root - INFO - Token Token-275 completed task 'Complete /Accurate?' at 2025-01-17 07:34:32.243239.
2025-03-06 16:39:17,969 - root - INFO - Token Token-275 waiting for resource 'Tech' at 2025-01-17 07:34:32.243239
2025-03-06 16:39:17,969 - root - INFO - Token Token-34 completed task 'Note Accuracy in Asset Change Tracker (5.5.13.2)' at 2025-01-17 07:39:29.950795.
2025-03-06 16:39:17,970 - root - INFO - Token Token-276 released from wait queue for 'Tech'
2025-03-06 16:39:17,970 - root - INFO - Token Token-276 waited 14249.50 minutes for resource
2025-03-06 16:39:17,970 - root - INFO - Token Token-276 started task 'Review AM using Asset Change Tracker (5.5.13.1)' at 2025-01-17 07:39:29.950795, scheduled to end at 2025-01-17 07:47:51.963167
2025-03-06 16:39:17,971 - root - INFO - Token Token-34 started task 'Unknown' at 2025-01-17 07:39:29.950795, scheduled to end at 2025-01-17 07:39:29.950795
2025-03-06 16:39:17,971 - root - INFO - Token Token-34 completed task 'Unknown' at 2025-01-17 07:39:29.950795.
2025-03-06 16:39:17,973 - root - INFO - Token Token-34 has completed the entire process at 2025-01-17 07:39:29.950795.
2025-03-06 16:39:17,989 - root - INFO - Token Token-276 completed task 'Review AM using Asset Change Tracker (5.5.13.1)' at 2025-01-17 07:47:51.963167.
2025-03-06 16:39:17,989 - root - INFO - Token Token-277 released from wait queue for 'Tech'
2025-03-06 16:39:17,989 - root - INFO - Token Token-277 waited 14255.87 minutes for resource
2025-03-06 16:39:17,990 - root - INFO - Token Token-277 started task 'Review AM using Asset Change Tracker (5.5.13.1)' at 2025-01-17 07:47:51.963167, scheduled to end at 2025-01-17 07:57:20.863014
2025-03-06 16:39:17,990 - root - INFO - Token Token-276 started task 'Complete /Accurate?' at 2025-01-17 07:47:51.963167, scheduled to end at 2025-01-17 07:47:51.963167
2025-03-06 16:39:17,990 - root - INFO - Token Token-276 completed task 'Complete /Accurate?' at 2025-01-17 07:47:51.963167.
2025-03-06 16:39:17,990 - root - INFO - Token Token-276 waiting for resource 'Tech' at 2025-01-17 07:47:51.963167
2025-03-06 16:39:17,991 - root - INFO - Token Token-277 completed task 'Review AM using Asset Change Tracker (5.5.13.1)' at 2025-01-17 07:57:20.863014.
2025-03-06 16:39:17,991 - root - INFO - Token Token-278 released from wait queue for 'Tech'
2025-03-06 16:39:17,991 - root - INFO - Token Token-278 waited 14263.35 minutes for resource
2025-03-06 16:39:17,991 - root - INFO - Token Token-278 started task 'Review AM using Asset Change Tracker (5.5.13.1)' at 2025-01-17 07:57:20.863014, scheduled to end at 2025-01-17 08:05:24.489852
2025-03-06 16:39:17,991 - root - INFO - Token Token-277 started task 'Complete /Accurate?' at 2025-01-17 07:57:20.863014, scheduled to end at 2025-01-17 07:57:20.863014
2025-03-06 16:39:17,992 - root - INFO - Token Token-277 completed task 'Complete /Accurate?' at 2025-01-17 07:57:20.863014.
2025-03-06 16:39:17,992 - root - INFO - Token Token-277 waiting for resource 'Tech' at 2025-01-17 07:57:20.863014
2025-03-06 16:39:17,992 - root - INFO - Token Token-278 completed task 'Review AM using Asset Change Tracker (5.5.13.1)' at 2025-01-17 08:05:24.489852.
2025-03-06 16:39:17,993 - root - INFO - Token Token-279 released from wait queue for 'Tech'
2025-03-06 16:39:17,993 - root - INFO - Token Token-279 waited 14269.41 minutes for resource
2025-03-06 16:39:17,993 - root - INFO - Token Token-279 started task 'Review AM using Asset Change Tracker (5.5.13.1)' at 2025-01-17 08:05:24.489852, scheduled to end at 2025-01-17 08:13:47.735321
2025-03-06 16:39:17,993 - root - INFO - Token Token-278 started task 'Complete /Accurate?' at 2025-01-17 08:05:24.489852, scheduled to end at 2025-01-17 08:05:24.489852
2025-03-06 16:39:17,993 - root - INFO - Token Token-278 completed task 'Complete /Accurate?' at 2025-01-17 08:05:24.489852.
2025-03-06 16:39:17,993 - root - INFO - Token Token-278 waiting for resource 'Tech' at 2025-01-17 08:05:24.489852
2025-03-06 16:39:17,993 - root - INFO - Token Token-279 completed task 'Review AM using Asset Change Tracker (5.5.13.1)' at 2025-01-17 08:13:47.735321.
2025-03-06 16:39:17,995 - root - INFO - Token Token-35 released from wait queue for 'Tech'
2025-03-06 16:39:17,995 - root - INFO - Token Token-35 waited 14277.05 minutes for resource
2025-03-06 16:39:17,995 - root - INFO - Token Token-35 started task 'Note Accuracy in Asset Change Tracker (5.5.13.2)' at 2025-01-17 08:13:47.735321, scheduled to end at 2025-01-17 08:19:17.735012
2025-03-06 16:39:17,995 - root - INFO - Token Token-279 started task 'Complete /Accurate?' at 2025-01-17 08:13:47.735321, scheduled to end at 2025-01-17 08:13:47.735321
2025-03-06 16:39:17,995 - root - INFO - Token Token-279 completed task 'Complete /Accurate?' at 2025-01-17 08:13:47.735321.
2025-03-06 16:39:17,996 - root - INFO - Token Token-279 waiting for resource 'Tech' at 2025-01-17 08:13:47.735321
2025-03-06 16:39:17,996 - root - INFO - Token Token-35 completed task 'Note Accuracy in Asset Change Tracker (5.5.13.2)' at 2025-01-17 08:19:17.735012.
2025-03-06 16:39:17,997 - root - INFO - Token Token-280 released from wait queue for 'Tech'
2025-03-06 16:39:17,997 - root - INFO - Token Token-280 waited 14281.30 minutes for resource
2025-03-06 16:39:17,997 - root - INFO - Token Token-280 started task 'Review AM using Asset Change Tracker (5.5.13.1)' at 2025-01-17 08:19:17.735012, scheduled to end at 2025-01-17 08:24:32.577689
2025-03-06 16:39:17,997 - root - INFO - Token Token-35 started task 'Unknown' at 2025-01-17 08:19:17.735012, scheduled to end at 2025-01-17 08:19:17.735012
2025-03-06 16:39:17,998 - root - INFO - Token Token-35 completed task 'Unknown' at 2025-01-17 08:19:17.735012.
2025-03-06 16:39:18,000 - root - INFO - Token Token-35 has completed the entire process at 2025-01-17 08:19:17.735012.
2025-03-06 16:39:18,001 - root - INFO - Token Token-280 completed task 'Review AM using Asset Change Tracker (5.5.13.1)' at 2025-01-17 08:24:32.577689.
2025-03-06 16:39:18,001 - root - INFO - Token Token-281 released from wait queue for 'Tech'
2025-03-06 16:39:18,001 - root - INFO - Token Token-281 waited 14284.54 minutes for resource
2025-03-06 16:39:18,001 - root - INFO - Token Token-281 started task 'Review AM using Asset Change Tracker (5.5.13.1)' at 2025-01-17 08:24:32.577689, scheduled to end at 2025-01-17 08:32:52.025427
2025-03-06 16:39:18,003 - root - INFO - Token Token-280 started task 'Complete /Accurate?' at 2025-01-17 08:24:32.577689, scheduled to end at 2025-01-17 08:24:32.577689
2025-03-06 16:39:18,003 - root - INFO - Token Token-280 completed task 'Complete /Accurate?' at 2025-01-17 08:24:32.577689.
2025-03-06 16:39:18,004 - root - INFO - Token Token-280 waiting for resource 'Tech' at 2025-01-17 08:24:32.577689
2025-03-06 16:39:18,004 - root - INFO - Token Token-281 completed task 'Review AM using Asset Change Tracker (5.5.13.1)' at 2025-01-17 08:32:52.025427.
2025-03-06 16:39:18,006 - root - INFO - Token Token-282 released from wait queue for 'Tech'
2025-03-06 16:39:18,006 - root - INFO - Token Token-282 waited 14290.87 minutes for resource
2025-03-06 16:39:18,006 - root - INFO - Token Token-282 started task 'Review AM using Asset Change Tracker (5.5.13.1)' at 2025-01-17 08:32:52.025427, scheduled to end at 2025-01-17 08:41:26.755942
2025-03-06 16:39:18,007 - root - INFO - Token Token-281 started task 'Complete /Accurate?' at 2025-01-17 08:32:52.025427, scheduled to end at 2025-01-17 08:32:52.025427
2025-03-06 16:39:18,007 - root - INFO - Token Token-281 completed task 'Complete /Accurate?' at 2025-01-17 08:32:52.025427.
2025-03-06 16:39:18,008 - root - INFO - Token Token-281 waiting for resource 'Tech' at 2025-01-17 08:32:52.025427
2025-03-06 16:39:18,008 - root - INFO - Token Token-282 completed task 'Review AM using Asset Change Tracker (5.5.13.1)' at 2025-01-17 08:41:26.755942.
2025-03-06 16:39:18,008 - root - INFO - Token Token-283 released from wait queue for 'Tech'
2025-03-06 16:39:18,009 - root - INFO - Token Token-283 waited 14297.45 minutes for resource
2025-03-06 16:39:18,009 - root - INFO - Token Token-283 started task 'Review AM using Asset Change Tracker (5.5.13.1)' at 2025-01-17 08:41:26.755942, scheduled to end at 2025-01-17 08:49:27.323117
2025-03-06 16:39:18,010 - root - INFO - Token Token-282 started task 'Complete /Accurate?' at 2025-01-17 08:41:26.755942, scheduled to end at 2025-01-17 08:41:26.755942
2025-03-06 16:39:18,010 - root - INFO - Token Token-282 completed task 'Complete /Accurate?' at 2025-01-17 08:41:26.755942.
2025-03-06 16:39:18,011 - root - INFO - Token Token-282 waiting for resource 'Tech' at 2025-01-17 08:41:26.755942
2025-03-06 16:39:18,011 - root - INFO - Token Token-283 completed task 'Review AM using Asset Change Tracker (5.5.13.1)' at 2025-01-17 08:49:27.323117.
2025-03-06 16:39:18,011 - root - INFO - Token Token-36 released from wait queue for 'Tech'
2025-03-06 16:39:18,012 - root - INFO - Token Token-36 waited 14304.52 minutes for resource
2025-03-06 16:39:18,012 - root - INFO - Token Token-36 started task 'Note Accuracy in Asset Change Tracker (5.5.13.2)' at 2025-01-17 08:49:27.323117, scheduled to end at 2025-01-17 08:55:55.848542
2025-03-06 16:39:18,012 - root - INFO - Token Token-283 started task 'Complete /Accurate?' at 2025-01-17 08:49:27.323117, scheduled to end at 2025-01-17 08:49:27.323117
2025-03-06 16:39:18,013 - root - INFO - Token Token-283 completed task 'Complete /Accurate?' at 2025-01-17 08:49:27.323117.
2025-03-06 16:39:18,013 - root - INFO - Token Token-283 waiting for resource 'Tech' at 2025-01-17 08:49:27.323117
2025-03-06 16:39:18,014 - root - INFO - Token Token-36 completed task 'Note Accuracy in Asset Change Tracker (5.5.13.2)' at 2025-01-17 08:55:55.848542.
2025-03-06 16:39:18,014 - root - INFO - Token Token-284 released from wait queue for 'Tech'
2025-03-06 16:39:18,014 - root - INFO - Token Token-284 waited 14309.93 minutes for resource
2025-03-06 16:39:18,015 - root - INFO - Token Token-284 started task 'Review AM using Asset Change Tracker (5.5.13.1)' at 2025-01-17 08:55:55.848542, scheduled to end at 2025-01-17 09:05:11.541348
2025-03-06 16:39:18,015 - root - INFO - Token Token-36 started task 'Unknown' at 2025-01-17 08:55:55.848542, scheduled to end at 2025-01-17 08:55:55.848542
2025-03-06 16:39:18,016 - root - INFO - Token Token-36 completed task 'Unknown' at 2025-01-17 08:55:55.848542.
2025-03-06 16:39:18,016 - root - INFO - Token Token-36 has completed the entire process at 2025-01-17 08:55:55.848542.
2025-03-06 16:39:18,017 - root - INFO - Token Token-284 completed task 'Review AM using Asset Change Tracker (5.5.13.1)' at 2025-01-17 09:05:11.541348.
2025-03-06 16:39:18,018 - root - INFO - Token Token-285 released from wait queue for 'Tech'
2025-03-06 16:39:18,019 - root - INFO - Token Token-285 waited 14317.19 minutes for resource
2025-03-06 16:39:18,037 - root - INFO - Token Token-285 started task 'Review AM using Asset Change Tracker (5.5.13.1)' at 2025-01-17 09:05:11.541348, scheduled to end at 2025-01-17 09:11:22.215205
2025-03-06 16:39:18,037 - root - INFO - Token Token-284 started task 'Complete /Accurate?' at 2025-01-17 09:05:11.541348, scheduled to end at 2025-01-17 09:05:11.541348
2025-03-06 16:39:18,037 - root - INFO - Token Token-284 completed task 'Complete /Accurate?' at 2025-01-17 09:05:11.541348.
2025-03-06 16:39:18,037 - root - INFO - Token Token-284 waiting for resource 'Tech' at 2025-01-17 09:05:11.541348
2025-03-06 16:39:18,038 - root - INFO - Token Token-285 completed task 'Review AM using Asset Change Tracker (5.5.13.1)' at 2025-01-17 09:11:22.215205.
2025-03-06 16:39:18,038 - root - INFO - Token Token-286 released from wait queue for 'Tech'
2025-03-06 16:39:18,038 - root - INFO - Token Token-286 waited 14321.37 minutes for resource
2025-03-06 16:39:18,038 - root - INFO - Token Token-286 started task 'Review AM using Asset Change Tracker (5.5.13.1)' at 2025-01-17 09:11:22.215205, scheduled to end at 2025-01-17 09:18:20.467695
2025-03-06 16:39:18,039 - root - INFO - Token Token-285 started task 'Complete /Accurate?' at 2025-01-17 09:11:22.215205, scheduled to end at 2025-01-17 09:11:22.215205
2025-03-06 16:39:18,039 - root - INFO - Token Token-285 completed task 'Complete /Accurate?' at 2025-01-17 09:11:22.215205.
2025-03-06 16:39:18,039 - root - INFO - Token Token-285 waiting for resource 'Tech' at 2025-01-17 09:11:22.215205
2025-03-06 16:39:18,039 - root - INFO - Token Token-286 completed task 'Review AM using Asset Change Tracker (5.5.13.1)' at 2025-01-17 09:18:20.467695.
2025-03-06 16:39:18,040 - root - INFO - Token Token-287 released from wait queue for 'Tech'
2025-03-06 16:39:18,040 - root - INFO - Token Token-287 waited 14326.34 minutes for resource
2025-03-06 16:39:18,040 - root - INFO - Token Token-287 started task 'Review AM using Asset Change Tracker (5.5.13.1)' at 2025-01-17 09:18:20.467695, scheduled to end at 2025-01-17 09:24:18.230028
2025-03-06 16:39:18,040 - root - INFO - Token Token-286 started task 'Complete /Accurate?' at 2025-01-17 09:18:20.467695, scheduled to end at 2025-01-17 09:18:20.467695
2025-03-06 16:39:18,041 - root - INFO - Token Token-286 completed task 'Complete /Accurate?' at 2025-01-17 09:18:20.467695.
2025-03-06 16:39:18,041 - root - INFO - Token Token-286 waiting for resource 'Tech' at 2025-01-17 09:18:20.467695
2025-03-06 16:39:18,041 - root - INFO - Token Token-287 completed task 'Review AM using Asset Change Tracker (5.5.13.1)' at 2025-01-17 09:24:18.230028.
2025-03-06 16:39:18,041 - root - INFO - Token Token-37 released from wait queue for 'Tech'
2025-03-06 16:39:18,042 - root - INFO - Token Token-37 waited 14331.63 minutes for resource
2025-03-06 16:39:18,042 - root - INFO - Token Token-37 started task 'Work with REO RPO to Correct (5.5.13.3)' at 2025-01-17 09:24:18.230028, scheduled to end at 2025-01-17 11:55:18.560011
2025-03-06 16:39:18,042 - root - INFO - Token Token-287 started task 'Complete /Accurate?' at 2025-01-17 09:24:18.230028, scheduled to end at 2025-01-17 09:24:18.230028
2025-03-06 16:39:18,042 - root - INFO - Token Token-287 completed task 'Complete /Accurate?' at 2025-01-17 09:24:18.230028.
2025-03-06 16:39:18,043 - root - INFO - Token Token-287 waiting for resource 'Tech' at 2025-01-17 09:24:18.230028
2025-03-06 16:39:18,043 - root - INFO - Token Token-37 completed task 'Work with REO RPO to Correct (5.5.13.3)' at 2025-01-17 11:55:18.560011.
2025-03-06 16:39:18,043 - root - INFO - Token Token-288 released from wait queue for 'Tech'
2025-03-06 16:39:18,043 - root - INFO - Token Token-288 waited 14481.31 minutes for resource
2025-03-06 16:39:18,044 - root - INFO - Token Token-288 started task 'Review AM using Asset Change Tracker (5.5.13.1)' at 2025-01-17 11:55:18.560011, scheduled to end at 2025-01-17 12:01:28.219480
2025-03-06 16:39:18,045 - root - INFO - Token Token-37 started task 'Create Journal Entries?' at 2025-01-17 11:55:18.560011, scheduled to end at 2025-01-17 11:55:18.560011
2025-03-06 16:39:18,045 - root - INFO - Token Token-37 completed task 'Create Journal Entries?' at 2025-01-17 11:55:18.560011.
2025-03-06 16:39:18,046 - root - INFO - Token Token-37 started task 'Inclusive Path 3' at 2025-01-17 11:55:18.560011, scheduled to end at 2025-01-17 11:56:13.378210
2025-03-06 16:39:18,046 - root - INFO - Token Token-37 completed task 'Inclusive Path 3' at 2025-01-17 11:56:13.378210.
2025-03-06 16:39:18,046 - root - INFO - Token Token-37 started task 'Unknown' at 2025-01-17 11:56:13.378210, scheduled to end at 2025-01-17 11:56:13.378210
2025-03-06 16:39:18,046 - root - INFO - Token Token-37 completed task 'Unknown' at 2025-01-17 11:56:13.378210.
2025-03-06 16:39:18,046 - root - INFO - Token Token-37 has completed the entire process at 2025-01-17 11:56:13.378210.
2025-03-06 16:39:18,048 - root - INFO - Token Token-288 completed task 'Review AM using Asset Change Tracker (5.5.13.1)' at 2025-01-17 12:01:28.219480.
2025-03-06 16:39:18,048 - root - INFO - Token Token-289 released from wait queue for 'Tech'
2025-03-06 16:39:18,049 - root - INFO - Token Token-289 waited 14485.47 minutes for resource
2025-03-06 16:39:18,049 - root - INFO - Token Token-289 started task 'Review AM using Asset Change Tracker (5.5.13.1)' at 2025-01-17 12:01:28.219480, scheduled to end at 2025-01-17 12:10:19.998453
2025-03-06 16:39:18,050 - root - INFO - Token Token-288 started task 'Complete /Accurate?' at 2025-01-17 12:01:28.219480, scheduled to end at 2025-01-17 12:01:28.219480
2025-03-06 16:39:18,050 - root - INFO - Token Token-288 completed task 'Complete /Accurate?' at 2025-01-17 12:01:28.219480.
2025-03-06 16:39:18,050 - root - INFO - Token Token-288 waiting for resource 'Tech' at 2025-01-17 12:01:28.219480
2025-03-06 16:39:18,051 - root - INFO - Token Token-289 completed task 'Review AM using Asset Change Tracker (5.5.13.1)' at 2025-01-17 12:10:19.998453.
2025-03-06 16:39:18,051 - root - INFO - Token Token-290 released from wait queue for 'Tech'
2025-03-06 16:39:18,052 - root - INFO - Token Token-290 waited 14492.33 minutes for resource
2025-03-06 16:39:18,052 - root - INFO - Token Token-290 started task 'Review AM using Asset Change Tracker (5.5.13.1)' at 2025-01-17 12:10:19.998453, scheduled to end at 2025-01-17 12:15:46.253187
2025-03-06 16:39:18,052 - root - INFO - Token Token-289 started task 'Complete /Accurate?' at 2025-01-17 12:10:19.998453, scheduled to end at 2025-01-17 12:10:19.998453
2025-03-06 16:39:18,053 - root - INFO - Token Token-289 completed task 'Complete /Accurate?' at 2025-01-17 12:10:19.998453.
2025-03-06 16:39:18,053 - root - INFO - Token Token-289 waiting for resource 'Tech' at 2025-01-17 12:10:19.998453
2025-03-06 16:39:18,054 - root - INFO - Token Token-290 completed task 'Review AM using Asset Change Tracker (5.5.13.1)' at 2025-01-17 12:15:46.253187.
2025-03-06 16:39:18,054 - root - INFO - Token Token-291 released from wait queue for 'Tech'
2025-03-06 16:39:18,055 - root - INFO - Token Token-291 waited 14495.77 minutes for resource
2025-03-06 16:39:18,055 - root - INFO - Token Token-291 started task 'Review AM using Asset Change Tracker (5.5.13.1)' at 2025-01-17 12:15:46.253187, scheduled to end at 2025-01-17 12:25:01.765398
2025-03-06 16:39:18,056 - root - INFO - Token Token-290 started task 'Complete /Accurate?' at 2025-01-17 12:15:46.253187, scheduled to end at 2025-01-17 12:15:46.253187
2025-03-06 16:39:18,056 - root - INFO - Token Token-290 completed task 'Complete /Accurate?' at 2025-01-17 12:15:46.253187.
2025-03-06 16:39:18,056 - root - INFO - Token Token-290 waiting for resource 'Tech' at 2025-01-17 12:15:46.253187
2025-03-06 16:39:18,056 - root - INFO - Token Token-291 completed task 'Review AM using Asset Change Tracker (5.5.13.1)' at 2025-01-17 12:25:01.765398.
2025-03-06 16:39:18,056 - root - INFO - Token Token-292 released from wait queue for 'Tech'
2025-03-06 16:39:18,057 - root - INFO - Token Token-292 waited 14503.03 minutes for resource
2025-03-06 16:39:18,057 - root - INFO - Token Token-292 started task 'Review AM using Asset Change Tracker (5.5.13.1)' at 2025-01-17 12:25:01.765398, scheduled to end at 2025-01-17 12:32:17.053096
2025-03-06 16:39:18,058 - root - INFO - Token Token-291 started task 'Complete /Accurate?' at 2025-01-17 12:25:01.765398, scheduled to end at 2025-01-17 12:25:01.765398
2025-03-06 16:39:18,058 - root - INFO - Token Token-291 completed task 'Complete /Accurate?' at 2025-01-17 12:25:01.765398.
2025-03-06 16:39:18,058 - root - INFO - Token Token-291 waiting for resource 'Tech' at 2025-01-17 12:25:01.765398
2025-03-06 16:39:18,060 - root - INFO - Token Token-292 completed task 'Review AM using Asset Change Tracker (5.5.13.1)' at 2025-01-17 12:32:17.053096.
2025-03-06 16:39:18,060 - root - INFO - Token Token-293 released from wait queue for 'Tech'
2025-03-06 16:39:18,061 - root - INFO - Token Token-293 waited 14508.28 minutes for resource
2025-03-06 16:39:18,061 - root - INFO - Token Token-293 started task 'Review AM using Asset Change Tracker (5.5.13.1)' at 2025-01-17 12:32:17.053096, scheduled to end at 2025-01-17 12:41:41.609072
2025-03-06 16:39:18,061 - root - INFO - Token Token-292 started task 'Complete /Accurate?' at 2025-01-17 12:32:17.053096, scheduled to end at 2025-01-17 12:32:17.053096
2025-03-06 16:39:18,062 - root - INFO - Token Token-292 completed task 'Complete /Accurate?' at 2025-01-17 12:32:17.053096.
2025-03-06 16:39:18,062 - root - INFO - Token Token-292 waiting for resource 'Tech' at 2025-01-17 12:32:17.053096
2025-03-06 16:39:18,063 - root - INFO - Token Token-293 completed task 'Review AM using Asset Change Tracker (5.5.13.1)' at 2025-01-17 12:41:41.609072.
2025-03-06 16:39:18,063 - root - INFO - Token Token-294 released from wait queue for 'Tech'
2025-03-06 16:39:18,063 - root - INFO - Token Token-294 waited 14515.69 minutes for resource
2025-03-06 16:39:18,064 - root - INFO - Token Token-294 started task 'Review AM using Asset Change Tracker (5.5.13.1)' at 2025-01-17 12:41:41.609072, scheduled to end at 2025-01-17 12:48:17.197539
2025-03-06 16:39:18,081 - root - INFO - Token Token-293 started task 'Complete /Accurate?' at 2025-01-17 12:41:41.609072, scheduled to end at 2025-01-17 12:41:41.609072
2025-03-06 16:39:18,082 - root - INFO - Token Token-293 completed task 'Complete /Accurate?' at 2025-01-17 12:41:41.609072.
2025-03-06 16:39:18,082 - root - INFO - Token Token-293 waiting for resource 'Tech' at 2025-01-17 12:41:41.609072
2025-03-06 16:39:18,082 - root - INFO - Token Token-294 completed task 'Review AM using Asset Change Tracker (5.5.13.1)' at 2025-01-17 12:48:17.197539.
2025-03-06 16:39:18,082 - root - INFO - Token Token-295 released from wait queue for 'Tech'
2025-03-06 16:39:18,083 - root - INFO - Token Token-295 waited 14520.29 minutes for resource
2025-03-06 16:39:18,083 - root - INFO - Token Token-295 started task 'Review AM using Asset Change Tracker (5.5.13.1)' at 2025-01-17 12:48:17.197539, scheduled to end at 2025-01-17 12:54:49.176159
2025-03-06 16:39:18,083 - root - INFO - Token Token-294 started task 'Complete /Accurate?' at 2025-01-17 12:48:17.197539, scheduled to end at 2025-01-17 12:48:17.197539
2025-03-06 16:39:18,083 - root - INFO - Token Token-294 completed task 'Complete /Accurate?' at 2025-01-17 12:48:17.197539.
2025-03-06 16:39:18,084 - root - INFO - Token Token-294 waiting for resource 'Tech' at 2025-01-17 12:48:17.197539
2025-03-06 16:39:18,084 - root - INFO - Token Token-295 completed task 'Review AM using Asset Change Tracker (5.5.13.1)' at 2025-01-17 12:54:49.176159.
2025-03-06 16:39:18,084 - root - INFO - Token Token-296 released from wait queue for 'Tech'
2025-03-06 16:39:18,084 - root - INFO - Token Token-296 waited 14524.82 minutes for resource
2025-03-06 16:39:18,084 - root - INFO - Token Token-296 started task 'Review AM using Asset Change Tracker (5.5.13.1)' at 2025-01-17 12:54:49.176159, scheduled to end at 2025-01-20 07:00:00
2025-03-06 16:39:18,085 - root - INFO - Token Token-295 started task 'Complete /Accurate?' at 2025-01-17 12:54:49.176159, scheduled to end at 2025-01-17 12:54:49.176159
2025-03-06 16:39:18,085 - root - INFO - Token Token-295 completed task 'Complete /Accurate?' at 2025-01-17 12:54:49.176159.
2025-03-06 16:39:18,085 - root - INFO - Token Token-295 waiting for resource 'Tech' at 2025-01-17 12:54:49.176159
2025-03-06 16:39:18,085 - root - INFO - Token Token-296 completed task 'Review AM using Asset Change Tracker (5.5.13.1)' at 2025-01-20 07:00:00.
2025-03-06 16:39:18,086 - root - INFO - Token Token-297 released from wait queue for 'Tech'
2025-03-06 16:39:18,086 - root - INFO - Token Token-297 waited 18488.00 minutes for resource
2025-03-06 16:39:18,086 - root - INFO - Token Token-297 started task 'Review AM using Asset Change Tracker (5.5.13.1)' at 2025-01-20 07:00:00, scheduled to end at 2025-01-20 07:09:31.438287
2025-03-06 16:39:18,086 - root - INFO - Token Token-296 started task 'Complete /Accurate?' at 2025-01-20 07:00:00, scheduled to end at 2025-01-20 07:00:00
2025-03-06 16:39:18,087 - root - INFO - Token Token-296 completed task 'Complete /Accurate?' at 2025-01-20 07:00:00.
2025-03-06 16:39:18,087 - root - INFO - Token Token-296 waiting for resource 'Tech' at 2025-01-20 07:00:00
2025-03-06 16:39:18,087 - root - INFO - Token Token-297 completed task 'Review AM using Asset Change Tracker (5.5.13.1)' at 2025-01-20 07:09:31.438287.
2025-03-06 16:39:18,087 - root - INFO - Token Token-298 released from wait queue for 'Tech'
2025-03-06 16:39:18,088 - root - INFO - Token Token-298 waited 18495.52 minutes for resource
2025-03-06 16:39:18,088 - root - INFO - Token Token-298 started task 'Review AM using Asset Change Tracker (5.5.13.1)' at 2025-01-20 07:09:31.438287, scheduled to end at 2025-01-20 07:19:02.073793
2025-03-06 16:39:18,088 - root - INFO - Token Token-297 started task 'Complete /Accurate?' at 2025-01-20 07:09:31.438287, scheduled to end at 2025-01-20 07:09:31.438287
2025-03-06 16:39:18,089 - root - INFO - Token Token-297 completed task 'Complete /Accurate?' at 2025-01-20 07:09:31.438287.
2025-03-06 16:39:18,089 - root - INFO - Token Token-297 waiting for resource 'Tech' at 2025-01-20 07:09:31.438287
2025-03-06 16:39:18,090 - root - INFO - Token Token-298 completed task 'Review AM using Asset Change Tracker (5.5.13.1)' at 2025-01-20 07:19:02.073793.
2025-03-06 16:39:18,090 - root - INFO - Token Token-299 released from wait queue for 'Tech'
2025-03-06 16:39:18,090 - root - INFO - Token Token-299 waited 18503.03 minutes for resource
2025-03-06 16:39:18,090 - root - INFO - Token Token-299 started task 'Review AM using Asset Change Tracker (5.5.13.1)' at 2025-01-20 07:19:02.073793, scheduled to end at 2025-01-20 07:27:53.036204
2025-03-06 16:39:18,090 - root - INFO - Token Token-298 started task 'Complete /Accurate?' at 2025-01-20 07:19:02.073793, scheduled to end at 2025-01-20 07:19:02.073793
2025-03-06 16:39:18,091 - root - INFO - Token Token-298 completed task 'Complete /Accurate?' at 2025-01-20 07:19:02.073793.
2025-03-06 16:39:18,092 - root - INFO - Token Token-298 waiting for resource 'Tech' at 2025-01-20 07:19:02.073793
2025-03-06 16:39:18,093 - root - INFO - Token Token-299 completed task 'Review AM using Asset Change Tracker (5.5.13.1)' at 2025-01-20 07:27:53.036204.
2025-03-06 16:39:18,093 - root - INFO - Token Token-300 released from wait queue for 'Tech'
2025-03-06 16:39:18,094 - root - INFO - Token Token-300 waited 18509.88 minutes for resource
2025-03-06 16:39:18,094 - root - INFO - Token Token-300 started task 'Review AM using Asset Change Tracker (5.5.13.1)' at 2025-01-20 07:27:53.036204, scheduled to end at 2025-01-20 07:35:29.496848
2025-03-06 16:39:18,095 - root - INFO - Token Token-299 started task 'Complete /Accurate?' at 2025-01-20 07:27:53.036204, scheduled to end at 2025-01-20 07:27:53.036204
2025-03-06 16:39:18,095 - root - INFO - Token Token-299 completed task 'Complete /Accurate?' at 2025-01-20 07:27:53.036204.
2025-03-06 16:39:18,095 - root - INFO - Token Token-299 waiting for resource 'Tech' at 2025-01-20 07:27:53.036204
2025-03-06 16:39:18,096 - root - INFO - Token Token-300 completed task 'Review AM using Asset Change Tracker (5.5.13.1)' at 2025-01-20 07:35:29.496848.
2025-03-06 16:39:18,096 - root - INFO - Token Token-301 released from wait queue for 'Tech'
2025-03-06 16:39:18,097 - root - INFO - Token Token-301 waited 18515.49 minutes for resource
2025-03-06 16:39:18,097 - root - INFO - Token Token-301 started task 'Review AM using Asset Change Tracker (5.5.13.1)' at 2025-01-20 07:35:29.496848, scheduled to end at 2025-01-20 07:43:28.643809
2025-03-06 16:39:18,097 - root - INFO - Token Token-300 started task 'Complete /Accurate?' at 2025-01-20 07:35:29.496848, scheduled to end at 2025-01-20 07:35:29.496848
2025-03-06 16:39:18,098 - root - INFO - Token Token-300 completed task 'Complete /Accurate?' at 2025-01-20 07:35:29.496848.
2025-03-06 16:39:18,098 - root - INFO - Token Token-300 waiting for resource 'Tech' at 2025-01-20 07:35:29.496848
2025-03-06 16:39:18,099 - root - INFO - Token Token-301 completed task 'Review AM using Asset Change Tracker (5.5.13.1)' at 2025-01-20 07:43:28.643809.
2025-03-06 16:39:18,099 - root - INFO - Token Token-302 released from wait queue for 'Tech'
2025-03-06 16:39:18,100 - root - INFO - Token Token-302 waited 18521.48 minutes for resource
2025-03-06 16:39:18,100 - root - INFO - Token Token-302 started task 'Review AM using Asset Change Tracker (5.5.13.1)' at 2025-01-20 07:43:28.643809, scheduled to end at 2025-01-20 07:52:00.061281
2025-03-06 16:39:18,100 - root - INFO - Token Token-301 started task 'Complete /Accurate?' at 2025-01-20 07:43:28.643809, scheduled to end at 2025-01-20 07:43:28.643809
2025-03-06 16:39:18,101 - root - INFO - Token Token-301 completed task 'Complete /Accurate?' at 2025-01-20 07:43:28.643809.
2025-03-06 16:39:18,101 - root - INFO - Token Token-301 waiting for resource 'Tech' at 2025-01-20 07:43:28.643809
2025-03-06 16:39:18,102 - root - INFO - Token Token-302 completed task 'Review AM using Asset Change Tracker (5.5.13.1)' at 2025-01-20 07:52:00.061281.
2025-03-06 16:39:18,102 - root - INFO - Token Token-303 released from wait queue for 'Tech'
2025-03-06 16:39:18,102 - root - INFO - Token Token-303 waited 18528.00 minutes for resource
2025-03-06 16:39:18,103 - root - INFO - Token Token-303 started task 'Review AM using Asset Change Tracker (5.5.13.1)' at 2025-01-20 07:52:00.061281, scheduled to end at 2025-01-20 08:01:32.711572
2025-03-06 16:39:18,103 - root - INFO - Token Token-302 started task 'Complete /Accurate?' at 2025-01-20 07:52:00.061281, scheduled to end at 2025-01-20 07:52:00.061281
2025-03-06 16:39:18,103 - root - INFO - Token Token-302 completed task 'Complete /Accurate?' at 2025-01-20 07:52:00.061281.
2025-03-06 16:39:18,104 - root - INFO - Token Token-302 waiting for resource 'Tech' at 2025-01-20 07:52:00.061281
2025-03-06 16:39:18,104 - root - INFO - Token Token-303 completed task 'Review AM using Asset Change Tracker (5.5.13.1)' at 2025-01-20 08:01:32.711572.
2025-03-06 16:39:18,105 - root - INFO - Token Token-304 released from wait queue for 'Tech'
2025-03-06 16:39:18,105 - root - INFO - Token Token-304 waited 18535.55 minutes for resource
2025-03-06 16:39:18,106 - root - INFO - Token Token-304 started task 'Review AM using Asset Change Tracker (5.5.13.1)' at 2025-01-20 08:01:32.711572, scheduled to end at 2025-01-20 08:09:17.021991
2025-03-06 16:39:18,106 - root - INFO - Token Token-303 started task 'Complete /Accurate?' at 2025-01-20 08:01:32.711572, scheduled to end at 2025-01-20 08:01:32.711572
2025-03-06 16:39:18,106 - root - INFO - Token Token-303 completed task 'Complete /Accurate?' at 2025-01-20 08:01:32.711572.
2025-03-06 16:39:18,108 - root - INFO - Token Token-303 waiting for resource 'Tech' at 2025-01-20 08:01:32.711572
2025-03-06 16:39:18,108 - root - INFO - Token Token-304 completed task 'Review AM using Asset Change Tracker (5.5.13.1)' at 2025-01-20 08:09:17.021991.
2025-03-06 16:39:18,108 - root - INFO - Token Token-305 released from wait queue for 'Tech'
2025-03-06 16:39:18,109 - root - INFO - Token Token-305 waited 18541.28 minutes for resource
2025-03-06 16:39:18,109 - root - INFO - Token Token-305 started task 'Review AM using Asset Change Tracker (5.5.13.1)' at 2025-01-20 08:09:17.021991, scheduled to end at 2025-01-20 08:17:50.168896
2025-03-06 16:39:18,110 - root - INFO - Token Token-304 started task 'Complete /Accurate?' at 2025-01-20 08:09:17.021991, scheduled to end at 2025-01-20 08:09:17.021991
2025-03-06 16:39:18,110 - root - INFO - Token Token-304 completed task 'Complete /Accurate?' at 2025-01-20 08:09:17.021991.
2025-03-06 16:39:18,111 - root - INFO - Token Token-304 waiting for resource 'Tech' at 2025-01-20 08:09:17.021991
2025-03-06 16:39:18,111 - root - INFO - Token Token-305 completed task 'Review AM using Asset Change Tracker (5.5.13.1)' at 2025-01-20 08:17:50.168896.
2025-03-06 16:39:18,111 - root - INFO - Token Token-306 released from wait queue for 'Tech'
2025-03-06 16:39:18,112 - root - INFO - Token Token-306 waited 18547.84 minutes for resource
2025-03-06 16:39:18,112 - root - INFO - Token Token-306 started task 'Review AM using Asset Change Tracker (5.5.13.1)' at 2025-01-20 08:17:50.168896, scheduled to end at 2025-01-20 08:26:12.537126
2025-03-06 16:39:18,112 - root - INFO - Token Token-305 started task 'Complete /Accurate?' at 2025-01-20 08:17:50.168896, scheduled to end at 2025-01-20 08:17:50.168896
2025-03-06 16:39:18,113 - root - INFO - Token Token-305 completed task 'Complete /Accurate?' at 2025-01-20 08:17:50.168896.
2025-03-06 16:39:18,113 - root - INFO - Token Token-305 waiting for resource 'Tech' at 2025-01-20 08:17:50.168896
2025-03-06 16:39:18,114 - root - INFO - Token Token-306 completed task 'Review AM using Asset Change Tracker (5.5.13.1)' at 2025-01-20 08:26:12.537126.
2025-03-06 16:39:18,114 - root - INFO - Token Token-307 released from wait queue for 'Tech'
2025-03-06 16:39:18,114 - root - INFO - Token Token-307 waited 18554.21 minutes for resource
2025-03-06 16:39:18,115 - root - INFO - Token Token-307 started task 'Review AM using Asset Change Tracker (5.5.13.1)' at 2025-01-20 08:26:12.537126, scheduled to end at 2025-01-20 08:34:46.123990
2025-03-06 16:39:18,115 - root - INFO - Token Token-306 started task 'Complete /Accurate?' at 2025-01-20 08:26:12.537126, scheduled to end at 2025-01-20 08:26:12.537126
2025-03-06 16:39:18,115 - root - INFO - Token Token-306 completed task 'Complete /Accurate?' at 2025-01-20 08:26:12.537126.
2025-03-06 16:39:18,116 - root - INFO - Token Token-306 waiting for resource 'Tech' at 2025-01-20 08:26:12.537126
2025-03-06 16:39:18,116 - root - INFO - Token Token-307 completed task 'Review AM using Asset Change Tracker (5.5.13.1)' at 2025-01-20 08:34:46.123990.
2025-03-06 16:39:18,117 - root - INFO - Token Token-308 released from wait queue for 'Tech'
2025-03-06 16:39:18,117 - root - INFO - Token Token-308 waited 18560.77 minutes for resource
2025-03-06 16:39:18,118 - root - INFO - Token Token-308 started task 'Review AM using Asset Change Tracker (5.5.13.1)' at 2025-01-20 08:34:46.123990, scheduled to end at 2025-01-20 08:43:13.987973
2025-03-06 16:39:18,118 - root - INFO - Token Token-307 started task 'Complete /Accurate?' at 2025-01-20 08:34:46.123990, scheduled to end at 2025-01-20 08:34:46.123990
2025-03-06 16:39:18,119 - root - INFO - Token Token-307 completed task 'Complete /Accurate?' at 2025-01-20 08:34:46.123990.
2025-03-06 16:39:18,119 - root - INFO - Token Token-307 waiting for resource 'Tech' at 2025-01-20 08:34:46.123990
2025-03-06 16:39:18,133 - root - INFO - Token Token-308 completed task 'Review AM using Asset Change Tracker (5.5.13.1)' at 2025-01-20 08:43:13.987973.
2025-03-06 16:39:18,133 - root - INFO - Token Token-309 released from wait queue for 'Tech'
2025-03-06 16:39:18,133 - root - INFO - Token Token-309 waited 18567.23 minutes for resource
2025-03-06 16:39:18,134 - root - INFO - Token Token-309 started task 'Review AM using Asset Change Tracker (5.5.13.1)' at 2025-01-20 08:43:13.987973, scheduled to end at 2025-01-20 08:52:19.940674
2025-03-06 16:39:18,134 - root - INFO - Token Token-308 started task 'Complete /Accurate?' at 2025-01-20 08:43:13.987973, scheduled to end at 2025-01-20 08:43:13.987973
2025-03-06 16:39:18,134 - root - INFO - Token Token-308 completed task 'Complete /Accurate?' at 2025-01-20 08:43:13.987973.
2025-03-06 16:39:18,135 - root - INFO - Token Token-308 waiting for resource 'Tech' at 2025-01-20 08:43:13.987973
2025-03-06 16:39:18,135 - root - INFO - Token Token-309 completed task 'Review AM using Asset Change Tracker (5.5.13.1)' at 2025-01-20 08:52:19.940674.
2025-03-06 16:39:18,135 - root - INFO - Token Token-310 released from wait queue for 'Tech'
2025-03-06 16:39:18,135 - root - INFO - Token Token-310 waited 18574.33 minutes for resource
2025-03-06 16:39:18,135 - root - INFO - Token Token-310 started task 'Review AM using Asset Change Tracker (5.5.13.1)' at 2025-01-20 08:52:19.940674, scheduled to end at 2025-01-20 08:58:52.926170
2025-03-06 16:39:18,136 - root - INFO - Token Token-309 started task 'Complete /Accurate?' at 2025-01-20 08:52:19.940674, scheduled to end at 2025-01-20 08:52:19.940674
2025-03-06 16:39:18,136 - root - INFO - Token Token-309 completed task 'Complete /Accurate?' at 2025-01-20 08:52:19.940674.
2025-03-06 16:39:18,136 - root - INFO - Token Token-309 waiting for resource 'Tech' at 2025-01-20 08:52:19.940674
2025-03-06 16:39:18,136 - root - INFO - Token Token-310 completed task 'Review AM using Asset Change Tracker (5.5.13.1)' at 2025-01-20 08:58:52.926170.
2025-03-06 16:39:18,137 - root - INFO - Token Token-311 released from wait queue for 'Tech'
2025-03-06 16:39:18,137 - root - INFO - Token Token-311 waited 18578.88 minutes for resource
2025-03-06 16:39:18,137 - root - INFO - Token Token-311 started task 'Review AM using Asset Change Tracker (5.5.13.1)' at 2025-01-20 08:58:52.926170, scheduled to end at 2025-01-20 09:07:37.541345
2025-03-06 16:39:18,137 - root - INFO - Token Token-310 started task 'Complete /Accurate?' at 2025-01-20 08:58:52.926170, scheduled to end at 2025-01-20 08:58:52.926170
2025-03-06 16:39:18,137 - root - INFO - Token Token-310 completed task 'Complete /Accurate?' at 2025-01-20 08:58:52.926170.
2025-03-06 16:39:18,138 - root - INFO - Token Token-310 waiting for resource 'Tech' at 2025-01-20 08:58:52.926170
2025-03-06 16:39:18,138 - root - INFO - Token Token-311 completed task 'Review AM using Asset Change Tracker (5.5.13.1)' at 2025-01-20 09:07:37.541345.
2025-03-06 16:39:18,139 - root - INFO - Token Token-312 released from wait queue for 'Tech'
2025-03-06 16:39:18,139 - root - INFO - Token Token-312 waited 18585.63 minutes for resource
2025-03-06 16:39:18,139 - root - INFO - Token Token-312 started task 'Review AM using Asset Change Tracker (5.5.13.1)' at 2025-01-20 09:07:37.541345, scheduled to end at 2025-01-20 09:15:09.202988
2025-03-06 16:39:18,139 - root - INFO - Token Token-311 started task 'Complete /Accurate?' at 2025-01-20 09:07:37.541345, scheduled to end at 2025-01-20 09:07:37.541345
2025-03-06 16:39:18,140 - root - INFO - Token Token-311 completed task 'Complete /Accurate?' at 2025-01-20 09:07:37.541345.
2025-03-06 16:39:18,141 - root - INFO - Token Token-311 waiting for resource 'Tech' at 2025-01-20 09:07:37.541345
2025-03-06 16:39:18,141 - root - INFO - Token Token-312 completed task 'Review AM using Asset Change Tracker (5.5.13.1)' at 2025-01-20 09:15:09.202988.
2025-03-06 16:39:18,141 - root - INFO - Token Token-313 released from wait queue for 'Tech'
2025-03-06 16:39:18,143 - root - INFO - Token Token-313 waited 18591.15 minutes for resource
2025-03-06 16:39:18,144 - root - INFO - Token Token-313 started task 'Review AM using Asset Change Tracker (5.5.13.1)' at 2025-01-20 09:15:09.202988, scheduled to end at 2025-01-20 09:24:14.548951
2025-03-06 16:39:18,144 - root - INFO - Token Token-312 started task 'Complete /Accurate?' at 2025-01-20 09:15:09.202988, scheduled to end at 2025-01-20 09:15:09.202988
2025-03-06 16:39:18,144 - root - INFO - Token Token-312 completed task 'Complete /Accurate?' at 2025-01-20 09:15:09.202988.
2025-03-06 16:39:18,145 - root - INFO - Token Token-312 waiting for resource 'Tech' at 2025-01-20 09:15:09.202988
2025-03-06 16:39:18,145 - root - INFO - Token Token-313 completed task 'Review AM using Asset Change Tracker (5.5.13.1)' at 2025-01-20 09:24:14.548951.
2025-03-06 16:39:18,146 - root - INFO - Token Token-314 released from wait queue for 'Tech'
2025-03-06 16:39:18,146 - root - INFO - Token Token-314 waited 18598.24 minutes for resource
2025-03-06 16:39:18,146 - root - INFO - Token Token-314 started task 'Review AM using Asset Change Tracker (5.5.13.1)' at 2025-01-20 09:24:14.548951, scheduled to end at 2025-01-20 09:32:15.242604
2025-03-06 16:39:18,147 - root - INFO - Token Token-313 started task 'Complete /Accurate?' at 2025-01-20 09:24:14.548951, scheduled to end at 2025-01-20 09:24:14.548951
2025-03-06 16:39:18,147 - root - INFO - Token Token-313 completed task 'Complete /Accurate?' at 2025-01-20 09:24:14.548951.
2025-03-06 16:39:18,148 - root - INFO - Token Token-313 waiting for resource 'Tech' at 2025-01-20 09:24:14.548951
2025-03-06 16:39:18,148 - root - INFO - Token Token-314 completed task 'Review AM using Asset Change Tracker (5.5.13.1)' at 2025-01-20 09:32:15.242604.
2025-03-06 16:39:18,148 - root - INFO - Token Token-315 released from wait queue for 'Tech'
2025-03-06 16:39:18,149 - root - INFO - Token Token-315 waited 18604.25 minutes for resource
2025-03-06 16:39:18,149 - root - INFO - Token Token-315 started task 'Review AM using Asset Change Tracker (5.5.13.1)' at 2025-01-20 09:32:15.242604, scheduled to end at 2025-01-20 09:41:14.064280
2025-03-06 16:39:18,150 - root - INFO - Token Token-314 started task 'Complete /Accurate?' at 2025-01-20 09:32:15.242604, scheduled to end at 2025-01-20 09:32:15.242604
2025-03-06 16:39:18,150 - root - INFO - Token Token-314 completed task 'Complete /Accurate?' at 2025-01-20 09:32:15.242604.
2025-03-06 16:39:18,151 - root - INFO - Token Token-314 waiting for resource 'Tech' at 2025-01-20 09:32:15.242604
2025-03-06 16:39:18,151 - root - INFO - Token Token-315 completed task 'Review AM using Asset Change Tracker (5.5.13.1)' at 2025-01-20 09:41:14.064280.
2025-03-06 16:39:18,151 - root - INFO - Token Token-316 released from wait queue for 'Tech'
2025-03-06 16:39:18,152 - root - INFO - Token Token-316 waited 18611.23 minutes for resource
2025-03-06 16:39:18,152 - root - INFO - Token Token-316 started task 'Review AM using Asset Change Tracker (5.5.13.1)' at 2025-01-20 09:41:14.064280, scheduled to end at 2025-01-20 09:47:25.216467
2025-03-06 16:39:18,152 - root - INFO - Token Token-315 started task 'Complete /Accurate?' at 2025-01-20 09:41:14.064280, scheduled to end at 2025-01-20 09:41:14.064280
2025-03-06 16:39:18,153 - root - INFO - Token Token-315 completed task 'Complete /Accurate?' at 2025-01-20 09:41:14.064280.
2025-03-06 16:39:18,153 - root - INFO - Token Token-315 waiting for resource 'Tech' at 2025-01-20 09:41:14.064280
2025-03-06 16:39:18,154 - root - INFO - Token Token-316 completed task 'Review AM using Asset Change Tracker (5.5.13.1)' at 2025-01-20 09:47:25.216467.
2025-03-06 16:39:18,154 - root - INFO - Token Token-317 released from wait queue for 'Tech'
2025-03-06 16:39:18,154 - root - INFO - Token Token-317 waited 18615.42 minutes for resource
2025-03-06 16:39:18,155 - root - INFO - Token Token-317 started task 'Review AM using Asset Change Tracker (5.5.13.1)' at 2025-01-20 09:47:25.216467, scheduled to end at 2025-01-20 09:54:00.608323
2025-03-06 16:39:18,155 - root - INFO - Token Token-316 started task 'Complete /Accurate?' at 2025-01-20 09:47:25.216467, scheduled to end at 2025-01-20 09:47:25.216467
2025-03-06 16:39:18,156 - root - INFO - Token Token-316 completed task 'Complete /Accurate?' at 2025-01-20 09:47:25.216467.
2025-03-06 16:39:18,156 - root - INFO - Token Token-316 waiting for resource 'Tech' at 2025-01-20 09:47:25.216467
2025-03-06 16:39:18,157 - root - INFO - Token Token-317 completed task 'Review AM using Asset Change Tracker (5.5.13.1)' at 2025-01-20 09:54:00.608323.
2025-03-06 16:39:18,157 - root - INFO - Token Token-318 released from wait queue for 'Tech'
2025-03-06 16:39:18,157 - root - INFO - Token Token-318 waited 18620.01 minutes for resource
2025-03-06 16:39:18,158 - root - INFO - Token Token-318 started task 'Review AM using Asset Change Tracker (5.5.13.1)' at 2025-01-20 09:54:00.608323, scheduled to end at 2025-01-20 10:01:39.951544
2025-03-06 16:39:18,158 - root - INFO - Token Token-317 started task 'Complete /Accurate?' at 2025-01-20 09:54:00.608323, scheduled to end at 2025-01-20 09:54:00.608323
2025-03-06 16:39:18,159 - root - INFO - Token Token-317 completed task 'Complete /Accurate?' at 2025-01-20 09:54:00.608323.
2025-03-06 16:39:18,176 - root - INFO - Token Token-317 waiting for resource 'Tech' at 2025-01-20 09:54:00.608323
2025-03-06 16:39:18,177 - root - INFO - Token Token-318 completed task 'Review AM using Asset Change Tracker (5.5.13.1)' at 2025-01-20 10:01:39.951544.
2025-03-06 16:39:18,177 - root - INFO - Token Token-319 released from wait queue for 'Tech'
2025-03-06 16:39:18,177 - root - INFO - Token Token-319 waited 18625.67 minutes for resource
2025-03-06 16:39:18,177 - root - INFO - Token Token-319 started task 'Review AM using Asset Change Tracker (5.5.13.1)' at 2025-01-20 10:01:39.951544, scheduled to end at 2025-01-20 10:07:35.408473
2025-03-06 16:39:18,177 - root - INFO - Token Token-318 started task 'Complete /Accurate?' at 2025-01-20 10:01:39.951544, scheduled to end at 2025-01-20 10:01:39.951544
2025-03-06 16:39:18,178 - root - INFO - Token Token-318 completed task 'Complete /Accurate?' at 2025-01-20 10:01:39.951544.
2025-03-06 16:39:18,178 - root - INFO - Token Token-318 waiting for resource 'Tech' at 2025-01-20 10:01:39.951544
2025-03-06 16:39:18,178 - root - INFO - Token Token-319 completed task 'Review AM using Asset Change Tracker (5.5.13.1)' at 2025-01-20 10:07:35.408473.
2025-03-06 16:39:18,178 - root - INFO - Token Token-320 released from wait queue for 'Tech'
2025-03-06 16:39:18,179 - root - INFO - Token Token-320 waited 18629.59 minutes for resource
2025-03-06 16:39:18,179 - root - INFO - Token Token-320 started task 'Review AM using Asset Change Tracker (5.5.13.1)' at 2025-01-20 10:07:35.408473, scheduled to end at 2025-01-20 10:16:23.895521
2025-03-06 16:39:18,179 - root - INFO - Token Token-319 started task 'Complete /Accurate?' at 2025-01-20 10:07:35.408473, scheduled to end at 2025-01-20 10:07:35.408473
2025-03-06 16:39:18,179 - root - INFO - Token Token-319 completed task 'Complete /Accurate?' at 2025-01-20 10:07:35.408473.
2025-03-06 16:39:18,180 - root - INFO - Token Token-319 waiting for resource 'Tech' at 2025-01-20 10:07:35.408473
2025-03-06 16:39:18,180 - root - INFO - Token Token-320 completed task 'Review AM using Asset Change Tracker (5.5.13.1)' at 2025-01-20 10:16:23.895521.
2025-03-06 16:39:18,180 - root - INFO - Token Token-321 released from wait queue for 'Tech'
2025-03-06 16:39:18,180 - root - INFO - Token Token-321 waited 18636.40 minutes for resource
2025-03-06 16:39:18,180 - root - INFO - Token Token-321 started task 'Review AM using Asset Change Tracker (5.5.13.1)' at 2025-01-20 10:16:23.895521, scheduled to end at 2025-01-20 10:25:46.316639
2025-03-06 16:39:18,181 - root - INFO - Token Token-320 started task 'Complete /Accurate?' at 2025-01-20 10:16:23.895521, scheduled to end at 2025-01-20 10:16:23.895521
2025-03-06 16:39:18,181 - root - INFO - Token Token-320 completed task 'Complete /Accurate?' at 2025-01-20 10:16:23.895521.
2025-03-06 16:39:18,181 - root - INFO - Token Token-320 waiting for resource 'Tech' at 2025-01-20 10:16:23.895521
2025-03-06 16:39:18,181 - root - INFO - Token Token-321 completed task 'Review AM using Asset Change Tracker (5.5.13.1)' at 2025-01-20 10:25:46.316639.
2025-03-06 16:39:18,182 - root - INFO - Token Token-322 released from wait queue for 'Tech'
2025-03-06 16:39:18,182 - root - INFO - Token Token-322 waited 18643.77 minutes for resource
2025-03-06 16:39:18,182 - root - INFO - Token Token-322 started task 'Review AM using Asset Change Tracker (5.5.13.1)' at 2025-01-20 10:25:46.316639, scheduled to end at 2025-01-20 10:32:32.364426
2025-03-06 16:39:18,182 - root - INFO - Token Token-321 started task 'Complete /Accurate?' at 2025-01-20 10:25:46.316639, scheduled to end at 2025-01-20 10:25:46.316639
2025-03-06 16:39:18,183 - root - INFO - Token Token-321 completed task 'Complete /Accurate?' at 2025-01-20 10:25:46.316639.
2025-03-06 16:39:18,183 - root - INFO - Token Token-321 waiting for resource 'Tech' at 2025-01-20 10:25:46.316639
2025-03-06 16:39:18,184 - root - INFO - Token Token-322 completed task 'Review AM using Asset Change Tracker (5.5.13.1)' at 2025-01-20 10:32:32.364426.
2025-03-06 16:39:18,184 - root - INFO - Token Token-323 released from wait queue for 'Tech'
2025-03-06 16:39:18,184 - root - INFO - Token Token-323 waited 18648.54 minutes for resource
2025-03-06 16:39:18,184 - root - INFO - Token Token-323 started task 'Review AM using Asset Change Tracker (5.5.13.1)' at 2025-01-20 10:32:32.364426, scheduled to end at 2025-01-20 10:42:02.610076
2025-03-06 16:39:18,185 - root - INFO - Token Token-322 started task 'Complete /Accurate?' at 2025-01-20 10:32:32.364426, scheduled to end at 2025-01-20 10:32:32.364426
2025-03-06 16:39:18,185 - root - INFO - Token Token-322 completed task 'Complete /Accurate?' at 2025-01-20 10:32:32.364426.
2025-03-06 16:39:18,185 - root - INFO - Token Token-322 waiting for resource 'Tech' at 2025-01-20 10:32:32.364426
2025-03-06 16:39:18,185 - root - INFO - Token Token-323 completed task 'Review AM using Asset Change Tracker (5.5.13.1)' at 2025-01-20 10:42:02.610076.
2025-03-06 16:39:18,186 - root - INFO - Token Token-324 released from wait queue for 'Tech'
2025-03-06 16:39:18,187 - root - INFO - Token Token-324 waited 18656.04 minutes for resource
2025-03-06 16:39:18,188 - root - INFO - Token Token-324 started task 'Review AM using Asset Change Tracker (5.5.13.1)' at 2025-01-20 10:42:02.610076, scheduled to end at 2025-01-20 10:51:15.512664
2025-03-06 16:39:18,188 - root - INFO - Token Token-323 started task 'Complete /Accurate?' at 2025-01-20 10:42:02.610076, scheduled to end at 2025-01-20 10:42:02.610076
2025-03-06 16:39:18,189 - root - INFO - Token Token-323 completed task 'Complete /Accurate?' at 2025-01-20 10:42:02.610076.
2025-03-06 16:39:18,189 - root - INFO - Token Token-323 waiting for resource 'Tech' at 2025-01-20 10:42:02.610076
2025-03-06 16:39:18,189 - root - INFO - Token Token-324 completed task 'Review AM using Asset Change Tracker (5.5.13.1)' at 2025-01-20 10:51:15.512664.
2025-03-06 16:39:18,190 - root - INFO - Token Token-325 released from wait queue for 'Tech'
2025-03-06 16:39:18,190 - root - INFO - Token Token-325 waited 18663.26 minutes for resource
2025-03-06 16:39:18,190 - root - INFO - Token Token-325 started task 'Review AM using Asset Change Tracker (5.5.13.1)' at 2025-01-20 10:51:15.512664, scheduled to end at 2025-01-20 11:00:26.037343
2025-03-06 16:39:18,191 - root - INFO - Token Token-324 started task 'Complete /Accurate?' at 2025-01-20 10:51:15.512664, scheduled to end at 2025-01-20 10:51:15.512664
2025-03-06 16:39:18,191 - root - INFO - Token Token-324 completed task 'Complete /Accurate?' at 2025-01-20 10:51:15.512664.
2025-03-06 16:39:18,192 - root - INFO - Token Token-324 waiting for resource 'Tech' at 2025-01-20 10:51:15.512664
2025-03-06 16:39:18,193 - root - INFO - Token Token-325 completed task 'Review AM using Asset Change Tracker (5.5.13.1)' at 2025-01-20 11:00:26.037343.
2025-03-06 16:39:18,193 - root - INFO - Token Token-326 released from wait queue for 'Tech'
2025-03-06 16:39:18,193 - root - INFO - Token Token-326 waited 18670.43 minutes for resource
2025-03-06 16:39:18,194 - root - INFO - Token Token-326 started task 'Review AM using Asset Change Tracker (5.5.13.1)' at 2025-01-20 11:00:26.037343, scheduled to end at 2025-01-20 11:08:48.778159
2025-03-06 16:39:18,194 - root - INFO - Token Token-325 started task 'Complete /Accurate?' at 2025-01-20 11:00:26.037343, scheduled to end at 2025-01-20 11:00:26.037343
2025-03-06 16:39:18,195 - root - INFO - Token Token-325 completed task 'Complete /Accurate?' at 2025-01-20 11:00:26.037343.
2025-03-06 16:39:18,195 - root - INFO - Token Token-325 waiting for resource 'Tech' at 2025-01-20 11:00:26.037343
2025-03-06 16:39:18,195 - root - INFO - Token Token-326 completed task 'Review AM using Asset Change Tracker (5.5.13.1)' at 2025-01-20 11:08:48.778159.
2025-03-06 16:39:18,196 - root - INFO - Token Token-327 released from wait queue for 'Tech'
2025-03-06 16:39:18,196 - root - INFO - Token Token-327 waited 18676.81 minutes for resource
2025-03-06 16:39:18,196 - root - INFO - Token Token-327 started task 'Review AM using Asset Change Tracker (5.5.13.1)' at 2025-01-20 11:08:48.778159, scheduled to end at 2025-01-20 11:14:22.782289
2025-03-06 16:39:18,197 - root - INFO - Token Token-326 started task 'Complete /Accurate?' at 2025-01-20 11:08:48.778159, scheduled to end at 2025-01-20 11:08:48.778159
2025-03-06 16:39:18,197 - root - INFO - Token Token-326 completed task 'Complete /Accurate?' at 2025-01-20 11:08:48.778159.
2025-03-06 16:39:18,198 - root - INFO - Token Token-326 waiting for resource 'Tech' at 2025-01-20 11:08:48.778159
2025-03-06 16:39:18,198 - root - INFO - Token Token-327 completed task 'Review AM using Asset Change Tracker (5.5.13.1)' at 2025-01-20 11:14:22.782289.
2025-03-06 16:39:18,199 - root - INFO - Token Token-328 released from wait queue for 'Tech'
2025-03-06 16:39:18,199 - root - INFO - Token Token-328 waited 18680.38 minutes for resource
2025-03-06 16:39:18,199 - root - INFO - Token Token-328 started task 'Review AM using Asset Change Tracker (5.5.13.1)' at 2025-01-20 11:14:22.782289, scheduled to end at 2025-01-20 11:22:38.682058
2025-03-06 16:39:18,200 - root - INFO - Token Token-327 started task 'Complete /Accurate?' at 2025-01-20 11:14:22.782289, scheduled to end at 2025-01-20 11:14:22.782289
2025-03-06 16:39:18,200 - root - INFO - Token Token-327 completed task 'Complete /Accurate?' at 2025-01-20 11:14:22.782289.
2025-03-06 16:39:18,201 - root - INFO - Token Token-327 waiting for resource 'Tech' at 2025-01-20 11:14:22.782289
2025-03-06 16:39:18,201 - root - INFO - Token Token-328 completed task 'Review AM using Asset Change Tracker (5.5.13.1)' at 2025-01-20 11:22:38.682058.
2025-03-06 16:39:18,201 - root - INFO - Token Token-329 released from wait queue for 'Tech'
2025-03-06 16:39:18,202 - root - INFO - Token Token-329 waited 18686.64 minutes for resource
2025-03-06 16:39:18,202 - root - INFO - Token Token-329 started task 'Review AM using Asset Change Tracker (5.5.13.1)' at 2025-01-20 11:22:38.682058, scheduled to end at 2025-01-20 11:31:22.923937
2025-03-06 16:39:18,203 - root - INFO - Token Token-328 started task 'Complete /Accurate?' at 2025-01-20 11:22:38.682058, scheduled to end at 2025-01-20 11:22:38.682058
2025-03-06 16:39:18,203 - root - INFO - Token Token-328 completed task 'Complete /Accurate?' at 2025-01-20 11:22:38.682058.
2025-03-06 16:39:18,204 - root - INFO - Token Token-328 waiting for resource 'Tech' at 2025-01-20 11:22:38.682058
2025-03-06 16:39:18,204 - root - INFO - Token Token-329 completed task 'Review AM using Asset Change Tracker (5.5.13.1)' at 2025-01-20 11:31:22.923937.
2025-03-06 16:39:18,205 - root - INFO - Token Token-330 released from wait queue for 'Tech'
2025-03-06 16:39:18,205 - root - INFO - Token Token-330 waited 18693.38 minutes for resource
2025-03-06 16:39:18,205 - root - INFO - Token Token-330 started task 'Review AM using Asset Change Tracker (5.5.13.1)' at 2025-01-20 11:31:22.923937, scheduled to end at 2025-01-20 11:40:54.978115
2025-03-06 16:39:18,206 - root - INFO - Token Token-329 started task 'Complete /Accurate?' at 2025-01-20 11:31:22.923937, scheduled to end at 2025-01-20 11:31:22.923937
2025-03-06 16:39:18,206 - root - INFO - Token Token-329 completed task 'Complete /Accurate?' at 2025-01-20 11:31:22.923937.
2025-03-06 16:39:18,207 - root - INFO - Token Token-329 waiting for resource 'Tech' at 2025-01-20 11:31:22.923937
2025-03-06 16:39:18,207 - root - INFO - Token Token-330 completed task 'Review AM using Asset Change Tracker (5.5.13.1)' at 2025-01-20 11:40:54.978115.
2025-03-06 16:39:18,207 - root - INFO - Token Token-331 released from wait queue for 'Tech'
2025-03-06 16:39:18,208 - root - INFO - Token Token-331 waited 18700.92 minutes for resource
2025-03-06 16:39:18,208 - root - INFO - Token Token-331 started task 'Review AM using Asset Change Tracker (5.5.13.1)' at 2025-01-20 11:40:54.978115, scheduled to end at 2025-01-20 11:49:31.365606
2025-03-06 16:39:18,209 - root - INFO - Token Token-330 started task 'Complete /Accurate?' at 2025-01-20 11:40:54.978115, scheduled to end at 2025-01-20 11:40:54.978115
2025-03-06 16:39:18,209 - root - INFO - Token Token-330 completed task 'Complete /Accurate?' at 2025-01-20 11:40:54.978115.
2025-03-06 16:39:18,209 - root - INFO - Token Token-330 waiting for resource 'Tech' at 2025-01-20 11:40:54.978115
2025-03-06 16:39:18,210 - root - INFO - Token Token-331 completed task 'Review AM using Asset Change Tracker (5.5.13.1)' at 2025-01-20 11:49:31.365606.
2025-03-06 16:39:18,210 - root - INFO - Token Token-332 released from wait queue for 'Tech'
2025-03-06 16:39:18,211 - root - INFO - Token Token-332 waited 18707.52 minutes for resource
2025-03-06 16:39:18,213 - root - INFO - Token Token-332 started task 'Review AM using Asset Change Tracker (5.5.13.1)' at 2025-01-20 11:49:31.365606, scheduled to end at 2025-01-20 11:55:55.016514
2025-03-06 16:39:18,214 - root - INFO - Token Token-331 started task 'Complete /Accurate?' at 2025-01-20 11:49:31.365606, scheduled to end at 2025-01-20 11:49:31.365606
2025-03-06 16:39:18,229 - root - INFO - Token Token-331 completed task 'Complete /Accurate?' at 2025-01-20 11:49:31.365606.
2025-03-06 16:39:18,230 - root - INFO - Token Token-331 waiting for resource 'Tech' at 2025-01-20 11:49:31.365606
2025-03-06 16:39:18,230 - root - INFO - Token Token-332 completed task 'Review AM using Asset Change Tracker (5.5.13.1)' at 2025-01-20 11:55:55.016514.
2025-03-06 16:39:18,230 - root - INFO - Token Token-333 released from wait queue for 'Tech'
2025-03-06 16:39:18,230 - root - INFO - Token Token-333 waited 18711.92 minutes for resource
2025-03-06 16:39:18,230 - root - INFO - Token Token-333 started task 'Review AM using Asset Change Tracker (5.5.13.1)' at 2025-01-20 11:55:55.016514, scheduled to end at 2025-01-20 12:04:54.222924
2025-03-06 16:39:18,231 - root - INFO - Token Token-332 started task 'Complete /Accurate?' at 2025-01-20 11:55:55.016514, scheduled to end at 2025-01-20 11:55:55.016514
2025-03-06 16:39:18,231 - root - INFO - Token Token-332 completed task 'Complete /Accurate?' at 2025-01-20 11:55:55.016514.
2025-03-06 16:39:18,231 - root - INFO - Token Token-332 waiting for resource 'Tech' at 2025-01-20 11:55:55.016514
2025-03-06 16:39:18,231 - root - INFO - Token Token-333 completed task 'Review AM using Asset Change Tracker (5.5.13.1)' at 2025-01-20 12:04:54.222924.
2025-03-06 16:39:18,232 - root - INFO - Token Token-334 released from wait queue for 'Tech'
2025-03-06 16:39:18,232 - root - INFO - Token Token-334 waited 18718.90 minutes for resource
2025-03-06 16:39:18,232 - root - INFO - Token Token-334 started task 'Review AM using Asset Change Tracker (5.5.13.1)' at 2025-01-20 12:04:54.222924, scheduled to end at 2025-01-20 12:12:40.589115
2025-03-06 16:39:18,232 - root - INFO - Token Token-333 started task 'Complete /Accurate?' at 2025-01-20 12:04:54.222924, scheduled to end at 2025-01-20 12:04:54.222924
2025-03-06 16:39:18,233 - root - INFO - Token Token-333 completed task 'Complete /Accurate?' at 2025-01-20 12:04:54.222924.
2025-03-06 16:39:18,233 - root - INFO - Token Token-333 waiting for resource 'Tech' at 2025-01-20 12:04:54.222924
2025-03-06 16:39:18,233 - root - INFO - Token Token-334 completed task 'Review AM using Asset Change Tracker (5.5.13.1)' at 2025-01-20 12:12:40.589115.
2025-03-06 16:39:18,233 - root - INFO - Token Token-335 released from wait queue for 'Tech'
2025-03-06 16:39:18,234 - root - INFO - Token Token-335 waited 18724.68 minutes for resource
2025-03-06 16:39:18,234 - root - INFO - Token Token-335 started task 'Review AM using Asset Change Tracker (5.5.13.1)' at 2025-01-20 12:12:40.589115, scheduled to end at 2025-01-20 12:21:33.533568
2025-03-06 16:39:18,234 - root - INFO - Token Token-334 started task 'Complete /Accurate?' at 2025-01-20 12:12:40.589115, scheduled to end at 2025-01-20 12:12:40.589115
2025-03-06 16:39:18,234 - root - INFO - Token Token-334 completed task 'Complete /Accurate?' at 2025-01-20 12:12:40.589115.
2025-03-06 16:39:18,235 - root - INFO - Token Token-334 waiting for resource 'Tech' at 2025-01-20 12:12:40.589115
2025-03-06 16:39:18,235 - root - INFO - Token Token-335 completed task 'Review AM using Asset Change Tracker (5.5.13.1)' at 2025-01-20 12:21:33.533568.
2025-03-06 16:39:18,235 - root - INFO - Token Token-336 released from wait queue for 'Tech'
2025-03-06 16:39:18,236 - root - INFO - Token Token-336 waited 18731.56 minutes for resource
2025-03-06 16:39:18,236 - root - INFO - Token Token-336 started task 'Review AM using Asset Change Tracker (5.5.13.1)' at 2025-01-20 12:21:33.533568, scheduled to end at 2025-01-20 12:27:23.708914
2025-03-06 16:39:18,237 - root - INFO - Token Token-335 started task 'Complete /Accurate?' at 2025-01-20 12:21:33.533568, scheduled to end at 2025-01-20 12:21:33.533568
2025-03-06 16:39:18,237 - root - INFO - Token Token-335 completed task 'Complete /Accurate?' at 2025-01-20 12:21:33.533568.
2025-03-06 16:39:18,237 - root - INFO - Token Token-335 waiting for resource 'Tech' at 2025-01-20 12:21:33.533568
2025-03-06 16:39:18,237 - root - INFO - Token Token-336 completed task 'Review AM using Asset Change Tracker (5.5.13.1)' at 2025-01-20 12:27:23.708914.
2025-03-06 16:39:18,237 - root - INFO - Token Token-337 released from wait queue for 'Tech'
2025-03-06 16:39:18,237 - root - INFO - Token Token-337 waited 18735.40 minutes for resource
2025-03-06 16:39:18,239 - root - INFO - Token Token-337 started task 'Review AM using Asset Change Tracker (5.5.13.1)' at 2025-01-20 12:27:23.708914, scheduled to end at 2025-01-20 12:36:37.062877
2025-03-06 16:39:18,239 - root - INFO - Token Token-336 started task 'Complete /Accurate?' at 2025-01-20 12:27:23.708914, scheduled to end at 2025-01-20 12:27:23.708914
2025-03-06 16:39:18,239 - root - INFO - Token Token-336 completed task 'Complete /Accurate?' at 2025-01-20 12:27:23.708914.
2025-03-06 16:39:18,239 - root - INFO - Token Token-336 waiting for resource 'Tech' at 2025-01-20 12:27:23.708914
2025-03-06 16:39:18,240 - root - INFO - Token Token-337 completed task 'Review AM using Asset Change Tracker (5.5.13.1)' at 2025-01-20 12:36:37.062877.
2025-03-06 16:39:18,240 - root - INFO - Token Token-338 released from wait queue for 'Tech'
2025-03-06 16:39:18,240 - root - INFO - Token Token-338 waited 18742.62 minutes for resource
2025-03-06 16:39:18,240 - root - INFO - Token Token-338 started task 'Review AM using Asset Change Tracker (5.5.13.1)' at 2025-01-20 12:36:37.062877, scheduled to end at 2025-01-20 12:42:58.752243
2025-03-06 16:39:18,240 - root - INFO - Token Token-337 started task 'Complete /Accurate?' at 2025-01-20 12:36:37.062877, scheduled to end at 2025-01-20 12:36:37.062877
2025-03-06 16:39:18,241 - root - INFO - Token Token-337 completed task 'Complete /Accurate?' at 2025-01-20 12:36:37.062877.
2025-03-06 16:39:18,241 - root - INFO - Token Token-337 waiting for resource 'Tech' at 2025-01-20 12:36:37.062877
2025-03-06 16:39:18,241 - root - INFO - Token Token-338 completed task 'Review AM using Asset Change Tracker (5.5.13.1)' at 2025-01-20 12:42:58.752243.
2025-03-06 16:39:18,241 - root - INFO - Token Token-339 released from wait queue for 'Tech'
2025-03-06 16:39:18,242 - root - INFO - Token Token-339 waited 18746.98 minutes for resource
2025-03-06 16:39:18,242 - root - INFO - Token Token-339 started task 'Review AM using Asset Change Tracker (5.5.13.1)' at 2025-01-20 12:42:58.752243, scheduled to end at 2025-01-20 12:51:52.653656
2025-03-06 16:39:18,242 - root - INFO - Token Token-338 started task 'Complete /Accurate?' at 2025-01-20 12:42:58.752243, scheduled to end at 2025-01-20 12:42:58.752243
2025-03-06 16:39:18,243 - root - INFO - Token Token-338 completed task 'Complete /Accurate?' at 2025-01-20 12:42:58.752243.
2025-03-06 16:39:18,243 - root - INFO - Token Token-338 waiting for resource 'Tech' at 2025-01-20 12:42:58.752243
2025-03-06 16:39:18,243 - root - INFO - Token Token-339 completed task 'Review AM using Asset Change Tracker (5.5.13.1)' at 2025-01-20 12:51:52.653656.
2025-03-06 16:39:18,243 - root - INFO - Token Token-340 released from wait queue for 'Tech'
2025-03-06 16:39:18,243 - root - INFO - Token Token-340 waited 18753.88 minutes for resource
2025-03-06 16:39:18,244 - root - INFO - Token Token-340 started task 'Review AM using Asset Change Tracker (5.5.13.1)' at 2025-01-20 12:51:52.653656, scheduled to end at 2025-01-20 12:58:34.017811
2025-03-06 16:39:18,244 - root - INFO - Token Token-339 started task 'Complete /Accurate?' at 2025-01-20 12:51:52.653656, scheduled to end at 2025-01-20 12:51:52.653656
2025-03-06 16:39:18,246 - root - INFO - Token Token-339 completed task 'Complete /Accurate?' at 2025-01-20 12:51:52.653656.
2025-03-06 16:39:18,246 - root - INFO - Token Token-339 waiting for resource 'Tech' at 2025-01-20 12:51:52.653656
2025-03-06 16:39:18,247 - root - INFO - Token Token-340 completed task 'Review AM using Asset Change Tracker (5.5.13.1)' at 2025-01-20 12:58:34.017811.
2025-03-06 16:39:18,247 - root - INFO - Token Token-341 released from wait queue for 'Tech'
2025-03-06 16:39:18,247 - root - INFO - Token Token-341 waited 18758.57 minutes for resource
2025-03-06 16:39:18,248 - root - INFO - Token Token-341 started task 'Review AM using Asset Change Tracker (5.5.13.1)' at 2025-01-20 12:58:34.017811, scheduled to end at 2025-01-21 07:00:00
2025-03-06 16:39:18,248 - root - INFO - Token Token-340 started task 'Complete /Accurate?' at 2025-01-20 12:58:34.017811, scheduled to end at 2025-01-20 12:58:34.017811
2025-03-06 16:39:18,249 - root - INFO - Token Token-340 completed task 'Complete /Accurate?' at 2025-01-20 12:58:34.017811.
2025-03-06 16:39:18,249 - root - INFO - Token Token-340 waiting for resource 'Tech' at 2025-01-20 12:58:34.017811
2025-03-06 16:39:18,249 - root - INFO - Token Token-341 completed task 'Review AM using Asset Change Tracker (5.5.13.1)' at 2025-01-21 07:00:00.
2025-03-06 16:39:18,250 - root - INFO - Token Token-342 released from wait queue for 'Tech'
2025-03-06 16:39:18,250 - root - INFO - Token Token-342 waited 19838.00 minutes for resource
2025-03-06 16:39:18,251 - root - INFO - Token Token-342 started task 'Review AM using Asset Change Tracker (5.5.13.1)' at 2025-01-21 07:00:00, scheduled to end at 2025-01-21 07:08:54.179291
2025-03-06 16:39:18,251 - root - INFO - Token Token-341 started task 'Complete /Accurate?' at 2025-01-21 07:00:00, scheduled to end at 2025-01-21 07:00:00
2025-03-06 16:39:18,252 - root - INFO - Token Token-341 completed task 'Complete /Accurate?' at 2025-01-21 07:00:00.
2025-03-06 16:39:18,252 - root - INFO - Token Token-341 waiting for resource 'Tech' at 2025-01-21 07:00:00
2025-03-06 16:39:18,252 - root - INFO - Token Token-342 completed task 'Review AM using Asset Change Tracker (5.5.13.1)' at 2025-01-21 07:08:54.179291.
2025-03-06 16:39:18,253 - root - INFO - Token Token-343 released from wait queue for 'Tech'
2025-03-06 16:39:18,253 - root - INFO - Token Token-343 waited 19844.90 minutes for resource
2025-03-06 16:39:18,254 - root - INFO - Token Token-343 started task 'Review AM using Asset Change Tracker (5.5.13.1)' at 2025-01-21 07:08:54.179291, scheduled to end at 2025-01-21 07:16:54.831130
2025-03-06 16:39:18,255 - root - INFO - Token Token-342 started task 'Complete /Accurate?' at 2025-01-21 07:08:54.179291, scheduled to end at 2025-01-21 07:08:54.179291
2025-03-06 16:39:18,255 - root - INFO - Token Token-342 completed task 'Complete /Accurate?' at 2025-01-21 07:08:54.179291.
2025-03-06 16:39:18,257 - root - INFO - Token Token-342 waiting for resource 'Tech' at 2025-01-21 07:08:54.179291
2025-03-06 16:39:18,274 - root - INFO - Token Token-343 completed task 'Review AM using Asset Change Tracker (5.5.13.1)' at 2025-01-21 07:16:54.831130.
2025-03-06 16:39:18,276 - root - INFO - Token Token-38 released from wait queue for 'Tech'
2025-03-06 16:39:18,276 - root - INFO - Token Token-38 waited 19851.36 minutes for resource
2025-03-06 16:39:18,276 - root - INFO - Token Token-38 started task 'Note Accuracy in Asset Change Tracker (5.5.13.2)' at 2025-01-21 07:16:54.831130, scheduled to end at 2025-01-21 07:23:35.994676
2025-03-06 16:39:18,278 - root - INFO - Token Token-343 started task 'Complete /Accurate?' at 2025-01-21 07:16:54.831130, scheduled to end at 2025-01-21 07:16:54.831130
2025-03-06 16:39:18,278 - root - INFO - Token Token-343 completed task 'Complete /Accurate?' at 2025-01-21 07:16:54.831130.
2025-03-06 16:39:18,278 - root - INFO - Token Token-343 waiting for resource 'Tech' at 2025-01-21 07:16:54.831130
2025-03-06 16:39:18,278 - root - INFO - Token Token-38 completed task 'Note Accuracy in Asset Change Tracker (5.5.13.2)' at 2025-01-21 07:23:35.994676.
2025-03-06 16:39:18,278 - root - INFO - Token Token-344 released from wait queue for 'Tech'
2025-03-06 16:39:18,278 - root - INFO - Token Token-344 waited 19857.60 minutes for resource
2025-03-06 16:39:18,278 - root - INFO - Token Token-344 started task 'Review AM using Asset Change Tracker (5.5.13.1)' at 2025-01-21 07:23:35.994676, scheduled to end at 2025-01-21 07:31:48.466141
2025-03-06 16:39:18,278 - root - INFO - Token Token-38 started task 'Unknown' at 2025-01-21 07:23:35.994676, scheduled to end at 2025-01-21 07:23:35.994676
2025-03-06 16:39:18,279 - root - INFO - Token Token-38 completed task 'Unknown' at 2025-01-21 07:23:35.994676.
2025-03-06 16:39:18,279 - root - INFO - Token Token-38 has completed the entire process at 2025-01-21 07:23:35.994676.
2025-03-06 16:39:18,279 - root - INFO - Token Token-344 completed task 'Review AM using Asset Change Tracker (5.5.13.1)' at 2025-01-21 07:31:48.466141.
2025-03-06 16:39:18,279 - root - INFO - Token Token-345 released from wait queue for 'Tech'
2025-03-06 16:39:18,279 - root - INFO - Token Token-345 waited 19863.81 minutes for resource
2025-03-06 16:39:18,280 - root - INFO - Token Token-345 started task 'Review AM using Asset Change Tracker (5.5.13.1)' at 2025-01-21 07:31:48.466141, scheduled to end at 2025-01-21 07:39:32.079469
2025-03-06 16:39:18,280 - root - INFO - Token Token-344 started task 'Complete /Accurate?' at 2025-01-21 07:31:48.466141, scheduled to end at 2025-01-21 07:31:48.466141
2025-03-06 16:39:18,280 - root - INFO - Token Token-344 completed task 'Complete /Accurate?' at 2025-01-21 07:31:48.466141.
2025-03-06 16:39:18,280 - root - INFO - Token Token-344 waiting for resource 'Tech' at 2025-01-21 07:31:48.466141
2025-03-06 16:39:18,282 - root - INFO - Token Token-345 completed task 'Review AM using Asset Change Tracker (5.5.13.1)' at 2025-01-21 07:39:32.079469.
2025-03-06 16:39:18,282 - root - INFO - Token Token-346 released from wait queue for 'Tech'
2025-03-06 16:39:18,282 - root - INFO - Token Token-346 waited 19869.53 minutes for resource
2025-03-06 16:39:18,283 - root - INFO - Token Token-346 started task 'Review AM using Asset Change Tracker (5.5.13.1)' at 2025-01-21 07:39:32.079469, scheduled to end at 2025-01-21 07:46:20.875213
2025-03-06 16:39:18,283 - root - INFO - Token Token-345 started task 'Complete /Accurate?' at 2025-01-21 07:39:32.079469, scheduled to end at 2025-01-21 07:39:32.079469
2025-03-06 16:39:18,284 - root - INFO - Token Token-345 completed task 'Complete /Accurate?' at 2025-01-21 07:39:32.079469.
2025-03-06 16:39:18,284 - root - INFO - Token Token-345 waiting for resource 'Tech' at 2025-01-21 07:39:32.079469
2025-03-06 16:39:18,284 - root - INFO - Token Token-346 completed task 'Review AM using Asset Change Tracker (5.5.13.1)' at 2025-01-21 07:46:20.875213.
2025-03-06 16:39:18,285 - root - INFO - Token Token-347 released from wait queue for 'Tech'
2025-03-06 16:39:18,285 - root - INFO - Token Token-347 waited 19874.35 minutes for resource
2025-03-06 16:39:18,285 - root - INFO - Token Token-347 started task 'Review AM using Asset Change Tracker (5.5.13.1)' at 2025-01-21 07:46:20.875213, scheduled to end at 2025-01-21 07:55:28.732890
2025-03-06 16:39:18,286 - root - INFO - Token Token-346 started task 'Complete /Accurate?' at 2025-01-21 07:46:20.875213, scheduled to end at 2025-01-21 07:46:20.875213
2025-03-06 16:39:18,286 - root - INFO - Token Token-346 completed task 'Complete /Accurate?' at 2025-01-21 07:46:20.875213.
2025-03-06 16:39:18,286 - root - INFO - Token Token-346 waiting for resource 'Tech' at 2025-01-21 07:46:20.875213
2025-03-06 16:39:18,286 - root - INFO - Token Token-347 completed task 'Review AM using Asset Change Tracker (5.5.13.1)' at 2025-01-21 07:55:28.732890.
2025-03-06 16:39:18,286 - root - INFO - Token Token-348 released from wait queue for 'Tech'
2025-03-06 16:39:18,286 - root - INFO - Token Token-348 waited 19881.48 minutes for resource
2025-03-06 16:39:18,286 - root - INFO - Token Token-348 started task 'Review AM using Asset Change Tracker (5.5.13.1)' at 2025-01-21 07:55:28.732890, scheduled to end at 2025-01-21 08:01:26.834281
2025-03-06 16:39:18,286 - root - INFO - Token Token-347 started task 'Complete /Accurate?' at 2025-01-21 07:55:28.732890, scheduled to end at 2025-01-21 07:55:28.732890
2025-03-06 16:39:18,288 - root - INFO - Token Token-347 completed task 'Complete /Accurate?' at 2025-01-21 07:55:28.732890.
2025-03-06 16:39:18,288 - root - INFO - Token Token-347 waiting for resource 'Tech' at 2025-01-21 07:55:28.732890
2025-03-06 16:39:18,288 - root - INFO - Token Token-348 completed task 'Review AM using Asset Change Tracker (5.5.13.1)' at 2025-01-21 08:01:26.834281.
2025-03-06 16:39:18,288 - root - INFO - Token Token-39 released from wait queue for 'Tech'
2025-03-06 16:39:18,288 - root - INFO - Token Token-39 waited 19886.89 minutes for resource
2025-03-06 16:39:18,289 - root - INFO - Token Token-39 started task 'Note Accuracy in Asset Change Tracker (5.5.13.2)' at 2025-01-21 08:01:26.834281, scheduled to end at 2025-01-21 08:06:11.779922
2025-03-06 16:39:18,289 - root - INFO - Token Token-348 started task 'Complete /Accurate?' at 2025-01-21 08:01:26.834281, scheduled to end at 2025-01-21 08:01:26.834281
2025-03-06 16:39:18,289 - root - INFO - Token Token-348 completed task 'Complete /Accurate?' at 2025-01-21 08:01:26.834281.
2025-03-06 16:39:18,289 - root - INFO - Token Token-348 waiting for resource 'Tech' at 2025-01-21 08:01:26.834281
2025-03-06 16:39:18,290 - root - INFO - Token Token-39 completed task 'Note Accuracy in Asset Change Tracker (5.5.13.2)' at 2025-01-21 08:06:11.779922.
2025-03-06 16:39:18,290 - root - INFO - Token Token-349 released from wait queue for 'Tech'
2025-03-06 16:39:18,291 - root - INFO - Token Token-349 waited 19890.20 minutes for resource
2025-03-06 16:39:18,291 - root - INFO - Token Token-349 started task 'Review AM using Asset Change Tracker (5.5.13.1)' at 2025-01-21 08:06:11.779922, scheduled to end at 2025-01-21 08:12:03.817440
2025-03-06 16:39:18,292 - root - INFO - Token Token-39 started task 'Unknown' at 2025-01-21 08:06:11.779922, scheduled to end at 2025-01-21 08:06:11.779922
2025-03-06 16:39:18,292 - root - INFO - Token Token-39 completed task 'Unknown' at 2025-01-21 08:06:11.779922.
2025-03-06 16:39:18,292 - root - INFO - Token Token-39 has completed the entire process at 2025-01-21 08:06:11.779922.
2025-03-06 16:39:18,293 - root - INFO - Token Token-349 completed task 'Review AM using Asset Change Tracker (5.5.13.1)' at 2025-01-21 08:12:03.817440.
2025-03-06 16:39:18,293 - root - INFO - Token Token-350 released from wait queue for 'Tech'
2025-03-06 16:39:18,294 - root - INFO - Token Token-350 waited 19894.06 minutes for resource
2025-03-06 16:39:18,294 - root - INFO - Token Token-350 started task 'Review AM using Asset Change Tracker (5.5.13.1)' at 2025-01-21 08:12:03.817440, scheduled to end at 2025-01-21 08:18:29.598800
2025-03-06 16:39:18,294 - root - INFO - Token Token-349 started task 'Complete /Accurate?' at 2025-01-21 08:12:03.817440, scheduled to end at 2025-01-21 08:12:03.817440
2025-03-06 16:39:18,295 - root - INFO - Token Token-349 completed task 'Complete /Accurate?' at 2025-01-21 08:12:03.817440.
2025-03-06 16:39:18,295 - root - INFO - Token Token-349 waiting for resource 'Tech' at 2025-01-21 08:12:03.817440
2025-03-06 16:39:18,296 - root - INFO - Token Token-350 completed task 'Review AM using Asset Change Tracker (5.5.13.1)' at 2025-01-21 08:18:29.598800.
2025-03-06 16:39:18,296 - root - INFO - Token Token-351 released from wait queue for 'Tech'
2025-03-06 16:39:18,297 - root - INFO - Token Token-351 waited 19898.49 minutes for resource
2025-03-06 16:39:18,297 - root - INFO - Token Token-351 started task 'Review AM using Asset Change Tracker (5.5.13.1)' at 2025-01-21 08:18:29.598800, scheduled to end at 2025-01-21 08:27:53.005562
2025-03-06 16:39:18,297 - root - INFO - Token Token-350 started task 'Complete /Accurate?' at 2025-01-21 08:18:29.598800, scheduled to end at 2025-01-21 08:18:29.598800
2025-03-06 16:39:18,298 - root - INFO - Token Token-350 completed task 'Complete /Accurate?' at 2025-01-21 08:18:29.598800.
2025-03-06 16:39:18,298 - root - INFO - Token Token-350 waiting for resource 'Tech' at 2025-01-21 08:18:29.598800
2025-03-06 16:39:18,299 - root - INFO - Token Token-351 completed task 'Review AM using Asset Change Tracker (5.5.13.1)' at 2025-01-21 08:27:53.005562.
2025-03-06 16:39:18,299 - root - INFO - Token Token-352 released from wait queue for 'Tech'
2025-03-06 16:39:18,299 - root - INFO - Token Token-352 waited 19905.88 minutes for resource
2025-03-06 16:39:18,300 - root - INFO - Token Token-352 started task 'Review AM using Asset Change Tracker (5.5.13.1)' at 2025-01-21 08:27:53.005562, scheduled to end at 2025-01-21 08:35:49.095136
2025-03-06 16:39:18,301 - root - INFO - Token Token-351 started task 'Complete /Accurate?' at 2025-01-21 08:27:53.005562, scheduled to end at 2025-01-21 08:27:53.005562
2025-03-06 16:39:18,302 - root - INFO - Token Token-351 completed task 'Complete /Accurate?' at 2025-01-21 08:27:53.005562.
2025-03-06 16:39:18,303 - root - INFO - Token Token-351 waiting for resource 'Tech' at 2025-01-21 08:27:53.005562
2025-03-06 16:39:18,320 - root - INFO - Token Token-352 completed task 'Review AM using Asset Change Tracker (5.5.13.1)' at 2025-01-21 08:35:49.095136.
2025-03-06 16:39:18,320 - root - INFO - Token Token-40 released from wait queue for 'Tech'
2025-03-06 16:39:18,320 - root - INFO - Token Token-40 waited 19912.17 minutes for resource
2025-03-06 16:39:18,320 - root - INFO - Token Token-40 started task 'Note Accuracy in Asset Change Tracker (5.5.13.2)' at 2025-01-21 08:35:49.095136, scheduled to end at 2025-01-21 08:41:21.476175
2025-03-06 16:39:18,323 - root - INFO - Token Token-352 started task 'Complete /Accurate?' at 2025-01-21 08:35:49.095136, scheduled to end at 2025-01-21 08:35:49.095136
2025-03-06 16:39:18,323 - root - INFO - Token Token-352 completed task 'Complete /Accurate?' at 2025-01-21 08:35:49.095136.
2025-03-06 16:39:18,323 - root - INFO - Token Token-352 waiting for resource 'Tech' at 2025-01-21 08:35:49.095136
2025-03-06 16:39:18,324 - root - INFO - Token Token-40 completed task 'Note Accuracy in Asset Change Tracker (5.5.13.2)' at 2025-01-21 08:41:21.476175.
2025-03-06 16:39:18,324 - root - INFO - Token Token-353 released from wait queue for 'Tech'
2025-03-06 16:39:18,324 - root - INFO - Token Token-353 waited 19917.36 minutes for resource
2025-03-06 16:39:18,324 - root - INFO - Token Token-353 started task 'Review AM using Asset Change Tracker (5.5.13.1)' at 2025-01-21 08:41:21.476175, scheduled to end at 2025-01-21 08:50:19.745653
2025-03-06 16:39:18,325 - root - INFO - Token Token-40 started task 'Unknown' at 2025-01-21 08:41:21.476175, scheduled to end at 2025-01-21 08:41:21.476175
2025-03-06 16:39:18,325 - root - INFO - Token Token-40 completed task 'Unknown' at 2025-01-21 08:41:21.476175.
2025-03-06 16:39:18,325 - root - INFO - Token Token-40 has completed the entire process at 2025-01-21 08:41:21.476175.
2025-03-06 16:39:18,325 - root - INFO - Token Token-353 completed task 'Review AM using Asset Change Tracker (5.5.13.1)' at 2025-01-21 08:50:19.745653.
2025-03-06 16:39:18,325 - root - INFO - Token Token-354 released from wait queue for 'Tech'
2025-03-06 16:39:18,326 - root - INFO - Token Token-354 waited 19924.33 minutes for resource
2025-03-06 16:39:18,326 - root - INFO - Token Token-354 started task 'Review AM using Asset Change Tracker (5.5.13.1)' at 2025-01-21 08:50:19.745653, scheduled to end at 2025-01-21 08:59:44.531872
2025-03-06 16:39:18,326 - root - INFO - Token Token-353 started task 'Complete /Accurate?' at 2025-01-21 08:50:19.745653, scheduled to end at 2025-01-21 08:50:19.745653
2025-03-06 16:39:18,327 - root - INFO - Token Token-353 completed task 'Complete /Accurate?' at 2025-01-21 08:50:19.745653.
2025-03-06 16:39:18,327 - root - INFO - Token Token-353 waiting for resource 'Tech' at 2025-01-21 08:50:19.745653
2025-03-06 16:39:18,327 - root - INFO - Token Token-354 completed task 'Review AM using Asset Change Tracker (5.5.13.1)' at 2025-01-21 08:59:44.531872.
2025-03-06 16:39:18,327 - root - INFO - Token Token-355 released from wait queue for 'Tech'
2025-03-06 16:39:18,328 - root - INFO - Token Token-355 waited 19931.74 minutes for resource
2025-03-06 16:39:18,328 - root - INFO - Token Token-355 started task 'Review AM using Asset Change Tracker (5.5.13.1)' at 2025-01-21 08:59:44.531872, scheduled to end at 2025-01-21 09:09:17.064757
2025-03-06 16:39:18,328 - root - INFO - Token Token-354 started task 'Complete /Accurate?' at 2025-01-21 08:59:44.531872, scheduled to end at 2025-01-21 08:59:44.531872
2025-03-06 16:39:18,329 - root - INFO - Token Token-354 completed task 'Complete /Accurate?' at 2025-01-21 08:59:44.531872.
2025-03-06 16:39:18,329 - root - INFO - Token Token-354 waiting for resource 'Tech' at 2025-01-21 08:59:44.531872
2025-03-06 16:39:18,330 - root - INFO - Token Token-355 completed task 'Review AM using Asset Change Tracker (5.5.13.1)' at 2025-01-21 09:09:17.064757.
2025-03-06 16:39:18,330 - root - INFO - Token Token-356 released from wait queue for 'Tech'
2025-03-06 16:39:18,330 - root - INFO - Token Token-356 waited 19939.28 minutes for resource
2025-03-06 16:39:18,331 - root - INFO - Token Token-356 started task 'Review AM using Asset Change Tracker (5.5.13.1)' at 2025-01-21 09:09:17.064757, scheduled to end at 2025-01-21 09:17:17.088059
2025-03-06 16:39:18,331 - root - INFO - Token Token-355 started task 'Complete /Accurate?' at 2025-01-21 09:09:17.064757, scheduled to end at 2025-01-21 09:09:17.064757
2025-03-06 16:39:18,331 - root - INFO - Token Token-355 completed task 'Complete /Accurate?' at 2025-01-21 09:09:17.064757.
2025-03-06 16:39:18,332 - root - INFO - Token Token-355 waiting for resource 'Tech' at 2025-01-21 09:09:17.064757
2025-03-06 16:39:18,332 - root - INFO - Token Token-356 completed task 'Review AM using Asset Change Tracker (5.5.13.1)' at 2025-01-21 09:17:17.088059.
2025-03-06 16:39:18,332 - root - INFO - Token Token-41 released from wait queue for 'Tech'
2025-03-06 16:39:18,332 - root - INFO - Token Token-41 waited 19947.05 minutes for resource
2025-03-06 16:39:18,333 - root - INFO - Token Token-41 started task 'Work with REO RPO to Correct (5.5.13.3)' at 2025-01-21 09:17:17.088059, scheduled to end at 2025-01-21 11:37:00.088475
2025-03-06 16:39:18,333 - root - INFO - Token Token-356 started task 'Complete /Accurate?' at 2025-01-21 09:17:17.088059, scheduled to end at 2025-01-21 09:17:17.088059
2025-03-06 16:39:18,333 - root - INFO - Token Token-356 completed task 'Complete /Accurate?' at 2025-01-21 09:17:17.088059.
2025-03-06 16:39:18,334 - root - INFO - Token Token-356 waiting for resource 'Tech' at 2025-01-21 09:17:17.088059
2025-03-06 16:39:18,334 - root - INFO - Token Token-41 completed task 'Work with REO RPO to Correct (5.5.13.3)' at 2025-01-21 11:37:00.088475.
2025-03-06 16:39:18,335 - root - INFO - Token Token-357 released from wait queue for 'Tech'
2025-03-06 16:39:18,336 - root - INFO - Token Token-357 waited 20085.00 minutes for resource
2025-03-06 16:39:18,337 - root - INFO - Token Token-357 started task 'Review AM using Asset Change Tracker (5.5.13.1)' at 2025-01-21 11:37:00.088475, scheduled to end at 2025-01-21 11:45:17.010376
2025-03-06 16:39:18,337 - root - INFO - Token Token-41 started task 'Create Journal Entries?' at 2025-01-21 11:37:00.088475, scheduled to end at 2025-01-21 11:37:00.088475
2025-03-06 16:39:18,338 - root - INFO - Token Token-41 completed task 'Create Journal Entries?' at 2025-01-21 11:37:00.088475.
2025-03-06 16:39:18,338 - root - INFO - Token Token-41 waiting for resource 'Tech' at 2025-01-21 11:37:00.088475
2025-03-06 16:39:18,339 - root - INFO - Token Token-41 started task 'Inclusive Path 3' at 2025-01-21 11:37:00.088475, scheduled to end at 2025-01-21 11:37:56.902617
2025-03-06 16:39:18,339 - root - INFO - Token Token-41 completed task 'Inclusive Path 3' at 2025-01-21 11:37:56.902617.
2025-03-06 16:39:18,339 - root - INFO - Token Token-41 started task 'Unknown' at 2025-01-21 11:37:56.902617, scheduled to end at 2025-01-21 11:37:56.902617
2025-03-06 16:39:18,340 - root - INFO - Token Token-41 completed task 'Unknown' at 2025-01-21 11:37:56.902617.
2025-03-06 16:39:18,340 - root - INFO - Token Token-41 has completed the entire process at 2025-01-21 11:37:56.902617.
2025-03-06 16:39:18,341 - root - INFO - Token Token-357 completed task 'Review AM using Asset Change Tracker (5.5.13.1)' at 2025-01-21 11:45:17.010376.
2025-03-06 16:39:18,341 - root - INFO - Token Token-358 released from wait queue for 'Tech'
2025-03-06 16:39:18,342 - root - INFO - Token Token-358 waited 20091.28 minutes for resource
2025-03-06 16:39:18,342 - root - INFO - Token Token-358 started task 'Review AM using Asset Change Tracker (5.5.13.1)' at 2025-01-21 11:45:17.010376, scheduled to end at 2025-01-21 11:54:46.874640
2025-03-06 16:39:18,342 - root - INFO - Token Token-357 started task 'Complete /Accurate?' at 2025-01-21 11:45:17.010376, scheduled to end at 2025-01-21 11:45:17.010376
2025-03-06 16:39:18,343 - root - INFO - Token Token-357 completed task 'Complete /Accurate?' at 2025-01-21 11:45:17.010376.
2025-03-06 16:39:18,343 - root - INFO - Token Token-357 waiting for resource 'Tech' at 2025-01-21 11:45:17.010376
2025-03-06 16:39:18,344 - root - INFO - Token Token-358 completed task 'Review AM using Asset Change Tracker (5.5.13.1)' at 2025-01-21 11:54:46.874640.
2025-03-06 16:39:18,344 - root - INFO - Token Token-359 released from wait queue for 'Tech'
2025-03-06 16:39:18,344 - root - INFO - Token Token-359 waited 20098.78 minutes for resource
2025-03-06 16:39:18,345 - root - INFO - Token Token-359 started task 'Review AM using Asset Change Tracker (5.5.13.1)' at 2025-01-21 11:54:46.874640, scheduled to end at 2025-01-21 12:03:04.829847
2025-03-06 16:39:18,345 - root - INFO - Token Token-358 started task 'Complete /Accurate?' at 2025-01-21 11:54:46.874640, scheduled to end at 2025-01-21 11:54:46.874640
2025-03-06 16:39:18,346 - root - INFO - Token Token-358 completed task 'Complete /Accurate?' at 2025-01-21 11:54:46.874640.
2025-03-06 16:39:18,346 - root - INFO - Token Token-358 waiting for resource 'Tech' at 2025-01-21 11:54:46.874640
2025-03-06 16:39:18,347 - root - INFO - Token Token-359 completed task 'Review AM using Asset Change Tracker (5.5.13.1)' at 2025-01-21 12:03:04.829847.
2025-03-06 16:39:18,347 - root - INFO - Token Token-360 released from wait queue for 'Tech'
2025-03-06 16:39:18,347 - root - INFO - Token Token-360 waited 20105.08 minutes for resource
2025-03-06 16:39:18,348 - root - INFO - Token Token-360 started task 'Review AM using Asset Change Tracker (5.5.13.1)' at 2025-01-21 12:03:04.829847, scheduled to end at 2025-01-21 12:09:34.358202
2025-03-06 16:39:18,349 - root - INFO - Token Token-359 started task 'Complete /Accurate?' at 2025-01-21 12:03:04.829847, scheduled to end at 2025-01-21 12:03:04.829847
2025-03-06 16:39:18,408 - root - INFO - Token Token-359 completed task 'Complete /Accurate?' at 2025-01-21 12:03:04.829847.
2025-03-06 16:39:18,408 - root - INFO - Token Token-359 waiting for resource 'Tech' at 2025-01-21 12:03:04.829847
2025-03-06 16:39:18,408 - root - INFO - Token Token-360 completed task 'Review AM using Asset Change Tracker (5.5.13.1)' at 2025-01-21 12:09:34.358202.
2025-03-06 16:39:18,410 - root - INFO - Token Token-42 released from wait queue for 'Tech'
2025-03-06 16:39:18,410 - root - INFO - Token Token-42 waited 20109.85 minutes for resource
2025-03-06 16:39:18,410 - root - INFO - Token Token-42 started task 'Note Accuracy in Asset Change Tracker (5.5.13.2)' at 2025-01-21 12:09:34.358202, scheduled to end at 2025-01-21 12:16:00.190233
2025-03-06 16:39:18,411 - root - INFO - Token Token-360 started task 'Complete /Accurate?' at 2025-01-21 12:09:34.358202, scheduled to end at 2025-01-21 12:09:34.358202
2025-03-06 16:39:18,411 - root - INFO - Token Token-360 completed task 'Complete /Accurate?' at 2025-01-21 12:09:34.358202.
2025-03-06 16:39:18,411 - root - INFO - Token Token-360 waiting for resource 'Tech' at 2025-01-21 12:09:34.358202
2025-03-06 16:39:18,411 - root - INFO - Token Token-42 completed task 'Note Accuracy in Asset Change Tracker (5.5.13.2)' at 2025-01-21 12:16:00.190233.
2025-03-06 16:39:18,411 - root - INFO - Token Token-361 released from wait queue for 'Tech'
2025-03-06 16:39:18,411 - root - INFO - Token Token-361 waited 19036.00 minutes for resource
2025-03-06 16:39:18,411 - root - INFO - Token Token-361 started task 'Review AM using Asset Change Tracker (5.5.13.1)' at 2025-01-21 12:16:00.190233, scheduled to end at 2025-01-21 12:25:12.249506
2025-03-06 16:39:18,411 - root - INFO - Token Token-42 started task 'Unknown' at 2025-01-21 12:16:00.190233, scheduled to end at 2025-01-21 12:16:00.190233
2025-03-06 16:39:18,411 - root - INFO - Token Token-42 completed task 'Unknown' at 2025-01-21 12:16:00.190233.
2025-03-06 16:39:18,411 - root - INFO - Token Token-42 has completed the entire process at 2025-01-21 12:16:00.190233.
2025-03-06 16:39:18,411 - root - INFO - Token Token-361 completed task 'Review AM using Asset Change Tracker (5.5.13.1)' at 2025-01-21 12:25:12.249506.
2025-03-06 16:39:18,411 - root - INFO - Token Token-43 released from wait queue for 'Tech'
2025-03-06 16:39:18,411 - root - INFO - Token Token-43 waited 19045.20 minutes for resource
2025-03-06 16:39:18,411 - root - INFO - Token Token-43 started task 'Note Accuracy in Asset Change Tracker (5.5.13.2)' at 2025-01-21 12:25:12.249506, scheduled to end at 2025-01-21 12:31:39.232972
2025-03-06 16:39:18,411 - root - INFO - Token Token-361 started task 'Complete /Accurate?' at 2025-01-21 12:25:12.249506, scheduled to end at 2025-01-21 12:25:12.249506
2025-03-06 16:39:18,411 - root - INFO - Token Token-361 completed task 'Complete /Accurate?' at 2025-01-21 12:25:12.249506.
2025-03-06 16:39:18,411 - root - INFO - Token Token-361 waiting for resource 'Tech' at 2025-01-21 12:25:12.249506
2025-03-06 16:39:18,411 - root - INFO - Token Token-43 completed task 'Note Accuracy in Asset Change Tracker (5.5.13.2)' at 2025-01-21 12:31:39.232972.
2025-03-06 16:39:18,411 - root - INFO - Token Token-362 released from wait queue for 'Tech'
2025-03-06 16:39:18,411 - root - INFO - Token Token-362 waited 19049.65 minutes for resource
2025-03-06 16:39:18,411 - root - INFO - Token Token-362 started task 'Review AM using Asset Change Tracker (5.5.13.1)' at 2025-01-21 12:31:39.232972, scheduled to end at 2025-01-21 12:40:38.763533
2025-03-06 16:39:18,411 - root - INFO - Token Token-43 started task 'Unknown' at 2025-01-21 12:31:39.232972, scheduled to end at 2025-01-21 12:31:39.232972
2025-03-06 16:39:18,411 - root - INFO - Token Token-43 completed task 'Unknown' at 2025-01-21 12:31:39.232972.
2025-03-06 16:39:18,411 - root - INFO - Token Token-43 has completed the entire process at 2025-01-21 12:31:39.232972.
2025-03-06 16:39:18,411 - root - INFO - Token Token-362 completed task 'Review AM using Asset Change Tracker (5.5.13.1)' at 2025-01-21 12:40:38.763533.
2025-03-06 16:39:18,411 - root - INFO - Token Token-363 released from wait queue for 'Tech'
2025-03-06 16:39:18,411 - root - INFO - Token Token-363 waited 19056.65 minutes for resource
2025-03-06 16:39:18,411 - root - INFO - Token Token-363 started task 'Review AM using Asset Change Tracker (5.5.13.1)' at 2025-01-21 12:40:38.763533, scheduled to end at 2025-01-21 12:48:13.503679
2025-03-06 16:39:18,411 - root - INFO - Token Token-362 started task 'Complete /Accurate?' at 2025-01-21 12:40:38.763533, scheduled to end at 2025-01-21 12:40:38.763533
2025-03-06 16:39:18,411 - root - INFO - Token Token-362 completed task 'Complete /Accurate?' at 2025-01-21 12:40:38.763533.
2025-03-06 16:39:18,411 - root - INFO - Token Token-362 waiting for resource 'Tech' at 2025-01-21 12:40:38.763533
2025-03-06 16:39:18,411 - root - INFO - Token Token-363 completed task 'Review AM using Asset Change Tracker (5.5.13.1)' at 2025-01-21 12:48:13.503679.
2025-03-06 16:39:18,411 - root - INFO - Token Token-364 released from wait queue for 'Tech'
2025-03-06 16:39:18,411 - root - INFO - Token Token-364 waited 19062.23 minutes for resource
2025-03-06 16:39:18,411 - root - INFO - Token Token-364 started task 'Review AM using Asset Change Tracker (5.5.13.1)' at 2025-01-21 12:48:13.503679, scheduled to end at 2025-01-21 12:57:00.584208
2025-03-06 16:39:18,411 - root - INFO - Token Token-363 started task 'Complete /Accurate?' at 2025-01-21 12:48:13.503679, scheduled to end at 2025-01-21 12:48:13.503679
2025-03-06 16:39:18,411 - root - INFO - Token Token-363 completed task 'Complete /Accurate?' at 2025-01-21 12:48:13.503679.
2025-03-06 16:39:18,411 - root - INFO - Token Token-363 waiting for resource 'Tech' at 2025-01-21 12:48:13.503679
2025-03-06 16:39:18,411 - root - INFO - Token Token-364 completed task 'Review AM using Asset Change Tracker (5.5.13.1)' at 2025-01-21 12:57:00.584208.
2025-03-06 16:39:18,411 - root - INFO - Token Token-365 released from wait queue for 'Tech'
2025-03-06 16:39:18,411 - root - INFO - Token Token-365 waited 19069.01 minutes for resource
2025-03-06 16:39:18,411 - root - INFO - Token Token-365 started task 'Review AM using Asset Change Tracker (5.5.13.1)' at 2025-01-21 12:57:00.584208, scheduled to end at 2025-01-22 07:00:00
2025-03-06 16:39:18,411 - root - INFO - Token Token-364 started task 'Complete /Accurate?' at 2025-01-21 12:57:00.584208, scheduled to end at 2025-01-21 12:57:00.584208
2025-03-06 16:39:18,427 - root - INFO - Token Token-364 completed task 'Complete /Accurate?' at 2025-01-21 12:57:00.584208.
2025-03-06 16:39:18,427 - root - INFO - Token Token-364 waiting for resource 'Tech' at 2025-01-21 12:57:00.584208
2025-03-06 16:39:18,427 - root - INFO - Token Token-365 completed task 'Review AM using Asset Change Tracker (5.5.13.1)' at 2025-01-22 07:00:00.
2025-03-06 16:39:18,427 - root - INFO - Token Token-44 released from wait queue for 'Tech'
2025-03-06 16:39:18,428 - root - INFO - Token Token-44 waited 20150.86 minutes for resource
2025-03-06 16:39:18,428 - root - INFO - Token Token-44 started task 'Note Accuracy in Asset Change Tracker (5.5.13.2)' at 2025-01-22 07:00:00, scheduled to end at 2025-01-22 07:05:40.842825
2025-03-06 16:39:18,428 - root - INFO - Token Token-365 started task 'Complete /Accurate?' at 2025-01-22 07:00:00, scheduled to end at 2025-01-22 07:00:00
2025-03-06 16:39:18,429 - root - INFO - Token Token-365 completed task 'Complete /Accurate?' at 2025-01-22 07:00:00.
2025-03-06 16:39:18,429 - root - INFO - Token Token-365 waiting for resource 'Tech' at 2025-01-22 07:00:00
2025-03-06 16:39:18,429 - root - INFO - Token Token-44 completed task 'Note Accuracy in Asset Change Tracker (5.5.13.2)' at 2025-01-22 07:05:40.842825.
2025-03-06 16:39:18,430 - root - INFO - Token Token-366 released from wait queue for 'Tech'
2025-03-06 16:39:18,431 - root - INFO - Token Token-366 waited 20155.68 minutes for resource
2025-03-06 16:39:18,431 - root - INFO - Token Token-366 started task 'Review AM using Asset Change Tracker (5.5.13.1)' at 2025-01-22 07:05:40.842825, scheduled to end at 2025-01-22 07:11:49.785894
2025-03-06 16:39:18,432 - root - INFO - Token Token-44 started task 'Unknown' at 2025-01-22 07:05:40.842825, scheduled to end at 2025-01-22 07:05:40.842825
2025-03-06 16:39:18,432 - root - INFO - Token Token-44 completed task 'Unknown' at 2025-01-22 07:05:40.842825.
2025-03-06 16:39:18,433 - root - INFO - Token Token-44 has completed the entire process at 2025-01-22 07:05:40.842825.
2025-03-06 16:39:18,433 - root - INFO - Token Token-366 completed task 'Review AM using Asset Change Tracker (5.5.13.1)' at 2025-01-22 07:11:49.785894.
2025-03-06 16:39:18,433 - root - INFO - Token Token-367 released from wait queue for 'Tech'
2025-03-06 16:39:18,434 - root - INFO - Token Token-367 waited 20159.83 minutes for resource
2025-03-06 16:39:18,434 - root - INFO - Token Token-367 started task 'Review AM using Asset Change Tracker (5.5.13.1)' at 2025-01-22 07:11:49.785894, scheduled to end at 2025-01-22 07:21:04.102498
2025-03-06 16:39:18,435 - root - INFO - Token Token-366 started task 'Complete /Accurate?' at 2025-01-22 07:11:49.785894, scheduled to end at 2025-01-22 07:11:49.785894
2025-03-06 16:39:18,435 - root - INFO - Token Token-366 completed task 'Complete /Accurate?' at 2025-01-22 07:11:49.785894.
2025-03-06 16:39:18,435 - root - INFO - Token Token-366 waiting for resource 'Tech' at 2025-01-22 07:11:49.785894
2025-03-06 16:39:18,436 - root - INFO - Token Token-367 completed task 'Review AM using Asset Change Tracker (5.5.13.1)' at 2025-01-22 07:21:04.102498.
2025-03-06 16:39:18,437 - root - INFO - Token Token-368 released from wait queue for 'Tech'
2025-03-06 16:39:18,437 - root - INFO - Token Token-368 waited 20167.07 minutes for resource
2025-03-06 16:39:18,437 - root - INFO - Token Token-368 started task 'Review AM using Asset Change Tracker (5.5.13.1)' at 2025-01-22 07:21:04.102498, scheduled to end at 2025-01-22 07:29:15.380827
2025-03-06 16:39:18,437 - root - INFO - Token Token-367 started task 'Complete /Accurate?' at 2025-01-22 07:21:04.102498, scheduled to end at 2025-01-22 07:21:04.102498
2025-03-06 16:39:18,438 - root - INFO - Token Token-367 completed task 'Complete /Accurate?' at 2025-01-22 07:21:04.102498.
2025-03-06 16:39:18,438 - root - INFO - Token Token-367 waiting for resource 'Tech' at 2025-01-22 07:21:04.102498
2025-03-06 16:39:18,439 - root - INFO - Token Token-368 completed task 'Review AM using Asset Change Tracker (5.5.13.1)' at 2025-01-22 07:29:15.380827.
2025-03-06 16:39:18,439 - root - INFO - Token Token-369 released from wait queue for 'Tech'
2025-03-06 16:39:18,439 - root - INFO - Token Token-369 waited 20173.26 minutes for resource
2025-03-06 16:39:18,440 - root - INFO - Token Token-369 started task 'Review AM using Asset Change Tracker (5.5.13.1)' at 2025-01-22 07:29:15.380827, scheduled to end at 2025-01-22 07:37:20.213754
2025-03-06 16:39:18,440 - root - INFO - Token Token-368 started task 'Complete /Accurate?' at 2025-01-22 07:29:15.380827, scheduled to end at 2025-01-22 07:29:15.380827
2025-03-06 16:39:18,441 - root - INFO - Token Token-368 completed task 'Complete /Accurate?' at 2025-01-22 07:29:15.380827.
2025-03-06 16:39:18,441 - root - INFO - Token Token-368 waiting for resource 'Tech' at 2025-01-22 07:29:15.380827
2025-03-06 16:39:18,441 - root - INFO - Token Token-369 completed task 'Review AM using Asset Change Tracker (5.5.13.1)' at 2025-01-22 07:37:20.213754.
2025-03-06 16:39:18,442 - root - INFO - Token Token-370 released from wait queue for 'Tech'
2025-03-06 16:39:18,442 - root - INFO - Token Token-370 waited 20179.34 minutes for resource
2025-03-06 16:39:18,442 - root - INFO - Token Token-370 started task 'Review AM using Asset Change Tracker (5.5.13.1)' at 2025-01-22 07:37:20.213754, scheduled to end at 2025-01-22 07:45:23.160749
2025-03-06 16:39:18,444 - root - INFO - Token Token-369 started task 'Complete /Accurate?' at 2025-01-22 07:37:20.213754, scheduled to end at 2025-01-22 07:37:20.213754
2025-03-06 16:39:18,444 - root - INFO - Token Token-369 completed task 'Complete /Accurate?' at 2025-01-22 07:37:20.213754.
2025-03-06 16:39:18,445 - root - INFO - Token Token-369 waiting for resource 'Tech' at 2025-01-22 07:37:20.213754
2025-03-06 16:39:18,446 - root - INFO - Token Token-370 completed task 'Review AM using Asset Change Tracker (5.5.13.1)' at 2025-01-22 07:45:23.160749.
2025-03-06 16:39:18,447 - root - INFO - Token Token-45 released from wait queue for 'Tech'
2025-03-06 16:39:18,448 - root - INFO - Token Token-45 waited 20187.05 minutes for resource
2025-03-06 16:39:18,464 - root - INFO - Token Token-45 started task 'Work with REO RPO to Correct (5.5.13.3)' at 2025-01-22 07:45:23.160749, scheduled to end at 2025-01-22 10:11:11.628162
2025-03-06 16:39:18,465 - root - INFO - Token Token-370 started task 'Complete /Accurate?' at 2025-01-22 07:45:23.160749, scheduled to end at 2025-01-22 07:45:23.160749
2025-03-06 16:39:18,465 - root - INFO - Token Token-370 completed task 'Complete /Accurate?' at 2025-01-22 07:45:23.160749.
2025-03-06 16:39:18,465 - root - INFO - Token Token-370 waiting for resource 'Tech' at 2025-01-22 07:45:23.160749
2025-03-06 16:39:18,465 - root - INFO - Token Token-45 completed task 'Work with REO RPO to Correct (5.5.13.3)' at 2025-01-22 10:11:11.628162.
2025-03-06 16:39:18,466 - root - INFO - Token Token-371 released from wait queue for 'Tech'
2025-03-06 16:39:18,466 - root - INFO - Token Token-371 waited 20331.19 minutes for resource
2025-03-06 16:39:18,466 - root - INFO - Token Token-371 started task 'Review AM using Asset Change Tracker (5.5.13.1)' at 2025-01-22 10:11:11.628162, scheduled to end at 2025-01-22 10:17:58.975912
2025-03-06 16:39:18,466 - root - INFO - Token Token-45 started task 'Create Journal Entries?' at 2025-01-22 10:11:11.628162, scheduled to end at 2025-01-22 10:11:11.628162
2025-03-06 16:39:18,467 - root - INFO - Token Token-45 completed task 'Create Journal Entries?' at 2025-01-22 10:11:11.628162.
2025-03-06 16:39:18,467 - root - INFO - Token Token-45 waiting for resource 'Certifier' at 2025-01-22 10:11:11.628162
2025-03-06 16:39:18,467 - root - INFO - Token Token-45 started task 'Inclusive Path 3' at 2025-01-22 10:11:11.628162, scheduled to end at 2025-01-22 10:11:50.215260
2025-03-06 16:39:18,467 - root - INFO - Token Token-45 completed task 'Inclusive Path 3' at 2025-01-22 10:11:50.215260.
2025-03-06 16:39:18,468 - root - INFO - Token Token-45 started task 'Unknown' at 2025-01-22 10:11:50.215260, scheduled to end at 2025-01-22 10:11:50.215260
2025-03-06 16:39:18,468 - root - INFO - Token Token-45 completed task 'Unknown' at 2025-01-22 10:11:50.215260.
2025-03-06 16:39:18,468 - root - INFO - Token Token-45 has completed the entire process at 2025-01-22 10:11:50.215260.
2025-03-06 16:39:18,468 - root - INFO - Token Token-371 completed task 'Review AM using Asset Change Tracker (5.5.13.1)' at 2025-01-22 10:17:58.975912.
2025-03-06 16:39:18,469 - root - INFO - Token Token-372 released from wait queue for 'Tech'
2025-03-06 16:39:18,469 - root - INFO - Token Token-372 waited 20335.98 minutes for resource
2025-03-06 16:39:18,469 - root - INFO - Token Token-372 started task 'Review AM using Asset Change Tracker (5.5.13.1)' at 2025-01-22 10:17:58.975912, scheduled to end at 2025-01-22 10:27:30.700053
2025-03-06 16:39:18,469 - root - INFO - Token Token-371 started task 'Complete /Accurate?' at 2025-01-22 10:17:58.975912, scheduled to end at 2025-01-22 10:17:58.975912
2025-03-06 16:39:18,470 - root - INFO - Token Token-371 completed task 'Complete /Accurate?' at 2025-01-22 10:17:58.975912.
2025-03-06 16:39:18,470 - root - INFO - Token Token-371 waiting for resource 'Tech' at 2025-01-22 10:17:58.975912
2025-03-06 16:39:18,470 - root - INFO - Token Token-372 completed task 'Review AM using Asset Change Tracker (5.5.13.1)' at 2025-01-22 10:27:30.700053.
2025-03-06 16:39:18,471 - root - INFO - Token Token-373 released from wait queue for 'Tech'
2025-03-06 16:39:18,471 - root - INFO - Token Token-373 waited 20343.51 minutes for resource
2025-03-06 16:39:18,473 - root - INFO - Token Token-373 started task 'Review AM using Asset Change Tracker (5.5.13.1)' at 2025-01-22 10:27:30.700053, scheduled to end at 2025-01-22 10:36:07.398726
2025-03-06 16:39:18,473 - root - INFO - Token Token-372 started task 'Complete /Accurate?' at 2025-01-22 10:27:30.700053, scheduled to end at 2025-01-22 10:27:30.700053
2025-03-06 16:39:18,473 - root - INFO - Token Token-372 completed task 'Complete /Accurate?' at 2025-01-22 10:27:30.700053.
2025-03-06 16:39:18,473 - root - INFO - Token Token-372 waiting for resource 'Tech' at 2025-01-22 10:27:30.700053
2025-03-06 16:39:18,473 - root - INFO - Token Token-373 completed task 'Review AM using Asset Change Tracker (5.5.13.1)' at 2025-01-22 10:36:07.398726.
2025-03-06 16:39:18,474 - root - INFO - Token Token-46 released from wait queue for 'Tech'
2025-03-06 16:39:18,474 - root - INFO - Token Token-46 waited 20351.46 minutes for resource
2025-03-06 16:39:18,474 - root - INFO - Token Token-46 started task 'Note Accuracy in Asset Change Tracker (5.5.13.2)' at 2025-01-22 10:36:07.398726, scheduled to end at 2025-01-22 10:42:06.808017
2025-03-06 16:39:18,474 - root - INFO - Token Token-373 started task 'Complete /Accurate?' at 2025-01-22 10:36:07.398726, scheduled to end at 2025-01-22 10:36:07.398726
2025-03-06 16:39:18,475 - root - INFO - Token Token-373 completed task 'Complete /Accurate?' at 2025-01-22 10:36:07.398726.
2025-03-06 16:39:18,475 - root - INFO - Token Token-373 waiting for resource 'Tech' at 2025-01-22 10:36:07.398726
2025-03-06 16:39:18,475 - root - INFO - Token Token-46 completed task 'Note Accuracy in Asset Change Tracker (5.5.13.2)' at 2025-01-22 10:42:06.808017.
2025-03-06 16:39:18,475 - root - INFO - Token Token-374 released from wait queue for 'Tech'
2025-03-06 16:39:18,475 - root - INFO - Token Token-374 waited 20356.11 minutes for resource
2025-03-06 16:39:18,476 - root - INFO - Token Token-374 started task 'Review AM using Asset Change Tracker (5.5.13.1)' at 2025-01-22 10:42:06.808017, scheduled to end at 2025-01-22 10:49:00.875475
2025-03-06 16:39:18,476 - root - INFO - Token Token-46 started task 'Unknown' at 2025-01-22 10:42:06.808017, scheduled to end at 2025-01-22 10:42:06.808017
2025-03-06 16:39:18,476 - root - INFO - Token Token-46 completed task 'Unknown' at 2025-01-22 10:42:06.808017.
2025-03-06 16:39:18,476 - root - INFO - Token Token-46 has completed the entire process at 2025-01-22 10:42:06.808017.
2025-03-06 16:39:18,477 - root - INFO - Token Token-374 completed task 'Review AM using Asset Change Tracker (5.5.13.1)' at 2025-01-22 10:49:00.875475.
2025-03-06 16:39:18,477 - root - INFO - Token Token-375 released from wait queue for 'Tech'
2025-03-06 16:39:18,477 - root - INFO - Token Token-375 waited 20361.01 minutes for resource
2025-03-06 16:39:18,477 - root - INFO - Token Token-375 started task 'Review AM using Asset Change Tracker (5.5.13.1)' at 2025-01-22 10:49:00.875475, scheduled to end at 2025-01-22 10:54:56.287955
2025-03-06 16:39:18,477 - root - INFO - Token Token-374 started task 'Complete /Accurate?' at 2025-01-22 10:49:00.875475, scheduled to end at 2025-01-22 10:49:00.875475
2025-03-06 16:39:18,478 - root - INFO - Token Token-374 completed task 'Complete /Accurate?' at 2025-01-22 10:49:00.875475.
2025-03-06 16:39:18,478 - root - INFO - Token Token-374 waiting for resource 'Tech' at 2025-01-22 10:49:00.875475
2025-03-06 16:39:18,480 - root - INFO - Token Token-375 completed task 'Review AM using Asset Change Tracker (5.5.13.1)' at 2025-01-22 10:54:56.287955.
2025-03-06 16:39:18,480 - root - INFO - Token Token-376 released from wait queue for 'Tech'
2025-03-06 16:39:18,480 - root - INFO - Token Token-376 waited 20364.94 minutes for resource
2025-03-06 16:39:18,481 - root - INFO - Token Token-376 started task 'Review AM using Asset Change Tracker (5.5.13.1)' at 2025-01-22 10:54:56.287955, scheduled to end at 2025-01-22 11:03:08.456750
2025-03-06 16:39:18,481 - root - INFO - Token Token-375 started task 'Complete /Accurate?' at 2025-01-22 10:54:56.287955, scheduled to end at 2025-01-22 10:54:56.287955
2025-03-06 16:39:18,482 - root - INFO - Token Token-375 completed task 'Complete /Accurate?' at 2025-01-22 10:54:56.287955.
2025-03-06 16:39:18,482 - root - INFO - Token Token-375 waiting for resource 'Tech' at 2025-01-22 10:54:56.287955
2025-03-06 16:39:18,482 - root - INFO - Token Token-376 completed task 'Review AM using Asset Change Tracker (5.5.13.1)' at 2025-01-22 11:03:08.456750.
2025-03-06 16:39:18,483 - root - INFO - Token Token-377 released from wait queue for 'Tech'
2025-03-06 16:39:18,483 - root - INFO - Token Token-377 waited 20371.14 minutes for resource
2025-03-06 16:39:18,483 - root - INFO - Token Token-377 started task 'Review AM using Asset Change Tracker (5.5.13.1)' at 2025-01-22 11:03:08.456750, scheduled to end at 2025-01-22 11:09:14.537563
2025-03-06 16:39:18,484 - root - INFO - Token Token-376 started task 'Complete /Accurate?' at 2025-01-22 11:03:08.456750, scheduled to end at 2025-01-22 11:03:08.456750
2025-03-06 16:39:18,484 - root - INFO - Token Token-376 completed task 'Complete /Accurate?' at 2025-01-22 11:03:08.456750.
2025-03-06 16:39:18,485 - root - INFO - Token Token-376 waiting for resource 'Tech' at 2025-01-22 11:03:08.456750
2025-03-06 16:39:18,485 - root - INFO - Token Token-377 completed task 'Review AM using Asset Change Tracker (5.5.13.1)' at 2025-01-22 11:09:14.537563.
2025-03-06 16:39:18,486 - root - INFO - Token Token-378 released from wait queue for 'Tech'
2025-03-06 16:39:18,486 - root - INFO - Token Token-378 waited 20375.24 minutes for resource
2025-03-06 16:39:18,486 - root - INFO - Token Token-378 started task 'Review AM using Asset Change Tracker (5.5.13.1)' at 2025-01-22 11:09:14.537563, scheduled to end at 2025-01-22 11:16:07.129607
2025-03-06 16:39:18,487 - root - INFO - Token Token-377 started task 'Complete /Accurate?' at 2025-01-22 11:09:14.537563, scheduled to end at 2025-01-22 11:09:14.537563
2025-03-06 16:39:18,487 - root - INFO - Token Token-377 completed task 'Complete /Accurate?' at 2025-01-22 11:09:14.537563.
2025-03-06 16:39:18,488 - root - INFO - Token Token-377 waiting for resource 'Tech' at 2025-01-22 11:09:14.537563
2025-03-06 16:39:18,488 - root - INFO - Token Token-378 completed task 'Review AM using Asset Change Tracker (5.5.13.1)' at 2025-01-22 11:16:07.129607.
2025-03-06 16:39:18,488 - root - INFO - Token Token-47 released from wait queue for 'Tech'
2025-03-06 16:39:18,489 - root - INFO - Token Token-47 waited 20382.09 minutes for resource
2025-03-06 16:39:18,489 - root - INFO - Token Token-47 started task 'Note Accuracy in Asset Change Tracker (5.5.13.2)' at 2025-01-22 11:16:07.129607, scheduled to end at 2025-01-22 11:21:17.070058
2025-03-06 16:39:18,490 - root - INFO - Token Token-378 started task 'Complete /Accurate?' at 2025-01-22 11:16:07.129607, scheduled to end at 2025-01-22 11:16:07.129607
2025-03-06 16:39:18,509 - root - INFO - Token Token-378 completed task 'Complete /Accurate?' at 2025-01-22 11:16:07.129607.
2025-03-06 16:39:18,510 - root - INFO - Token Token-378 waiting for resource 'Tech' at 2025-01-22 11:16:07.129607
2025-03-06 16:39:18,510 - root - INFO - Token Token-47 completed task 'Note Accuracy in Asset Change Tracker (5.5.13.2)' at 2025-01-22 11:21:17.070058.
2025-03-06 16:39:18,510 - root - INFO - Token Token-379 released from wait queue for 'Tech'
2025-03-06 16:39:18,510 - root - INFO - Token Token-379 waited 20385.28 minutes for resource
2025-03-06 16:39:18,511 - root - INFO - Token Token-379 started task 'Review AM using Asset Change Tracker (5.5.13.1)' at 2025-01-22 11:21:17.070058, scheduled to end at 2025-01-22 11:30:51.700822
2025-03-06 16:39:18,511 - root - INFO - Token Token-47 started task 'Unknown' at 2025-01-22 11:21:17.070058, scheduled to end at 2025-01-22 11:21:17.070058
2025-03-06 16:39:18,511 - root - INFO - Token Token-47 completed task 'Unknown' at 2025-01-22 11:21:17.070058.
2025-03-06 16:39:18,511 - root - INFO - Token Token-47 has completed the entire process at 2025-01-22 11:21:17.070058.
2025-03-06 16:39:18,512 - root - INFO - Token Token-379 completed task 'Review AM using Asset Change Tracker (5.5.13.1)' at 2025-01-22 11:30:51.700822.
2025-03-06 16:39:18,512 - root - INFO - Token Token-380 released from wait queue for 'Tech'
2025-03-06 16:39:18,512 - root - INFO - Token Token-380 waited 20392.86 minutes for resource
2025-03-06 16:39:18,512 - root - INFO - Token Token-380 started task 'Review AM using Asset Change Tracker (5.5.13.1)' at 2025-01-22 11:30:51.700822, scheduled to end at 2025-01-22 11:38:50.030279
2025-03-06 16:39:18,513 - root - INFO - Token Token-379 started task 'Complete /Accurate?' at 2025-01-22 11:30:51.700822, scheduled to end at 2025-01-22 11:30:51.700822
2025-03-06 16:39:18,513 - root - INFO - Token Token-379 completed task 'Complete /Accurate?' at 2025-01-22 11:30:51.700822.
2025-03-06 16:39:18,513 - root - INFO - Token Token-379 waiting for resource 'Tech' at 2025-01-22 11:30:51.700822
2025-03-06 16:39:18,513 - root - INFO - Token Token-380 completed task 'Review AM using Asset Change Tracker (5.5.13.1)' at 2025-01-22 11:38:50.030279.
2025-03-06 16:39:18,514 - root - INFO - Token Token-381 released from wait queue for 'Tech'
2025-03-06 16:39:18,514 - root - INFO - Token Token-381 waited 20398.83 minutes for resource
2025-03-06 16:39:18,514 - root - INFO - Token Token-381 started task 'Review AM using Asset Change Tracker (5.5.13.1)' at 2025-01-22 11:38:50.030279, scheduled to end at 2025-01-22 11:48:04.435555
2025-03-06 16:39:18,514 - root - INFO - Token Token-380 started task 'Complete /Accurate?' at 2025-01-22 11:38:50.030279, scheduled to end at 2025-01-22 11:38:50.030279
2025-03-06 16:39:18,514 - root - INFO - Token Token-380 completed task 'Complete /Accurate?' at 2025-01-22 11:38:50.030279.
2025-03-06 16:39:18,515 - root - INFO - Token Token-380 waiting for resource 'Tech' at 2025-01-22 11:38:50.030279
2025-03-06 16:39:18,515 - root - INFO - Token Token-381 completed task 'Review AM using Asset Change Tracker (5.5.13.1)' at 2025-01-22 11:48:04.435555.
2025-03-06 16:39:18,515 - root - INFO - Token Token-382 released from wait queue for 'Tech'
2025-03-06 16:39:18,515 - root - INFO - Token Token-382 waited 20406.07 minutes for resource
2025-03-06 16:39:18,516 - root - INFO - Token Token-382 started task 'Review AM using Asset Change Tracker (5.5.13.1)' at 2025-01-22 11:48:04.435555, scheduled to end at 2025-01-22 11:55:52.833248
2025-03-06 16:39:18,517 - root - INFO - Token Token-381 started task 'Complete /Accurate?' at 2025-01-22 11:48:04.435555, scheduled to end at 2025-01-22 11:48:04.435555
2025-03-06 16:39:18,518 - root - INFO - Token Token-381 completed task 'Complete /Accurate?' at 2025-01-22 11:48:04.435555.
2025-03-06 16:39:18,518 - root - INFO - Token Token-381 waiting for resource 'Tech' at 2025-01-22 11:48:04.435555
2025-03-06 16:39:18,518 - root - INFO - Token Token-382 completed task 'Review AM using Asset Change Tracker (5.5.13.1)' at 2025-01-22 11:55:52.833248.
2025-03-06 16:39:18,518 - root - INFO - Token Token-48 released from wait queue for 'Tech'
2025-03-06 16:39:18,519 - root - INFO - Token Token-48 waited 20412.31 minutes for resource
2025-03-06 16:39:18,519 - root - INFO - Token Token-48 started task 'Note Accuracy in Asset Change Tracker (5.5.13.2)' at 2025-01-22 11:55:52.833248, scheduled to end at 2025-01-22 12:01:31.614034
2025-03-06 16:39:18,519 - root - INFO - Token Token-382 started task 'Complete /Accurate?' at 2025-01-22 11:55:52.833248, scheduled to end at 2025-01-22 11:55:52.833248
2025-03-06 16:39:18,519 - root - INFO - Token Token-382 completed task 'Complete /Accurate?' at 2025-01-22 11:55:52.833248.
2025-03-06 16:39:18,520 - root - INFO - Token Token-382 waiting for resource 'Tech' at 2025-01-22 11:55:52.833248
2025-03-06 16:39:18,520 - root - INFO - Token Token-48 completed task 'Note Accuracy in Asset Change Tracker (5.5.13.2)' at 2025-01-22 12:01:31.614034.
2025-03-06 16:39:18,520 - root - INFO - Token Token-383 released from wait queue for 'Tech'
2025-03-06 16:39:18,520 - root - INFO - Token Token-383 waited 20417.53 minutes for resource
2025-03-06 16:39:18,520 - root - INFO - Token Token-383 started task 'Review AM using Asset Change Tracker (5.5.13.1)' at 2025-01-22 12:01:31.614034, scheduled to end at 2025-01-22 12:10:46.933812
2025-03-06 16:39:18,521 - root - INFO - Token Token-48 started task 'Unknown' at 2025-01-22 12:01:31.614034, scheduled to end at 2025-01-22 12:01:31.614034
2025-03-06 16:39:18,521 - root - INFO - Token Token-48 completed task 'Unknown' at 2025-01-22 12:01:31.614034.
2025-03-06 16:39:18,521 - root - INFO - Token Token-48 has completed the entire process at 2025-01-22 12:01:31.614034.
2025-03-06 16:39:18,521 - root - INFO - Token Token-383 completed task 'Review AM using Asset Change Tracker (5.5.13.1)' at 2025-01-22 12:10:46.933812.
2025-03-06 16:39:18,522 - root - INFO - Token Token-384 released from wait queue for 'Tech'
2025-03-06 16:39:18,522 - root - INFO - Token Token-384 waited 20424.78 minutes for resource
2025-03-06 16:39:18,522 - root - INFO - Token Token-384 started task 'Review AM using Asset Change Tracker (5.5.13.1)' at 2025-01-22 12:10:46.933812, scheduled to end at 2025-01-22 12:19:04.156410
2025-03-06 16:39:18,522 - root - INFO - Token Token-383 started task 'Complete /Accurate?' at 2025-01-22 12:10:46.933812, scheduled to end at 2025-01-22 12:10:46.933812
2025-03-06 16:39:18,522 - root - INFO - Token Token-383 completed task 'Complete /Accurate?' at 2025-01-22 12:10:46.933812.
2025-03-06 16:39:18,523 - root - INFO - Token Token-383 waiting for resource 'Tech' at 2025-01-22 12:10:46.933812
2025-03-06 16:39:18,523 - root - INFO - Token Token-384 completed task 'Review AM using Asset Change Tracker (5.5.13.1)' at 2025-01-22 12:19:04.156410.
2025-03-06 16:39:18,523 - root - INFO - Token Token-385 released from wait queue for 'Tech'
2025-03-06 16:39:18,523 - root - INFO - Token Token-385 waited 20431.07 minutes for resource
2025-03-06 16:39:18,524 - root - INFO - Token Token-385 started task 'Review AM using Asset Change Tracker (5.5.13.1)' at 2025-01-22 12:19:04.156410, scheduled to end at 2025-01-22 12:27:35.539399
2025-03-06 16:39:18,524 - root - INFO - Token Token-384 started task 'Complete /Accurate?' at 2025-01-22 12:19:04.156410, scheduled to end at 2025-01-22 12:19:04.156410
2025-03-06 16:39:18,524 - root - INFO - Token Token-384 completed task 'Complete /Accurate?' at 2025-01-22 12:19:04.156410.
2025-03-06 16:39:18,524 - root - INFO - Token Token-384 waiting for resource 'Tech' at 2025-01-22 12:19:04.156410
2025-03-06 16:39:18,525 - root - INFO - Token Token-385 completed task 'Review AM using Asset Change Tracker (5.5.13.1)' at 2025-01-22 12:27:35.539399.
2025-03-06 16:39:18,525 - root - INFO - Token Token-386 released from wait queue for 'Tech'
2025-03-06 16:39:18,525 - root - INFO - Token Token-386 waited 20437.59 minutes for resource
2025-03-06 16:39:18,525 - root - INFO - Token Token-386 started task 'Review AM using Asset Change Tracker (5.5.13.1)' at 2025-01-22 12:27:35.539399, scheduled to end at 2025-01-22 12:35:49.037582
2025-03-06 16:39:18,526 - root - INFO - Token Token-385 started task 'Complete /Accurate?' at 2025-01-22 12:27:35.539399, scheduled to end at 2025-01-22 12:27:35.539399
2025-03-06 16:39:18,526 - root - INFO - Token Token-385 completed task 'Complete /Accurate?' at 2025-01-22 12:27:35.539399.
2025-03-06 16:39:18,526 - root - INFO - Token Token-385 waiting for resource 'Tech' at 2025-01-22 12:27:35.539399
2025-03-06 16:39:18,526 - root - INFO - Token Token-386 completed task 'Review AM using Asset Change Tracker (5.5.13.1)' at 2025-01-22 12:35:49.037582.
2025-03-06 16:39:18,526 - root - INFO - Token Token-387 released from wait queue for 'Tech'
2025-03-06 16:39:18,527 - root - INFO - Token Token-387 waited 20443.82 minutes for resource
2025-03-06 16:39:18,527 - root - INFO - Token Token-387 started task 'Review AM using Asset Change Tracker (5.5.13.1)' at 2025-01-22 12:35:49.037582, scheduled to end at 2025-01-22 12:43:27.674104
2025-03-06 16:39:18,527 - root - INFO - Token Token-386 started task 'Complete /Accurate?' at 2025-01-22 12:35:49.037582, scheduled to end at 2025-01-22 12:35:49.037582
2025-03-06 16:39:18,528 - root - INFO - Token Token-386 completed task 'Complete /Accurate?' at 2025-01-22 12:35:49.037582.
2025-03-06 16:39:18,528 - root - INFO - Token Token-386 waiting for resource 'Tech' at 2025-01-22 12:35:49.037582
2025-03-06 16:39:18,528 - root - INFO - Token Token-387 completed task 'Review AM using Asset Change Tracker (5.5.13.1)' at 2025-01-22 12:43:27.674104.
2025-03-06 16:39:18,528 - root - INFO - Token Token-49 released from wait queue for 'Tech'
2025-03-06 16:39:18,529 - root - INFO - Token Token-49 waited 20450.63 minutes for resource
2025-03-06 16:39:18,529 - root - INFO - Token Token-49 started task 'Work with REO RPO to Correct (5.5.13.3)' at 2025-01-22 12:43:27.674104, scheduled to end at 2025-01-23 07:00:00
2025-03-06 16:39:18,529 - root - INFO - Token Token-387 started task 'Complete /Accurate?' at 2025-01-22 12:43:27.674104, scheduled to end at 2025-01-22 12:43:27.674104
2025-03-06 16:39:18,529 - root - INFO - Token Token-387 completed task 'Complete /Accurate?' at 2025-01-22 12:43:27.674104.
2025-03-06 16:39:18,530 - root - INFO - Token Token-387 waiting for resource 'Tech' at 2025-01-22 12:43:27.674104
2025-03-06 16:39:18,530 - root - INFO - Token Token-49 completed task 'Work with REO RPO to Correct (5.5.13.3)' at 2025-01-23 07:00:00.
2025-03-06 16:39:18,530 - root - INFO - Token Token-388 released from wait queue for 'Tech'
2025-03-06 16:39:18,530 - root - INFO - Token Token-388 waited 21546.00 minutes for resource
2025-03-06 16:39:18,531 - root - INFO - Token Token-388 started task 'Review AM using Asset Change Tracker (5.5.13.1)' at 2025-01-23 07:00:00, scheduled to end at 2025-01-23 07:08:38.702153
2025-03-06 16:39:18,531 - root - INFO - Token Token-49 started task 'Create Journal Entries?' at 2025-01-23 07:00:00, scheduled to end at 2025-01-23 07:00:00
2025-03-06 16:39:18,531 - root - INFO - Token Token-49 completed task 'Create Journal Entries?' at 2025-01-23 07:00:00.
2025-03-06 16:39:18,531 - root - INFO - Token Token-49 waiting for resource 'Certifier' at 2025-01-23 07:00:00
2025-03-06 16:39:18,532 - root - INFO - Token Token-49 started task 'Inclusive Path 3' at 2025-01-23 07:00:00, scheduled to end at 2025-01-23 07:01:08.784169
2025-03-06 16:39:18,532 - root - INFO - Token Token-49 completed task 'Inclusive Path 3' at 2025-01-23 07:01:08.784169.
2025-03-06 16:39:18,534 - root - INFO - Token Token-49 started task 'Unknown' at 2025-01-23 07:01:08.784169, scheduled to end at 2025-01-23 07:01:08.784169
2025-03-06 16:39:18,534 - root - INFO - Token Token-49 completed task 'Unknown' at 2025-01-23 07:01:08.784169.
2025-03-06 16:39:18,535 - root - INFO - Token Token-49 has completed the entire process at 2025-01-23 07:01:08.784169.
2025-03-06 16:39:18,535 - root - INFO - Token Token-388 completed task 'Review AM using Asset Change Tracker (5.5.13.1)' at 2025-01-23 07:08:38.702153.
2025-03-06 16:39:18,536 - root - INFO - Token Token-389 released from wait queue for 'Tech'
2025-03-06 16:39:18,537 - root - INFO - Token Token-389 waited 21552.65 minutes for resource
2025-03-06 16:39:18,537 - root - INFO - Token Token-389 started task 'Review AM using Asset Change Tracker (5.5.13.1)' at 2025-01-23 07:08:38.702153, scheduled to end at 2025-01-23 07:18:00.975045
2025-03-06 16:39:18,539 - root - INFO - Token Token-388 started task 'Complete /Accurate?' at 2025-01-23 07:08:38.702153, scheduled to end at 2025-01-23 07:08:38.702153
2025-03-06 16:39:18,540 - root - INFO - Token Token-388 completed task 'Complete /Accurate?' at 2025-01-23 07:08:38.702153.
2025-03-06 16:39:18,541 - root - INFO - Token Token-388 waiting for resource 'Tech' at 2025-01-23 07:08:38.702153
2025-03-06 16:39:18,560 - root - INFO - Token Token-389 completed task 'Review AM using Asset Change Tracker (5.5.13.1)' at 2025-01-23 07:18:00.975045.
2025-03-06 16:39:18,560 - root - INFO - Token Token-390 released from wait queue for 'Tech'
2025-03-06 16:39:18,560 - root - INFO - Token Token-390 waited 21560.02 minutes for resource
2025-03-06 16:39:18,560 - root - INFO - Token Token-390 started task 'Review AM using Asset Change Tracker (5.5.13.1)' at 2025-01-23 07:18:00.975045, scheduled to end at 2025-01-23 07:25:34.323743
2025-03-06 16:39:18,562 - root - INFO - Token Token-389 started task 'Complete /Accurate?' at 2025-01-23 07:18:00.975045, scheduled to end at 2025-01-23 07:18:00.975045
2025-03-06 16:39:18,562 - root - INFO - Token Token-389 completed task 'Complete /Accurate?' at 2025-01-23 07:18:00.975045.
2025-03-06 16:39:18,562 - root - INFO - Token Token-389 waiting for resource 'Tech' at 2025-01-23 07:18:00.975045
2025-03-06 16:39:18,562 - root - INFO - Token Token-390 completed task 'Review AM using Asset Change Tracker (5.5.13.1)' at 2025-01-23 07:25:34.323743.
2025-03-06 16:39:18,562 - root - INFO - Token Token-391 released from wait queue for 'Tech'
2025-03-06 16:39:18,562 - root - INFO - Token Token-391 waited 21565.57 minutes for resource
2025-03-06 16:39:18,562 - root - INFO - Token Token-391 started task 'Review AM using Asset Change Tracker (5.5.13.1)' at 2025-01-23 07:25:34.323743, scheduled to end at 2025-01-23 07:32:16.020976
2025-03-06 16:39:18,562 - root - INFO - Token Token-390 started task 'Complete /Accurate?' at 2025-01-23 07:25:34.323743, scheduled to end at 2025-01-23 07:25:34.323743
2025-03-06 16:39:18,562 - root - INFO - Token Token-390 completed task 'Complete /Accurate?' at 2025-01-23 07:25:34.323743.
2025-03-06 16:39:18,562 - root - INFO - Token Token-390 waiting for resource 'Tech' at 2025-01-23 07:25:34.323743
2025-03-06 16:39:18,564 - root - INFO - Token Token-391 completed task 'Review AM using Asset Change Tracker (5.5.13.1)' at 2025-01-23 07:32:16.020976.
2025-03-06 16:39:18,565 - root - INFO - Token Token-50 released from wait queue for 'Tech'
2025-03-06 16:39:18,565 - root - INFO - Token Token-50 waited 21571.37 minutes for resource
2025-03-06 16:39:18,565 - root - INFO - Token Token-50 started task 'Note Accuracy in Asset Change Tracker (5.5.13.2)' at 2025-01-23 07:32:16.020976, scheduled to end at 2025-01-23 07:38:53.519269
2025-03-06 16:39:18,565 - root - INFO - Token Token-391 started task 'Complete /Accurate?' at 2025-01-23 07:32:16.020976, scheduled to end at 2025-01-23 07:32:16.020976
2025-03-06 16:39:18,565 - root - INFO - Token Token-391 completed task 'Complete /Accurate?' at 2025-01-23 07:32:16.020976.
2025-03-06 16:39:18,565 - root - INFO - Token Token-391 waiting for resource 'Tech' at 2025-01-23 07:32:16.020976
2025-03-06 16:39:18,565 - root - INFO - Token Token-50 completed task 'Note Accuracy in Asset Change Tracker (5.5.13.2)' at 2025-01-23 07:38:53.519269.
2025-03-06 16:39:18,566 - root - INFO - Token Token-392 released from wait queue for 'Tech'
2025-03-06 16:39:18,567 - root - INFO - Token Token-392 waited 21576.89 minutes for resource
2025-03-06 16:39:18,567 - root - INFO - Token Token-392 started task 'Review AM using Asset Change Tracker (5.5.13.1)' at 2025-01-23 07:38:53.519269, scheduled to end at 2025-01-23 07:47:19.030322
2025-03-06 16:39:18,567 - root - INFO - Token Token-50 started task 'Unknown' at 2025-01-23 07:38:53.519269, scheduled to end at 2025-01-23 07:38:53.519269
2025-03-06 16:39:18,567 - root - INFO - Token Token-50 completed task 'Unknown' at 2025-01-23 07:38:53.519269.
2025-03-06 16:39:18,568 - root - INFO - Token Token-50 has completed the entire process at 2025-01-23 07:38:53.519269.
2025-03-06 16:39:18,568 - root - INFO - Token Token-392 completed task 'Review AM using Asset Change Tracker (5.5.13.1)' at 2025-01-23 07:47:19.030322.
2025-03-06 16:39:18,568 - root - INFO - Token Token-393 released from wait queue for 'Tech'
2025-03-06 16:39:18,568 - root - INFO - Token Token-393 waited 21583.32 minutes for resource
2025-03-06 16:39:18,569 - root - INFO - Token Token-393 started task 'Review AM using Asset Change Tracker (5.5.13.1)' at 2025-01-23 07:47:19.030322, scheduled to end at 2025-01-23 07:55:16.361074
2025-03-06 16:39:18,569 - root - INFO - Token Token-392 started task 'Complete /Accurate?' at 2025-01-23 07:47:19.030322, scheduled to end at 2025-01-23 07:47:19.030322
2025-03-06 16:39:18,569 - root - INFO - Token Token-392 completed task 'Complete /Accurate?' at 2025-01-23 07:47:19.030322.
2025-03-06 16:39:18,569 - root - INFO - Token Token-392 waiting for resource 'Tech' at 2025-01-23 07:47:19.030322
2025-03-06 16:39:18,570 - root - INFO - Token Token-393 completed task 'Review AM using Asset Change Tracker (5.5.13.1)' at 2025-01-23 07:55:16.361074.
2025-03-06 16:39:18,570 - root - INFO - Token Token-394 released from wait queue for 'Tech'
2025-03-06 16:39:18,570 - root - INFO - Token Token-394 waited 21589.27 minutes for resource
2025-03-06 16:39:18,570 - root - INFO - Token Token-394 started task 'Review AM using Asset Change Tracker (5.5.13.1)' at 2025-01-23 07:55:16.361074, scheduled to end at 2025-01-23 08:04:14.982528
2025-03-06 16:39:18,571 - root - INFO - Token Token-393 started task 'Complete /Accurate?' at 2025-01-23 07:55:16.361074, scheduled to end at 2025-01-23 07:55:16.361074
2025-03-06 16:39:18,571 - root - INFO - Token Token-393 completed task 'Complete /Accurate?' at 2025-01-23 07:55:16.361074.
2025-03-06 16:39:18,571 - root - INFO - Token Token-393 waiting for resource 'Tech' at 2025-01-23 07:55:16.361074
2025-03-06 16:39:18,571 - root - INFO - Token Token-394 completed task 'Review AM using Asset Change Tracker (5.5.13.1)' at 2025-01-23 08:04:14.982528.
2025-03-06 16:39:18,572 - root - INFO - Token Token-395 released from wait queue for 'Tech'
2025-03-06 16:39:18,572 - root - INFO - Token Token-395 waited 21596.25 minutes for resource
2025-03-06 16:39:18,572 - root - INFO - Token Token-395 started task 'Review AM using Asset Change Tracker (5.5.13.1)' at 2025-01-23 08:04:14.982528, scheduled to end at 2025-01-23 08:12:54.463359
2025-03-06 16:39:18,573 - root - INFO - Token Token-394 started task 'Complete /Accurate?' at 2025-01-23 08:04:14.982528, scheduled to end at 2025-01-23 08:04:14.982528
2025-03-06 16:39:18,573 - root - INFO - Token Token-394 completed task 'Complete /Accurate?' at 2025-01-23 08:04:14.982528.
2025-03-06 16:39:18,573 - root - INFO - Token Token-394 waiting for resource 'Tech' at 2025-01-23 08:04:14.982528
2025-03-06 16:39:18,573 - root - INFO - Token Token-395 completed task 'Review AM using Asset Change Tracker (5.5.13.1)' at 2025-01-23 08:12:54.463359.
2025-03-06 16:39:18,574 - root - INFO - Token Token-51 released from wait queue for 'Tech'
2025-03-06 16:39:18,574 - root - INFO - Token Token-51 waited 21603.58 minutes for resource
2025-03-06 16:39:18,574 - root - INFO - Token Token-51 started task 'Note Accuracy in Asset Change Tracker (5.5.13.2)' at 2025-01-23 08:12:54.463359, scheduled to end at 2025-01-23 08:18:20.041817
2025-03-06 16:39:18,574 - root - INFO - Token Token-395 started task 'Complete /Accurate?' at 2025-01-23 08:12:54.463359, scheduled to end at 2025-01-23 08:12:54.463359
2025-03-06 16:39:18,575 - root - INFO - Token Token-395 completed task 'Complete /Accurate?' at 2025-01-23 08:12:54.463359.
2025-03-06 16:39:18,575 - root - INFO - Token Token-395 waiting for resource 'Tech' at 2025-01-23 08:12:54.463359
2025-03-06 16:39:18,575 - root - INFO - Token Token-51 completed task 'Note Accuracy in Asset Change Tracker (5.5.13.2)' at 2025-01-23 08:18:20.041817.
2025-03-06 16:39:18,575 - root - INFO - Token Token-396 released from wait queue for 'Tech'
2025-03-06 16:39:18,575 - root - INFO - Token Token-396 waited 21608.33 minutes for resource
2025-03-06 16:39:18,576 - root - INFO - Token Token-396 started task 'Review AM using Asset Change Tracker (5.5.13.1)' at 2025-01-23 08:18:20.041817, scheduled to end at 2025-01-23 08:27:16.306731
2025-03-06 16:39:18,576 - root - INFO - Token Token-51 started task 'Unknown' at 2025-01-23 08:18:20.041817, scheduled to end at 2025-01-23 08:18:20.041817
2025-03-06 16:39:18,576 - root - INFO - Token Token-51 completed task 'Unknown' at 2025-01-23 08:18:20.041817.
2025-03-06 16:39:18,577 - root - INFO - Token Token-51 has completed the entire process at 2025-01-23 08:18:20.041817.
2025-03-06 16:39:18,577 - root - INFO - Token Token-396 completed task 'Review AM using Asset Change Tracker (5.5.13.1)' at 2025-01-23 08:27:16.306731.
2025-03-06 16:39:18,578 - root - INFO - Token Token-397 released from wait queue for 'Tech'
2025-03-06 16:39:18,578 - root - INFO - Token Token-397 waited 21615.27 minutes for resource
2025-03-06 16:39:18,578 - root - INFO - Token Token-397 started task 'Review AM using Asset Change Tracker (5.5.13.1)' at 2025-01-23 08:27:16.306731, scheduled to end at 2025-01-23 08:36:32.836904
2025-03-06 16:39:18,579 - root - INFO - Token Token-396 started task 'Complete /Accurate?' at 2025-01-23 08:27:16.306731, scheduled to end at 2025-01-23 08:27:16.306731
2025-03-06 16:39:18,579 - root - INFO - Token Token-396 completed task 'Complete /Accurate?' at 2025-01-23 08:27:16.306731.
2025-03-06 16:39:18,580 - root - INFO - Token Token-396 waiting for resource 'Tech' at 2025-01-23 08:27:16.306731
2025-03-06 16:39:18,580 - root - INFO - Token Token-397 completed task 'Review AM using Asset Change Tracker (5.5.13.1)' at 2025-01-23 08:36:32.836904.
2025-03-06 16:39:18,580 - root - INFO - Token Token-398 released from wait queue for 'Tech'
2025-03-06 16:39:18,581 - root - INFO - Token Token-398 waited 21622.55 minutes for resource
2025-03-06 16:39:18,581 - root - INFO - Token Token-398 started task 'Review AM using Asset Change Tracker (5.5.13.1)' at 2025-01-23 08:36:32.836904, scheduled to end at 2025-01-23 08:43:21.023357
2025-03-06 16:39:18,582 - root - INFO - Token Token-397 started task 'Complete /Accurate?' at 2025-01-23 08:36:32.836904, scheduled to end at 2025-01-23 08:36:32.836904
2025-03-06 16:39:18,582 - root - INFO - Token Token-397 completed task 'Complete /Accurate?' at 2025-01-23 08:36:32.836904.
2025-03-06 16:39:18,583 - root - INFO - Token Token-397 waiting for resource 'Tech' at 2025-01-23 08:36:32.836904
2025-03-06 16:39:18,583 - root - INFO - Token Token-398 completed task 'Review AM using Asset Change Tracker (5.5.13.1)' at 2025-01-23 08:43:21.023357.
2025-03-06 16:39:18,583 - root - INFO - Token Token-399 released from wait queue for 'Tech'
2025-03-06 16:39:18,584 - root - INFO - Token Token-399 waited 21627.35 minutes for resource
2025-03-06 16:39:18,584 - root - INFO - Token Token-399 started task 'Review AM using Asset Change Tracker (5.5.13.1)' at 2025-01-23 08:43:21.023357, scheduled to end at 2025-01-23 08:51:16.321273
2025-03-06 16:39:18,584 - root - INFO - Token Token-398 started task 'Complete /Accurate?' at 2025-01-23 08:43:21.023357, scheduled to end at 2025-01-23 08:43:21.023357
2025-03-06 16:39:18,585 - root - INFO - Token Token-398 completed task 'Complete /Accurate?' at 2025-01-23 08:43:21.023357.
2025-03-06 16:39:18,585 - root - INFO - Token Token-398 waiting for resource 'Tech' at 2025-01-23 08:43:21.023357
2025-03-06 16:39:18,586 - root - INFO - Token Token-399 completed task 'Review AM using Asset Change Tracker (5.5.13.1)' at 2025-01-23 08:51:16.321273.
2025-03-06 16:39:18,586 - root - INFO - Token Token-400 released from wait queue for 'Tech'
2025-03-06 16:39:18,588 - root - INFO - Token Token-400 waited 21633.27 minutes for resource
2025-03-06 16:39:18,605 - root - INFO - Token Token-400 started task 'Review AM using Asset Change Tracker (5.5.13.1)' at 2025-01-23 08:51:16.321273, scheduled to end at 2025-01-23 08:57:16.871932
2025-03-06 16:39:18,605 - root - INFO - Token Token-399 started task 'Complete /Accurate?' at 2025-01-23 08:51:16.321273, scheduled to end at 2025-01-23 08:51:16.321273
2025-03-06 16:39:18,605 - root - INFO - Token Token-399 completed task 'Complete /Accurate?' at 2025-01-23 08:51:16.321273.
2025-03-06 16:39:18,607 - root - INFO - Token Token-399 waiting for resource 'Tech' at 2025-01-23 08:51:16.321273
2025-03-06 16:39:18,607 - root - INFO - Token Token-400 completed task 'Review AM using Asset Change Tracker (5.5.13.1)' at 2025-01-23 08:57:16.871932.
2025-03-06 16:39:18,608 - root - INFO - Token Token-52 released from wait queue for 'Tech'
2025-03-06 16:39:18,608 - root - INFO - Token Token-52 waited 21639.12 minutes for resource
2025-03-06 16:39:18,608 - root - INFO - Token Token-52 started task 'Note Accuracy in Asset Change Tracker (5.5.13.2)' at 2025-01-23 08:57:16.871932, scheduled to end at 2025-01-23 09:02:35.031439
2025-03-06 16:39:18,608 - root - INFO - Token Token-400 started task 'Complete /Accurate?' at 2025-01-23 08:57:16.871932, scheduled to end at 2025-01-23 08:57:16.871932
2025-03-06 16:39:18,608 - root - INFO - Token Token-400 completed task 'Complete /Accurate?' at 2025-01-23 08:57:16.871932.
2025-03-06 16:39:18,608 - root - INFO - Token Token-400 waiting for resource 'Tech' at 2025-01-23 08:57:16.871932
2025-03-06 16:39:18,610 - root - INFO - Token Token-52 completed task 'Note Accuracy in Asset Change Tracker (5.5.13.2)' at 2025-01-23 09:02:35.031439.
2025-03-06 16:39:18,610 - root - INFO - Token Token-401 released from wait queue for 'Tech'
2025-03-06 16:39:18,610 - root - INFO - Token Token-401 waited 21642.58 minutes for resource
2025-03-06 16:39:18,610 - root - INFO - Token Token-401 started task 'Review AM using Asset Change Tracker (5.5.13.1)' at 2025-01-23 09:02:35.031439, scheduled to end at 2025-01-23 09:12:05.207072
2025-03-06 16:39:18,611 - root - INFO - Token Token-52 started task 'Unknown' at 2025-01-23 09:02:35.031439, scheduled to end at 2025-01-23 09:02:35.031439
2025-03-06 16:39:18,611 - root - INFO - Token Token-52 completed task 'Unknown' at 2025-01-23 09:02:35.031439.
2025-03-06 16:39:18,611 - root - INFO - Token Token-52 has completed the entire process at 2025-01-23 09:02:35.031439.
2025-03-06 16:39:18,612 - root - INFO - Token Token-401 completed task 'Review AM using Asset Change Tracker (5.5.13.1)' at 2025-01-23 09:12:05.207072.
2025-03-06 16:39:18,612 - root - INFO - Token Token-402 released from wait queue for 'Tech'
2025-03-06 16:39:18,612 - root - INFO - Token Token-402 waited 21650.09 minutes for resource
2025-03-06 16:39:18,612 - root - INFO - Token Token-402 started task 'Review AM using Asset Change Tracker (5.5.13.1)' at 2025-01-23 09:12:05.207072, scheduled to end at 2025-01-23 09:18:26.264979
2025-03-06 16:39:18,613 - root - INFO - Token Token-401 started task 'Complete /Accurate?' at 2025-01-23 09:12:05.207072, scheduled to end at 2025-01-23 09:12:05.207072
2025-03-06 16:39:18,613 - root - INFO - Token Token-401 completed task 'Complete /Accurate?' at 2025-01-23 09:12:05.207072.
2025-03-06 16:39:18,614 - root - INFO - Token Token-401 waiting for resource 'Tech' at 2025-01-23 09:12:05.207072
2025-03-06 16:39:18,614 - root - INFO - Token Token-402 completed task 'Review AM using Asset Change Tracker (5.5.13.1)' at 2025-01-23 09:18:26.264979.
2025-03-06 16:39:18,614 - root - INFO - Token Token-403 released from wait queue for 'Tech'
2025-03-06 16:39:18,614 - root - INFO - Token Token-403 waited 21654.44 minutes for resource
2025-03-06 16:39:18,614 - root - INFO - Token Token-403 started task 'Review AM using Asset Change Tracker (5.5.13.1)' at 2025-01-23 09:18:26.264979, scheduled to end at 2025-01-23 09:26:26.983373
2025-03-06 16:39:18,614 - root - INFO - Token Token-402 started task 'Complete /Accurate?' at 2025-01-23 09:18:26.264979, scheduled to end at 2025-01-23 09:18:26.264979
2025-03-06 16:39:18,614 - root - INFO - Token Token-402 completed task 'Complete /Accurate?' at 2025-01-23 09:18:26.264979.
2025-03-06 16:39:18,614 - root - INFO - Token Token-402 waiting for resource 'Tech' at 2025-01-23 09:18:26.264979
2025-03-06 16:39:18,615 - root - INFO - Token Token-403 completed task 'Review AM using Asset Change Tracker (5.5.13.1)' at 2025-01-23 09:26:26.983373.
2025-03-06 16:39:18,615 - root - INFO - Token Token-53 released from wait queue for 'Tech'
2025-03-06 16:39:18,615 - root - INFO - Token Token-53 waited 21661.29 minutes for resource
2025-03-06 16:39:18,615 - root - INFO - Token Token-53 started task 'Note Accuracy in Asset Change Tracker (5.5.13.2)' at 2025-01-23 09:26:26.983373, scheduled to end at 2025-01-23 09:31:47.446264
2025-03-06 16:39:18,616 - root - INFO - Token Token-403 started task 'Complete /Accurate?' at 2025-01-23 09:26:26.983373, scheduled to end at 2025-01-23 09:26:26.983373
2025-03-06 16:39:18,616 - root - INFO - Token Token-403 completed task 'Complete /Accurate?' at 2025-01-23 09:26:26.983373.
2025-03-06 16:39:18,616 - root - INFO - Token Token-403 waiting for resource 'Tech' at 2025-01-23 09:26:26.983373
2025-03-06 16:39:18,616 - root - INFO - Token Token-53 completed task 'Note Accuracy in Asset Change Tracker (5.5.13.2)' at 2025-01-23 09:31:47.446264.
2025-03-06 16:39:18,616 - root - INFO - Token Token-404 released from wait queue for 'Tech'
2025-03-06 16:39:18,617 - root - INFO - Token Token-404 waited 21665.79 minutes for resource
2025-03-06 16:39:18,617 - root - INFO - Token Token-404 started task 'Review AM using Asset Change Tracker (5.5.13.1)' at 2025-01-23 09:31:47.446264, scheduled to end at 2025-01-23 09:40:04.559811
2025-03-06 16:39:18,617 - root - INFO - Token Token-53 started task 'Unknown' at 2025-01-23 09:31:47.446264, scheduled to end at 2025-01-23 09:31:47.446264
2025-03-06 16:39:18,617 - root - INFO - Token Token-53 completed task 'Unknown' at 2025-01-23 09:31:47.446264.
2025-03-06 16:39:18,618 - root - INFO - Token Token-53 has completed the entire process at 2025-01-23 09:31:47.446264.
2025-03-06 16:39:18,618 - root - INFO - Token Token-404 completed task 'Review AM using Asset Change Tracker (5.5.13.1)' at 2025-01-23 09:40:04.559811.
2025-03-06 16:39:18,618 - root - INFO - Token Token-405 released from wait queue for 'Tech'
2025-03-06 16:39:18,618 - root - INFO - Token Token-405 waited 21672.08 minutes for resource
2025-03-06 16:39:18,620 - root - INFO - Token Token-405 started task 'Review AM using Asset Change Tracker (5.5.13.1)' at 2025-01-23 09:40:04.559811, scheduled to end at 2025-01-23 09:49:08.211666
2025-03-06 16:39:18,620 - root - INFO - Token Token-404 started task 'Complete /Accurate?' at 2025-01-23 09:40:04.559811, scheduled to end at 2025-01-23 09:40:04.559811
2025-03-06 16:39:18,620 - root - INFO - Token Token-404 completed task 'Complete /Accurate?' at 2025-01-23 09:40:04.559811.
2025-03-06 16:39:18,620 - root - INFO - Token Token-404 waiting for resource 'Tech' at 2025-01-23 09:40:04.559811
2025-03-06 16:39:18,620 - root - INFO - Token Token-405 completed task 'Review AM using Asset Change Tracker (5.5.13.1)' at 2025-01-23 09:49:08.211666.
2025-03-06 16:39:18,620 - root - INFO - Token Token-406 released from wait queue for 'Tech'
2025-03-06 16:39:18,620 - root - INFO - Token Token-406 waited 21679.14 minutes for resource
2025-03-06 16:39:18,620 - root - INFO - Token Token-406 started task 'Review AM using Asset Change Tracker (5.5.13.1)' at 2025-01-23 09:49:08.211666, scheduled to end at 2025-01-23 09:58:27.590552
2025-03-06 16:39:18,621 - root - INFO - Token Token-405 started task 'Complete /Accurate?' at 2025-01-23 09:49:08.211666, scheduled to end at 2025-01-23 09:49:08.211666
2025-03-06 16:39:18,621 - root - INFO - Token Token-405 completed task 'Complete /Accurate?' at 2025-01-23 09:49:08.211666.
2025-03-06 16:39:18,621 - root - INFO - Token Token-405 waiting for resource 'Tech' at 2025-01-23 09:49:08.211666
2025-03-06 16:39:18,621 - root - INFO - Token Token-406 completed task 'Review AM using Asset Change Tracker (5.5.13.1)' at 2025-01-23 09:58:27.590552.
2025-03-06 16:39:18,623 - root - INFO - Token Token-407 released from wait queue for 'Tech'
2025-03-06 16:39:18,623 - root - INFO - Token Token-407 waited 21686.46 minutes for resource
2025-03-06 16:39:18,623 - root - INFO - Token Token-407 started task 'Review AM using Asset Change Tracker (5.5.13.1)' at 2025-01-23 09:58:27.590552, scheduled to end at 2025-01-23 10:07:00.279702
2025-03-06 16:39:18,623 - root - INFO - Token Token-406 started task 'Complete /Accurate?' at 2025-01-23 09:58:27.590552, scheduled to end at 2025-01-23 09:58:27.590552
2025-03-06 16:39:18,623 - root - INFO - Token Token-406 completed task 'Complete /Accurate?' at 2025-01-23 09:58:27.590552.
2025-03-06 16:39:18,624 - root - INFO - Token Token-406 waiting for resource 'Tech' at 2025-01-23 09:58:27.590552
2025-03-06 16:39:18,624 - root - INFO - Token Token-407 completed task 'Review AM using Asset Change Tracker (5.5.13.1)' at 2025-01-23 10:07:00.279702.
2025-03-06 16:39:18,626 - root - INFO - Token Token-408 released from wait queue for 'Tech'
2025-03-06 16:39:18,626 - root - INFO - Token Token-408 waited 21693.00 minutes for resource
2025-03-06 16:39:18,626 - root - INFO - Token Token-408 started task 'Review AM using Asset Change Tracker (5.5.13.1)' at 2025-01-23 10:07:00.279702, scheduled to end at 2025-01-23 10:12:43.866332
2025-03-06 16:39:18,627 - root - INFO - Token Token-407 started task 'Complete /Accurate?' at 2025-01-23 10:07:00.279702, scheduled to end at 2025-01-23 10:07:00.279702
2025-03-06 16:39:18,627 - root - INFO - Token Token-407 completed task 'Complete /Accurate?' at 2025-01-23 10:07:00.279702.
2025-03-06 16:39:18,628 - root - INFO - Token Token-407 waiting for resource 'Tech' at 2025-01-23 10:07:00.279702
2025-03-06 16:39:18,629 - root - INFO - Token Token-408 completed task 'Review AM using Asset Change Tracker (5.5.13.1)' at 2025-01-23 10:12:43.866332.
2025-03-06 16:39:18,629 - root - INFO - Token Token-54 released from wait queue for 'Tech'
2025-03-06 16:39:18,629 - root - INFO - Token Token-54 waited 21698.34 minutes for resource
2025-03-06 16:39:18,630 - root - INFO - Token Token-54 started task 'Note Accuracy in Asset Change Tracker (5.5.13.2)' at 2025-01-23 10:12:43.866332, scheduled to end at 2025-01-23 10:18:05.660721
2025-03-06 16:39:18,630 - root - INFO - Token Token-408 started task 'Complete /Accurate?' at 2025-01-23 10:12:43.866332, scheduled to end at 2025-01-23 10:12:43.866332
2025-03-06 16:39:18,631 - root - INFO - Token Token-408 completed task 'Complete /Accurate?' at 2025-01-23 10:12:43.866332.
2025-03-06 16:39:18,632 - root - INFO - Token Token-408 waiting for resource 'Tech' at 2025-01-23 10:12:43.866332
2025-03-06 16:39:18,632 - root - INFO - Token Token-54 completed task 'Note Accuracy in Asset Change Tracker (5.5.13.2)' at 2025-01-23 10:18:05.660721.
2025-03-06 16:39:18,634 - root - INFO - Token Token-409 released from wait queue for 'Tech'
2025-03-06 16:39:18,634 - root - INFO - Token Token-409 waited 21702.09 minutes for resource
2025-03-06 16:39:18,652 - root - INFO - Token Token-409 started task 'Review AM using Asset Change Tracker (5.5.13.1)' at 2025-01-23 10:18:05.660721, scheduled to end at 2025-01-23 10:27:24.301558
2025-03-06 16:39:18,652 - root - INFO - Token Token-54 started task 'Unknown' at 2025-01-23 10:18:05.660721, scheduled to end at 2025-01-23 10:18:05.660721
2025-03-06 16:39:18,652 - root - INFO - Token Token-54 completed task 'Unknown' at 2025-01-23 10:18:05.660721.
2025-03-06 16:39:18,652 - root - INFO - Token Token-54 has completed the entire process at 2025-01-23 10:18:05.660721.
2025-03-06 16:39:18,652 - root - INFO - Token Token-409 completed task 'Review AM using Asset Change Tracker (5.5.13.1)' at 2025-01-23 10:27:24.301558.
2025-03-06 16:39:18,652 - root - INFO - Token Token-410 released from wait queue for 'Tech'
2025-03-06 16:39:18,652 - root - INFO - Token Token-410 waited 21709.41 minutes for resource
2025-03-06 16:39:18,655 - root - INFO - Token Token-410 started task 'Review AM using Asset Change Tracker (5.5.13.1)' at 2025-01-23 10:27:24.301558, scheduled to end at 2025-01-23 10:35:29.852541
2025-03-06 16:39:18,655 - root - INFO - Token Token-409 started task 'Complete /Accurate?' at 2025-01-23 10:27:24.301558, scheduled to end at 2025-01-23 10:27:24.301558
2025-03-06 16:39:18,655 - root - INFO - Token Token-409 completed task 'Complete /Accurate?' at 2025-01-23 10:27:24.301558.
2025-03-06 16:39:18,656 - root - INFO - Token Token-409 waiting for resource 'Tech' at 2025-01-23 10:27:24.301558
2025-03-06 16:39:18,656 - root - INFO - Token Token-410 completed task 'Review AM using Asset Change Tracker (5.5.13.1)' at 2025-01-23 10:35:29.852541.
2025-03-06 16:39:18,657 - root - INFO - Token Token-411 released from wait queue for 'Tech'
2025-03-06 16:39:18,657 - root - INFO - Token Token-411 waited 21715.50 minutes for resource
2025-03-06 16:39:18,657 - root - INFO - Token Token-411 started task 'Review AM using Asset Change Tracker (5.5.13.1)' at 2025-01-23 10:35:29.852541, scheduled to end at 2025-01-23 10:43:50.067623
2025-03-06 16:39:18,657 - root - INFO - Token Token-410 started task 'Complete /Accurate?' at 2025-01-23 10:35:29.852541, scheduled to end at 2025-01-23 10:35:29.852541
2025-03-06 16:39:18,657 - root - INFO - Token Token-410 completed task 'Complete /Accurate?' at 2025-01-23 10:35:29.852541.
2025-03-06 16:39:18,657 - root - INFO - Token Token-410 waiting for resource 'Tech' at 2025-01-23 10:35:29.852541
2025-03-06 16:39:18,657 - root - INFO - Token Token-411 completed task 'Review AM using Asset Change Tracker (5.5.13.1)' at 2025-01-23 10:43:50.067623.
2025-03-06 16:39:18,658 - root - INFO - Token Token-412 released from wait queue for 'Tech'
2025-03-06 16:39:18,658 - root - INFO - Token Token-412 waited 21721.83 minutes for resource
2025-03-06 16:39:18,658 - root - INFO - Token Token-412 started task 'Review AM using Asset Change Tracker (5.5.13.1)' at 2025-01-23 10:43:50.067623, scheduled to end at 2025-01-23 10:50:32.703956
2025-03-06 16:39:18,658 - root - INFO - Token Token-411 started task 'Complete /Accurate?' at 2025-01-23 10:43:50.067623, scheduled to end at 2025-01-23 10:43:50.067623
2025-03-06 16:39:18,659 - root - INFO - Token Token-411 completed task 'Complete /Accurate?' at 2025-01-23 10:43:50.067623.
2025-03-06 16:39:18,659 - root - INFO - Token Token-411 waiting for resource 'Tech' at 2025-01-23 10:43:50.067623
2025-03-06 16:39:18,659 - root - INFO - Token Token-412 completed task 'Review AM using Asset Change Tracker (5.5.13.1)' at 2025-01-23 10:50:32.703956.
2025-03-06 16:39:18,660 - root - INFO - Token Token-55 released from wait queue for 'Tech'
2025-03-06 16:39:18,660 - root - INFO - Token Token-55 waited 21726.96 minutes for resource
2025-03-06 16:39:18,661 - root - INFO - Token Token-55 started task 'Note Accuracy in Asset Change Tracker (5.5.13.2)' at 2025-01-23 10:50:32.703956, scheduled to end at 2025-01-23 10:57:02.882892
2025-03-06 16:39:18,661 - root - INFO - Token Token-412 started task 'Complete /Accurate?' at 2025-01-23 10:50:32.703956, scheduled to end at 2025-01-23 10:50:32.703956
2025-03-06 16:39:18,661 - root - INFO - Token Token-412 completed task 'Complete /Accurate?' at 2025-01-23 10:50:32.703956.
2025-03-06 16:39:18,662 - root - INFO - Token Token-412 waiting for resource 'Tech' at 2025-01-23 10:50:32.703956
2025-03-06 16:39:18,662 - root - INFO - Token Token-55 completed task 'Note Accuracy in Asset Change Tracker (5.5.13.2)' at 2025-01-23 10:57:02.882892.
2025-03-06 16:39:18,662 - root - INFO - Token Token-413 released from wait queue for 'Tech'
2025-03-06 16:39:18,662 - root - INFO - Token Token-413 waited 21733.05 minutes for resource
2025-03-06 16:39:18,662 - root - INFO - Token Token-413 started task 'Review AM using Asset Change Tracker (5.5.13.1)' at 2025-01-23 10:57:02.882892, scheduled to end at 2025-01-23 11:04:32.946803
2025-03-06 16:39:18,663 - root - INFO - Token Token-55 started task 'Unknown' at 2025-01-23 10:57:02.882892, scheduled to end at 2025-01-23 10:57:02.882892
2025-03-06 16:39:18,663 - root - INFO - Token Token-55 completed task 'Unknown' at 2025-01-23 10:57:02.882892.
2025-03-06 16:39:18,663 - root - INFO - Token Token-55 has completed the entire process at 2025-01-23 10:57:02.882892.
2025-03-06 16:39:18,663 - root - INFO - Token Token-413 completed task 'Review AM using Asset Change Tracker (5.5.13.1)' at 2025-01-23 11:04:32.946803.
2025-03-06 16:39:18,664 - root - INFO - Token Token-414 released from wait queue for 'Tech'
2025-03-06 16:39:18,664 - root - INFO - Token Token-414 waited 21738.55 minutes for resource
2025-03-06 16:39:18,664 - root - INFO - Token Token-414 started task 'Review AM using Asset Change Tracker (5.5.13.1)' at 2025-01-23 11:04:32.946803, scheduled to end at 2025-01-23 11:12:45.437910
2025-03-06 16:39:18,664 - root - INFO - Token Token-413 started task 'Complete /Accurate?' at 2025-01-23 11:04:32.946803, scheduled to end at 2025-01-23 11:04:32.946803
2025-03-06 16:39:18,665 - root - INFO - Token Token-413 completed task 'Complete /Accurate?' at 2025-01-23 11:04:32.946803.
2025-03-06 16:39:18,665 - root - INFO - Token Token-413 waiting for resource 'Tech' at 2025-01-23 11:04:32.946803
2025-03-06 16:39:18,665 - root - INFO - Token Token-414 completed task 'Review AM using Asset Change Tracker (5.5.13.1)' at 2025-01-23 11:12:45.437910.
2025-03-06 16:39:18,665 - root - INFO - Token Token-415 released from wait queue for 'Tech'
2025-03-06 16:39:18,666 - root - INFO - Token Token-415 waited 21744.76 minutes for resource
2025-03-06 16:39:18,666 - root - INFO - Token Token-415 started task 'Review AM using Asset Change Tracker (5.5.13.1)' at 2025-01-23 11:12:45.437910, scheduled to end at 2025-01-23 11:20:59.514877
2025-03-06 16:39:18,667 - root - INFO - Token Token-414 started task 'Complete /Accurate?' at 2025-01-23 11:12:45.437910, scheduled to end at 2025-01-23 11:12:45.437910
2025-03-06 16:39:18,668 - root - INFO - Token Token-414 completed task 'Complete /Accurate?' at 2025-01-23 11:12:45.437910.
2025-03-06 16:39:18,668 - root - INFO - Token Token-414 waiting for resource 'Tech' at 2025-01-23 11:12:45.437910
2025-03-06 16:39:18,668 - root - INFO - Token Token-415 completed task 'Review AM using Asset Change Tracker (5.5.13.1)' at 2025-01-23 11:20:59.514877.
2025-03-06 16:39:18,669 - root - INFO - Token Token-416 released from wait queue for 'Tech'
2025-03-06 16:39:18,669 - root - INFO - Token Token-416 waited 21750.99 minutes for resource
2025-03-06 16:39:18,669 - root - INFO - Token Token-416 started task 'Review AM using Asset Change Tracker (5.5.13.1)' at 2025-01-23 11:20:59.514877, scheduled to end at 2025-01-23 11:28:22.395336
2025-03-06 16:39:18,670 - root - INFO - Token Token-415 started task 'Complete /Accurate?' at 2025-01-23 11:20:59.514877, scheduled to end at 2025-01-23 11:20:59.514877
2025-03-06 16:39:18,670 - root - INFO - Token Token-415 completed task 'Complete /Accurate?' at 2025-01-23 11:20:59.514877.
2025-03-06 16:39:18,671 - root - INFO - Token Token-415 waiting for resource 'Tech' at 2025-01-23 11:20:59.514877
2025-03-06 16:39:18,671 - root - INFO - Token Token-416 completed task 'Review AM using Asset Change Tracker (5.5.13.1)' at 2025-01-23 11:28:22.395336.
2025-03-06 16:39:18,671 - root - INFO - Token Token-417 released from wait queue for 'Tech'
2025-03-06 16:39:18,672 - root - INFO - Token Token-417 waited 21756.37 minutes for resource
2025-03-06 16:39:18,672 - root - INFO - Token Token-417 started task 'Review AM using Asset Change Tracker (5.5.13.1)' at 2025-01-23 11:28:22.395336, scheduled to end at 2025-01-23 11:34:37.066998
2025-03-06 16:39:18,673 - root - INFO - Token Token-416 started task 'Complete /Accurate?' at 2025-01-23 11:28:22.395336, scheduled to end at 2025-01-23 11:28:22.395336
2025-03-06 16:39:18,673 - root - INFO - Token Token-416 completed task 'Complete /Accurate?' at 2025-01-23 11:28:22.395336.
2025-03-06 16:39:18,673 - root - INFO - Token Token-416 waiting for resource 'Tech' at 2025-01-23 11:28:22.395336
2025-03-06 16:39:18,674 - root - INFO - Token Token-417 completed task 'Review AM using Asset Change Tracker (5.5.13.1)' at 2025-01-23 11:34:37.066998.
2025-03-06 16:39:18,674 - root - INFO - Token Token-56 released from wait queue for 'Tech'
2025-03-06 16:39:18,675 - root - INFO - Token Token-56 waited 21761.63 minutes for resource
2025-03-06 16:39:18,675 - root - INFO - Token Token-56 started task 'Work with REO RPO to Correct (5.5.13.3)' at 2025-01-23 11:34:37.066998, scheduled to end at 2025-01-24 07:00:00
2025-03-06 16:39:18,676 - root - INFO - Token Token-417 started task 'Complete /Accurate?' at 2025-01-23 11:34:37.066998, scheduled to end at 2025-01-23 11:34:37.066998
2025-03-06 16:39:18,676 - root - INFO - Token Token-417 completed task 'Complete /Accurate?' at 2025-01-23 11:34:37.066998.
2025-03-06 16:39:18,676 - root - INFO - Token Token-417 waiting for resource 'Tech' at 2025-01-23 11:34:37.066998
2025-03-06 16:39:18,677 - root - INFO - Token Token-56 completed task 'Work with REO RPO to Correct (5.5.13.3)' at 2025-01-24 07:00:00.
2025-03-06 16:39:18,677 - root - INFO - Token Token-418 released from wait queue for 'Tech'
2025-03-06 16:39:18,678 - root - INFO - Token Token-418 waited 22926.00 minutes for resource
2025-03-06 16:39:18,696 - root - INFO - Token Token-418 started task 'Review AM using Asset Change Tracker (5.5.13.1)' at 2025-01-24 07:00:00, scheduled to end at 2025-01-24 07:09:06.530287
2025-03-06 16:39:18,696 - root - INFO - Token Token-56 started task 'Create Journal Entries?' at 2025-01-24 07:00:00, scheduled to end at 2025-01-24 07:00:00
2025-03-06 16:39:18,696 - root - INFO - Token Token-56 completed task 'Create Journal Entries?' at 2025-01-24 07:00:00.
2025-03-06 16:39:18,696 - root - INFO - Token Token-56 waiting for resource 'Tech' at 2025-01-24 07:00:00
2025-03-06 16:39:18,696 - root - INFO - Token Token-56 started task 'Inclusive Path 3' at 2025-01-24 07:00:00, scheduled to end at 2025-01-24 07:00:40.981799
2025-03-06 16:39:18,696 - root - INFO - Token Token-56 completed task 'Inclusive Path 3' at 2025-01-24 07:00:40.981799.
2025-03-06 16:39:18,699 - root - INFO - Token Token-56 started task 'Unknown' at 2025-01-24 07:00:40.981799, scheduled to end at 2025-01-24 07:00:40.981799
2025-03-06 16:39:18,700 - root - INFO - Token Token-56 completed task 'Unknown' at 2025-01-24 07:00:40.981799.
2025-03-06 16:39:18,700 - root - INFO - Token Token-56 has completed the entire process at 2025-01-24 07:00:40.981799.
2025-03-06 16:39:18,700 - root - INFO - Token Token-418 completed task 'Review AM using Asset Change Tracker (5.5.13.1)' at 2025-01-24 07:09:06.530287.
2025-03-06 16:39:18,700 - root - INFO - Token Token-419 released from wait queue for 'Tech'
2025-03-06 16:39:18,700 - root - INFO - Token Token-419 waited 22933.11 minutes for resource
2025-03-06 16:39:18,700 - root - INFO - Token Token-419 started task 'Review AM using Asset Change Tracker (5.5.13.1)' at 2025-01-24 07:09:06.530287, scheduled to end at 2025-01-24 07:17:30.397125
2025-03-06 16:39:18,700 - root - INFO - Token Token-418 started task 'Complete /Accurate?' at 2025-01-24 07:09:06.530287, scheduled to end at 2025-01-24 07:09:06.530287
2025-03-06 16:39:18,701 - root - INFO - Token Token-418 completed task 'Complete /Accurate?' at 2025-01-24 07:09:06.530287.
2025-03-06 16:39:18,701 - root - INFO - Token Token-418 waiting for resource 'Tech' at 2025-01-24 07:09:06.530287
2025-03-06 16:39:18,701 - root - INFO - Token Token-419 completed task 'Review AM using Asset Change Tracker (5.5.13.1)' at 2025-01-24 07:17:30.397125.
2025-03-06 16:39:18,701 - root - INFO - Token Token-420 released from wait queue for 'Tech'
2025-03-06 16:39:18,702 - root - INFO - Token Token-420 waited 22939.51 minutes for resource
2025-03-06 16:39:18,702 - root - INFO - Token Token-420 started task 'Review AM using Asset Change Tracker (5.5.13.1)' at 2025-01-24 07:17:30.397125, scheduled to end at 2025-01-24 07:26:17.143047
2025-03-06 16:39:18,702 - root - INFO - Token Token-419 started task 'Complete /Accurate?' at 2025-01-24 07:17:30.397125, scheduled to end at 2025-01-24 07:17:30.397125
2025-03-06 16:39:18,702 - root - INFO - Token Token-419 completed task 'Complete /Accurate?' at 2025-01-24 07:17:30.397125.
2025-03-06 16:39:18,703 - root - INFO - Token Token-419 waiting for resource 'Tech' at 2025-01-24 07:17:30.397125
2025-03-06 16:39:18,703 - root - INFO - Token Token-420 completed task 'Review AM using Asset Change Tracker (5.5.13.1)' at 2025-01-24 07:26:17.143047.
2025-03-06 16:39:18,703 - root - INFO - Token Token-421 released from wait queue for 'Tech'
2025-03-06 16:39:18,703 - root - INFO - Token Token-421 waited 22946.29 minutes for resource
2025-03-06 16:39:18,703 - root - INFO - Token Token-421 started task 'Review AM using Asset Change Tracker (5.5.13.1)' at 2025-01-24 07:26:17.143047, scheduled to end at 2025-01-24 07:34:57.969835
2025-03-06 16:39:18,704 - root - INFO - Token Token-420 started task 'Complete /Accurate?' at 2025-01-24 07:26:17.143047, scheduled to end at 2025-01-24 07:26:17.143047
2025-03-06 16:39:18,704 - root - INFO - Token Token-420 completed task 'Complete /Accurate?' at 2025-01-24 07:26:17.143047.
2025-03-06 16:39:18,704 - root - INFO - Token Token-420 waiting for resource 'Tech' at 2025-01-24 07:26:17.143047
2025-03-06 16:39:18,706 - root - INFO - Token Token-421 completed task 'Review AM using Asset Change Tracker (5.5.13.1)' at 2025-01-24 07:34:57.969835.
2025-03-06 16:39:18,706 - root - INFO - Token Token-57 released from wait queue for 'Tech'
2025-03-06 16:39:18,706 - root - INFO - Token Token-57 waited 22953.52 minutes for resource
2025-03-06 16:39:18,706 - root - INFO - Token Token-57 started task 'Note Accuracy in Asset Change Tracker (5.5.13.2)' at 2025-01-24 07:34:57.969835, scheduled to end at 2025-01-24 07:41:19.613450
2025-03-06 16:39:18,707 - root - INFO - Token Token-421 started task 'Complete /Accurate?' at 2025-01-24 07:34:57.969835, scheduled to end at 2025-01-24 07:34:57.969835
2025-03-06 16:39:18,707 - root - INFO - Token Token-421 completed task 'Complete /Accurate?' at 2025-01-24 07:34:57.969835.
2025-03-06 16:39:18,707 - root - INFO - Token Token-421 waiting for resource 'Tech' at 2025-01-24 07:34:57.969835
2025-03-06 16:39:18,707 - root - INFO - Token Token-57 completed task 'Note Accuracy in Asset Change Tracker (5.5.13.2)' at 2025-01-24 07:41:19.613450.
2025-03-06 16:39:18,708 - root - INFO - Token Token-422 released from wait queue for 'Tech'
2025-03-06 16:39:18,708 - root - INFO - Token Token-422 waited 22959.33 minutes for resource
2025-03-06 16:39:18,708 - root - INFO - Token Token-422 started task 'Review AM using Asset Change Tracker (5.5.13.1)' at 2025-01-24 07:41:19.613450, scheduled to end at 2025-01-24 07:47:30.021356
2025-03-06 16:39:18,708 - root - INFO - Token Token-57 started task 'Unknown' at 2025-01-24 07:41:19.613450, scheduled to end at 2025-01-24 07:41:19.613450
2025-03-06 16:39:18,709 - root - INFO - Token Token-57 completed task 'Unknown' at 2025-01-24 07:41:19.613450.
2025-03-06 16:39:18,709 - root - INFO - Token Token-57 has completed the entire process at 2025-01-24 07:41:19.613450.
2025-03-06 16:39:18,709 - root - INFO - Token Token-422 completed task 'Review AM using Asset Change Tracker (5.5.13.1)' at 2025-01-24 07:47:30.021356.
2025-03-06 16:39:18,709 - root - INFO - Token Token-423 released from wait queue for 'Tech'
2025-03-06 16:39:18,709 - root - INFO - Token Token-423 waited 22963.50 minutes for resource
2025-03-06 16:39:18,710 - root - INFO - Token Token-423 started task 'Review AM using Asset Change Tracker (5.5.13.1)' at 2025-01-24 07:47:30.021356, scheduled to end at 2025-01-24 07:56:52.679919
2025-03-06 16:39:18,710 - root - INFO - Token Token-422 started task 'Complete /Accurate?' at 2025-01-24 07:47:30.021356, scheduled to end at 2025-01-24 07:47:30.021356
2025-03-06 16:39:18,710 - root - INFO - Token Token-422 completed task 'Complete /Accurate?' at 2025-01-24 07:47:30.021356.
2025-03-06 16:39:18,710 - root - INFO - Token Token-422 waiting for resource 'Tech' at 2025-01-24 07:47:30.021356
2025-03-06 16:39:18,711 - root - INFO - Token Token-423 completed task 'Review AM using Asset Change Tracker (5.5.13.1)' at 2025-01-24 07:56:52.679919.
2025-03-06 16:39:18,711 - root - INFO - Token Token-424 released from wait queue for 'Tech'
2025-03-06 16:39:18,711 - root - INFO - Token Token-424 waited 22970.88 minutes for resource
2025-03-06 16:39:18,711 - root - INFO - Token Token-424 started task 'Review AM using Asset Change Tracker (5.5.13.1)' at 2025-01-24 07:56:52.679919, scheduled to end at 2025-01-24 08:04:36.824163
2025-03-06 16:39:18,712 - root - INFO - Token Token-423 started task 'Complete /Accurate?' at 2025-01-24 07:56:52.679919, scheduled to end at 2025-01-24 07:56:52.679919
2025-03-06 16:39:18,712 - root - INFO - Token Token-423 completed task 'Complete /Accurate?' at 2025-01-24 07:56:52.679919.
2025-03-06 16:39:18,712 - root - INFO - Token Token-423 waiting for resource 'Tech' at 2025-01-24 07:56:52.679919
2025-03-06 16:39:18,712 - root - INFO - Token Token-424 completed task 'Review AM using Asset Change Tracker (5.5.13.1)' at 2025-01-24 08:04:36.824163.
2025-03-06 16:39:18,714 - root - INFO - Token Token-58 released from wait queue for 'Tech'
2025-03-06 16:39:18,714 - root - INFO - Token Token-58 waited 22977.12 minutes for resource
2025-03-06 16:39:18,714 - root - INFO - Token Token-58 started task 'Note Accuracy in Asset Change Tracker (5.5.13.2)' at 2025-01-24 08:04:36.824163, scheduled to end at 2025-01-24 08:09:39.693035
2025-03-06 16:39:18,714 - root - INFO - Token Token-424 started task 'Complete /Accurate?' at 2025-01-24 08:04:36.824163, scheduled to end at 2025-01-24 08:04:36.824163
2025-03-06 16:39:18,715 - root - INFO - Token Token-424 completed task 'Complete /Accurate?' at 2025-01-24 08:04:36.824163.
2025-03-06 16:39:18,717 - root - INFO - Token Token-424 waiting for resource 'Tech' at 2025-01-24 08:04:36.824163
2025-03-06 16:39:18,717 - root - INFO - Token Token-58 completed task 'Note Accuracy in Asset Change Tracker (5.5.13.2)' at 2025-01-24 08:09:39.693035.
2025-03-06 16:39:18,718 - root - INFO - Token Token-425 released from wait queue for 'Tech'
2025-03-06 16:39:18,718 - root - INFO - Token Token-425 waited 22981.66 minutes for resource
2025-03-06 16:39:18,718 - root - INFO - Token Token-425 started task 'Review AM using Asset Change Tracker (5.5.13.1)' at 2025-01-24 08:09:39.693035, scheduled to end at 2025-01-24 08:17:09.662159
2025-03-06 16:39:18,719 - root - INFO - Token Token-58 started task 'Unknown' at 2025-01-24 08:09:39.693035, scheduled to end at 2025-01-24 08:09:39.693035
2025-03-06 16:39:18,719 - root - INFO - Token Token-58 completed task 'Unknown' at 2025-01-24 08:09:39.693035.
2025-03-06 16:39:18,720 - root - INFO - Token Token-58 has completed the entire process at 2025-01-24 08:09:39.693035.
2025-03-06 16:39:18,720 - root - INFO - Token Token-425 completed task 'Review AM using Asset Change Tracker (5.5.13.1)' at 2025-01-24 08:17:09.662159.
2025-03-06 16:39:18,721 - root - INFO - Token Token-426 released from wait queue for 'Tech'
2025-03-06 16:39:18,721 - root - INFO - Token Token-426 waited 22987.16 minutes for resource
2025-03-06 16:39:18,721 - root - INFO - Token Token-426 started task 'Review AM using Asset Change Tracker (5.5.13.1)' at 2025-01-24 08:17:09.662159, scheduled to end at 2025-01-24 08:25:08.821573
2025-03-06 16:39:18,722 - root - INFO - Token Token-425 started task 'Complete /Accurate?' at 2025-01-24 08:17:09.662159, scheduled to end at 2025-01-24 08:17:09.662159
2025-03-06 16:39:18,722 - root - INFO - Token Token-425 completed task 'Complete /Accurate?' at 2025-01-24 08:17:09.662159.
2025-03-06 16:39:18,723 - root - INFO - Token Token-425 waiting for resource 'Tech' at 2025-01-24 08:17:09.662159
2025-03-06 16:39:18,725 - root - INFO - Token Token-426 completed task 'Review AM using Asset Change Tracker (5.5.13.1)' at 2025-01-24 08:25:08.821573.
2025-03-06 16:39:18,725 - root - INFO - Token Token-427 released from wait queue for 'Tech'
2025-03-06 16:39:18,726 - root - INFO - Token Token-427 waited 22993.15 minutes for resource
2025-03-06 16:39:18,742 - root - INFO - Token Token-427 started task 'Review AM using Asset Change Tracker (5.5.13.1)' at 2025-01-24 08:25:08.821573, scheduled to end at 2025-01-24 08:33:26.700664
2025-03-06 16:39:18,742 - root - INFO - Token Token-426 started task 'Complete /Accurate?' at 2025-01-24 08:25:08.821573, scheduled to end at 2025-01-24 08:25:08.821573
2025-03-06 16:39:18,742 - root - INFO - Token Token-426 completed task 'Complete /Accurate?' at 2025-01-24 08:25:08.821573.
2025-03-06 16:39:18,742 - root - INFO - Token Token-426 waiting for resource 'Tech' at 2025-01-24 08:25:08.821573
2025-03-06 16:39:18,746 - root - INFO - Token Token-427 completed task 'Review AM using Asset Change Tracker (5.5.13.1)' at 2025-01-24 08:33:26.700664.
2025-03-06 16:39:18,746 - root - INFO - Token Token-428 released from wait queue for 'Tech'
2025-03-06 16:39:18,746 - root - INFO - Token Token-428 waited 22999.45 minutes for resource
2025-03-06 16:39:18,746 - root - INFO - Token Token-428 started task 'Review AM using Asset Change Tracker (5.5.13.1)' at 2025-01-24 08:33:26.700664, scheduled to end at 2025-01-24 08:40:30.991083
2025-03-06 16:39:18,746 - root - INFO - Token Token-427 started task 'Complete /Accurate?' at 2025-01-24 08:33:26.700664, scheduled to end at 2025-01-24 08:33:26.700664
2025-03-06 16:39:18,747 - root - INFO - Token Token-427 completed task 'Complete /Accurate?' at 2025-01-24 08:33:26.700664.
2025-03-06 16:39:18,747 - root - INFO - Token Token-427 waiting for resource 'Tech' at 2025-01-24 08:33:26.700664
2025-03-06 16:39:18,747 - root - INFO - Token Token-428 completed task 'Review AM using Asset Change Tracker (5.5.13.1)' at 2025-01-24 08:40:30.991083.
2025-03-06 16:39:18,747 - root - INFO - Token Token-429 released from wait queue for 'Tech'
2025-03-06 16:39:18,748 - root - INFO - Token Token-429 waited 23004.52 minutes for resource
2025-03-06 16:39:18,748 - root - INFO - Token Token-429 started task 'Review AM using Asset Change Tracker (5.5.13.1)' at 2025-01-24 08:40:30.991083, scheduled to end at 2025-01-24 08:50:03.805598
2025-03-06 16:39:18,748 - root - INFO - Token Token-428 started task 'Complete /Accurate?' at 2025-01-24 08:40:30.991083, scheduled to end at 2025-01-24 08:40:30.991083
2025-03-06 16:39:18,748 - root - INFO - Token Token-428 completed task 'Complete /Accurate?' at 2025-01-24 08:40:30.991083.
2025-03-06 16:39:18,749 - root - INFO - Token Token-428 waiting for resource 'Tech' at 2025-01-24 08:40:30.991083
2025-03-06 16:39:18,749 - root - INFO - Token Token-429 completed task 'Review AM using Asset Change Tracker (5.5.13.1)' at 2025-01-24 08:50:03.805598.
2025-03-06 16:39:18,749 - root - INFO - Token Token-59 released from wait queue for 'Tech'
2025-03-06 16:39:18,750 - root - INFO - Token Token-59 waited 23013.73 minutes for resource
2025-03-06 16:39:18,750 - root - INFO - Token Token-59 started task 'Note Accuracy in Asset Change Tracker (5.5.13.2)' at 2025-01-24 08:50:03.805598, scheduled to end at 2025-01-24 08:53:33.640574
2025-03-06 16:39:18,750 - root - INFO - Token Token-429 started task 'Complete /Accurate?' at 2025-01-24 08:50:03.805598, scheduled to end at 2025-01-24 08:50:03.805598
2025-03-06 16:39:18,750 - root - INFO - Token Token-429 completed task 'Complete /Accurate?' at 2025-01-24 08:50:03.805598.
2025-03-06 16:39:18,751 - root - INFO - Token Token-429 waiting for resource 'Tech' at 2025-01-24 08:50:03.805598
2025-03-06 16:39:18,752 - root - INFO - Token Token-59 completed task 'Note Accuracy in Asset Change Tracker (5.5.13.2)' at 2025-01-24 08:53:33.640574.
2025-03-06 16:39:18,752 - root - INFO - Token Token-430 released from wait queue for 'Tech'
2025-03-06 16:39:18,752 - root - INFO - Token Token-430 waited 23015.56 minutes for resource
2025-03-06 16:39:18,752 - root - INFO - Token Token-430 started task 'Review AM using Asset Change Tracker (5.5.13.1)' at 2025-01-24 08:53:33.640574, scheduled to end at 2025-01-24 09:02:39.393586
2025-03-06 16:39:18,753 - root - INFO - Token Token-59 started task 'Unknown' at 2025-01-24 08:53:33.640574, scheduled to end at 2025-01-24 08:53:33.640574
2025-03-06 16:39:18,753 - root - INFO - Token Token-59 completed task 'Unknown' at 2025-01-24 08:53:33.640574.
2025-03-06 16:39:18,753 - root - INFO - Token Token-59 has completed the entire process at 2025-01-24 08:53:33.640574.
2025-03-06 16:39:18,753 - root - INFO - Token Token-430 completed task 'Review AM using Asset Change Tracker (5.5.13.1)' at 2025-01-24 09:02:39.393586.
2025-03-06 16:39:18,754 - root - INFO - Token Token-431 released from wait queue for 'Tech'
2025-03-06 16:39:18,754 - root - INFO - Token Token-431 waited 23022.66 minutes for resource
2025-03-06 16:39:18,754 - root - INFO - Token Token-431 started task 'Review AM using Asset Change Tracker (5.5.13.1)' at 2025-01-24 09:02:39.393586, scheduled to end at 2025-01-24 09:09:37.841756
2025-03-06 16:39:18,754 - root - INFO - Token Token-430 started task 'Complete /Accurate?' at 2025-01-24 09:02:39.393586, scheduled to end at 2025-01-24 09:02:39.393586
2025-03-06 16:39:18,755 - root - INFO - Token Token-430 completed task 'Complete /Accurate?' at 2025-01-24 09:02:39.393586.
2025-03-06 16:39:18,755 - root - INFO - Token Token-430 waiting for resource 'Tech' at 2025-01-24 09:02:39.393586
2025-03-06 16:39:18,755 - root - INFO - Token Token-431 completed task 'Review AM using Asset Change Tracker (5.5.13.1)' at 2025-01-24 09:09:37.841756.
2025-03-06 16:39:18,755 - root - INFO - Token Token-432 released from wait queue for 'Tech'
2025-03-06 16:39:18,755 - root - INFO - Token Token-432 waited 23027.63 minutes for resource
2025-03-06 16:39:18,756 - root - INFO - Token Token-432 started task 'Review AM using Asset Change Tracker (5.5.13.1)' at 2025-01-24 09:09:37.841756, scheduled to end at 2025-01-24 09:19:05.594591
2025-03-06 16:39:18,756 - root - INFO - Token Token-431 started task 'Complete /Accurate?' at 2025-01-24 09:09:37.841756, scheduled to end at 2025-01-24 09:09:37.841756
2025-03-06 16:39:18,756 - root - INFO - Token Token-431 completed task 'Complete /Accurate?' at 2025-01-24 09:09:37.841756.
2025-03-06 16:39:18,757 - root - INFO - Token Token-431 waiting for resource 'Tech' at 2025-01-24 09:09:37.841756
2025-03-06 16:39:18,757 - root - INFO - Token Token-432 completed task 'Review AM using Asset Change Tracker (5.5.13.1)' at 2025-01-24 09:19:05.594591.
2025-03-06 16:39:18,757 - root - INFO - Token Token-60 released from wait queue for 'Tech'
2025-03-06 16:39:18,757 - root - INFO - Token Token-60 waited 23036.47 minutes for resource
2025-03-06 16:39:18,757 - root - INFO - Token Token-60 started task 'Note Accuracy in Asset Change Tracker (5.5.13.2)' at 2025-01-24 09:19:05.594591, scheduled to end at 2025-01-24 09:25:07.909354
2025-03-06 16:39:18,758 - root - INFO - Token Token-432 started task 'Complete /Accurate?' at 2025-01-24 09:19:05.594591, scheduled to end at 2025-01-24 09:19:05.594591
2025-03-06 16:39:18,758 - root - INFO - Token Token-432 completed task 'Complete /Accurate?' at 2025-01-24 09:19:05.594591.
2025-03-06 16:39:18,758 - root - INFO - Token Token-432 waiting for resource 'Tech' at 2025-01-24 09:19:05.594591
2025-03-06 16:39:18,758 - root - INFO - Token Token-60 completed task 'Note Accuracy in Asset Change Tracker (5.5.13.2)' at 2025-01-24 09:25:07.909354.
2025-03-06 16:39:18,759 - root - INFO - Token Token-433 released from wait queue for 'Tech'
2025-03-06 16:39:18,759 - root - INFO - Token Token-433 waited 23041.13 minutes for resource
2025-03-06 16:39:18,761 - root - INFO - Token Token-433 started task 'Review AM using Asset Change Tracker (5.5.13.1)' at 2025-01-24 09:25:07.909354, scheduled to end at 2025-01-24 09:31:00.562111
2025-03-06 16:39:18,761 - root - INFO - Token Token-60 started task 'Unknown' at 2025-01-24 09:25:07.909354, scheduled to end at 2025-01-24 09:25:07.909354
2025-03-06 16:39:18,761 - root - INFO - Token Token-60 completed task 'Unknown' at 2025-01-24 09:25:07.909354.
2025-03-06 16:39:18,762 - root - INFO - Token Token-60 has completed the entire process at 2025-01-24 09:25:07.909354.
2025-03-06 16:39:18,762 - root - INFO - Token Token-433 completed task 'Review AM using Asset Change Tracker (5.5.13.1)' at 2025-01-24 09:31:00.562111.
2025-03-06 16:39:18,763 - root - INFO - Token Token-434 released from wait queue for 'Tech'
2025-03-06 16:39:18,763 - root - INFO - Token Token-434 waited 23045.01 minutes for resource
2025-03-06 16:39:18,763 - root - INFO - Token Token-434 started task 'Review AM using Asset Change Tracker (5.5.13.1)' at 2025-01-24 09:31:00.562111, scheduled to end at 2025-01-24 09:39:16.910528
2025-03-06 16:39:18,764 - root - INFO - Token Token-433 started task 'Complete /Accurate?' at 2025-01-24 09:31:00.562111, scheduled to end at 2025-01-24 09:31:00.562111
2025-03-06 16:39:18,764 - root - INFO - Token Token-433 completed task 'Complete /Accurate?' at 2025-01-24 09:31:00.562111.
2025-03-06 16:39:18,765 - root - INFO - Token Token-433 waiting for resource 'Tech' at 2025-01-24 09:31:00.562111
2025-03-06 16:39:18,765 - root - INFO - Token Token-434 completed task 'Review AM using Asset Change Tracker (5.5.13.1)' at 2025-01-24 09:39:16.910528.
2025-03-06 16:39:18,766 - root - INFO - Token Token-435 released from wait queue for 'Tech'
2025-03-06 16:39:18,766 - root - INFO - Token Token-435 waited 23051.28 minutes for resource
2025-03-06 16:39:18,766 - root - INFO - Token Token-435 started task 'Review AM using Asset Change Tracker (5.5.13.1)' at 2025-01-24 09:39:16.910528, scheduled to end at 2025-01-24 09:48:24.608472
2025-03-06 16:39:18,767 - root - INFO - Token Token-434 started task 'Complete /Accurate?' at 2025-01-24 09:39:16.910528, scheduled to end at 2025-01-24 09:39:16.910528
2025-03-06 16:39:18,767 - root - INFO - Token Token-434 completed task 'Complete /Accurate?' at 2025-01-24 09:39:16.910528.
2025-03-06 16:39:18,768 - root - INFO - Token Token-434 waiting for resource 'Tech' at 2025-01-24 09:39:16.910528
2025-03-06 16:39:18,768 - root - INFO - Token Token-435 completed task 'Review AM using Asset Change Tracker (5.5.13.1)' at 2025-01-24 09:48:24.608472.
2025-03-06 16:39:18,769 - root - INFO - Token Token-436 released from wait queue for 'Tech'
2025-03-06 16:39:18,770 - root - INFO - Token Token-436 waited 23058.41 minutes for resource
2025-03-06 16:39:18,788 - root - INFO - Token Token-436 started task 'Review AM using Asset Change Tracker (5.5.13.1)' at 2025-01-24 09:48:24.608472, scheduled to end at 2025-01-24 09:54:32.653341
2025-03-06 16:39:18,788 - root - INFO - Token Token-435 started task 'Complete /Accurate?' at 2025-01-24 09:48:24.608472, scheduled to end at 2025-01-24 09:48:24.608472
2025-03-06 16:39:18,788 - root - INFO - Token Token-435 completed task 'Complete /Accurate?' at 2025-01-24 09:48:24.608472.
2025-03-06 16:39:18,788 - root - INFO - Token Token-435 waiting for resource 'Tech' at 2025-01-24 09:48:24.608472
2025-03-06 16:39:18,788 - root - INFO - Token Token-436 completed task 'Review AM using Asset Change Tracker (5.5.13.1)' at 2025-01-24 09:54:32.653341.
2025-03-06 16:39:18,791 - root - INFO - Token Token-61 released from wait queue for 'Tech'
2025-03-06 16:39:18,791 - root - INFO - Token Token-61 waited 23063.13 minutes for resource
2025-03-06 16:39:18,791 - root - INFO - Token Token-61 started task 'Note Accuracy in Asset Change Tracker (5.5.13.2)' at 2025-01-24 09:54:32.653341, scheduled to end at 2025-01-24 10:00:17.901567
2025-03-06 16:39:18,792 - root - INFO - Token Token-436 started task 'Complete /Accurate?' at 2025-01-24 09:54:32.653341, scheduled to end at 2025-01-24 09:54:32.653341
2025-03-06 16:39:18,792 - root - INFO - Token Token-436 completed task 'Complete /Accurate?' at 2025-01-24 09:54:32.653341.
2025-03-06 16:39:18,792 - root - INFO - Token Token-436 waiting for resource 'Tech' at 2025-01-24 09:54:32.653341
2025-03-06 16:39:18,792 - root - INFO - Token Token-61 completed task 'Note Accuracy in Asset Change Tracker (5.5.13.2)' at 2025-01-24 10:00:17.901567.
2025-03-06 16:39:18,792 - root - INFO - Token Token-437 released from wait queue for 'Tech'
2025-03-06 16:39:18,793 - root - INFO - Token Token-437 waited 23068.30 minutes for resource
2025-03-06 16:39:18,793 - root - INFO - Token Token-437 started task 'Review AM using Asset Change Tracker (5.5.13.1)' at 2025-01-24 10:00:17.901567, scheduled to end at 2025-01-24 10:08:45.370561
2025-03-06 16:39:18,793 - root - INFO - Token Token-61 started task 'Unknown' at 2025-01-24 10:00:17.901567, scheduled to end at 2025-01-24 10:00:17.901567
2025-03-06 16:39:18,793 - root - INFO - Token Token-61 completed task 'Unknown' at 2025-01-24 10:00:17.901567.
2025-03-06 16:39:18,794 - root - INFO - Token Token-61 has completed the entire process at 2025-01-24 10:00:17.901567.
2025-03-06 16:39:18,794 - root - INFO - Token Token-437 completed task 'Review AM using Asset Change Tracker (5.5.13.1)' at 2025-01-24 10:08:45.370561.
2025-03-06 16:39:18,794 - root - INFO - Token Token-438 released from wait queue for 'Tech'
2025-03-06 16:39:18,794 - root - INFO - Token Token-438 waited 23074.76 minutes for resource
2025-03-06 16:39:18,794 - root - INFO - Token Token-438 started task 'Review AM using Asset Change Tracker (5.5.13.1)' at 2025-01-24 10:08:45.370561, scheduled to end at 2025-01-24 10:17:06.876453
2025-03-06 16:39:18,795 - root - INFO - Token Token-437 started task 'Complete /Accurate?' at 2025-01-24 10:08:45.370561, scheduled to end at 2025-01-24 10:08:45.370561
2025-03-06 16:39:18,795 - root - INFO - Token Token-437 completed task 'Complete /Accurate?' at 2025-01-24 10:08:45.370561.
2025-03-06 16:39:18,795 - root - INFO - Token Token-437 waiting for resource 'Tech' at 2025-01-24 10:08:45.370561
2025-03-06 16:39:18,795 - root - INFO - Token Token-438 completed task 'Review AM using Asset Change Tracker (5.5.13.1)' at 2025-01-24 10:17:06.876453.
2025-03-06 16:39:18,796 - root - INFO - Token Token-439 released from wait queue for 'Tech'
2025-03-06 16:39:18,796 - root - INFO - Token Token-439 waited 23081.11 minutes for resource
2025-03-06 16:39:18,797 - root - INFO - Token Token-439 started task 'Review AM using Asset Change Tracker (5.5.13.1)' at 2025-01-24 10:17:06.876453, scheduled to end at 2025-01-24 10:25:00.090535
2025-03-06 16:39:18,797 - root - INFO - Token Token-438 started task 'Complete /Accurate?' at 2025-01-24 10:17:06.876453, scheduled to end at 2025-01-24 10:17:06.876453
2025-03-06 16:39:18,797 - root - INFO - Token Token-438 completed task 'Complete /Accurate?' at 2025-01-24 10:17:06.876453.
2025-03-06 16:39:18,798 - root - INFO - Token Token-438 waiting for resource 'Tech' at 2025-01-24 10:17:06.876453
2025-03-06 16:39:18,798 - root - INFO - Token Token-439 completed task 'Review AM using Asset Change Tracker (5.5.13.1)' at 2025-01-24 10:25:00.090535.
2025-03-06 16:39:18,798 - root - INFO - Token Token-440 released from wait queue for 'Tech'
2025-03-06 16:39:18,798 - root - INFO - Token Token-440 waited 23087.00 minutes for resource
2025-03-06 16:39:18,798 - root - INFO - Token Token-440 started task 'Review AM using Asset Change Tracker (5.5.13.1)' at 2025-01-24 10:25:00.090535, scheduled to end at 2025-01-24 10:33:20.730946
2025-03-06 16:39:18,799 - root - INFO - Token Token-439 started task 'Complete /Accurate?' at 2025-01-24 10:25:00.090535, scheduled to end at 2025-01-24 10:25:00.090535
2025-03-06 16:39:18,799 - root - INFO - Token Token-439 completed task 'Complete /Accurate?' at 2025-01-24 10:25:00.090535.
2025-03-06 16:39:18,799 - root - INFO - Token Token-439 waiting for resource 'Tech' at 2025-01-24 10:25:00.090535
2025-03-06 16:39:18,799 - root - INFO - Token Token-440 completed task 'Review AM using Asset Change Tracker (5.5.13.1)' at 2025-01-24 10:33:20.730946.
2025-03-06 16:39:18,800 - root - INFO - Token Token-62 released from wait queue for 'Tech'
2025-03-06 16:39:18,800 - root - INFO - Token Token-62 waited 23093.69 minutes for resource
2025-03-06 16:39:18,800 - root - INFO - Token Token-62 started task 'Note Accuracy in Asset Change Tracker (5.5.13.2)' at 2025-01-24 10:33:20.730946, scheduled to end at 2025-01-24 10:39:41.137499
2025-03-06 16:39:18,800 - root - INFO - Token Token-440 started task 'Complete /Accurate?' at 2025-01-24 10:33:20.730946, scheduled to end at 2025-01-24 10:33:20.730946
2025-03-06 16:39:18,800 - root - INFO - Token Token-440 completed task 'Complete /Accurate?' at 2025-01-24 10:33:20.730946.
2025-03-06 16:39:18,801 - root - INFO - Token Token-440 waiting for resource 'Tech' at 2025-01-24 10:33:20.730946
2025-03-06 16:39:18,801 - root - INFO - Token Token-62 completed task 'Note Accuracy in Asset Change Tracker (5.5.13.2)' at 2025-01-24 10:39:41.137499.
2025-03-06 16:39:18,801 - root - INFO - Token Token-441 released from wait queue for 'Tech'
2025-03-06 16:39:18,801 - root - INFO - Token Token-441 waited 23099.69 minutes for resource
2025-03-06 16:39:18,802 - root - INFO - Token Token-441 started task 'Review AM using Asset Change Tracker (5.5.13.1)' at 2025-01-24 10:39:41.137499, scheduled to end at 2025-01-24 10:48:20.123325
2025-03-06 16:39:18,802 - root - INFO - Token Token-62 started task 'Unknown' at 2025-01-24 10:39:41.137499, scheduled to end at 2025-01-24 10:39:41.137499
2025-03-06 16:39:18,802 - root - INFO - Token Token-62 completed task 'Unknown' at 2025-01-24 10:39:41.137499.
2025-03-06 16:39:18,802 - root - INFO - Token Token-62 has completed the entire process at 2025-01-24 10:39:41.137499.
2025-03-06 16:39:18,803 - root - INFO - Token Token-441 completed task 'Review AM using Asset Change Tracker (5.5.13.1)' at 2025-01-24 10:48:20.123325.
2025-03-06 16:39:18,803 - root - INFO - Token Token-442 released from wait queue for 'Tech'
2025-03-06 16:39:18,803 - root - INFO - Token Token-442 waited 23106.34 minutes for resource
2025-03-06 16:39:18,803 - root - INFO - Token Token-442 started task 'Review AM using Asset Change Tracker (5.5.13.1)' at 2025-01-24 10:48:20.123325, scheduled to end at 2025-01-24 10:56:47.200251
2025-03-06 16:39:18,804 - root - INFO - Token Token-441 started task 'Complete /Accurate?' at 2025-01-24 10:48:20.123325, scheduled to end at 2025-01-24 10:48:20.123325
2025-03-06 16:39:18,804 - root - INFO - Token Token-441 completed task 'Complete /Accurate?' at 2025-01-24 10:48:20.123325.
2025-03-06 16:39:18,804 - root - INFO - Token Token-441 waiting for resource 'Tech' at 2025-01-24 10:48:20.123325
2025-03-06 16:39:18,804 - root - INFO - Token Token-442 completed task 'Review AM using Asset Change Tracker (5.5.13.1)' at 2025-01-24 10:56:47.200251.
2025-03-06 16:39:18,805 - root - INFO - Token Token-443 released from wait queue for 'Tech'
2025-03-06 16:39:18,805 - root - INFO - Token Token-443 waited 23112.79 minutes for resource
2025-03-06 16:39:18,805 - root - INFO - Token Token-443 started task 'Review AM using Asset Change Tracker (5.5.13.1)' at 2025-01-24 10:56:47.200251, scheduled to end at 2025-01-24 11:06:18.910407
2025-03-06 16:39:18,805 - root - INFO - Token Token-442 started task 'Complete /Accurate?' at 2025-01-24 10:56:47.200251, scheduled to end at 2025-01-24 10:56:47.200251
2025-03-06 16:39:18,805 - root - INFO - Token Token-442 completed task 'Complete /Accurate?' at 2025-01-24 10:56:47.200251.
2025-03-06 16:39:18,806 - root - INFO - Token Token-442 waiting for resource 'Tech' at 2025-01-24 10:56:47.200251
2025-03-06 16:39:18,806 - root - INFO - Token Token-443 completed task 'Review AM using Asset Change Tracker (5.5.13.1)' at 2025-01-24 11:06:18.910407.
2025-03-06 16:39:18,806 - root - INFO - Token Token-444 released from wait queue for 'Tech'
2025-03-06 16:39:18,806 - root - INFO - Token Token-444 waited 23120.32 minutes for resource
2025-03-06 16:39:18,807 - root - INFO - Token Token-444 started task 'Review AM using Asset Change Tracker (5.5.13.1)' at 2025-01-24 11:06:18.910407, scheduled to end at 2025-01-24 11:15:30.018292
2025-03-06 16:39:18,808 - root - INFO - Token Token-443 started task 'Complete /Accurate?' at 2025-01-24 11:06:18.910407, scheduled to end at 2025-01-24 11:06:18.910407
2025-03-06 16:39:18,809 - root - INFO - Token Token-443 completed task 'Complete /Accurate?' at 2025-01-24 11:06:18.910407.
2025-03-06 16:39:18,809 - root - INFO - Token Token-443 waiting for resource 'Tech' at 2025-01-24 11:06:18.910407
2025-03-06 16:39:18,810 - root - INFO - Token Token-444 completed task 'Review AM using Asset Change Tracker (5.5.13.1)' at 2025-01-24 11:15:30.018292.
2025-03-06 16:39:18,810 - root - INFO - Token Token-445 released from wait queue for 'Tech'
2025-03-06 16:39:18,810 - root - INFO - Token Token-445 waited 23127.50 minutes for resource
2025-03-06 16:39:18,811 - root - INFO - Token Token-445 started task 'Review AM using Asset Change Tracker (5.5.13.1)' at 2025-01-24 11:15:30.018292, scheduled to end at 2025-01-24 11:23:06.258223
2025-03-06 16:39:18,811 - root - INFO - Token Token-444 started task 'Complete /Accurate?' at 2025-01-24 11:15:30.018292, scheduled to end at 2025-01-24 11:15:30.018292
2025-03-06 16:39:18,812 - root - INFO - Token Token-444 completed task 'Complete /Accurate?' at 2025-01-24 11:15:30.018292.
2025-03-06 16:39:18,812 - root - INFO - Token Token-444 waiting for resource 'Tech' at 2025-01-24 11:15:30.018292
2025-03-06 16:39:18,813 - root - INFO - Token Token-445 completed task 'Review AM using Asset Change Tracker (5.5.13.1)' at 2025-01-24 11:23:06.258223.
2025-03-06 16:39:18,813 - root - INFO - Token Token-63 released from wait queue for 'Tech'
2025-03-06 16:39:18,814 - root - INFO - Token Token-63 waited 23134.10 minutes for resource
2025-03-06 16:39:18,816 - root - INFO - Token Token-63 started task 'Work with REO RPO to Correct (5.5.13.3)' at 2025-01-24 11:23:06.258223, scheduled to end at 2025-01-27 07:00:00
2025-03-06 16:39:18,817 - root - INFO - Token Token-445 started task 'Complete /Accurate?' at 2025-01-24 11:23:06.258223, scheduled to end at 2025-01-24 11:23:06.258223
2025-03-06 16:39:18,836 - root - INFO - Token Token-445 completed task 'Complete /Accurate?' at 2025-01-24 11:23:06.258223.
2025-03-06 16:39:18,836 - root - INFO - Token Token-445 waiting for resource 'Tech' at 2025-01-24 11:23:06.258223
2025-03-06 16:39:18,836 - root - INFO - Token Token-63 completed task 'Work with REO RPO to Correct (5.5.13.3)' at 2025-01-27 07:00:00.
2025-03-06 16:39:18,836 - root - INFO - Token Token-446 released from wait queue for 'Tech'
2025-03-06 16:39:18,836 - root - INFO - Token Token-446 waited 27190.00 minutes for resource
2025-03-06 16:39:18,836 - root - INFO - Token Token-446 started task 'Review AM using Asset Change Tracker (5.5.13.1)' at 2025-01-27 07:00:00, scheduled to end at 2025-01-27 07:07:12.258482
2025-03-06 16:39:18,836 - root - INFO - Token Token-63 started task 'Create Journal Entries?' at 2025-01-27 07:00:00, scheduled to end at 2025-01-27 07:00:00
2025-03-06 16:39:18,836 - root - INFO - Token Token-63 completed task 'Create Journal Entries?' at 2025-01-27 07:00:00.
2025-03-06 16:39:18,836 - root - INFO - Token Token-63 started task 'Inclusive Path 3' at 2025-01-27 07:00:00, scheduled to end at 2025-01-27 07:01:08.445100
2025-03-06 16:39:18,838 - root - INFO - Token Token-63 completed task 'Inclusive Path 3' at 2025-01-27 07:01:08.445100.
2025-03-06 16:39:18,839 - root - INFO - Token Token-63 started task 'Unknown' at 2025-01-27 07:01:08.445100, scheduled to end at 2025-01-27 07:01:08.445100
2025-03-06 16:39:18,839 - root - INFO - Token Token-63 completed task 'Unknown' at 2025-01-27 07:01:08.445100.
2025-03-06 16:39:18,839 - root - INFO - Token Token-63 has completed the entire process at 2025-01-27 07:01:08.445100.
2025-03-06 16:39:18,839 - root - INFO - Token Token-446 completed task 'Review AM using Asset Change Tracker (5.5.13.1)' at 2025-01-27 07:07:12.258482.
2025-03-06 16:39:18,839 - root - INFO - Token Token-447 released from wait queue for 'Tech'
2025-03-06 16:39:18,839 - root - INFO - Token Token-447 waited 27195.20 minutes for resource
2025-03-06 16:39:18,839 - root - INFO - Token Token-447 started task 'Review AM using Asset Change Tracker (5.5.13.1)' at 2025-01-27 07:07:12.258482, scheduled to end at 2025-01-27 07:16:35.064047
2025-03-06 16:39:18,840 - root - INFO - Token Token-446 started task 'Complete /Accurate?' at 2025-01-27 07:07:12.258482, scheduled to end at 2025-01-27 07:07:12.258482
2025-03-06 16:39:18,840 - root - INFO - Token Token-446 completed task 'Complete /Accurate?' at 2025-01-27 07:07:12.258482.
2025-03-06 16:39:18,840 - root - INFO - Token Token-446 waiting for resource 'Tech' at 2025-01-27 07:07:12.258482
2025-03-06 16:39:18,840 - root - INFO - Token Token-447 completed task 'Review AM using Asset Change Tracker (5.5.13.1)' at 2025-01-27 07:16:35.064047.
2025-03-06 16:39:18,840 - root - INFO - Token Token-448 released from wait queue for 'Tech'
2025-03-06 16:39:18,841 - root - INFO - Token Token-448 waited 27202.58 minutes for resource
2025-03-06 16:39:18,841 - root - INFO - Token Token-448 started task 'Review AM using Asset Change Tracker (5.5.13.1)' at 2025-01-27 07:16:35.064047, scheduled to end at 2025-01-27 07:23:50.522391
2025-03-06 16:39:18,841 - root - INFO - Token Token-447 started task 'Complete /Accurate?' at 2025-01-27 07:16:35.064047, scheduled to end at 2025-01-27 07:16:35.064047
2025-03-06 16:39:18,841 - root - INFO - Token Token-447 completed task 'Complete /Accurate?' at 2025-01-27 07:16:35.064047.
2025-03-06 16:39:18,843 - root - INFO - Token Token-447 waiting for resource 'Tech' at 2025-01-27 07:16:35.064047
2025-03-06 16:39:18,843 - root - INFO - Token Token-448 completed task 'Review AM using Asset Change Tracker (5.5.13.1)' at 2025-01-27 07:23:50.522391.
2025-03-06 16:39:18,843 - root - INFO - Token Token-449 released from wait queue for 'Tech'
2025-03-06 16:39:18,843 - root - INFO - Token Token-449 waited 27207.84 minutes for resource
2025-03-06 16:39:18,843 - root - INFO - Token Token-449 started task 'Review AM using Asset Change Tracker (5.5.13.1)' at 2025-01-27 07:23:50.522391, scheduled to end at 2025-01-27 07:32:18.376138
2025-03-06 16:39:18,844 - root - INFO - Token Token-448 started task 'Complete /Accurate?' at 2025-01-27 07:23:50.522391, scheduled to end at 2025-01-27 07:23:50.522391
2025-03-06 16:39:18,844 - root - INFO - Token Token-448 completed task 'Complete /Accurate?' at 2025-01-27 07:23:50.522391.
2025-03-06 16:39:18,844 - root - INFO - Token Token-448 waiting for resource 'Tech' at 2025-01-27 07:23:50.522391
2025-03-06 16:39:18,845 - root - INFO - Token Token-449 completed task 'Review AM using Asset Change Tracker (5.5.13.1)' at 2025-01-27 07:32:18.376138.
2025-03-06 16:39:18,845 - root - INFO - Token Token-64 released from wait queue for 'Tech'
2025-03-06 16:39:18,845 - root - INFO - Token Token-64 waited 27214.85 minutes for resource
2025-03-06 16:39:18,845 - root - INFO - Token Token-64 started task 'Note Accuracy in Asset Change Tracker (5.5.13.2)' at 2025-01-27 07:32:18.376138, scheduled to end at 2025-01-27 07:37:32.979298
2025-03-06 16:39:18,846 - root - INFO - Token Token-449 started task 'Complete /Accurate?' at 2025-01-27 07:32:18.376138, scheduled to end at 2025-01-27 07:32:18.376138
2025-03-06 16:39:18,846 - root - INFO - Token Token-449 completed task 'Complete /Accurate?' at 2025-01-27 07:32:18.376138.
2025-03-06 16:39:18,846 - root - INFO - Token Token-449 waiting for resource 'Tech' at 2025-01-27 07:32:18.376138
2025-03-06 16:39:18,846 - root - INFO - Token Token-64 completed task 'Note Accuracy in Asset Change Tracker (5.5.13.2)' at 2025-01-27 07:37:32.979298.
2025-03-06 16:39:18,846 - root - INFO - Token Token-450 released from wait queue for 'Tech'
2025-03-06 16:39:18,847 - root - INFO - Token Token-450 waited 27219.55 minutes for resource
2025-03-06 16:39:18,847 - root - INFO - Token Token-450 started task 'Review AM using Asset Change Tracker (5.5.13.1)' at 2025-01-27 07:37:32.979298, scheduled to end at 2025-01-27 07:46:21.708703
2025-03-06 16:39:18,847 - root - INFO - Token Token-64 started task 'Unknown' at 2025-01-27 07:37:32.979298, scheduled to end at 2025-01-27 07:37:32.979298
2025-03-06 16:39:18,847 - root - INFO - Token Token-64 completed task 'Unknown' at 2025-01-27 07:37:32.979298.
2025-03-06 16:39:18,848 - root - INFO - Token Token-64 has completed the entire process at 2025-01-27 07:37:32.979298.
2025-03-06 16:39:18,848 - root - INFO - Token Token-450 completed task 'Review AM using Asset Change Tracker (5.5.13.1)' at 2025-01-27 07:46:21.708703.
2025-03-06 16:39:18,848 - root - INFO - Token Token-451 released from wait queue for 'Tech'
2025-03-06 16:39:18,848 - root - INFO - Token Token-451 waited 27226.36 minutes for resource
2025-03-06 16:39:18,848 - root - INFO - Token Token-451 started task 'Review AM using Asset Change Tracker (5.5.13.1)' at 2025-01-27 07:46:21.708703, scheduled to end at 2025-01-27 07:51:52.111452
2025-03-06 16:39:18,850 - root - INFO - Token Token-450 started task 'Complete /Accurate?' at 2025-01-27 07:46:21.708703, scheduled to end at 2025-01-27 07:46:21.708703
2025-03-06 16:39:18,850 - root - INFO - Token Token-450 completed task 'Complete /Accurate?' at 2025-01-27 07:46:21.708703.
2025-03-06 16:39:18,850 - root - INFO - Token Token-450 waiting for resource 'Tech' at 2025-01-27 07:46:21.708703
2025-03-06 16:39:18,850 - root - INFO - Token Token-451 completed task 'Review AM using Asset Change Tracker (5.5.13.1)' at 2025-01-27 07:51:52.111452.
2025-03-06 16:39:18,851 - root - INFO - Token Token-452 released from wait queue for 'Tech'
2025-03-06 16:39:18,851 - root - INFO - Token Token-452 waited 27229.87 minutes for resource
2025-03-06 16:39:18,852 - root - INFO - Token Token-452 started task 'Review AM using Asset Change Tracker (5.5.13.1)' at 2025-01-27 07:51:52.111452, scheduled to end at 2025-01-27 08:00:06.295671
2025-03-06 16:39:18,853 - root - INFO - Token Token-451 started task 'Complete /Accurate?' at 2025-01-27 07:51:52.111452, scheduled to end at 2025-01-27 07:51:52.111452
2025-03-06 16:39:18,853 - root - INFO - Token Token-451 completed task 'Complete /Accurate?' at 2025-01-27 07:51:52.111452.
2025-03-06 16:39:18,854 - root - INFO - Token Token-451 waiting for resource 'Tech' at 2025-01-27 07:51:52.111452
2025-03-06 16:39:18,854 - root - INFO - Token Token-452 completed task 'Review AM using Asset Change Tracker (5.5.13.1)' at 2025-01-27 08:00:06.295671.
2025-03-06 16:39:18,855 - root - INFO - Token Token-453 released from wait queue for 'Tech'
2025-03-06 16:39:18,855 - root - INFO - Token Token-453 waited 27236.10 minutes for resource
2025-03-06 16:39:18,855 - root - INFO - Token Token-453 started task 'Review AM using Asset Change Tracker (5.5.13.1)' at 2025-01-27 08:00:06.295671, scheduled to end at 2025-01-27 08:08:40.346944
2025-03-06 16:39:18,856 - root - INFO - Token Token-452 started task 'Complete /Accurate?' at 2025-01-27 08:00:06.295671, scheduled to end at 2025-01-27 08:00:06.295671
2025-03-06 16:39:18,856 - root - INFO - Token Token-452 completed task 'Complete /Accurate?' at 2025-01-27 08:00:06.295671.
2025-03-06 16:39:18,857 - root - INFO - Token Token-452 waiting for resource 'Tech' at 2025-01-27 08:00:06.295671
2025-03-06 16:39:18,857 - root - INFO - Token Token-453 completed task 'Review AM using Asset Change Tracker (5.5.13.1)' at 2025-01-27 08:08:40.346944.
2025-03-06 16:39:18,858 - root - INFO - Token Token-65 released from wait queue for 'Tech'
2025-03-06 16:39:18,858 - root - INFO - Token Token-65 waited 27243.64 minutes for resource
2025-03-06 16:39:18,858 - root - INFO - Token Token-65 started task 'Work with REO RPO to Correct (5.5.13.3)' at 2025-01-27 08:08:40.346944, scheduled to end at 2025-01-27 10:10:00.923710
2025-03-06 16:39:18,859 - root - INFO - Token Token-453 started task 'Complete /Accurate?' at 2025-01-27 08:08:40.346944, scheduled to end at 2025-01-27 08:08:40.346944
2025-03-06 16:39:18,859 - root - INFO - Token Token-453 completed task 'Complete /Accurate?' at 2025-01-27 08:08:40.346944.
2025-03-06 16:39:18,860 - root - INFO - Token Token-453 waiting for resource 'Tech' at 2025-01-27 08:08:40.346944
2025-03-06 16:39:18,860 - root - INFO - Token Token-65 completed task 'Work with REO RPO to Correct (5.5.13.3)' at 2025-01-27 10:10:00.923710.
2025-03-06 16:39:18,860 - root - INFO - Token Token-454 released from wait queue for 'Tech'
2025-03-06 16:39:18,861 - root - INFO - Token Token-454 waited 27364.02 minutes for resource
2025-03-06 16:39:18,861 - root - INFO - Token Token-454 started task 'Review AM using Asset Change Tracker (5.5.13.1)' at 2025-01-27 10:10:00.923710, scheduled to end at 2025-01-27 10:19:29.430055
2025-03-06 16:39:18,861 - root - INFO - Token Token-65 started task 'Create Journal Entries?' at 2025-01-27 10:10:00.923710, scheduled to end at 2025-01-27 10:10:00.923710
2025-03-06 16:39:18,862 - root - INFO - Token Token-65 completed task 'Create Journal Entries?' at 2025-01-27 10:10:00.923710.
2025-03-06 16:39:18,862 - root - INFO - Token Token-65 waiting for resource 'Certifier' at 2025-01-27 10:10:00.923710
2025-03-06 16:39:18,862 - root - INFO - Token Token-65 started task 'Inclusive Path 3' at 2025-01-27 10:10:00.923710, scheduled to end at 2025-01-27 10:10:41.201814
2025-03-06 16:39:18,863 - root - INFO - Token Token-65 completed task 'Inclusive Path 3' at 2025-01-27 10:10:41.201814.
2025-03-06 16:39:18,863 - root - INFO - Token Token-65 started task 'Unknown' at 2025-01-27 10:10:41.201814, scheduled to end at 2025-01-27 10:10:41.201814
2025-03-06 16:39:18,864 - root - INFO - Token Token-65 completed task 'Unknown' at 2025-01-27 10:10:41.201814.
2025-03-06 16:39:18,864 - root - INFO - Token Token-65 has completed the entire process at 2025-01-27 10:10:41.201814.
2025-03-06 16:39:18,864 - root - INFO - Token Token-454 completed task 'Review AM using Asset Change Tracker (5.5.13.1)' at 2025-01-27 10:19:29.430055.
2025-03-06 16:39:18,865 - root - INFO - Token Token-455 released from wait queue for 'Tech'
2025-03-06 16:39:18,865 - root - INFO - Token Token-455 waited 27371.49 minutes for resource
2025-03-06 16:39:18,866 - root - INFO - Token Token-455 started task 'Review AM using Asset Change Tracker (5.5.13.1)' at 2025-01-27 10:19:29.430055, scheduled to end at 2025-01-27 10:27:51.915295
2025-03-06 16:39:18,884 - root - INFO - Token Token-454 started task 'Complete /Accurate?' at 2025-01-27 10:19:29.430055, scheduled to end at 2025-01-27 10:19:29.430055
2025-03-06 16:39:18,884 - root - INFO - Token Token-454 completed task 'Complete /Accurate?' at 2025-01-27 10:19:29.430055.
2025-03-06 16:39:18,884 - root - INFO - Token Token-454 waiting for resource 'Tech' at 2025-01-27 10:19:29.430055
2025-03-06 16:39:18,884 - root - INFO - Token Token-455 completed task 'Review AM using Asset Change Tracker (5.5.13.1)' at 2025-01-27 10:27:51.915295.
2025-03-06 16:39:18,884 - root - INFO - Token Token-456 released from wait queue for 'Tech'
2025-03-06 16:39:18,884 - root - INFO - Token Token-456 waited 27377.87 minutes for resource
2025-03-06 16:39:18,884 - root - INFO - Token Token-456 started task 'Review AM using Asset Change Tracker (5.5.13.1)' at 2025-01-27 10:27:51.915295, scheduled to end at 2025-01-27 10:36:40.269764
2025-03-06 16:39:18,885 - root - INFO - Token Token-455 started task 'Complete /Accurate?' at 2025-01-27 10:27:51.915295, scheduled to end at 2025-01-27 10:27:51.915295
2025-03-06 16:39:18,885 - root - INFO - Token Token-455 completed task 'Complete /Accurate?' at 2025-01-27 10:27:51.915295.
2025-03-06 16:39:18,885 - root - INFO - Token Token-455 waiting for resource 'Tech' at 2025-01-27 10:27:51.915295
2025-03-06 16:39:18,886 - root - INFO - Token Token-456 completed task 'Review AM using Asset Change Tracker (5.5.13.1)' at 2025-01-27 10:36:40.269764.
2025-03-06 16:39:18,886 - root - INFO - Token Token-457 released from wait queue for 'Tech'
2025-03-06 16:39:18,886 - root - INFO - Token Token-457 waited 27384.67 minutes for resource
2025-03-06 16:39:18,886 - root - INFO - Token Token-457 started task 'Review AM using Asset Change Tracker (5.5.13.1)' at 2025-01-27 10:36:40.269764, scheduled to end at 2025-01-27 10:43:57.849931
2025-03-06 16:39:18,886 - root - INFO - Token Token-456 started task 'Complete /Accurate?' at 2025-01-27 10:36:40.269764, scheduled to end at 2025-01-27 10:36:40.269764
2025-03-06 16:39:18,887 - root - INFO - Token Token-456 completed task 'Complete /Accurate?' at 2025-01-27 10:36:40.269764.
2025-03-06 16:39:18,887 - root - INFO - Token Token-456 waiting for resource 'Tech' at 2025-01-27 10:36:40.269764
2025-03-06 16:39:18,887 - root - INFO - Token Token-457 completed task 'Review AM using Asset Change Tracker (5.5.13.1)' at 2025-01-27 10:43:57.849931.
2025-03-06 16:39:18,887 - root - INFO - Token Token-458 released from wait queue for 'Tech'
2025-03-06 16:39:18,888 - root - INFO - Token Token-458 waited 27389.96 minutes for resource
2025-03-06 16:39:18,888 - root - INFO - Token Token-458 started task 'Review AM using Asset Change Tracker (5.5.13.1)' at 2025-01-27 10:43:57.849931, scheduled to end at 2025-01-27 10:53:02.379507
2025-03-06 16:39:18,888 - root - INFO - Token Token-457 started task 'Complete /Accurate?' at 2025-01-27 10:43:57.849931, scheduled to end at 2025-01-27 10:43:57.849931
2025-03-06 16:39:18,888 - root - INFO - Token Token-457 completed task 'Complete /Accurate?' at 2025-01-27 10:43:57.849931.
2025-03-06 16:39:18,888 - root - INFO - Token Token-457 waiting for resource 'Tech' at 2025-01-27 10:43:57.849931
2025-03-06 16:39:18,889 - root - INFO - Token Token-458 completed task 'Review AM using Asset Change Tracker (5.5.13.1)' at 2025-01-27 10:53:02.379507.
2025-03-06 16:39:18,889 - root - INFO - Token Token-66 released from wait queue for 'Tech'
2025-03-06 16:39:18,889 - root - INFO - Token Token-66 waited 27398.62 minutes for resource
2025-03-06 16:39:18,890 - root - INFO - Token Token-66 started task 'Work with REO RPO to Correct (5.5.13.3)' at 2025-01-27 10:53:02.379507, scheduled to end at 2025-01-27 12:49:09.261823
2025-03-06 16:39:18,890 - root - INFO - Token Token-458 started task 'Complete /Accurate?' at 2025-01-27 10:53:02.379507, scheduled to end at 2025-01-27 10:53:02.379507
2025-03-06 16:39:18,891 - root - INFO - Token Token-458 completed task 'Complete /Accurate?' at 2025-01-27 10:53:02.379507.
2025-03-06 16:39:18,891 - root - INFO - Token Token-458 waiting for resource 'Tech' at 2025-01-27 10:53:02.379507
2025-03-06 16:39:18,891 - root - INFO - Token Token-66 completed task 'Work with REO RPO to Correct (5.5.13.3)' at 2025-01-27 12:49:09.261823.
2025-03-06 16:39:18,892 - root - INFO - Token Token-459 released from wait queue for 'Tech'
2025-03-06 16:39:18,892 - root - INFO - Token Token-459 waited 27513.15 minutes for resource
2025-03-06 16:39:18,892 - root - INFO - Token Token-459 started task 'Review AM using Asset Change Tracker (5.5.13.1)' at 2025-01-27 12:49:09.261823, scheduled to end at 2025-01-27 12:58:11.677298
2025-03-06 16:39:18,892 - root - INFO - Token Token-66 started task 'Create Journal Entries?' at 2025-01-27 12:49:09.261823, scheduled to end at 2025-01-27 12:49:09.261823
2025-03-06 16:39:18,893 - root - INFO - Token Token-66 completed task 'Create Journal Entries?' at 2025-01-27 12:49:09.261823.
2025-03-06 16:39:18,893 - root - INFO - Token Token-66 waiting for resource 'Certifier' at 2025-01-27 12:49:09.261823
2025-03-06 16:39:18,893 - root - INFO - Token Token-459 completed task 'Review AM using Asset Change Tracker (5.5.13.1)' at 2025-01-27 12:58:11.677298.
2025-03-06 16:39:18,893 - root - INFO - Token Token-460 released from wait queue for 'Tech'
2025-03-06 16:39:18,894 - root - INFO - Token Token-460 waited 27520.19 minutes for resource
2025-03-06 16:39:18,894 - root - INFO - Token Token-460 started task 'Review AM using Asset Change Tracker (5.5.13.1)' at 2025-01-27 12:58:11.677298, scheduled to end at 2025-01-28 07:00:00
2025-03-06 16:39:18,894 - root - INFO - Token Token-459 started task 'Complete /Accurate?' at 2025-01-27 12:58:11.677298, scheduled to end at 2025-01-27 12:58:11.677298
2025-03-06 16:39:18,894 - root - INFO - Token Token-459 completed task 'Complete /Accurate?' at 2025-01-27 12:58:11.677298.
2025-03-06 16:39:18,895 - root - INFO - Token Token-459 waiting for resource 'Tech' at 2025-01-27 12:58:11.677298
2025-03-06 16:39:18,895 - root - INFO - Token Token-460 completed task 'Review AM using Asset Change Tracker (5.5.13.1)' at 2025-01-28 07:00:00.
2025-03-06 16:39:18,895 - root - INFO - Token Token-461 released from wait queue for 'Tech'
2025-03-06 16:39:18,895 - root - INFO - Token Token-461 waited 28600.00 minutes for resource
2025-03-06 16:39:18,896 - root - INFO - Token Token-461 started task 'Review AM using Asset Change Tracker (5.5.13.1)' at 2025-01-28 07:00:00, scheduled to end at 2025-01-28 07:07:23.454049
2025-03-06 16:39:18,896 - root - INFO - Token Token-460 started task 'Complete /Accurate?' at 2025-01-28 07:00:00, scheduled to end at 2025-01-28 07:00:00
2025-03-06 16:39:18,896 - root - INFO - Token Token-460 completed task 'Complete /Accurate?' at 2025-01-28 07:00:00.
2025-03-06 16:39:18,896 - root - INFO - Token Token-460 waiting for resource 'Tech' at 2025-01-28 07:00:00
2025-03-06 16:39:18,897 - root - INFO - Token Token-461 completed task 'Review AM using Asset Change Tracker (5.5.13.1)' at 2025-01-28 07:07:23.454049.
2025-03-06 16:39:18,897 - root - INFO - Token Token-462 released from wait queue for 'Tech'
2025-03-06 16:39:18,899 - root - INFO - Token Token-462 waited 28605.39 minutes for resource
2025-03-06 16:39:18,899 - root - INFO - Token Token-462 started task 'Review AM using Asset Change Tracker (5.5.13.1)' at 2025-01-28 07:07:23.454049, scheduled to end at 2025-01-28 07:14:38.784406
2025-03-06 16:39:18,900 - root - INFO - Token Token-461 started task 'Complete /Accurate?' at 2025-01-28 07:07:23.454049, scheduled to end at 2025-01-28 07:07:23.454049
2025-03-06 16:39:18,901 - root - INFO - Token Token-461 completed task 'Complete /Accurate?' at 2025-01-28 07:07:23.454049.
2025-03-06 16:39:18,901 - root - INFO - Token Token-461 waiting for resource 'Tech' at 2025-01-28 07:07:23.454049
2025-03-06 16:39:18,902 - root - INFO - Token Token-462 completed task 'Review AM using Asset Change Tracker (5.5.13.1)' at 2025-01-28 07:14:38.784406.
2025-03-06 16:39:18,902 - root - INFO - Token Token-67 released from wait queue for 'Tech'
2025-03-06 16:39:18,903 - root - INFO - Token Token-67 waited 28611.60 minutes for resource
2025-03-06 16:39:18,903 - root - INFO - Token Token-67 started task 'Note Accuracy in Asset Change Tracker (5.5.13.2)' at 2025-01-28 07:14:38.784406, scheduled to end at 2025-01-28 07:20:32.266568
2025-03-06 16:39:18,903 - root - INFO - Token Token-462 started task 'Complete /Accurate?' at 2025-01-28 07:14:38.784406, scheduled to end at 2025-01-28 07:14:38.784406
2025-03-06 16:39:18,904 - root - INFO - Token Token-462 completed task 'Complete /Accurate?' at 2025-01-28 07:14:38.784406.
2025-03-06 16:39:18,904 - root - INFO - Token Token-462 waiting for resource 'Tech' at 2025-01-28 07:14:38.784406
2025-03-06 16:39:18,905 - root - INFO - Token Token-67 completed task 'Note Accuracy in Asset Change Tracker (5.5.13.2)' at 2025-01-28 07:20:32.266568.
2025-03-06 16:39:18,905 - root - INFO - Token Token-463 released from wait queue for 'Tech'
2025-03-06 16:39:18,906 - root - INFO - Token Token-463 waited 28616.54 minutes for resource
2025-03-06 16:39:18,906 - root - INFO - Token Token-463 started task 'Review AM using Asset Change Tracker (5.5.13.1)' at 2025-01-28 07:20:32.266568, scheduled to end at 2025-01-28 07:30:05.618661
2025-03-06 16:39:18,907 - root - INFO - Token Token-67 started task 'Unknown' at 2025-01-28 07:20:32.266568, scheduled to end at 2025-01-28 07:20:32.266568
2025-03-06 16:39:18,907 - root - INFO - Token Token-67 completed task 'Unknown' at 2025-01-28 07:20:32.266568.
2025-03-06 16:39:18,908 - root - INFO - Token Token-67 has completed the entire process at 2025-01-28 07:20:32.266568.
2025-03-06 16:39:18,908 - root - INFO - Token Token-463 completed task 'Review AM using Asset Change Tracker (5.5.13.1)' at 2025-01-28 07:30:05.618661.
2025-03-06 16:39:18,908 - root - INFO - Token Token-464 released from wait queue for 'Tech'
2025-03-06 16:39:18,909 - root - INFO - Token Token-464 waited 28624.09 minutes for resource
2025-03-06 16:39:18,909 - root - INFO - Token Token-464 started task 'Review AM using Asset Change Tracker (5.5.13.1)' at 2025-01-28 07:30:05.618661, scheduled to end at 2025-01-28 07:38:08.896829
2025-03-06 16:39:18,909 - root - INFO - Token Token-463 started task 'Complete /Accurate?' at 2025-01-28 07:30:05.618661, scheduled to end at 2025-01-28 07:30:05.618661
2025-03-06 16:39:18,910 - root - INFO - Token Token-463 completed task 'Complete /Accurate?' at 2025-01-28 07:30:05.618661.
2025-03-06 16:39:18,911 - root - INFO - Token Token-463 waiting for resource 'Tech' at 2025-01-28 07:30:05.618661
2025-03-06 16:39:18,912 - root - INFO - Token Token-464 completed task 'Review AM using Asset Change Tracker (5.5.13.1)' at 2025-01-28 07:38:08.896829.
2025-03-06 16:39:18,914 - root - INFO - Token Token-465 released from wait queue for 'Tech'
2025-03-06 16:39:18,932 - root - INFO - Token Token-465 waited 28630.15 minutes for resource
2025-03-06 16:39:18,932 - root - INFO - Token Token-465 started task 'Review AM using Asset Change Tracker (5.5.13.1)' at 2025-01-28 07:38:08.896829, scheduled to end at 2025-01-28 07:46:55.512149
2025-03-06 16:39:18,932 - root - INFO - Token Token-464 started task 'Complete /Accurate?' at 2025-01-28 07:38:08.896829, scheduled to end at 2025-01-28 07:38:08.896829
2025-03-06 16:39:18,932 - root - INFO - Token Token-464 completed task 'Complete /Accurate?' at 2025-01-28 07:38:08.896829.
2025-03-06 16:39:18,933 - root - INFO - Token Token-464 waiting for resource 'Tech' at 2025-01-28 07:38:08.896829
2025-03-06 16:39:18,933 - root - INFO - Token Token-465 completed task 'Review AM using Asset Change Tracker (5.5.13.1)' at 2025-01-28 07:46:55.512149.
2025-03-06 16:39:18,933 - root - INFO - Token Token-466 released from wait queue for 'Tech'
2025-03-06 16:39:18,934 - root - INFO - Token Token-466 waited 28636.93 minutes for resource
2025-03-06 16:39:18,934 - root - INFO - Token Token-466 started task 'Review AM using Asset Change Tracker (5.5.13.1)' at 2025-01-28 07:46:55.512149, scheduled to end at 2025-01-28 07:54:28.342438
2025-03-06 16:39:18,934 - root - INFO - Token Token-465 started task 'Complete /Accurate?' at 2025-01-28 07:46:55.512149, scheduled to end at 2025-01-28 07:46:55.512149
2025-03-06 16:39:18,934 - root - INFO - Token Token-465 completed task 'Complete /Accurate?' at 2025-01-28 07:46:55.512149.
2025-03-06 16:39:18,935 - root - INFO - Token Token-465 waiting for resource 'Tech' at 2025-01-28 07:46:55.512149
2025-03-06 16:39:18,935 - root - INFO - Token Token-466 completed task 'Review AM using Asset Change Tracker (5.5.13.1)' at 2025-01-28 07:54:28.342438.
2025-03-06 16:39:18,935 - root - INFO - Token Token-68 released from wait queue for 'Tech'
2025-03-06 16:39:18,935 - root - INFO - Token Token-68 waited 28643.28 minutes for resource
2025-03-06 16:39:18,935 - root - INFO - Token Token-68 started task 'Note Accuracy in Asset Change Tracker (5.5.13.2)' at 2025-01-28 07:54:28.342438, scheduled to end at 2025-01-28 08:00:50.981848
2025-03-06 16:39:18,936 - root - INFO - Token Token-466 started task 'Complete /Accurate?' at 2025-01-28 07:54:28.342438, scheduled to end at 2025-01-28 07:54:28.342438
2025-03-06 16:39:18,936 - root - INFO - Token Token-466 completed task 'Complete /Accurate?' at 2025-01-28 07:54:28.342438.
2025-03-06 16:39:18,936 - root - INFO - Token Token-466 waiting for resource 'Tech' at 2025-01-28 07:54:28.342438
2025-03-06 16:39:18,936 - root - INFO - Token Token-68 completed task 'Note Accuracy in Asset Change Tracker (5.5.13.2)' at 2025-01-28 08:00:50.981848.
2025-03-06 16:39:18,937 - root - INFO - Token Token-467 released from wait queue for 'Tech'
2025-03-06 16:39:18,937 - root - INFO - Token Token-467 waited 28648.85 minutes for resource
2025-03-06 16:39:18,937 - root - INFO - Token Token-467 started task 'Review AM using Asset Change Tracker (5.5.13.1)' at 2025-01-28 08:00:50.981848, scheduled to end at 2025-01-28 08:08:03.635801
2025-03-06 16:39:18,937 - root - INFO - Token Token-68 started task 'Unknown' at 2025-01-28 08:00:50.981848, scheduled to end at 2025-01-28 08:00:50.981848
2025-03-06 16:39:18,938 - root - INFO - Token Token-68 completed task 'Unknown' at 2025-01-28 08:00:50.981848.
2025-03-06 16:39:18,939 - root - INFO - Token Token-68 has completed the entire process at 2025-01-28 08:00:50.981848.
2025-03-06 16:39:18,939 - root - INFO - Token Token-467 completed task 'Review AM using Asset Change Tracker (5.5.13.1)' at 2025-01-28 08:08:03.635801.
2025-03-06 16:39:18,939 - root - INFO - Token Token-468 released from wait queue for 'Tech'
2025-03-06 16:39:18,939 - root - INFO - Token Token-468 waited 28654.06 minutes for resource
2025-03-06 16:39:18,940 - root - INFO - Token Token-468 started task 'Review AM using Asset Change Tracker (5.5.13.1)' at 2025-01-28 08:08:03.635801, scheduled to end at 2025-01-28 08:15:07.465243
2025-03-06 16:39:18,940 - root - INFO - Token Token-467 started task 'Complete /Accurate?' at 2025-01-28 08:08:03.635801, scheduled to end at 2025-01-28 08:08:03.635801
2025-03-06 16:39:18,940 - root - INFO - Token Token-467 completed task 'Complete /Accurate?' at 2025-01-28 08:08:03.635801.
2025-03-06 16:39:18,940 - root - INFO - Token Token-467 waiting for resource 'Tech' at 2025-01-28 08:08:03.635801
2025-03-06 16:39:18,941 - root - INFO - Token Token-468 completed task 'Review AM using Asset Change Tracker (5.5.13.1)' at 2025-01-28 08:15:07.465243.
2025-03-06 16:39:18,942 - root - INFO - Token Token-469 released from wait queue for 'Tech'
2025-03-06 16:39:18,943 - root - INFO - Token Token-469 waited 28659.12 minutes for resource
2025-03-06 16:39:18,943 - root - INFO - Token Token-469 started task 'Review AM using Asset Change Tracker (5.5.13.1)' at 2025-01-28 08:15:07.465243, scheduled to end at 2025-01-28 08:21:58.066968
2025-03-06 16:39:18,944 - root - INFO - Token Token-468 started task 'Complete /Accurate?' at 2025-01-28 08:15:07.465243, scheduled to end at 2025-01-28 08:15:07.465243
2025-03-06 16:39:18,944 - root - INFO - Token Token-468 completed task 'Complete /Accurate?' at 2025-01-28 08:15:07.465243.
2025-03-06 16:39:18,945 - root - INFO - Token Token-468 waiting for resource 'Tech' at 2025-01-28 08:15:07.465243
2025-03-06 16:39:18,945 - root - INFO - Token Token-469 completed task 'Review AM using Asset Change Tracker (5.5.13.1)' at 2025-01-28 08:21:58.066968.
2025-03-06 16:39:18,946 - root - INFO - Token Token-470 released from wait queue for 'Tech'
2025-03-06 16:39:18,946 - root - INFO - Token Token-470 waited 28663.97 minutes for resource
2025-03-06 16:39:18,946 - root - INFO - Token Token-470 started task 'Review AM using Asset Change Tracker (5.5.13.1)' at 2025-01-28 08:21:58.066968, scheduled to end at 2025-01-28 08:27:32.133585
2025-03-06 16:39:18,947 - root - INFO - Token Token-469 started task 'Complete /Accurate?' at 2025-01-28 08:21:58.066968, scheduled to end at 2025-01-28 08:21:58.066968
2025-03-06 16:39:18,947 - root - INFO - Token Token-469 completed task 'Complete /Accurate?' at 2025-01-28 08:21:58.066968.
2025-03-06 16:39:18,948 - root - INFO - Token Token-469 waiting for resource 'Tech' at 2025-01-28 08:21:58.066968
2025-03-06 16:39:18,948 - root - INFO - Token Token-470 completed task 'Review AM using Asset Change Tracker (5.5.13.1)' at 2025-01-28 08:27:32.133585.
2025-03-06 16:39:18,948 - root - INFO - Token Token-69 released from wait queue for 'Tech'
2025-03-06 16:39:18,949 - root - INFO - Token Token-69 waited 28668.23 minutes for resource
2025-03-06 16:39:18,949 - root - INFO - Token Token-69 started task 'Note Accuracy in Asset Change Tracker (5.5.13.2)' at 2025-01-28 08:27:32.133585, scheduled to end at 2025-01-28 08:32:39.034480
2025-03-06 16:39:18,950 - root - INFO - Token Token-470 started task 'Complete /Accurate?' at 2025-01-28 08:27:32.133585, scheduled to end at 2025-01-28 08:27:32.133585
2025-03-06 16:39:18,950 - root - INFO - Token Token-470 completed task 'Complete /Accurate?' at 2025-01-28 08:27:32.133585.
2025-03-06 16:39:18,951 - root - INFO - Token Token-470 waiting for resource 'Tech' at 2025-01-28 08:27:32.133585
2025-03-06 16:39:18,951 - root - INFO - Token Token-69 completed task 'Note Accuracy in Asset Change Tracker (5.5.13.2)' at 2025-01-28 08:32:39.034480.
2025-03-06 16:39:18,951 - root - INFO - Token Token-471 released from wait queue for 'Tech'
2025-03-06 16:39:18,952 - root - INFO - Token Token-471 waited 28672.65 minutes for resource
2025-03-06 16:39:18,952 - root - INFO - Token Token-471 started task 'Review AM using Asset Change Tracker (5.5.13.1)' at 2025-01-28 08:32:39.034480, scheduled to end at 2025-01-28 08:40:03.555961
2025-03-06 16:39:18,952 - root - INFO - Token Token-69 started task 'Unknown' at 2025-01-28 08:32:39.034480, scheduled to end at 2025-01-28 08:32:39.034480
2025-03-06 16:39:18,953 - root - INFO - Token Token-69 completed task 'Unknown' at 2025-01-28 08:32:39.034480.
2025-03-06 16:39:18,953 - root - INFO - Token Token-69 has completed the entire process at 2025-01-28 08:32:39.034480.
2025-03-06 16:39:18,954 - root - INFO - Token Token-471 completed task 'Review AM using Asset Change Tracker (5.5.13.1)' at 2025-01-28 08:40:03.555961.
2025-03-06 16:39:18,954 - root - INFO - Token Token-472 released from wait queue for 'Tech'
2025-03-06 16:39:18,955 - root - INFO - Token Token-472 waited 28678.06 minutes for resource
2025-03-06 16:39:18,956 - root - INFO - Token Token-472 started task 'Review AM using Asset Change Tracker (5.5.13.1)' at 2025-01-28 08:40:03.555961, scheduled to end at 2025-01-28 08:46:31.550708
2025-03-06 16:39:18,957 - root - INFO - Token Token-471 started task 'Complete /Accurate?' at 2025-01-28 08:40:03.555961, scheduled to end at 2025-01-28 08:40:03.555961
2025-03-06 16:39:18,957 - root - INFO - Token Token-471 completed task 'Complete /Accurate?' at 2025-01-28 08:40:03.555961.
2025-03-06 16:39:18,958 - root - INFO - Token Token-471 waiting for resource 'Tech' at 2025-01-28 08:40:03.555961
2025-03-06 16:39:18,959 - root - INFO - Token Token-472 completed task 'Review AM using Asset Change Tracker (5.5.13.1)' at 2025-01-28 08:46:31.550708.
2025-03-06 16:39:18,974 - root - INFO - Token Token-473 released from wait queue for 'Tech'
2025-03-06 16:39:18,975 - root - INFO - Token Token-473 waited 28682.53 minutes for resource
2025-03-06 16:39:18,975 - root - INFO - Token Token-473 started task 'Review AM using Asset Change Tracker (5.5.13.1)' at 2025-01-28 08:46:31.550708, scheduled to end at 2025-01-28 08:54:39.055663
2025-03-06 16:39:18,975 - root - INFO - Token Token-472 started task 'Complete /Accurate?' at 2025-01-28 08:46:31.550708, scheduled to end at 2025-01-28 08:46:31.550708
2025-03-06 16:39:18,975 - root - INFO - Token Token-472 completed task 'Complete /Accurate?' at 2025-01-28 08:46:31.550708.
2025-03-06 16:39:18,976 - root - INFO - Token Token-472 waiting for resource 'Tech' at 2025-01-28 08:46:31.550708
2025-03-06 16:39:18,976 - root - INFO - Token Token-473 completed task 'Review AM using Asset Change Tracker (5.5.13.1)' at 2025-01-28 08:54:39.055663.
2025-03-06 16:39:18,976 - root - INFO - Token Token-474 released from wait queue for 'Tech'
2025-03-06 16:39:18,976 - root - INFO - Token Token-474 waited 28688.65 minutes for resource
2025-03-06 16:39:18,977 - root - INFO - Token Token-474 started task 'Review AM using Asset Change Tracker (5.5.13.1)' at 2025-01-28 08:54:39.055663, scheduled to end at 2025-01-28 09:02:15.449788
2025-03-06 16:39:18,977 - root - INFO - Token Token-473 started task 'Complete /Accurate?' at 2025-01-28 08:54:39.055663, scheduled to end at 2025-01-28 08:54:39.055663
2025-03-06 16:39:18,977 - root - INFO - Token Token-473 completed task 'Complete /Accurate?' at 2025-01-28 08:54:39.055663.
2025-03-06 16:39:18,977 - root - INFO - Token Token-473 waiting for resource 'Tech' at 2025-01-28 08:54:39.055663
2025-03-06 16:39:18,977 - root - INFO - Token Token-474 completed task 'Review AM using Asset Change Tracker (5.5.13.1)' at 2025-01-28 09:02:15.449788.
2025-03-06 16:39:18,978 - root - INFO - Token Token-70 released from wait queue for 'Tech'
2025-03-06 16:39:18,978 - root - INFO - Token Token-70 waited 28694.39 minutes for resource
2025-03-06 16:39:18,978 - root - INFO - Token Token-70 started task 'Note Accuracy in Asset Change Tracker (5.5.13.2)' at 2025-01-28 09:02:15.449788, scheduled to end at 2025-01-28 09:07:37.260096
2025-03-06 16:39:18,978 - root - INFO - Token Token-474 started task 'Complete /Accurate?' at 2025-01-28 09:02:15.449788, scheduled to end at 2025-01-28 09:02:15.449788
2025-03-06 16:39:18,979 - root - INFO - Token Token-474 completed task 'Complete /Accurate?' at 2025-01-28 09:02:15.449788.
2025-03-06 16:39:18,979 - root - INFO - Token Token-474 waiting for resource 'Tech' at 2025-01-28 09:02:15.449788
2025-03-06 16:39:18,979 - root - INFO - Token Token-70 completed task 'Note Accuracy in Asset Change Tracker (5.5.13.2)' at 2025-01-28 09:07:37.260096.
2025-03-06 16:39:18,979 - root - INFO - Token Token-475 released from wait queue for 'Tech'
2025-03-06 16:39:18,980 - root - INFO - Token Token-475 waited 28699.62 minutes for resource
2025-03-06 16:39:18,980 - root - INFO - Token Token-475 started task 'Review AM using Asset Change Tracker (5.5.13.1)' at 2025-01-28 09:07:37.260096, scheduled to end at 2025-01-28 09:16:13.174803
2025-03-06 16:39:18,980 - root - INFO - Token Token-70 started task 'Unknown' at 2025-01-28 09:07:37.260096, scheduled to end at 2025-01-28 09:07:37.260096
2025-03-06 16:39:18,980 - root - INFO - Token Token-70 completed task 'Unknown' at 2025-01-28 09:07:37.260096.
2025-03-06 16:39:18,981 - root - INFO - Token Token-70 has completed the entire process at 2025-01-28 09:07:37.260096.
2025-03-06 16:39:18,981 - root - INFO - Token Token-475 completed task 'Review AM using Asset Change Tracker (5.5.13.1)' at 2025-01-28 09:16:13.174803.
2025-03-06 16:39:18,982 - root - INFO - Token Token-476 released from wait queue for 'Tech'
2025-03-06 16:39:18,982 - root - INFO - Token Token-476 waited 28706.22 minutes for resource
2025-03-06 16:39:18,982 - root - INFO - Token Token-476 started task 'Review AM using Asset Change Tracker (5.5.13.1)' at 2025-01-28 09:16:13.174803, scheduled to end at 2025-01-28 09:24:57.687263
2025-03-06 16:39:18,983 - root - INFO - Token Token-475 started task 'Complete /Accurate?' at 2025-01-28 09:16:13.174803, scheduled to end at 2025-01-28 09:16:13.174803
2025-03-06 16:39:18,983 - root - INFO - Token Token-475 completed task 'Complete /Accurate?' at 2025-01-28 09:16:13.174803.
2025-03-06 16:39:18,983 - root - INFO - Token Token-475 waiting for resource 'Tech' at 2025-01-28 09:16:13.174803
2025-03-06 16:39:18,983 - root - INFO - Token Token-476 completed task 'Review AM using Asset Change Tracker (5.5.13.1)' at 2025-01-28 09:24:57.687263.
2025-03-06 16:39:18,984 - root - INFO - Token Token-477 released from wait queue for 'Tech'
2025-03-06 16:39:18,984 - root - INFO - Token Token-477 waited 28712.96 minutes for resource
2025-03-06 16:39:18,984 - root - INFO - Token Token-477 started task 'Review AM using Asset Change Tracker (5.5.13.1)' at 2025-01-28 09:24:57.687263, scheduled to end at 2025-01-28 09:32:50.550777
2025-03-06 16:39:18,984 - root - INFO - Token Token-476 started task 'Complete /Accurate?' at 2025-01-28 09:24:57.687263, scheduled to end at 2025-01-28 09:24:57.687263
2025-03-06 16:39:18,985 - root - INFO - Token Token-476 completed task 'Complete /Accurate?' at 2025-01-28 09:24:57.687263.
2025-03-06 16:39:18,985 - root - INFO - Token Token-476 waiting for resource 'Tech' at 2025-01-28 09:24:57.687263
2025-03-06 16:39:18,985 - root - INFO - Token Token-477 completed task 'Review AM using Asset Change Tracker (5.5.13.1)' at 2025-01-28 09:32:50.550777.
2025-03-06 16:39:18,985 - root - INFO - Token Token-478 released from wait queue for 'Tech'
2025-03-06 16:39:18,985 - root - INFO - Token Token-478 waited 28718.84 minutes for resource
2025-03-06 16:39:18,986 - root - INFO - Token Token-478 started task 'Review AM using Asset Change Tracker (5.5.13.1)' at 2025-01-28 09:32:50.550777, scheduled to end at 2025-01-28 09:41:50.873611
2025-03-06 16:39:18,986 - root - INFO - Token Token-477 started task 'Complete /Accurate?' at 2025-01-28 09:32:50.550777, scheduled to end at 2025-01-28 09:32:50.550777
2025-03-06 16:39:18,986 - root - INFO - Token Token-477 completed task 'Complete /Accurate?' at 2025-01-28 09:32:50.550777.
2025-03-06 16:39:18,986 - root - INFO - Token Token-477 waiting for resource 'Tech' at 2025-01-28 09:32:50.550777
2025-03-06 16:39:18,987 - root - INFO - Token Token-478 completed task 'Review AM using Asset Change Tracker (5.5.13.1)' at 2025-01-28 09:41:50.873611.
2025-03-06 16:39:18,987 - root - INFO - Token Token-71 released from wait queue for 'Tech'
2025-03-06 16:39:18,987 - root - INFO - Token Token-71 waited 28726.70 minutes for resource
2025-03-06 16:39:18,987 - root - INFO - Token Token-71 started task 'Note Accuracy in Asset Change Tracker (5.5.13.2)' at 2025-01-28 09:41:50.873611, scheduled to end at 2025-01-28 09:45:27.312538
2025-03-06 16:39:18,988 - root - INFO - Token Token-478 started task 'Complete /Accurate?' at 2025-01-28 09:41:50.873611, scheduled to end at 2025-01-28 09:41:50.873611
2025-03-06 16:39:18,988 - root - INFO - Token Token-478 completed task 'Complete /Accurate?' at 2025-01-28 09:41:50.873611.
2025-03-06 16:39:18,989 - root - INFO - Token Token-478 waiting for resource 'Tech' at 2025-01-28 09:41:50.873611
2025-03-06 16:39:18,990 - root - INFO - Token Token-71 completed task 'Note Accuracy in Asset Change Tracker (5.5.13.2)' at 2025-01-28 09:45:27.312538.
2025-03-06 16:39:18,990 - root - INFO - Token Token-479 released from wait queue for 'Tech'
2025-03-06 16:39:18,990 - root - INFO - Token Token-479 waited 28729.46 minutes for resource
2025-03-06 16:39:18,991 - root - INFO - Token Token-479 started task 'Review AM using Asset Change Tracker (5.5.13.1)' at 2025-01-28 09:45:27.312538, scheduled to end at 2025-01-28 09:53:59.337117
2025-03-06 16:39:18,991 - root - INFO - Token Token-71 started task 'Unknown' at 2025-01-28 09:45:27.312538, scheduled to end at 2025-01-28 09:45:27.312538
2025-03-06 16:39:18,992 - root - INFO - Token Token-71 completed task 'Unknown' at 2025-01-28 09:45:27.312538.
2025-03-06 16:39:18,992 - root - INFO - Token Token-71 has completed the entire process at 2025-01-28 09:45:27.312538.
2025-03-06 16:39:18,993 - root - INFO - Token Token-479 completed task 'Review AM using Asset Change Tracker (5.5.13.1)' at 2025-01-28 09:53:59.337117.
2025-03-06 16:39:18,993 - root - INFO - Token Token-480 released from wait queue for 'Tech'
2025-03-06 16:39:18,993 - root - INFO - Token Token-480 waited 28735.99 minutes for resource
2025-03-06 16:39:18,994 - root - INFO - Token Token-480 started task 'Review AM using Asset Change Tracker (5.5.13.1)' at 2025-01-28 09:53:59.337117, scheduled to end at 2025-01-28 10:02:17.870036
2025-03-06 16:39:18,994 - root - INFO - Token Token-479 started task 'Complete /Accurate?' at 2025-01-28 09:53:59.337117, scheduled to end at 2025-01-28 09:53:59.337117
2025-03-06 16:39:18,994 - root - INFO - Token Token-479 completed task 'Complete /Accurate?' at 2025-01-28 09:53:59.337117.
2025-03-06 16:39:18,995 - root - INFO - Token Token-479 waiting for resource 'Tech' at 2025-01-28 09:53:59.337117
2025-03-06 16:39:18,995 - root - INFO - Token Token-480 completed task 'Review AM using Asset Change Tracker (5.5.13.1)' at 2025-01-28 10:02:17.870036.
2025-03-06 16:39:18,996 - root - INFO - Token Token-481 released from wait queue for 'Tech'
2025-03-06 16:39:18,996 - root - INFO - Token Token-481 waited 28742.30 minutes for resource
2025-03-06 16:39:18,996 - root - INFO - Token Token-481 started task 'Review AM using Asset Change Tracker (5.5.13.1)' at 2025-01-28 10:02:17.870036, scheduled to end at 2025-01-28 10:11:17.023388
2025-03-06 16:39:18,997 - root - INFO - Token Token-480 started task 'Complete /Accurate?' at 2025-01-28 10:02:17.870036, scheduled to end at 2025-01-28 10:02:17.870036
2025-03-06 16:39:18,997 - root - INFO - Token Token-480 completed task 'Complete /Accurate?' at 2025-01-28 10:02:17.870036.
2025-03-06 16:39:18,998 - root - INFO - Token Token-480 waiting for resource 'Tech' at 2025-01-28 10:02:17.870036
2025-03-06 16:39:18,998 - root - INFO - Token Token-481 completed task 'Review AM using Asset Change Tracker (5.5.13.1)' at 2025-01-28 10:11:17.023388.
2025-03-06 16:39:18,998 - root - INFO - Token Token-72 released from wait queue for 'Tech'
2025-03-06 16:39:18,999 - root - INFO - Token Token-72 waited 28749.97 minutes for resource
2025-03-06 16:39:18,999 - root - INFO - Token Token-72 started task 'Note Accuracy in Asset Change Tracker (5.5.13.2)' at 2025-01-28 10:11:17.023388, scheduled to end at 2025-01-28 10:17:58.875596
2025-03-06 16:39:19,000 - root - INFO - Token Token-481 started task 'Complete /Accurate?' at 2025-01-28 10:11:17.023388, scheduled to end at 2025-01-28 10:11:17.023388
2025-03-06 16:39:19,000 - root - INFO - Token Token-481 completed task 'Complete /Accurate?' at 2025-01-28 10:11:17.023388.
2025-03-06 16:39:19,002 - root - INFO - Token Token-481 waiting for resource 'Tech' at 2025-01-28 10:11:17.023388
2025-03-06 16:39:19,003 - root - INFO - Token Token-72 completed task 'Note Accuracy in Asset Change Tracker (5.5.13.2)' at 2025-01-28 10:17:58.875596.
2025-03-06 16:39:19,018 - root - INFO - Token Token-482 released from wait queue for 'Tech'
2025-03-06 16:39:19,018 - root - INFO - Token Token-482 waited 28755.98 minutes for resource
2025-03-06 16:39:19,021 - root - INFO - Token Token-482 started task 'Review AM using Asset Change Tracker (5.5.13.1)' at 2025-01-28 10:17:58.875596, scheduled to end at 2025-01-28 10:27:25.662779
2025-03-06 16:39:19,022 - root - INFO - Token Token-72 started task 'Unknown' at 2025-01-28 10:17:58.875596, scheduled to end at 2025-01-28 10:17:58.875596
2025-03-06 16:39:19,022 - root - INFO - Token Token-72 completed task 'Unknown' at 2025-01-28 10:17:58.875596.
2025-03-06 16:39:19,022 - root - INFO - Token Token-72 has completed the entire process at 2025-01-28 10:17:58.875596.
2025-03-06 16:39:19,022 - root - INFO - Token Token-482 completed task 'Review AM using Asset Change Tracker (5.5.13.1)' at 2025-01-28 10:27:25.662779.
2025-03-06 16:39:19,022 - root - INFO - Token Token-483 released from wait queue for 'Tech'
2025-03-06 16:39:19,022 - root - INFO - Token Token-483 waited 28763.43 minutes for resource
2025-03-06 16:39:19,022 - root - INFO - Token Token-483 started task 'Review AM using Asset Change Tracker (5.5.13.1)' at 2025-01-28 10:27:25.662779, scheduled to end at 2025-01-28 10:33:17.075965
2025-03-06 16:39:19,023 - root - INFO - Token Token-482 started task 'Complete /Accurate?' at 2025-01-28 10:27:25.662779, scheduled to end at 2025-01-28 10:27:25.662779
2025-03-06 16:39:19,023 - root - INFO - Token Token-482 completed task 'Complete /Accurate?' at 2025-01-28 10:27:25.662779.
2025-03-06 16:39:19,023 - root - INFO - Token Token-482 waiting for resource 'Tech' at 2025-01-28 10:27:25.662779
2025-03-06 16:39:19,023 - root - INFO - Token Token-483 completed task 'Review AM using Asset Change Tracker (5.5.13.1)' at 2025-01-28 10:33:17.075965.
2025-03-06 16:39:19,024 - root - INFO - Token Token-484 released from wait queue for 'Tech'
2025-03-06 16:39:19,024 - root - INFO - Token Token-484 waited 28767.28 minutes for resource
2025-03-06 16:39:19,024 - root - INFO - Token Token-484 started task 'Review AM using Asset Change Tracker (5.5.13.1)' at 2025-01-28 10:33:17.075965, scheduled to end at 2025-01-28 10:41:21.770901
2025-03-06 16:39:19,024 - root - INFO - Token Token-483 started task 'Complete /Accurate?' at 2025-01-28 10:33:17.075965, scheduled to end at 2025-01-28 10:33:17.075965
2025-03-06 16:39:19,025 - root - INFO - Token Token-483 completed task 'Complete /Accurate?' at 2025-01-28 10:33:17.075965.
2025-03-06 16:39:19,025 - root - INFO - Token Token-483 waiting for resource 'Tech' at 2025-01-28 10:33:17.075965
2025-03-06 16:39:19,025 - root - INFO - Token Token-484 completed task 'Review AM using Asset Change Tracker (5.5.13.1)' at 2025-01-28 10:41:21.770901.
2025-03-06 16:39:19,025 - root - INFO - Token Token-485 released from wait queue for 'Tech'
2025-03-06 16:39:19,026 - root - INFO - Token Token-485 waited 28773.36 minutes for resource
2025-03-06 16:39:19,026 - root - INFO - Token Token-485 started task 'Review AM using Asset Change Tracker (5.5.13.1)' at 2025-01-28 10:41:21.770901, scheduled to end at 2025-01-28 10:48:11.951822
2025-03-06 16:39:19,026 - root - INFO - Token Token-484 started task 'Complete /Accurate?' at 2025-01-28 10:41:21.770901, scheduled to end at 2025-01-28 10:41:21.770901
2025-03-06 16:39:19,026 - root - INFO - Token Token-484 completed task 'Complete /Accurate?' at 2025-01-28 10:41:21.770901.
2025-03-06 16:39:19,027 - root - INFO - Token Token-484 waiting for resource 'Tech' at 2025-01-28 10:41:21.770901
2025-03-06 16:39:19,027 - root - INFO - Token Token-485 completed task 'Review AM using Asset Change Tracker (5.5.13.1)' at 2025-01-28 10:48:11.951822.
2025-03-06 16:39:19,028 - root - INFO - Token Token-486 released from wait queue for 'Tech'
2025-03-06 16:39:19,028 - root - INFO - Token Token-486 waited 28778.20 minutes for resource
2025-03-06 16:39:19,028 - root - INFO - Token Token-486 started task 'Review AM using Asset Change Tracker (5.5.13.1)' at 2025-01-28 10:48:11.951822, scheduled to end at 2025-01-28 10:54:58.767068
2025-03-06 16:39:19,028 - root - INFO - Token Token-485 started task 'Complete /Accurate?' at 2025-01-28 10:48:11.951822, scheduled to end at 2025-01-28 10:48:11.951822
2025-03-06 16:39:19,029 - root - INFO - Token Token-485 completed task 'Complete /Accurate?' at 2025-01-28 10:48:11.951822.
2025-03-06 16:39:19,029 - root - INFO - Token Token-485 waiting for resource 'Tech' at 2025-01-28 10:48:11.951822
2025-03-06 16:39:19,029 - root - INFO - Token Token-486 completed task 'Review AM using Asset Change Tracker (5.5.13.1)' at 2025-01-28 10:54:58.767068.
2025-03-06 16:39:19,029 - root - INFO - Token Token-73 released from wait queue for 'Tech'
2025-03-06 16:39:19,030 - root - INFO - Token Token-73 waited 28784.78 minutes for resource
2025-03-06 16:39:19,030 - root - INFO - Token Token-73 started task 'Note Accuracy in Asset Change Tracker (5.5.13.2)' at 2025-01-28 10:54:58.767068, scheduled to end at 2025-01-28 11:01:31.869122
2025-03-06 16:39:19,030 - root - INFO - Token Token-486 started task 'Complete /Accurate?' at 2025-01-28 10:54:58.767068, scheduled to end at 2025-01-28 10:54:58.767068
2025-03-06 16:39:19,030 - root - INFO - Token Token-486 completed task 'Complete /Accurate?' at 2025-01-28 10:54:58.767068.
2025-03-06 16:39:19,031 - root - INFO - Token Token-486 waiting for resource 'Tech' at 2025-01-28 10:54:58.767068
2025-03-06 16:39:19,031 - root - INFO - Token Token-73 completed task 'Note Accuracy in Asset Change Tracker (5.5.13.2)' at 2025-01-28 11:01:31.869122.
2025-03-06 16:39:19,031 - root - INFO - Token Token-487 released from wait queue for 'Tech'
2025-03-06 16:39:19,031 - root - INFO - Token Token-487 waited 28789.53 minutes for resource
2025-03-06 16:39:19,032 - root - INFO - Token Token-487 started task 'Review AM using Asset Change Tracker (5.5.13.1)' at 2025-01-28 11:01:31.869122, scheduled to end at 2025-01-28 11:10:49.100059
2025-03-06 16:39:19,032 - root - INFO - Token Token-73 started task 'Unknown' at 2025-01-28 11:01:31.869122, scheduled to end at 2025-01-28 11:01:31.869122
2025-03-06 16:39:19,032 - root - INFO - Token Token-73 completed task 'Unknown' at 2025-01-28 11:01:31.869122.
2025-03-06 16:39:19,032 - root - INFO - Token Token-73 has completed the entire process at 2025-01-28 11:01:31.869122.
2025-03-06 16:39:19,033 - root - INFO - Token Token-487 completed task 'Review AM using Asset Change Tracker (5.5.13.1)' at 2025-01-28 11:10:49.100059.
2025-03-06 16:39:19,033 - root - INFO - Token Token-488 released from wait queue for 'Tech'
2025-03-06 16:39:19,035 - root - INFO - Token Token-488 waited 28796.82 minutes for resource
2025-03-06 16:39:19,035 - root - INFO - Token Token-488 started task 'Review AM using Asset Change Tracker (5.5.13.1)' at 2025-01-28 11:10:49.100059, scheduled to end at 2025-01-28 11:18:33.279078
2025-03-06 16:39:19,035 - root - INFO - Token Token-487 started task 'Complete /Accurate?' at 2025-01-28 11:10:49.100059, scheduled to end at 2025-01-28 11:10:49.100059
2025-03-06 16:39:19,036 - root - INFO - Token Token-487 completed task 'Complete /Accurate?' at 2025-01-28 11:10:49.100059.
2025-03-06 16:39:19,036 - root - INFO - Token Token-487 waiting for resource 'Tech' at 2025-01-28 11:10:49.100059
2025-03-06 16:39:19,037 - root - INFO - Token Token-488 completed task 'Review AM using Asset Change Tracker (5.5.13.1)' at 2025-01-28 11:18:33.279078.
2025-03-06 16:39:19,037 - root - INFO - Token Token-489 released from wait queue for 'Tech'
2025-03-06 16:39:19,037 - root - INFO - Token Token-489 waited 28802.55 minutes for resource
2025-03-06 16:39:19,038 - root - INFO - Token Token-489 started task 'Review AM using Asset Change Tracker (5.5.13.1)' at 2025-01-28 11:18:33.279078, scheduled to end at 2025-01-28 11:24:53.760929
2025-03-06 16:39:19,038 - root - INFO - Token Token-488 started task 'Complete /Accurate?' at 2025-01-28 11:18:33.279078, scheduled to end at 2025-01-28 11:18:33.279078
2025-03-06 16:39:19,039 - root - INFO - Token Token-488 completed task 'Complete /Accurate?' at 2025-01-28 11:18:33.279078.
2025-03-06 16:39:19,039 - root - INFO - Token Token-488 waiting for resource 'Tech' at 2025-01-28 11:18:33.279078
2025-03-06 16:39:19,040 - root - INFO - Token Token-489 completed task 'Review AM using Asset Change Tracker (5.5.13.1)' at 2025-01-28 11:24:53.760929.
2025-03-06 16:39:19,040 - root - INFO - Token Token-74 released from wait queue for 'Tech'
2025-03-06 16:39:19,040 - root - INFO - Token Token-74 waited 28807.24 minutes for resource
2025-03-06 16:39:19,041 - root - INFO - Token Token-74 started task 'Work with REO RPO to Correct (5.5.13.3)' at 2025-01-28 11:24:53.760929, scheduled to end at 2025-01-29 07:00:00
2025-03-06 16:39:19,041 - root - INFO - Token Token-489 started task 'Complete /Accurate?' at 2025-01-28 11:24:53.760929, scheduled to end at 2025-01-28 11:24:53.760929
2025-03-06 16:39:19,041 - root - INFO - Token Token-489 completed task 'Complete /Accurate?' at 2025-01-28 11:24:53.760929.
2025-03-06 16:39:19,042 - root - INFO - Token Token-489 waiting for resource 'Tech' at 2025-01-28 11:24:53.760929
2025-03-06 16:39:19,042 - root - INFO - Token Token-74 completed task 'Work with REO RPO to Correct (5.5.13.3)' at 2025-01-29 07:00:00.
2025-03-06 16:39:19,043 - root - INFO - Token Token-490 released from wait queue for 'Tech'
2025-03-06 16:39:19,043 - root - INFO - Token Token-490 waited 29982.00 minutes for resource
2025-03-06 16:39:19,043 - root - INFO - Token Token-490 started task 'Review AM using Asset Change Tracker (5.5.13.1)' at 2025-01-29 07:00:00, scheduled to end at 2025-01-29 07:07:02.356141
2025-03-06 16:39:19,044 - root - INFO - Token Token-74 started task 'Create Journal Entries?' at 2025-01-29 07:00:00, scheduled to end at 2025-01-29 07:00:00
2025-03-06 16:39:19,044 - root - INFO - Token Token-74 completed task 'Create Journal Entries?' at 2025-01-29 07:00:00.
2025-03-06 16:39:19,045 - root - INFO - Token Token-74 waiting for resource 'Tech' at 2025-01-29 07:00:00
2025-03-06 16:39:19,045 - root - INFO - Token Token-490 completed task 'Review AM using Asset Change Tracker (5.5.13.1)' at 2025-01-29 07:07:02.356141.
2025-03-06 16:39:19,045 - root - INFO - Token Token-491 released from wait queue for 'Tech'
2025-03-06 16:39:19,046 - root - INFO - Token Token-491 waited 29987.04 minutes for resource
2025-03-06 16:39:19,046 - root - INFO - Token Token-491 started task 'Review AM using Asset Change Tracker (5.5.13.1)' at 2025-01-29 07:07:02.356141, scheduled to end at 2025-01-29 07:15:11.032901
2025-03-06 16:39:19,047 - root - INFO - Token Token-490 started task 'Complete /Accurate?' at 2025-01-29 07:07:02.356141, scheduled to end at 2025-01-29 07:07:02.356141
2025-03-06 16:39:19,047 - root - INFO - Token Token-490 completed task 'Complete /Accurate?' at 2025-01-29 07:07:02.356141.
2025-03-06 16:39:19,049 - root - INFO - Token Token-490 waiting for resource 'Tech' at 2025-01-29 07:07:02.356141
2025-03-06 16:39:19,049 - root - INFO - Token Token-491 completed task 'Review AM using Asset Change Tracker (5.5.13.1)' at 2025-01-29 07:15:11.032901.
2025-03-06 16:39:19,049 - root - INFO - Token Token-492 released from wait queue for 'Tech'
2025-03-06 16:39:19,049 - root - INFO - Token Token-492 waited 29993.18 minutes for resource
2025-03-06 16:39:19,050 - root - INFO - Token Token-492 started task 'Review AM using Asset Change Tracker (5.5.13.1)' at 2025-01-29 07:15:11.032901, scheduled to end at 2025-01-29 07:23:49.341840
2025-03-06 16:39:19,050 - root - INFO - Token Token-491 started task 'Complete /Accurate?' at 2025-01-29 07:15:11.032901, scheduled to end at 2025-01-29 07:15:11.032901
2025-03-06 16:39:19,051 - root - INFO - Token Token-491 completed task 'Complete /Accurate?' at 2025-01-29 07:15:11.032901.
2025-03-06 16:39:19,051 - root - INFO - Token Token-491 waiting for resource 'Tech' at 2025-01-29 07:15:11.032901
2025-03-06 16:39:19,052 - root - INFO - Token Token-492 completed task 'Review AM using Asset Change Tracker (5.5.13.1)' at 2025-01-29 07:23:49.341840.
2025-03-06 16:39:19,052 - root - INFO - Token Token-493 released from wait queue for 'Tech'
2025-03-06 16:39:19,052 - root - INFO - Token Token-493 waited 29999.82 minutes for resource
2025-03-06 16:39:19,053 - root - INFO - Token Token-493 started task 'Review AM using Asset Change Tracker (5.5.13.1)' at 2025-01-29 07:23:49.341840, scheduled to end at 2025-01-29 07:31:45.456365
2025-03-06 16:39:19,053 - root - INFO - Token Token-492 started task 'Complete /Accurate?' at 2025-01-29 07:23:49.341840, scheduled to end at 2025-01-29 07:23:49.341840
2025-03-06 16:39:19,054 - root - INFO - Token Token-492 completed task 'Complete /Accurate?' at 2025-01-29 07:23:49.341840.
2025-03-06 16:39:19,055 - root - INFO - Token Token-492 waiting for resource 'Tech' at 2025-01-29 07:23:49.341840
2025-03-06 16:39:19,070 - root - INFO - Token Token-493 completed task 'Review AM using Asset Change Tracker (5.5.13.1)' at 2025-01-29 07:31:45.456365.
2025-03-06 16:39:19,070 - root - INFO - Token Token-75 released from wait queue for 'Tech'
2025-03-06 16:39:19,071 - root - INFO - Token Token-75 waited 30007.42 minutes for resource
2025-03-06 16:39:19,071 - root - INFO - Token Token-75 started task 'Work with REO RPO to Correct (5.5.13.3)' at 2025-01-29 07:31:45.456365, scheduled to end at 2025-01-29 09:31:51.400310
2025-03-06 16:39:19,071 - root - INFO - Token Token-493 started task 'Complete /Accurate?' at 2025-01-29 07:31:45.456365, scheduled to end at 2025-01-29 07:31:45.456365
2025-03-06 16:39:19,072 - root - INFO - Token Token-493 completed task 'Complete /Accurate?' at 2025-01-29 07:31:45.456365.
2025-03-06 16:39:19,072 - root - INFO - Token Token-493 waiting for resource 'Tech' at 2025-01-29 07:31:45.456365
2025-03-06 16:39:19,072 - root - INFO - Token Token-75 completed task 'Work with REO RPO to Correct (5.5.13.3)' at 2025-01-29 09:31:51.400310.
2025-03-06 16:39:19,072 - root - INFO - Token Token-494 released from wait queue for 'Tech'
2025-03-06 16:39:19,072 - root - INFO - Token Token-494 waited 30125.86 minutes for resource
2025-03-06 16:39:19,073 - root - INFO - Token Token-494 started task 'Review AM using Asset Change Tracker (5.5.13.1)' at 2025-01-29 09:31:51.400310, scheduled to end at 2025-01-29 09:40:51.679889
2025-03-06 16:39:19,073 - root - INFO - Token Token-75 started task 'Create Journal Entries?' at 2025-01-29 09:31:51.400310, scheduled to end at 2025-01-29 09:31:51.400310
2025-03-06 16:39:19,073 - root - INFO - Token Token-75 completed task 'Create Journal Entries?' at 2025-01-29 09:31:51.400310.
2025-03-06 16:39:19,073 - root - INFO - Token Token-75 started task 'Inclusive Path 3' at 2025-01-29 09:31:51.400310, scheduled to end at 2025-01-29 09:33:02.129422
2025-03-06 16:39:19,074 - root - INFO - Token Token-75 completed task 'Inclusive Path 3' at 2025-01-29 09:33:02.129422.
2025-03-06 16:39:19,074 - root - INFO - Token Token-75 started task 'Unknown' at 2025-01-29 09:33:02.129422, scheduled to end at 2025-01-29 09:33:02.129422
2025-03-06 16:39:19,074 - root - INFO - Token Token-75 completed task 'Unknown' at 2025-01-29 09:33:02.129422.
2025-03-06 16:39:19,074 - root - INFO - Token Token-75 has completed the entire process at 2025-01-29 09:33:02.129422.
2025-03-06 16:39:19,075 - root - INFO - Token Token-494 completed task 'Review AM using Asset Change Tracker (5.5.13.1)' at 2025-01-29 09:40:51.679889.
2025-03-06 16:39:19,075 - root - INFO - Token Token-495 released from wait queue for 'Tech'
2025-03-06 16:39:19,075 - root - INFO - Token Token-495 waited 30132.86 minutes for resource
2025-03-06 16:39:19,075 - root - INFO - Token Token-495 started task 'Review AM using Asset Change Tracker (5.5.13.1)' at 2025-01-29 09:40:51.679889, scheduled to end at 2025-01-29 09:50:12.833176
2025-03-06 16:39:19,075 - root - INFO - Token Token-494 started task 'Complete /Accurate?' at 2025-01-29 09:40:51.679889, scheduled to end at 2025-01-29 09:40:51.679889
2025-03-06 16:39:19,076 - root - INFO - Token Token-494 completed task 'Complete /Accurate?' at 2025-01-29 09:40:51.679889.
2025-03-06 16:39:19,076 - root - INFO - Token Token-494 waiting for resource 'Tech' at 2025-01-29 09:40:51.679889
2025-03-06 16:39:19,076 - root - INFO - Token Token-495 completed task 'Review AM using Asset Change Tracker (5.5.13.1)' at 2025-01-29 09:50:12.833176.
2025-03-06 16:39:19,076 - root - INFO - Token Token-496 released from wait queue for 'Tech'
2025-03-06 16:39:19,077 - root - INFO - Token Token-496 waited 30140.21 minutes for resource
2025-03-06 16:39:19,077 - root - INFO - Token Token-496 started task 'Review AM using Asset Change Tracker (5.5.13.1)' at 2025-01-29 09:50:12.833176, scheduled to end at 2025-01-29 09:58:44.257965
2025-03-06 16:39:19,078 - root - INFO - Token Token-495 started task 'Complete /Accurate?' at 2025-01-29 09:50:12.833176, scheduled to end at 2025-01-29 09:50:12.833176
2025-03-06 16:39:19,078 - root - INFO - Token Token-495 completed task 'Complete /Accurate?' at 2025-01-29 09:50:12.833176.
2025-03-06 16:39:19,078 - root - INFO - Token Token-495 waiting for resource 'Tech' at 2025-01-29 09:50:12.833176
2025-03-06 16:39:19,079 - root - INFO - Token Token-496 completed task 'Review AM using Asset Change Tracker (5.5.13.1)' at 2025-01-29 09:58:44.257965.
2025-03-06 16:39:19,079 - root - INFO - Token Token-497 released from wait queue for 'Tech'
2025-03-06 16:39:19,079 - root - INFO - Token Token-497 waited 30146.74 minutes for resource
2025-03-06 16:39:19,079 - root - INFO - Token Token-497 started task 'Review AM using Asset Change Tracker (5.5.13.1)' at 2025-01-29 09:58:44.257965, scheduled to end at 2025-01-29 10:05:46.906619
2025-03-06 16:39:19,080 - root - INFO - Token Token-496 started task 'Complete /Accurate?' at 2025-01-29 09:58:44.257965, scheduled to end at 2025-01-29 09:58:44.257965
2025-03-06 16:39:19,080 - root - INFO - Token Token-496 completed task 'Complete /Accurate?' at 2025-01-29 09:58:44.257965.
2025-03-06 16:39:19,080 - root - INFO - Token Token-496 waiting for resource 'Tech' at 2025-01-29 09:58:44.257965
2025-03-06 16:39:19,081 - root - INFO - Token Token-497 completed task 'Review AM using Asset Change Tracker (5.5.13.1)' at 2025-01-29 10:05:46.906619.
2025-03-06 16:39:19,081 - root - INFO - Token Token-76 released from wait queue for 'Tech'
2025-03-06 16:39:19,081 - root - INFO - Token Token-76 waited 30152.99 minutes for resource
2025-03-06 16:39:19,081 - root - INFO - Token Token-76 started task 'Note Accuracy in Asset Change Tracker (5.5.13.2)' at 2025-01-29 10:05:46.906619, scheduled to end at 2025-01-29 10:11:16.224789
2025-03-06 16:39:19,082 - root - INFO - Token Token-497 started task 'Complete /Accurate?' at 2025-01-29 10:05:46.906619, scheduled to end at 2025-01-29 10:05:46.906619
2025-03-06 16:39:19,082 - root - INFO - Token Token-497 completed task 'Complete /Accurate?' at 2025-01-29 10:05:46.906619.
2025-03-06 16:39:19,083 - root - INFO - Token Token-497 waiting for resource 'Tech' at 2025-01-29 10:05:46.906619
2025-03-06 16:39:19,083 - root - INFO - Token Token-76 completed task 'Note Accuracy in Asset Change Tracker (5.5.13.2)' at 2025-01-29 10:11:16.224789.
2025-03-06 16:39:19,084 - root - INFO - Token Token-498 released from wait queue for 'Tech'
2025-03-06 16:39:19,084 - root - INFO - Token Token-498 waited 30157.27 minutes for resource
2025-03-06 16:39:19,084 - root - INFO - Token Token-498 started task 'Review AM using Asset Change Tracker (5.5.13.1)' at 2025-01-29 10:11:16.224789, scheduled to end at 2025-01-29 10:17:11.707528
2025-03-06 16:39:19,085 - root - INFO - Token Token-76 started task 'Unknown' at 2025-01-29 10:11:16.224789, scheduled to end at 2025-01-29 10:11:16.224789
2025-03-06 16:39:19,085 - root - INFO - Token Token-76 completed task 'Unknown' at 2025-01-29 10:11:16.224789.
2025-03-06 16:39:19,086 - root - INFO - Token Token-76 has completed the entire process at 2025-01-29 10:11:16.224789.
2025-03-06 16:39:19,086 - root - INFO - Token Token-498 completed task 'Review AM using Asset Change Tracker (5.5.13.1)' at 2025-01-29 10:17:11.707528.
2025-03-06 16:39:19,086 - root - INFO - Token Token-499 released from wait queue for 'Tech'
2025-03-06 16:39:19,087 - root - INFO - Token Token-499 waited 30161.20 minutes for resource
2025-03-06 16:39:19,087 - root - INFO - Token Token-499 started task 'Review AM using Asset Change Tracker (5.5.13.1)' at 2025-01-29 10:17:11.707528, scheduled to end at 2025-01-29 10:25:32.005757
2025-03-06 16:39:19,087 - root - INFO - Token Token-498 started task 'Complete /Accurate?' at 2025-01-29 10:17:11.707528, scheduled to end at 2025-01-29 10:17:11.707528
2025-03-06 16:39:19,088 - root - INFO - Token Token-498 completed task 'Complete /Accurate?' at 2025-01-29 10:17:11.707528.
2025-03-06 16:39:19,088 - root - INFO - Token Token-498 waiting for resource 'Tech' at 2025-01-29 10:17:11.707528
2025-03-06 16:39:19,089 - root - INFO - Token Token-499 completed task 'Review AM using Asset Change Tracker (5.5.13.1)' at 2025-01-29 10:25:32.005757.
2025-03-06 16:39:19,089 - root - INFO - Token Token-500 released from wait queue for 'Tech'
2025-03-06 16:39:19,089 - root - INFO - Token Token-500 waited 30167.53 minutes for resource
2025-03-06 16:39:19,090 - root - INFO - Token Token-500 started task 'Review AM using Asset Change Tracker (5.5.13.1)' at 2025-01-29 10:25:32.005757, scheduled to end at 2025-01-29 10:34:40.708702
2025-03-06 16:39:19,090 - root - INFO - Token Token-499 started task 'Complete /Accurate?' at 2025-01-29 10:25:32.005757, scheduled to end at 2025-01-29 10:25:32.005757
2025-03-06 16:39:19,091 - root - INFO - Token Token-499 completed task 'Complete /Accurate?' at 2025-01-29 10:25:32.005757.
2025-03-06 16:39:19,091 - root - INFO - Token Token-499 waiting for resource 'Tech' at 2025-01-29 10:25:32.005757
2025-03-06 16:39:19,091 - root - INFO - Token Token-500 completed task 'Review AM using Asset Change Tracker (5.5.13.1)' at 2025-01-29 10:34:40.708702.
2025-03-06 16:39:19,092 - root - INFO - Token Token-77 released from wait queue for 'Tech'
2025-03-06 16:39:19,092 - root - INFO - Token Token-77 waited 30172.52 minutes for resource
2025-03-06 16:39:19,092 - root - INFO - Token Token-77 started task 'Note Accuracy in Asset Change Tracker (5.5.13.2)' at 2025-01-29 10:34:40.708702, scheduled to end at 2025-01-29 10:41:17.008429
2025-03-06 16:39:19,093 - root - INFO - Token Token-500 started task 'Complete /Accurate?' at 2025-01-29 10:34:40.708702, scheduled to end at 2025-01-29 10:34:40.708702
2025-03-06 16:39:19,093 - root - INFO - Token Token-500 completed task 'Complete /Accurate?' at 2025-01-29 10:34:40.708702.
2025-03-06 16:39:19,093 - root - INFO - Token Token-500 waiting for resource 'Tech' at 2025-01-29 10:34:40.708702
2025-03-06 16:39:19,094 - root - INFO - Token Token-77 completed task 'Note Accuracy in Asset Change Tracker (5.5.13.2)' at 2025-01-29 10:41:17.008429.
2025-03-06 16:39:19,094 - root - INFO - Token Token-78 released from wait queue for 'Tech'
2025-03-06 16:39:19,095 - root - INFO - Token Token-78 waited 30172.90 minutes for resource
2025-03-06 16:39:19,095 - root - INFO - Token Token-78 started task 'Note Accuracy in Asset Change Tracker (5.5.13.2)' at 2025-01-29 10:41:17.008429, scheduled to end at 2025-01-29 10:46:18.618576
2025-03-06 16:39:19,095 - root - INFO - Token Token-77 started task 'Unknown' at 2025-01-29 10:41:17.008429, scheduled to end at 2025-01-29 10:41:17.008429
2025-03-06 16:39:19,096 - root - INFO - Token Token-77 completed task 'Unknown' at 2025-01-29 10:41:17.008429.
2025-03-06 16:39:19,097 - root - INFO - Token Token-77 has completed the entire process at 2025-01-29 10:41:17.008429.
2025-03-06 16:39:19,098 - root - INFO - Token Token-78 completed task 'Note Accuracy in Asset Change Tracker (5.5.13.2)' at 2025-01-29 10:46:18.618576.
2025-03-06 16:39:19,098 - root - INFO - Token Token-79 released from wait queue for 'Tech'
2025-03-06 16:39:19,099 - root - INFO - Token Token-79 waited 30168.91 minutes for resource
2025-03-06 16:39:19,117 - root - INFO - Token Token-79 started task 'Work with REO RPO to Correct (5.5.13.3)' at 2025-01-29 10:46:18.618576, scheduled to end at 2025-01-30 07:00:00
2025-03-06 16:39:19,118 - root - INFO - Token Token-78 started task 'Unknown' at 2025-01-29 10:46:18.618576, scheduled to end at 2025-01-29 10:46:18.618576
2025-03-06 16:39:19,118 - root - INFO - Token Token-78 completed task 'Unknown' at 2025-01-29 10:46:18.618576.
2025-03-06 16:39:19,118 - root - INFO - Token Token-78 has completed the entire process at 2025-01-29 10:46:18.618576.
2025-03-06 16:39:19,118 - root - INFO - Token Token-79 completed task 'Work with REO RPO to Correct (5.5.13.3)' at 2025-01-30 07:00:00.
2025-03-06 16:39:19,119 - root - INFO - Token Token-80 released from wait queue for 'Tech'
2025-03-06 16:39:19,119 - root - INFO - Token Token-80 waited 31373.21 minutes for resource
2025-03-06 16:39:19,119 - root - INFO - Token Token-80 started task 'Note Accuracy in Asset Change Tracker (5.5.13.2)' at 2025-01-30 07:00:00, scheduled to end at 2025-01-30 07:05:20.713037
2025-03-06 16:39:19,119 - root - INFO - Token Token-79 started task 'Create Journal Entries?' at 2025-01-30 07:00:00, scheduled to end at 2025-01-30 07:00:00
2025-03-06 16:39:19,120 - root - INFO - Token Token-79 completed task 'Create Journal Entries?' at 2025-01-30 07:00:00.
2025-03-06 16:39:19,120 - root - INFO - Token Token-79 waiting for resource 'Certifier' at 2025-01-30 07:00:00
2025-03-06 16:39:19,120 - root - INFO - Token Token-79 started task 'Inclusive Path 3' at 2025-01-30 07:00:00, scheduled to end at 2025-01-30 07:00:45.076856
2025-03-06 16:39:19,121 - root - INFO - Token Token-79 completed task 'Inclusive Path 3' at 2025-01-30 07:00:45.076856.
2025-03-06 16:39:19,121 - root - INFO - Token Token-79 started task 'Unknown' at 2025-01-30 07:00:45.076856, scheduled to end at 2025-01-30 07:00:45.076856
2025-03-06 16:39:19,121 - root - INFO - Token Token-79 completed task 'Unknown' at 2025-01-30 07:00:45.076856.
2025-03-06 16:39:19,121 - root - INFO - Token Token-79 has completed the entire process at 2025-01-30 07:00:45.076856.
2025-03-06 16:39:19,121 - root - INFO - Token Token-80 completed task 'Note Accuracy in Asset Change Tracker (5.5.13.2)' at 2025-01-30 07:05:20.713037.
2025-03-06 16:39:19,122 - root - INFO - Token Token-81 released from wait queue for 'Tech'
2025-03-06 16:39:19,122 - root - INFO - Token Token-81 waited 31369.95 minutes for resource
2025-03-06 16:39:19,122 - root - INFO - Token Token-81 started task 'Note Accuracy in Asset Change Tracker (5.5.13.2)' at 2025-01-30 07:05:20.713037, scheduled to end at 2025-01-30 07:09:16.169687
2025-03-06 16:39:19,123 - root - INFO - Token Token-80 started task 'Unknown' at 2025-01-30 07:05:20.713037, scheduled to end at 2025-01-30 07:05:20.713037
2025-03-06 16:39:19,123 - root - INFO - Token Token-80 completed task 'Unknown' at 2025-01-30 07:05:20.713037.
2025-03-06 16:39:19,123 - root - INFO - Token Token-80 has completed the entire process at 2025-01-30 07:05:20.713037.
2025-03-06 16:39:19,123 - root - INFO - Token Token-81 completed task 'Note Accuracy in Asset Change Tracker (5.5.13.2)' at 2025-01-30 07:09:16.169687.
2025-03-06 16:39:19,123 - root - INFO - Token Token-82 released from wait queue for 'Tech'
2025-03-06 16:39:19,124 - root - INFO - Token Token-82 waited 31367.19 minutes for resource
2025-03-06 16:39:19,125 - root - INFO - Token Token-82 started task 'Note Accuracy in Asset Change Tracker (5.5.13.2)' at 2025-01-30 07:09:16.169687, scheduled to end at 2025-01-30 07:15:31.599273
2025-03-06 16:39:19,125 - root - INFO - Token Token-81 started task 'Unknown' at 2025-01-30 07:09:16.169687, scheduled to end at 2025-01-30 07:09:16.169687
2025-03-06 16:39:19,126 - root - INFO - Token Token-81 completed task 'Unknown' at 2025-01-30 07:09:16.169687.
2025-03-06 16:39:19,126 - root - INFO - Token Token-81 has completed the entire process at 2025-01-30 07:09:16.169687.
2025-03-06 16:39:19,126 - root - INFO - Token Token-82 completed task 'Note Accuracy in Asset Change Tracker (5.5.13.2)' at 2025-01-30 07:15:31.599273.
2025-03-06 16:39:19,127 - root - INFO - Token Token-83 released from wait queue for 'Tech'
2025-03-06 16:39:19,127 - root - INFO - Token Token-83 waited 31365.33 minutes for resource
2025-03-06 16:39:19,127 - root - INFO - Token Token-83 started task 'Note Accuracy in Asset Change Tracker (5.5.13.2)' at 2025-01-30 07:15:31.599273, scheduled to end at 2025-01-30 07:21:53.567008
2025-03-06 16:39:19,128 - root - INFO - Token Token-82 started task 'Unknown' at 2025-01-30 07:15:31.599273, scheduled to end at 2025-01-30 07:15:31.599273
2025-03-06 16:39:19,128 - root - INFO - Token Token-82 completed task 'Unknown' at 2025-01-30 07:15:31.599273.
2025-03-06 16:39:19,129 - root - INFO - Token Token-82 has completed the entire process at 2025-01-30 07:15:31.599273.
2025-03-06 16:39:19,129 - root - INFO - Token Token-83 completed task 'Note Accuracy in Asset Change Tracker (5.5.13.2)' at 2025-01-30 07:21:53.567008.
2025-03-06 16:39:19,130 - root - INFO - Token Token-84 released from wait queue for 'Tech'
2025-03-06 16:39:19,130 - root - INFO - Token Token-84 waited 31364.01 minutes for resource
2025-03-06 16:39:19,130 - root - INFO - Token Token-84 started task 'Note Accuracy in Asset Change Tracker (5.5.13.2)' at 2025-01-30 07:21:53.567008, scheduled to end at 2025-01-30 07:25:38.419765
2025-03-06 16:39:19,131 - root - INFO - Token Token-83 started task 'Unknown' at 2025-01-30 07:21:53.567008, scheduled to end at 2025-01-30 07:21:53.567008
2025-03-06 16:39:19,131 - root - INFO - Token Token-83 completed task 'Unknown' at 2025-01-30 07:21:53.567008.
2025-03-06 16:39:19,132 - root - INFO - Token Token-83 has completed the entire process at 2025-01-30 07:21:53.567008.
2025-03-06 16:39:19,132 - root - INFO - Token Token-84 completed task 'Note Accuracy in Asset Change Tracker (5.5.13.2)' at 2025-01-30 07:25:38.419765.
2025-03-06 16:39:19,132 - root - INFO - Token Token-85 released from wait queue for 'Tech'
2025-03-06 16:39:19,133 - root - INFO - Token Token-85 waited 31358.75 minutes for resource
2025-03-06 16:39:19,133 - root - INFO - Token Token-85 started task 'Note Accuracy in Asset Change Tracker (5.5.13.2)' at 2025-01-30 07:25:38.419765, scheduled to end at 2025-01-30 07:31:37.811944
2025-03-06 16:39:19,134 - root - INFO - Token Token-84 started task 'Unknown' at 2025-01-30 07:25:38.419765, scheduled to end at 2025-01-30 07:25:38.419765
2025-03-06 16:39:19,134 - root - INFO - Token Token-84 completed task 'Unknown' at 2025-01-30 07:25:38.419765.
2025-03-06 16:39:19,134 - root - INFO - Token Token-84 has completed the entire process at 2025-01-30 07:25:38.419765.
2025-03-06 16:39:19,135 - root - INFO - Token Token-85 completed task 'Note Accuracy in Asset Change Tracker (5.5.13.2)' at 2025-01-30 07:31:37.811944.
2025-03-06 16:39:19,135 - root - INFO - Token Token-86 released from wait queue for 'Tech'
2025-03-06 16:39:19,136 - root - INFO - Token Token-86 waited 31355.42 minutes for resource
2025-03-06 16:39:19,136 - root - INFO - Token Token-86 started task 'Note Accuracy in Asset Change Tracker (5.5.13.2)' at 2025-01-30 07:31:37.811944, scheduled to end at 2025-01-30 07:36:48.908134
2025-03-06 16:39:19,137 - root - INFO - Token Token-85 started task 'Unknown' at 2025-01-30 07:31:37.811944, scheduled to end at 2025-01-30 07:31:37.811944
2025-03-06 16:39:19,137 - root - INFO - Token Token-85 completed task 'Unknown' at 2025-01-30 07:31:37.811944.
2025-03-06 16:39:19,137 - root - INFO - Token Token-85 has completed the entire process at 2025-01-30 07:31:37.811944.
2025-03-06 16:39:19,138 - root - INFO - Token Token-86 completed task 'Note Accuracy in Asset Change Tracker (5.5.13.2)' at 2025-01-30 07:36:48.908134.
2025-03-06 16:39:19,138 - root - INFO - Token Token-87 released from wait queue for 'Tech'
2025-03-06 16:39:19,139 - root - INFO - Token Token-87 waited 30276.82 minutes for resource
2025-03-06 16:39:19,139 - root - INFO - Token Token-87 started task 'Work with REO RPO to Correct (5.5.13.3)' at 2025-01-30 07:36:48.908134, scheduled to end at 2025-01-30 10:05:15.619586
2025-03-06 16:39:19,140 - root - INFO - Token Token-86 started task 'Unknown' at 2025-01-30 07:36:48.908134, scheduled to end at 2025-01-30 07:36:48.908134
2025-03-06 16:39:19,140 - root - INFO - Token Token-86 completed task 'Unknown' at 2025-01-30 07:36:48.908134.
2025-03-06 16:39:19,140 - root - INFO - Token Token-86 has completed the entire process at 2025-01-30 07:36:48.908134.
2025-03-06 16:39:19,141 - root - INFO - Token Token-87 completed task 'Work with REO RPO to Correct (5.5.13.3)' at 2025-01-30 10:05:15.619586.
2025-03-06 16:39:19,141 - root - INFO - Token Token-88 released from wait queue for 'Tech'
2025-03-06 16:39:19,141 - root - INFO - Token Token-88 waited 30419.33 minutes for resource
2025-03-06 16:39:19,142 - root - INFO - Token Token-88 started task 'Work with REO RPO to Correct (5.5.13.3)' at 2025-01-30 10:05:15.619586, scheduled to end at 2025-01-30 11:58:54.481809
2025-03-06 16:39:19,142 - root - INFO - Token Token-87 started task 'Create Journal Entries?' at 2025-01-30 10:05:15.619586, scheduled to end at 2025-01-30 10:05:15.619586
2025-03-06 16:39:19,144 - root - INFO - Token Token-87 completed task 'Create Journal Entries?' at 2025-01-30 10:05:15.619586.
2025-03-06 16:39:19,162 - root - INFO - Token Token-87 waiting for resource 'Tech' at 2025-01-30 10:05:15.619586
2025-03-06 16:39:19,162 - root - INFO - Token Token-87 started task 'Inclusive Path 3' at 2025-01-30 10:05:15.619586, scheduled to end at 2025-01-30 10:06:11.136232
2025-03-06 16:39:19,163 - root - INFO - Token Token-87 completed task 'Inclusive Path 3' at 2025-01-30 10:06:11.136232.
2025-03-06 16:39:19,163 - root - INFO - Token Token-87 started task 'Unknown' at 2025-01-30 10:06:11.136232, scheduled to end at 2025-01-30 10:06:11.136232
2025-03-06 16:39:19,163 - root - INFO - Token Token-87 completed task 'Unknown' at 2025-01-30 10:06:11.136232.
2025-03-06 16:39:19,163 - root - INFO - Token Token-87 has completed the entire process at 2025-01-30 10:06:11.136232.
2025-03-06 16:39:19,163 - root - INFO - Token Token-88 completed task 'Work with REO RPO to Correct (5.5.13.3)' at 2025-01-30 11:58:54.481809.
2025-03-06 16:39:19,164 - root - INFO - Token Token-89 released from wait queue for 'Tech'
2025-03-06 16:39:19,164 - root - INFO - Token Token-89 waited 30527.14 minutes for resource
2025-03-06 16:39:19,164 - root - INFO - Token Token-89 started task 'Note Accuracy in Asset Change Tracker (5.5.13.2)' at 2025-01-30 11:58:54.481809, scheduled to end at 2025-01-30 12:04:44.574268
2025-03-06 16:39:19,164 - root - INFO - Token Token-88 started task 'Create Journal Entries?' at 2025-01-30 11:58:54.481809, scheduled to end at 2025-01-30 11:58:54.481809
2025-03-06 16:39:19,165 - root - INFO - Token Token-88 completed task 'Create Journal Entries?' at 2025-01-30 11:58:54.481809.
2025-03-06 16:39:19,165 - root - INFO - Token Token-88 started task 'Inclusive Path 3' at 2025-01-30 11:58:54.481809, scheduled to end at 2025-01-30 11:59:46.164004
2025-03-06 16:39:19,165 - root - INFO - Token Token-88 completed task 'Inclusive Path 3' at 2025-01-30 11:59:46.164004.
2025-03-06 16:39:19,165 - root - INFO - Token Token-88 started task 'Unknown' at 2025-01-30 11:59:46.164004, scheduled to end at 2025-01-30 11:59:46.164004
2025-03-06 16:39:19,166 - root - INFO - Token Token-88 completed task 'Unknown' at 2025-01-30 11:59:46.164004.
2025-03-06 16:39:19,166 - root - INFO - Token Token-88 has completed the entire process at 2025-01-30 11:59:46.164004.
2025-03-06 16:39:19,166 - root - INFO - Token Token-89 completed task 'Note Accuracy in Asset Change Tracker (5.5.13.2)' at 2025-01-30 12:04:44.574268.
2025-03-06 16:39:19,167 - root - INFO - Token Token-90 released from wait queue for 'Tech'
2025-03-06 16:39:19,167 - root - INFO - Token Token-90 waited 30524.63 minutes for resource
2025-03-06 16:39:19,167 - root - INFO - Token Token-90 started task 'Note Accuracy in Asset Change Tracker (5.5.13.2)' at 2025-01-30 12:04:44.574268, scheduled to end at 2025-01-30 12:09:21.401478
2025-03-06 16:39:19,167 - root - INFO - Token Token-89 started task 'Unknown' at 2025-01-30 12:04:44.574268, scheduled to end at 2025-01-30 12:04:44.574268
2025-03-06 16:39:19,167 - root - INFO - Token Token-89 completed task 'Unknown' at 2025-01-30 12:04:44.574268.
2025-03-06 16:39:19,168 - root - INFO - Token Token-89 has completed the entire process at 2025-01-30 12:04:44.574268.
2025-03-06 16:39:19,168 - root - INFO - Token Token-90 completed task 'Note Accuracy in Asset Change Tracker (5.5.13.2)' at 2025-01-30 12:09:21.401478.
2025-03-06 16:39:19,168 - root - INFO - Token Token-91 released from wait queue for 'Tech'
2025-03-06 16:39:19,168 - root - INFO - Token Token-91 waited 30521.69 minutes for resource
2025-03-06 16:39:19,169 - root - INFO - Token Token-91 started task 'Note Accuracy in Asset Change Tracker (5.5.13.2)' at 2025-01-30 12:09:21.401478, scheduled to end at 2025-01-30 12:15:32.835741
2025-03-06 16:39:19,170 - root - INFO - Token Token-90 started task 'Unknown' at 2025-01-30 12:09:21.401478, scheduled to end at 2025-01-30 12:09:21.401478
2025-03-06 16:39:19,170 - root - INFO - Token Token-90 completed task 'Unknown' at 2025-01-30 12:09:21.401478.
2025-03-06 16:39:19,171 - root - INFO - Token Token-90 has completed the entire process at 2025-01-30 12:09:21.401478.
2025-03-06 16:39:19,171 - root - INFO - Token Token-91 completed task 'Note Accuracy in Asset Change Tracker (5.5.13.2)' at 2025-01-30 12:15:32.835741.
2025-03-06 16:39:19,171 - root - INFO - Token Token-92 released from wait queue for 'Tech'
2025-03-06 16:39:19,171 - root - INFO - Token Token-92 waited 30519.10 minutes for resource
2025-03-06 16:39:19,172 - root - INFO - Token Token-92 started task 'Note Accuracy in Asset Change Tracker (5.5.13.2)' at 2025-01-30 12:15:32.835741, scheduled to end at 2025-01-30 12:22:05.070216
2025-03-06 16:39:19,172 - root - INFO - Token Token-91 started task 'Unknown' at 2025-01-30 12:15:32.835741, scheduled to end at 2025-01-30 12:15:32.835741
2025-03-06 16:39:19,172 - root - INFO - Token Token-91 completed task 'Unknown' at 2025-01-30 12:15:32.835741.
2025-03-06 16:39:19,173 - root - INFO - Token Token-91 has completed the entire process at 2025-01-30 12:15:32.835741.
2025-03-06 16:39:19,173 - root - INFO - Token Token-92 completed task 'Note Accuracy in Asset Change Tracker (5.5.13.2)' at 2025-01-30 12:22:05.070216.
2025-03-06 16:39:19,174 - root - INFO - Token Token-93 released from wait queue for 'Tech'
2025-03-06 16:39:19,174 - root - INFO - Token Token-93 waited 30518.95 minutes for resource
2025-03-06 16:39:19,174 - root - INFO - Token Token-93 started task 'Work with REO RPO to Correct (5.5.13.3)' at 2025-01-30 12:22:05.070216, scheduled to end at 2025-01-31 07:00:00
2025-03-06 16:39:19,175 - root - INFO - Token Token-92 started task 'Unknown' at 2025-01-30 12:22:05.070216, scheduled to end at 2025-01-30 12:22:05.070216
2025-03-06 16:39:19,175 - root - INFO - Token Token-92 completed task 'Unknown' at 2025-01-30 12:22:05.070216.
2025-03-06 16:39:19,175 - root - INFO - Token Token-92 has completed the entire process at 2025-01-30 12:22:05.070216.
2025-03-06 16:39:19,176 - root - INFO - Token Token-93 completed task 'Work with REO RPO to Correct (5.5.13.3)' at 2025-01-31 07:00:00.
2025-03-06 16:39:19,176 - root - INFO - Token Token-94 released from wait queue for 'Tech'
2025-03-06 16:39:19,177 - root - INFO - Token Token-94 waited 31629.13 minutes for resource
2025-03-06 16:39:19,177 - root - INFO - Token Token-94 started task 'Work with REO RPO to Correct (5.5.13.3)' at 2025-01-31 07:00:00, scheduled to end at 2025-01-31 08:38:43.221163
2025-03-06 16:39:19,177 - root - INFO - Token Token-93 started task 'Create Journal Entries?' at 2025-01-31 07:00:00, scheduled to end at 2025-01-31 07:00:00
2025-03-06 16:39:19,178 - root - INFO - Token Token-93 completed task 'Create Journal Entries?' at 2025-01-31 07:00:00.
2025-03-06 16:39:19,178 - root - INFO - Token Token-93 waiting for resource 'Certifier' at 2025-01-31 07:00:00
2025-03-06 16:39:19,179 - root - INFO - Token Token-93 waiting for resource 'Tech' at 2025-01-31 07:00:00
2025-03-06 16:39:19,179 - root - INFO - Token Token-94 completed task 'Work with REO RPO to Correct (5.5.13.3)' at 2025-01-31 08:38:43.221163.
2025-03-06 16:39:19,179 - root - INFO - Token Token-95 released from wait queue for 'Tech'
2025-03-06 16:39:19,180 - root - INFO - Token Token-95 waited 31719.00 minutes for resource
2025-03-06 16:39:19,180 - root - INFO - Token Token-95 started task 'Note Accuracy in Asset Change Tracker (5.5.13.2)' at 2025-01-31 08:38:43.221163, scheduled to end at 2025-01-31 08:43:41.461633
2025-03-06 16:39:19,181 - root - INFO - Token Token-94 started task 'Create Journal Entries?' at 2025-01-31 08:38:43.221163, scheduled to end at 2025-01-31 08:38:43.221163
2025-03-06 16:39:19,181 - root - INFO - Token Token-94 completed task 'Create Journal Entries?' at 2025-01-31 08:38:43.221163.
2025-03-06 16:39:19,181 - root - INFO - Token Token-94 waiting for resource 'Tech' at 2025-01-31 08:38:43.221163
2025-03-06 16:39:19,182 - root - INFO - Token Token-95 completed task 'Note Accuracy in Asset Change Tracker (5.5.13.2)' at 2025-01-31 08:43:41.461633.
2025-03-06 16:39:19,182 - root - INFO - Token Token-96 released from wait queue for 'Tech'
2025-03-06 16:39:19,183 - root - INFO - Token Token-96 waited 31715.27 minutes for resource
2025-03-06 16:39:19,183 - root - INFO - Token Token-96 started task 'Work with REO RPO to Correct (5.5.13.3)' at 2025-01-31 08:43:41.461633, scheduled to end at 2025-01-31 11:06:31.746608
2025-03-06 16:39:19,184 - root - INFO - Token Token-95 started task 'Unknown' at 2025-01-31 08:43:41.461633, scheduled to end at 2025-01-31 08:43:41.461633
2025-03-06 16:39:19,184 - root - INFO - Token Token-95 completed task 'Unknown' at 2025-01-31 08:43:41.461633.
2025-03-06 16:39:19,184 - root - INFO - Token Token-95 has completed the entire process at 2025-01-31 08:43:41.461633.
2025-03-06 16:39:19,185 - root - INFO - Token Token-96 completed task 'Work with REO RPO to Correct (5.5.13.3)' at 2025-01-31 11:06:31.746608.
2025-03-06 16:39:19,185 - root - INFO - Token Token-97 released from wait queue for 'Tech'
2025-03-06 16:39:19,186 - root - INFO - Token Token-97 waited 31849.68 minutes for resource
2025-03-06 16:39:19,186 - root - INFO - Token Token-97 started task 'Note Accuracy in Asset Change Tracker (5.5.13.2)' at 2025-01-31 11:06:31.746608, scheduled to end at 2025-01-31 11:13:08.321869
2025-03-06 16:39:19,187 - root - INFO - Token Token-96 started task 'Create Journal Entries?' at 2025-01-31 11:06:31.746608, scheduled to end at 2025-01-31 11:06:31.746608
2025-03-06 16:39:19,187 - root - INFO - Token Token-96 completed task 'Create Journal Entries?' at 2025-01-31 11:06:31.746608.
2025-03-06 16:39:19,187 - root - INFO - Token Token-96 waiting for resource 'Certifier' at 2025-01-31 11:06:31.746608
2025-03-06 16:39:19,188 - root - INFO - Token Token-97 completed task 'Note Accuracy in Asset Change Tracker (5.5.13.2)' at 2025-01-31 11:13:08.321869.
2025-03-06 16:39:19,190 - root - INFO - Token Token-98 released from wait queue for 'Tech'
2025-03-06 16:39:19,191 - root - INFO - Token Token-98 waited 31847.67 minutes for resource
2025-03-06 16:39:19,208 - root - INFO - Token Token-98 started task 'Note Accuracy in Asset Change Tracker (5.5.13.2)' at 2025-01-31 11:13:08.321869, scheduled to end at 2025-01-31 11:18:45.710276
2025-03-06 16:39:19,208 - root - INFO - Token Token-97 started task 'Unknown' at 2025-01-31 11:13:08.321869, scheduled to end at 2025-01-31 11:13:08.321869
2025-03-06 16:39:19,208 - root - INFO - Token Token-97 completed task 'Unknown' at 2025-01-31 11:13:08.321869.
2025-03-06 16:39:19,208 - root - INFO - Token Token-97 has completed the entire process at 2025-01-31 11:13:08.321869.
2025-03-06 16:39:19,209 - root - INFO - Token Token-98 completed task 'Note Accuracy in Asset Change Tracker (5.5.13.2)' at 2025-01-31 11:18:45.710276.
2025-03-06 16:39:19,209 - root - INFO - Token Token-99 released from wait queue for 'Tech'
2025-03-06 16:39:19,209 - root - INFO - Token Token-99 waited 31845.29 minutes for resource
2025-03-06 16:39:19,210 - root - INFO - Token Token-99 started task 'Work with REO RPO to Correct (5.5.13.3)' at 2025-01-31 11:18:45.710276, scheduled to end at 2025-02-03 07:00:00
2025-03-06 16:39:19,210 - root - INFO - Token Token-98 started task 'Unknown' at 2025-01-31 11:18:45.710276, scheduled to end at 2025-01-31 11:18:45.710276
2025-03-06 16:39:19,210 - root - INFO - Token Token-98 completed task 'Unknown' at 2025-01-31 11:18:45.710276.
2025-03-06 16:39:19,210 - root - INFO - Token Token-98 has completed the entire process at 2025-01-31 11:18:45.710276.
2025-03-06 16:39:19,210 - root - INFO - Token Token-99 completed task 'Work with REO RPO to Correct (5.5.13.3)' at 2025-02-03 07:00:00.
2025-03-06 16:39:19,211 - root - INFO - Token Token-100 released from wait queue for 'Tech'
2025-03-06 16:39:19,211 - root - INFO - Token Token-100 waited 35899.97 minutes for resource
2025-03-06 16:39:19,211 - root - INFO - Token Token-100 started task 'Work with REO RPO to Correct (5.5.13.3)' at 2025-02-03 07:00:00, scheduled to end at 2025-02-03 09:04:26.649468
2025-03-06 16:39:19,211 - root - INFO - Token Token-99 started task 'Create Journal Entries?' at 2025-02-03 07:00:00, scheduled to end at 2025-02-03 07:00:00
2025-03-06 16:39:19,212 - root - INFO - Token Token-99 completed task 'Create Journal Entries?' at 2025-02-03 07:00:00.
2025-03-06 16:39:19,212 - root - INFO - Token Token-99 started task 'Inclusive Path 3' at 2025-02-03 07:00:00, scheduled to end at 2025-02-03 07:01:10.549575
2025-03-06 16:39:19,212 - root - INFO - Token Token-99 completed task 'Inclusive Path 3' at 2025-02-03 07:01:10.549575.
2025-03-06 16:39:19,212 - root - INFO - Token Token-99 started task 'Unknown' at 2025-02-03 07:01:10.549575, scheduled to end at 2025-02-03 07:01:10.549575
2025-03-06 16:39:19,213 - root - INFO - Token Token-99 completed task 'Unknown' at 2025-02-03 07:01:10.549575.
2025-03-06 16:39:19,213 - root - INFO - Token Token-99 has completed the entire process at 2025-02-03 07:01:10.549575.
2025-03-06 16:39:19,213 - root - INFO - Token Token-100 completed task 'Work with REO RPO to Correct (5.5.13.3)' at 2025-02-03 09:04:26.649468.
2025-03-06 16:39:19,213 - root - INFO - Token Token-101 released from wait queue for 'Tech'
2025-03-06 16:39:19,213 - root - INFO - Token Token-101 waited 36015.81 minutes for resource
2025-03-06 16:39:19,214 - root - INFO - Token Token-101 started task 'Work with REO RPO to Correct (5.5.13.3)' at 2025-02-03 09:04:26.649468, scheduled to end at 2025-02-03 11:46:05.324359
2025-03-06 16:39:19,214 - root - INFO - Token Token-100 started task 'Create Journal Entries?' at 2025-02-03 09:04:26.649468, scheduled to end at 2025-02-03 09:04:26.649468
2025-03-06 16:39:19,214 - root - INFO - Token Token-100 completed task 'Create Journal Entries?' at 2025-02-03 09:04:26.649468.
2025-03-06 16:39:19,215 - root - INFO - Token Token-100 started task 'Inclusive Path 3' at 2025-02-03 09:04:26.649468, scheduled to end at 2025-02-03 09:05:35.579125
2025-03-06 16:39:19,215 - root - INFO - Token Token-100 completed task 'Inclusive Path 3' at 2025-02-03 09:05:35.579125.
2025-03-06 16:39:19,216 - root - INFO - Token Token-100 started task 'Unknown' at 2025-02-03 09:05:35.579125, scheduled to end at 2025-02-03 09:05:35.579125
2025-03-06 16:39:19,216 - root - INFO - Token Token-100 completed task 'Unknown' at 2025-02-03 09:05:35.579125.
2025-03-06 16:39:19,216 - root - INFO - Token Token-100 has completed the entire process at 2025-02-03 09:05:35.579125.
2025-03-06 16:39:19,217 - root - INFO - Token Token-101 completed task 'Work with REO RPO to Correct (5.5.13.3)' at 2025-02-03 11:46:05.324359.
2025-03-06 16:39:19,217 - root - INFO - Token Token-102 released from wait queue for 'Tech'
2025-03-06 16:39:19,217 - root - INFO - Token Token-102 waited 36169.40 minutes for resource
2025-03-06 16:39:19,217 - root - INFO - Token Token-102 started task 'Note Accuracy in Asset Change Tracker (5.5.13.2)' at 2025-02-03 11:46:05.324359, scheduled to end at 2025-02-03 11:52:07.344573
2025-03-06 16:39:19,218 - root - INFO - Token Token-101 started task 'Create Journal Entries?' at 2025-02-03 11:46:05.324359, scheduled to end at 2025-02-03 11:46:05.324359
2025-03-06 16:39:19,218 - root - INFO - Token Token-101 completed task 'Create Journal Entries?' at 2025-02-03 11:46:05.324359.
2025-03-06 16:39:19,218 - root - INFO - Token Token-101 waiting for resource 'Tech' at 2025-02-03 11:46:05.324359
2025-03-06 16:39:19,220 - root - INFO - Token Token-102 completed task 'Note Accuracy in Asset Change Tracker (5.5.13.2)' at 2025-02-03 11:52:07.344573.
2025-03-06 16:39:19,220 - root - INFO - Token Token-104 released from wait queue for 'Tech'
2025-03-06 16:39:19,221 - root - INFO - Token Token-104 waited 36153.94 minutes for resource
2025-03-06 16:39:19,221 - root - INFO - Token Token-104 started task 'Note Accuracy in Asset Change Tracker (5.5.13.2)' at 2025-02-03 11:52:07.344573, scheduled to end at 2025-02-03 11:56:39.594608
2025-03-06 16:39:19,221 - root - INFO - Token Token-102 started task 'Unknown' at 2025-02-03 11:52:07.344573, scheduled to end at 2025-02-03 11:52:07.344573
2025-03-06 16:39:19,222 - root - INFO - Token Token-102 completed task 'Unknown' at 2025-02-03 11:52:07.344573.
2025-03-06 16:39:19,222 - root - INFO - Token Token-102 has completed the entire process at 2025-02-03 11:52:07.344573.
2025-03-06 16:39:19,223 - root - INFO - Token Token-104 completed task 'Note Accuracy in Asset Change Tracker (5.5.13.2)' at 2025-02-03 11:56:39.594608.
2025-03-06 16:39:19,223 - root - INFO - Token Token-105 released from wait queue for 'Tech'
2025-03-06 16:39:19,223 - root - INFO - Token Token-105 waited 36149.81 minutes for resource
2025-03-06 16:39:19,224 - root - INFO - Token Token-105 started task 'Note Accuracy in Asset Change Tracker (5.5.13.2)' at 2025-02-03 11:56:39.594608, scheduled to end at 2025-02-03 12:00:30.298213
2025-03-06 16:39:19,224 - root - INFO - Token Token-104 started task 'Unknown' at 2025-02-03 11:56:39.594608, scheduled to end at 2025-02-03 11:56:39.594608
2025-03-06 16:39:19,225 - root - INFO - Token Token-104 completed task 'Unknown' at 2025-02-03 11:56:39.594608.
2025-03-06 16:39:19,225 - root - INFO - Token Token-104 has completed the entire process at 2025-02-03 11:56:39.594608.
2025-03-06 16:39:19,226 - root - INFO - Token Token-105 completed task 'Note Accuracy in Asset Change Tracker (5.5.13.2)' at 2025-02-03 12:00:30.298213.
2025-03-06 16:39:19,226 - root - INFO - Token Token-106 released from wait queue for 'Tech'
2025-03-06 16:39:19,226 - root - INFO - Token Token-106 waited 36147.60 minutes for resource
2025-03-06 16:39:19,227 - root - INFO - Token Token-106 started task 'Work with REO RPO to Correct (5.5.13.3)' at 2025-02-03 12:00:30.298213, scheduled to end at 2025-02-04 07:00:00
2025-03-06 16:39:19,227 - root - INFO - Token Token-105 started task 'Unknown' at 2025-02-03 12:00:30.298213, scheduled to end at 2025-02-03 12:00:30.298213
2025-03-06 16:39:19,228 - root - INFO - Token Token-105 completed task 'Unknown' at 2025-02-03 12:00:30.298213.
2025-03-06 16:39:19,228 - root - INFO - Token Token-105 has completed the entire process at 2025-02-03 12:00:30.298213.
2025-03-06 16:39:19,228 - root - INFO - Token Token-106 completed task 'Work with REO RPO to Correct (5.5.13.3)' at 2025-02-04 07:00:00.
2025-03-06 16:39:19,229 - root - INFO - Token Token-107 released from wait queue for 'Tech'
2025-03-06 16:39:19,229 - root - INFO - Token Token-107 waited 37278.64 minutes for resource
2025-03-06 16:39:19,229 - root - INFO - Token Token-107 started task 'Note Accuracy in Asset Change Tracker (5.5.13.2)' at 2025-02-04 07:00:00, scheduled to end at 2025-02-04 07:04:41.267054
2025-03-06 16:39:19,230 - root - INFO - Token Token-106 started task 'Create Journal Entries?' at 2025-02-04 07:00:00, scheduled to end at 2025-02-04 07:00:00
2025-03-06 16:39:19,230 - root - INFO - Token Token-106 completed task 'Create Journal Entries?' at 2025-02-04 07:00:00.
2025-03-06 16:39:19,231 - root - INFO - Token Token-106 waiting for resource 'Tech' at 2025-02-04 07:00:00
2025-03-06 16:39:19,231 - root - INFO - Token Token-106 started task 'Inclusive Path 3' at 2025-02-04 07:00:00, scheduled to end at 2025-02-04 07:00:55.525545
2025-03-06 16:39:19,232 - root - INFO - Token Token-106 completed task 'Inclusive Path 3' at 2025-02-04 07:00:55.525545.
2025-03-06 16:39:19,232 - root - INFO - Token Token-106 started task 'Unknown' at 2025-02-04 07:00:55.525545, scheduled to end at 2025-02-04 07:00:55.525545
2025-03-06 16:39:19,232 - root - INFO - Token Token-106 completed task 'Unknown' at 2025-02-04 07:00:55.525545.
2025-03-06 16:39:19,233 - root - INFO - Token Token-106 has completed the entire process at 2025-02-04 07:00:55.525545.
2025-03-06 16:39:19,233 - root - INFO - Token Token-107 completed task 'Note Accuracy in Asset Change Tracker (5.5.13.2)' at 2025-02-04 07:04:41.267054.
2025-03-06 16:39:19,234 - root - INFO - Token Token-108 released from wait queue for 'Tech'
2025-03-06 16:39:19,234 - root - INFO - Token Token-108 waited 37271.16 minutes for resource
2025-03-06 16:39:19,234 - root - INFO - Token Token-108 started task 'Note Accuracy in Asset Change Tracker (5.5.13.2)' at 2025-02-04 07:04:41.267054, scheduled to end at 2025-02-04 07:10:58.086816
2025-03-06 16:39:19,235 - root - INFO - Token Token-107 started task 'Unknown' at 2025-02-04 07:04:41.267054, scheduled to end at 2025-02-04 07:04:41.267054
2025-03-06 16:39:19,235 - root - INFO - Token Token-107 completed task 'Unknown' at 2025-02-04 07:04:41.267054.
2025-03-06 16:39:19,235 - root - INFO - Token Token-107 has completed the entire process at 2025-02-04 07:04:41.267054.
2025-03-06 16:39:19,236 - root - INFO - Token Token-108 completed task 'Note Accuracy in Asset Change Tracker (5.5.13.2)' at 2025-02-04 07:10:58.086816.
2025-03-06 16:39:19,236 - root - INFO - Token Token-109 released from wait queue for 'Tech'
2025-03-06 16:39:19,236 - root - INFO - Token Token-109 waited 37269.32 minutes for resource
2025-03-06 16:39:19,237 - root - INFO - Token Token-109 started task 'Note Accuracy in Asset Change Tracker (5.5.13.2)' at 2025-02-04 07:10:58.086816, scheduled to end at 2025-02-04 07:17:42.409266
2025-03-06 16:39:19,237 - root - INFO - Token Token-108 started task 'Unknown' at 2025-02-04 07:10:58.086816, scheduled to end at 2025-02-04 07:10:58.086816
2025-03-06 16:39:19,238 - root - INFO - Token Token-108 completed task 'Unknown' at 2025-02-04 07:10:58.086816.
2025-03-06 16:39:19,238 - root - INFO - Token Token-108 has completed the entire process at 2025-02-04 07:10:58.086816.
2025-03-06 16:39:19,238 - root - INFO - Token Token-109 completed task 'Note Accuracy in Asset Change Tracker (5.5.13.2)' at 2025-02-04 07:17:42.409266.
2025-03-06 16:39:19,239 - root - INFO - Token Token-110 released from wait queue for 'Tech'
2025-03-06 16:39:19,239 - root - INFO - Token Token-110 waited 37266.81 minutes for resource
2025-03-06 16:39:19,240 - root - INFO - Token Token-110 started task 'Work with REO RPO to Correct (5.5.13.3)' at 2025-02-04 07:17:42.409266, scheduled to end at 2025-02-04 09:57:08.468455
2025-03-06 16:39:19,240 - root - INFO - Token Token-109 started task 'Unknown' at 2025-02-04 07:17:42.409266, scheduled to end at 2025-02-04 07:17:42.409266
2025-03-06 16:39:19,240 - root - INFO - Token Token-109 completed task 'Unknown' at 2025-02-04 07:17:42.409266.
2025-03-06 16:39:19,241 - root - INFO - Token Token-109 has completed the entire process at 2025-02-04 07:17:42.409266.
2025-03-06 16:39:19,241 - root - INFO - Token Token-110 completed task 'Work with REO RPO to Correct (5.5.13.3)' at 2025-02-04 09:57:08.468455.
2025-03-06 16:39:19,242 - root - INFO - Token Token-111 released from wait queue for 'Tech'
2025-03-06 16:39:19,242 - root - INFO - Token Token-111 waited 37419.20 minutes for resource
2025-03-06 16:39:19,243 - root - INFO - Token Token-111 started task 'Note Accuracy in Asset Change Tracker (5.5.13.2)' at 2025-02-04 09:57:08.468455, scheduled to end at 2025-02-04 10:01:09.693892
2025-03-06 16:39:19,259 - root - INFO - Token Token-110 started task 'Create Journal Entries?' at 2025-02-04 09:57:08.468455, scheduled to end at 2025-02-04 09:57:08.468455
2025-03-06 16:39:19,260 - root - INFO - Token Token-110 completed task 'Create Journal Entries?' at 2025-02-04 09:57:08.468455.
2025-03-06 16:39:19,260 - root - INFO - Token Token-110 waiting for resource 'Certifier' at 2025-02-04 09:57:08.468455
2025-03-06 16:39:19,260 - root - INFO - Token Token-111 completed task 'Note Accuracy in Asset Change Tracker (5.5.13.2)' at 2025-02-04 10:01:09.693892.
2025-03-06 16:39:19,260 - root - INFO - Token Token-112 released from wait queue for 'Tech'
2025-03-06 16:39:19,261 - root - INFO - Token Token-112 waited 37411.77 minutes for resource
2025-03-06 16:39:19,261 - root - INFO - Token Token-112 started task 'Note Accuracy in Asset Change Tracker (5.5.13.2)' at 2025-02-04 10:01:09.693892, scheduled to end at 2025-02-04 10:07:33.290456
2025-03-06 16:39:19,261 - root - INFO - Token Token-111 started task 'Unknown' at 2025-02-04 10:01:09.693892, scheduled to end at 2025-02-04 10:01:09.693892
2025-03-06 16:39:19,261 - root - INFO - Token Token-111 completed task 'Unknown' at 2025-02-04 10:01:09.693892.
2025-03-06 16:39:19,262 - root - INFO - Token Token-111 has completed the entire process at 2025-02-04 10:01:09.693892.
2025-03-06 16:39:19,262 - root - INFO - Token Token-112 completed task 'Note Accuracy in Asset Change Tracker (5.5.13.2)' at 2025-02-04 10:07:33.290456.
2025-03-06 16:39:19,262 - root - INFO - Token Token-113 released from wait queue for 'Tech'
2025-03-06 16:39:19,262 - root - INFO - Token Token-113 waited 37409.72 minutes for resource
2025-03-06 16:39:19,262 - root - INFO - Token Token-113 started task 'Note Accuracy in Asset Change Tracker (5.5.13.2)' at 2025-02-04 10:07:33.290456, scheduled to end at 2025-02-04 10:13:34.894918
2025-03-06 16:39:19,263 - root - INFO - Token Token-112 started task 'Unknown' at 2025-02-04 10:07:33.290456, scheduled to end at 2025-02-04 10:07:33.290456
2025-03-06 16:39:19,263 - root - INFO - Token Token-112 completed task 'Unknown' at 2025-02-04 10:07:33.290456.
2025-03-06 16:39:19,263 - root - INFO - Token Token-112 has completed the entire process at 2025-02-04 10:07:33.290456.
2025-03-06 16:39:19,263 - root - INFO - Token Token-113 completed task 'Note Accuracy in Asset Change Tracker (5.5.13.2)' at 2025-02-04 10:13:34.894918.
2025-03-06 16:39:19,264 - root - INFO - Token Token-114 released from wait queue for 'Tech'
2025-03-06 16:39:19,264 - root - INFO - Token Token-114 waited 37407.38 minutes for resource
2025-03-06 16:39:19,264 - root - INFO - Token Token-114 started task 'Note Accuracy in Asset Change Tracker (5.5.13.2)' at 2025-02-04 10:13:34.894918, scheduled to end at 2025-02-04 10:20:02.174009
2025-03-06 16:39:19,264 - root - INFO - Token Token-113 started task 'Unknown' at 2025-02-04 10:13:34.894918, scheduled to end at 2025-02-04 10:13:34.894918
2025-03-06 16:39:19,264 - root - INFO - Token Token-113 completed task 'Unknown' at 2025-02-04 10:13:34.894918.
2025-03-06 16:39:19,265 - root - INFO - Token Token-113 has completed the entire process at 2025-02-04 10:13:34.894918.
2025-03-06 16:39:19,265 - root - INFO - Token Token-114 completed task 'Note Accuracy in Asset Change Tracker (5.5.13.2)' at 2025-02-04 10:20:02.174009.
2025-03-06 16:39:19,265 - root - INFO - Token Token-115 released from wait queue for 'Tech'
2025-03-06 16:39:19,265 - root - INFO - Token Token-115 waited 37405.22 minutes for resource
2025-03-06 16:39:19,266 - root - INFO - Token Token-115 started task 'Work with REO RPO to Correct (5.5.13.3)' at 2025-02-04 10:20:02.174009, scheduled to end at 2025-02-04 12:40:08.737172
2025-03-06 16:39:19,266 - root - INFO - Token Token-114 started task 'Unknown' at 2025-02-04 10:20:02.174009, scheduled to end at 2025-02-04 10:20:02.174009
2025-03-06 16:39:19,267 - root - INFO - Token Token-114 completed task 'Unknown' at 2025-02-04 10:20:02.174009.
2025-03-06 16:39:19,267 - root - INFO - Token Token-114 has completed the entire process at 2025-02-04 10:20:02.174009.
2025-03-06 16:39:19,267 - root - INFO - Token Token-115 completed task 'Work with REO RPO to Correct (5.5.13.3)' at 2025-02-04 12:40:08.737172.
2025-03-06 16:39:19,268 - root - INFO - Token Token-116 released from wait queue for 'Tech'
2025-03-06 16:39:19,268 - root - INFO - Token Token-116 waited 37537.86 minutes for resource
2025-03-06 16:39:19,268 - root - INFO - Token Token-116 started task 'Note Accuracy in Asset Change Tracker (5.5.13.2)' at 2025-02-04 12:40:08.737172, scheduled to end at 2025-02-04 12:45:48.646372
2025-03-06 16:39:19,268 - root - INFO - Token Token-115 started task 'Create Journal Entries?' at 2025-02-04 12:40:08.737172, scheduled to end at 2025-02-04 12:40:08.737172
2025-03-06 16:39:19,269 - root - INFO - Token Token-115 completed task 'Create Journal Entries?' at 2025-02-04 12:40:08.737172.
2025-03-06 16:39:19,270 - root - INFO - Token Token-115 waiting for resource 'Certifier' at 2025-02-04 12:40:08.737172
2025-03-06 16:39:19,271 - root - INFO - Token Token-115 started task 'Inclusive Path 3' at 2025-02-04 12:40:08.737172, scheduled to end at 2025-02-04 12:41:03.288608
2025-03-06 16:39:19,271 - root - INFO - Token Token-115 completed task 'Inclusive Path 3' at 2025-02-04 12:41:03.288608.
2025-03-06 16:39:19,272 - root - INFO - Token Token-115 started task 'Unknown' at 2025-02-04 12:41:03.288608, scheduled to end at 2025-02-04 12:41:03.288608
2025-03-06 16:39:19,272 - root - INFO - Token Token-115 completed task 'Unknown' at 2025-02-04 12:41:03.288608.
2025-03-06 16:39:19,273 - root - INFO - Token Token-115 has completed the entire process at 2025-02-04 12:41:03.288608.
2025-03-06 16:39:19,273 - root - INFO - Token Token-116 completed task 'Note Accuracy in Asset Change Tracker (5.5.13.2)' at 2025-02-04 12:45:48.646372.
2025-03-06 16:39:19,273 - root - INFO - Token Token-117 released from wait queue for 'Tech'
2025-03-06 16:39:19,274 - root - INFO - Token Token-117 waited 37529.94 minutes for resource
2025-03-06 16:39:19,274 - root - INFO - Token Token-117 started task 'Note Accuracy in Asset Change Tracker (5.5.13.2)' at 2025-02-04 12:45:48.646372, scheduled to end at 2025-02-04 12:51:39.600610
2025-03-06 16:39:19,275 - root - INFO - Token Token-116 started task 'Unknown' at 2025-02-04 12:45:48.646372, scheduled to end at 2025-02-04 12:45:48.646372
2025-03-06 16:39:19,275 - root - INFO - Token Token-116 completed task 'Unknown' at 2025-02-04 12:45:48.646372.
2025-03-06 16:39:19,275 - root - INFO - Token Token-116 has completed the entire process at 2025-02-04 12:45:48.646372.
2025-03-06 16:39:19,276 - root - INFO - Token Token-117 completed task 'Note Accuracy in Asset Change Tracker (5.5.13.2)' at 2025-02-04 12:51:39.600610.
2025-03-06 16:39:19,276 - root - INFO - Token Token-118 released from wait queue for 'Tech'
2025-03-06 16:39:19,277 - root - INFO - Token Token-118 waited 37526.97 minutes for resource
2025-03-06 16:39:19,277 - root - INFO - Token Token-118 started task 'Note Accuracy in Asset Change Tracker (5.5.13.2)' at 2025-02-04 12:51:39.600610, scheduled to end at 2025-02-04 12:56:40.879257
2025-03-06 16:39:19,277 - root - INFO - Token Token-117 started task 'Unknown' at 2025-02-04 12:51:39.600610, scheduled to end at 2025-02-04 12:51:39.600610
2025-03-06 16:39:19,278 - root - INFO - Token Token-117 completed task 'Unknown' at 2025-02-04 12:51:39.600610.
2025-03-06 16:39:19,278 - root - INFO - Token Token-117 has completed the entire process at 2025-02-04 12:51:39.600610.
2025-03-06 16:39:19,278 - root - INFO - Token Token-118 completed task 'Note Accuracy in Asset Change Tracker (5.5.13.2)' at 2025-02-04 12:56:40.879257.
2025-03-06 16:39:19,279 - root - INFO - Token Token-119 released from wait queue for 'Tech'
2025-03-06 16:39:19,279 - root - INFO - Token Token-119 waited 37523.82 minutes for resource
2025-03-06 16:39:19,280 - root - INFO - Token Token-119 started task 'Note Accuracy in Asset Change Tracker (5.5.13.2)' at 2025-02-04 12:56:40.879257, scheduled to end at 2025-02-05 07:00:00
2025-03-06 16:39:19,280 - root - INFO - Token Token-118 started task 'Unknown' at 2025-02-04 12:56:40.879257, scheduled to end at 2025-02-04 12:56:40.879257
2025-03-06 16:39:19,281 - root - INFO - Token Token-118 completed task 'Unknown' at 2025-02-04 12:56:40.879257.
2025-03-06 16:39:19,281 - root - INFO - Token Token-118 has completed the entire process at 2025-02-04 12:56:40.879257.
2025-03-06 16:39:19,281 - root - INFO - Token Token-119 completed task 'Note Accuracy in Asset Change Tracker (5.5.13.2)' at 2025-02-05 07:00:00.
2025-03-06 16:39:19,282 - root - INFO - Token Token-120 released from wait queue for 'Tech'
2025-03-06 16:39:19,282 - root - INFO - Token Token-120 waited 38597.61 minutes for resource
2025-03-06 16:39:19,282 - root - INFO - Token Token-120 started task 'Note Accuracy in Asset Change Tracker (5.5.13.2)' at 2025-02-05 07:00:00, scheduled to end at 2025-02-05 07:06:43.127453
2025-03-06 16:39:19,283 - root - INFO - Token Token-119 started task 'Unknown' at 2025-02-05 07:00:00, scheduled to end at 2025-02-05 07:00:00
2025-03-06 16:39:19,283 - root - INFO - Token Token-119 completed task 'Unknown' at 2025-02-05 07:00:00.
2025-03-06 16:39:19,284 - root - INFO - Token Token-119 has completed the entire process at 2025-02-05 07:00:00.
2025-03-06 16:39:19,284 - root - INFO - Token Token-120 completed task 'Note Accuracy in Asset Change Tracker (5.5.13.2)' at 2025-02-05 07:06:43.127453.
2025-03-06 16:39:19,284 - root - INFO - Token Token-121 released from wait queue for 'Tech'
2025-03-06 16:39:19,285 - root - INFO - Token Token-121 waited 38592.70 minutes for resource
2025-03-06 16:39:19,285 - root - INFO - Token Token-121 started task 'Work with REO RPO to Correct (5.5.13.3)' at 2025-02-05 07:06:43.127453, scheduled to end at 2025-02-05 08:40:27.340981
2025-03-06 16:39:19,287 - root - INFO - Token Token-120 started task 'Unknown' at 2025-02-05 07:06:43.127453, scheduled to end at 2025-02-05 07:06:43.127453
2025-03-06 16:39:19,288 - root - INFO - Token Token-120 completed task 'Unknown' at 2025-02-05 07:06:43.127453.
2025-03-06 16:39:19,305 - root - INFO - Token Token-120 has completed the entire process at 2025-02-05 07:06:43.127453.
2025-03-06 16:39:19,305 - root - INFO - Token Token-121 completed task 'Work with REO RPO to Correct (5.5.13.3)' at 2025-02-05 08:40:27.340981.
2025-03-06 16:39:19,305 - root - INFO - Token Token-122 released from wait queue for 'Tech'
2025-03-06 16:39:19,306 - root - INFO - Token Token-122 waited 38677.75 minutes for resource
2025-03-06 16:39:19,306 - root - INFO - Token Token-122 started task 'Work with REO RPO to Correct (5.5.13.3)' at 2025-02-05 08:40:27.340981, scheduled to end at 2025-02-05 11:14:42.161950
2025-03-06 16:39:19,306 - root - INFO - Token Token-121 started task 'Create Journal Entries?' at 2025-02-05 08:40:27.340981, scheduled to end at 2025-02-05 08:40:27.340981
2025-03-06 16:39:19,306 - root - INFO - Token Token-121 completed task 'Create Journal Entries?' at 2025-02-05 08:40:27.340981.
2025-03-06 16:39:19,307 - root - INFO - Token Token-121 waiting for resource 'Certifier' at 2025-02-05 08:40:27.340981
2025-03-06 16:39:19,307 - root - INFO - Token Token-121 waiting for resource 'Tech' at 2025-02-05 08:40:27.340981
2025-03-06 16:39:19,307 - root - INFO - Token Token-121 started task 'Inclusive Path 3' at 2025-02-05 08:40:27.340981, scheduled to end at 2025-02-05 08:41:37.192583
2025-03-06 16:39:19,307 - root - INFO - Token Token-121 completed task 'Inclusive Path 3' at 2025-02-05 08:41:37.192583.
2025-03-06 16:39:19,308 - root - INFO - Token Token-121 started task 'Unknown' at 2025-02-05 08:41:37.192583, scheduled to end at 2025-02-05 08:41:37.192583
2025-03-06 16:39:19,308 - root - INFO - Token Token-121 completed task 'Unknown' at 2025-02-05 08:41:37.192583.
2025-03-06 16:39:19,308 - root - INFO - Token Token-121 has completed the entire process at 2025-02-05 08:41:37.192583.
2025-03-06 16:39:19,309 - root - INFO - Token Token-122 completed task 'Work with REO RPO to Correct (5.5.13.3)' at 2025-02-05 11:14:42.161950.
2025-03-06 16:39:19,309 - root - INFO - Token Token-123 released from wait queue for 'Tech'
2025-03-06 16:39:19,309 - root - INFO - Token Token-123 waited 38822.86 minutes for resource
2025-03-06 16:39:19,309 - root - INFO - Token Token-123 started task 'Note Accuracy in Asset Change Tracker (5.5.13.2)' at 2025-02-05 11:14:42.161950, scheduled to end at 2025-02-05 11:19:37.097086
2025-03-06 16:39:19,310 - root - INFO - Token Token-122 started task 'Create Journal Entries?' at 2025-02-05 11:14:42.161950, scheduled to end at 2025-02-05 11:14:42.161950
2025-03-06 16:39:19,310 - root - INFO - Token Token-122 completed task 'Create Journal Entries?' at 2025-02-05 11:14:42.161950.
2025-03-06 16:39:19,310 - root - INFO - Token Token-122 started task 'Inclusive Path 3' at 2025-02-05 11:14:42.161950, scheduled to end at 2025-02-05 11:15:17.235339
2025-03-06 16:39:19,310 - root - INFO - Token Token-122 completed task 'Inclusive Path 3' at 2025-02-05 11:15:17.235339.
2025-03-06 16:39:19,311 - root - INFO - Token Token-122 started task 'Unknown' at 2025-02-05 11:15:17.235339, scheduled to end at 2025-02-05 11:15:17.235339
2025-03-06 16:39:19,311 - root - INFO - Token Token-122 completed task 'Unknown' at 2025-02-05 11:15:17.235339.
2025-03-06 16:39:19,311 - root - INFO - Token Token-122 has completed the entire process at 2025-02-05 11:15:17.235339.
2025-03-06 16:39:19,311 - root - INFO - Token Token-123 completed task 'Note Accuracy in Asset Change Tracker (5.5.13.2)' at 2025-02-05 11:19:37.097086.
2025-03-06 16:39:19,312 - root - INFO - Token Token-124 released from wait queue for 'Tech'
2025-03-06 16:39:19,313 - root - INFO - Token Token-124 waited 38814.20 minutes for resource
2025-03-06 16:39:19,313 - root - INFO - Token Token-124 started task 'Note Accuracy in Asset Change Tracker (5.5.13.2)' at 2025-02-05 11:19:37.097086, scheduled to end at 2025-02-05 11:25:37.702221
2025-03-06 16:39:19,313 - root - INFO - Token Token-123 started task 'Unknown' at 2025-02-05 11:19:37.097086, scheduled to end at 2025-02-05 11:19:37.097086
2025-03-06 16:39:19,314 - root - INFO - Token Token-123 completed task 'Unknown' at 2025-02-05 11:19:37.097086.
2025-03-06 16:39:19,314 - root - INFO - Token Token-123 has completed the entire process at 2025-02-05 11:19:37.097086.
2025-03-06 16:39:19,314 - root - INFO - Token Token-124 completed task 'Note Accuracy in Asset Change Tracker (5.5.13.2)' at 2025-02-05 11:25:37.702221.
2025-03-06 16:39:19,314 - root - INFO - Token Token-125 released from wait queue for 'Tech'
2025-03-06 16:39:19,315 - root - INFO - Token Token-125 waited 38813.72 minutes for resource
2025-03-06 16:39:19,315 - root - INFO - Token Token-125 started task 'Note Accuracy in Asset Change Tracker (5.5.13.2)' at 2025-02-05 11:25:37.702221, scheduled to end at 2025-02-05 11:31:30.154712
2025-03-06 16:39:19,315 - root - INFO - Token Token-124 started task 'Unknown' at 2025-02-05 11:25:37.702221, scheduled to end at 2025-02-05 11:25:37.702221
2025-03-06 16:39:19,317 - root - INFO - Token Token-124 completed task 'Unknown' at 2025-02-05 11:25:37.702221.
2025-03-06 16:39:19,317 - root - INFO - Token Token-124 has completed the entire process at 2025-02-05 11:25:37.702221.
2025-03-06 16:39:19,318 - root - INFO - Token Token-125 completed task 'Note Accuracy in Asset Change Tracker (5.5.13.2)' at 2025-02-05 11:31:30.154712.
2025-03-06 16:39:19,318 - root - INFO - Token Token-126 released from wait queue for 'Tech'
2025-03-06 16:39:19,318 - root - INFO - Token Token-126 waited 38813.10 minutes for resource
2025-03-06 16:39:19,319 - root - INFO - Token Token-126 started task 'Note Accuracy in Asset Change Tracker (5.5.13.2)' at 2025-02-05 11:31:30.154712, scheduled to end at 2025-02-05 11:36:03.494481
2025-03-06 16:39:19,319 - root - INFO - Token Token-125 started task 'Unknown' at 2025-02-05 11:31:30.154712, scheduled to end at 2025-02-05 11:31:30.154712
2025-03-06 16:39:19,320 - root - INFO - Token Token-125 completed task 'Unknown' at 2025-02-05 11:31:30.154712.
2025-03-06 16:39:19,320 - root - INFO - Token Token-125 has completed the entire process at 2025-02-05 11:31:30.154712.
2025-03-06 16:39:19,321 - root - INFO - Token Token-126 completed task 'Note Accuracy in Asset Change Tracker (5.5.13.2)' at 2025-02-05 11:36:03.494481.
2025-03-06 16:39:19,321 - root - INFO - Token Token-127 released from wait queue for 'Tech'
2025-03-06 16:39:19,321 - root - INFO - Token Token-127 waited 38810.44 minutes for resource
2025-03-06 16:39:19,322 - root - INFO - Token Token-127 started task 'Work with REO RPO to Correct (5.5.13.3)' at 2025-02-05 11:36:03.494481, scheduled to end at 2025-02-06 07:00:00
2025-03-06 16:39:19,322 - root - INFO - Token Token-126 started task 'Unknown' at 2025-02-05 11:36:03.494481, scheduled to end at 2025-02-05 11:36:03.494481
2025-03-06 16:39:19,323 - root - INFO - Token Token-126 completed task 'Unknown' at 2025-02-05 11:36:03.494481.
2025-03-06 16:39:19,323 - root - INFO - Token Token-126 has completed the entire process at 2025-02-05 11:36:03.494481.
2025-03-06 16:39:19,324 - root - INFO - Token Token-127 completed task 'Work with REO RPO to Correct (5.5.13.3)' at 2025-02-06 07:00:00.
2025-03-06 16:39:19,324 - root - INFO - Token Token-128 released from wait queue for 'Tech'
2025-03-06 16:39:19,324 - root - INFO - Token Token-128 waited 39965.37 minutes for resource
2025-03-06 16:39:19,325 - root - INFO - Token Token-128 started task 'Note Accuracy in Asset Change Tracker (5.5.13.2)' at 2025-02-06 07:00:00, scheduled to end at 2025-02-06 07:06:39.252439
2025-03-06 16:39:19,325 - root - INFO - Token Token-127 started task 'Create Journal Entries?' at 2025-02-06 07:00:00, scheduled to end at 2025-02-06 07:00:00
2025-03-06 16:39:19,326 - root - INFO - Token Token-127 completed task 'Create Journal Entries?' at 2025-02-06 07:00:00.
2025-03-06 16:39:19,326 - root - INFO - Token Token-127 waiting for resource 'Certifier' at 2025-02-06 07:00:00
2025-03-06 16:39:19,326 - root - INFO - Token Token-127 started task 'Inclusive Path 3' at 2025-02-06 07:00:00, scheduled to end at 2025-02-06 07:00:52.016034
2025-03-06 16:39:19,327 - root - INFO - Token Token-127 completed task 'Inclusive Path 3' at 2025-02-06 07:00:52.016034.
2025-03-06 16:39:19,327 - root - INFO - Token Token-127 started task 'Unknown' at 2025-02-06 07:00:52.016034, scheduled to end at 2025-02-06 07:00:52.016034
2025-03-06 16:39:19,328 - root - INFO - Token Token-127 completed task 'Unknown' at 2025-02-06 07:00:52.016034.
2025-03-06 16:39:19,328 - root - INFO - Token Token-127 has completed the entire process at 2025-02-06 07:00:52.016034.
2025-03-06 16:39:19,328 - root - INFO - Token Token-128 completed task 'Note Accuracy in Asset Change Tracker (5.5.13.2)' at 2025-02-06 07:06:39.252439.
2025-03-06 16:39:19,329 - root - INFO - Token Token-129 released from wait queue for 'Tech'
2025-03-06 16:39:19,329 - root - INFO - Token Token-129 waited 38886.65 minutes for resource
2025-03-06 16:39:19,329 - root - INFO - Token Token-129 started task 'Note Accuracy in Asset Change Tracker (5.5.13.2)' at 2025-02-06 07:06:39.252439, scheduled to end at 2025-02-06 07:12:06.787135
2025-03-06 16:39:19,331 - root - INFO - Token Token-128 started task 'Unknown' at 2025-02-06 07:06:39.252439, scheduled to end at 2025-02-06 07:06:39.252439
2025-03-06 16:39:19,331 - root - INFO - Token Token-128 completed task 'Unknown' at 2025-02-06 07:06:39.252439.
2025-03-06 16:39:19,332 - root - INFO - Token Token-128 has completed the entire process at 2025-02-06 07:06:39.252439.
2025-03-06 16:39:19,333 - root - INFO - Token Token-129 completed task 'Note Accuracy in Asset Change Tracker (5.5.13.2)' at 2025-02-06 07:12:06.787135.
2025-03-06 16:39:19,350 - root - INFO - Token Token-130 released from wait queue for 'Tech'
2025-03-06 16:39:19,350 - root - INFO - Token Token-130 waited 38884.66 minutes for resource
2025-03-06 16:39:19,350 - root - INFO - Token Token-130 started task 'Work with REO RPO to Correct (5.5.13.3)' at 2025-02-06 07:12:06.787135, scheduled to end at 2025-02-06 09:14:22.924274
2025-03-06 16:39:19,351 - root - INFO - Token Token-129 started task 'Unknown' at 2025-02-06 07:12:06.787135, scheduled to end at 2025-02-06 07:12:06.787135
2025-03-06 16:39:19,351 - root - INFO - Token Token-129 completed task 'Unknown' at 2025-02-06 07:12:06.787135.
2025-03-06 16:39:19,351 - root - INFO - Token Token-129 has completed the entire process at 2025-02-06 07:12:06.787135.
2025-03-06 16:39:19,351 - root - INFO - Token Token-130 completed task 'Work with REO RPO to Correct (5.5.13.3)' at 2025-02-06 09:14:22.924274.
2025-03-06 16:39:19,352 - root - INFO - Token Token-131 released from wait queue for 'Tech'
2025-03-06 16:39:19,352 - root - INFO - Token Token-131 waited 38998.45 minutes for resource
2025-03-06 16:39:19,352 - root - INFO - Token Token-131 started task 'Note Accuracy in Asset Change Tracker (5.5.13.2)' at 2025-02-06 09:14:22.924274, scheduled to end at 2025-02-06 09:20:18.999075
2025-03-06 16:39:19,352 - root - INFO - Token Token-130 started task 'Create Journal Entries?' at 2025-02-06 09:14:22.924274, scheduled to end at 2025-02-06 09:14:22.924274
2025-03-06 16:39:19,353 - root - INFO - Token Token-130 completed task 'Create Journal Entries?' at 2025-02-06 09:14:22.924274.
2025-03-06 16:39:19,353 - root - INFO - Token Token-130 started task 'Inclusive Path 3' at 2025-02-06 09:14:22.924274, scheduled to end at 2025-02-06 09:15:28.307360
2025-03-06 16:39:19,353 - root - INFO - Token Token-130 completed task 'Inclusive Path 3' at 2025-02-06 09:15:28.307360.
2025-03-06 16:39:19,353 - root - INFO - Token Token-130 started task 'Unknown' at 2025-02-06 09:15:28.307360, scheduled to end at 2025-02-06 09:15:28.307360
2025-03-06 16:39:19,354 - root - INFO - Token Token-130 completed task 'Unknown' at 2025-02-06 09:15:28.307360.
2025-03-06 16:39:19,354 - root - INFO - Token Token-130 has completed the entire process at 2025-02-06 09:15:28.307360.
2025-03-06 16:39:19,354 - root - INFO - Token Token-131 completed task 'Note Accuracy in Asset Change Tracker (5.5.13.2)' at 2025-02-06 09:20:18.999075.
2025-03-06 16:39:19,354 - root - INFO - Token Token-132 released from wait queue for 'Tech'
2025-03-06 16:39:19,354 - root - INFO - Token Token-132 waited 38994.86 minutes for resource
2025-03-06 16:39:19,355 - root - INFO - Token Token-132 started task 'Note Accuracy in Asset Change Tracker (5.5.13.2)' at 2025-02-06 09:20:18.999075, scheduled to end at 2025-02-06 09:25:11.498913
2025-03-06 16:39:19,355 - root - INFO - Token Token-131 started task 'Unknown' at 2025-02-06 09:20:18.999075, scheduled to end at 2025-02-06 09:20:18.999075
2025-03-06 16:39:19,355 - root - INFO - Token Token-131 completed task 'Unknown' at 2025-02-06 09:20:18.999075.
2025-03-06 16:39:19,356 - root - INFO - Token Token-131 has completed the entire process at 2025-02-06 09:20:18.999075.
2025-03-06 16:39:19,356 - root - INFO - Token Token-132 completed task 'Note Accuracy in Asset Change Tracker (5.5.13.2)' at 2025-02-06 09:25:11.498913.
2025-03-06 16:39:19,356 - root - INFO - Token Token-133 released from wait queue for 'Tech'
2025-03-06 16:39:19,356 - root - INFO - Token Token-133 waited 38993.13 minutes for resource
2025-03-06 16:39:19,357 - root - INFO - Token Token-133 started task 'Note Accuracy in Asset Change Tracker (5.5.13.2)' at 2025-02-06 09:25:11.498913, scheduled to end at 2025-02-06 09:31:52.921929
2025-03-06 16:39:19,358 - root - INFO - Token Token-132 started task 'Unknown' at 2025-02-06 09:25:11.498913, scheduled to end at 2025-02-06 09:25:11.498913
2025-03-06 16:39:19,358 - root - INFO - Token Token-132 completed task 'Unknown' at 2025-02-06 09:25:11.498913.
2025-03-06 16:39:19,359 - root - INFO - Token Token-132 has completed the entire process at 2025-02-06 09:25:11.498913.
2025-03-06 16:39:19,360 - root - INFO - Token Token-133 completed task 'Note Accuracy in Asset Change Tracker (5.5.13.2)' at 2025-02-06 09:31:52.921929.
2025-03-06 16:39:19,361 - root - INFO - Token Token-134 released from wait queue for 'Tech'
2025-03-06 16:39:19,361 - root - INFO - Token Token-134 waited 38992.14 minutes for resource
2025-03-06 16:39:19,362 - root - INFO - Token Token-134 started task 'Note Accuracy in Asset Change Tracker (5.5.13.2)' at 2025-02-06 09:31:52.921929, scheduled to end at 2025-02-06 09:38:10.871146
2025-03-06 16:39:19,364 - root - INFO - Token Token-133 started task 'Unknown' at 2025-02-06 09:31:52.921929, scheduled to end at 2025-02-06 09:31:52.921929
2025-03-06 16:39:19,365 - root - INFO - Token Token-133 completed task 'Unknown' at 2025-02-06 09:31:52.921929.
2025-03-06 16:39:19,365 - root - INFO - Token Token-133 has completed the entire process at 2025-02-06 09:31:52.921929.
2025-03-06 16:39:19,366 - root - INFO - Token Token-134 completed task 'Note Accuracy in Asset Change Tracker (5.5.13.2)' at 2025-02-06 09:38:10.871146.
2025-03-06 16:39:19,366 - root - INFO - Token Token-135 released from wait queue for 'Tech'
2025-03-06 16:39:19,366 - root - INFO - Token Token-135 waited 38990.38 minutes for resource
2025-03-06 16:39:19,367 - root - INFO - Token Token-135 started task 'Note Accuracy in Asset Change Tracker (5.5.13.2)' at 2025-02-06 09:38:10.871146, scheduled to end at 2025-02-06 09:42:02.850122
2025-03-06 16:39:19,367 - root - INFO - Token Token-134 started task 'Unknown' at 2025-02-06 09:38:10.871146, scheduled to end at 2025-02-06 09:38:10.871146
2025-03-06 16:39:19,368 - root - INFO - Token Token-134 completed task 'Unknown' at 2025-02-06 09:38:10.871146.
2025-03-06 16:39:19,368 - root - INFO - Token Token-134 has completed the entire process at 2025-02-06 09:38:10.871146.
2025-03-06 16:39:19,369 - root - INFO - Token Token-135 completed task 'Note Accuracy in Asset Change Tracker (5.5.13.2)' at 2025-02-06 09:42:02.850122.
2025-03-06 16:39:19,369 - root - INFO - Token Token-136 released from wait queue for 'Tech'
2025-03-06 16:39:19,370 - root - INFO - Token Token-136 waited 38986.07 minutes for resource
2025-03-06 16:39:19,370 - root - INFO - Token Token-136 started task 'Note Accuracy in Asset Change Tracker (5.5.13.2)' at 2025-02-06 09:42:02.850122, scheduled to end at 2025-02-06 09:48:06.867732
2025-03-06 16:39:19,371 - root - INFO - Token Token-135 started task 'Unknown' at 2025-02-06 09:42:02.850122, scheduled to end at 2025-02-06 09:42:02.850122
2025-03-06 16:39:19,371 - root - INFO - Token Token-135 completed task 'Unknown' at 2025-02-06 09:42:02.850122.
2025-03-06 16:39:19,371 - root - INFO - Token Token-135 has completed the entire process at 2025-02-06 09:42:02.850122.
2025-03-06 16:39:19,372 - root - INFO - Token Token-136 completed task 'Note Accuracy in Asset Change Tracker (5.5.13.2)' at 2025-02-06 09:48:06.867732.
2025-03-06 16:39:19,372 - root - INFO - Token Token-137 released from wait queue for 'Tech'
2025-03-06 16:39:19,373 - root - INFO - Token Token-137 waited 38982.89 minutes for resource
2025-03-06 16:39:19,373 - root - INFO - Token Token-137 started task 'Note Accuracy in Asset Change Tracker (5.5.13.2)' at 2025-02-06 09:48:06.867732, scheduled to end at 2025-02-06 09:54:42.452221
2025-03-06 16:39:19,373 - root - INFO - Token Token-136 started task 'Unknown' at 2025-02-06 09:48:06.867732, scheduled to end at 2025-02-06 09:48:06.867732
2025-03-06 16:39:19,374 - root - INFO - Token Token-136 completed task 'Unknown' at 2025-02-06 09:48:06.867732.
2025-03-06 16:39:19,374 - root - INFO - Token Token-136 has completed the entire process at 2025-02-06 09:48:06.867732.
2025-03-06 16:39:19,375 - root - INFO - Token Token-137 completed task 'Note Accuracy in Asset Change Tracker (5.5.13.2)' at 2025-02-06 09:54:42.452221.
2025-03-06 16:39:19,375 - root - INFO - Token Token-138 released from wait queue for 'Tech'
2025-03-06 16:39:19,375 - root - INFO - Token Token-138 waited 38982.55 minutes for resource
2025-03-06 16:39:19,376 - root - INFO - Token Token-138 started task 'Note Accuracy in Asset Change Tracker (5.5.13.2)' at 2025-02-06 09:54:42.452221, scheduled to end at 2025-02-06 09:58:25.523597
2025-03-06 16:39:19,376 - root - INFO - Token Token-137 started task 'Unknown' at 2025-02-06 09:54:42.452221, scheduled to end at 2025-02-06 09:54:42.452221
2025-03-06 16:39:19,377 - root - INFO - Token Token-137 completed task 'Unknown' at 2025-02-06 09:54:42.452221.
2025-03-06 16:39:19,379 - root - INFO - Token Token-137 has completed the entire process at 2025-02-06 09:54:42.452221.
2025-03-06 16:39:19,380 - root - INFO - Token Token-138 completed task 'Note Accuracy in Asset Change Tracker (5.5.13.2)' at 2025-02-06 09:58:25.523597.
2025-03-06 16:39:19,394 - root - INFO - Token Token-139 released from wait queue for 'Tech'
2025-03-06 16:39:19,394 - root - INFO - Token Token-139 waited 38979.78 minutes for resource
2025-03-06 16:39:19,395 - root - INFO - Token Token-139 started task 'Note Accuracy in Asset Change Tracker (5.5.13.2)' at 2025-02-06 09:58:25.523597, scheduled to end at 2025-02-06 10:02:46.505809
2025-03-06 16:39:19,395 - root - INFO - Token Token-138 started task 'Unknown' at 2025-02-06 09:58:25.523597, scheduled to end at 2025-02-06 09:58:25.523597
2025-03-06 16:39:19,395 - root - INFO - Token Token-138 completed task 'Unknown' at 2025-02-06 09:58:25.523597.
2025-03-06 16:39:19,395 - root - INFO - Token Token-138 has completed the entire process at 2025-02-06 09:58:25.523597.
2025-03-06 16:39:19,397 - root - INFO - Token Token-139 completed task 'Note Accuracy in Asset Change Tracker (5.5.13.2)' at 2025-02-06 10:02:46.505809.
2025-03-06 16:39:19,397 - root - INFO - Token Token-140 released from wait queue for 'Tech'
2025-03-06 16:39:19,397 - root - INFO - Token Token-140 waited 38974.57 minutes for resource
2025-03-06 16:39:19,397 - root - INFO - Token Token-140 started task 'Work with REO RPO to Correct (5.5.13.3)' at 2025-02-06 10:02:46.505809, scheduled to end at 2025-02-06 12:13:27.653731
2025-03-06 16:39:19,398 - root - INFO - Token Token-139 started task 'Unknown' at 2025-02-06 10:02:46.505809, scheduled to end at 2025-02-06 10:02:46.505809
2025-03-06 16:39:19,398 - root - INFO - Token Token-139 completed task 'Unknown' at 2025-02-06 10:02:46.505809.
2025-03-06 16:39:19,398 - root - INFO - Token Token-139 has completed the entire process at 2025-02-06 10:02:46.505809.
2025-03-06 16:39:19,398 - root - INFO - Token Token-140 completed task 'Work with REO RPO to Correct (5.5.13.3)' at 2025-02-06 12:13:27.653731.
2025-03-06 16:39:19,399 - root - INFO - Token Token-141 released from wait queue for 'Tech'
2025-03-06 16:39:19,399 - root - INFO - Token Token-141 waited 39095.74 minutes for resource
2025-03-06 16:39:19,399 - root - INFO - Token Token-141 started task 'Note Accuracy in Asset Change Tracker (5.5.13.2)' at 2025-02-06 12:13:27.653731, scheduled to end at 2025-02-06 12:17:46.604207
2025-03-06 16:39:19,399 - root - INFO - Token Token-140 started task 'Create Journal Entries?' at 2025-02-06 12:13:27.653731, scheduled to end at 2025-02-06 12:13:27.653731
2025-03-06 16:39:19,399 - root - INFO - Token Token-140 completed task 'Create Journal Entries?' at 2025-02-06 12:13:27.653731.
2025-03-06 16:39:19,399 - root - INFO - Token Token-140 waiting for resource 'Certifier' at 2025-02-06 12:13:27.653731
2025-03-06 16:39:19,399 - root - INFO - Token Token-140 waiting for resource 'Tech' at 2025-02-06 12:13:27.653731
2025-03-06 16:39:19,399 - root - INFO - Token Token-141 completed task 'Note Accuracy in Asset Change Tracker (5.5.13.2)' at 2025-02-06 12:17:46.604207.
2025-03-06 16:39:19,400 - root - INFO - Token Token-142 released from wait queue for 'Tech'
2025-03-06 16:39:19,400 - root - INFO - Token Token-142 waited 39092.54 minutes for resource
2025-03-06 16:39:19,400 - root - INFO - Token Token-142 started task 'Note Accuracy in Asset Change Tracker (5.5.13.2)' at 2025-02-06 12:17:46.604207, scheduled to end at 2025-02-06 12:24:04.948953
2025-03-06 16:39:19,402 - root - INFO - Token Token-141 started task 'Unknown' at 2025-02-06 12:17:46.604207, scheduled to end at 2025-02-06 12:17:46.604207
2025-03-06 16:39:19,402 - root - INFO - Token Token-141 completed task 'Unknown' at 2025-02-06 12:17:46.604207.
2025-03-06 16:39:19,403 - root - INFO - Token Token-141 has completed the entire process at 2025-02-06 12:17:46.604207.
2025-03-06 16:39:19,403 - root - INFO - Token Token-142 completed task 'Note Accuracy in Asset Change Tracker (5.5.13.2)' at 2025-02-06 12:24:04.948953.
2025-03-06 16:39:19,403 - root - INFO - Token Token-143 released from wait queue for 'Tech'
2025-03-06 16:39:19,403 - root - INFO - Token Token-143 waited 39091.98 minutes for resource
2025-03-06 16:39:19,404 - root - INFO - Token Token-143 started task 'Note Accuracy in Asset Change Tracker (5.5.13.2)' at 2025-02-06 12:24:04.948953, scheduled to end at 2025-02-06 12:28:38.217635
2025-03-06 16:39:19,405 - root - INFO - Token Token-142 started task 'Unknown' at 2025-02-06 12:24:04.948953, scheduled to end at 2025-02-06 12:24:04.948953
2025-03-06 16:39:19,405 - root - INFO - Token Token-142 completed task 'Unknown' at 2025-02-06 12:24:04.948953.
2025-03-06 16:39:19,406 - root - INFO - Token Token-142 has completed the entire process at 2025-02-06 12:24:04.948953.
2025-03-06 16:39:19,406 - root - INFO - Token Token-143 completed task 'Note Accuracy in Asset Change Tracker (5.5.13.2)' at 2025-02-06 12:28:38.217635.
2025-03-06 16:39:19,407 - root - INFO - Token Token-144 released from wait queue for 'Tech'
2025-03-06 16:39:19,407 - root - INFO - Token Token-144 waited 39087.83 minutes for resource
2025-03-06 16:39:19,407 - root - INFO - Token Token-144 started task 'Work with REO RPO to Correct (5.5.13.3)' at 2025-02-06 12:28:38.217635, scheduled to end at 2025-02-07 07:00:00
2025-03-06 16:39:19,409 - root - INFO - Token Token-143 started task 'Unknown' at 2025-02-06 12:28:38.217635, scheduled to end at 2025-02-06 12:28:38.217635
2025-03-06 16:39:19,410 - root - INFO - Token Token-143 completed task 'Unknown' at 2025-02-06 12:28:38.217635.
2025-03-06 16:39:19,410 - root - INFO - Token Token-143 has completed the entire process at 2025-02-06 12:28:38.217635.
2025-03-06 16:39:19,411 - root - INFO - Token Token-144 completed task 'Work with REO RPO to Correct (5.5.13.3)' at 2025-02-07 07:00:00.
2025-03-06 16:39:19,411 - root - INFO - Token Token-145 released from wait queue for 'Tech'
2025-03-06 16:39:19,411 - root - INFO - Token Token-145 waited 40191.18 minutes for resource
2025-03-06 16:39:19,412 - root - INFO - Token Token-145 started task 'Note Accuracy in Asset Change Tracker (5.5.13.2)' at 2025-02-07 07:00:00, scheduled to end at 2025-02-07 07:06:37.153902
2025-03-06 16:39:19,412 - root - INFO - Token Token-144 started task 'Create Journal Entries?' at 2025-02-07 07:00:00, scheduled to end at 2025-02-07 07:00:00
2025-03-06 16:39:19,413 - root - INFO - Token Token-144 completed task 'Create Journal Entries?' at 2025-02-07 07:00:00.
2025-03-06 16:39:19,413 - root - INFO - Token Token-144 waiting for resource 'Certifier' at 2025-02-07 07:00:00
2025-03-06 16:39:19,413 - root - INFO - Token Token-144 waiting for resource 'Tech' at 2025-02-07 07:00:00
2025-03-06 16:39:19,414 - root - INFO - Token Token-145 completed task 'Note Accuracy in Asset Change Tracker (5.5.13.2)' at 2025-02-07 07:06:37.153902.
2025-03-06 16:39:19,414 - root - INFO - Token Token-146 released from wait queue for 'Tech'
2025-03-06 16:39:19,415 - root - INFO - Token Token-146 waited 40189.23 minutes for resource
2025-03-06 16:39:19,415 - root - INFO - Token Token-146 started task 'Note Accuracy in Asset Change Tracker (5.5.13.2)' at 2025-02-07 07:06:37.153902, scheduled to end at 2025-02-07 07:12:44.396013
2025-03-06 16:39:19,416 - root - INFO - Token Token-145 started task 'Unknown' at 2025-02-07 07:06:37.153902, scheduled to end at 2025-02-07 07:06:37.153902
2025-03-06 16:39:19,416 - root - INFO - Token Token-145 completed task 'Unknown' at 2025-02-07 07:06:37.153902.
2025-03-06 16:39:19,417 - root - INFO - Token Token-145 has completed the entire process at 2025-02-07 07:06:37.153902.
2025-03-06 16:39:19,417 - root - INFO - Token Token-146 completed task 'Note Accuracy in Asset Change Tracker (5.5.13.2)' at 2025-02-07 07:12:44.396013.
2025-03-06 16:39:19,417 - root - INFO - Token Token-147 released from wait queue for 'Tech'
2025-03-06 16:39:19,418 - root - INFO - Token Token-147 waited 40186.68 minutes for resource
2025-03-06 16:39:19,418 - root - INFO - Token Token-147 started task 'Note Accuracy in Asset Change Tracker (5.5.13.2)' at 2025-02-07 07:12:44.396013, scheduled to end at 2025-02-07 07:19:15.307093
2025-03-06 16:39:19,419 - root - INFO - Token Token-146 started task 'Unknown' at 2025-02-07 07:12:44.396013, scheduled to end at 2025-02-07 07:12:44.396013
2025-03-06 16:39:19,419 - root - INFO - Token Token-146 completed task 'Unknown' at 2025-02-07 07:12:44.396013.
2025-03-06 16:39:19,419 - root - INFO - Token Token-146 has completed the entire process at 2025-02-07 07:12:44.396013.
2025-03-06 16:39:19,419 - root - INFO - Token Token-147 completed task 'Note Accuracy in Asset Change Tracker (5.5.13.2)' at 2025-02-07 07:19:15.307093.
2025-03-06 16:39:19,420 - root - INFO - Token Token-148 released from wait queue for 'Tech'
2025-03-06 16:39:19,420 - root - INFO - Token Token-148 waited 40183.79 minutes for resource
2025-03-06 16:39:19,421 - root - INFO - Token Token-148 started task 'Work with REO RPO to Correct (5.5.13.3)' at 2025-02-07 07:19:15.307093, scheduled to end at 2025-02-07 09:25:22.524700
2025-03-06 16:39:19,421 - root - INFO - Token Token-147 started task 'Unknown' at 2025-02-07 07:19:15.307093, scheduled to end at 2025-02-07 07:19:15.307093
2025-03-06 16:39:19,421 - root - INFO - Token Token-147 completed task 'Unknown' at 2025-02-07 07:19:15.307093.
2025-03-06 16:39:19,422 - root - INFO - Token Token-147 has completed the entire process at 2025-02-07 07:19:15.307093.
2025-03-06 16:39:19,422 - root - INFO - Token Token-148 completed task 'Work with REO RPO to Correct (5.5.13.3)' at 2025-02-07 09:25:22.524700.
2025-03-06 16:39:19,423 - root - INFO - Token Token-149 released from wait queue for 'Tech'
2025-03-06 16:39:19,423 - root - INFO - Token Token-149 waited 40300.39 minutes for resource
2025-03-06 16:39:19,423 - root - INFO - Token Token-149 started task 'Note Accuracy in Asset Change Tracker (5.5.13.2)' at 2025-02-07 09:25:22.524700, scheduled to end at 2025-02-07 09:30:37.411277
2025-03-06 16:39:19,424 - root - INFO - Token Token-148 started task 'Create Journal Entries?' at 2025-02-07 09:25:22.524700, scheduled to end at 2025-02-07 09:25:22.524700
2025-03-06 16:39:19,425 - root - INFO - Token Token-148 completed task 'Create Journal Entries?' at 2025-02-07 09:25:22.524700.
2025-03-06 16:39:19,425 - root - INFO - Token Token-148 started task 'Inclusive Path 3' at 2025-02-07 09:25:22.524700, scheduled to end at 2025-02-07 09:26:13.477956
2025-03-06 16:39:19,426 - root - INFO - Token Token-148 completed task 'Inclusive Path 3' at 2025-02-07 09:26:13.477956.
2025-03-06 16:39:19,426 - root - INFO - Token Token-148 started task 'Unknown' at 2025-02-07 09:26:13.477956, scheduled to end at 2025-02-07 09:26:13.477956
2025-03-06 16:39:19,426 - root - INFO - Token Token-148 completed task 'Unknown' at 2025-02-07 09:26:13.477956.
2025-03-06 16:39:19,427 - root - INFO - Token Token-148 has completed the entire process at 2025-02-07 09:26:13.477956.
2025-03-06 16:39:19,427 - root - INFO - Token Token-149 completed task 'Note Accuracy in Asset Change Tracker (5.5.13.2)' at 2025-02-07 09:30:37.411277.
2025-03-06 16:39:19,428 - root - INFO - Token Token-150 released from wait queue for 'Tech'
2025-03-06 16:39:19,428 - root - INFO - Token Token-150 waited 40297.72 minutes for resource
2025-03-06 16:39:19,428 - root - INFO - Token Token-150 started task 'Note Accuracy in Asset Change Tracker (5.5.13.2)' at 2025-02-07 09:30:37.411277, scheduled to end at 2025-02-07 09:34:54.140427
2025-03-06 16:39:19,429 - root - INFO - Token Token-149 started task 'Unknown' at 2025-02-07 09:30:37.411277, scheduled to end at 2025-02-07 09:30:37.411277
2025-03-06 16:39:19,429 - root - INFO - Token Token-149 completed task 'Unknown' at 2025-02-07 09:30:37.411277.
2025-03-06 16:39:19,429 - root - INFO - Token Token-149 has completed the entire process at 2025-02-07 09:30:37.411277.
2025-03-06 16:39:19,430 - root - INFO - Token Token-150 completed task 'Note Accuracy in Asset Change Tracker (5.5.13.2)' at 2025-02-07 09:34:54.140427.
2025-03-06 16:39:19,431 - root - INFO - Token Token-151 released from wait queue for 'Tech'
2025-03-06 16:39:19,438 - root - INFO - Token Token-151 waited 40293.45 minutes for resource
2025-03-06 16:39:19,439 - root - INFO - Token Token-151 started task 'Note Accuracy in Asset Change Tracker (5.5.13.2)' at 2025-02-07 09:34:54.140427, scheduled to end at 2025-02-07 09:41:38.469017
2025-03-06 16:39:19,440 - root - INFO - Token Token-150 started task 'Unknown' at 2025-02-07 09:34:54.140427, scheduled to end at 2025-02-07 09:34:54.140427
2025-03-06 16:39:19,440 - root - INFO - Token Token-150 completed task 'Unknown' at 2025-02-07 09:34:54.140427.
2025-03-06 16:39:19,440 - root - INFO - Token Token-150 has completed the entire process at 2025-02-07 09:34:54.140427.
2025-03-06 16:39:19,440 - root - INFO - Token Token-151 completed task 'Note Accuracy in Asset Change Tracker (5.5.13.2)' at 2025-02-07 09:41:38.469017.
2025-03-06 16:39:19,441 - root - INFO - Token Token-152 released from wait queue for 'Tech'
2025-03-06 16:39:19,441 - root - INFO - Token Token-152 waited 40292.96 minutes for resource
2025-03-06 16:39:19,441 - root - INFO - Token Token-152 started task 'Work with REO RPO to Correct (5.5.13.3)' at 2025-02-07 09:41:38.469017, scheduled to end at 2025-02-07 12:06:19.186026
2025-03-06 16:39:19,441 - root - INFO - Token Token-151 started task 'Unknown' at 2025-02-07 09:41:38.469017, scheduled to end at 2025-02-07 09:41:38.469017
2025-03-06 16:39:19,442 - root - INFO - Token Token-151 completed task 'Unknown' at 2025-02-07 09:41:38.469017.
2025-03-06 16:39:19,442 - root - INFO - Token Token-151 has completed the entire process at 2025-02-07 09:41:38.469017.
2025-03-06 16:39:19,442 - root - INFO - Token Token-152 completed task 'Work with REO RPO to Correct (5.5.13.3)' at 2025-02-07 12:06:19.186026.
2025-03-06 16:39:19,442 - root - INFO - Token Token-153 released from wait queue for 'Tech'
2025-03-06 16:39:19,442 - root - INFO - Token Token-153 waited 40429.89 minutes for resource
2025-03-06 16:39:19,443 - root - INFO - Token Token-153 started task 'Note Accuracy in Asset Change Tracker (5.5.13.2)' at 2025-02-07 12:06:19.186026, scheduled to end at 2025-02-07 12:12:28.152369
2025-03-06 16:39:19,443 - root - INFO - Token Token-152 started task 'Create Journal Entries?' at 2025-02-07 12:06:19.186026, scheduled to end at 2025-02-07 12:06:19.186026
2025-03-06 16:39:19,443 - root - INFO - Token Token-152 completed task 'Create Journal Entries?' at 2025-02-07 12:06:19.186026.
2025-03-06 16:39:19,443 - root - INFO - Token Token-152 waiting for resource 'Tech' at 2025-02-07 12:06:19.186026
2025-03-06 16:39:19,444 - root - INFO - Token Token-152 started task 'Inclusive Path 3' at 2025-02-07 12:06:19.186026, scheduled to end at 2025-02-07 12:06:58.530307
2025-03-06 16:39:19,444 - root - INFO - Token Token-152 completed task 'Inclusive Path 3' at 2025-02-07 12:06:58.530307.
2025-03-06 16:39:19,444 - root - INFO - Token Token-152 started task 'Unknown' at 2025-02-07 12:06:58.530307, scheduled to end at 2025-02-07 12:06:58.530307
2025-03-06 16:39:19,445 - root - INFO - Token Token-152 completed task 'Unknown' at 2025-02-07 12:06:58.530307.
2025-03-06 16:39:19,445 - root - INFO - Token Token-152 has completed the entire process at 2025-02-07 12:06:58.530307.
2025-03-06 16:39:19,445 - root - INFO - Token Token-153 completed task 'Note Accuracy in Asset Change Tracker (5.5.13.2)' at 2025-02-07 12:12:28.152369.
2025-03-06 16:39:19,446 - root - INFO - Token Token-154 released from wait queue for 'Tech'
2025-03-06 16:39:19,446 - root - INFO - Token Token-154 waited 40430.17 minutes for resource
2025-03-06 16:39:19,446 - root - INFO - Token Token-154 started task 'Work with REO RPO to Correct (5.5.13.3)' at 2025-02-07 12:12:28.152369, scheduled to end at 2025-02-10 07:00:00
2025-03-06 16:39:19,446 - root - INFO - Token Token-153 started task 'Unknown' at 2025-02-07 12:12:28.152369, scheduled to end at 2025-02-07 12:12:28.152369
2025-03-06 16:39:19,447 - root - INFO - Token Token-153 completed task 'Unknown' at 2025-02-07 12:12:28.152369.
2025-03-06 16:39:19,447 - root - INFO - Token Token-153 has completed the entire process at 2025-02-07 12:12:28.152369.
2025-03-06 16:39:19,447 - root - INFO - Token Token-154 completed task 'Work with REO RPO to Correct (5.5.13.3)' at 2025-02-10 07:00:00.
2025-03-06 16:39:19,447 - root - INFO - Token Token-155 released from wait queue for 'Tech'
2025-03-06 16:39:19,448 - root - INFO - Token Token-155 waited 44428.20 minutes for resource
2025-03-06 16:39:19,448 - root - INFO - Token Token-155 started task 'Note Accuracy in Asset Change Tracker (5.5.13.2)' at 2025-02-10 07:00:00, scheduled to end at 2025-02-10 07:06:25.857895
2025-03-06 16:39:19,449 - root - INFO - Token Token-154 started task 'Create Journal Entries?' at 2025-02-10 07:00:00, scheduled to end at 2025-02-10 07:00:00
2025-03-06 16:39:19,449 - root - INFO - Token Token-154 completed task 'Create Journal Entries?' at 2025-02-10 07:00:00.
2025-03-06 16:39:19,450 - root - INFO - Token Token-154 started task 'Inclusive Path 3' at 2025-02-10 07:00:00, scheduled to end at 2025-02-10 07:01:01.244571
2025-03-06 16:39:19,450 - root - INFO - Token Token-154 completed task 'Inclusive Path 3' at 2025-02-10 07:01:01.244571.
2025-03-06 16:39:19,451 - root - INFO - Token Token-154 started task 'Unknown' at 2025-02-10 07:01:01.244571, scheduled to end at 2025-02-10 07:01:01.244571
2025-03-06 16:39:19,451 - root - INFO - Token Token-154 completed task 'Unknown' at 2025-02-10 07:01:01.244571.
2025-03-06 16:39:19,451 - root - INFO - Token Token-154 has completed the entire process at 2025-02-10 07:01:01.244571.
2025-03-06 16:39:19,452 - root - INFO - Token Token-155 completed task 'Note Accuracy in Asset Change Tracker (5.5.13.2)' at 2025-02-10 07:06:25.857895.
2025-03-06 16:39:19,452 - root - INFO - Token Token-156 released from wait queue for 'Tech'
2025-03-06 16:39:19,453 - root - INFO - Token Token-156 waited 44429.11 minutes for resource
2025-03-06 16:39:19,453 - root - INFO - Token Token-156 started task 'Note Accuracy in Asset Change Tracker (5.5.13.2)' at 2025-02-10 07:06:25.857895, scheduled to end at 2025-02-10 07:10:26.120867
2025-03-06 16:39:19,454 - root - INFO - Token Token-155 started task 'Unknown' at 2025-02-10 07:06:25.857895, scheduled to end at 2025-02-10 07:06:25.857895
2025-03-06 16:39:19,454 - root - INFO - Token Token-155 completed task 'Unknown' at 2025-02-10 07:06:25.857895.
2025-03-06 16:39:19,455 - root - INFO - Token Token-155 has completed the entire process at 2025-02-10 07:06:25.857895.
2025-03-06 16:39:19,455 - root - INFO - Token Token-156 completed task 'Note Accuracy in Asset Change Tracker (5.5.13.2)' at 2025-02-10 07:10:26.120867.
2025-03-06 16:39:19,455 - root - INFO - Token Token-157 released from wait queue for 'Tech'
2025-03-06 16:39:19,456 - root - INFO - Token Token-157 waited 44425.85 minutes for resource
2025-03-06 16:39:19,456 - root - INFO - Token Token-157 started task 'Note Accuracy in Asset Change Tracker (5.5.13.2)' at 2025-02-10 07:10:26.120867, scheduled to end at 2025-02-10 07:15:36.388932
2025-03-06 16:39:19,457 - root - INFO - Token Token-156 started task 'Unknown' at 2025-02-10 07:10:26.120867, scheduled to end at 2025-02-10 07:10:26.120867
2025-03-06 16:39:19,458 - root - INFO - Token Token-156 completed task 'Unknown' at 2025-02-10 07:10:26.120867.
2025-03-06 16:39:19,458 - root - INFO - Token Token-156 has completed the entire process at 2025-02-10 07:10:26.120867.
2025-03-06 16:39:19,459 - root - INFO - Token Token-157 completed task 'Note Accuracy in Asset Change Tracker (5.5.13.2)' at 2025-02-10 07:15:36.388932.
2025-03-06 16:39:19,459 - root - INFO - Token Token-158 released from wait queue for 'Tech'
2025-03-06 16:39:19,459 - root - INFO - Token Token-158 waited 44423.07 minutes for resource
2025-03-06 16:39:19,460 - root - INFO - Token Token-158 started task 'Note Accuracy in Asset Change Tracker (5.5.13.2)' at 2025-02-10 07:15:36.388932, scheduled to end at 2025-02-10 07:21:09.352220
2025-03-06 16:39:19,460 - root - INFO - Token Token-157 started task 'Unknown' at 2025-02-10 07:15:36.388932, scheduled to end at 2025-02-10 07:15:36.388932
2025-03-06 16:39:19,461 - root - INFO - Token Token-157 completed task 'Unknown' at 2025-02-10 07:15:36.388932.
2025-03-06 16:39:19,461 - root - INFO - Token Token-157 has completed the entire process at 2025-02-10 07:15:36.388932.
2025-03-06 16:39:19,461 - root - INFO - Token Token-158 completed task 'Note Accuracy in Asset Change Tracker (5.5.13.2)' at 2025-02-10 07:21:09.352220.
2025-03-06 16:39:19,462 - root - INFO - Token Token-159 released from wait queue for 'Tech'
2025-03-06 16:39:19,462 - root - INFO - Token Token-159 waited 44420.54 minutes for resource
2025-03-06 16:39:19,462 - root - INFO - Token Token-159 started task 'Note Accuracy in Asset Change Tracker (5.5.13.2)' at 2025-02-10 07:21:09.352220, scheduled to end at 2025-02-10 07:26:08.995815
2025-03-06 16:39:19,463 - root - INFO - Token Token-158 started task 'Unknown' at 2025-02-10 07:21:09.352220, scheduled to end at 2025-02-10 07:21:09.352220
2025-03-06 16:39:19,463 - root - INFO - Token Token-158 completed task 'Unknown' at 2025-02-10 07:21:09.352220.
2025-03-06 16:39:19,464 - root - INFO - Token Token-158 has completed the entire process at 2025-02-10 07:21:09.352220.
2025-03-06 16:39:19,464 - root - INFO - Token Token-159 completed task 'Note Accuracy in Asset Change Tracker (5.5.13.2)' at 2025-02-10 07:26:08.995815.
2025-03-06 16:39:19,464 - root - INFO - Token Token-160 released from wait queue for 'Tech'
2025-03-06 16:39:19,464 - root - INFO - Token Token-160 waited 44416.91 minutes for resource
2025-03-06 16:39:19,465 - root - INFO - Token Token-160 started task 'Work with REO RPO to Correct (5.5.13.3)' at 2025-02-10 07:26:08.995815, scheduled to end at 2025-02-10 10:04:22.514105
2025-03-06 16:39:19,465 - root - INFO - Token Token-159 started task 'Unknown' at 2025-02-10 07:26:08.995815, scheduled to end at 2025-02-10 07:26:08.995815
2025-03-06 16:39:19,466 - root - INFO - Token Token-159 completed task 'Unknown' at 2025-02-10 07:26:08.995815.
2025-03-06 16:39:19,467 - root - INFO - Token Token-159 has completed the entire process at 2025-02-10 07:26:08.995815.
2025-03-06 16:39:19,467 - root - INFO - Token Token-160 completed task 'Work with REO RPO to Correct (5.5.13.3)' at 2025-02-10 10:04:22.514105.
2025-03-06 16:39:19,468 - root - INFO - Token Token-161 released from wait queue for 'Tech'
2025-03-06 16:39:19,468 - root - INFO - Token Token-161 waited 44565.60 minutes for resource
2025-03-06 16:39:19,468 - root - INFO - Token Token-161 started task 'Note Accuracy in Asset Change Tracker (5.5.13.2)' at 2025-02-10 10:04:22.514105, scheduled to end at 2025-02-10 10:10:04.530643
2025-03-06 16:39:19,469 - root - INFO - Token Token-160 started task 'Create Journal Entries?' at 2025-02-10 10:04:22.514105, scheduled to end at 2025-02-10 10:04:22.514105
2025-03-06 16:39:19,469 - root - INFO - Token Token-160 completed task 'Create Journal Entries?' at 2025-02-10 10:04:22.514105.
2025-03-06 16:39:19,469 - root - INFO - Token Token-160 waiting for resource 'Certifier' at 2025-02-10 10:04:22.514105
2025-03-06 16:39:19,470 - root - INFO - Token Token-160 waiting for resource 'Tech' at 2025-02-10 10:04:22.514105
2025-03-06 16:39:19,470 - root - INFO - Token Token-160 started task 'Inclusive Path 3' at 2025-02-10 10:04:22.514105, scheduled to end at 2025-02-10 10:04:58.945611
2025-03-06 16:39:19,471 - root - INFO - Token Token-160 completed task 'Inclusive Path 3' at 2025-02-10 10:04:58.945611.
2025-03-06 16:39:19,471 - root - INFO - Token Token-160 started task 'Unknown' at 2025-02-10 10:04:58.945611, scheduled to end at 2025-02-10 10:04:58.945611
2025-03-06 16:39:19,471 - root - INFO - Token Token-160 completed task 'Unknown' at 2025-02-10 10:04:58.945611.
2025-03-06 16:39:19,472 - root - INFO - Token Token-160 has completed the entire process at 2025-02-10 10:04:58.945611.
2025-03-06 16:39:19,472 - root - INFO - Token Token-161 completed task 'Note Accuracy in Asset Change Tracker (5.5.13.2)' at 2025-02-10 10:10:04.530643.
2025-03-06 16:39:19,473 - root - INFO - Token Token-162 released from wait queue for 'Tech'
2025-03-06 16:39:19,475 - root - INFO - Token Token-162 waited 44562.49 minutes for resource
2025-03-06 16:39:19,475 - root - INFO - Token Token-162 started task 'Work with REO RPO to Correct (5.5.13.3)' at 2025-02-10 10:10:04.530643, scheduled to end at 2025-02-10 11:33:31.558478
2025-03-06 16:39:19,489 - root - INFO - Token Token-161 started task 'Unknown' at 2025-02-10 10:10:04.530643, scheduled to end at 2025-02-10 10:10:04.530643
2025-03-06 16:39:19,489 - root - INFO - Token Token-161 completed task 'Unknown' at 2025-02-10 10:10:04.530643.
2025-03-06 16:39:19,489 - root - INFO - Token Token-161 has completed the entire process at 2025-02-10 10:10:04.530643.
2025-03-06 16:39:19,490 - root - INFO - Token Token-162 completed task 'Work with REO RPO to Correct (5.5.13.3)' at 2025-02-10 11:33:31.558478.
2025-03-06 16:39:19,490 - root - INFO - Token Token-163 released from wait queue for 'Tech'
2025-03-06 16:39:19,490 - root - INFO - Token Token-163 waited 44638.45 minutes for resource
2025-03-06 16:39:19,490 - root - INFO - Token Token-163 started task 'Work with REO RPO to Correct (5.5.13.3)' at 2025-02-10 11:33:31.558478, scheduled to end at 2025-02-11 07:00:00
2025-03-06 16:39:19,491 - root - INFO - Token Token-162 started task 'Create Journal Entries?' at 2025-02-10 11:33:31.558478, scheduled to end at 2025-02-10 11:33:31.558478
2025-03-06 16:39:19,491 - root - INFO - Token Token-162 completed task 'Create Journal Entries?' at 2025-02-10 11:33:31.558478.
2025-03-06 16:39:19,491 - root - INFO - Token Token-162 waiting for resource 'Certifier' at 2025-02-10 11:33:31.558478
2025-03-06 16:39:19,491 - root - INFO - Token Token-163 completed task 'Work with REO RPO to Correct (5.5.13.3)' at 2025-02-11 07:00:00.
2025-03-06 16:39:19,492 - root - INFO - Token Token-164 released from wait queue for 'Tech'
2025-03-06 16:39:19,492 - root - INFO - Token Token-164 waited 45795.86 minutes for resource
2025-03-06 16:39:19,492 - root - INFO - Token Token-164 started task 'Note Accuracy in Asset Change Tracker (5.5.13.2)' at 2025-02-11 07:00:00, scheduled to end at 2025-02-11 07:06:39.845671
2025-03-06 16:39:19,492 - root - INFO - Token Token-163 started task 'Create Journal Entries?' at 2025-02-11 07:00:00, scheduled to end at 2025-02-11 07:00:00
2025-03-06 16:39:19,492 - root - INFO - Token Token-163 completed task 'Create Journal Entries?' at 2025-02-11 07:00:00.
2025-03-06 16:39:19,493 - root - INFO - Token Token-163 started task 'Inclusive Path 3' at 2025-02-11 07:00:00, scheduled to end at 2025-02-11 07:01:09.471197
2025-03-06 16:39:19,493 - root - INFO - Token Token-163 completed task 'Inclusive Path 3' at 2025-02-11 07:01:09.471197.
2025-03-06 16:39:19,493 - root - INFO - Token Token-163 started task 'Unknown' at 2025-02-11 07:01:09.471197, scheduled to end at 2025-02-11 07:01:09.471197
2025-03-06 16:39:19,494 - root - INFO - Token Token-163 completed task 'Unknown' at 2025-02-11 07:01:09.471197.
2025-03-06 16:39:19,494 - root - INFO - Token Token-163 has completed the entire process at 2025-02-11 07:01:09.471197.
2025-03-06 16:39:19,494 - root - INFO - Token Token-164 completed task 'Note Accuracy in Asset Change Tracker (5.5.13.2)' at 2025-02-11 07:06:39.845671.
2025-03-06 16:39:19,494 - root - INFO - Token Token-165 released from wait queue for 'Tech'
2025-03-06 16:39:19,494 - root - INFO - Token Token-165 waited 45794.32 minutes for resource
2025-03-06 16:39:19,495 - root - INFO - Token Token-165 started task 'Note Accuracy in Asset Change Tracker (5.5.13.2)' at 2025-02-11 07:06:39.845671, scheduled to end at 2025-02-11 07:12:51.651425
2025-03-06 16:39:19,495 - root - INFO - Token Token-164 started task 'Unknown' at 2025-02-11 07:06:39.845671, scheduled to end at 2025-02-11 07:06:39.845671
2025-03-06 16:39:19,495 - root - INFO - Token Token-164 completed task 'Unknown' at 2025-02-11 07:06:39.845671.
2025-03-06 16:39:19,495 - root - INFO - Token Token-164 has completed the entire process at 2025-02-11 07:06:39.845671.
2025-03-06 16:39:19,495 - root - INFO - Token Token-165 completed task 'Note Accuracy in Asset Change Tracker (5.5.13.2)' at 2025-02-11 07:12:51.651425.
2025-03-06 16:39:19,496 - root - INFO - Token Token-166 released from wait queue for 'Tech'
2025-03-06 16:39:19,497 - root - INFO - Token Token-166 waited 45793.89 minutes for resource
2025-03-06 16:39:19,497 - root - INFO - Token Token-166 started task 'Note Accuracy in Asset Change Tracker (5.5.13.2)' at 2025-02-11 07:12:51.651425, scheduled to end at 2025-02-11 07:17:55.714256
2025-03-06 16:39:19,497 - root - INFO - Token Token-165 started task 'Unknown' at 2025-02-11 07:12:51.651425, scheduled to end at 2025-02-11 07:12:51.651425
2025-03-06 16:39:19,498 - root - INFO - Token Token-165 completed task 'Unknown' at 2025-02-11 07:12:51.651425.
2025-03-06 16:39:19,499 - root - INFO - Token Token-165 has completed the entire process at 2025-02-11 07:12:51.651425.
2025-03-06 16:39:19,499 - root - INFO - Token Token-166 completed task 'Note Accuracy in Asset Change Tracker (5.5.13.2)' at 2025-02-11 07:17:55.714256.
2025-03-06 16:39:19,500 - root - INFO - Token Token-167 released from wait queue for 'Tech'
2025-03-06 16:39:19,500 - root - INFO - Token Token-167 waited 45790.23 minutes for resource
2025-03-06 16:39:19,501 - root - INFO - Token Token-167 started task 'Note Accuracy in Asset Change Tracker (5.5.13.2)' at 2025-02-11 07:17:55.714256, scheduled to end at 2025-02-11 07:23:48.414739
2025-03-06 16:39:19,501 - root - INFO - Token Token-166 started task 'Unknown' at 2025-02-11 07:17:55.714256, scheduled to end at 2025-02-11 07:17:55.714256
2025-03-06 16:39:19,502 - root - INFO - Token Token-166 completed task 'Unknown' at 2025-02-11 07:17:55.714256.
2025-03-06 16:39:19,502 - root - INFO - Token Token-166 has completed the entire process at 2025-02-11 07:17:55.714256.
2025-03-06 16:39:19,502 - root - INFO - Token Token-167 completed task 'Note Accuracy in Asset Change Tracker (5.5.13.2)' at 2025-02-11 07:23:48.414739.
2025-03-06 16:39:19,503 - root - INFO - Token Token-168 released from wait queue for 'Tech'
2025-03-06 16:39:19,503 - root - INFO - Token Token-168 waited 45787.07 minutes for resource
2025-03-06 16:39:19,504 - root - INFO - Token Token-168 started task 'Note Accuracy in Asset Change Tracker (5.5.13.2)' at 2025-02-11 07:23:48.414739, scheduled to end at 2025-02-11 07:27:47.623788
2025-03-06 16:39:19,504 - root - INFO - Token Token-167 started task 'Unknown' at 2025-02-11 07:23:48.414739, scheduled to end at 2025-02-11 07:23:48.414739
2025-03-06 16:39:19,504 - root - INFO - Token Token-167 completed task 'Unknown' at 2025-02-11 07:23:48.414739.
2025-03-06 16:39:19,505 - root - INFO - Token Token-167 has completed the entire process at 2025-02-11 07:23:48.414739.
2025-03-06 16:39:19,505 - root - INFO - Token Token-168 completed task 'Note Accuracy in Asset Change Tracker (5.5.13.2)' at 2025-02-11 07:27:47.623788.
2025-03-06 16:39:19,506 - root - INFO - Token Token-169 released from wait queue for 'Tech'
2025-03-06 16:39:19,506 - root - INFO - Token Token-169 waited 45782.07 minutes for resource
2025-03-06 16:39:19,506 - root - INFO - Token Token-169 started task 'Note Accuracy in Asset Change Tracker (5.5.13.2)' at 2025-02-11 07:27:47.623788, scheduled to end at 2025-02-11 07:32:01.757187
2025-03-06 16:39:19,507 - root - INFO - Token Token-168 started task 'Unknown' at 2025-02-11 07:27:47.623788, scheduled to end at 2025-02-11 07:27:47.623788
2025-03-06 16:39:19,507 - root - INFO - Token Token-168 completed task 'Unknown' at 2025-02-11 07:27:47.623788.
2025-03-06 16:39:19,508 - root - INFO - Token Token-168 has completed the entire process at 2025-02-11 07:27:47.623788.
2025-03-06 16:39:19,508 - root - INFO - Token Token-169 completed task 'Note Accuracy in Asset Change Tracker (5.5.13.2)' at 2025-02-11 07:32:01.757187.
2025-03-06 16:39:19,509 - root - INFO - Token Token-170 released from wait queue for 'Tech'
2025-03-06 16:39:19,509 - root - INFO - Token Token-170 waited 45778.82 minutes for resource
2025-03-06 16:39:19,510 - root - INFO - Token Token-170 started task 'Note Accuracy in Asset Change Tracker (5.5.13.2)' at 2025-02-11 07:32:01.757187, scheduled to end at 2025-02-11 07:38:39.352331
2025-03-06 16:39:19,510 - root - INFO - Token Token-169 started task 'Unknown' at 2025-02-11 07:32:01.757187, scheduled to end at 2025-02-11 07:32:01.757187
2025-03-06 16:39:19,510 - root - INFO - Token Token-169 completed task 'Unknown' at 2025-02-11 07:32:01.757187.
2025-03-06 16:39:19,511 - root - INFO - Token Token-169 has completed the entire process at 2025-02-11 07:32:01.757187.
2025-03-06 16:39:19,511 - root - INFO - Token Token-170 completed task 'Note Accuracy in Asset Change Tracker (5.5.13.2)' at 2025-02-11 07:38:39.352331.
2025-03-06 16:39:19,512 - root - INFO - Token Token-171 released from wait queue for 'Tech'
2025-03-06 16:39:19,512 - root - INFO - Token Token-171 waited 45779.16 minutes for resource
2025-03-06 16:39:19,512 - root - INFO - Token Token-171 started task 'Work with REO RPO to Correct (5.5.13.3)' at 2025-02-11 07:38:39.352331, scheduled to end at 2025-02-11 10:05:40.977129
2025-03-06 16:39:19,513 - root - INFO - Token Token-170 started task 'Unknown' at 2025-02-11 07:38:39.352331, scheduled to end at 2025-02-11 07:38:39.352331
2025-03-06 16:39:19,513 - root - INFO - Token Token-170 completed task 'Unknown' at 2025-02-11 07:38:39.352331.
2025-03-06 16:39:19,513 - root - INFO - Token Token-170 has completed the entire process at 2025-02-11 07:38:39.352331.
2025-03-06 16:39:19,514 - root - INFO - Token Token-171 completed task 'Work with REO RPO to Correct (5.5.13.3)' at 2025-02-11 10:05:40.977129.
2025-03-06 16:39:19,514 - root - INFO - Token Token-172 released from wait queue for 'Tech'
2025-03-06 16:39:19,515 - root - INFO - Token Token-172 waited 45920.29 minutes for resource
2025-03-06 16:39:19,515 - root - INFO - Token Token-172 started task 'Work with REO RPO to Correct (5.5.13.3)' at 2025-02-11 10:05:40.977129, scheduled to end at 2025-02-11 12:11:13.555342
2025-03-06 16:39:19,515 - root - INFO - Token Token-171 started task 'Create Journal Entries?' at 2025-02-11 10:05:40.977129, scheduled to end at 2025-02-11 10:05:40.977129
2025-03-06 16:39:19,516 - root - INFO - Token Token-171 completed task 'Create Journal Entries?' at 2025-02-11 10:05:40.977129.
2025-03-06 16:39:19,516 - root - INFO - Token Token-171 waiting for resource 'Certifier' at 2025-02-11 10:05:40.977129
2025-03-06 16:39:19,517 - root - INFO - Token Token-171 started task 'Inclusive Path 3' at 2025-02-11 10:05:40.977129, scheduled to end at 2025-02-11 10:06:47.265342
2025-03-06 16:39:19,517 - root - INFO - Token Token-171 completed task 'Inclusive Path 3' at 2025-02-11 10:06:47.265342.
2025-03-06 16:39:19,517 - root - INFO - Token Token-171 started task 'Unknown' at 2025-02-11 10:06:47.265342, scheduled to end at 2025-02-11 10:06:47.265342
2025-03-06 16:39:19,518 - root - INFO - Token Token-171 completed task 'Unknown' at 2025-02-11 10:06:47.265342.
2025-03-06 16:39:19,518 - root - INFO - Token Token-171 has completed the entire process at 2025-02-11 10:06:47.265342.
2025-03-06 16:39:19,519 - root - INFO - Token Token-172 completed task 'Work with REO RPO to Correct (5.5.13.3)' at 2025-02-11 12:11:13.555342.
2025-03-06 16:39:19,519 - root - INFO - Token Token-173 released from wait queue for 'Tech'
2025-03-06 16:39:19,519 - root - INFO - Token Token-173 waited 46037.06 minutes for resource
2025-03-06 16:39:19,520 - root - INFO - Token Token-173 started task 'Work with REO RPO to Correct (5.5.13.3)' at 2025-02-11 12:11:13.555342, scheduled to end at 2025-02-12 07:00:00
2025-03-06 16:39:19,520 - root - INFO - Token Token-172 started task 'Create Journal Entries?' at 2025-02-11 12:11:13.555342, scheduled to end at 2025-02-11 12:11:13.555342
2025-03-06 16:39:19,521 - root - INFO - Token Token-172 completed task 'Create Journal Entries?' at 2025-02-11 12:11:13.555342.
2025-03-06 16:39:19,521 - root - INFO - Token Token-172 waiting for resource 'Tech' at 2025-02-11 12:11:13.555342
2025-03-06 16:39:19,521 - root - INFO - Token Token-173 completed task 'Work with REO RPO to Correct (5.5.13.3)' at 2025-02-12 07:00:00.
2025-03-06 16:39:19,522 - root - INFO - Token Token-174 released from wait queue for 'Tech'
2025-03-06 16:39:19,522 - root - INFO - Token Token-174 waited 43200.00 minutes for resource
2025-03-06 16:39:19,522 - root - INFO - Token Token-174 started task 'Note Accuracy in Asset Change Tracker (5.5.13.2)' at 2025-02-12 07:00:00, scheduled to end at 2025-02-12 07:04:57.822177
2025-03-06 16:39:19,523 - root - INFO - Token Token-173 started task 'Create Journal Entries?' at 2025-02-12 07:00:00, scheduled to end at 2025-02-12 07:00:00
2025-03-06 16:39:19,523 - root - INFO - Token Token-173 completed task 'Create Journal Entries?' at 2025-02-12 07:00:00.
2025-03-06 16:39:19,524 - root - INFO - Token Token-173 waiting for resource 'Certifier' at 2025-02-12 07:00:00
2025-03-06 16:39:19,524 - root - INFO - Token Token-173 started task 'Inclusive Path 3' at 2025-02-12 07:00:00, scheduled to end at 2025-02-12 07:00:55.712535
2025-03-06 16:39:19,524 - root - INFO - Token Token-173 completed task 'Inclusive Path 3' at 2025-02-12 07:00:55.712535.
2025-03-06 16:39:19,538 - root - INFO - Token Token-173 started task 'Unknown' at 2025-02-12 07:00:55.712535, scheduled to end at 2025-02-12 07:00:55.712535
2025-03-06 16:39:19,539 - root - INFO - Token Token-173 completed task 'Unknown' at 2025-02-12 07:00:55.712535.
2025-03-06 16:39:19,539 - root - INFO - Token Token-173 has completed the entire process at 2025-02-12 07:00:55.712535.
2025-03-06 16:39:19,539 - root - INFO - Token Token-174 completed task 'Note Accuracy in Asset Change Tracker (5.5.13.2)' at 2025-02-12 07:04:57.822177.
2025-03-06 16:39:19,539 - root - INFO - Token Token-175 released from wait queue for 'Tech'
2025-03-06 16:39:19,540 - root - INFO - Token Token-175 waited 43195.66 minutes for resource
2025-03-06 16:39:19,540 - root - INFO - Token Token-175 started task 'Note Accuracy in Asset Change Tracker (5.5.13.2)' at 2025-02-12 07:04:57.822177, scheduled to end at 2025-02-12 07:09:02.637777
2025-03-06 16:39:19,540 - root - INFO - Token Token-174 started task 'Unknown' at 2025-02-12 07:04:57.822177, scheduled to end at 2025-02-12 07:04:57.822177
2025-03-06 16:39:19,540 - root - INFO - Token Token-174 completed task 'Unknown' at 2025-02-12 07:04:57.822177.
2025-03-06 16:39:19,540 - root - INFO - Token Token-174 has completed the entire process at 2025-02-12 07:04:57.822177.
2025-03-06 16:39:19,541 - root - INFO - Token Token-175 completed task 'Note Accuracy in Asset Change Tracker (5.5.13.2)' at 2025-02-12 07:09:02.637777.
2025-03-06 16:39:19,541 - root - INFO - Token Token-176 released from wait queue for 'Tech'
2025-03-06 16:39:19,541 - root - INFO - Token Token-176 waited 43190.66 minutes for resource
2025-03-06 16:39:19,541 - root - INFO - Token Token-176 started task 'Note Accuracy in Asset Change Tracker (5.5.13.2)' at 2025-02-12 07:09:02.637777, scheduled to end at 2025-02-12 07:15:18.060300
2025-03-06 16:39:19,541 - root - INFO - Token Token-175 started task 'Unknown' at 2025-02-12 07:09:02.637777, scheduled to end at 2025-02-12 07:09:02.637777
2025-03-06 16:39:19,542 - root - INFO - Token Token-175 completed task 'Unknown' at 2025-02-12 07:09:02.637777.
2025-03-06 16:39:19,542 - root - INFO - Token Token-175 has completed the entire process at 2025-02-12 07:09:02.637777.
2025-03-06 16:39:19,542 - root - INFO - Token Token-176 completed task 'Note Accuracy in Asset Change Tracker (5.5.13.2)' at 2025-02-12 07:15:18.060300.
2025-03-06 16:39:19,542 - root - INFO - Token Token-177 released from wait queue for 'Tech'
2025-03-06 16:39:19,543 - root - INFO - Token Token-177 waited 43187.60 minutes for resource
2025-03-06 16:39:19,543 - root - INFO - Token Token-177 started task 'Work with REO RPO to Correct (5.5.13.3)' at 2025-02-12 07:15:18.060300, scheduled to end at 2025-02-12 09:04:28.669659
2025-03-06 16:39:19,543 - root - INFO - Token Token-176 started task 'Unknown' at 2025-02-12 07:15:18.060300, scheduled to end at 2025-02-12 07:15:18.060300
2025-03-06 16:39:19,543 - root - INFO - Token Token-176 completed task 'Unknown' at 2025-02-12 07:15:18.060300.
2025-03-06 16:39:19,544 - root - INFO - Token Token-176 has completed the entire process at 2025-02-12 07:15:18.060300.
2025-03-06 16:39:19,544 - root - INFO - Token Token-177 completed task 'Work with REO RPO to Correct (5.5.13.3)' at 2025-02-12 09:04:28.669659.
2025-03-06 16:39:19,544 - root - INFO - Token Token-178 released from wait queue for 'Tech'
2025-03-06 16:39:19,544 - root - INFO - Token Token-178 waited 43287.31 minutes for resource
2025-03-06 16:39:19,544 - root - INFO - Token Token-178 started task 'Note Accuracy in Asset Change Tracker (5.5.13.2)' at 2025-02-12 09:04:28.669659, scheduled to end at 2025-02-12 09:10:25.723359
2025-03-06 16:39:19,545 - root - INFO - Token Token-177 started task 'Create Journal Entries?' at 2025-02-12 09:04:28.669659, scheduled to end at 2025-02-12 09:04:28.669659
2025-03-06 16:39:19,545 - root - INFO - Token Token-177 completed task 'Create Journal Entries?' at 2025-02-12 09:04:28.669659.
2025-03-06 16:39:19,545 - root - INFO - Token Token-177 waiting for resource 'Certifier' at 2025-02-12 09:04:28.669659
2025-03-06 16:39:19,546 - root - INFO - Token Token-178 completed task 'Note Accuracy in Asset Change Tracker (5.5.13.2)' at 2025-02-12 09:10:25.723359.
2025-03-06 16:39:19,547 - root - INFO - Token Token-179 released from wait queue for 'Tech'
2025-03-06 16:39:19,547 - root - INFO - Token Token-179 waited 43283.82 minutes for resource
2025-03-06 16:39:19,547 - root - INFO - Token Token-179 started task 'Work with REO RPO to Correct (5.5.13.3)' at 2025-02-12 09:10:25.723359, scheduled to end at 2025-02-12 11:34:09.200187
2025-03-06 16:39:19,548 - root - INFO - Token Token-178 started task 'Unknown' at 2025-02-12 09:10:25.723359, scheduled to end at 2025-02-12 09:10:25.723359
2025-03-06 16:39:19,548 - root - INFO - Token Token-178 completed task 'Unknown' at 2025-02-12 09:10:25.723359.
2025-03-06 16:39:19,549 - root - INFO - Token Token-178 has completed the entire process at 2025-02-12 09:10:25.723359.
2025-03-06 16:39:19,550 - root - INFO - Token Token-179 completed task 'Work with REO RPO to Correct (5.5.13.3)' at 2025-02-12 11:34:09.200187.
2025-03-06 16:39:19,550 - root - INFO - Token Token-180 released from wait queue for 'Tech'
2025-03-06 16:39:19,550 - root - INFO - Token Token-180 waited 43419.76 minutes for resource
2025-03-06 16:39:19,551 - root - INFO - Token Token-180 started task 'Work with REO RPO to Correct (5.5.13.3)' at 2025-02-12 11:34:09.200187, scheduled to end at 2025-02-13 07:00:00
2025-03-06 16:39:19,551 - root - INFO - Token Token-179 started task 'Create Journal Entries?' at 2025-02-12 11:34:09.200187, scheduled to end at 2025-02-12 11:34:09.200187
2025-03-06 16:39:19,552 - root - INFO - Token Token-179 completed task 'Create Journal Entries?' at 2025-02-12 11:34:09.200187.
2025-03-06 16:39:19,552 - root - INFO - Token Token-179 waiting for resource 'Certifier' at 2025-02-12 11:34:09.200187
2025-03-06 16:39:19,553 - root - INFO - Token Token-179 waiting for resource 'Tech' at 2025-02-12 11:34:09.200187
2025-03-06 16:39:19,553 - root - INFO - Token Token-179 started task 'Inclusive Path 3' at 2025-02-12 11:34:09.200187, scheduled to end at 2025-02-12 11:35:05.459997
2025-03-06 16:39:19,554 - root - INFO - Token Token-179 completed task 'Inclusive Path 3' at 2025-02-12 11:35:05.459997.
2025-03-06 16:39:19,554 - root - INFO - Token Token-179 started task 'Unknown' at 2025-02-12 11:35:05.459997, scheduled to end at 2025-02-12 11:35:05.459997
2025-03-06 16:39:19,554 - root - INFO - Token Token-179 completed task 'Unknown' at 2025-02-12 11:35:05.459997.
2025-03-06 16:39:19,555 - root - INFO - Token Token-179 has completed the entire process at 2025-02-12 11:35:05.459997.
2025-03-06 16:39:19,555 - root - INFO - Token Token-180 completed task 'Work with REO RPO to Correct (5.5.13.3)' at 2025-02-13 07:00:00.
2025-03-06 16:39:19,556 - root - INFO - Token Token-181 released from wait queue for 'Tech'
2025-03-06 16:39:19,557 - root - INFO - Token Token-181 waited 44577.04 minutes for resource
2025-03-06 16:39:19,557 - root - INFO - Token Token-181 started task 'Note Accuracy in Asset Change Tracker (5.5.13.2)' at 2025-02-13 07:00:00, scheduled to end at 2025-02-13 07:04:47.794522
2025-03-06 16:39:19,557 - root - INFO - Token Token-180 started task 'Create Journal Entries?' at 2025-02-13 07:00:00, scheduled to end at 2025-02-13 07:00:00
2025-03-06 16:39:19,557 - root - INFO - Token Token-180 completed task 'Create Journal Entries?' at 2025-02-13 07:00:00.
2025-03-06 16:39:19,558 - root - INFO - Token Token-180 waiting for resource 'Certifier' at 2025-02-13 07:00:00
2025-03-06 16:39:19,559 - root - INFO - Token Token-181 completed task 'Note Accuracy in Asset Change Tracker (5.5.13.2)' at 2025-02-13 07:04:47.794522.
2025-03-06 16:39:19,559 - root - INFO - Token Token-182 released from wait queue for 'Tech'
2025-03-06 16:39:19,559 - root - INFO - Token Token-182 waited 44572.32 minutes for resource
2025-03-06 16:39:19,560 - root - INFO - Token Token-182 started task 'Note Accuracy in Asset Change Tracker (5.5.13.2)' at 2025-02-13 07:04:47.794522, scheduled to end at 2025-02-13 07:11:18.248775
2025-03-06 16:39:19,560 - root - INFO - Token Token-181 started task 'Unknown' at 2025-02-13 07:04:47.794522, scheduled to end at 2025-02-13 07:04:47.794522
2025-03-06 16:39:19,561 - root - INFO - Token Token-181 completed task 'Unknown' at 2025-02-13 07:04:47.794522.
2025-03-06 16:39:19,561 - root - INFO - Token Token-181 has completed the entire process at 2025-02-13 07:04:47.794522.
2025-03-06 16:39:19,561 - root - INFO - Token Token-182 completed task 'Note Accuracy in Asset Change Tracker (5.5.13.2)' at 2025-02-13 07:11:18.248775.
2025-03-06 16:39:19,562 - root - INFO - Token Token-183 released from wait queue for 'Tech'
2025-03-06 16:39:19,562 - root - INFO - Token Token-183 waited 44569.43 minutes for resource
2025-03-06 16:39:19,562 - root - INFO - Token Token-183 started task 'Note Accuracy in Asset Change Tracker (5.5.13.2)' at 2025-02-13 07:11:18.248775, scheduled to end at 2025-02-13 07:15:51.900273
2025-03-06 16:39:19,563 - root - INFO - Token Token-182 started task 'Unknown' at 2025-02-13 07:11:18.248775, scheduled to end at 2025-02-13 07:11:18.248775
2025-03-06 16:39:19,563 - root - INFO - Token Token-182 completed task 'Unknown' at 2025-02-13 07:11:18.248775.
2025-03-06 16:39:19,565 - root - INFO - Token Token-182 has completed the entire process at 2025-02-13 07:11:18.248775.
2025-03-06 16:39:19,566 - root - INFO - Token Token-183 completed task 'Note Accuracy in Asset Change Tracker (5.5.13.2)' at 2025-02-13 07:15:51.900273.
2025-03-06 16:39:19,567 - root - INFO - Token Token-184 released from wait queue for 'Tech'
2025-03-06 16:39:19,582 - root - INFO - Token Token-184 waited 44565.62 minutes for resource
2025-03-06 16:39:19,582 - root - INFO - Token Token-184 started task 'Note Accuracy in Asset Change Tracker (5.5.13.2)' at 2025-02-13 07:15:51.900273, scheduled to end at 2025-02-13 07:22:27.587346
2025-03-06 16:39:19,583 - root - INFO - Token Token-183 started task 'Unknown' at 2025-02-13 07:15:51.900273, scheduled to end at 2025-02-13 07:15:51.900273
2025-03-06 16:39:19,583 - root - INFO - Token Token-183 completed task 'Unknown' at 2025-02-13 07:15:51.900273.
2025-03-06 16:39:19,583 - root - INFO - Token Token-183 has completed the entire process at 2025-02-13 07:15:51.900273.
2025-03-06 16:39:19,583 - root - INFO - Token Token-184 completed task 'Note Accuracy in Asset Change Tracker (5.5.13.2)' at 2025-02-13 07:22:27.587346.
2025-03-06 16:39:19,583 - root - INFO - Token Token-185 released from wait queue for 'Tech'
2025-03-06 16:39:19,584 - root - INFO - Token Token-185 waited 44558.06 minutes for resource
2025-03-06 16:39:19,584 - root - INFO - Token Token-185 started task 'Note Accuracy in Asset Change Tracker (5.5.13.2)' at 2025-02-13 07:22:27.587346, scheduled to end at 2025-02-13 07:28:05.739435
2025-03-06 16:39:19,584 - root - INFO - Token Token-184 started task 'Unknown' at 2025-02-13 07:22:27.587346, scheduled to end at 2025-02-13 07:22:27.587346
2025-03-06 16:39:19,584 - root - INFO - Token Token-184 completed task 'Unknown' at 2025-02-13 07:22:27.587346.
2025-03-06 16:39:19,585 - root - INFO - Token Token-184 has completed the entire process at 2025-02-13 07:22:27.587346.
2025-03-06 16:39:19,585 - root - INFO - Token Token-185 completed task 'Note Accuracy in Asset Change Tracker (5.5.13.2)' at 2025-02-13 07:28:05.739435.
2025-03-06 16:39:19,585 - root - INFO - Token Token-186 released from wait queue for 'Tech'
2025-03-06 16:39:19,585 - root - INFO - Token Token-186 waited 44555.96 minutes for resource
2025-03-06 16:39:19,585 - root - INFO - Token Token-186 started task 'Note Accuracy in Asset Change Tracker (5.5.13.2)' at 2025-02-13 07:28:05.739435, scheduled to end at 2025-02-13 07:34:26.716844
2025-03-06 16:39:19,586 - root - INFO - Token Token-185 started task 'Unknown' at 2025-02-13 07:28:05.739435, scheduled to end at 2025-02-13 07:28:05.739435
2025-03-06 16:39:19,586 - root - INFO - Token Token-185 completed task 'Unknown' at 2025-02-13 07:28:05.739435.
2025-03-06 16:39:19,586 - root - INFO - Token Token-185 has completed the entire process at 2025-02-13 07:28:05.739435.
2025-03-06 16:39:19,586 - root - INFO - Token Token-186 completed task 'Note Accuracy in Asset Change Tracker (5.5.13.2)' at 2025-02-13 07:34:26.716844.
2025-03-06 16:39:19,587 - root - INFO - Token Token-187 released from wait queue for 'Tech'
2025-03-06 16:39:19,587 - root - INFO - Token Token-187 waited 44553.92 minutes for resource
2025-03-06 16:39:19,587 - root - INFO - Token Token-187 started task 'Note Accuracy in Asset Change Tracker (5.5.13.2)' at 2025-02-13 07:34:26.716844, scheduled to end at 2025-02-13 07:38:59.854546
2025-03-06 16:39:19,587 - root - INFO - Token Token-186 started task 'Unknown' at 2025-02-13 07:34:26.716844, scheduled to end at 2025-02-13 07:34:26.716844
2025-03-06 16:39:19,587 - root - INFO - Token Token-186 completed task 'Unknown' at 2025-02-13 07:34:26.716844.
2025-03-06 16:39:19,588 - root - INFO - Token Token-186 has completed the entire process at 2025-02-13 07:34:26.716844.
2025-03-06 16:39:19,588 - root - INFO - Token Token-187 completed task 'Note Accuracy in Asset Change Tracker (5.5.13.2)' at 2025-02-13 07:38:59.854546.
2025-03-06 16:39:19,588 - root - INFO - Token Token-188 released from wait queue for 'Tech'
2025-03-06 16:39:19,589 - root - INFO - Token Token-188 waited 44549.98 minutes for resource
2025-03-06 16:39:19,589 - root - INFO - Token Token-188 started task 'Note Accuracy in Asset Change Tracker (5.5.13.2)' at 2025-02-13 07:38:59.854546, scheduled to end at 2025-02-13 07:45:31.577215
2025-03-06 16:39:19,590 - root - INFO - Token Token-187 started task 'Unknown' at 2025-02-13 07:38:59.854546, scheduled to end at 2025-02-13 07:38:59.854546
2025-03-06 16:39:19,591 - root - INFO - Token Token-187 completed task 'Unknown' at 2025-02-13 07:38:59.854546.
2025-03-06 16:39:19,591 - root - INFO - Token Token-187 has completed the entire process at 2025-02-13 07:38:59.854546.
2025-03-06 16:39:19,591 - root - INFO - Token Token-188 completed task 'Note Accuracy in Asset Change Tracker (5.5.13.2)' at 2025-02-13 07:45:31.577215.
2025-03-06 16:39:19,592 - root - INFO - Token Token-189 released from wait queue for 'Tech'
2025-03-06 16:39:19,593 - root - INFO - Token Token-189 waited 44548.95 minutes for resource
2025-03-06 16:39:19,593 - root - INFO - Token Token-189 started task 'Note Accuracy in Asset Change Tracker (5.5.13.2)' at 2025-02-13 07:45:31.577215, scheduled to end at 2025-02-13 07:51:53.114483
2025-03-06 16:39:19,594 - root - INFO - Token Token-188 started task 'Unknown' at 2025-02-13 07:45:31.577215, scheduled to end at 2025-02-13 07:45:31.577215
2025-03-06 16:39:19,594 - root - INFO - Token Token-188 completed task 'Unknown' at 2025-02-13 07:45:31.577215.
2025-03-06 16:39:19,595 - root - INFO - Token Token-188 has completed the entire process at 2025-02-13 07:45:31.577215.
2025-03-06 16:39:19,595 - root - INFO - Token Token-189 completed task 'Note Accuracy in Asset Change Tracker (5.5.13.2)' at 2025-02-13 07:51:53.114483.
2025-03-06 16:39:19,596 - root - INFO - Token Token-190 released from wait queue for 'Tech'
2025-03-06 16:39:19,596 - root - INFO - Token Token-190 waited 44541.17 minutes for resource
2025-03-06 16:39:19,596 - root - INFO - Token Token-190 started task 'Note Accuracy in Asset Change Tracker (5.5.13.2)' at 2025-02-13 07:51:53.114483, scheduled to end at 2025-02-13 07:58:04.891952
2025-03-06 16:39:19,597 - root - INFO - Token Token-189 started task 'Unknown' at 2025-02-13 07:51:53.114483, scheduled to end at 2025-02-13 07:51:53.114483
2025-03-06 16:39:19,597 - root - INFO - Token Token-189 completed task 'Unknown' at 2025-02-13 07:51:53.114483.
2025-03-06 16:39:19,598 - root - INFO - Token Token-189 has completed the entire process at 2025-02-13 07:51:53.114483.
2025-03-06 16:39:19,598 - root - INFO - Token Token-190 completed task 'Note Accuracy in Asset Change Tracker (5.5.13.2)' at 2025-02-13 07:58:04.891952.
2025-03-06 16:39:19,598 - root - INFO - Token Token-191 released from wait queue for 'Tech'
2025-03-06 16:39:19,599 - root - INFO - Token Token-191 waited 44540.21 minutes for resource
2025-03-06 16:39:19,599 - root - INFO - Token Token-191 started task 'Work with REO RPO to Correct (5.5.13.3)' at 2025-02-13 07:58:04.891952, scheduled to end at 2025-02-13 09:32:54.003804
2025-03-06 16:39:19,599 - root - INFO - Token Token-190 started task 'Unknown' at 2025-02-13 07:58:04.891952, scheduled to end at 2025-02-13 07:58:04.891952
2025-03-06 16:39:19,600 - root - INFO - Token Token-190 completed task 'Unknown' at 2025-02-13 07:58:04.891952.
2025-03-06 16:39:19,600 - root - INFO - Token Token-190 has completed the entire process at 2025-02-13 07:58:04.891952.
2025-03-06 16:39:19,601 - root - INFO - Token Token-191 completed task 'Work with REO RPO to Correct (5.5.13.3)' at 2025-02-13 09:32:54.003804.
2025-03-06 16:39:19,601 - root - INFO - Token Token-192 released from wait queue for 'Tech'
2025-03-06 16:39:19,601 - root - INFO - Token Token-192 waited 44627.49 minutes for resource
2025-03-06 16:39:19,601 - root - INFO - Token Token-192 started task 'Note Accuracy in Asset Change Tracker (5.5.13.2)' at 2025-02-13 09:32:54.003804, scheduled to end at 2025-02-13 09:39:33.207465
2025-03-06 16:39:19,602 - root - INFO - Token Token-191 started task 'Create Journal Entries?' at 2025-02-13 09:32:54.003804, scheduled to end at 2025-02-13 09:32:54.003804
2025-03-06 16:39:19,602 - root - INFO - Token Token-191 completed task 'Create Journal Entries?' at 2025-02-13 09:32:54.003804.
2025-03-06 16:39:19,603 - root - INFO - Token Token-191 waiting for resource 'Certifier' at 2025-02-13 09:32:54.003804
2025-03-06 16:39:19,603 - root - INFO - Token Token-191 waiting for resource 'Tech' at 2025-02-13 09:32:54.003804
2025-03-06 16:39:19,604 - root - INFO - Token Token-192 completed task 'Note Accuracy in Asset Change Tracker (5.5.13.2)' at 2025-02-13 09:39:33.207465.
2025-03-06 16:39:19,604 - root - INFO - Token Token-193 released from wait queue for 'Tech'
2025-03-06 16:39:19,604 - root - INFO - Token Token-193 waited 44628.75 minutes for resource
2025-03-06 16:39:19,605 - root - INFO - Token Token-193 started task 'Note Accuracy in Asset Change Tracker (5.5.13.2)' at 2025-02-13 09:39:33.207465, scheduled to end at 2025-02-13 09:45:12.398357
2025-03-06 16:39:19,605 - root - INFO - Token Token-192 started task 'Unknown' at 2025-02-13 09:39:33.207465, scheduled to end at 2025-02-13 09:39:33.207465
2025-03-06 16:39:19,605 - root - INFO - Token Token-192 completed task 'Unknown' at 2025-02-13 09:39:33.207465.
2025-03-06 16:39:19,606 - root - INFO - Token Token-192 has completed the entire process at 2025-02-13 09:39:33.207465.
2025-03-06 16:39:19,606 - root - INFO - Token Token-193 completed task 'Note Accuracy in Asset Change Tracker (5.5.13.2)' at 2025-02-13 09:45:12.398357.
2025-03-06 16:39:19,607 - root - INFO - Token Token-194 released from wait queue for 'Tech'
2025-03-06 16:39:19,607 - root - INFO - Token Token-194 waited 44622.39 minutes for resource
2025-03-06 16:39:19,607 - root - INFO - Token Token-194 started task 'Work with REO RPO to Correct (5.5.13.3)' at 2025-02-13 09:45:12.398357, scheduled to end at 2025-02-13 12:16:50.116900
2025-03-06 16:39:19,608 - root - INFO - Token Token-193 started task 'Unknown' at 2025-02-13 09:45:12.398357, scheduled to end at 2025-02-13 09:45:12.398357
2025-03-06 16:39:19,608 - root - INFO - Token Token-193 completed task 'Unknown' at 2025-02-13 09:45:12.398357.
2025-03-06 16:39:19,609 - root - INFO - Token Token-193 has completed the entire process at 2025-02-13 09:45:12.398357.
2025-03-06 16:39:19,609 - root - INFO - Token Token-194 completed task 'Work with REO RPO to Correct (5.5.13.3)' at 2025-02-13 12:16:50.116900.
2025-03-06 16:39:19,610 - root - INFO - Token Token-195 released from wait queue for 'Tech'
2025-03-06 16:39:19,610 - root - INFO - Token Token-195 waited 44767.35 minutes for resource
2025-03-06 16:39:19,610 - root - INFO - Token Token-195 started task 'Note Accuracy in Asset Change Tracker (5.5.13.2)' at 2025-02-13 12:16:50.116900, scheduled to end at 2025-02-13 12:23:01.029485
2025-03-06 16:39:19,611 - root - INFO - Token Token-194 started task 'Create Journal Entries?' at 2025-02-13 12:16:50.116900, scheduled to end at 2025-02-13 12:16:50.116900
2025-03-06 16:39:19,611 - root - INFO - Token Token-194 completed task 'Create Journal Entries?' at 2025-02-13 12:16:50.116900.
2025-03-06 16:39:19,612 - root - INFO - Token Token-194 waiting for resource 'Tech' at 2025-02-13 12:16:50.116900
2025-03-06 16:39:19,612 - root - INFO - Token Token-195 completed task 'Note Accuracy in Asset Change Tracker (5.5.13.2)' at 2025-02-13 12:23:01.029485.
2025-03-06 16:39:19,612 - root - INFO - Token Token-196 released from wait queue for 'Tech'
2025-03-06 16:39:19,613 - root - INFO - Token Token-196 waited 44764.27 minutes for resource
2025-03-06 16:39:19,613 - root - INFO - Token Token-196 started task 'Note Accuracy in Asset Change Tracker (5.5.13.2)' at 2025-02-13 12:23:01.029485, scheduled to end at 2025-02-13 12:27:24.553004
2025-03-06 16:39:19,614 - root - INFO - Token Token-195 started task 'Unknown' at 2025-02-13 12:23:01.029485, scheduled to end at 2025-02-13 12:23:01.029485
2025-03-06 16:39:19,614 - root - INFO - Token Token-195 completed task 'Unknown' at 2025-02-13 12:23:01.029485.
2025-03-06 16:39:19,615 - root - INFO - Token Token-195 has completed the entire process at 2025-02-13 12:23:01.029485.
2025-03-06 16:39:19,615 - root - INFO - Token Token-196 completed task 'Note Accuracy in Asset Change Tracker (5.5.13.2)' at 2025-02-13 12:27:24.553004.
2025-03-06 16:39:19,615 - root - INFO - Token Token-197 released from wait queue for 'Tech'
2025-03-06 16:39:19,616 - root - INFO - Token Token-197 waited 44755.93 minutes for resource
2025-03-06 16:39:19,616 - root - INFO - Token Token-197 started task 'Note Accuracy in Asset Change Tracker (5.5.13.2)' at 2025-02-13 12:27:24.553004, scheduled to end at 2025-02-13 12:32:20.217666
2025-03-06 16:39:19,617 - root - INFO - Token Token-196 started task 'Unknown' at 2025-02-13 12:27:24.553004, scheduled to end at 2025-02-13 12:27:24.553004
2025-03-06 16:39:19,617 - root - INFO - Token Token-196 completed task 'Unknown' at 2025-02-13 12:27:24.553004.
2025-03-06 16:39:19,617 - root - INFO - Token Token-196 has completed the entire process at 2025-02-13 12:27:24.553004.
2025-03-06 16:39:19,618 - root - INFO - Token Token-197 completed task 'Note Accuracy in Asset Change Tracker (5.5.13.2)' at 2025-02-13 12:32:20.217666.
2025-03-06 16:39:19,618 - root - INFO - Token Token-198 released from wait queue for 'Tech'
2025-03-06 16:39:19,619 - root - INFO - Token Token-198 waited 44751.45 minutes for resource
2025-03-06 16:39:19,632 - root - INFO - Token Token-198 started task 'Note Accuracy in Asset Change Tracker (5.5.13.2)' at 2025-02-13 12:32:20.217666, scheduled to end at 2025-02-13 12:38:59.829678
2025-03-06 16:39:19,632 - root - INFO - Token Token-197 started task 'Unknown' at 2025-02-13 12:32:20.217666, scheduled to end at 2025-02-13 12:32:20.217666
2025-03-06 16:39:19,633 - root - INFO - Token Token-197 completed task 'Unknown' at 2025-02-13 12:32:20.217666.
2025-03-06 16:39:19,633 - root - INFO - Token Token-197 has completed the entire process at 2025-02-13 12:32:20.217666.
2025-03-06 16:39:19,633 - root - INFO - Token Token-198 completed task 'Note Accuracy in Asset Change Tracker (5.5.13.2)' at 2025-02-13 12:38:59.829678.
2025-03-06 16:39:19,633 - root - INFO - Token Token-199 released from wait queue for 'Tech'
2025-03-06 16:39:19,634 - root - INFO - Token Token-199 waited 44748.69 minutes for resource
2025-03-06 16:39:19,634 - root - INFO - Token Token-199 started task 'Work with REO RPO to Correct (5.5.13.3)' at 2025-02-13 12:38:59.829678, scheduled to end at 2025-02-14 07:00:00
2025-03-06 16:39:19,634 - root - INFO - Token Token-198 started task 'Unknown' at 2025-02-13 12:38:59.829678, scheduled to end at 2025-02-13 12:38:59.829678
2025-03-06 16:39:19,634 - root - INFO - Token Token-198 completed task 'Unknown' at 2025-02-13 12:38:59.829678.
2025-03-06 16:39:19,634 - root - INFO - Token Token-198 has completed the entire process at 2025-02-13 12:38:59.829678.
2025-03-06 16:39:19,635 - root - INFO - Token Token-199 completed task 'Work with REO RPO to Correct (5.5.13.3)' at 2025-02-14 07:00:00.
2025-03-06 16:39:19,635 - root - INFO - Token Token-200 released from wait queue for 'Tech'
2025-03-06 16:39:19,635 - root - INFO - Token Token-200 waited 45841.04 minutes for resource
2025-03-06 16:39:19,635 - root - INFO - Token Token-200 started task 'Note Accuracy in Asset Change Tracker (5.5.13.2)' at 2025-02-14 07:00:00, scheduled to end at 2025-02-14 07:05:34.097807
2025-03-06 16:39:19,635 - root - INFO - Token Token-199 started task 'Create Journal Entries?' at 2025-02-14 07:00:00, scheduled to end at 2025-02-14 07:00:00
2025-03-06 16:39:19,636 - root - INFO - Token Token-199 completed task 'Create Journal Entries?' at 2025-02-14 07:00:00.
2025-03-06 16:39:19,636 - root - INFO - Token Token-199 waiting for resource 'Tech' at 2025-02-14 07:00:00
2025-03-06 16:39:19,636 - root - INFO - Token Token-200 completed task 'Note Accuracy in Asset Change Tracker (5.5.13.2)' at 2025-02-14 07:05:34.097807.
2025-03-06 16:39:19,637 - root - INFO - Token Token-201 released from wait queue for 'Tech'
2025-03-06 16:39:19,637 - root - INFO - Token Token-201 waited 45837.99 minutes for resource
2025-03-06 16:39:19,637 - root - INFO - Token Token-201 started task 'Note Accuracy in Asset Change Tracker (5.5.13.2)' at 2025-02-14 07:05:34.097807, scheduled to end at 2025-02-14 07:10:48.681950
2025-03-06 16:39:19,637 - root - INFO - Token Token-200 started task 'Unknown' at 2025-02-14 07:05:34.097807, scheduled to end at 2025-02-14 07:05:34.097807
2025-03-06 16:39:19,638 - root - INFO - Token Token-200 completed task 'Unknown' at 2025-02-14 07:05:34.097807.
2025-03-06 16:39:19,638 - root - INFO - Token Token-200 has completed the entire process at 2025-02-14 07:05:34.097807.
2025-03-06 16:39:19,638 - root - INFO - Token Token-201 completed task 'Note Accuracy in Asset Change Tracker (5.5.13.2)' at 2025-02-14 07:10:48.681950.
2025-03-06 16:39:19,638 - root - INFO - Token Token-202 released from wait queue for 'Tech'
2025-03-06 16:39:19,639 - root - INFO - Token Token-202 waited 45835.65 minutes for resource
2025-03-06 16:39:19,640 - root - INFO - Token Token-202 started task 'Note Accuracy in Asset Change Tracker (5.5.13.2)' at 2025-02-14 07:10:48.681950, scheduled to end at 2025-02-14 07:16:05.239697
2025-03-06 16:39:19,640 - root - INFO - Token Token-201 started task 'Unknown' at 2025-02-14 07:10:48.681950, scheduled to end at 2025-02-14 07:10:48.681950
2025-03-06 16:39:19,640 - root - INFO - Token Token-201 completed task 'Unknown' at 2025-02-14 07:10:48.681950.
2025-03-06 16:39:19,640 - root - INFO - Token Token-201 has completed the entire process at 2025-02-14 07:10:48.681950.
2025-03-06 16:39:19,641 - root - INFO - Token Token-202 completed task 'Note Accuracy in Asset Change Tracker (5.5.13.2)' at 2025-02-14 07:16:05.239697.
2025-03-06 16:39:19,641 - root - INFO - Token Token-203 released from wait queue for 'Tech'
2025-03-06 16:39:19,641 - root - INFO - Token Token-203 waited 45831.68 minutes for resource
2025-03-06 16:39:19,641 - root - INFO - Token Token-203 started task 'Note Accuracy in Asset Change Tracker (5.5.13.2)' at 2025-02-14 07:16:05.239697, scheduled to end at 2025-02-14 07:22:49.092813
2025-03-06 16:39:19,642 - root - INFO - Token Token-202 started task 'Unknown' at 2025-02-14 07:16:05.239697, scheduled to end at 2025-02-14 07:16:05.239697
2025-03-06 16:39:19,642 - root - INFO - Token Token-202 completed task 'Unknown' at 2025-02-14 07:16:05.239697.
2025-03-06 16:39:19,642 - root - INFO - Token Token-202 has completed the entire process at 2025-02-14 07:16:05.239697.
2025-03-06 16:39:19,642 - root - INFO - Token Token-203 completed task 'Note Accuracy in Asset Change Tracker (5.5.13.2)' at 2025-02-14 07:22:49.092813.
2025-03-06 16:39:19,643 - root - INFO - Token Token-204 released from wait queue for 'Tech'
2025-03-06 16:39:19,643 - root - INFO - Token Token-204 waited 45828.90 minutes for resource
2025-03-06 16:39:19,643 - root - INFO - Token Token-204 started task 'Work with REO RPO to Correct (5.5.13.3)' at 2025-02-14 07:22:49.092813, scheduled to end at 2025-02-14 08:45:25.728491
2025-03-06 16:39:19,643 - root - INFO - Token Token-203 started task 'Unknown' at 2025-02-14 07:22:49.092813, scheduled to end at 2025-02-14 07:22:49.092813
2025-03-06 16:39:19,643 - root - INFO - Token Token-203 completed task 'Unknown' at 2025-02-14 07:22:49.092813.
2025-03-06 16:39:19,644 - root - INFO - Token Token-203 has completed the entire process at 2025-02-14 07:22:49.092813.
2025-03-06 16:39:19,644 - root - INFO - Token Token-204 completed task 'Work with REO RPO to Correct (5.5.13.3)' at 2025-02-14 08:45:25.728491.
2025-03-06 16:39:19,644 - root - INFO - Token Token-18 released from wait queue for 'Tech'
2025-03-06 16:39:19,645 - root - INFO - Token Token-18 waited 44745.43 minutes for resource
2025-03-06 16:39:19,645 - root - INFO - Token Token-18 started task 'Note Accuracy in Asset Change Tracker (5.5.13.2)' at 2025-02-14 08:45:25.728491, scheduled to end at 2025-02-14 08:51:41.143582
2025-03-06 16:39:19,645 - root - INFO - Token Token-204 started task 'Create Journal Entries?' at 2025-02-14 08:45:25.728491, scheduled to end at 2025-02-14 08:45:25.728491
2025-03-06 16:39:19,645 - root - INFO - Token Token-204 completed task 'Create Journal Entries?' at 2025-02-14 08:45:25.728491.
2025-03-06 16:39:19,646 - root - INFO - Token Token-204 waiting for resource 'Certifier' at 2025-02-14 08:45:25.728491
2025-03-06 16:39:19,646 - root - INFO - Token Token-204 waiting for resource 'Tech' at 2025-02-14 08:45:25.728491
2025-03-06 16:39:19,646 - root - INFO - Token Token-18 completed task 'Note Accuracy in Asset Change Tracker (5.5.13.2)' at 2025-02-14 08:51:41.143582.
2025-03-06 16:39:19,646 - root - INFO - Token Token-205 released from wait queue for 'Tech'
2025-03-06 16:39:19,647 - root - INFO - Token Token-205 waited 44742.55 minutes for resource
2025-03-06 16:39:19,647 - root - INFO - Token Token-205 started task 'Note Accuracy in Asset Change Tracker (5.5.13.2)' at 2025-02-14 08:51:41.143582, scheduled to end at 2025-02-14 08:57:53.843217
2025-03-06 16:39:19,647 - root - INFO - Token Token-18 started task 'Unknown' at 2025-02-14 08:51:41.143582, scheduled to end at 2025-02-14 08:51:41.143582
2025-03-06 16:39:19,647 - root - INFO - Token Token-18 completed task 'Unknown' at 2025-02-14 08:51:41.143582.
2025-03-06 16:39:19,647 - root - INFO - Token Token-18 has completed the entire process at 2025-02-14 08:51:41.143582.
2025-03-06 16:39:19,648 - root - INFO - Token Token-205 completed task 'Note Accuracy in Asset Change Tracker (5.5.13.2)' at 2025-02-14 08:57:53.843217.
2025-03-06 16:39:19,648 - root - INFO - Token Token-206 released from wait queue for 'Tech'
2025-03-06 16:39:19,648 - root - INFO - Token Token-206 waited 44742.34 minutes for resource
2025-03-06 16:39:19,648 - root - INFO - Token Token-206 started task 'Note Accuracy in Asset Change Tracker (5.5.13.2)' at 2025-02-14 08:57:53.843217, scheduled to end at 2025-02-14 09:04:24.139973
2025-03-06 16:39:19,648 - root - INFO - Token Token-205 started task 'Unknown' at 2025-02-14 08:57:53.843217, scheduled to end at 2025-02-14 08:57:53.843217
2025-03-06 16:39:19,649 - root - INFO - Token Token-205 completed task 'Unknown' at 2025-02-14 08:57:53.843217.
2025-03-06 16:39:19,649 - root - INFO - Token Token-205 has completed the entire process at 2025-02-14 08:57:53.843217.
2025-03-06 16:39:19,649 - root - INFO - Token Token-206 completed task 'Note Accuracy in Asset Change Tracker (5.5.13.2)' at 2025-02-14 09:04:24.139973.
2025-03-06 16:39:19,651 - root - INFO - Token Token-207 released from wait queue for 'Tech'
2025-03-06 16:39:19,651 - root - INFO - Token Token-207 waited 44741.01 minutes for resource
2025-03-06 16:39:19,652 - root - INFO - Token Token-207 started task 'Note Accuracy in Asset Change Tracker (5.5.13.2)' at 2025-02-14 09:04:24.139973, scheduled to end at 2025-02-14 09:10:01.152239
2025-03-06 16:39:19,652 - root - INFO - Token Token-206 started task 'Unknown' at 2025-02-14 09:04:24.139973, scheduled to end at 2025-02-14 09:04:24.139973
2025-03-06 16:39:19,653 - root - INFO - Token Token-206 completed task 'Unknown' at 2025-02-14 09:04:24.139973.
2025-03-06 16:39:19,653 - root - INFO - Token Token-206 has completed the entire process at 2025-02-14 09:04:24.139973.
2025-03-06 16:39:19,653 - root - INFO - Token Token-207 completed task 'Note Accuracy in Asset Change Tracker (5.5.13.2)' at 2025-02-14 09:10:01.152239.
2025-03-06 16:39:19,654 - root - INFO - Token Token-208 released from wait queue for 'Tech'
2025-03-06 16:39:19,654 - root - INFO - Token Token-208 waited 44737.86 minutes for resource
2025-03-06 16:39:19,654 - root - INFO - Token Token-208 started task 'Work with REO RPO to Correct (5.5.13.3)' at 2025-02-14 09:10:01.152239, scheduled to end at 2025-02-14 11:24:47.115141
2025-03-06 16:39:19,656 - root - INFO - Token Token-207 started task 'Unknown' at 2025-02-14 09:10:01.152239, scheduled to end at 2025-02-14 09:10:01.152239
2025-03-06 16:39:19,656 - root - INFO - Token Token-207 completed task 'Unknown' at 2025-02-14 09:10:01.152239.
2025-03-06 16:39:19,656 - root - INFO - Token Token-207 has completed the entire process at 2025-02-14 09:10:01.152239.
2025-03-06 16:39:19,656 - root - INFO - Token Token-208 completed task 'Work with REO RPO to Correct (5.5.13.3)' at 2025-02-14 11:24:47.115141.
2025-03-06 16:39:19,656 - root - INFO - Token Token-209 released from wait queue for 'Tech'
2025-03-06 16:39:19,657 - root - INFO - Token Token-209 waited 44857.40 minutes for resource
2025-03-06 16:39:19,657 - root - INFO - Token Token-209 started task 'Work with REO RPO to Correct (5.5.13.3)' at 2025-02-14 11:24:47.115141, scheduled to end at 2025-02-14 12:38:45.962517
2025-03-06 16:39:19,658 - root - INFO - Token Token-208 started task 'Create Journal Entries?' at 2025-02-14 11:24:47.115141, scheduled to end at 2025-02-14 11:24:47.115141
2025-03-06 16:39:19,659 - root - INFO - Token Token-208 completed task 'Create Journal Entries?' at 2025-02-14 11:24:47.115141.
2025-03-06 16:39:19,659 - root - INFO - Token Token-208 started task 'Inclusive Path 3' at 2025-02-14 11:24:47.115141, scheduled to end at 2025-02-14 11:25:36.419645
2025-03-06 16:39:19,661 - root - INFO - Token Token-208 completed task 'Inclusive Path 3' at 2025-02-14 11:25:36.419645.
2025-03-06 16:39:19,662 - root - INFO - Token Token-208 started task 'Unknown' at 2025-02-14 11:25:36.419645, scheduled to end at 2025-02-14 11:25:36.419645
2025-03-06 16:39:19,679 - root - INFO - Token Token-208 completed task 'Unknown' at 2025-02-14 11:25:36.419645.
2025-03-06 16:39:19,679 - root - INFO - Token Token-208 has completed the entire process at 2025-02-14 11:25:36.419645.
2025-03-06 16:39:19,682 - root - INFO - Token Token-209 completed task 'Work with REO RPO to Correct (5.5.13.3)' at 2025-02-14 12:38:45.962517.
2025-03-06 16:39:19,682 - root - INFO - Token Token-210 released from wait queue for 'Tech'
2025-03-06 16:39:19,682 - root - INFO - Token Token-210 waited 44924.18 minutes for resource
2025-03-06 16:39:19,682 - root - INFO - Token Token-210 started task 'Note Accuracy in Asset Change Tracker (5.5.13.2)' at 2025-02-14 12:38:45.962517, scheduled to end at 2025-02-14 12:44:54.157457
2025-03-06 16:39:19,683 - root - INFO - Token Token-209 started task 'Create Journal Entries?' at 2025-02-14 12:38:45.962517, scheduled to end at 2025-02-14 12:38:45.962517
2025-03-06 16:39:19,683 - root - INFO - Token Token-209 completed task 'Create Journal Entries?' at 2025-02-14 12:38:45.962517.
2025-03-06 16:39:19,683 - root - INFO - Token Token-209 started task 'Inclusive Path 3' at 2025-02-14 12:38:45.962517, scheduled to end at 2025-02-14 12:39:58.157152
2025-03-06 16:39:19,684 - root - INFO - Token Token-209 completed task 'Inclusive Path 3' at 2025-02-14 12:39:58.157152.
2025-03-06 16:39:19,684 - root - INFO - Token Token-209 started task 'Unknown' at 2025-02-14 12:39:58.157152, scheduled to end at 2025-02-14 12:39:58.157152
2025-03-06 16:39:19,684 - root - INFO - Token Token-209 completed task 'Unknown' at 2025-02-14 12:39:58.157152.
2025-03-06 16:39:19,684 - root - INFO - Token Token-209 has completed the entire process at 2025-02-14 12:39:58.157152.
2025-03-06 16:39:19,684 - root - INFO - Token Token-210 completed task 'Note Accuracy in Asset Change Tracker (5.5.13.2)' at 2025-02-14 12:44:54.157457.
2025-03-06 16:39:19,685 - root - INFO - Token Token-211 released from wait queue for 'Tech'
2025-03-06 16:39:19,685 - root - INFO - Token Token-211 waited 44923.21 minutes for resource
2025-03-06 16:39:19,685 - root - INFO - Token Token-211 started task 'Note Accuracy in Asset Change Tracker (5.5.13.2)' at 2025-02-14 12:44:54.157457, scheduled to end at 2025-02-14 12:50:25.637002
2025-03-06 16:39:19,686 - root - INFO - Token Token-210 started task 'Unknown' at 2025-02-14 12:44:54.157457, scheduled to end at 2025-02-14 12:44:54.157457
2025-03-06 16:39:19,686 - root - INFO - Token Token-210 completed task 'Unknown' at 2025-02-14 12:44:54.157457.
2025-03-06 16:39:19,686 - root - INFO - Token Token-210 has completed the entire process at 2025-02-14 12:44:54.157457.
2025-03-06 16:39:19,686 - root - INFO - Token Token-211 completed task 'Note Accuracy in Asset Change Tracker (5.5.13.2)' at 2025-02-14 12:50:25.637002.
2025-03-06 16:39:19,687 - root - INFO - Token Token-212 released from wait queue for 'Tech'
2025-03-06 16:39:19,687 - root - INFO - Token Token-212 waited 44922.41 minutes for resource
2025-03-06 16:39:19,687 - root - INFO - Token Token-212 started task 'Note Accuracy in Asset Change Tracker (5.5.13.2)' at 2025-02-14 12:50:25.637002, scheduled to end at 2025-02-14 12:55:03.381271
2025-03-06 16:39:19,687 - root - INFO - Token Token-211 started task 'Unknown' at 2025-02-14 12:50:25.637002, scheduled to end at 2025-02-14 12:50:25.637002
2025-03-06 16:39:19,688 - root - INFO - Token Token-211 completed task 'Unknown' at 2025-02-14 12:50:25.637002.
2025-03-06 16:39:19,688 - root - INFO - Token Token-211 has completed the entire process at 2025-02-14 12:50:25.637002.
2025-03-06 16:39:19,689 - root - INFO - Token Token-212 completed task 'Note Accuracy in Asset Change Tracker (5.5.13.2)' at 2025-02-14 12:55:03.381271.
2025-03-06 16:39:19,689 - root - INFO - Token Token-213 released from wait queue for 'Tech'
2025-03-06 16:39:19,689 - root - INFO - Token Token-213 waited 44918.28 minutes for resource
2025-03-06 16:39:19,690 - root - INFO - Token Token-213 started task 'Note Accuracy in Asset Change Tracker (5.5.13.2)' at 2025-02-14 12:55:03.381271, scheduled to end at 2025-02-17 07:00:00
2025-03-06 16:39:19,690 - root - INFO - Token Token-212 started task 'Unknown' at 2025-02-14 12:55:03.381271, scheduled to end at 2025-02-14 12:55:03.381271
2025-03-06 16:39:19,690 - root - INFO - Token Token-212 completed task 'Unknown' at 2025-02-14 12:55:03.381271.
2025-03-06 16:39:19,690 - root - INFO - Token Token-212 has completed the entire process at 2025-02-14 12:55:03.381271.
2025-03-06 16:39:19,690 - root - INFO - Token Token-213 completed task 'Note Accuracy in Asset Change Tracker (5.5.13.2)' at 2025-02-17 07:00:00.
2025-03-06 16:39:19,691 - root - INFO - Token Token-20 released from wait queue for 'Tech'
2025-03-06 16:39:19,691 - root - INFO - Token Token-213 started task 'Unknown' at 2025-02-17 07:00:00, scheduled to end at 2025-02-17 07:00:00
2025-03-06 16:39:19,691 - root - INFO - Token Token-213 completed task 'Unknown' at 2025-02-17 07:00:00.
2025-03-06 16:39:19,691 - root - INFO - Token Token-213 has completed the entire process at 2025-02-17 07:00:00.
2025-03-06 16:39:19,694 - root - INFO - Columns in transitions_df: ['name', 'type', 'resource', 'available resources', 'avg time', 'min time', 'max time', 'yes', 'no', 'arrival interval', 'max arrival count']
2025-03-06 16:39:20,677 - root - INFO - Generated visualizations: {'resource_utilization': '5.5.13 Real Property-Monthly Reviews-Inclusive_resource_utilization.png', 'activity_times': '5.5.13 Real Property-Monthly Reviews-Inclusive_activity_times.png', 'token_histogram': '5.5.13 Real Property-Monthly Reviews-Inclusive_token_time_distribution.png', 'duration_vs_wait': '5.5.13 Real Property-Monthly Reviews-Inclusive_duration_vs_wait.png'}
2025-03-06 16:39:20,772 - root - INFO - Simulation report saved to 5.5.13 Real Property-Monthly Reviews-Inclusive_results.xlsx
2025-03-06 16:39:20,773 - root - INFO - 
Process Summary:
2025-03-06 16:39:20,773 - root - INFO -   Tokens Started: 500
2025-03-06 16:39:20,773 - root - INFO -   Tokens Completed: 195
2025-03-06 16:39:20,773 - root - INFO -   Completion Rate: 100.0%
2025-03-06 16:39:20,773 - root - INFO -   Average Process Time: 35610.18 minutes
2025-03-06 16:39:20,773 - root - INFO -   90th Percentile Process Time: 53378.56 minutes
2025-03-06 16:39:20,774 - root - INFO - Report generated at 5.5.13 Real Property-Monthly Reviews-Inclusive_results.xlsx
2025-03-06 16:39:20,774 - root - INFO - Visualization paths: {'resource_utilization': '5.5.13 Real Property-Monthly Reviews-Inclusive_resource_utilization.png', 'activity_times': '5.5.13 Real Property-Monthly Reviews-Inclusive_activity_times.png', 'token_histogram': '5.5.13 Real Property-Monthly Reviews-Inclusive_token_time_distribution.png', 'duration_vs_wait': '5.5.13 Real Property-Monthly Reviews-Inclusive_duration_vs_wait.png'}
2025-03-06 16:43:46,886 - root - INFO - Settings saved to bizagi_simulator_settings.json
2025-03-06 16:43:48,489 - root - INFO - Application exited normally
