2025-03-11 13:54:08,657 - root - INFO - Logging initialized
2025-03-11 13:54:08,658 - root - INFO - Starting Bizagi Process Simulator
2025-03-11 13:54:08,658 - root - INFO - NetworkX compatibility patch applied
2025-03-11 13:54:08,658 - root - INFO - Settings loaded from bizagi_simulator_settings.json
2025-03-11 13:54:08,658 - root - INFO - Configuration loaded
2025-03-11 13:54:09,479 - root - INFO - Application UI initialized
2025-03-11 13:54:17,318 - root - INFO - Settings saved to bizagi_simulator_settings.json
2025-03-11 13:54:19,910 - root - INFO - Loading data...
2025-03-11 13:54:19,926 - root - INFO - Successfully loaded XPDL file: C:/Users/kcmclau.EVOFORGE/Repos/bizagi_simulations/Bizagi/5.5_1/5.5.13 Real Property-Monthly Reviews-Inclusive.xpdl
2025-03-11 13:54:19,926 - root - INFO - Successfully loaded metrics from C:/Users/kcmclau.EVOFORGE/Repos/bizagi_simulations/Bizagi/simulation_metrics-inclusive_modified.xlsx
2025-03-11 13:54:19,926 - root - INFO - Loaded 8 rows with columns: name, type, resource, available resources, avg time, min time, max time, yes, no, arrival interval, max arrival count
2025-03-11 13:54:19,941 - root - INFO - Preprocessed simulation metrics data
2025-03-11 13:54:19,941 - root - INFO - Building process model from XPDL...
2025-03-11 13:54:19,941 - root - INFO - Parsing XPDL file: C:/Users/kcmclau.EVOFORGE/Repos/bizagi_simulations/Bizagi/5.5_1/5.5.13 Real Property-Monthly Reviews-Inclusive.xpdl with namespace: {'xpdl': 'http://www.wfmc.org/2009/XPDL2.2'}
2025-03-11 13:54:19,941 - root - INFO - Found 11 activities, including 2 gateways
2025-03-11 13:54:19,941 - root - INFO - Gateway activities: {'c69b6146-7bd5-462f-9865-79a90dbf54e6': '[Exclusive Gateway]', '9ff64215-67ea-40c9-8172-fe1f4fb7030e': '[Inclusive Gateway]'}
2025-03-11 13:54:19,941 - root - INFO - Found 11 transitions in the process
2025-03-11 13:54:19,941 - root - INFO - Processing outgoing activities for gateway c69b6146-7bd5-462f-9865-79a90dbf54e6 of type [Exclusive Gateway]
2025-03-11 13:54:19,941 - root - INFO - Processing outgoing activities for gateway 9ff64215-67ea-40c9-8172-fe1f4fb7030e of type [Inclusive Gateway]
2025-03-11 13:54:19,941 - root - INFO -   Setting gateway type for 36668b7b-7686-4303-ab26-b6f518da488c to [Inclusive Gateway]
2025-03-11 13:54:19,941 - root - INFO -   Setting gateway type for 5115501c-098a-4983-be9b-f54396e13e4d to [Inclusive Gateway]
2025-03-11 13:54:19,941 - root - INFO -   Setting gateway type for 11bbf8d1-f060-46c7-a839-63f24d988003 to [Inclusive Gateway]
2025-03-11 13:54:19,941 - root - INFO - Generated 11 sequence rows
2025-03-11 13:54:19,941 - root - INFO - Sequence file saved to: 5.5.13 Real Property-Monthly Reviews-Inclusive_sequences.txt
2025-03-11 13:54:19,941 - root - INFO - Building process model from sequence file: 5.5.13 Real Property-Monthly Reviews-Inclusive_sequences.txt
2025-03-11 13:54:19,941 - root - INFO - Extracted 11 transitions from sequence file
2025-03-11 13:54:19,941 - root - INFO - Gateway connections: {'[Exclusive Gateway]': {'Complete /Accurate?': ['Work with REO RPO to Correct (5.5.13.3)']}, '[Inclusive Gateway]': {'Create Journal Entries?': ['Inclusive Path 3'], 'Note Accuracy in Asset Change Tracker (5.5.13.2)': ['Unknown'], 'Inclusive Path 3': ['Unknown'], 'Create/Post Journal Entries (5.5.13.4)': ['Unknown']}}
2025-03-11 13:54:19,958 - root - INFO - Added node: Monthly, type: Start, gateway: None
2025-03-11 13:54:19,958 - root - INFO - Added node: Review AM using Asset Change Tracker (5.5.13.1), type: Activity Step, gateway: None
2025-03-11 13:54:19,960 - root - INFO - Added node: Complete /Accurate?, type: Activity Step, gateway: [Exclusive Gateway]
2025-03-11 13:54:19,964 - root - INFO - Added node: Note Accuracy in Asset Change Tracker (5.5.13.2), type: [Inclusive Gateway], gateway: [Inclusive Gateway]
2025-03-11 13:54:19,966 - root - INFO - Added node: Work with REO RPO to Correct (5.5.13.3), type: CONDITION-No, gateway: None
2025-03-11 13:54:19,967 - root - INFO - Added node: Create Journal Entries?, type: [Inclusive Gateway], gateway: [Inclusive Gateway]
2025-03-11 13:54:19,969 - root - INFO - Added node: Create/Post Journal Entries (5.5.13.4), type: [Inclusive Gateway], gateway: [Inclusive Gateway]
2025-03-11 13:54:19,970 - root - INFO - Added node: Unknown, type: Stop, gateway: None
2025-03-11 13:54:19,990 - root - INFO - Added node: Inclusive Path 3, type: [Inclusive Gateway], gateway: [Inclusive Gateway]
2025-03-11 13:54:19,990 - root - INFO - Processing connections for gateway type: [Exclusive Gateway]
2025-03-11 13:54:19,990 - root - INFO -   Gateway Complete /Accurate? connects to: ['Work with REO RPO to Correct (5.5.13.3)']
2025-03-11 13:54:19,990 - root - INFO - Processing connections for gateway type: [Inclusive Gateway]
2025-03-11 13:54:19,990 - root - INFO -   Gateway Create Journal Entries? connects to: ['Inclusive Path 3']
2025-03-11 13:54:19,990 - root - INFO -     Setting gateway type for Inclusive Path 3 to [Inclusive Gateway]
2025-03-11 13:54:19,990 - root - INFO -   Gateway Note Accuracy in Asset Change Tracker (5.5.13.2) connects to: ['Unknown']
2025-03-11 13:54:19,990 - root - INFO -     Setting gateway type for Unknown to [Inclusive Gateway]
2025-03-11 13:54:19,990 - root - INFO -   Gateway Inclusive Path 3 connects to: ['Unknown']
2025-03-11 13:54:19,990 - root - INFO -     Setting gateway type for Unknown to [Inclusive Gateway]
2025-03-11 13:54:19,990 - root - INFO -   Gateway Create/Post Journal Entries (5.5.13.4) connects to: ['Unknown']
2025-03-11 13:54:19,990 - root - INFO -     Setting gateway type for Unknown to [Inclusive Gateway]
2025-03-11 13:54:19,990 - root - INFO - Process model built with 9 nodes and 11 edges
2025-03-11 13:54:19,996 - root - INFO - Process model saved to: process_model_20250311_135419.json
2025-03-11 13:54:19,996 - root - INFO - Process model saved to: process_model_20250311_135419.json
2025-03-11 13:54:19,998 - root - INFO - Converting graph to ProcessModel...
2025-03-11 13:54:19,999 - root - INFO - Built process model with 9 nodes and 11 links
2025-03-11 13:54:20,000 - root - INFO - Found 1 start nodes: ['Monthly']
2025-03-11 13:54:20,000 - root - INFO - Found 1 start nodes: ['Monthly']
2025-03-11 13:54:20,002 - root - INFO - Setting up simulation...
2025-03-11 13:54:20,003 - root - INFO - Found 2 resources in process model: {'Tech': 1, 'Certifier': 1}
2025-03-11 13:54:20,003 - root - INFO - Initializing resource Tech with count 1
2025-03-11 13:54:20,003 - root - INFO - Initializing resource Certifier with count 1
2025-03-11 13:54:20,003 - root - INFO - Found 2 resources in process model: {'Tech': 1, 'Certifier': 1}
2025-03-11 13:54:20,004 - root - INFO - Available resources in model: {'Tech': 1, 'Certifier': 1}
2025-03-11 13:54:20,004 - root - INFO - Scheduling tokens...
2025-03-11 13:54:20,005 - root - INFO - Scheduling 300 tokens with triangular distribution...
2025-03-11 13:54:20,007 - root - INFO - Found 1 start nodes: ['Monthly']
2025-03-11 13:54:20,013 - root - INFO - Scheduling up to 227 tokens over 1440 available minutes
2025-03-11 13:54:20,013 - root - INFO - Scheduled Token-1 to start at 2025-03-11 08:00:00.
2025-03-11 13:54:20,014 - root - INFO - Scheduled Token-2 to start at 2025-03-11 08:06:01.311428.
2025-03-11 13:54:20,014 - root - INFO - Scheduled Token-3 to start at 2025-03-11 08:11:14.911155.
2025-03-11 13:54:20,014 - root - INFO - Scheduled Token-4 to start at 2025-03-11 08:17:12.648151.
2025-03-11 13:54:20,015 - root - INFO - Scheduled Token-5 to start at 2025-03-11 08:22:40.756413.
2025-03-11 13:54:20,016 - root - INFO - Scheduled Token-6 to start at 2025-03-11 08:27:40.545744.
2025-03-11 13:54:20,036 - root - INFO - Scheduled Token-7 to start at 2025-03-11 08:34:05.343767.
2025-03-11 13:54:20,036 - root - INFO - Scheduled Token-8 to start at 2025-03-11 08:40:14.221677.
2025-03-11 13:54:20,037 - root - INFO - Scheduled Token-9 to start at 2025-03-11 08:46:08.386577.
2025-03-11 13:54:20,037 - root - INFO - Scheduled Token-10 to start at 2025-03-11 08:50:42.814228.
2025-03-11 13:54:20,038 - root - INFO - Scheduled Token-11 to start at 2025-03-11 08:55:56.262285.
2025-03-11 13:54:20,038 - root - INFO - Scheduled Token-12 to start at 2025-03-11 09:02:01.632583.
2025-03-11 13:54:20,038 - root - INFO - Scheduled Token-13 to start at 2025-03-11 09:07:05.432890.
2025-03-11 13:54:20,039 - root - INFO - Scheduled Token-14 to start at 2025-03-11 09:13:02.191867.
2025-03-11 13:54:20,039 - root - INFO - Scheduled Token-15 to start at 2025-03-11 09:18:42.380861.
2025-03-11 13:54:20,039 - root - INFO - Scheduled Token-16 to start at 2025-03-11 09:25:04.674871.
2025-03-11 13:54:20,040 - root - INFO - Scheduled Token-17 to start at 2025-03-11 09:30:46.171880.
2025-03-11 13:54:20,040 - root - INFO - Scheduled Token-18 to start at 2025-03-11 09:36:42.904575.
2025-03-11 13:54:20,040 - root - INFO - Scheduled Token-19 to start at 2025-03-11 09:42:47.996522.
2025-03-11 13:54:20,041 - root - INFO - Scheduled Token-20 to start at 2025-03-11 09:49:05.317171.
2025-03-11 13:54:20,041 - root - INFO - Scheduled Token-21 to start at 2025-03-11 09:54:40.157369.
2025-03-11 13:54:20,041 - root - INFO - Scheduled Token-22 to start at 2025-03-11 10:00:49.979413.
2025-03-11 13:54:20,043 - root - INFO - Scheduled Token-23 to start at 2025-03-11 10:06:11.673109.
2025-03-11 13:54:20,043 - root - INFO - Scheduled Token-24 to start at 2025-03-11 10:12:13.232901.
2025-03-11 13:54:20,044 - root - INFO - Scheduled Token-25 to start at 2025-03-11 10:17:57.298190.
2025-03-11 13:54:20,044 - root - INFO - Scheduled Token-26 to start at 2025-03-11 10:23:30.394480.
2025-03-11 13:54:20,045 - root - INFO - Scheduled Token-27 to start at 2025-03-11 10:28:24.306561.
2025-03-11 13:54:20,045 - root - INFO - Scheduled Token-28 to start at 2025-03-11 10:34:21.014033.
2025-03-11 13:54:20,046 - root - INFO - Scheduled Token-29 to start at 2025-03-11 10:39:33.823040.
2025-03-11 13:54:20,046 - root - INFO - Scheduled Token-30 to start at 2025-03-11 10:45:02.048609.
2025-03-11 13:54:20,047 - root - INFO - Scheduled Token-31 to start at 2025-03-11 10:49:26.385812.
2025-03-11 13:54:20,047 - root - INFO - Scheduled Token-32 to start at 2025-03-11 10:55:32.693559.
2025-03-11 13:54:20,047 - root - INFO - Scheduled Token-33 to start at 2025-03-11 11:01:32.734561.
2025-03-11 13:54:20,048 - root - INFO - Scheduled Token-34 to start at 2025-03-11 11:07:48.960315.
2025-03-11 13:54:20,048 - root - INFO - Scheduled Token-35 to start at 2025-03-11 11:13:08.092343.
2025-03-11 13:54:20,048 - root - INFO - Scheduled Token-36 to start at 2025-03-11 11:19:04.333670.
2025-03-11 13:54:20,048 - root - INFO - Scheduled Token-37 to start at 2025-03-11 11:23:16.481390.
2025-03-11 13:54:20,048 - root - INFO - Scheduled Token-38 to start at 2025-03-11 11:29:07.794852.
2025-03-11 13:54:20,048 - root - INFO - Scheduled Token-39 to start at 2025-03-11 11:34:08.128201.
2025-03-11 13:54:20,048 - root - INFO - Scheduled Token-40 to start at 2025-03-11 11:39:11.126321.
2025-03-11 13:54:20,048 - root - INFO - Scheduled Token-41 to start at 2025-03-11 11:43:17.653511.
2025-03-11 13:54:20,048 - root - INFO - Scheduled Token-42 to start at 2025-03-11 11:49:24.441212.
2025-03-11 13:54:20,048 - root - INFO - Scheduled Token-43 to start at 2025-03-11 11:55:15.527625.
2025-03-11 13:54:20,048 - root - INFO - Scheduled Token-44 to start at 2025-03-11 12:01:36.857832.
2025-03-11 13:54:20,051 - root - INFO - Scheduled Token-45 to start at 2025-03-11 12:07:36.675275.
2025-03-11 13:54:20,051 - root - INFO - Scheduled Token-46 to start at 2025-03-11 12:13:42.706194.
2025-03-11 13:54:20,051 - root - INFO - Scheduled Token-47 to start at 2025-03-11 12:18:51.031119.
2025-03-11 13:54:20,051 - root - INFO - Scheduled Token-48 to start at 2025-03-11 12:23:05.232671.
2025-03-11 13:54:20,052 - root - INFO - Scheduled Token-49 to start at 2025-03-11 12:28:10.244700.
2025-03-11 13:54:20,052 - root - INFO - Scheduled Token-50 to start at 2025-03-11 12:34:11.441874.
2025-03-11 13:54:20,052 - root - INFO - Scheduled Token-51 to start at 2025-03-11 12:40:17.139634.
2025-03-11 13:54:20,052 - root - INFO - Scheduled Token-52 to start at 2025-03-11 12:46:22.206715.
2025-03-11 13:54:20,052 - root - INFO - Scheduled Token-53 to start at 2025-03-11 12:52:22.616921.
2025-03-11 13:54:20,053 - root - INFO - Scheduled Token-54 to start at 2025-03-11 12:57:31.543162.
2025-03-11 13:54:20,053 - root - INFO - Scheduled Token-55 to start at 2025-03-11 13:03:24.695507.
2025-03-11 13:54:20,053 - root - INFO - Scheduled Token-56 to start at 2025-03-11 13:09:03.702384.
2025-03-11 13:54:20,054 - root - INFO - Scheduled Token-57 to start at 2025-03-11 13:13:45.157050.
2025-03-11 13:54:20,054 - root - INFO - Scheduled Token-58 to start at 2025-03-11 13:19:51.844682.
2025-03-11 13:54:20,054 - root - INFO - Scheduled Token-59 to start at 2025-03-11 13:25:32.795876.
2025-03-11 13:54:20,054 - root - INFO - Scheduled Token-60 to start at 2025-03-11 13:31:59.634840.
2025-03-11 13:54:20,055 - root - INFO - Scheduled Token-61 to start at 2025-03-11 13:37:36.606819.
2025-03-11 13:54:20,055 - root - INFO - Scheduled Token-62 to start at 2025-03-11 13:43:56.866150.
2025-03-11 13:54:20,055 - root - INFO - Scheduled Token-63 to start at 2025-03-11 13:48:27.794918.
2025-03-11 13:54:20,056 - root - INFO - Scheduled Token-64 to start at 2025-03-11 13:54:46.516806.
2025-03-11 13:54:20,056 - root - INFO - Scheduled Token-65 to start at 2025-03-11 13:59:19.271853.
2025-03-11 13:54:20,056 - root - INFO - Scheduled Token-66 to start at 2025-03-12 08:00:00.
2025-03-11 13:54:20,057 - root - INFO - Scheduled Token-67 to start at 2025-03-12 08:05:40.395752.
2025-03-11 13:54:20,057 - root - INFO - Scheduled Token-68 to start at 2025-03-12 08:12:03.825568.
2025-03-11 13:54:20,057 - root - INFO - Scheduled Token-69 to start at 2025-03-12 08:17:34.255423.
2025-03-11 13:54:20,058 - root - INFO - Scheduled Token-70 to start at 2025-03-12 08:23:37.965914.
2025-03-11 13:54:20,058 - root - INFO - Scheduled Token-71 to start at 2025-03-12 08:28:10.826002.
2025-03-11 13:54:20,058 - root - INFO - Scheduled Token-72 to start at 2025-03-12 08:33:47.577746.
2025-03-11 13:54:20,059 - root - INFO - Scheduled Token-73 to start at 2025-03-12 08:39:38.645686.
2025-03-11 13:54:20,059 - root - INFO - Scheduled Token-74 to start at 2025-03-12 08:45:59.227995.
2025-03-11 13:54:20,060 - root - INFO - Scheduled Token-75 to start at 2025-03-12 08:50:57.301972.
2025-03-11 13:54:20,060 - root - INFO - Scheduled Token-76 to start at 2025-03-12 08:57:12.384619.
2025-03-11 13:54:20,060 - root - INFO - Scheduled Token-77 to start at 2025-03-12 09:02:53.443308.
2025-03-11 13:54:20,061 - root - INFO - Scheduled Token-78 to start at 2025-03-12 09:08:21.808981.
2025-03-11 13:54:20,061 - root - INFO - Scheduled Token-79 to start at 2025-03-12 09:12:46.707120.
2025-03-11 13:54:20,062 - root - INFO - Scheduled Token-80 to start at 2025-03-12 09:18:57.637427.
2025-03-11 13:54:20,062 - root - INFO - Scheduled Token-81 to start at 2025-03-12 09:24:30.906942.
2025-03-11 13:54:20,063 - root - INFO - Scheduled Token-82 to start at 2025-03-12 09:29:51.712088.
2025-03-11 13:54:20,064 - root - INFO - Scheduled Token-83 to start at 2025-03-12 09:36:13.698791.
2025-03-11 13:54:20,064 - root - INFO - Scheduled Token-84 to start at 2025-03-12 09:42:02.762086.
2025-03-11 13:54:20,065 - root - INFO - Scheduled Token-85 to start at 2025-03-12 09:47:32.971490.
2025-03-11 13:54:20,075 - root - INFO - Scheduled Token-86 to start at 2025-03-12 09:53:53.048566.
2025-03-11 13:54:20,075 - root - INFO - Scheduled Token-87 to start at 2025-03-12 09:59:19.327889.
2025-03-11 13:54:20,077 - root - INFO - Scheduled Token-88 to start at 2025-03-12 10:05:08.044389.
2025-03-11 13:54:20,078 - root - INFO - Scheduled Token-89 to start at 2025-03-12 10:10:19.308358.
2025-03-11 13:54:20,078 - root - INFO - Scheduled Token-90 to start at 2025-03-12 10:16:19.648770.
2025-03-11 13:54:20,079 - root - INFO - Scheduled Token-91 to start at 2025-03-12 10:21:48.542297.
2025-03-11 13:54:20,079 - root - INFO - Scheduled Token-92 to start at 2025-03-12 10:27:42.840595.
2025-03-11 13:54:20,080 - root - INFO - Scheduled Token-93 to start at 2025-03-12 10:33:30.792855.
2025-03-11 13:54:20,080 - root - INFO - Scheduled Token-94 to start at 2025-03-12 10:38:25.531421.
2025-03-11 13:54:20,086 - root - INFO - Scheduled Token-95 to start at 2025-03-12 10:44:44.751975.
2025-03-11 13:54:20,087 - root - INFO - Scheduled Token-96 to start at 2025-03-12 10:50:08.183275.
2025-03-11 13:54:20,088 - root - INFO - Scheduled Token-97 to start at 2025-03-12 10:56:28.851788.
2025-03-11 13:54:20,088 - root - INFO - Scheduled Token-98 to start at 2025-03-12 11:01:43.716111.
2025-03-11 13:54:20,088 - root - INFO - Scheduled Token-99 to start at 2025-03-12 11:08:07.822443.
2025-03-11 13:54:20,088 - root - INFO - Scheduled Token-100 to start at 2025-03-12 11:14:22.285179.
2025-03-11 13:54:20,089 - root - INFO - Scheduled Token-101 to start at 2025-03-12 11:20:41.960726.
2025-03-11 13:54:20,089 - root - INFO - Scheduled Token-102 to start at 2025-03-12 11:26:49.092604.
2025-03-11 13:54:20,089 - root - INFO - Scheduled Token-103 to start at 2025-03-12 11:31:55.601127.
2025-03-11 13:54:20,089 - root - INFO - Scheduled Token-104 to start at 2025-03-12 11:37:18.078417.
2025-03-11 13:54:20,089 - root - INFO - Scheduled Token-105 to start at 2025-03-12 11:41:43.337830.
2025-03-11 13:54:20,090 - root - INFO - Scheduled Token-106 to start at 2025-03-12 11:47:26.906615.
2025-03-11 13:54:20,090 - root - INFO - Scheduled Token-107 to start at 2025-03-12 11:52:44.725850.
2025-03-11 13:54:20,090 - root - INFO - Scheduled Token-108 to start at 2025-03-12 11:57:27.559764.
2025-03-11 13:54:20,090 - root - INFO - Scheduled Token-109 to start at 2025-03-12 12:02:54.541368.
2025-03-11 13:54:20,090 - root - INFO - Scheduled Token-110 to start at 2025-03-12 12:08:46.572397.
2025-03-11 13:54:20,091 - root - INFO - Scheduled Token-111 to start at 2025-03-12 12:14:32.259608.
2025-03-11 13:54:20,091 - root - INFO - Scheduled Token-112 to start at 2025-03-12 12:20:33.832112.
2025-03-11 13:54:20,091 - root - INFO - Scheduled Token-113 to start at 2025-03-12 12:25:49.012933.
2025-03-11 13:54:20,091 - root - INFO - Scheduled Token-114 to start at 2025-03-12 12:31:07.219809.
2025-03-11 13:54:20,091 - root - INFO - Scheduled Token-115 to start at 2025-03-12 12:35:59.601989.
2025-03-11 13:54:20,092 - root - INFO - Scheduled Token-116 to start at 2025-03-12 12:40:25.187228.
2025-03-11 13:54:20,093 - root - INFO - Scheduled Token-117 to start at 2025-03-12 12:46:15.839213.
2025-03-11 13:54:20,093 - root - INFO - Scheduled Token-118 to start at 2025-03-12 12:51:03.997333.
2025-03-11 13:54:20,093 - root - INFO - Scheduled Token-119 to start at 2025-03-12 12:56:05.459198.
2025-03-11 13:54:20,093 - root - INFO - Scheduled Token-120 to start at 2025-03-12 13:02:26.635193.
2025-03-11 13:54:20,093 - root - INFO - Scheduled Token-121 to start at 2025-03-12 13:07:09.892343.
2025-03-11 13:54:20,093 - root - INFO - Scheduled Token-122 to start at 2025-03-12 13:12:27.358116.
2025-03-11 13:54:20,093 - root - INFO - Scheduled Token-123 to start at 2025-03-12 13:17:38.585054.
2025-03-11 13:54:20,093 - root - INFO - Scheduled Token-124 to start at 2025-03-12 13:23:39.123936.
2025-03-11 13:54:20,093 - root - INFO - Scheduled Token-125 to start at 2025-03-12 13:29:09.752104.
2025-03-11 13:54:20,093 - root - INFO - Scheduled Token-126 to start at 2025-03-12 13:33:14.592877.
2025-03-11 13:54:20,093 - root - INFO - Scheduled Token-127 to start at 2025-03-12 13:38:49.327276.
2025-03-11 13:54:20,093 - root - INFO - Scheduled Token-128 to start at 2025-03-12 13:44:56.440663.
2025-03-11 13:54:20,093 - root - INFO - Scheduled Token-129 to start at 2025-03-12 13:50:09.293505.
2025-03-11 13:54:20,093 - root - INFO - Scheduled Token-130 to start at 2025-03-12 13:56:04.609752.
2025-03-11 13:54:20,093 - root - INFO - Scheduled Token-131 to start at 2025-03-13 08:00:00.
2025-03-11 13:54:20,093 - root - INFO - Scheduled Token-132 to start at 2025-03-13 08:06:05.800827.
2025-03-11 13:54:20,093 - root - INFO - Scheduled Token-133 to start at 2025-03-13 08:12:26.105015.
2025-03-11 13:54:20,093 - root - INFO - Scheduled Token-134 to start at 2025-03-13 08:18:15.954586.
2025-03-11 13:54:20,093 - root - INFO - Scheduled Token-135 to start at 2025-03-13 08:24:06.491373.
2025-03-11 13:54:20,093 - root - INFO - Scheduled Token-136 to start at 2025-03-13 08:29:51.785443.
2025-03-11 13:54:20,093 - root - INFO - Scheduled Token-137 to start at 2025-03-13 08:34:53.182116.
2025-03-11 13:54:20,101 - root - INFO - Scheduled Token-138 to start at 2025-03-13 08:41:04.842364.
2025-03-11 13:54:20,102 - root - INFO - Scheduled Token-139 to start at 2025-03-13 08:46:25.577909.
2025-03-11 13:54:20,102 - root - INFO - Scheduled Token-140 to start at 2025-03-13 08:51:24.187973.
2025-03-11 13:54:20,102 - root - INFO - Scheduled Token-141 to start at 2025-03-13 08:56:26.780127.
2025-03-11 13:54:20,103 - root - INFO - Scheduled Token-142 to start at 2025-03-13 09:02:28.850585.
2025-03-11 13:54:20,103 - root - INFO - Scheduled Token-143 to start at 2025-03-13 09:07:35.694893.
2025-03-11 13:54:20,103 - root - INFO - Scheduled Token-144 to start at 2025-03-13 09:12:22.679761.
2025-03-11 13:54:20,104 - root - INFO - Scheduled Token-145 to start at 2025-03-13 09:18:42.476410.
2025-03-11 13:54:20,104 - root - INFO - Scheduled Token-146 to start at 2025-03-13 09:24:32.263863.
2025-03-11 13:54:20,105 - root - INFO - Scheduled Token-147 to start at 2025-03-13 09:30:49.270847.
2025-03-11 13:54:20,105 - root - INFO - Scheduled Token-148 to start at 2025-03-13 09:36:42.443483.
2025-03-11 13:54:20,105 - root - INFO - Scheduled Token-149 to start at 2025-03-13 09:42:59.522884.
2025-03-11 13:54:20,106 - root - INFO - Scheduled Token-150 to start at 2025-03-13 09:47:50.287100.
2025-03-11 13:54:20,106 - root - INFO - Scheduled Token-151 to start at 2025-03-13 09:53:56.269557.
2025-03-11 13:54:20,106 - root - INFO - Scheduled Token-152 to start at 2025-03-13 09:58:53.941743.
2025-03-11 13:54:20,107 - root - INFO - Scheduled Token-153 to start at 2025-03-13 10:05:10.167020.
2025-03-11 13:54:20,107 - root - INFO - Scheduled Token-154 to start at 2025-03-13 10:10:06.289914.
2025-03-11 13:54:20,107 - root - INFO - Scheduled Token-155 to start at 2025-03-13 10:14:40.492914.
2025-03-11 13:54:20,108 - root - INFO - Scheduled Token-156 to start at 2025-03-13 10:21:02.020130.
2025-03-11 13:54:20,108 - root - INFO - Scheduled Token-157 to start at 2025-03-13 10:27:25.121794.
2025-03-11 13:54:20,108 - root - INFO - Scheduled Token-158 to start at 2025-03-13 10:33:44.097708.
2025-03-11 13:54:20,109 - root - INFO - Scheduled Token-159 to start at 2025-03-13 10:38:31.477494.
2025-03-11 13:54:20,109 - root - INFO - Scheduled Token-160 to start at 2025-03-13 10:44:35.371378.
2025-03-11 13:54:20,110 - root - INFO - Scheduled Token-161 to start at 2025-03-13 10:50:32.056013.
2025-03-11 13:54:20,111 - root - INFO - Scheduled Token-162 to start at 2025-03-13 10:56:12.551124.
2025-03-11 13:54:20,111 - root - INFO - Scheduled Token-163 to start at 2025-03-13 11:02:23.457875.
2025-03-11 13:54:20,113 - root - INFO - Scheduled Token-164 to start at 2025-03-13 11:08:06.281761.
2025-03-11 13:54:20,114 - root - INFO - Scheduled Token-165 to start at 2025-03-13 11:13:39.130395.
2025-03-11 13:54:20,132 - root - INFO - Scheduled Token-166 to start at 2025-03-13 11:19:49.305690.
2025-03-11 13:54:20,132 - root - INFO - Scheduled Token-167 to start at 2025-03-13 11:26:09.159005.
2025-03-11 13:54:20,132 - root - INFO - Scheduled Token-168 to start at 2025-03-13 11:31:19.233041.
2025-03-11 13:54:20,132 - root - INFO - Scheduled Token-169 to start at 2025-03-13 11:36:40.902136.
2025-03-11 13:54:20,132 - root - INFO - Scheduled Token-170 to start at 2025-03-13 11:42:36.095772.
2025-03-11 13:54:20,132 - root - INFO - Scheduled Token-171 to start at 2025-03-13 11:47:12.524157.
2025-03-11 13:54:20,132 - root - INFO - Scheduled Token-172 to start at 2025-03-13 11:52:44.748439.
2025-03-11 13:54:20,132 - root - INFO - Scheduled Token-173 to start at 2025-03-13 11:57:06.366113.
2025-03-11 13:54:20,132 - root - INFO - Scheduled Token-174 to start at 2025-03-13 12:01:46.315857.
2025-03-11 13:54:20,132 - root - INFO - Scheduled Token-175 to start at 2025-03-13 12:07:06.397669.
2025-03-11 13:54:20,132 - root - INFO - Scheduled Token-176 to start at 2025-03-13 12:12:02.467855.
2025-03-11 13:54:20,132 - root - INFO - Scheduled Token-177 to start at 2025-03-13 12:18:10.786875.
2025-03-11 13:54:20,132 - root - INFO - Scheduled Token-178 to start at 2025-03-13 12:24:29.440766.
2025-03-11 13:54:20,132 - root - INFO - Scheduled Token-179 to start at 2025-03-13 12:29:29.907549.
2025-03-11 13:54:20,137 - root - INFO - Scheduled Token-180 to start at 2025-03-13 12:35:11.408856.
2025-03-11 13:54:20,138 - root - INFO - Scheduled Token-181 to start at 2025-03-13 12:41:25.268408.
2025-03-11 13:54:20,138 - root - INFO - Scheduled Token-182 to start at 2025-03-13 12:46:25.112201.
2025-03-11 13:54:20,138 - root - INFO - Scheduled Token-183 to start at 2025-03-13 12:51:13.932781.
2025-03-11 13:54:20,138 - root - INFO - Scheduled Token-184 to start at 2025-03-13 12:57:35.494326.
2025-03-11 13:54:20,138 - root - INFO - Scheduled Token-185 to start at 2025-03-13 13:02:53.369674.
2025-03-11 13:54:20,138 - root - INFO - Scheduled Token-186 to start at 2025-03-13 13:08:32.350700.
2025-03-11 13:54:20,138 - root - INFO - Scheduled Token-187 to start at 2025-03-13 13:14:22.168124.
2025-03-11 13:54:20,139 - root - INFO - Scheduled Token-188 to start at 2025-03-13 13:19:51.817016.
2025-03-11 13:54:20,139 - root - INFO - Scheduled Token-189 to start at 2025-03-13 13:26:07.976782.
2025-03-11 13:54:20,139 - root - INFO - Scheduled Token-190 to start at 2025-03-13 13:32:10.657142.
2025-03-11 13:54:20,139 - root - INFO - Scheduled Token-191 to start at 2025-03-13 13:37:08.722503.
2025-03-11 13:54:20,140 - root - INFO - Scheduled Token-192 to start at 2025-03-13 13:43:20.248021.
2025-03-11 13:54:20,140 - root - INFO - Scheduled Token-193 to start at 2025-03-13 13:48:01.044668.
2025-03-11 13:54:20,140 - root - INFO - Scheduled Token-194 to start at 2025-03-13 13:53:13.434079.
2025-03-11 13:54:20,140 - root - INFO - Scheduled Token-195 to start at 2025-03-13 13:58:39.719292.
2025-03-11 13:54:20,141 - root - INFO - Scheduled Token-196 to start at 2025-03-14 08:00:00.
2025-03-11 13:54:20,141 - root - INFO - Scheduled Token-197 to start at 2025-03-14 08:06:09.520833.
2025-03-11 13:54:20,142 - root - INFO - Scheduled Token-198 to start at 2025-03-14 08:11:44.864149.
2025-03-11 13:54:20,142 - root - INFO - Scheduled Token-199 to start at 2025-03-14 08:18:11.687154.
2025-03-11 13:54:20,142 - root - INFO - Scheduled Token-200 to start at 2025-03-14 08:23:31.784429.
2025-03-11 13:54:20,143 - root - INFO - Scheduled Token-201 to start at 2025-03-14 08:27:53.643411.
2025-03-11 13:54:20,143 - root - INFO - Scheduled Token-202 to start at 2025-03-14 08:33:52.286877.
2025-03-11 13:54:20,144 - root - INFO - Scheduled Token-203 to start at 2025-03-14 08:39:26.516836.
2025-03-11 13:54:20,144 - root - INFO - Scheduled Token-204 to start at 2025-03-14 08:44:17.647835.
2025-03-11 13:54:20,144 - root - INFO - Scheduled Token-205 to start at 2025-03-14 08:49:55.537263.
2025-03-11 13:54:20,144 - root - INFO - Scheduled Token-206 to start at 2025-03-14 08:56:02.528033.
2025-03-11 13:54:20,145 - root - INFO - Scheduled Token-207 to start at 2025-03-14 09:02:14.765573.
2025-03-11 13:54:20,145 - root - INFO - Scheduled Token-208 to start at 2025-03-14 09:07:46.530495.
2025-03-11 13:54:20,145 - root - INFO - Scheduled Token-209 to start at 2025-03-14 09:13:57.250775.
2025-03-11 13:54:20,145 - root - INFO - Scheduled Token-210 to start at 2025-03-14 09:19:05.706101.
2025-03-11 13:54:20,145 - root - INFO - Scheduled Token-211 to start at 2025-03-14 09:24:45.674402.
2025-03-11 13:54:20,146 - root - INFO - Scheduled Token-212 to start at 2025-03-14 09:31:06.198093.
2025-03-11 13:54:20,146 - root - INFO - Scheduled Token-213 to start at 2025-03-14 09:36:36.762765.
2025-03-11 13:54:20,146 - root - INFO - Scheduled Token-214 to start at 2025-03-14 09:42:48.886867.
2025-03-11 13:54:20,146 - root - INFO - Scheduled Token-215 to start at 2025-03-14 09:48:41.308796.
2025-03-11 13:54:20,147 - root - INFO - Scheduled Token-216 to start at 2025-03-14 09:53:46.191652.
2025-03-11 13:54:20,147 - root - INFO - Scheduled Token-217 to start at 2025-03-14 09:59:44.969063.
2025-03-11 13:54:20,147 - root - INFO - Scheduled Token-218 to start at 2025-03-14 10:04:18.412658.
2025-03-11 13:54:20,147 - root - INFO - Scheduled Token-219 to start at 2025-03-14 10:10:44.653083.
2025-03-11 13:54:20,147 - root - INFO - Scheduled Token-220 to start at 2025-03-14 10:16:50.081841.
2025-03-11 13:54:20,148 - root - INFO - Scheduled Token-221 to start at 2025-03-14 10:22:05.996045.
2025-03-11 13:54:20,148 - root - INFO - Scheduled Token-222 to start at 2025-03-14 10:27:06.366192.
2025-03-11 13:54:20,148 - root - INFO - Scheduled Token-223 to start at 2025-03-14 10:33:10.436261.
2025-03-11 13:54:20,148 - root - INFO - Scheduled Token-224 to start at 2025-03-14 10:39:00.483710.
2025-03-11 13:54:20,149 - root - INFO - Scheduled Token-225 to start at 2025-03-14 10:44:32.701735.
2025-03-11 13:54:20,149 - root - INFO - Scheduled Token-226 to start at 2025-03-14 10:49:29.548169.
2025-03-11 13:54:20,149 - root - INFO - Scheduled Token-227 to start at 2025-03-14 10:54:55.916468.
2025-03-11 13:54:20,149 - root - INFO - Scheduled 227 tokens. Running simulation...
2025-03-11 13:54:20,152 - root - INFO - Running pre-simulation diagnostics...
2025-03-11 13:54:20,153 - root - INFO - Found 1 start nodes: ['Monthly']
2025-03-11 13:54:20,153 - root - INFO - Start nodes: ['Monthly']
2025-03-11 13:54:20,153 - root - INFO - End nodes: ['Unknown']
2025-03-11 13:54:20,154 - root - INFO - Node ID: Monthly, Name: Unknown, Resource: None, Type: Start
2025-03-11 13:54:20,154 - root - INFO - Node ID: Review AM using Asset Change Tracker (5.5.13.1), Name: Unknown, Resource: Tech, Type: Activity Step
2025-03-11 13:54:20,154 - root - INFO - Node ID: Complete /Accurate?, Name: Unknown, Resource: None, Type: Activity Step
2025-03-11 13:54:20,155 - root - INFO - Node ID: Note Accuracy in Asset Change Tracker (5.5.13.2), Name: Unknown, Resource: Tech, Type: [Inclusive Gateway]
2025-03-11 13:54:20,155 - root - INFO - Node ID: Work with REO RPO to Correct (5.5.13.3), Name: Unknown, Resource: Tech, Type: CONDITION-No
2025-03-11 13:54:20,155 - root - INFO - Node ID: Create Journal Entries?, Name: Unknown, Resource: None, Type: [Inclusive Gateway]
2025-03-11 13:54:20,156 - root - INFO - Node ID: Create/Post Journal Entries (5.5.13.4), Name: Unknown, Resource: Certifier, Type: [Inclusive Gateway]
2025-03-11 13:54:20,156 - root - INFO - Node ID: Unknown, Name: Unknown, Resource: None, Type: Stop
2025-03-11 13:54:20,157 - root - INFO - Node ID: Inclusive Path 3, Name: Unknown, Resource: None, Type: [Inclusive Gateway]
2025-03-11 13:54:20,157 - root - INFO - Resource 'Certifier' (count: 1) is assigned to tasks: ['Create/Post Journal Entries (5.5.13.4)']
2025-03-11 13:54:20,157 - root - INFO - Resource 'Tech' (count: 1) is assigned to tasks: ['Review AM using Asset Change Tracker (5.5.13.1)', 'Note Accuracy in Asset Change Tracker (5.5.13.2)', 'Work with REO RPO to Correct (5.5.13.3)']
2025-03-11 13:54:20,158 - root - INFO - Gateway Complete /Accurate? of type [Exclusive Gateway] (standardized: EXCLUSIVE) has outgoing paths: ['Note Accuracy in Asset Change Tracker (5.5.13.2)', 'Work with REO RPO to Correct (5.5.13.3)']
2025-03-11 13:54:20,179 - root - INFO - Gateway Note Accuracy in Asset Change Tracker (5.5.13.2) of type [Inclusive Gateway] (standardized: INCLUSIVE) has outgoing paths: ['Unknown']
2025-03-11 13:54:20,180 - root - INFO - Gateway Create Journal Entries? of type [Inclusive Gateway] (standardized: INCLUSIVE) has outgoing paths: ['Create/Post Journal Entries (5.5.13.4)', 'Note Accuracy in Asset Change Tracker (5.5.13.2)', 'Inclusive Path 3']
2025-03-11 13:54:20,181 - root - INFO - Gateway Create/Post Journal Entries (5.5.13.4) of type [Inclusive Gateway] (standardized: INCLUSIVE) has outgoing paths: ['Unknown']
2025-03-11 13:54:20,181 - root - INFO - Gateway Unknown of type [Inclusive Gateway] (standardized: INCLUSIVE) has outgoing paths: []
2025-03-11 13:54:20,181 - root - INFO - Gateway Inclusive Path 3 of type [Inclusive Gateway] (standardized: INCLUSIVE) has outgoing paths: ['Unknown']
2025-03-11 13:54:20,181 - root - INFO - Gateway connections: {'[Exclusive Gateway]': {'Complete /Accurate?': ['Note Accuracy in Asset Change Tracker (5.5.13.2)', 'Work with REO RPO to Correct (5.5.13.3)']}, '[Inclusive Gateway]': {'Note Accuracy in Asset Change Tracker (5.5.13.2)': ['Unknown'], 'Create Journal Entries?': ['Create/Post Journal Entries (5.5.13.4)', 'Note Accuracy in Asset Change Tracker (5.5.13.2)', 'Inclusive Path 3'], 'Create/Post Journal Entries (5.5.13.4)': ['Unknown'], 'Unknown': [], 'Inclusive Path 3': ['Unknown']}}
2025-03-11 13:54:20,182 - root - INFO - Resource Tech has 1 instances available
2025-03-11 13:54:20,183 - root - INFO - Resource Certifier has 1 instances available
2025-03-11 13:54:20,183 - root - INFO - Found 1 start nodes: ['Monthly']
2025-03-11 13:54:20,184 - root - INFO - Found 4 possible paths through the process
2025-03-11 13:54:20,185 - root - INFO - Starting simulation...
2025-03-11 13:54:20,187 - root - INFO - Token Token-1 started task 'Monthly' at 2025-03-11 08:00:00, scheduled to end at 2025-03-11 08:00:00 (processing time: 0.00 min)
2025-03-11 13:54:20,187 - root - INFO - Processing end event: Token Token-1 at node Monthly (Unknown)
2025-03-11 13:54:20,187 - root - INFO - Token Token-1 completed task 'Monthly' at 2025-03-11 08:00:00.
2025-03-11 13:54:20,187 - root - INFO - Next nodes for Monthly: ['Review AM using Asset Change Tracker (5.5.13.1)']
2025-03-11 13:54:20,187 - root - INFO - Scheduling direct next node Review AM using Asset Change Tracker (5.5.13.1)
2025-03-11 13:54:20,187 - root - INFO - Token Token-1 acquired resource 'Tech' at 2025-03-11 08:00:00
2025-03-11 13:54:20,190 - root - INFO - Token Token-1 started task 'Review AM using Asset Change Tracker (5.5.13.1)' at 2025-03-11 08:00:00, scheduled to end at 2025-03-11 08:10:29.897669 (processing time: 10.50 min)
2025-03-11 13:54:20,190 - root - INFO - Token Token-2 started task 'Monthly' at 2025-03-11 08:06:01.311428, scheduled to end at 2025-03-11 08:06:01.311428 (processing time: 0.00 min)
2025-03-11 13:54:20,190 - root - INFO - Processing end event: Token Token-2 at node Monthly (Unknown)
2025-03-11 13:54:20,190 - root - INFO - Token Token-2 completed task 'Monthly' at 2025-03-11 08:06:01.311428.
2025-03-11 13:54:20,190 - root - INFO - Next nodes for Monthly: ['Review AM using Asset Change Tracker (5.5.13.1)']
2025-03-11 13:54:20,191 - root - INFO - Scheduling direct next node Review AM using Asset Change Tracker (5.5.13.1)
2025-03-11 13:54:20,191 - root - INFO - Token Token-2 waiting for resource 'Tech' at 2025-03-11 08:06:01.311428
2025-03-11 13:54:20,191 - root - INFO - Processing end event: Token Token-1 at node Review AM using Asset Change Tracker (5.5.13.1) (Unknown)
2025-03-11 13:54:20,191 - root - INFO - Token Token-1 completed task 'Review AM using Asset Change Tracker (5.5.13.1)' at 2025-03-11 08:10:29.897669.
2025-03-11 13:54:20,192 - root - INFO - Releasing resource 'Tech' for token Token-1
2025-03-11 13:54:20,192 - root - INFO - Token Token-2 released from wait queue for 'Tech'
2025-03-11 13:54:20,192 - root - INFO - Next nodes for Review AM using Asset Change Tracker (5.5.13.1): ['Complete /Accurate?']
2025-03-11 13:54:20,192 - root - INFO - Processing gateway Complete /Accurate? of type [Exclusive Gateway] (standardized: EXCLUSIVE)
2025-03-11 13:54:20,192 - root - INFO - Gateway Complete /Accurate? decision: probabilities yes=0.75/no=0.25, random value=0.8915, chose path 1 (no)
2025-03-11 13:54:20,193 - root - INFO - Exclusive gateway Complete /Accurate? chose path 1: Work with REO RPO to Correct (5.5.13.3)
2025-03-11 13:54:20,193 - root - INFO - Token Token-2 waiting for resource 'Tech' at 2025-03-11 08:10:29.897669
2025-03-11 13:54:20,193 - root - INFO - Token Token-1 waiting for resource 'Tech' at 2025-03-11 08:10:29.897669
2025-03-11 13:54:20,193 - root - INFO - Token Token-3 started task 'Monthly' at 2025-03-11 08:11:14.911155, scheduled to end at 2025-03-11 08:11:14.911155 (processing time: 0.00 min)
2025-03-11 13:54:20,194 - root - INFO - Processing end event: Token Token-3 at node Monthly (Unknown)
2025-03-11 13:54:20,194 - root - INFO - Token Token-3 completed task 'Monthly' at 2025-03-11 08:11:14.911155.
2025-03-11 13:54:20,194 - root - INFO - Next nodes for Monthly: ['Review AM using Asset Change Tracker (5.5.13.1)']
2025-03-11 13:54:20,194 - root - INFO - Scheduling direct next node Review AM using Asset Change Tracker (5.5.13.1)
2025-03-11 13:54:20,195 - root - INFO - Token Token-3 waiting for resource 'Tech' at 2025-03-11 08:11:14.911155
2025-03-11 13:54:20,195 - root - INFO - Token Token-4 started task 'Monthly' at 2025-03-11 08:17:12.648151, scheduled to end at 2025-03-11 08:17:12.648151 (processing time: 0.00 min)
2025-03-11 13:54:20,195 - root - INFO - Processing end event: Token Token-4 at node Monthly (Unknown)
2025-03-11 13:54:20,195 - root - INFO - Token Token-4 completed task 'Monthly' at 2025-03-11 08:17:12.648151.
2025-03-11 13:54:20,195 - root - INFO - Next nodes for Monthly: ['Review AM using Asset Change Tracker (5.5.13.1)']
2025-03-11 13:54:20,196 - root - INFO - Scheduling direct next node Review AM using Asset Change Tracker (5.5.13.1)
2025-03-11 13:54:20,196 - root - INFO - Token Token-4 waiting for resource 'Tech' at 2025-03-11 08:17:12.648151
2025-03-11 13:54:20,197 - root - INFO - Token Token-5 started task 'Monthly' at 2025-03-11 08:22:40.756413, scheduled to end at 2025-03-11 08:22:40.756413 (processing time: 0.00 min)
2025-03-11 13:54:20,197 - root - INFO - Processing end event: Token Token-5 at node Monthly (Unknown)
2025-03-11 13:54:20,197 - root - INFO - Token Token-5 completed task 'Monthly' at 2025-03-11 08:22:40.756413.
2025-03-11 13:54:20,197 - root - INFO - Next nodes for Monthly: ['Review AM using Asset Change Tracker (5.5.13.1)']
2025-03-11 13:54:20,199 - root - INFO - Scheduling direct next node Review AM using Asset Change Tracker (5.5.13.1)
2025-03-11 13:54:20,200 - root - INFO - Token Token-5 waiting for resource 'Tech' at 2025-03-11 08:22:40.756413
2025-03-11 13:54:20,200 - root - INFO - Token Token-6 started task 'Monthly' at 2025-03-11 08:27:40.545744, scheduled to end at 2025-03-11 08:27:40.545744 (processing time: 0.00 min)
2025-03-11 13:54:20,201 - root - INFO - Processing end event: Token Token-6 at node Monthly (Unknown)
2025-03-11 13:54:20,201 - root - INFO - Token Token-6 completed task 'Monthly' at 2025-03-11 08:27:40.545744.
2025-03-11 13:54:20,201 - root - INFO - Next nodes for Monthly: ['Review AM using Asset Change Tracker (5.5.13.1)']
2025-03-11 13:54:20,202 - root - INFO - Scheduling direct next node Review AM using Asset Change Tracker (5.5.13.1)
2025-03-11 13:54:20,202 - root - INFO - Token Token-6 waiting for resource 'Tech' at 2025-03-11 08:27:40.545744
2025-03-11 13:54:20,202 - root - INFO - Token Token-7 started task 'Monthly' at 2025-03-11 08:34:05.343767, scheduled to end at 2025-03-11 08:34:05.343767 (processing time: 0.00 min)
2025-03-11 13:54:20,203 - root - INFO - Processing end event: Token Token-7 at node Monthly (Unknown)
2025-03-11 13:54:20,204 - root - INFO - Token Token-7 completed task 'Monthly' at 2025-03-11 08:34:05.343767.
2025-03-11 13:54:20,205 - root - INFO - Next nodes for Monthly: ['Review AM using Asset Change Tracker (5.5.13.1)']
2025-03-11 13:54:20,205 - root - INFO - Scheduling direct next node Review AM using Asset Change Tracker (5.5.13.1)
2025-03-11 13:54:20,205 - root - INFO - Token Token-7 waiting for resource 'Tech' at 2025-03-11 08:34:05.343767
2025-03-11 13:54:20,206 - root - INFO - Token Token-8 started task 'Monthly' at 2025-03-11 08:40:14.221677, scheduled to end at 2025-03-11 08:40:14.221677 (processing time: 0.00 min)
2025-03-11 13:54:20,207 - root - INFO - Processing end event: Token Token-8 at node Monthly (Unknown)
2025-03-11 13:54:20,207 - root - INFO - Token Token-8 completed task 'Monthly' at 2025-03-11 08:40:14.221677.
2025-03-11 13:54:20,208 - root - INFO - Next nodes for Monthly: ['Review AM using Asset Change Tracker (5.5.13.1)']
2025-03-11 13:54:20,209 - root - INFO - Scheduling direct next node Review AM using Asset Change Tracker (5.5.13.1)
2025-03-11 13:54:20,230 - root - INFO - Token Token-8 waiting for resource 'Tech' at 2025-03-11 08:40:14.221677
2025-03-11 13:54:20,230 - root - INFO - Token Token-9 started task 'Monthly' at 2025-03-11 08:46:08.386577, scheduled to end at 2025-03-11 08:46:08.386577 (processing time: 0.00 min)
2025-03-11 13:54:20,231 - root - INFO - Processing end event: Token Token-9 at node Monthly (Unknown)
2025-03-11 13:54:20,231 - root - INFO - Token Token-9 completed task 'Monthly' at 2025-03-11 08:46:08.386577.
2025-03-11 13:54:20,232 - root - INFO - Next nodes for Monthly: ['Review AM using Asset Change Tracker (5.5.13.1)']
2025-03-11 13:54:20,232 - root - INFO - Scheduling direct next node Review AM using Asset Change Tracker (5.5.13.1)
2025-03-11 13:54:20,232 - root - INFO - Token Token-9 waiting for resource 'Tech' at 2025-03-11 08:46:08.386577
2025-03-11 13:54:20,233 - root - INFO - Token Token-10 started task 'Monthly' at 2025-03-11 08:50:42.814228, scheduled to end at 2025-03-11 08:50:42.814228 (processing time: 0.00 min)
2025-03-11 13:54:20,233 - root - INFO - Processing end event: Token Token-10 at node Monthly (Unknown)
2025-03-11 13:54:20,234 - root - INFO - Token Token-10 completed task 'Monthly' at 2025-03-11 08:50:42.814228.
2025-03-11 13:54:20,234 - root - INFO - Next nodes for Monthly: ['Review AM using Asset Change Tracker (5.5.13.1)']
2025-03-11 13:54:20,234 - root - INFO - Scheduling direct next node Review AM using Asset Change Tracker (5.5.13.1)
2025-03-11 13:54:20,235 - root - INFO - Token Token-10 waiting for resource 'Tech' at 2025-03-11 08:50:42.814228
2025-03-11 13:54:20,235 - root - INFO - Token Token-11 started task 'Monthly' at 2025-03-11 08:55:56.262285, scheduled to end at 2025-03-11 08:55:56.262285 (processing time: 0.00 min)
2025-03-11 13:54:20,235 - root - INFO - Processing end event: Token Token-11 at node Monthly (Unknown)
2025-03-11 13:54:20,235 - root - INFO - Token Token-11 completed task 'Monthly' at 2025-03-11 08:55:56.262285.
2025-03-11 13:54:20,235 - root - INFO - Next nodes for Monthly: ['Review AM using Asset Change Tracker (5.5.13.1)']
2025-03-11 13:54:20,235 - root - INFO - Scheduling direct next node Review AM using Asset Change Tracker (5.5.13.1)
2025-03-11 13:54:20,235 - root - INFO - Token Token-11 waiting for resource 'Tech' at 2025-03-11 08:55:56.262285
2025-03-11 13:54:20,235 - root - INFO - Token Token-12 started task 'Monthly' at 2025-03-11 09:02:01.632583, scheduled to end at 2025-03-11 09:02:01.632583 (processing time: 0.00 min)
2025-03-11 13:54:20,235 - root - INFO - Processing end event: Token Token-12 at node Monthly (Unknown)
2025-03-11 13:54:20,235 - root - INFO - Token Token-12 completed task 'Monthly' at 2025-03-11 09:02:01.632583.
2025-03-11 13:54:20,235 - root - INFO - Next nodes for Monthly: ['Review AM using Asset Change Tracker (5.5.13.1)']
2025-03-11 13:54:20,235 - root - INFO - Scheduling direct next node Review AM using Asset Change Tracker (5.5.13.1)
2025-03-11 13:54:20,235 - root - INFO - Token Token-12 waiting for resource 'Tech' at 2025-03-11 09:02:01.632583
2025-03-11 13:54:20,235 - root - INFO - Token Token-13 started task 'Monthly' at 2025-03-11 09:07:05.432890, scheduled to end at 2025-03-11 09:07:05.432890 (processing time: 0.00 min)
2025-03-11 13:54:20,235 - root - INFO - Processing end event: Token Token-13 at node Monthly (Unknown)
2025-03-11 13:54:20,235 - root - INFO - Token Token-13 completed task 'Monthly' at 2025-03-11 09:07:05.432890.
2025-03-11 13:54:20,235 - root - INFO - Next nodes for Monthly: ['Review AM using Asset Change Tracker (5.5.13.1)']
2025-03-11 13:54:20,235 - root - INFO - Scheduling direct next node Review AM using Asset Change Tracker (5.5.13.1)
2025-03-11 13:54:20,235 - root - INFO - Token Token-13 waiting for resource 'Tech' at 2025-03-11 09:07:05.432890
2025-03-11 13:54:20,235 - root - INFO - Token Token-14 started task 'Monthly' at 2025-03-11 09:13:02.191867, scheduled to end at 2025-03-11 09:13:02.191867 (processing time: 0.00 min)
2025-03-11 13:54:20,235 - root - INFO - Processing end event: Token Token-14 at node Monthly (Unknown)
2025-03-11 13:54:20,235 - root - INFO - Token Token-14 completed task 'Monthly' at 2025-03-11 09:13:02.191867.
2025-03-11 13:54:20,239 - root - INFO - Next nodes for Monthly: ['Review AM using Asset Change Tracker (5.5.13.1)']
2025-03-11 13:54:20,241 - root - INFO - Scheduling direct next node Review AM using Asset Change Tracker (5.5.13.1)
2025-03-11 13:54:20,241 - root - INFO - Token Token-14 waiting for resource 'Tech' at 2025-03-11 09:13:02.191867
2025-03-11 13:54:20,241 - root - INFO - Token Token-15 started task 'Monthly' at 2025-03-11 09:18:42.380861, scheduled to end at 2025-03-11 09:18:42.380861 (processing time: 0.00 min)
2025-03-11 13:54:20,241 - root - INFO - Processing end event: Token Token-15 at node Monthly (Unknown)
2025-03-11 13:54:20,242 - root - INFO - Token Token-15 completed task 'Monthly' at 2025-03-11 09:18:42.380861.
2025-03-11 13:54:20,242 - root - INFO - Next nodes for Monthly: ['Review AM using Asset Change Tracker (5.5.13.1)']
2025-03-11 13:54:20,242 - root - INFO - Scheduling direct next node Review AM using Asset Change Tracker (5.5.13.1)
2025-03-11 13:54:20,243 - root - INFO - Token Token-15 waiting for resource 'Tech' at 2025-03-11 09:18:42.380861
2025-03-11 13:54:20,243 - root - INFO - Token Token-16 started task 'Monthly' at 2025-03-11 09:25:04.674871, scheduled to end at 2025-03-11 09:25:04.674871 (processing time: 0.00 min)
2025-03-11 13:54:20,243 - root - INFO - Processing end event: Token Token-16 at node Monthly (Unknown)
2025-03-11 13:54:20,244 - root - INFO - Token Token-16 completed task 'Monthly' at 2025-03-11 09:25:04.674871.
2025-03-11 13:54:20,244 - root - INFO - Next nodes for Monthly: ['Review AM using Asset Change Tracker (5.5.13.1)']
2025-03-11 13:54:20,245 - root - INFO - Scheduling direct next node Review AM using Asset Change Tracker (5.5.13.1)
2025-03-11 13:54:20,245 - root - INFO - Token Token-16 waiting for resource 'Tech' at 2025-03-11 09:25:04.674871
2025-03-11 13:54:20,245 - root - INFO - Token Token-17 started task 'Monthly' at 2025-03-11 09:30:46.171880, scheduled to end at 2025-03-11 09:30:46.171880 (processing time: 0.00 min)
2025-03-11 13:54:20,245 - root - INFO - Processing end event: Token Token-17 at node Monthly (Unknown)
2025-03-11 13:54:20,246 - root - INFO - Token Token-17 completed task 'Monthly' at 2025-03-11 09:30:46.171880.
2025-03-11 13:54:20,246 - root - INFO - Next nodes for Monthly: ['Review AM using Asset Change Tracker (5.5.13.1)']
2025-03-11 13:54:20,246 - root - INFO - Scheduling direct next node Review AM using Asset Change Tracker (5.5.13.1)
2025-03-11 13:54:20,247 - root - INFO - Token Token-17 waiting for resource 'Tech' at 2025-03-11 09:30:46.171880
2025-03-11 13:54:20,247 - root - INFO - Token Token-18 started task 'Monthly' at 2025-03-11 09:36:42.904575, scheduled to end at 2025-03-11 09:36:42.904575 (processing time: 0.00 min)
2025-03-11 13:54:20,247 - root - INFO - Processing end event: Token Token-18 at node Monthly (Unknown)
2025-03-11 13:54:20,248 - root - INFO - Token Token-18 completed task 'Monthly' at 2025-03-11 09:36:42.904575.
2025-03-11 13:54:20,248 - root - INFO - Next nodes for Monthly: ['Review AM using Asset Change Tracker (5.5.13.1)']
2025-03-11 13:54:20,249 - root - INFO - Scheduling direct next node Review AM using Asset Change Tracker (5.5.13.1)
2025-03-11 13:54:20,249 - root - INFO - Token Token-18 waiting for resource 'Tech' at 2025-03-11 09:36:42.904575
2025-03-11 13:54:20,249 - root - INFO - Token Token-19 started task 'Monthly' at 2025-03-11 09:42:47.996522, scheduled to end at 2025-03-11 09:42:47.996522 (processing time: 0.00 min)
2025-03-11 13:54:20,250 - root - INFO - Processing end event: Token Token-19 at node Monthly (Unknown)
2025-03-11 13:54:20,250 - root - INFO - Token Token-19 completed task 'Monthly' at 2025-03-11 09:42:47.996522.
2025-03-11 13:54:20,251 - root - INFO - Next nodes for Monthly: ['Review AM using Asset Change Tracker (5.5.13.1)']
2025-03-11 13:54:20,251 - root - INFO - Scheduling direct next node Review AM using Asset Change Tracker (5.5.13.1)
2025-03-11 13:54:20,251 - root - INFO - Token Token-19 waiting for resource 'Tech' at 2025-03-11 09:42:47.996522
2025-03-11 13:54:20,252 - root - INFO - Token Token-20 started task 'Monthly' at 2025-03-11 09:49:05.317171, scheduled to end at 2025-03-11 09:49:05.317171 (processing time: 0.00 min)
2025-03-11 13:54:20,252 - root - INFO - Processing end event: Token Token-20 at node Monthly (Unknown)
2025-03-11 13:54:20,252 - root - INFO - Token Token-20 completed task 'Monthly' at 2025-03-11 09:49:05.317171.
2025-03-11 13:54:20,253 - root - INFO - Next nodes for Monthly: ['Review AM using Asset Change Tracker (5.5.13.1)']
2025-03-11 13:54:20,253 - root - INFO - Scheduling direct next node Review AM using Asset Change Tracker (5.5.13.1)
2025-03-11 13:54:20,253 - root - INFO - Token Token-20 waiting for resource 'Tech' at 2025-03-11 09:49:05.317171
2025-03-11 13:54:20,254 - root - INFO - Token Token-21 started task 'Monthly' at 2025-03-11 09:54:40.157369, scheduled to end at 2025-03-11 09:54:40.157369 (processing time: 0.00 min)
2025-03-11 13:54:20,254 - root - INFO - Processing end event: Token Token-21 at node Monthly (Unknown)
2025-03-11 13:54:20,255 - root - INFO - Token Token-21 completed task 'Monthly' at 2025-03-11 09:54:40.157369.
2025-03-11 13:54:20,255 - root - INFO - Next nodes for Monthly: ['Review AM using Asset Change Tracker (5.5.13.1)']
2025-03-11 13:54:20,255 - root - INFO - Scheduling direct next node Review AM using Asset Change Tracker (5.5.13.1)
2025-03-11 13:54:20,256 - root - INFO - Token Token-21 waiting for resource 'Tech' at 2025-03-11 09:54:40.157369
2025-03-11 13:54:20,256 - root - INFO - Token Token-22 started task 'Monthly' at 2025-03-11 10:00:49.979413, scheduled to end at 2025-03-11 10:00:49.979413 (processing time: 0.00 min)
2025-03-11 13:54:20,257 - root - INFO - Processing end event: Token Token-22 at node Monthly (Unknown)
2025-03-11 13:54:20,257 - root - INFO - Token Token-22 completed task 'Monthly' at 2025-03-11 10:00:49.979413.
2025-03-11 13:54:20,257 - root - INFO - Next nodes for Monthly: ['Review AM using Asset Change Tracker (5.5.13.1)']
2025-03-11 13:54:20,258 - root - INFO - Scheduling direct next node Review AM using Asset Change Tracker (5.5.13.1)
2025-03-11 13:54:20,258 - root - INFO - Token Token-22 waiting for resource 'Tech' at 2025-03-11 10:00:49.979413
2025-03-11 13:54:20,259 - root - INFO - Token Token-23 started task 'Monthly' at 2025-03-11 10:06:11.673109, scheduled to end at 2025-03-11 10:06:11.673109 (processing time: 0.00 min)
2025-03-11 13:54:20,259 - root - INFO - Processing end event: Token Token-23 at node Monthly (Unknown)
2025-03-11 13:54:20,259 - root - INFO - Token Token-23 completed task 'Monthly' at 2025-03-11 10:06:11.673109.
2025-03-11 13:54:20,260 - root - INFO - Next nodes for Monthly: ['Review AM using Asset Change Tracker (5.5.13.1)']
2025-03-11 13:54:20,260 - root - INFO - Scheduling direct next node Review AM using Asset Change Tracker (5.5.13.1)
2025-03-11 13:54:20,260 - root - INFO - Token Token-23 waiting for resource 'Tech' at 2025-03-11 10:06:11.673109
2025-03-11 13:54:20,261 - root - INFO - Token Token-24 started task 'Monthly' at 2025-03-11 10:12:13.232901, scheduled to end at 2025-03-11 10:12:13.232901 (processing time: 0.00 min)
2025-03-11 13:54:20,261 - root - INFO - Processing end event: Token Token-24 at node Monthly (Unknown)
2025-03-11 13:54:20,263 - root - INFO - Token Token-24 completed task 'Monthly' at 2025-03-11 10:12:13.232901.
2025-03-11 13:54:20,263 - root - INFO - Next nodes for Monthly: ['Review AM using Asset Change Tracker (5.5.13.1)']
2025-03-11 13:54:20,263 - root - INFO - Scheduling direct next node Review AM using Asset Change Tracker (5.5.13.1)
2025-03-11 13:54:20,263 - root - INFO - Token Token-24 waiting for resource 'Tech' at 2025-03-11 10:12:13.232901
2025-03-11 13:54:20,263 - root - INFO - Token Token-25 started task 'Monthly' at 2025-03-11 10:17:57.298190, scheduled to end at 2025-03-11 10:17:57.298190 (processing time: 0.00 min)
2025-03-11 13:54:20,265 - root - INFO - Processing end event: Token Token-25 at node Monthly (Unknown)
2025-03-11 13:54:20,265 - root - INFO - Token Token-25 completed task 'Monthly' at 2025-03-11 10:17:57.298190.
2025-03-11 13:54:20,266 - root - INFO - Next nodes for Monthly: ['Review AM using Asset Change Tracker (5.5.13.1)']
2025-03-11 13:54:20,266 - root - INFO - Scheduling direct next node Review AM using Asset Change Tracker (5.5.13.1)
2025-03-11 13:54:20,267 - root - INFO - Token Token-25 waiting for resource 'Tech' at 2025-03-11 10:17:57.298190
2025-03-11 13:54:20,268 - root - INFO - Token Token-26 started task 'Monthly' at 2025-03-11 10:23:30.394480, scheduled to end at 2025-03-11 10:23:30.394480 (processing time: 0.00 min)
2025-03-11 13:54:20,268 - root - INFO - Processing end event: Token Token-26 at node Monthly (Unknown)
2025-03-11 13:54:20,270 - root - INFO - Token Token-26 completed task 'Monthly' at 2025-03-11 10:23:30.394480.
2025-03-11 13:54:20,271 - root - INFO - Next nodes for Monthly: ['Review AM using Asset Change Tracker (5.5.13.1)']
2025-03-11 13:54:20,271 - root - INFO - Scheduling direct next node Review AM using Asset Change Tracker (5.5.13.1)
2025-03-11 13:54:20,272 - root - INFO - Token Token-26 waiting for resource 'Tech' at 2025-03-11 10:23:30.394480
2025-03-11 13:54:20,274 - root - INFO - Token Token-27 started task 'Monthly' at 2025-03-11 10:28:24.306561, scheduled to end at 2025-03-11 10:28:24.306561 (processing time: 0.00 min)
2025-03-11 13:54:20,288 - root - INFO - Processing end event: Token Token-27 at node Monthly (Unknown)
2025-03-11 13:54:20,288 - root - INFO - Token Token-27 completed task 'Monthly' at 2025-03-11 10:28:24.306561.
2025-03-11 13:54:20,289 - root - INFO - Next nodes for Monthly: ['Review AM using Asset Change Tracker (5.5.13.1)']
2025-03-11 13:54:20,289 - root - INFO - Scheduling direct next node Review AM using Asset Change Tracker (5.5.13.1)
2025-03-11 13:54:20,289 - root - INFO - Token Token-27 waiting for resource 'Tech' at 2025-03-11 10:28:24.306561
2025-03-11 13:54:20,289 - root - INFO - Token Token-28 started task 'Monthly' at 2025-03-11 10:34:21.014033, scheduled to end at 2025-03-11 10:34:21.014033 (processing time: 0.00 min)
2025-03-11 13:54:20,290 - root - INFO - Processing end event: Token Token-28 at node Monthly (Unknown)
2025-03-11 13:54:20,290 - root - INFO - Token Token-28 completed task 'Monthly' at 2025-03-11 10:34:21.014033.
2025-03-11 13:54:20,290 - root - INFO - Next nodes for Monthly: ['Review AM using Asset Change Tracker (5.5.13.1)']
2025-03-11 13:54:20,290 - root - INFO - Scheduling direct next node Review AM using Asset Change Tracker (5.5.13.1)
2025-03-11 13:54:20,291 - root - INFO - Token Token-28 waiting for resource 'Tech' at 2025-03-11 10:34:21.014033
2025-03-11 13:54:20,291 - root - INFO - Token Token-29 started task 'Monthly' at 2025-03-11 10:39:33.823040, scheduled to end at 2025-03-11 10:39:33.823040 (processing time: 0.00 min)
2025-03-11 13:54:20,291 - root - INFO - Processing end event: Token Token-29 at node Monthly (Unknown)
2025-03-11 13:54:20,291 - root - INFO - Token Token-29 completed task 'Monthly' at 2025-03-11 10:39:33.823040.
2025-03-11 13:54:20,292 - root - INFO - Next nodes for Monthly: ['Review AM using Asset Change Tracker (5.5.13.1)']
2025-03-11 13:54:20,292 - root - INFO - Scheduling direct next node Review AM using Asset Change Tracker (5.5.13.1)
2025-03-11 13:54:20,292 - root - INFO - Token Token-29 waiting for resource 'Tech' at 2025-03-11 10:39:33.823040
2025-03-11 13:54:20,292 - root - INFO - Token Token-30 started task 'Monthly' at 2025-03-11 10:45:02.048609, scheduled to end at 2025-03-11 10:45:02.048609 (processing time: 0.00 min)
2025-03-11 13:54:20,292 - root - INFO - Processing end event: Token Token-30 at node Monthly (Unknown)
2025-03-11 13:54:20,293 - root - INFO - Token Token-30 completed task 'Monthly' at 2025-03-11 10:45:02.048609.
2025-03-11 13:54:20,293 - root - INFO - Next nodes for Monthly: ['Review AM using Asset Change Tracker (5.5.13.1)']
2025-03-11 13:54:20,293 - root - INFO - Scheduling direct next node Review AM using Asset Change Tracker (5.5.13.1)
2025-03-11 13:54:20,293 - root - INFO - Token Token-30 waiting for resource 'Tech' at 2025-03-11 10:45:02.048609
2025-03-11 13:54:20,293 - root - INFO - Token Token-31 started task 'Monthly' at 2025-03-11 10:49:26.385812, scheduled to end at 2025-03-11 10:49:26.385812 (processing time: 0.00 min)
2025-03-11 13:54:20,294 - root - INFO - Processing end event: Token Token-31 at node Monthly (Unknown)
2025-03-11 13:54:20,294 - root - INFO - Token Token-31 completed task 'Monthly' at 2025-03-11 10:49:26.385812.
2025-03-11 13:54:20,294 - root - INFO - Next nodes for Monthly: ['Review AM using Asset Change Tracker (5.5.13.1)']
2025-03-11 13:54:20,295 - root - INFO - Scheduling direct next node Review AM using Asset Change Tracker (5.5.13.1)
2025-03-11 13:54:20,295 - root - INFO - Token Token-31 waiting for resource 'Tech' at 2025-03-11 10:49:26.385812
2025-03-11 13:54:20,296 - root - INFO - Token Token-32 started task 'Monthly' at 2025-03-11 10:55:32.693559, scheduled to end at 2025-03-11 10:55:32.693559 (processing time: 0.00 min)
2025-03-11 13:54:20,296 - root - INFO - Processing end event: Token Token-32 at node Monthly (Unknown)
2025-03-11 13:54:20,296 - root - INFO - Token Token-32 completed task 'Monthly' at 2025-03-11 10:55:32.693559.
2025-03-11 13:54:20,297 - root - INFO - Next nodes for Monthly: ['Review AM using Asset Change Tracker (5.5.13.1)']
2025-03-11 13:54:20,297 - root - INFO - Scheduling direct next node Review AM using Asset Change Tracker (5.5.13.1)
2025-03-11 13:54:20,297 - root - INFO - Token Token-32 waiting for resource 'Tech' at 2025-03-11 10:55:32.693559
2025-03-11 13:54:20,297 - root - INFO - Token Token-33 started task 'Monthly' at 2025-03-11 11:01:32.734561, scheduled to end at 2025-03-11 11:01:32.734561 (processing time: 0.00 min)
2025-03-11 13:54:20,297 - root - INFO - Processing end event: Token Token-33 at node Monthly (Unknown)
2025-03-11 13:54:20,298 - root - INFO - Token Token-33 completed task 'Monthly' at 2025-03-11 11:01:32.734561.
2025-03-11 13:54:20,298 - root - INFO - Next nodes for Monthly: ['Review AM using Asset Change Tracker (5.5.13.1)']
2025-03-11 13:54:20,298 - root - INFO - Scheduling direct next node Review AM using Asset Change Tracker (5.5.13.1)
2025-03-11 13:54:20,298 - root - INFO - Token Token-33 waiting for resource 'Tech' at 2025-03-11 11:01:32.734561
2025-03-11 13:54:20,299 - root - INFO - Token Token-34 started task 'Monthly' at 2025-03-11 11:07:48.960315, scheduled to end at 2025-03-11 11:07:48.960315 (processing time: 0.00 min)
2025-03-11 13:54:20,299 - root - INFO - Processing end event: Token Token-34 at node Monthly (Unknown)
2025-03-11 13:54:20,299 - root - INFO - Token Token-34 completed task 'Monthly' at 2025-03-11 11:07:48.960315.
2025-03-11 13:54:20,301 - root - INFO - Next nodes for Monthly: ['Review AM using Asset Change Tracker (5.5.13.1)']
2025-03-11 13:54:20,302 - root - INFO - Scheduling direct next node Review AM using Asset Change Tracker (5.5.13.1)
2025-03-11 13:54:20,302 - root - INFO - Token Token-34 waiting for resource 'Tech' at 2025-03-11 11:07:48.960315
2025-03-11 13:54:20,302 - root - INFO - Token Token-35 started task 'Monthly' at 2025-03-11 11:13:08.092343, scheduled to end at 2025-03-11 11:13:08.092343 (processing time: 0.00 min)
2025-03-11 13:54:20,303 - root - INFO - Processing end event: Token Token-35 at node Monthly (Unknown)
2025-03-11 13:54:20,303 - root - INFO - Token Token-35 completed task 'Monthly' at 2025-03-11 11:13:08.092343.
2025-03-11 13:54:20,303 - root - INFO - Next nodes for Monthly: ['Review AM using Asset Change Tracker (5.5.13.1)']
2025-03-11 13:54:20,304 - root - INFO - Scheduling direct next node Review AM using Asset Change Tracker (5.5.13.1)
2025-03-11 13:54:20,304 - root - INFO - Token Token-35 waiting for resource 'Tech' at 2025-03-11 11:13:08.092343
2025-03-11 13:54:20,305 - root - INFO - Token Token-36 started task 'Monthly' at 2025-03-11 11:19:04.333670, scheduled to end at 2025-03-11 11:19:04.333670 (processing time: 0.00 min)
2025-03-11 13:54:20,305 - root - INFO - Processing end event: Token Token-36 at node Monthly (Unknown)
2025-03-11 13:54:20,306 - root - INFO - Token Token-36 completed task 'Monthly' at 2025-03-11 11:19:04.333670.
2025-03-11 13:54:20,306 - root - INFO - Next nodes for Monthly: ['Review AM using Asset Change Tracker (5.5.13.1)']
2025-03-11 13:54:20,306 - root - INFO - Scheduling direct next node Review AM using Asset Change Tracker (5.5.13.1)
2025-03-11 13:54:20,307 - root - INFO - Token Token-36 waiting for resource 'Tech' at 2025-03-11 11:19:04.333670
2025-03-11 13:54:20,307 - root - INFO - Token Token-37 started task 'Monthly' at 2025-03-11 11:23:16.481390, scheduled to end at 2025-03-11 11:23:16.481390 (processing time: 0.00 min)
2025-03-11 13:54:20,307 - root - INFO - Processing end event: Token Token-37 at node Monthly (Unknown)
2025-03-11 13:54:20,308 - root - INFO - Token Token-37 completed task 'Monthly' at 2025-03-11 11:23:16.481390.
2025-03-11 13:54:20,308 - root - INFO - Next nodes for Monthly: ['Review AM using Asset Change Tracker (5.5.13.1)']
2025-03-11 13:54:20,308 - root - INFO - Scheduling direct next node Review AM using Asset Change Tracker (5.5.13.1)
2025-03-11 13:54:20,309 - root - INFO - Token Token-37 waiting for resource 'Tech' at 2025-03-11 11:23:16.481390
2025-03-11 13:54:20,309 - root - INFO - Token Token-38 started task 'Monthly' at 2025-03-11 11:29:07.794852, scheduled to end at 2025-03-11 11:29:07.794852 (processing time: 0.00 min)
2025-03-11 13:54:20,310 - root - INFO - Processing end event: Token Token-38 at node Monthly (Unknown)
2025-03-11 13:54:20,310 - root - INFO - Token Token-38 completed task 'Monthly' at 2025-03-11 11:29:07.794852.
2025-03-11 13:54:20,310 - root - INFO - Next nodes for Monthly: ['Review AM using Asset Change Tracker (5.5.13.1)']
2025-03-11 13:54:20,311 - root - INFO - Scheduling direct next node Review AM using Asset Change Tracker (5.5.13.1)
2025-03-11 13:54:20,311 - root - INFO - Token Token-38 waiting for resource 'Tech' at 2025-03-11 11:29:07.794852
2025-03-11 13:54:20,311 - root - INFO - Token Token-39 started task 'Monthly' at 2025-03-11 11:34:08.128201, scheduled to end at 2025-03-11 11:34:08.128201 (processing time: 0.00 min)
2025-03-11 13:54:20,312 - root - INFO - Processing end event: Token Token-39 at node Monthly (Unknown)
2025-03-11 13:54:20,312 - root - INFO - Token Token-39 completed task 'Monthly' at 2025-03-11 11:34:08.128201.
2025-03-11 13:54:20,313 - root - INFO - Next nodes for Monthly: ['Review AM using Asset Change Tracker (5.5.13.1)']
2025-03-11 13:54:20,313 - root - INFO - Scheduling direct next node Review AM using Asset Change Tracker (5.5.13.1)
2025-03-11 13:54:20,315 - root - INFO - Token Token-39 waiting for resource 'Tech' at 2025-03-11 11:34:08.128201
2025-03-11 13:54:20,315 - root - INFO - Token Token-40 started task 'Monthly' at 2025-03-11 11:39:11.126321, scheduled to end at 2025-03-11 11:39:11.126321 (processing time: 0.00 min)
2025-03-11 13:54:20,316 - root - INFO - Processing end event: Token Token-40 at node Monthly (Unknown)
2025-03-11 13:54:20,317 - root - INFO - Token Token-40 completed task 'Monthly' at 2025-03-11 11:39:11.126321.
2025-03-11 13:54:20,337 - root - INFO - Next nodes for Monthly: ['Review AM using Asset Change Tracker (5.5.13.1)']
2025-03-11 13:54:20,338 - root - INFO - Scheduling direct next node Review AM using Asset Change Tracker (5.5.13.1)
2025-03-11 13:54:20,338 - root - INFO - Token Token-40 waiting for resource 'Tech' at 2025-03-11 11:39:11.126321
2025-03-11 13:54:20,338 - root - INFO - Token Token-41 started task 'Monthly' at 2025-03-11 11:43:17.653511, scheduled to end at 2025-03-11 11:43:17.653511 (processing time: 0.00 min)
2025-03-11 13:54:20,338 - root - INFO - Processing end event: Token Token-41 at node Monthly (Unknown)
2025-03-11 13:54:20,338 - root - INFO - Token Token-41 completed task 'Monthly' at 2025-03-11 11:43:17.653511.
2025-03-11 13:54:20,338 - root - INFO - Next nodes for Monthly: ['Review AM using Asset Change Tracker (5.5.13.1)']
2025-03-11 13:54:20,338 - root - INFO - Scheduling direct next node Review AM using Asset Change Tracker (5.5.13.1)
2025-03-11 13:54:20,338 - root - INFO - Token Token-41 waiting for resource 'Tech' at 2025-03-11 11:43:17.653511
2025-03-11 13:54:20,338 - root - INFO - Token Token-42 started task 'Monthly' at 2025-03-11 11:49:24.441212, scheduled to end at 2025-03-11 11:49:24.441212 (processing time: 0.00 min)
2025-03-11 13:54:20,338 - root - INFO - Processing end event: Token Token-42 at node Monthly (Unknown)
2025-03-11 13:54:20,338 - root - INFO - Token Token-42 completed task 'Monthly' at 2025-03-11 11:49:24.441212.
2025-03-11 13:54:20,338 - root - INFO - Next nodes for Monthly: ['Review AM using Asset Change Tracker (5.5.13.1)']
2025-03-11 13:54:20,338 - root - INFO - Scheduling direct next node Review AM using Asset Change Tracker (5.5.13.1)
2025-03-11 13:54:20,338 - root - INFO - Token Token-42 waiting for resource 'Tech' at 2025-03-11 11:49:24.441212
2025-03-11 13:54:20,338 - root - INFO - Token Token-43 started task 'Monthly' at 2025-03-11 11:55:15.527625, scheduled to end at 2025-03-11 11:55:15.527625 (processing time: 0.00 min)
2025-03-11 13:54:20,338 - root - INFO - Processing end event: Token Token-43 at node Monthly (Unknown)
2025-03-11 13:54:20,338 - root - INFO - Token Token-43 completed task 'Monthly' at 2025-03-11 11:55:15.527625.
2025-03-11 13:54:20,338 - root - INFO - Next nodes for Monthly: ['Review AM using Asset Change Tracker (5.5.13.1)']
2025-03-11 13:54:20,338 - root - INFO - Scheduling direct next node Review AM using Asset Change Tracker (5.5.13.1)
2025-03-11 13:54:20,338 - root - INFO - Token Token-43 waiting for resource 'Tech' at 2025-03-11 11:55:15.527625
2025-03-11 13:54:20,338 - root - INFO - Token Token-44 started task 'Monthly' at 2025-03-11 12:01:36.857832, scheduled to end at 2025-03-11 12:01:36.857832 (processing time: 0.00 min)
2025-03-11 13:54:20,338 - root - INFO - Processing end event: Token Token-44 at node Monthly (Unknown)
2025-03-11 13:54:20,338 - root - INFO - Token Token-44 completed task 'Monthly' at 2025-03-11 12:01:36.857832.
2025-03-11 13:54:20,343 - root - INFO - Next nodes for Monthly: ['Review AM using Asset Change Tracker (5.5.13.1)']
2025-03-11 13:54:20,345 - root - INFO - Scheduling direct next node Review AM using Asset Change Tracker (5.5.13.1)
2025-03-11 13:54:20,345 - root - INFO - Token Token-44 waiting for resource 'Tech' at 2025-03-11 12:01:36.857832
2025-03-11 13:54:20,345 - root - INFO - Token Token-45 started task 'Monthly' at 2025-03-11 12:07:36.675275, scheduled to end at 2025-03-11 12:07:36.675275 (processing time: 0.00 min)
2025-03-11 13:54:20,346 - root - INFO - Processing end event: Token Token-45 at node Monthly (Unknown)
2025-03-11 13:54:20,346 - root - INFO - Token Token-45 completed task 'Monthly' at 2025-03-11 12:07:36.675275.
2025-03-11 13:54:20,346 - root - INFO - Next nodes for Monthly: ['Review AM using Asset Change Tracker (5.5.13.1)']
2025-03-11 13:54:20,346 - root - INFO - Scheduling direct next node Review AM using Asset Change Tracker (5.5.13.1)
2025-03-11 13:54:20,347 - root - INFO - Token Token-45 waiting for resource 'Tech' at 2025-03-11 12:07:36.675275
2025-03-11 13:54:20,347 - root - INFO - Token Token-46 started task 'Monthly' at 2025-03-11 12:13:42.706194, scheduled to end at 2025-03-11 12:13:42.706194 (processing time: 0.00 min)
2025-03-11 13:54:20,347 - root - INFO - Processing end event: Token Token-46 at node Monthly (Unknown)
2025-03-11 13:54:20,347 - root - INFO - Token Token-46 completed task 'Monthly' at 2025-03-11 12:13:42.706194.
2025-03-11 13:54:20,347 - root - INFO - Next nodes for Monthly: ['Review AM using Asset Change Tracker (5.5.13.1)']
2025-03-11 13:54:20,348 - root - INFO - Scheduling direct next node Review AM using Asset Change Tracker (5.5.13.1)
2025-03-11 13:54:20,348 - root - INFO - Token Token-46 waiting for resource 'Tech' at 2025-03-11 12:13:42.706194
2025-03-11 13:54:20,348 - root - INFO - Token Token-47 started task 'Monthly' at 2025-03-11 12:18:51.031119, scheduled to end at 2025-03-11 12:18:51.031119 (processing time: 0.00 min)
2025-03-11 13:54:20,348 - root - INFO - Processing end event: Token Token-47 at node Monthly (Unknown)
2025-03-11 13:54:20,348 - root - INFO - Token Token-47 completed task 'Monthly' at 2025-03-11 12:18:51.031119.
2025-03-11 13:54:20,349 - root - INFO - Next nodes for Monthly: ['Review AM using Asset Change Tracker (5.5.13.1)']
2025-03-11 13:54:20,349 - root - INFO - Scheduling direct next node Review AM using Asset Change Tracker (5.5.13.1)
2025-03-11 13:54:20,350 - root - INFO - Token Token-47 waiting for resource 'Tech' at 2025-03-11 12:18:51.031119
2025-03-11 13:54:20,350 - root - INFO - Token Token-48 started task 'Monthly' at 2025-03-11 12:23:05.232671, scheduled to end at 2025-03-11 12:23:05.232671 (processing time: 0.00 min)
2025-03-11 13:54:20,350 - root - INFO - Processing end event: Token Token-48 at node Monthly (Unknown)
2025-03-11 13:54:20,350 - root - INFO - Token Token-48 completed task 'Monthly' at 2025-03-11 12:23:05.232671.
2025-03-11 13:54:20,352 - root - INFO - Next nodes for Monthly: ['Review AM using Asset Change Tracker (5.5.13.1)']
2025-03-11 13:54:20,353 - root - INFO - Scheduling direct next node Review AM using Asset Change Tracker (5.5.13.1)
2025-03-11 13:54:20,353 - root - INFO - Token Token-48 waiting for resource 'Tech' at 2025-03-11 12:23:05.232671
2025-03-11 13:54:20,354 - root - INFO - Token Token-49 started task 'Monthly' at 2025-03-11 12:28:10.244700, scheduled to end at 2025-03-11 12:28:10.244700 (processing time: 0.00 min)
2025-03-11 13:54:20,355 - root - INFO - Processing end event: Token Token-49 at node Monthly (Unknown)
2025-03-11 13:54:20,355 - root - INFO - Token Token-49 completed task 'Monthly' at 2025-03-11 12:28:10.244700.
2025-03-11 13:54:20,355 - root - INFO - Next nodes for Monthly: ['Review AM using Asset Change Tracker (5.5.13.1)']
2025-03-11 13:54:20,356 - root - INFO - Scheduling direct next node Review AM using Asset Change Tracker (5.5.13.1)
2025-03-11 13:54:20,356 - root - INFO - Token Token-49 waiting for resource 'Tech' at 2025-03-11 12:28:10.244700
2025-03-11 13:54:20,357 - root - INFO - Token Token-50 started task 'Monthly' at 2025-03-11 12:34:11.441874, scheduled to end at 2025-03-11 12:34:11.441874 (processing time: 0.00 min)
2025-03-11 13:54:20,357 - root - INFO - Processing end event: Token Token-50 at node Monthly (Unknown)
2025-03-11 13:54:20,357 - root - INFO - Token Token-50 completed task 'Monthly' at 2025-03-11 12:34:11.441874.
2025-03-11 13:54:20,359 - root - INFO - Next nodes for Monthly: ['Review AM using Asset Change Tracker (5.5.13.1)']
2025-03-11 13:54:20,359 - root - INFO - Scheduling direct next node Review AM using Asset Change Tracker (5.5.13.1)
2025-03-11 13:54:20,359 - root - INFO - Token Token-50 waiting for resource 'Tech' at 2025-03-11 12:34:11.441874
2025-03-11 13:54:20,360 - root - INFO - Token Token-51 started task 'Monthly' at 2025-03-11 12:40:17.139634, scheduled to end at 2025-03-11 12:40:17.139634 (processing time: 0.00 min)
2025-03-11 13:54:20,360 - root - INFO - Processing end event: Token Token-51 at node Monthly (Unknown)
2025-03-11 13:54:20,360 - root - INFO - Token Token-51 completed task 'Monthly' at 2025-03-11 12:40:17.139634.
2025-03-11 13:54:20,361 - root - INFO - Next nodes for Monthly: ['Review AM using Asset Change Tracker (5.5.13.1)']
2025-03-11 13:54:20,361 - root - INFO - Scheduling direct next node Review AM using Asset Change Tracker (5.5.13.1)
2025-03-11 13:54:20,362 - root - INFO - Token Token-51 waiting for resource 'Tech' at 2025-03-11 12:40:17.139634
2025-03-11 13:54:20,362 - root - INFO - Token Token-52 started task 'Monthly' at 2025-03-11 12:46:22.206715, scheduled to end at 2025-03-11 12:46:22.206715 (processing time: 0.00 min)
2025-03-11 13:54:20,362 - root - INFO - Processing end event: Token Token-52 at node Monthly (Unknown)
2025-03-11 13:54:20,363 - root - INFO - Token Token-52 completed task 'Monthly' at 2025-03-11 12:46:22.206715.
2025-03-11 13:54:20,363 - root - INFO - Next nodes for Monthly: ['Review AM using Asset Change Tracker (5.5.13.1)']
2025-03-11 13:54:20,365 - root - INFO - Scheduling direct next node Review AM using Asset Change Tracker (5.5.13.1)
2025-03-11 13:54:20,365 - root - INFO - Token Token-52 waiting for resource 'Tech' at 2025-03-11 12:46:22.206715
2025-03-11 13:54:20,366 - root - INFO - Token Token-53 started task 'Monthly' at 2025-03-11 12:52:22.616921, scheduled to end at 2025-03-11 12:52:22.616921 (processing time: 0.00 min)
2025-03-11 13:54:20,366 - root - INFO - Processing end event: Token Token-53 at node Monthly (Unknown)
2025-03-11 13:54:20,366 - root - INFO - Token Token-53 completed task 'Monthly' at 2025-03-11 12:52:22.616921.
2025-03-11 13:54:20,366 - root - INFO - Next nodes for Monthly: ['Review AM using Asset Change Tracker (5.5.13.1)']
2025-03-11 13:54:20,367 - root - INFO - Scheduling direct next node Review AM using Asset Change Tracker (5.5.13.1)
2025-03-11 13:54:20,367 - root - INFO - Token Token-53 waiting for resource 'Tech' at 2025-03-11 12:52:22.616921
2025-03-11 13:54:20,367 - root - INFO - Token Token-54 started task 'Monthly' at 2025-03-11 12:57:31.543162, scheduled to end at 2025-03-11 12:57:31.543162 (processing time: 0.00 min)
2025-03-11 13:54:20,368 - root - INFO - Processing end event: Token Token-54 at node Monthly (Unknown)
2025-03-11 13:54:20,368 - root - INFO - Token Token-54 completed task 'Monthly' at 2025-03-11 12:57:31.543162.
2025-03-11 13:54:20,368 - root - INFO - Next nodes for Monthly: ['Review AM using Asset Change Tracker (5.5.13.1)']
2025-03-11 13:54:20,369 - root - INFO - Scheduling direct next node Review AM using Asset Change Tracker (5.5.13.1)
2025-03-11 13:54:20,369 - root - INFO - Token Token-54 waiting for resource 'Tech' at 2025-03-11 12:57:31.543162
2025-03-11 13:54:20,370 - root - INFO - Token Token-55 started task 'Monthly' at 2025-03-11 13:03:24.695507, scheduled to end at 2025-03-11 13:03:24.695507 (processing time: 0.00 min)
2025-03-11 13:54:20,370 - root - INFO - Processing end event: Token Token-55 at node Monthly (Unknown)
2025-03-11 13:54:20,370 - root - INFO - Token Token-55 completed task 'Monthly' at 2025-03-11 13:03:24.695507.
2025-03-11 13:54:20,371 - root - INFO - Next nodes for Monthly: ['Review AM using Asset Change Tracker (5.5.13.1)']
2025-03-11 13:54:20,371 - root - INFO - Scheduling direct next node Review AM using Asset Change Tracker (5.5.13.1)
2025-03-11 13:54:20,371 - root - INFO - Token Token-55 waiting for resource 'Tech' at 2025-03-11 13:03:24.695507
2025-03-11 13:54:20,372 - root - INFO - Token Token-56 started task 'Monthly' at 2025-03-11 13:09:03.702384, scheduled to end at 2025-03-11 13:09:03.702384 (processing time: 0.00 min)
2025-03-11 13:54:20,372 - root - INFO - Processing end event: Token Token-56 at node Monthly (Unknown)
2025-03-11 13:54:20,373 - root - INFO - Token Token-56 completed task 'Monthly' at 2025-03-11 13:09:03.702384.
2025-03-11 13:54:20,374 - root - INFO - Next nodes for Monthly: ['Review AM using Asset Change Tracker (5.5.13.1)']
2025-03-11 13:54:20,376 - root - INFO - Scheduling direct next node Review AM using Asset Change Tracker (5.5.13.1)
2025-03-11 13:54:20,389 - root - INFO - Token Token-56 waiting for resource 'Tech' at 2025-03-11 13:09:03.702384
2025-03-11 13:54:20,389 - root - INFO - Token Token-57 started task 'Monthly' at 2025-03-11 13:13:45.157050, scheduled to end at 2025-03-11 13:13:45.157050 (processing time: 0.00 min)
2025-03-11 13:54:20,395 - root - INFO - Processing end event: Token Token-57 at node Monthly (Unknown)
2025-03-11 13:54:20,395 - root - INFO - Token Token-57 completed task 'Monthly' at 2025-03-11 13:13:45.157050.
2025-03-11 13:54:20,395 - root - INFO - Next nodes for Monthly: ['Review AM using Asset Change Tracker (5.5.13.1)']
2025-03-11 13:54:20,395 - root - INFO - Scheduling direct next node Review AM using Asset Change Tracker (5.5.13.1)
2025-03-11 13:54:20,396 - root - INFO - Token Token-57 waiting for resource 'Tech' at 2025-03-11 13:13:45.157050
2025-03-11 13:54:20,396 - root - INFO - Token Token-58 started task 'Monthly' at 2025-03-11 13:19:51.844682, scheduled to end at 2025-03-11 13:19:51.844682 (processing time: 0.00 min)
2025-03-11 13:54:20,396 - root - INFO - Processing end event: Token Token-58 at node Monthly (Unknown)
2025-03-11 13:54:20,396 - root - INFO - Token Token-58 completed task 'Monthly' at 2025-03-11 13:19:51.844682.
2025-03-11 13:54:20,397 - root - INFO - Next nodes for Monthly: ['Review AM using Asset Change Tracker (5.5.13.1)']
2025-03-11 13:54:20,397 - root - INFO - Scheduling direct next node Review AM using Asset Change Tracker (5.5.13.1)
2025-03-11 13:54:20,397 - root - INFO - Token Token-58 waiting for resource 'Tech' at 2025-03-11 13:19:51.844682
2025-03-11 13:54:20,397 - root - INFO - Token Token-59 started task 'Monthly' at 2025-03-11 13:25:32.795876, scheduled to end at 2025-03-11 13:25:32.795876 (processing time: 0.00 min)
2025-03-11 13:54:20,398 - root - INFO - Processing end event: Token Token-59 at node Monthly (Unknown)
2025-03-11 13:54:20,398 - root - INFO - Token Token-59 completed task 'Monthly' at 2025-03-11 13:25:32.795876.
2025-03-11 13:54:20,398 - root - INFO - Next nodes for Monthly: ['Review AM using Asset Change Tracker (5.5.13.1)']
2025-03-11 13:54:20,398 - root - INFO - Scheduling direct next node Review AM using Asset Change Tracker (5.5.13.1)
2025-03-11 13:54:20,399 - root - INFO - Token Token-59 waiting for resource 'Tech' at 2025-03-11 13:25:32.795876
2025-03-11 13:54:20,399 - root - INFO - Token Token-60 started task 'Monthly' at 2025-03-11 13:31:59.634840, scheduled to end at 2025-03-11 13:31:59.634840 (processing time: 0.00 min)
2025-03-11 13:54:20,399 - root - INFO - Processing end event: Token Token-60 at node Monthly (Unknown)
2025-03-11 13:54:20,399 - root - INFO - Token Token-60 completed task 'Monthly' at 2025-03-11 13:31:59.634840.
2025-03-11 13:54:20,399 - root - INFO - Next nodes for Monthly: ['Review AM using Asset Change Tracker (5.5.13.1)']
2025-03-11 13:54:20,400 - root - INFO - Scheduling direct next node Review AM using Asset Change Tracker (5.5.13.1)
2025-03-11 13:54:20,400 - root - INFO - Token Token-60 waiting for resource 'Tech' at 2025-03-11 13:31:59.634840
2025-03-11 13:54:20,400 - root - INFO - Token Token-61 started task 'Monthly' at 2025-03-11 13:37:36.606819, scheduled to end at 2025-03-11 13:37:36.606819 (processing time: 0.00 min)
2025-03-11 13:54:20,400 - root - INFO - Processing end event: Token Token-61 at node Monthly (Unknown)
2025-03-11 13:54:20,401 - root - INFO - Token Token-61 completed task 'Monthly' at 2025-03-11 13:37:36.606819.
2025-03-11 13:54:20,402 - root - INFO - Next nodes for Monthly: ['Review AM using Asset Change Tracker (5.5.13.1)']
2025-03-11 13:54:20,402 - root - INFO - Scheduling direct next node Review AM using Asset Change Tracker (5.5.13.1)
2025-03-11 13:54:20,402 - root - INFO - Token Token-61 waiting for resource 'Tech' at 2025-03-11 13:37:36.606819
2025-03-11 13:54:20,403 - root - INFO - Token Token-62 started task 'Monthly' at 2025-03-11 13:43:56.866150, scheduled to end at 2025-03-11 13:43:56.866150 (processing time: 0.00 min)
2025-03-11 13:54:20,403 - root - INFO - Processing end event: Token Token-62 at node Monthly (Unknown)
2025-03-11 13:54:20,403 - root - INFO - Token Token-62 completed task 'Monthly' at 2025-03-11 13:43:56.866150.
2025-03-11 13:54:20,403 - root - INFO - Next nodes for Monthly: ['Review AM using Asset Change Tracker (5.5.13.1)']
2025-03-11 13:54:20,403 - root - INFO - Scheduling direct next node Review AM using Asset Change Tracker (5.5.13.1)
2025-03-11 13:54:20,404 - root - INFO - Token Token-62 waiting for resource 'Tech' at 2025-03-11 13:43:56.866150
2025-03-11 13:54:20,404 - root - INFO - Token Token-63 started task 'Monthly' at 2025-03-11 13:48:27.794918, scheduled to end at 2025-03-11 13:48:27.794918 (processing time: 0.00 min)
2025-03-11 13:54:20,404 - root - INFO - Processing end event: Token Token-63 at node Monthly (Unknown)
2025-03-11 13:54:20,404 - root - INFO - Token Token-63 completed task 'Monthly' at 2025-03-11 13:48:27.794918.
2025-03-11 13:54:20,404 - root - INFO - Next nodes for Monthly: ['Review AM using Asset Change Tracker (5.5.13.1)']
2025-03-11 13:54:20,405 - root - INFO - Scheduling direct next node Review AM using Asset Change Tracker (5.5.13.1)
2025-03-11 13:54:20,405 - root - INFO - Token Token-63 waiting for resource 'Tech' at 2025-03-11 13:48:27.794918
2025-03-11 13:54:20,405 - root - INFO - Token Token-64 started task 'Monthly' at 2025-03-11 13:54:46.516806, scheduled to end at 2025-03-11 13:54:46.516806 (processing time: 0.00 min)
2025-03-11 13:54:20,407 - root - INFO - Processing end event: Token Token-64 at node Monthly (Unknown)
2025-03-11 13:54:20,408 - root - INFO - Token Token-64 completed task 'Monthly' at 2025-03-11 13:54:46.516806.
2025-03-11 13:54:20,408 - root - INFO - Next nodes for Monthly: ['Review AM using Asset Change Tracker (5.5.13.1)']
2025-03-11 13:54:20,409 - root - INFO - Scheduling direct next node Review AM using Asset Change Tracker (5.5.13.1)
2025-03-11 13:54:20,409 - root - INFO - Token Token-64 waiting for resource 'Tech' at 2025-03-11 13:54:46.516806
2025-03-11 13:54:20,409 - root - INFO - Token Token-65 started task 'Monthly' at 2025-03-11 13:59:19.271853, scheduled to end at 2025-03-11 13:59:19.271853 (processing time: 0.00 min)
2025-03-11 13:54:20,410 - root - INFO - Processing end event: Token Token-65 at node Monthly (Unknown)
2025-03-11 13:54:20,410 - root - INFO - Token Token-65 completed task 'Monthly' at 2025-03-11 13:59:19.271853.
2025-03-11 13:54:20,411 - root - INFO - Next nodes for Monthly: ['Review AM using Asset Change Tracker (5.5.13.1)']
2025-03-11 13:54:20,411 - root - INFO - Scheduling direct next node Review AM using Asset Change Tracker (5.5.13.1)
2025-03-11 13:54:20,411 - root - INFO - Token Token-65 waiting for resource 'Tech' at 2025-03-11 13:59:19.271853
2025-03-11 13:54:20,412 - root - INFO - Token Token-66 started task 'Monthly' at 2025-03-12 08:00:00, scheduled to end at 2025-03-12 08:00:00 (processing time: 0.00 min)
2025-03-11 13:54:20,412 - root - INFO - Processing end event: Token Token-66 at node Monthly (Unknown)
2025-03-11 13:54:20,412 - root - INFO - Token Token-66 completed task 'Monthly' at 2025-03-12 08:00:00.
2025-03-11 13:54:20,413 - root - INFO - Next nodes for Monthly: ['Review AM using Asset Change Tracker (5.5.13.1)']
2025-03-11 13:54:20,413 - root - INFO - Scheduling direct next node Review AM using Asset Change Tracker (5.5.13.1)
2025-03-11 13:54:20,414 - root - INFO - Token Token-66 waiting for resource 'Tech' at 2025-03-12 08:00:00
2025-03-11 13:54:20,414 - root - INFO - Token Token-67 started task 'Monthly' at 2025-03-12 08:05:40.395752, scheduled to end at 2025-03-12 08:05:40.395752 (processing time: 0.00 min)
2025-03-11 13:54:20,415 - root - INFO - Processing end event: Token Token-67 at node Monthly (Unknown)
2025-03-11 13:54:20,415 - root - INFO - Token Token-67 completed task 'Monthly' at 2025-03-12 08:05:40.395752.
2025-03-11 13:54:20,416 - root - INFO - Next nodes for Monthly: ['Review AM using Asset Change Tracker (5.5.13.1)']
2025-03-11 13:54:20,416 - root - INFO - Scheduling direct next node Review AM using Asset Change Tracker (5.5.13.1)
2025-03-11 13:54:20,416 - root - INFO - Token Token-67 waiting for resource 'Tech' at 2025-03-12 08:05:40.395752
2025-03-11 13:54:20,417 - root - INFO - Token Token-68 started task 'Monthly' at 2025-03-12 08:12:03.825568, scheduled to end at 2025-03-12 08:12:03.825568 (processing time: 0.00 min)
2025-03-11 13:54:20,417 - root - INFO - Processing end event: Token Token-68 at node Monthly (Unknown)
2025-03-11 13:54:20,418 - root - INFO - Token Token-68 completed task 'Monthly' at 2025-03-12 08:12:03.825568.
2025-03-11 13:54:20,418 - root - INFO - Next nodes for Monthly: ['Review AM using Asset Change Tracker (5.5.13.1)']
2025-03-11 13:54:20,418 - root - INFO - Scheduling direct next node Review AM using Asset Change Tracker (5.5.13.1)
2025-03-11 13:54:20,419 - root - INFO - Token Token-68 waiting for resource 'Tech' at 2025-03-12 08:12:03.825568
2025-03-11 13:54:20,419 - root - INFO - Token Token-69 started task 'Monthly' at 2025-03-12 08:17:34.255423, scheduled to end at 2025-03-12 08:17:34.255423 (processing time: 0.00 min)
2025-03-11 13:54:20,420 - root - INFO - Processing end event: Token Token-69 at node Monthly (Unknown)
2025-03-11 13:54:20,420 - root - INFO - Token Token-69 completed task 'Monthly' at 2025-03-12 08:17:34.255423.
2025-03-11 13:54:20,420 - root - INFO - Next nodes for Monthly: ['Review AM using Asset Change Tracker (5.5.13.1)']
2025-03-11 13:54:20,421 - root - INFO - Scheduling direct next node Review AM using Asset Change Tracker (5.5.13.1)
2025-03-11 13:54:20,421 - root - INFO - Token Token-69 waiting for resource 'Tech' at 2025-03-12 08:17:34.255423
2025-03-11 13:54:20,421 - root - INFO - Token Token-70 started task 'Monthly' at 2025-03-12 08:23:37.965914, scheduled to end at 2025-03-12 08:23:37.965914 (processing time: 0.00 min)
2025-03-11 13:54:20,422 - root - INFO - Processing end event: Token Token-70 at node Monthly (Unknown)
2025-03-11 13:54:20,422 - root - INFO - Token Token-70 completed task 'Monthly' at 2025-03-12 08:23:37.965914.
2025-03-11 13:54:20,423 - root - INFO - Next nodes for Monthly: ['Review AM using Asset Change Tracker (5.5.13.1)']
2025-03-11 13:54:20,423 - root - INFO - Scheduling direct next node Review AM using Asset Change Tracker (5.5.13.1)
2025-03-11 13:54:20,423 - root - INFO - Token Token-70 waiting for resource 'Tech' at 2025-03-12 08:23:37.965914
2025-03-11 13:54:20,424 - root - INFO - Token Token-71 started task 'Monthly' at 2025-03-12 08:28:10.826002, scheduled to end at 2025-03-12 08:28:10.826002 (processing time: 0.00 min)
2025-03-11 13:54:20,424 - root - INFO - Processing end event: Token Token-71 at node Monthly (Unknown)
2025-03-11 13:54:20,425 - root - INFO - Token Token-71 completed task 'Monthly' at 2025-03-12 08:28:10.826002.
2025-03-11 13:54:20,425 - root - INFO - Next nodes for Monthly: ['Review AM using Asset Change Tracker (5.5.13.1)']
2025-03-11 13:54:20,426 - root - INFO - Scheduling direct next node Review AM using Asset Change Tracker (5.5.13.1)
2025-03-11 13:54:20,443 - root - INFO - Token Token-71 waiting for resource 'Tech' at 2025-03-12 08:28:10.826002
2025-03-11 13:54:20,443 - root - INFO - Token Token-72 started task 'Monthly' at 2025-03-12 08:33:47.577746, scheduled to end at 2025-03-12 08:33:47.577746 (processing time: 0.00 min)
2025-03-11 13:54:20,443 - root - INFO - Processing end event: Token Token-72 at node Monthly (Unknown)
2025-03-11 13:54:20,443 - root - INFO - Token Token-72 completed task 'Monthly' at 2025-03-12 08:33:47.577746.
2025-03-11 13:54:20,443 - root - INFO - Next nodes for Monthly: ['Review AM using Asset Change Tracker (5.5.13.1)']
2025-03-11 13:54:20,443 - root - INFO - Scheduling direct next node Review AM using Asset Change Tracker (5.5.13.1)
2025-03-11 13:54:20,448 - root - INFO - Token Token-72 waiting for resource 'Tech' at 2025-03-12 08:33:47.577746
2025-03-11 13:54:20,448 - root - INFO - Token Token-73 started task 'Monthly' at 2025-03-12 08:39:38.645686, scheduled to end at 2025-03-12 08:39:38.645686 (processing time: 0.00 min)
2025-03-11 13:54:20,448 - root - INFO - Processing end event: Token Token-73 at node Monthly (Unknown)
2025-03-11 13:54:20,448 - root - INFO - Token Token-73 completed task 'Monthly' at 2025-03-12 08:39:38.645686.
2025-03-11 13:54:20,449 - root - INFO - Next nodes for Monthly: ['Review AM using Asset Change Tracker (5.5.13.1)']
2025-03-11 13:54:20,449 - root - INFO - Scheduling direct next node Review AM using Asset Change Tracker (5.5.13.1)
2025-03-11 13:54:20,449 - root - INFO - Token Token-73 waiting for resource 'Tech' at 2025-03-12 08:39:38.645686
2025-03-11 13:54:20,449 - root - INFO - Token Token-74 started task 'Monthly' at 2025-03-12 08:45:59.227995, scheduled to end at 2025-03-12 08:45:59.227995 (processing time: 0.00 min)
2025-03-11 13:54:20,449 - root - INFO - Processing end event: Token Token-74 at node Monthly (Unknown)
2025-03-11 13:54:20,450 - root - INFO - Token Token-74 completed task 'Monthly' at 2025-03-12 08:45:59.227995.
2025-03-11 13:54:20,450 - root - INFO - Next nodes for Monthly: ['Review AM using Asset Change Tracker (5.5.13.1)']
2025-03-11 13:54:20,450 - root - INFO - Scheduling direct next node Review AM using Asset Change Tracker (5.5.13.1)
2025-03-11 13:54:20,450 - root - INFO - Token Token-74 waiting for resource 'Tech' at 2025-03-12 08:45:59.227995
2025-03-11 13:54:20,451 - root - INFO - Token Token-75 started task 'Monthly' at 2025-03-12 08:50:57.301972, scheduled to end at 2025-03-12 08:50:57.301972 (processing time: 0.00 min)
2025-03-11 13:54:20,451 - root - INFO - Processing end event: Token Token-75 at node Monthly (Unknown)
2025-03-11 13:54:20,451 - root - INFO - Token Token-75 completed task 'Monthly' at 2025-03-12 08:50:57.301972.
2025-03-11 13:54:20,451 - root - INFO - Next nodes for Monthly: ['Review AM using Asset Change Tracker (5.5.13.1)']
2025-03-11 13:54:20,452 - root - INFO - Scheduling direct next node Review AM using Asset Change Tracker (5.5.13.1)
2025-03-11 13:54:20,452 - root - INFO - Token Token-75 waiting for resource 'Tech' at 2025-03-12 08:50:57.301972
2025-03-11 13:54:20,453 - root - INFO - Token Token-76 started task 'Monthly' at 2025-03-12 08:57:12.384619, scheduled to end at 2025-03-12 08:57:12.384619 (processing time: 0.00 min)
2025-03-11 13:54:20,453 - root - INFO - Processing end event: Token Token-76 at node Monthly (Unknown)
2025-03-11 13:54:20,453 - root - INFO - Token Token-76 completed task 'Monthly' at 2025-03-12 08:57:12.384619.
2025-03-11 13:54:20,453 - root - INFO - Next nodes for Monthly: ['Review AM using Asset Change Tracker (5.5.13.1)']
2025-03-11 13:54:20,454 - root - INFO - Scheduling direct next node Review AM using Asset Change Tracker (5.5.13.1)
2025-03-11 13:54:20,454 - root - INFO - Token Token-76 waiting for resource 'Tech' at 2025-03-12 08:57:12.384619
2025-03-11 13:54:20,455 - root - INFO - Token Token-77 started task 'Monthly' at 2025-03-12 09:02:53.443308, scheduled to end at 2025-03-12 09:02:53.443308 (processing time: 0.00 min)
2025-03-11 13:54:20,455 - root - INFO - Processing end event: Token Token-77 at node Monthly (Unknown)
2025-03-11 13:54:20,455 - root - INFO - Token Token-77 completed task 'Monthly' at 2025-03-12 09:02:53.443308.
2025-03-11 13:54:20,456 - root - INFO - Next nodes for Monthly: ['Review AM using Asset Change Tracker (5.5.13.1)']
2025-03-11 13:54:20,458 - root - INFO - Scheduling direct next node Review AM using Asset Change Tracker (5.5.13.1)
2025-03-11 13:54:20,459 - root - INFO - Token Token-77 waiting for resource 'Tech' at 2025-03-12 09:02:53.443308
2025-03-11 13:54:20,459 - root - INFO - Token Token-78 started task 'Monthly' at 2025-03-12 09:08:21.808981, scheduled to end at 2025-03-12 09:08:21.808981 (processing time: 0.00 min)
2025-03-11 13:54:20,459 - root - INFO - Processing end event: Token Token-78 at node Monthly (Unknown)
2025-03-11 13:54:20,460 - root - INFO - Token Token-78 completed task 'Monthly' at 2025-03-12 09:08:21.808981.
2025-03-11 13:54:20,460 - root - INFO - Next nodes for Monthly: ['Review AM using Asset Change Tracker (5.5.13.1)']
2025-03-11 13:54:20,461 - root - INFO - Scheduling direct next node Review AM using Asset Change Tracker (5.5.13.1)
2025-03-11 13:54:20,461 - root - INFO - Token Token-78 waiting for resource 'Tech' at 2025-03-12 09:08:21.808981
2025-03-11 13:54:20,461 - root - INFO - Token Token-79 started task 'Monthly' at 2025-03-12 09:12:46.707120, scheduled to end at 2025-03-12 09:12:46.707120 (processing time: 0.00 min)
2025-03-11 13:54:20,462 - root - INFO - Processing end event: Token Token-79 at node Monthly (Unknown)
2025-03-11 13:54:20,462 - root - INFO - Token Token-79 completed task 'Monthly' at 2025-03-12 09:12:46.707120.
2025-03-11 13:54:20,463 - root - INFO - Next nodes for Monthly: ['Review AM using Asset Change Tracker (5.5.13.1)']
2025-03-11 13:54:20,463 - root - INFO - Scheduling direct next node Review AM using Asset Change Tracker (5.5.13.1)
2025-03-11 13:54:20,463 - root - INFO - Token Token-79 waiting for resource 'Tech' at 2025-03-12 09:12:46.707120
2025-03-11 13:54:20,463 - root - INFO - Token Token-80 started task 'Monthly' at 2025-03-12 09:18:57.637427, scheduled to end at 2025-03-12 09:18:57.637427 (processing time: 0.00 min)
2025-03-11 13:54:20,463 - root - INFO - Processing end event: Token Token-80 at node Monthly (Unknown)
2025-03-11 13:54:20,463 - root - INFO - Token Token-80 completed task 'Monthly' at 2025-03-12 09:18:57.637427.
2025-03-11 13:54:20,465 - root - INFO - Next nodes for Monthly: ['Review AM using Asset Change Tracker (5.5.13.1)']
2025-03-11 13:54:20,465 - root - INFO - Scheduling direct next node Review AM using Asset Change Tracker (5.5.13.1)
2025-03-11 13:54:20,466 - root - INFO - Token Token-80 waiting for resource 'Tech' at 2025-03-12 09:18:57.637427
2025-03-11 13:54:20,467 - root - INFO - Token Token-81 started task 'Monthly' at 2025-03-12 09:24:30.906942, scheduled to end at 2025-03-12 09:24:30.906942 (processing time: 0.00 min)
2025-03-11 13:54:20,467 - root - INFO - Processing end event: Token Token-81 at node Monthly (Unknown)
2025-03-11 13:54:20,467 - root - INFO - Token Token-81 completed task 'Monthly' at 2025-03-12 09:24:30.906942.
2025-03-11 13:54:20,468 - root - INFO - Next nodes for Monthly: ['Review AM using Asset Change Tracker (5.5.13.1)']
2025-03-11 13:54:20,468 - root - INFO - Scheduling direct next node Review AM using Asset Change Tracker (5.5.13.1)
2025-03-11 13:54:20,469 - root - INFO - Token Token-81 waiting for resource 'Tech' at 2025-03-12 09:24:30.906942
2025-03-11 13:54:20,469 - root - INFO - Token Token-82 started task 'Monthly' at 2025-03-12 09:29:51.712088, scheduled to end at 2025-03-12 09:29:51.712088 (processing time: 0.00 min)
2025-03-11 13:54:20,469 - root - INFO - Processing end event: Token Token-82 at node Monthly (Unknown)
2025-03-11 13:54:20,470 - root - INFO - Token Token-82 completed task 'Monthly' at 2025-03-12 09:29:51.712088.
2025-03-11 13:54:20,471 - root - INFO - Next nodes for Monthly: ['Review AM using Asset Change Tracker (5.5.13.1)']
2025-03-11 13:54:20,472 - root - INFO - Scheduling direct next node Review AM using Asset Change Tracker (5.5.13.1)
2025-03-11 13:54:20,473 - root - INFO - Token Token-82 waiting for resource 'Tech' at 2025-03-12 09:29:51.712088
2025-03-11 13:54:20,493 - root - INFO - Token Token-83 started task 'Monthly' at 2025-03-12 09:36:13.698791, scheduled to end at 2025-03-12 09:36:13.698791 (processing time: 0.00 min)
2025-03-11 13:54:20,493 - root - INFO - Processing end event: Token Token-83 at node Monthly (Unknown)
2025-03-11 13:54:20,493 - root - INFO - Token Token-83 completed task 'Monthly' at 2025-03-12 09:36:13.698791.
2025-03-11 13:54:20,493 - root - INFO - Next nodes for Monthly: ['Review AM using Asset Change Tracker (5.5.13.1)']
2025-03-11 13:54:20,493 - root - INFO - Scheduling direct next node Review AM using Asset Change Tracker (5.5.13.1)
2025-03-11 13:54:20,493 - root - INFO - Token Token-83 waiting for resource 'Tech' at 2025-03-12 09:36:13.698791
2025-03-11 13:54:20,493 - root - INFO - Token Token-84 started task 'Monthly' at 2025-03-12 09:42:02.762086, scheduled to end at 2025-03-12 09:42:02.762086 (processing time: 0.00 min)
2025-03-11 13:54:20,493 - root - INFO - Processing end event: Token Token-84 at node Monthly (Unknown)
2025-03-11 13:54:20,493 - root - INFO - Token Token-84 completed task 'Monthly' at 2025-03-12 09:42:02.762086.
2025-03-11 13:54:20,493 - root - INFO - Next nodes for Monthly: ['Review AM using Asset Change Tracker (5.5.13.1)']
2025-03-11 13:54:20,493 - root - INFO - Scheduling direct next node Review AM using Asset Change Tracker (5.5.13.1)
2025-03-11 13:54:20,493 - root - INFO - Token Token-84 waiting for resource 'Tech' at 2025-03-12 09:42:02.762086
2025-03-11 13:54:20,493 - root - INFO - Token Token-85 started task 'Monthly' at 2025-03-12 09:47:32.971490, scheduled to end at 2025-03-12 09:47:32.971490 (processing time: 0.00 min)
2025-03-11 13:54:20,493 - root - INFO - Processing end event: Token Token-85 at node Monthly (Unknown)
2025-03-11 13:54:20,493 - root - INFO - Token Token-85 completed task 'Monthly' at 2025-03-12 09:47:32.971490.
2025-03-11 13:54:20,493 - root - INFO - Next nodes for Monthly: ['Review AM using Asset Change Tracker (5.5.13.1)']
2025-03-11 13:54:20,493 - root - INFO - Scheduling direct next node Review AM using Asset Change Tracker (5.5.13.1)
2025-03-11 13:54:20,493 - root - INFO - Token Token-85 waiting for resource 'Tech' at 2025-03-12 09:47:32.971490
2025-03-11 13:54:20,493 - root - INFO - Token Token-86 started task 'Monthly' at 2025-03-12 09:53:53.048566, scheduled to end at 2025-03-12 09:53:53.048566 (processing time: 0.00 min)
2025-03-11 13:54:20,498 - root - INFO - Processing end event: Token Token-86 at node Monthly (Unknown)
2025-03-11 13:54:20,498 - root - INFO - Token Token-86 completed task 'Monthly' at 2025-03-12 09:53:53.048566.
2025-03-11 13:54:20,498 - root - INFO - Next nodes for Monthly: ['Review AM using Asset Change Tracker (5.5.13.1)']
2025-03-11 13:54:20,498 - root - INFO - Scheduling direct next node Review AM using Asset Change Tracker (5.5.13.1)
2025-03-11 13:54:20,498 - root - INFO - Token Token-86 waiting for resource 'Tech' at 2025-03-12 09:53:53.048566
2025-03-11 13:54:20,499 - root - INFO - Token Token-87 started task 'Monthly' at 2025-03-12 09:59:19.327889, scheduled to end at 2025-03-12 09:59:19.327889 (processing time: 0.00 min)
2025-03-11 13:54:20,500 - root - INFO - Processing end event: Token Token-87 at node Monthly (Unknown)
2025-03-11 13:54:20,500 - root - INFO - Token Token-87 completed task 'Monthly' at 2025-03-12 09:59:19.327889.
2025-03-11 13:54:20,500 - root - INFO - Next nodes for Monthly: ['Review AM using Asset Change Tracker (5.5.13.1)']
2025-03-11 13:54:20,500 - root - INFO - Scheduling direct next node Review AM using Asset Change Tracker (5.5.13.1)
2025-03-11 13:54:20,501 - root - INFO - Token Token-87 waiting for resource 'Tech' at 2025-03-12 09:59:19.327889
2025-03-11 13:54:20,501 - root - INFO - Token Token-88 started task 'Monthly' at 2025-03-12 10:05:08.044389, scheduled to end at 2025-03-12 10:05:08.044389 (processing time: 0.00 min)
2025-03-11 13:54:20,501 - root - INFO - Processing end event: Token Token-88 at node Monthly (Unknown)
2025-03-11 13:54:20,501 - root - INFO - Token Token-88 completed task 'Monthly' at 2025-03-12 10:05:08.044389.
2025-03-11 13:54:20,501 - root - INFO - Next nodes for Monthly: ['Review AM using Asset Change Tracker (5.5.13.1)']
2025-03-11 13:54:20,502 - root - INFO - Scheduling direct next node Review AM using Asset Change Tracker (5.5.13.1)
2025-03-11 13:54:20,502 - root - INFO - Token Token-88 waiting for resource 'Tech' at 2025-03-12 10:05:08.044389
2025-03-11 13:54:20,502 - root - INFO - Token Token-89 started task 'Monthly' at 2025-03-12 10:10:19.308358, scheduled to end at 2025-03-12 10:10:19.308358 (processing time: 0.00 min)
2025-03-11 13:54:20,502 - root - INFO - Processing end event: Token Token-89 at node Monthly (Unknown)
2025-03-11 13:54:20,503 - root - INFO - Token Token-89 completed task 'Monthly' at 2025-03-12 10:10:19.308358.
2025-03-11 13:54:20,503 - root - INFO - Next nodes for Monthly: ['Review AM using Asset Change Tracker (5.5.13.1)']
2025-03-11 13:54:20,503 - root - INFO - Scheduling direct next node Review AM using Asset Change Tracker (5.5.13.1)
2025-03-11 13:54:20,503 - root - INFO - Token Token-89 waiting for resource 'Tech' at 2025-03-12 10:10:19.308358
2025-03-11 13:54:20,503 - root - INFO - Token Token-90 started task 'Monthly' at 2025-03-12 10:16:19.648770, scheduled to end at 2025-03-12 10:16:19.648770 (processing time: 0.00 min)
2025-03-11 13:54:20,504 - root - INFO - Processing end event: Token Token-90 at node Monthly (Unknown)
2025-03-11 13:54:20,504 - root - INFO - Token Token-90 completed task 'Monthly' at 2025-03-12 10:16:19.648770.
2025-03-11 13:54:20,504 - root - INFO - Next nodes for Monthly: ['Review AM using Asset Change Tracker (5.5.13.1)']
2025-03-11 13:54:20,504 - root - INFO - Scheduling direct next node Review AM using Asset Change Tracker (5.5.13.1)
2025-03-11 13:54:20,504 - root - INFO - Token Token-90 waiting for resource 'Tech' at 2025-03-12 10:16:19.648770
2025-03-11 13:54:20,505 - root - INFO - Token Token-91 started task 'Monthly' at 2025-03-12 10:21:48.542297, scheduled to end at 2025-03-12 10:21:48.542297 (processing time: 0.00 min)
2025-03-11 13:54:20,505 - root - INFO - Processing end event: Token Token-91 at node Monthly (Unknown)
2025-03-11 13:54:20,505 - root - INFO - Token Token-91 completed task 'Monthly' at 2025-03-12 10:21:48.542297.
2025-03-11 13:54:20,505 - root - INFO - Next nodes for Monthly: ['Review AM using Asset Change Tracker (5.5.13.1)']
2025-03-11 13:54:20,506 - root - INFO - Scheduling direct next node Review AM using Asset Change Tracker (5.5.13.1)
2025-03-11 13:54:20,506 - root - INFO - Token Token-91 waiting for resource 'Tech' at 2025-03-12 10:21:48.542297
2025-03-11 13:54:20,506 - root - INFO - Token Token-92 started task 'Monthly' at 2025-03-12 10:27:42.840595, scheduled to end at 2025-03-12 10:27:42.840595 (processing time: 0.00 min)
2025-03-11 13:54:20,506 - root - INFO - Processing end event: Token Token-92 at node Monthly (Unknown)
2025-03-11 13:54:20,507 - root - INFO - Token Token-92 completed task 'Monthly' at 2025-03-12 10:27:42.840595.
2025-03-11 13:54:20,507 - root - INFO - Next nodes for Monthly: ['Review AM using Asset Change Tracker (5.5.13.1)']
2025-03-11 13:54:20,507 - root - INFO - Scheduling direct next node Review AM using Asset Change Tracker (5.5.13.1)
2025-03-11 13:54:20,507 - root - INFO - Token Token-92 waiting for resource 'Tech' at 2025-03-12 10:27:42.840595
2025-03-11 13:54:20,507 - root - INFO - Token Token-93 started task 'Monthly' at 2025-03-12 10:33:30.792855, scheduled to end at 2025-03-12 10:33:30.792855 (processing time: 0.00 min)
2025-03-11 13:54:20,508 - root - INFO - Processing end event: Token Token-93 at node Monthly (Unknown)
2025-03-11 13:54:20,508 - root - INFO - Token Token-93 completed task 'Monthly' at 2025-03-12 10:33:30.792855.
2025-03-11 13:54:20,508 - root - INFO - Next nodes for Monthly: ['Review AM using Asset Change Tracker (5.5.13.1)']
2025-03-11 13:54:20,508 - root - INFO - Scheduling direct next node Review AM using Asset Change Tracker (5.5.13.1)
2025-03-11 13:54:20,509 - root - INFO - Token Token-93 waiting for resource 'Tech' at 2025-03-12 10:33:30.792855
2025-03-11 13:54:20,509 - root - INFO - Token Token-94 started task 'Monthly' at 2025-03-12 10:38:25.531421, scheduled to end at 2025-03-12 10:38:25.531421 (processing time: 0.00 min)
2025-03-11 13:54:20,509 - root - INFO - Processing end event: Token Token-94 at node Monthly (Unknown)
2025-03-11 13:54:20,509 - root - INFO - Token Token-94 completed task 'Monthly' at 2025-03-12 10:38:25.531421.
2025-03-11 13:54:20,510 - root - INFO - Next nodes for Monthly: ['Review AM using Asset Change Tracker (5.5.13.1)']
2025-03-11 13:54:20,510 - root - INFO - Scheduling direct next node Review AM using Asset Change Tracker (5.5.13.1)
2025-03-11 13:54:20,510 - root - INFO - Token Token-94 waiting for resource 'Tech' at 2025-03-12 10:38:25.531421
2025-03-11 13:54:20,510 - root - INFO - Token Token-95 started task 'Monthly' at 2025-03-12 10:44:44.751975, scheduled to end at 2025-03-12 10:44:44.751975 (processing time: 0.00 min)
2025-03-11 13:54:20,511 - root - INFO - Processing end event: Token Token-95 at node Monthly (Unknown)
2025-03-11 13:54:20,511 - root - INFO - Token Token-95 completed task 'Monthly' at 2025-03-12 10:44:44.751975.
2025-03-11 13:54:20,511 - root - INFO - Next nodes for Monthly: ['Review AM using Asset Change Tracker (5.5.13.1)']
2025-03-11 13:54:20,511 - root - INFO - Scheduling direct next node Review AM using Asset Change Tracker (5.5.13.1)
2025-03-11 13:54:20,512 - root - INFO - Token Token-95 waiting for resource 'Tech' at 2025-03-12 10:44:44.751975
2025-03-11 13:54:20,512 - root - INFO - Token Token-96 started task 'Monthly' at 2025-03-12 10:50:08.183275, scheduled to end at 2025-03-12 10:50:08.183275 (processing time: 0.00 min)
2025-03-11 13:54:20,512 - root - INFO - Processing end event: Token Token-96 at node Monthly (Unknown)
2025-03-11 13:54:20,512 - root - INFO - Token Token-96 completed task 'Monthly' at 2025-03-12 10:50:08.183275.
2025-03-11 13:54:20,512 - root - INFO - Next nodes for Monthly: ['Review AM using Asset Change Tracker (5.5.13.1)']
2025-03-11 13:54:20,513 - root - INFO - Scheduling direct next node Review AM using Asset Change Tracker (5.5.13.1)
2025-03-11 13:54:20,513 - root - INFO - Token Token-96 waiting for resource 'Tech' at 2025-03-12 10:50:08.183275
2025-03-11 13:54:20,513 - root - INFO - Token Token-97 started task 'Monthly' at 2025-03-12 10:56:28.851788, scheduled to end at 2025-03-12 10:56:28.851788 (processing time: 0.00 min)
2025-03-11 13:54:20,513 - root - INFO - Processing end event: Token Token-97 at node Monthly (Unknown)
2025-03-11 13:54:20,513 - root - INFO - Token Token-97 completed task 'Monthly' at 2025-03-12 10:56:28.851788.
2025-03-11 13:54:20,514 - root - INFO - Next nodes for Monthly: ['Review AM using Asset Change Tracker (5.5.13.1)']
2025-03-11 13:54:20,514 - root - INFO - Scheduling direct next node Review AM using Asset Change Tracker (5.5.13.1)
2025-03-11 13:54:20,514 - root - INFO - Token Token-97 waiting for resource 'Tech' at 2025-03-12 10:56:28.851788
2025-03-11 13:54:20,515 - root - INFO - Token Token-98 started task 'Monthly' at 2025-03-12 11:01:43.716111, scheduled to end at 2025-03-12 11:01:43.716111 (processing time: 0.00 min)
2025-03-11 13:54:20,515 - root - INFO - Processing end event: Token Token-98 at node Monthly (Unknown)
2025-03-11 13:54:20,515 - root - INFO - Token Token-98 completed task 'Monthly' at 2025-03-12 11:01:43.716111.
2025-03-11 13:54:20,516 - root - INFO - Next nodes for Monthly: ['Review AM using Asset Change Tracker (5.5.13.1)']
2025-03-11 13:54:20,516 - root - INFO - Scheduling direct next node Review AM using Asset Change Tracker (5.5.13.1)
2025-03-11 13:54:20,516 - root - INFO - Token Token-98 waiting for resource 'Tech' at 2025-03-12 11:01:43.716111
2025-03-11 13:54:20,517 - root - INFO - Token Token-99 started task 'Monthly' at 2025-03-12 11:08:07.822443, scheduled to end at 2025-03-12 11:08:07.822443 (processing time: 0.00 min)
2025-03-11 13:54:20,517 - root - INFO - Processing end event: Token Token-99 at node Monthly (Unknown)
2025-03-11 13:54:20,517 - root - INFO - Token Token-99 completed task 'Monthly' at 2025-03-12 11:08:07.822443.
2025-03-11 13:54:20,518 - root - INFO - Next nodes for Monthly: ['Review AM using Asset Change Tracker (5.5.13.1)']
2025-03-11 13:54:20,519 - root - INFO - Scheduling direct next node Review AM using Asset Change Tracker (5.5.13.1)
2025-03-11 13:54:20,520 - root - INFO - Token Token-99 waiting for resource 'Tech' at 2025-03-12 11:08:07.822443
2025-03-11 13:54:20,521 - root - INFO - Token Token-100 started task 'Monthly' at 2025-03-12 11:14:22.285179, scheduled to end at 2025-03-12 11:14:22.285179 (processing time: 0.00 min)
2025-03-11 13:54:20,542 - root - INFO - Processing end event: Token Token-100 at node Monthly (Unknown)
2025-03-11 13:54:20,543 - root - INFO - Token Token-100 completed task 'Monthly' at 2025-03-12 11:14:22.285179.
2025-03-11 13:54:20,543 - root - INFO - Next nodes for Monthly: ['Review AM using Asset Change Tracker (5.5.13.1)']
2025-03-11 13:54:20,544 - root - INFO - Scheduling direct next node Review AM using Asset Change Tracker (5.5.13.1)
2025-03-11 13:54:20,544 - root - INFO - Token Token-100 waiting for resource 'Tech' at 2025-03-12 11:14:22.285179
2025-03-11 13:54:20,545 - root - INFO - Token Token-101 started task 'Monthly' at 2025-03-12 11:20:41.960726, scheduled to end at 2025-03-12 11:20:41.960726 (processing time: 0.00 min)
2025-03-11 13:54:20,545 - root - INFO - Processing end event: Token Token-101 at node Monthly (Unknown)
2025-03-11 13:54:20,546 - root - INFO - Token Token-101 completed task 'Monthly' at 2025-03-12 11:20:41.960726.
2025-03-11 13:54:20,547 - root - INFO - Next nodes for Monthly: ['Review AM using Asset Change Tracker (5.5.13.1)']
2025-03-11 13:54:20,548 - root - INFO - Scheduling direct next node Review AM using Asset Change Tracker (5.5.13.1)
2025-03-11 13:54:20,548 - root - INFO - Token Token-101 waiting for resource 'Tech' at 2025-03-12 11:20:41.960726
2025-03-11 13:54:20,548 - root - INFO - Token Token-102 started task 'Monthly' at 2025-03-12 11:26:49.092604, scheduled to end at 2025-03-12 11:26:49.092604 (processing time: 0.00 min)
2025-03-11 13:54:20,549 - root - INFO - Processing end event: Token Token-102 at node Monthly (Unknown)
2025-03-11 13:54:20,550 - root - INFO - Token Token-102 completed task 'Monthly' at 2025-03-12 11:26:49.092604.
2025-03-11 13:54:20,550 - root - INFO - Next nodes for Monthly: ['Review AM using Asset Change Tracker (5.5.13.1)']
2025-03-11 13:54:20,551 - root - INFO - Scheduling direct next node Review AM using Asset Change Tracker (5.5.13.1)
2025-03-11 13:54:20,551 - root - INFO - Token Token-102 waiting for resource 'Tech' at 2025-03-12 11:26:49.092604
2025-03-11 13:54:20,552 - root - INFO - Token Token-103 started task 'Monthly' at 2025-03-12 11:31:55.601127, scheduled to end at 2025-03-12 11:31:55.601127 (processing time: 0.00 min)
2025-03-11 13:54:20,552 - root - INFO - Processing end event: Token Token-103 at node Monthly (Unknown)
2025-03-11 13:54:20,552 - root - INFO - Token Token-103 completed task 'Monthly' at 2025-03-12 11:31:55.601127.
2025-03-11 13:54:20,552 - root - INFO - Next nodes for Monthly: ['Review AM using Asset Change Tracker (5.5.13.1)']
2025-03-11 13:54:20,553 - root - INFO - Scheduling direct next node Review AM using Asset Change Tracker (5.5.13.1)
2025-03-11 13:54:20,553 - root - INFO - Token Token-103 waiting for resource 'Tech' at 2025-03-12 11:31:55.601127
2025-03-11 13:54:20,553 - root - INFO - Token Token-104 started task 'Monthly' at 2025-03-12 11:37:18.078417, scheduled to end at 2025-03-12 11:37:18.078417 (processing time: 0.00 min)
2025-03-11 13:54:20,553 - root - INFO - Processing end event: Token Token-104 at node Monthly (Unknown)
2025-03-11 13:54:20,553 - root - INFO - Token Token-104 completed task 'Monthly' at 2025-03-12 11:37:18.078417.
2025-03-11 13:54:20,553 - root - INFO - Next nodes for Monthly: ['Review AM using Asset Change Tracker (5.5.13.1)']
2025-03-11 13:54:20,553 - root - INFO - Scheduling direct next node Review AM using Asset Change Tracker (5.5.13.1)
2025-03-11 13:54:20,553 - root - INFO - Token Token-104 waiting for resource 'Tech' at 2025-03-12 11:37:18.078417
2025-03-11 13:54:20,553 - root - INFO - Token Token-105 started task 'Monthly' at 2025-03-12 11:41:43.337830, scheduled to end at 2025-03-12 11:41:43.337830 (processing time: 0.00 min)
2025-03-11 13:54:20,553 - root - INFO - Processing end event: Token Token-105 at node Monthly (Unknown)
2025-03-11 13:54:20,553 - root - INFO - Token Token-105 completed task 'Monthly' at 2025-03-12 11:41:43.337830.
2025-03-11 13:54:20,553 - root - INFO - Next nodes for Monthly: ['Review AM using Asset Change Tracker (5.5.13.1)']
2025-03-11 13:54:20,553 - root - INFO - Scheduling direct next node Review AM using Asset Change Tracker (5.5.13.1)
2025-03-11 13:54:20,553 - root - INFO - Token Token-105 waiting for resource 'Tech' at 2025-03-12 11:41:43.337830
2025-03-11 13:54:20,553 - root - INFO - Token Token-106 started task 'Monthly' at 2025-03-12 11:47:26.906615, scheduled to end at 2025-03-12 11:47:26.906615 (processing time: 0.00 min)
2025-03-11 13:54:20,553 - root - INFO - Processing end event: Token Token-106 at node Monthly (Unknown)
2025-03-11 13:54:20,557 - root - INFO - Token Token-106 completed task 'Monthly' at 2025-03-12 11:47:26.906615.
2025-03-11 13:54:20,557 - root - INFO - Next nodes for Monthly: ['Review AM using Asset Change Tracker (5.5.13.1)']
2025-03-11 13:54:20,557 - root - INFO - Scheduling direct next node Review AM using Asset Change Tracker (5.5.13.1)
2025-03-11 13:54:20,558 - root - INFO - Token Token-106 waiting for resource 'Tech' at 2025-03-12 11:47:26.906615
2025-03-11 13:54:20,558 - root - INFO - Token Token-107 started task 'Monthly' at 2025-03-12 11:52:44.725850, scheduled to end at 2025-03-12 11:52:44.725850 (processing time: 0.00 min)
2025-03-11 13:54:20,558 - root - INFO - Processing end event: Token Token-107 at node Monthly (Unknown)
2025-03-11 13:54:20,558 - root - INFO - Token Token-107 completed task 'Monthly' at 2025-03-12 11:52:44.725850.
2025-03-11 13:54:20,559 - root - INFO - Next nodes for Monthly: ['Review AM using Asset Change Tracker (5.5.13.1)']
2025-03-11 13:54:20,559 - root - INFO - Scheduling direct next node Review AM using Asset Change Tracker (5.5.13.1)
2025-03-11 13:54:20,559 - root - INFO - Token Token-107 waiting for resource 'Tech' at 2025-03-12 11:52:44.725850
2025-03-11 13:54:20,559 - root - INFO - Token Token-108 started task 'Monthly' at 2025-03-12 11:57:27.559764, scheduled to end at 2025-03-12 11:57:27.559764 (processing time: 0.00 min)
2025-03-11 13:54:20,560 - root - INFO - Processing end event: Token Token-108 at node Monthly (Unknown)
2025-03-11 13:54:20,560 - root - INFO - Token Token-108 completed task 'Monthly' at 2025-03-12 11:57:27.559764.
2025-03-11 13:54:20,560 - root - INFO - Next nodes for Monthly: ['Review AM using Asset Change Tracker (5.5.13.1)']
2025-03-11 13:54:20,560 - root - INFO - Scheduling direct next node Review AM using Asset Change Tracker (5.5.13.1)
2025-03-11 13:54:20,561 - root - INFO - Token Token-108 waiting for resource 'Tech' at 2025-03-12 11:57:27.559764
2025-03-11 13:54:20,561 - root - INFO - Token Token-109 started task 'Monthly' at 2025-03-12 12:02:54.541368, scheduled to end at 2025-03-12 12:02:54.541368 (processing time: 0.00 min)
2025-03-11 13:54:20,561 - root - INFO - Processing end event: Token Token-109 at node Monthly (Unknown)
2025-03-11 13:54:20,561 - root - INFO - Token Token-109 completed task 'Monthly' at 2025-03-12 12:02:54.541368.
2025-03-11 13:54:20,562 - root - INFO - Next nodes for Monthly: ['Review AM using Asset Change Tracker (5.5.13.1)']
2025-03-11 13:54:20,562 - root - INFO - Scheduling direct next node Review AM using Asset Change Tracker (5.5.13.1)
2025-03-11 13:54:20,562 - root - INFO - Token Token-109 waiting for resource 'Tech' at 2025-03-12 12:02:54.541368
2025-03-11 13:54:20,562 - root - INFO - Token Token-110 started task 'Monthly' at 2025-03-12 12:08:46.572397, scheduled to end at 2025-03-12 12:08:46.572397 (processing time: 0.00 min)
2025-03-11 13:54:20,564 - root - INFO - Processing end event: Token Token-110 at node Monthly (Unknown)
2025-03-11 13:54:20,564 - root - INFO - Token Token-110 completed task 'Monthly' at 2025-03-12 12:08:46.572397.
2025-03-11 13:54:20,564 - root - INFO - Next nodes for Monthly: ['Review AM using Asset Change Tracker (5.5.13.1)']
2025-03-11 13:54:20,564 - root - INFO - Scheduling direct next node Review AM using Asset Change Tracker (5.5.13.1)
2025-03-11 13:54:20,564 - root - INFO - Token Token-110 waiting for resource 'Tech' at 2025-03-12 12:08:46.572397
2025-03-11 13:54:20,565 - root - INFO - Token Token-111 started task 'Monthly' at 2025-03-12 12:14:32.259608, scheduled to end at 2025-03-12 12:14:32.259608 (processing time: 0.00 min)
2025-03-11 13:54:20,566 - root - INFO - Processing end event: Token Token-111 at node Monthly (Unknown)
2025-03-11 13:54:20,567 - root - INFO - Token Token-111 completed task 'Monthly' at 2025-03-12 12:14:32.259608.
2025-03-11 13:54:20,567 - root - INFO - Next nodes for Monthly: ['Review AM using Asset Change Tracker (5.5.13.1)']
2025-03-11 13:54:20,567 - root - INFO - Scheduling direct next node Review AM using Asset Change Tracker (5.5.13.1)
2025-03-11 13:54:20,568 - root - INFO - Token Token-111 waiting for resource 'Tech' at 2025-03-12 12:14:32.259608
2025-03-11 13:54:20,568 - root - INFO - Token Token-112 started task 'Monthly' at 2025-03-12 12:20:33.832112, scheduled to end at 2025-03-12 12:20:33.832112 (processing time: 0.00 min)
2025-03-11 13:54:20,569 - root - INFO - Processing end event: Token Token-112 at node Monthly (Unknown)
2025-03-11 13:54:20,569 - root - INFO - Token Token-112 completed task 'Monthly' at 2025-03-12 12:20:33.832112.
2025-03-11 13:54:20,570 - root - INFO - Next nodes for Monthly: ['Review AM using Asset Change Tracker (5.5.13.1)']
2025-03-11 13:54:20,570 - root - INFO - Scheduling direct next node Review AM using Asset Change Tracker (5.5.13.1)
2025-03-11 13:54:20,571 - root - INFO - Token Token-112 waiting for resource 'Tech' at 2025-03-12 12:20:33.832112
2025-03-11 13:54:20,571 - root - INFO - Token Token-113 started task 'Monthly' at 2025-03-12 12:25:49.012933, scheduled to end at 2025-03-12 12:25:49.012933 (processing time: 0.00 min)
2025-03-11 13:54:20,572 - root - INFO - Processing end event: Token Token-113 at node Monthly (Unknown)
2025-03-11 13:54:20,572 - root - INFO - Token Token-113 completed task 'Monthly' at 2025-03-12 12:25:49.012933.
2025-03-11 13:54:20,572 - root - INFO - Next nodes for Monthly: ['Review AM using Asset Change Tracker (5.5.13.1)']
2025-03-11 13:54:20,572 - root - INFO - Scheduling direct next node Review AM using Asset Change Tracker (5.5.13.1)
2025-03-11 13:54:20,573 - root - INFO - Token Token-113 waiting for resource 'Tech' at 2025-03-12 12:25:49.012933
2025-03-11 13:54:20,573 - root - INFO - Token Token-114 started task 'Monthly' at 2025-03-12 12:31:07.219809, scheduled to end at 2025-03-12 12:31:07.219809 (processing time: 0.00 min)
2025-03-11 13:54:20,574 - root - INFO - Processing end event: Token Token-114 at node Monthly (Unknown)
2025-03-11 13:54:20,574 - root - INFO - Token Token-114 completed task 'Monthly' at 2025-03-12 12:31:07.219809.
2025-03-11 13:54:20,574 - root - INFO - Next nodes for Monthly: ['Review AM using Asset Change Tracker (5.5.13.1)']
2025-03-11 13:54:20,575 - root - INFO - Scheduling direct next node Review AM using Asset Change Tracker (5.5.13.1)
2025-03-11 13:54:20,575 - root - INFO - Token Token-114 waiting for resource 'Tech' at 2025-03-12 12:31:07.219809
2025-03-11 13:54:20,575 - root - INFO - Token Token-115 started task 'Monthly' at 2025-03-12 12:35:59.601989, scheduled to end at 2025-03-12 12:35:59.601989 (processing time: 0.00 min)
2025-03-11 13:54:20,576 - root - INFO - Processing end event: Token Token-115 at node Monthly (Unknown)
2025-03-11 13:54:20,576 - root - INFO - Token Token-115 completed task 'Monthly' at 2025-03-12 12:35:59.601989.
2025-03-11 13:54:20,577 - root - INFO - Next nodes for Monthly: ['Review AM using Asset Change Tracker (5.5.13.1)']
2025-03-11 13:54:20,577 - root - INFO - Scheduling direct next node Review AM using Asset Change Tracker (5.5.13.1)
2025-03-11 13:54:20,577 - root - INFO - Token Token-115 waiting for resource 'Tech' at 2025-03-12 12:35:59.601989
2025-03-11 13:54:20,578 - root - INFO - Token Token-116 started task 'Monthly' at 2025-03-12 12:40:25.187228, scheduled to end at 2025-03-12 12:40:25.187228 (processing time: 0.00 min)
2025-03-11 13:54:20,578 - root - INFO - Processing end event: Token Token-116 at node Monthly (Unknown)
2025-03-11 13:54:20,579 - root - INFO - Token Token-116 completed task 'Monthly' at 2025-03-12 12:40:25.187228.
2025-03-11 13:54:20,600 - root - INFO - Next nodes for Monthly: ['Review AM using Asset Change Tracker (5.5.13.1)']
2025-03-11 13:54:20,601 - root - INFO - Scheduling direct next node Review AM using Asset Change Tracker (5.5.13.1)
2025-03-11 13:54:20,601 - root - INFO - Token Token-116 waiting for resource 'Tech' at 2025-03-12 12:40:25.187228
2025-03-11 13:54:20,602 - root - INFO - Token Token-117 started task 'Monthly' at 2025-03-12 12:46:15.839213, scheduled to end at 2025-03-12 12:46:15.839213 (processing time: 0.00 min)
2025-03-11 13:54:20,602 - root - INFO - Processing end event: Token Token-117 at node Monthly (Unknown)
2025-03-11 13:54:20,602 - root - INFO - Token Token-117 completed task 'Monthly' at 2025-03-12 12:46:15.839213.
2025-03-11 13:54:20,603 - root - INFO - Next nodes for Monthly: ['Review AM using Asset Change Tracker (5.5.13.1)']
2025-03-11 13:54:20,603 - root - INFO - Scheduling direct next node Review AM using Asset Change Tracker (5.5.13.1)
2025-03-11 13:54:20,604 - root - INFO - Token Token-117 waiting for resource 'Tech' at 2025-03-12 12:46:15.839213
2025-03-11 13:54:20,604 - root - INFO - Token Token-118 started task 'Monthly' at 2025-03-12 12:51:03.997333, scheduled to end at 2025-03-12 12:51:03.997333 (processing time: 0.00 min)
2025-03-11 13:54:20,605 - root - INFO - Processing end event: Token Token-118 at node Monthly (Unknown)
2025-03-11 13:54:20,605 - root - INFO - Token Token-118 completed task 'Monthly' at 2025-03-12 12:51:03.997333.
2025-03-11 13:54:20,605 - root - INFO - Next nodes for Monthly: ['Review AM using Asset Change Tracker (5.5.13.1)']
2025-03-11 13:54:20,605 - root - INFO - Scheduling direct next node Review AM using Asset Change Tracker (5.5.13.1)
2025-03-11 13:54:20,605 - root - INFO - Token Token-118 waiting for resource 'Tech' at 2025-03-12 12:51:03.997333
2025-03-11 13:54:20,605 - root - INFO - Token Token-119 started task 'Monthly' at 2025-03-12 12:56:05.459198, scheduled to end at 2025-03-12 12:56:05.459198 (processing time: 0.00 min)
2025-03-11 13:54:20,605 - root - INFO - Processing end event: Token Token-119 at node Monthly (Unknown)
2025-03-11 13:54:20,605 - root - INFO - Token Token-119 completed task 'Monthly' at 2025-03-12 12:56:05.459198.
2025-03-11 13:54:20,605 - root - INFO - Next nodes for Monthly: ['Review AM using Asset Change Tracker (5.5.13.1)']
2025-03-11 13:54:20,605 - root - INFO - Scheduling direct next node Review AM using Asset Change Tracker (5.5.13.1)
2025-03-11 13:54:20,605 - root - INFO - Token Token-119 waiting for resource 'Tech' at 2025-03-12 12:56:05.459198
2025-03-11 13:54:20,605 - root - INFO - Token Token-120 started task 'Monthly' at 2025-03-12 13:02:26.635193, scheduled to end at 2025-03-12 13:02:26.635193 (processing time: 0.00 min)
2025-03-11 13:54:20,605 - root - INFO - Processing end event: Token Token-120 at node Monthly (Unknown)
2025-03-11 13:54:20,605 - root - INFO - Token Token-120 completed task 'Monthly' at 2025-03-12 13:02:26.635193.
2025-03-11 13:54:20,605 - root - INFO - Next nodes for Monthly: ['Review AM using Asset Change Tracker (5.5.13.1)']
2025-03-11 13:54:20,605 - root - INFO - Scheduling direct next node Review AM using Asset Change Tracker (5.5.13.1)
2025-03-11 13:54:20,605 - root - INFO - Token Token-120 waiting for resource 'Tech' at 2025-03-12 13:02:26.635193
2025-03-11 13:54:20,605 - root - INFO - Token Token-121 started task 'Monthly' at 2025-03-12 13:07:09.892343, scheduled to end at 2025-03-12 13:07:09.892343 (processing time: 0.00 min)
2025-03-11 13:54:20,605 - root - INFO - Processing end event: Token Token-121 at node Monthly (Unknown)
2025-03-11 13:54:20,605 - root - INFO - Token Token-121 completed task 'Monthly' at 2025-03-12 13:07:09.892343.
2025-03-11 13:54:20,605 - root - INFO - Next nodes for Monthly: ['Review AM using Asset Change Tracker (5.5.13.1)']
2025-03-11 13:54:20,605 - root - INFO - Scheduling direct next node Review AM using Asset Change Tracker (5.5.13.1)
2025-03-11 13:54:20,605 - root - INFO - Token Token-121 waiting for resource 'Tech' at 2025-03-12 13:07:09.892343
2025-03-11 13:54:20,605 - root - INFO - Token Token-122 started task 'Monthly' at 2025-03-12 13:12:27.358116, scheduled to end at 2025-03-12 13:12:27.358116 (processing time: 0.00 min)
2025-03-11 13:54:20,610 - root - INFO - Processing end event: Token Token-122 at node Monthly (Unknown)
2025-03-11 13:54:20,611 - root - INFO - Token Token-122 completed task 'Monthly' at 2025-03-12 13:12:27.358116.
2025-03-11 13:54:20,611 - root - INFO - Next nodes for Monthly: ['Review AM using Asset Change Tracker (5.5.13.1)']
2025-03-11 13:54:20,611 - root - INFO - Scheduling direct next node Review AM using Asset Change Tracker (5.5.13.1)
2025-03-11 13:54:20,611 - root - INFO - Token Token-122 waiting for resource 'Tech' at 2025-03-12 13:12:27.358116
2025-03-11 13:54:20,612 - root - INFO - Token Token-123 started task 'Monthly' at 2025-03-12 13:17:38.585054, scheduled to end at 2025-03-12 13:17:38.585054 (processing time: 0.00 min)
2025-03-11 13:54:20,612 - root - INFO - Processing end event: Token Token-123 at node Monthly (Unknown)
2025-03-11 13:54:20,613 - root - INFO - Token Token-123 completed task 'Monthly' at 2025-03-12 13:17:38.585054.
2025-03-11 13:54:20,613 - root - INFO - Next nodes for Monthly: ['Review AM using Asset Change Tracker (5.5.13.1)']
2025-03-11 13:54:20,613 - root - INFO - Scheduling direct next node Review AM using Asset Change Tracker (5.5.13.1)
2025-03-11 13:54:20,613 - root - INFO - Token Token-123 waiting for resource 'Tech' at 2025-03-12 13:17:38.585054
2025-03-11 13:54:20,614 - root - INFO - Token Token-124 started task 'Monthly' at 2025-03-12 13:23:39.123936, scheduled to end at 2025-03-12 13:23:39.123936 (processing time: 0.00 min)
2025-03-11 13:54:20,614 - root - INFO - Processing end event: Token Token-124 at node Monthly (Unknown)
2025-03-11 13:54:20,614 - root - INFO - Token Token-124 completed task 'Monthly' at 2025-03-12 13:23:39.123936.
2025-03-11 13:54:20,614 - root - INFO - Next nodes for Monthly: ['Review AM using Asset Change Tracker (5.5.13.1)']
2025-03-11 13:54:20,615 - root - INFO - Scheduling direct next node Review AM using Asset Change Tracker (5.5.13.1)
2025-03-11 13:54:20,615 - root - INFO - Token Token-124 waiting for resource 'Tech' at 2025-03-12 13:23:39.123936
2025-03-11 13:54:20,615 - root - INFO - Token Token-125 started task 'Monthly' at 2025-03-12 13:29:09.752104, scheduled to end at 2025-03-12 13:29:09.752104 (processing time: 0.00 min)
2025-03-11 13:54:20,615 - root - INFO - Processing end event: Token Token-125 at node Monthly (Unknown)
2025-03-11 13:54:20,615 - root - INFO - Token Token-125 completed task 'Monthly' at 2025-03-12 13:29:09.752104.
2025-03-11 13:54:20,616 - root - INFO - Next nodes for Monthly: ['Review AM using Asset Change Tracker (5.5.13.1)']
2025-03-11 13:54:20,616 - root - INFO - Scheduling direct next node Review AM using Asset Change Tracker (5.5.13.1)
2025-03-11 13:54:20,616 - root - INFO - Token Token-125 waiting for resource 'Tech' at 2025-03-12 13:29:09.752104
2025-03-11 13:54:20,616 - root - INFO - Token Token-126 started task 'Monthly' at 2025-03-12 13:33:14.592877, scheduled to end at 2025-03-12 13:33:14.592877 (processing time: 0.00 min)
2025-03-11 13:54:20,617 - root - INFO - Processing end event: Token Token-126 at node Monthly (Unknown)
2025-03-11 13:54:20,617 - root - INFO - Token Token-126 completed task 'Monthly' at 2025-03-12 13:33:14.592877.
2025-03-11 13:54:20,617 - root - INFO - Next nodes for Monthly: ['Review AM using Asset Change Tracker (5.5.13.1)']
2025-03-11 13:54:20,617 - root - INFO - Scheduling direct next node Review AM using Asset Change Tracker (5.5.13.1)
2025-03-11 13:54:20,618 - root - INFO - Token Token-126 waiting for resource 'Tech' at 2025-03-12 13:33:14.592877
2025-03-11 13:54:20,618 - root - INFO - Token Token-127 started task 'Monthly' at 2025-03-12 13:38:49.327276, scheduled to end at 2025-03-12 13:38:49.327276 (processing time: 0.00 min)
2025-03-11 13:54:20,618 - root - INFO - Processing end event: Token Token-127 at node Monthly (Unknown)
2025-03-11 13:54:20,618 - root - INFO - Token Token-127 completed task 'Monthly' at 2025-03-12 13:38:49.327276.
2025-03-11 13:54:20,618 - root - INFO - Next nodes for Monthly: ['Review AM using Asset Change Tracker (5.5.13.1)']
2025-03-11 13:54:20,619 - root - INFO - Scheduling direct next node Review AM using Asset Change Tracker (5.5.13.1)
2025-03-11 13:54:20,619 - root - INFO - Token Token-127 waiting for resource 'Tech' at 2025-03-12 13:38:49.327276
2025-03-11 13:54:20,619 - root - INFO - Token Token-128 started task 'Monthly' at 2025-03-12 13:44:56.440663, scheduled to end at 2025-03-12 13:44:56.440663 (processing time: 0.00 min)
2025-03-11 13:54:20,619 - root - INFO - Processing end event: Token Token-128 at node Monthly (Unknown)
2025-03-11 13:54:20,620 - root - INFO - Token Token-128 completed task 'Monthly' at 2025-03-12 13:44:56.440663.
2025-03-11 13:54:20,620 - root - INFO - Next nodes for Monthly: ['Review AM using Asset Change Tracker (5.5.13.1)']
2025-03-11 13:54:20,620 - root - INFO - Scheduling direct next node Review AM using Asset Change Tracker (5.5.13.1)
2025-03-11 13:54:20,620 - root - INFO - Token Token-128 waiting for resource 'Tech' at 2025-03-12 13:44:56.440663
2025-03-11 13:54:20,621 - root - INFO - Token Token-129 started task 'Monthly' at 2025-03-12 13:50:09.293505, scheduled to end at 2025-03-12 13:50:09.293505 (processing time: 0.00 min)
2025-03-11 13:54:20,621 - root - INFO - Processing end event: Token Token-129 at node Monthly (Unknown)
2025-03-11 13:54:20,621 - root - INFO - Token Token-129 completed task 'Monthly' at 2025-03-12 13:50:09.293505.
2025-03-11 13:54:20,621 - root - INFO - Next nodes for Monthly: ['Review AM using Asset Change Tracker (5.5.13.1)']
2025-03-11 13:54:20,621 - root - INFO - Scheduling direct next node Review AM using Asset Change Tracker (5.5.13.1)
2025-03-11 13:54:20,622 - root - INFO - Token Token-129 waiting for resource 'Tech' at 2025-03-12 13:50:09.293505
2025-03-11 13:54:20,622 - root - INFO - Token Token-130 started task 'Monthly' at 2025-03-12 13:56:04.609752, scheduled to end at 2025-03-12 13:56:04.609752 (processing time: 0.00 min)
2025-03-11 13:54:20,624 - root - INFO - Processing end event: Token Token-130 at node Monthly (Unknown)
2025-03-11 13:54:20,625 - root - INFO - Token Token-130 completed task 'Monthly' at 2025-03-12 13:56:04.609752.
2025-03-11 13:54:20,631 - root - INFO - Next nodes for Monthly: ['Review AM using Asset Change Tracker (5.5.13.1)']
2025-03-11 13:54:20,631 - root - INFO - Scheduling direct next node Review AM using Asset Change Tracker (5.5.13.1)
2025-03-11 13:54:20,645 - root - INFO - Token Token-130 waiting for resource 'Tech' at 2025-03-12 13:56:04.609752
2025-03-11 13:54:20,646 - root - INFO - Token Token-131 started task 'Monthly' at 2025-03-13 08:00:00, scheduled to end at 2025-03-13 08:00:00 (processing time: 0.00 min)
2025-03-11 13:54:20,646 - root - INFO - Processing end event: Token Token-131 at node Monthly (Unknown)
2025-03-11 13:54:20,647 - root - INFO - Token Token-131 completed task 'Monthly' at 2025-03-13 08:00:00.
2025-03-11 13:54:20,648 - root - INFO - Next nodes for Monthly: ['Review AM using Asset Change Tracker (5.5.13.1)']
2025-03-11 13:54:20,648 - root - INFO - Scheduling direct next node Review AM using Asset Change Tracker (5.5.13.1)
2025-03-11 13:54:20,649 - root - INFO - Token Token-131 waiting for resource 'Tech' at 2025-03-13 08:00:00
2025-03-11 13:54:20,649 - root - INFO - Token Token-132 started task 'Monthly' at 2025-03-13 08:06:05.800827, scheduled to end at 2025-03-13 08:06:05.800827 (processing time: 0.00 min)
2025-03-11 13:54:20,649 - root - INFO - Processing end event: Token Token-132 at node Monthly (Unknown)
2025-03-11 13:54:20,650 - root - INFO - Token Token-132 completed task 'Monthly' at 2025-03-13 08:06:05.800827.
2025-03-11 13:54:20,650 - root - INFO - Next nodes for Monthly: ['Review AM using Asset Change Tracker (5.5.13.1)']
2025-03-11 13:54:20,652 - root - INFO - Scheduling direct next node Review AM using Asset Change Tracker (5.5.13.1)
2025-03-11 13:54:20,653 - root - INFO - Token Token-132 waiting for resource 'Tech' at 2025-03-13 08:06:05.800827
2025-03-11 13:54:20,653 - root - INFO - Token Token-133 started task 'Monthly' at 2025-03-13 08:12:26.105015, scheduled to end at 2025-03-13 08:12:26.105015 (processing time: 0.00 min)
2025-03-11 13:54:20,653 - root - INFO - Processing end event: Token Token-133 at node Monthly (Unknown)
2025-03-11 13:54:20,654 - root - INFO - Token Token-133 completed task 'Monthly' at 2025-03-13 08:12:26.105015.
2025-03-11 13:54:20,654 - root - INFO - Next nodes for Monthly: ['Review AM using Asset Change Tracker (5.5.13.1)']
2025-03-11 13:54:20,655 - root - INFO - Scheduling direct next node Review AM using Asset Change Tracker (5.5.13.1)
2025-03-11 13:54:20,655 - root - INFO - Token Token-133 waiting for resource 'Tech' at 2025-03-13 08:12:26.105015
2025-03-11 13:54:20,655 - root - INFO - Token Token-134 started task 'Monthly' at 2025-03-13 08:18:15.954586, scheduled to end at 2025-03-13 08:18:15.954586 (processing time: 0.00 min)
2025-03-11 13:54:20,656 - root - INFO - Processing end event: Token Token-134 at node Monthly (Unknown)
2025-03-11 13:54:20,656 - root - INFO - Token Token-134 completed task 'Monthly' at 2025-03-13 08:18:15.954586.
2025-03-11 13:54:20,657 - root - INFO - Next nodes for Monthly: ['Review AM using Asset Change Tracker (5.5.13.1)']
2025-03-11 13:54:20,657 - root - INFO - Scheduling direct next node Review AM using Asset Change Tracker (5.5.13.1)
2025-03-11 13:54:20,657 - root - INFO - Token Token-134 waiting for resource 'Tech' at 2025-03-13 08:18:15.954586
2025-03-11 13:54:20,658 - root - INFO - Token Token-135 started task 'Monthly' at 2025-03-13 08:24:06.491373, scheduled to end at 2025-03-13 08:24:06.491373 (processing time: 0.00 min)
2025-03-11 13:54:20,659 - root - INFO - Processing end event: Token Token-135 at node Monthly (Unknown)
2025-03-11 13:54:20,660 - root - INFO - Token Token-135 completed task 'Monthly' at 2025-03-13 08:24:06.491373.
2025-03-11 13:54:20,730 - root - INFO - Next nodes for Monthly: ['Review AM using Asset Change Tracker (5.5.13.1)']
2025-03-11 13:54:20,733 - root - INFO - Scheduling direct next node Review AM using Asset Change Tracker (5.5.13.1)
2025-03-11 13:54:20,734 - root - INFO - Token Token-135 waiting for resource 'Tech' at 2025-03-13 08:24:06.491373
2025-03-11 13:54:20,734 - root - INFO - Token Token-136 started task 'Monthly' at 2025-03-13 08:29:51.785443, scheduled to end at 2025-03-13 08:29:51.785443 (processing time: 0.00 min)
2025-03-11 13:54:20,736 - root - INFO - Processing end event: Token Token-136 at node Monthly (Unknown)
2025-03-11 13:54:20,736 - root - INFO - Token Token-136 completed task 'Monthly' at 2025-03-13 08:29:51.785443.
2025-03-11 13:54:20,736 - root - INFO - Next nodes for Monthly: ['Review AM using Asset Change Tracker (5.5.13.1)']
2025-03-11 13:54:20,737 - root - INFO - Scheduling direct next node Review AM using Asset Change Tracker (5.5.13.1)
2025-03-11 13:54:20,737 - root - INFO - Token Token-136 waiting for resource 'Tech' at 2025-03-13 08:29:51.785443
2025-03-11 13:54:20,737 - root - INFO - Token Token-137 started task 'Monthly' at 2025-03-13 08:34:53.182116, scheduled to end at 2025-03-13 08:34:53.182116 (processing time: 0.00 min)
2025-03-11 13:54:20,738 - root - INFO - Processing end event: Token Token-137 at node Monthly (Unknown)
2025-03-11 13:54:20,738 - root - INFO - Token Token-137 completed task 'Monthly' at 2025-03-13 08:34:53.182116.
2025-03-11 13:54:20,739 - root - INFO - Next nodes for Monthly: ['Review AM using Asset Change Tracker (5.5.13.1)']
2025-03-11 13:54:20,739 - root - INFO - Scheduling direct next node Review AM using Asset Change Tracker (5.5.13.1)
2025-03-11 13:54:20,739 - root - INFO - Token Token-137 waiting for resource 'Tech' at 2025-03-13 08:34:53.182116
2025-03-11 13:54:20,740 - root - INFO - Token Token-138 started task 'Monthly' at 2025-03-13 08:41:04.842364, scheduled to end at 2025-03-13 08:41:04.842364 (processing time: 0.00 min)
2025-03-11 13:54:20,740 - root - INFO - Processing end event: Token Token-138 at node Monthly (Unknown)
2025-03-11 13:54:20,740 - root - INFO - Token Token-138 completed task 'Monthly' at 2025-03-13 08:41:04.842364.
2025-03-11 13:54:20,741 - root - INFO - Next nodes for Monthly: ['Review AM using Asset Change Tracker (5.5.13.1)']
2025-03-11 13:54:20,741 - root - INFO - Scheduling direct next node Review AM using Asset Change Tracker (5.5.13.1)
2025-03-11 13:54:20,741 - root - INFO - Token Token-138 waiting for resource 'Tech' at 2025-03-13 08:41:04.842364
2025-03-11 13:54:20,742 - root - INFO - Token Token-139 started task 'Monthly' at 2025-03-13 08:46:25.577909, scheduled to end at 2025-03-13 08:46:25.577909 (processing time: 0.00 min)
2025-03-11 13:54:20,742 - root - INFO - Processing end event: Token Token-139 at node Monthly (Unknown)
2025-03-11 13:54:20,743 - root - INFO - Token Token-139 completed task 'Monthly' at 2025-03-13 08:46:25.577909.
2025-03-11 13:54:20,743 - root - INFO - Next nodes for Monthly: ['Review AM using Asset Change Tracker (5.5.13.1)']
2025-03-11 13:54:20,743 - root - INFO - Scheduling direct next node Review AM using Asset Change Tracker (5.5.13.1)
2025-03-11 13:54:20,744 - root - INFO - Token Token-139 waiting for resource 'Tech' at 2025-03-13 08:46:25.577909
2025-03-11 13:54:20,744 - root - INFO - Token Token-140 started task 'Monthly' at 2025-03-13 08:51:24.187973, scheduled to end at 2025-03-13 08:51:24.187973 (processing time: 0.00 min)
2025-03-11 13:54:20,744 - root - INFO - Processing end event: Token Token-140 at node Monthly (Unknown)
2025-03-11 13:54:20,745 - root - INFO - Token Token-140 completed task 'Monthly' at 2025-03-13 08:51:24.187973.
2025-03-11 13:54:20,747 - root - INFO - Next nodes for Monthly: ['Review AM using Asset Change Tracker (5.5.13.1)']
2025-03-11 13:54:20,747 - root - INFO - Scheduling direct next node Review AM using Asset Change Tracker (5.5.13.1)
2025-03-11 13:54:20,747 - root - INFO - Token Token-140 waiting for resource 'Tech' at 2025-03-13 08:51:24.187973
2025-03-11 13:54:20,748 - root - INFO - Token Token-141 started task 'Monthly' at 2025-03-13 08:56:26.780127, scheduled to end at 2025-03-13 08:56:26.780127 (processing time: 0.00 min)
2025-03-11 13:54:20,748 - root - INFO - Processing end event: Token Token-141 at node Monthly (Unknown)
2025-03-11 13:54:20,749 - root - INFO - Token Token-141 completed task 'Monthly' at 2025-03-13 08:56:26.780127.
2025-03-11 13:54:20,749 - root - INFO - Next nodes for Monthly: ['Review AM using Asset Change Tracker (5.5.13.1)']
2025-03-11 13:54:20,749 - root - INFO - Scheduling direct next node Review AM using Asset Change Tracker (5.5.13.1)
2025-03-11 13:54:20,751 - root - INFO - Token Token-141 waiting for resource 'Tech' at 2025-03-13 08:56:26.780127
2025-03-11 13:54:20,752 - root - INFO - Token Token-142 started task 'Monthly' at 2025-03-13 09:02:28.850585, scheduled to end at 2025-03-13 09:02:28.850585 (processing time: 0.00 min)
2025-03-11 13:54:20,752 - root - INFO - Processing end event: Token Token-142 at node Monthly (Unknown)
2025-03-11 13:54:20,752 - root - INFO - Token Token-142 completed task 'Monthly' at 2025-03-13 09:02:28.850585.
2025-03-11 13:54:20,752 - root - INFO - Next nodes for Monthly: ['Review AM using Asset Change Tracker (5.5.13.1)']
2025-03-11 13:54:20,753 - root - INFO - Scheduling direct next node Review AM using Asset Change Tracker (5.5.13.1)
2025-03-11 13:54:20,753 - root - INFO - Token Token-142 waiting for resource 'Tech' at 2025-03-13 09:02:28.850585
2025-03-11 13:54:20,754 - root - INFO - Token Token-143 started task 'Monthly' at 2025-03-13 09:07:35.694893, scheduled to end at 2025-03-13 09:07:35.694893 (processing time: 0.00 min)
2025-03-11 13:54:20,754 - root - INFO - Processing end event: Token Token-143 at node Monthly (Unknown)
2025-03-11 13:54:20,754 - root - INFO - Token Token-143 completed task 'Monthly' at 2025-03-13 09:07:35.694893.
2025-03-11 13:54:20,754 - root - INFO - Next nodes for Monthly: ['Review AM using Asset Change Tracker (5.5.13.1)']
2025-03-11 13:54:20,754 - root - INFO - Scheduling direct next node Review AM using Asset Change Tracker (5.5.13.1)
2025-03-11 13:54:20,754 - root - INFO - Token Token-143 waiting for resource 'Tech' at 2025-03-13 09:07:35.694893
2025-03-11 13:54:20,754 - root - INFO - Token Token-144 started task 'Monthly' at 2025-03-13 09:12:22.679761, scheduled to end at 2025-03-13 09:12:22.679761 (processing time: 0.00 min)
2025-03-11 13:54:20,754 - root - INFO - Processing end event: Token Token-144 at node Monthly (Unknown)
2025-03-11 13:54:20,754 - root - INFO - Token Token-144 completed task 'Monthly' at 2025-03-13 09:12:22.679761.
2025-03-11 13:54:20,754 - root - INFO - Next nodes for Monthly: ['Review AM using Asset Change Tracker (5.5.13.1)']
2025-03-11 13:54:20,754 - root - INFO - Scheduling direct next node Review AM using Asset Change Tracker (5.5.13.1)
2025-03-11 13:54:20,754 - root - INFO - Token Token-144 waiting for resource 'Tech' at 2025-03-13 09:12:22.679761
2025-03-11 13:54:20,754 - root - INFO - Token Token-145 started task 'Monthly' at 2025-03-13 09:18:42.476410, scheduled to end at 2025-03-13 09:18:42.476410 (processing time: 0.00 min)
2025-03-11 13:54:20,754 - root - INFO - Processing end event: Token Token-145 at node Monthly (Unknown)
2025-03-11 13:54:20,754 - root - INFO - Token Token-145 completed task 'Monthly' at 2025-03-13 09:18:42.476410.
2025-03-11 13:54:20,754 - root - INFO - Next nodes for Monthly: ['Review AM using Asset Change Tracker (5.5.13.1)']
2025-03-11 13:54:20,754 - root - INFO - Scheduling direct next node Review AM using Asset Change Tracker (5.5.13.1)
2025-03-11 13:54:20,754 - root - INFO - Token Token-145 waiting for resource 'Tech' at 2025-03-13 09:18:42.476410
2025-03-11 13:54:20,754 - root - INFO - Token Token-146 started task 'Monthly' at 2025-03-13 09:24:32.263863, scheduled to end at 2025-03-13 09:24:32.263863 (processing time: 0.00 min)
2025-03-11 13:54:20,754 - root - INFO - Processing end event: Token Token-146 at node Monthly (Unknown)
2025-03-11 13:54:20,754 - root - INFO - Token Token-146 completed task 'Monthly' at 2025-03-13 09:24:32.263863.
2025-03-11 13:54:20,754 - root - INFO - Next nodes for Monthly: ['Review AM using Asset Change Tracker (5.5.13.1)']
2025-03-11 13:54:20,754 - root - INFO - Scheduling direct next node Review AM using Asset Change Tracker (5.5.13.1)
2025-03-11 13:54:20,754 - root - INFO - Token Token-146 waiting for resource 'Tech' at 2025-03-13 09:24:32.263863
2025-03-11 13:54:20,754 - root - INFO - Token Token-147 started task 'Monthly' at 2025-03-13 09:30:49.270847, scheduled to end at 2025-03-13 09:30:49.270847 (processing time: 0.00 min)
2025-03-11 13:54:20,761 - root - INFO - Processing end event: Token Token-147 at node Monthly (Unknown)
2025-03-11 13:54:20,761 - root - INFO - Token Token-147 completed task 'Monthly' at 2025-03-13 09:30:49.270847.
2025-03-11 13:54:20,762 - root - INFO - Next nodes for Monthly: ['Review AM using Asset Change Tracker (5.5.13.1)']
2025-03-11 13:54:20,798 - root - INFO - Scheduling direct next node Review AM using Asset Change Tracker (5.5.13.1)
2025-03-11 13:54:20,798 - root - INFO - Token Token-147 waiting for resource 'Tech' at 2025-03-13 09:30:49.270847
2025-03-11 13:54:20,799 - root - INFO - Token Token-148 started task 'Monthly' at 2025-03-13 09:36:42.443483, scheduled to end at 2025-03-13 09:36:42.443483 (processing time: 0.00 min)
2025-03-11 13:54:20,799 - root - INFO - Processing end event: Token Token-148 at node Monthly (Unknown)
2025-03-11 13:54:20,800 - root - INFO - Token Token-148 completed task 'Monthly' at 2025-03-13 09:36:42.443483.
2025-03-11 13:54:20,800 - root - INFO - Next nodes for Monthly: ['Review AM using Asset Change Tracker (5.5.13.1)']
2025-03-11 13:54:20,800 - root - INFO - Scheduling direct next node Review AM using Asset Change Tracker (5.5.13.1)
2025-03-11 13:54:20,801 - root - INFO - Token Token-148 waiting for resource 'Tech' at 2025-03-13 09:36:42.443483
2025-03-11 13:54:20,801 - root - INFO - Token Token-149 started task 'Monthly' at 2025-03-13 09:42:59.522884, scheduled to end at 2025-03-13 09:42:59.522884 (processing time: 0.00 min)
2025-03-11 13:54:20,801 - root - INFO - Processing end event: Token Token-149 at node Monthly (Unknown)
2025-03-11 13:54:20,802 - root - INFO - Token Token-149 completed task 'Monthly' at 2025-03-13 09:42:59.522884.
2025-03-11 13:54:20,802 - root - INFO - Next nodes for Monthly: ['Review AM using Asset Change Tracker (5.5.13.1)']
2025-03-11 13:54:20,803 - root - INFO - Scheduling direct next node Review AM using Asset Change Tracker (5.5.13.1)
2025-03-11 13:54:20,804 - root - INFO - Token Token-149 waiting for resource 'Tech' at 2025-03-13 09:42:59.522884
2025-03-11 13:54:20,805 - root - INFO - Token Token-150 started task 'Monthly' at 2025-03-13 09:47:50.287100, scheduled to end at 2025-03-13 09:47:50.287100 (processing time: 0.00 min)
2025-03-11 13:54:20,805 - root - INFO - Processing end event: Token Token-150 at node Monthly (Unknown)
2025-03-11 13:54:20,806 - root - INFO - Token Token-150 completed task 'Monthly' at 2025-03-13 09:47:50.287100.
2025-03-11 13:54:20,806 - root - INFO - Next nodes for Monthly: ['Review AM using Asset Change Tracker (5.5.13.1)']
2025-03-11 13:54:20,806 - root - INFO - Scheduling direct next node Review AM using Asset Change Tracker (5.5.13.1)
2025-03-11 13:54:20,806 - root - INFO - Token Token-150 waiting for resource 'Tech' at 2025-03-13 09:47:50.287100
2025-03-11 13:54:20,806 - root - INFO - Token Token-151 started task 'Monthly' at 2025-03-13 09:53:56.269557, scheduled to end at 2025-03-13 09:53:56.269557 (processing time: 0.00 min)
2025-03-11 13:54:20,806 - root - INFO - Processing end event: Token Token-151 at node Monthly (Unknown)
2025-03-11 13:54:20,806 - root - INFO - Token Token-151 completed task 'Monthly' at 2025-03-13 09:53:56.269557.
2025-03-11 13:54:20,806 - root - INFO - Next nodes for Monthly: ['Review AM using Asset Change Tracker (5.5.13.1)']
2025-03-11 13:54:20,806 - root - INFO - Scheduling direct next node Review AM using Asset Change Tracker (5.5.13.1)
2025-03-11 13:54:20,806 - root - INFO - Token Token-151 waiting for resource 'Tech' at 2025-03-13 09:53:56.269557
2025-03-11 13:54:20,806 - root - INFO - Token Token-152 started task 'Monthly' at 2025-03-13 09:58:53.941743, scheduled to end at 2025-03-13 09:58:53.941743 (processing time: 0.00 min)
2025-03-11 13:54:20,806 - root - INFO - Processing end event: Token Token-152 at node Monthly (Unknown)
2025-03-11 13:54:20,806 - root - INFO - Token Token-152 completed task 'Monthly' at 2025-03-13 09:58:53.941743.
2025-03-11 13:54:20,806 - root - INFO - Next nodes for Monthly: ['Review AM using Asset Change Tracker (5.5.13.1)']
2025-03-11 13:54:20,806 - root - INFO - Scheduling direct next node Review AM using Asset Change Tracker (5.5.13.1)
2025-03-11 13:54:20,806 - root - INFO - Token Token-152 waiting for resource 'Tech' at 2025-03-13 09:58:53.941743
2025-03-11 13:54:20,806 - root - INFO - Token Token-153 started task 'Monthly' at 2025-03-13 10:05:10.167020, scheduled to end at 2025-03-13 10:05:10.167020 (processing time: 0.00 min)
2025-03-11 13:54:20,806 - root - INFO - Processing end event: Token Token-153 at node Monthly (Unknown)
2025-03-11 13:54:20,806 - root - INFO - Token Token-153 completed task 'Monthly' at 2025-03-13 10:05:10.167020.
2025-03-11 13:54:20,806 - root - INFO - Next nodes for Monthly: ['Review AM using Asset Change Tracker (5.5.13.1)']
2025-03-11 13:54:20,806 - root - INFO - Scheduling direct next node Review AM using Asset Change Tracker (5.5.13.1)
2025-03-11 13:54:20,806 - root - INFO - Token Token-153 waiting for resource 'Tech' at 2025-03-13 10:05:10.167020
2025-03-11 13:54:20,806 - root - INFO - Token Token-154 started task 'Monthly' at 2025-03-13 10:10:06.289914, scheduled to end at 2025-03-13 10:10:06.289914 (processing time: 0.00 min)
2025-03-11 13:54:20,806 - root - INFO - Processing end event: Token Token-154 at node Monthly (Unknown)
2025-03-11 13:54:20,806 - root - INFO - Token Token-154 completed task 'Monthly' at 2025-03-13 10:10:06.289914.
2025-03-11 13:54:20,806 - root - INFO - Next nodes for Monthly: ['Review AM using Asset Change Tracker (5.5.13.1)']
2025-03-11 13:54:20,806 - root - INFO - Scheduling direct next node Review AM using Asset Change Tracker (5.5.13.1)
2025-03-11 13:54:20,806 - root - INFO - Token Token-154 waiting for resource 'Tech' at 2025-03-13 10:10:06.289914
2025-03-11 13:54:20,806 - root - INFO - Token Token-155 started task 'Monthly' at 2025-03-13 10:14:40.492914, scheduled to end at 2025-03-13 10:14:40.492914 (processing time: 0.00 min)
2025-03-11 13:54:20,813 - root - INFO - Processing end event: Token Token-155 at node Monthly (Unknown)
2025-03-11 13:54:20,813 - root - INFO - Token Token-155 completed task 'Monthly' at 2025-03-13 10:14:40.492914.
2025-03-11 13:54:20,814 - root - INFO - Next nodes for Monthly: ['Review AM using Asset Change Tracker (5.5.13.1)']
2025-03-11 13:54:20,814 - root - INFO - Scheduling direct next node Review AM using Asset Change Tracker (5.5.13.1)
2025-03-11 13:54:20,814 - root - INFO - Token Token-155 waiting for resource 'Tech' at 2025-03-13 10:14:40.492914
2025-03-11 13:54:20,814 - root - INFO - Token Token-156 started task 'Monthly' at 2025-03-13 10:21:02.020130, scheduled to end at 2025-03-13 10:21:02.020130 (processing time: 0.00 min)
2025-03-11 13:54:20,814 - root - INFO - Processing end event: Token Token-156 at node Monthly (Unknown)
2025-03-11 13:54:20,814 - root - INFO - Token Token-156 completed task 'Monthly' at 2025-03-13 10:21:02.020130.
2025-03-11 13:54:20,814 - root - INFO - Next nodes for Monthly: ['Review AM using Asset Change Tracker (5.5.13.1)']
2025-03-11 13:54:20,814 - root - INFO - Scheduling direct next node Review AM using Asset Change Tracker (5.5.13.1)
2025-03-11 13:54:20,814 - root - INFO - Token Token-156 waiting for resource 'Tech' at 2025-03-13 10:21:02.020130
2025-03-11 13:54:20,814 - root - INFO - Token Token-157 started task 'Monthly' at 2025-03-13 10:27:25.121794, scheduled to end at 2025-03-13 10:27:25.121794 (processing time: 0.00 min)
2025-03-11 13:54:20,814 - root - INFO - Processing end event: Token Token-157 at node Monthly (Unknown)
2025-03-11 13:54:20,814 - root - INFO - Token Token-157 completed task 'Monthly' at 2025-03-13 10:27:25.121794.
2025-03-11 13:54:20,814 - root - INFO - Next nodes for Monthly: ['Review AM using Asset Change Tracker (5.5.13.1)']
2025-03-11 13:54:20,814 - root - INFO - Scheduling direct next node Review AM using Asset Change Tracker (5.5.13.1)
2025-03-11 13:54:20,814 - root - INFO - Token Token-157 waiting for resource 'Tech' at 2025-03-13 10:27:25.121794
2025-03-11 13:54:20,814 - root - INFO - Token Token-158 started task 'Monthly' at 2025-03-13 10:33:44.097708, scheduled to end at 2025-03-13 10:33:44.097708 (processing time: 0.00 min)
2025-03-11 13:54:20,814 - root - INFO - Processing end event: Token Token-158 at node Monthly (Unknown)
2025-03-11 13:54:20,814 - root - INFO - Token Token-158 completed task 'Monthly' at 2025-03-13 10:33:44.097708.
2025-03-11 13:54:20,814 - root - INFO - Next nodes for Monthly: ['Review AM using Asset Change Tracker (5.5.13.1)']
2025-03-11 13:54:20,814 - root - INFO - Scheduling direct next node Review AM using Asset Change Tracker (5.5.13.1)
2025-03-11 13:54:20,822 - root - INFO - Token Token-158 waiting for resource 'Tech' at 2025-03-13 10:33:44.097708
2025-03-11 13:54:20,823 - root - INFO - Token Token-159 started task 'Monthly' at 2025-03-13 10:38:31.477494, scheduled to end at 2025-03-13 10:38:31.477494 (processing time: 0.00 min)
2025-03-11 13:54:20,823 - root - INFO - Processing end event: Token Token-159 at node Monthly (Unknown)
2025-03-11 13:54:20,823 - root - INFO - Token Token-159 completed task 'Monthly' at 2025-03-13 10:38:31.477494.
2025-03-11 13:54:20,824 - root - INFO - Next nodes for Monthly: ['Review AM using Asset Change Tracker (5.5.13.1)']
2025-03-11 13:54:20,824 - root - INFO - Scheduling direct next node Review AM using Asset Change Tracker (5.5.13.1)
2025-03-11 13:54:20,824 - root - INFO - Token Token-159 waiting for resource 'Tech' at 2025-03-13 10:38:31.477494
2025-03-11 13:54:20,825 - root - INFO - Token Token-160 started task 'Monthly' at 2025-03-13 10:44:35.371378, scheduled to end at 2025-03-13 10:44:35.371378 (processing time: 0.00 min)
2025-03-11 13:54:20,825 - root - INFO - Processing end event: Token Token-160 at node Monthly (Unknown)
2025-03-11 13:54:20,826 - root - INFO - Token Token-160 completed task 'Monthly' at 2025-03-13 10:44:35.371378.
2025-03-11 13:54:20,826 - root - INFO - Next nodes for Monthly: ['Review AM using Asset Change Tracker (5.5.13.1)']
2025-03-11 13:54:20,826 - root - INFO - Scheduling direct next node Review AM using Asset Change Tracker (5.5.13.1)
2025-03-11 13:54:20,827 - root - INFO - Token Token-160 waiting for resource 'Tech' at 2025-03-13 10:44:35.371378
2025-03-11 13:54:20,828 - root - INFO - Token Token-161 started task 'Monthly' at 2025-03-13 10:50:32.056013, scheduled to end at 2025-03-13 10:50:32.056013 (processing time: 0.00 min)
2025-03-11 13:54:20,829 - root - INFO - Processing end event: Token Token-161 at node Monthly (Unknown)
2025-03-11 13:54:20,830 - root - INFO - Token Token-161 completed task 'Monthly' at 2025-03-13 10:50:32.056013.
2025-03-11 13:54:20,851 - root - INFO - Next nodes for Monthly: ['Review AM using Asset Change Tracker (5.5.13.1)']
2025-03-11 13:54:20,852 - root - INFO - Scheduling direct next node Review AM using Asset Change Tracker (5.5.13.1)
2025-03-11 13:54:20,852 - root - INFO - Token Token-161 waiting for resource 'Tech' at 2025-03-13 10:50:32.056013
2025-03-11 13:54:20,854 - root - INFO - Token Token-162 started task 'Monthly' at 2025-03-13 10:56:12.551124, scheduled to end at 2025-03-13 10:56:12.551124 (processing time: 0.00 min)
2025-03-11 13:54:20,854 - root - INFO - Processing end event: Token Token-162 at node Monthly (Unknown)
2025-03-11 13:54:20,854 - root - INFO - Token Token-162 completed task 'Monthly' at 2025-03-13 10:56:12.551124.
2025-03-11 13:54:20,855 - root - INFO - Next nodes for Monthly: ['Review AM using Asset Change Tracker (5.5.13.1)']
2025-03-11 13:54:20,855 - root - INFO - Scheduling direct next node Review AM using Asset Change Tracker (5.5.13.1)
2025-03-11 13:54:20,855 - root - INFO - Token Token-162 waiting for resource 'Tech' at 2025-03-13 10:56:12.551124
2025-03-11 13:54:20,855 - root - INFO - Token Token-163 started task 'Monthly' at 2025-03-13 11:02:23.457875, scheduled to end at 2025-03-13 11:02:23.457875 (processing time: 0.00 min)
2025-03-11 13:54:20,855 - root - INFO - Processing end event: Token Token-163 at node Monthly (Unknown)
2025-03-11 13:54:20,855 - root - INFO - Token Token-163 completed task 'Monthly' at 2025-03-13 11:02:23.457875.
2025-03-11 13:54:20,855 - root - INFO - Next nodes for Monthly: ['Review AM using Asset Change Tracker (5.5.13.1)']
2025-03-11 13:54:20,855 - root - INFO - Scheduling direct next node Review AM using Asset Change Tracker (5.5.13.1)
2025-03-11 13:54:20,855 - root - INFO - Token Token-163 waiting for resource 'Tech' at 2025-03-13 11:02:23.457875
2025-03-11 13:54:20,855 - root - INFO - Token Token-164 started task 'Monthly' at 2025-03-13 11:08:06.281761, scheduled to end at 2025-03-13 11:08:06.281761 (processing time: 0.00 min)
2025-03-11 13:54:20,855 - root - INFO - Processing end event: Token Token-164 at node Monthly (Unknown)
2025-03-11 13:54:20,855 - root - INFO - Token Token-164 completed task 'Monthly' at 2025-03-13 11:08:06.281761.
2025-03-11 13:54:20,855 - root - INFO - Next nodes for Monthly: ['Review AM using Asset Change Tracker (5.5.13.1)']
2025-03-11 13:54:20,855 - root - INFO - Scheduling direct next node Review AM using Asset Change Tracker (5.5.13.1)
2025-03-11 13:54:20,855 - root - INFO - Token Token-164 waiting for resource 'Tech' at 2025-03-13 11:08:06.281761
2025-03-11 13:54:20,855 - root - INFO - Token Token-165 started task 'Monthly' at 2025-03-13 11:13:39.130395, scheduled to end at 2025-03-13 11:13:39.130395 (processing time: 0.00 min)
2025-03-11 13:54:20,855 - root - INFO - Processing end event: Token Token-165 at node Monthly (Unknown)
2025-03-11 13:54:20,855 - root - INFO - Token Token-165 completed task 'Monthly' at 2025-03-13 11:13:39.130395.
2025-03-11 13:54:20,855 - root - INFO - Next nodes for Monthly: ['Review AM using Asset Change Tracker (5.5.13.1)']
2025-03-11 13:54:20,855 - root - INFO - Scheduling direct next node Review AM using Asset Change Tracker (5.5.13.1)
2025-03-11 13:54:20,855 - root - INFO - Token Token-165 waiting for resource 'Tech' at 2025-03-13 11:13:39.130395
2025-03-11 13:54:20,855 - root - INFO - Token Token-166 started task 'Monthly' at 2025-03-13 11:19:49.305690, scheduled to end at 2025-03-13 11:19:49.305690 (processing time: 0.00 min)
2025-03-11 13:54:20,860 - root - INFO - Processing end event: Token Token-166 at node Monthly (Unknown)
2025-03-11 13:54:20,860 - root - INFO - Token Token-166 completed task 'Monthly' at 2025-03-13 11:19:49.305690.
2025-03-11 13:54:20,861 - root - INFO - Next nodes for Monthly: ['Review AM using Asset Change Tracker (5.5.13.1)']
2025-03-11 13:54:20,861 - root - INFO - Scheduling direct next node Review AM using Asset Change Tracker (5.5.13.1)
2025-03-11 13:54:20,861 - root - INFO - Token Token-166 waiting for resource 'Tech' at 2025-03-13 11:19:49.305690
2025-03-11 13:54:20,861 - root - INFO - Token Token-167 started task 'Monthly' at 2025-03-13 11:26:09.159005, scheduled to end at 2025-03-13 11:26:09.159005 (processing time: 0.00 min)
2025-03-11 13:54:20,862 - root - INFO - Processing end event: Token Token-167 at node Monthly (Unknown)
2025-03-11 13:54:20,862 - root - INFO - Token Token-167 completed task 'Monthly' at 2025-03-13 11:26:09.159005.
2025-03-11 13:54:20,862 - root - INFO - Next nodes for Monthly: ['Review AM using Asset Change Tracker (5.5.13.1)']
2025-03-11 13:54:20,862 - root - INFO - Scheduling direct next node Review AM using Asset Change Tracker (5.5.13.1)
2025-03-11 13:54:20,862 - root - INFO - Token Token-167 waiting for resource 'Tech' at 2025-03-13 11:26:09.159005
2025-03-11 13:54:20,863 - root - INFO - Token Token-168 started task 'Monthly' at 2025-03-13 11:31:19.233041, scheduled to end at 2025-03-13 11:31:19.233041 (processing time: 0.00 min)
2025-03-11 13:54:20,863 - root - INFO - Processing end event: Token Token-168 at node Monthly (Unknown)
2025-03-11 13:54:20,863 - root - INFO - Token Token-168 completed task 'Monthly' at 2025-03-13 11:31:19.233041.
2025-03-11 13:54:20,863 - root - INFO - Next nodes for Monthly: ['Review AM using Asset Change Tracker (5.5.13.1)']
2025-03-11 13:54:20,864 - root - INFO - Scheduling direct next node Review AM using Asset Change Tracker (5.5.13.1)
2025-03-11 13:54:20,864 - root - INFO - Token Token-168 waiting for resource 'Tech' at 2025-03-13 11:31:19.233041
2025-03-11 13:54:20,864 - root - INFO - Token Token-169 started task 'Monthly' at 2025-03-13 11:36:40.902136, scheduled to end at 2025-03-13 11:36:40.902136 (processing time: 0.00 min)
2025-03-11 13:54:20,864 - root - INFO - Processing end event: Token Token-169 at node Monthly (Unknown)
2025-03-11 13:54:20,865 - root - INFO - Token Token-169 completed task 'Monthly' at 2025-03-13 11:36:40.902136.
2025-03-11 13:54:20,865 - root - INFO - Next nodes for Monthly: ['Review AM using Asset Change Tracker (5.5.13.1)']
2025-03-11 13:54:20,865 - root - INFO - Scheduling direct next node Review AM using Asset Change Tracker (5.5.13.1)
2025-03-11 13:54:20,865 - root - INFO - Token Token-169 waiting for resource 'Tech' at 2025-03-13 11:36:40.902136
2025-03-11 13:54:20,866 - root - INFO - Token Token-170 started task 'Monthly' at 2025-03-13 11:42:36.095772, scheduled to end at 2025-03-13 11:42:36.095772 (processing time: 0.00 min)
2025-03-11 13:54:20,866 - root - INFO - Processing end event: Token Token-170 at node Monthly (Unknown)
2025-03-11 13:54:20,866 - root - INFO - Token Token-170 completed task 'Monthly' at 2025-03-13 11:42:36.095772.
2025-03-11 13:54:20,866 - root - INFO - Next nodes for Monthly: ['Review AM using Asset Change Tracker (5.5.13.1)']
2025-03-11 13:54:20,866 - root - INFO - Scheduling direct next node Review AM using Asset Change Tracker (5.5.13.1)
2025-03-11 13:54:20,867 - root - INFO - Token Token-170 waiting for resource 'Tech' at 2025-03-13 11:42:36.095772
2025-03-11 13:54:20,867 - root - INFO - Token Token-171 started task 'Monthly' at 2025-03-13 11:47:12.524157, scheduled to end at 2025-03-13 11:47:12.524157 (processing time: 0.00 min)
2025-03-11 13:54:20,867 - root - INFO - Processing end event: Token Token-171 at node Monthly (Unknown)
2025-03-11 13:54:20,867 - root - INFO - Token Token-171 completed task 'Monthly' at 2025-03-13 11:47:12.524157.
2025-03-11 13:54:20,868 - root - INFO - Next nodes for Monthly: ['Review AM using Asset Change Tracker (5.5.13.1)']
2025-03-11 13:54:20,868 - root - INFO - Scheduling direct next node Review AM using Asset Change Tracker (5.5.13.1)
2025-03-11 13:54:20,868 - root - INFO - Token Token-171 waiting for resource 'Tech' at 2025-03-13 11:47:12.524157
2025-03-11 13:54:20,868 - root - INFO - Token Token-172 started task 'Monthly' at 2025-03-13 11:52:44.748439, scheduled to end at 2025-03-13 11:52:44.748439 (processing time: 0.00 min)
2025-03-11 13:54:20,869 - root - INFO - Processing end event: Token Token-172 at node Monthly (Unknown)
2025-03-11 13:54:20,869 - root - INFO - Token Token-172 completed task 'Monthly' at 2025-03-13 11:52:44.748439.
2025-03-11 13:54:20,869 - root - INFO - Next nodes for Monthly: ['Review AM using Asset Change Tracker (5.5.13.1)']
2025-03-11 13:54:20,869 - root - INFO - Scheduling direct next node Review AM using Asset Change Tracker (5.5.13.1)
2025-03-11 13:54:20,869 - root - INFO - Token Token-172 waiting for resource 'Tech' at 2025-03-13 11:52:44.748439
2025-03-11 13:54:20,870 - root - INFO - Token Token-173 started task 'Monthly' at 2025-03-13 11:57:06.366113, scheduled to end at 2025-03-13 11:57:06.366113 (processing time: 0.00 min)
2025-03-11 13:54:20,870 - root - INFO - Processing end event: Token Token-173 at node Monthly (Unknown)
2025-03-11 13:54:20,870 - root - INFO - Token Token-173 completed task 'Monthly' at 2025-03-13 11:57:06.366113.
2025-03-11 13:54:20,870 - root - INFO - Next nodes for Monthly: ['Review AM using Asset Change Tracker (5.5.13.1)']
2025-03-11 13:54:20,870 - root - INFO - Scheduling direct next node Review AM using Asset Change Tracker (5.5.13.1)
2025-03-11 13:54:20,871 - root - INFO - Token Token-173 waiting for resource 'Tech' at 2025-03-13 11:57:06.366113
2025-03-11 13:54:20,871 - root - INFO - Token Token-174 started task 'Monthly' at 2025-03-13 12:01:46.315857, scheduled to end at 2025-03-13 12:01:46.315857 (processing time: 0.00 min)
2025-03-11 13:54:20,871 - root - INFO - Processing end event: Token Token-174 at node Monthly (Unknown)
2025-03-11 13:54:20,871 - root - INFO - Token Token-174 completed task 'Monthly' at 2025-03-13 12:01:46.315857.
2025-03-11 13:54:20,871 - root - INFO - Next nodes for Monthly: ['Review AM using Asset Change Tracker (5.5.13.1)']
2025-03-11 13:54:20,872 - root - INFO - Scheduling direct next node Review AM using Asset Change Tracker (5.5.13.1)
2025-03-11 13:54:20,872 - root - INFO - Token Token-174 waiting for resource 'Tech' at 2025-03-13 12:01:46.315857
2025-03-11 13:54:20,872 - root - INFO - Token Token-175 started task 'Monthly' at 2025-03-13 12:07:06.397669, scheduled to end at 2025-03-13 12:07:06.397669 (processing time: 0.00 min)
2025-03-11 13:54:20,875 - root - INFO - Processing end event: Token Token-175 at node Monthly (Unknown)
2025-03-11 13:54:20,875 - root - INFO - Token Token-175 completed task 'Monthly' at 2025-03-13 12:07:06.397669.
2025-03-11 13:54:20,875 - root - INFO - Next nodes for Monthly: ['Review AM using Asset Change Tracker (5.5.13.1)']
2025-03-11 13:54:20,876 - root - INFO - Scheduling direct next node Review AM using Asset Change Tracker (5.5.13.1)
2025-03-11 13:54:20,876 - root - INFO - Token Token-175 waiting for resource 'Tech' at 2025-03-13 12:07:06.397669
2025-03-11 13:54:20,876 - root - INFO - Token Token-176 started task 'Monthly' at 2025-03-13 12:12:02.467855, scheduled to end at 2025-03-13 12:12:02.467855 (processing time: 0.00 min)
2025-03-11 13:54:20,877 - root - INFO - Processing end event: Token Token-176 at node Monthly (Unknown)
2025-03-11 13:54:20,879 - root - INFO - Token Token-176 completed task 'Monthly' at 2025-03-13 12:12:02.467855.
2025-03-11 13:54:20,880 - root - INFO - Next nodes for Monthly: ['Review AM using Asset Change Tracker (5.5.13.1)']
2025-03-11 13:54:20,901 - root - INFO - Scheduling direct next node Review AM using Asset Change Tracker (5.5.13.1)
2025-03-11 13:54:20,901 - root - INFO - Token Token-176 waiting for resource 'Tech' at 2025-03-13 12:12:02.467855
2025-03-11 13:54:20,902 - root - INFO - Token Token-177 started task 'Monthly' at 2025-03-13 12:18:10.786875, scheduled to end at 2025-03-13 12:18:10.786875 (processing time: 0.00 min)
2025-03-11 13:54:20,902 - root - INFO - Processing end event: Token Token-177 at node Monthly (Unknown)
2025-03-11 13:54:20,903 - root - INFO - Token Token-177 completed task 'Monthly' at 2025-03-13 12:18:10.786875.
2025-03-11 13:54:20,903 - root - INFO - Next nodes for Monthly: ['Review AM using Asset Change Tracker (5.5.13.1)']
2025-03-11 13:54:20,903 - root - INFO - Scheduling direct next node Review AM using Asset Change Tracker (5.5.13.1)
2025-03-11 13:54:20,904 - root - INFO - Token Token-177 waiting for resource 'Tech' at 2025-03-13 12:18:10.786875
2025-03-11 13:54:20,904 - root - INFO - Token Token-178 started task 'Monthly' at 2025-03-13 12:24:29.440766, scheduled to end at 2025-03-13 12:24:29.440766 (processing time: 0.00 min)
2025-03-11 13:54:20,905 - root - INFO - Processing end event: Token Token-178 at node Monthly (Unknown)
2025-03-11 13:54:20,905 - root - INFO - Token Token-178 completed task 'Monthly' at 2025-03-13 12:24:29.440766.
2025-03-11 13:54:20,906 - root - INFO - Next nodes for Monthly: ['Review AM using Asset Change Tracker (5.5.13.1)']
2025-03-11 13:54:20,906 - root - INFO - Scheduling direct next node Review AM using Asset Change Tracker (5.5.13.1)
2025-03-11 13:54:20,906 - root - INFO - Token Token-178 waiting for resource 'Tech' at 2025-03-13 12:24:29.440766
2025-03-11 13:54:20,908 - root - INFO - Token Token-179 started task 'Monthly' at 2025-03-13 12:29:29.907549, scheduled to end at 2025-03-13 12:29:29.907549 (processing time: 0.00 min)
2025-03-11 13:54:20,908 - root - INFO - Processing end event: Token Token-179 at node Monthly (Unknown)
2025-03-11 13:54:20,909 - root - INFO - Token Token-179 completed task 'Monthly' at 2025-03-13 12:29:29.907549.
2025-03-11 13:54:20,909 - root - INFO - Next nodes for Monthly: ['Review AM using Asset Change Tracker (5.5.13.1)']
2025-03-11 13:54:20,909 - root - INFO - Scheduling direct next node Review AM using Asset Change Tracker (5.5.13.1)
2025-03-11 13:54:20,909 - root - INFO - Token Token-179 waiting for resource 'Tech' at 2025-03-13 12:29:29.907549
2025-03-11 13:54:20,910 - root - INFO - Token Token-180 started task 'Monthly' at 2025-03-13 12:35:11.408856, scheduled to end at 2025-03-13 12:35:11.408856 (processing time: 0.00 min)
2025-03-11 13:54:20,911 - root - INFO - Processing end event: Token Token-180 at node Monthly (Unknown)
2025-03-11 13:54:20,911 - root - INFO - Token Token-180 completed task 'Monthly' at 2025-03-13 12:35:11.408856.
2025-03-11 13:54:20,911 - root - INFO - Next nodes for Monthly: ['Review AM using Asset Change Tracker (5.5.13.1)']
2025-03-11 13:54:20,911 - root - INFO - Scheduling direct next node Review AM using Asset Change Tracker (5.5.13.1)
2025-03-11 13:54:20,911 - root - INFO - Token Token-180 waiting for resource 'Tech' at 2025-03-13 12:35:11.408856
2025-03-11 13:54:20,911 - root - INFO - Token Token-181 started task 'Monthly' at 2025-03-13 12:41:25.268408, scheduled to end at 2025-03-13 12:41:25.268408 (processing time: 0.00 min)
2025-03-11 13:54:20,911 - root - INFO - Processing end event: Token Token-181 at node Monthly (Unknown)
2025-03-11 13:54:20,911 - root - INFO - Token Token-181 completed task 'Monthly' at 2025-03-13 12:41:25.268408.
2025-03-11 13:54:20,913 - root - INFO - Next nodes for Monthly: ['Review AM using Asset Change Tracker (5.5.13.1)']
2025-03-11 13:54:20,913 - root - INFO - Scheduling direct next node Review AM using Asset Change Tracker (5.5.13.1)
2025-03-11 13:54:20,913 - root - INFO - Token Token-181 waiting for resource 'Tech' at 2025-03-13 12:41:25.268408
2025-03-11 13:54:20,913 - root - INFO - Token Token-182 started task 'Monthly' at 2025-03-13 12:46:25.112201, scheduled to end at 2025-03-13 12:46:25.112201 (processing time: 0.00 min)
2025-03-11 13:54:20,913 - root - INFO - Processing end event: Token Token-182 at node Monthly (Unknown)
2025-03-11 13:54:20,913 - root - INFO - Token Token-182 completed task 'Monthly' at 2025-03-13 12:46:25.112201.
2025-03-11 13:54:20,914 - root - INFO - Next nodes for Monthly: ['Review AM using Asset Change Tracker (5.5.13.1)']
2025-03-11 13:54:20,914 - root - INFO - Scheduling direct next node Review AM using Asset Change Tracker (5.5.13.1)
2025-03-11 13:54:20,914 - root - INFO - Token Token-182 waiting for resource 'Tech' at 2025-03-13 12:46:25.112201
2025-03-11 13:54:20,915 - root - INFO - Token Token-183 started task 'Monthly' at 2025-03-13 12:51:13.932781, scheduled to end at 2025-03-13 12:51:13.932781 (processing time: 0.00 min)
2025-03-11 13:54:20,915 - root - INFO - Processing end event: Token Token-183 at node Monthly (Unknown)
2025-03-11 13:54:20,915 - root - INFO - Token Token-183 completed task 'Monthly' at 2025-03-13 12:51:13.932781.
2025-03-11 13:54:20,915 - root - INFO - Next nodes for Monthly: ['Review AM using Asset Change Tracker (5.5.13.1)']
2025-03-11 13:54:20,916 - root - INFO - Scheduling direct next node Review AM using Asset Change Tracker (5.5.13.1)
2025-03-11 13:54:20,916 - root - INFO - Token Token-183 waiting for resource 'Tech' at 2025-03-13 12:51:13.932781
2025-03-11 13:54:20,916 - root - INFO - Token Token-184 started task 'Monthly' at 2025-03-13 12:57:35.494326, scheduled to end at 2025-03-13 12:57:35.494326 (processing time: 0.00 min)
2025-03-11 13:54:20,916 - root - INFO - Processing end event: Token Token-184 at node Monthly (Unknown)
2025-03-11 13:54:20,917 - root - INFO - Token Token-184 completed task 'Monthly' at 2025-03-13 12:57:35.494326.
2025-03-11 13:54:20,917 - root - INFO - Next nodes for Monthly: ['Review AM using Asset Change Tracker (5.5.13.1)']
2025-03-11 13:54:20,917 - root - INFO - Scheduling direct next node Review AM using Asset Change Tracker (5.5.13.1)
2025-03-11 13:54:20,917 - root - INFO - Token Token-184 waiting for resource 'Tech' at 2025-03-13 12:57:35.494326
2025-03-11 13:54:20,917 - root - INFO - Token Token-185 started task 'Monthly' at 2025-03-13 13:02:53.369674, scheduled to end at 2025-03-13 13:02:53.369674 (processing time: 0.00 min)
2025-03-11 13:54:20,918 - root - INFO - Processing end event: Token Token-185 at node Monthly (Unknown)
2025-03-11 13:54:20,918 - root - INFO - Token Token-185 completed task 'Monthly' at 2025-03-13 13:02:53.369674.
2025-03-11 13:54:20,918 - root - INFO - Next nodes for Monthly: ['Review AM using Asset Change Tracker (5.5.13.1)']
2025-03-11 13:54:20,918 - root - INFO - Scheduling direct next node Review AM using Asset Change Tracker (5.5.13.1)
2025-03-11 13:54:20,919 - root - INFO - Token Token-185 waiting for resource 'Tech' at 2025-03-13 13:02:53.369674
2025-03-11 13:54:20,919 - root - INFO - Token Token-186 started task 'Monthly' at 2025-03-13 13:08:32.350700, scheduled to end at 2025-03-13 13:08:32.350700 (processing time: 0.00 min)
2025-03-11 13:54:20,919 - root - INFO - Processing end event: Token Token-186 at node Monthly (Unknown)
2025-03-11 13:54:20,919 - root - INFO - Token Token-186 completed task 'Monthly' at 2025-03-13 13:08:32.350700.
2025-03-11 13:54:20,920 - root - INFO - Next nodes for Monthly: ['Review AM using Asset Change Tracker (5.5.13.1)']
2025-03-11 13:54:20,920 - root - INFO - Scheduling direct next node Review AM using Asset Change Tracker (5.5.13.1)
2025-03-11 13:54:20,921 - root - INFO - Token Token-186 waiting for resource 'Tech' at 2025-03-13 13:08:32.350700
2025-03-11 13:54:20,921 - root - INFO - Token Token-187 started task 'Monthly' at 2025-03-13 13:14:22.168124, scheduled to end at 2025-03-13 13:14:22.168124 (processing time: 0.00 min)
2025-03-11 13:54:20,921 - root - INFO - Processing end event: Token Token-187 at node Monthly (Unknown)
2025-03-11 13:54:20,921 - root - INFO - Token Token-187 completed task 'Monthly' at 2025-03-13 13:14:22.168124.
2025-03-11 13:54:20,922 - root - INFO - Next nodes for Monthly: ['Review AM using Asset Change Tracker (5.5.13.1)']
2025-03-11 13:54:20,922 - root - INFO - Scheduling direct next node Review AM using Asset Change Tracker (5.5.13.1)
2025-03-11 13:54:20,924 - root - INFO - Token Token-187 waiting for resource 'Tech' at 2025-03-13 13:14:22.168124
2025-03-11 13:54:20,925 - root - INFO - Token Token-188 started task 'Monthly' at 2025-03-13 13:19:51.817016, scheduled to end at 2025-03-13 13:19:51.817016 (processing time: 0.00 min)
2025-03-11 13:54:20,925 - root - INFO - Processing end event: Token Token-188 at node Monthly (Unknown)
2025-03-11 13:54:20,925 - root - INFO - Token Token-188 completed task 'Monthly' at 2025-03-13 13:19:51.817016.
2025-03-11 13:54:20,926 - root - INFO - Next nodes for Monthly: ['Review AM using Asset Change Tracker (5.5.13.1)']
2025-03-11 13:54:20,926 - root - INFO - Scheduling direct next node Review AM using Asset Change Tracker (5.5.13.1)
2025-03-11 13:54:20,926 - root - INFO - Token Token-188 waiting for resource 'Tech' at 2025-03-13 13:19:51.817016
2025-03-11 13:54:20,927 - root - INFO - Token Token-189 started task 'Monthly' at 2025-03-13 13:26:07.976782, scheduled to end at 2025-03-13 13:26:07.976782 (processing time: 0.00 min)
2025-03-11 13:54:20,927 - root - INFO - Processing end event: Token Token-189 at node Monthly (Unknown)
2025-03-11 13:54:20,928 - root - INFO - Token Token-189 completed task 'Monthly' at 2025-03-13 13:26:07.976782.
2025-03-11 13:54:20,928 - root - INFO - Next nodes for Monthly: ['Review AM using Asset Change Tracker (5.5.13.1)']
2025-03-11 13:54:20,928 - root - INFO - Scheduling direct next node Review AM using Asset Change Tracker (5.5.13.1)
2025-03-11 13:54:20,929 - root - INFO - Token Token-189 waiting for resource 'Tech' at 2025-03-13 13:26:07.976782
2025-03-11 13:54:20,929 - root - INFO - Token Token-190 started task 'Monthly' at 2025-03-13 13:32:10.657142, scheduled to end at 2025-03-13 13:32:10.657142 (processing time: 0.00 min)
2025-03-11 13:54:20,930 - root - INFO - Processing end event: Token Token-190 at node Monthly (Unknown)
2025-03-11 13:54:20,930 - root - INFO - Token Token-190 completed task 'Monthly' at 2025-03-13 13:32:10.657142.
2025-03-11 13:54:20,930 - root - INFO - Next nodes for Monthly: ['Review AM using Asset Change Tracker (5.5.13.1)']
2025-03-11 13:54:20,931 - root - INFO - Scheduling direct next node Review AM using Asset Change Tracker (5.5.13.1)
2025-03-11 13:54:20,931 - root - INFO - Token Token-190 waiting for resource 'Tech' at 2025-03-13 13:32:10.657142
2025-03-11 13:54:20,932 - root - INFO - Token Token-191 started task 'Monthly' at 2025-03-13 13:37:08.722503, scheduled to end at 2025-03-13 13:37:08.722503 (processing time: 0.00 min)
2025-03-11 13:54:20,932 - root - INFO - Processing end event: Token Token-191 at node Monthly (Unknown)
2025-03-11 13:54:20,932 - root - INFO - Token Token-191 completed task 'Monthly' at 2025-03-13 13:37:08.722503.
2025-03-11 13:54:20,933 - root - INFO - Next nodes for Monthly: ['Review AM using Asset Change Tracker (5.5.13.1)']
2025-03-11 13:54:20,933 - root - INFO - Scheduling direct next node Review AM using Asset Change Tracker (5.5.13.1)
2025-03-11 13:54:20,933 - root - INFO - Token Token-191 waiting for resource 'Tech' at 2025-03-13 13:37:08.722503
2025-03-11 13:54:20,934 - root - INFO - Token Token-192 started task 'Monthly' at 2025-03-13 13:43:20.248021, scheduled to end at 2025-03-13 13:43:20.248021 (processing time: 0.00 min)
2025-03-11 13:54:20,934 - root - INFO - Processing end event: Token Token-192 at node Monthly (Unknown)
2025-03-11 13:54:20,935 - root - INFO - Token Token-192 completed task 'Monthly' at 2025-03-13 13:43:20.248021.
2025-03-11 13:54:20,935 - root - INFO - Next nodes for Monthly: ['Review AM using Asset Change Tracker (5.5.13.1)']
2025-03-11 13:54:20,936 - root - INFO - Scheduling direct next node Review AM using Asset Change Tracker (5.5.13.1)
2025-03-11 13:54:20,936 - root - INFO - Token Token-192 waiting for resource 'Tech' at 2025-03-13 13:43:20.248021
2025-03-11 13:54:20,936 - root - INFO - Token Token-193 started task 'Monthly' at 2025-03-13 13:48:01.044668, scheduled to end at 2025-03-13 13:48:01.044668 (processing time: 0.00 min)
2025-03-11 13:54:20,937 - root - INFO - Processing end event: Token Token-193 at node Monthly (Unknown)
2025-03-11 13:54:20,937 - root - INFO - Token Token-193 completed task 'Monthly' at 2025-03-13 13:48:01.044668.
2025-03-11 13:54:20,938 - root - INFO - Next nodes for Monthly: ['Review AM using Asset Change Tracker (5.5.13.1)']
2025-03-11 13:54:20,938 - root - INFO - Scheduling direct next node Review AM using Asset Change Tracker (5.5.13.1)
2025-03-11 13:54:20,939 - root - INFO - Token Token-193 waiting for resource 'Tech' at 2025-03-13 13:48:01.044668
2025-03-11 13:54:20,939 - root - INFO - Token Token-194 started task 'Monthly' at 2025-03-13 13:53:13.434079, scheduled to end at 2025-03-13 13:53:13.434079 (processing time: 0.00 min)
2025-03-11 13:54:20,960 - root - INFO - Processing end event: Token Token-194 at node Monthly (Unknown)
2025-03-11 13:54:20,960 - root - INFO - Token Token-194 completed task 'Monthly' at 2025-03-13 13:53:13.434079.
2025-03-11 13:54:20,960 - root - INFO - Next nodes for Monthly: ['Review AM using Asset Change Tracker (5.5.13.1)']
2025-03-11 13:54:20,960 - root - INFO - Scheduling direct next node Review AM using Asset Change Tracker (5.5.13.1)
2025-03-11 13:54:20,960 - root - INFO - Token Token-194 waiting for resource 'Tech' at 2025-03-13 13:53:13.434079
2025-03-11 13:54:20,960 - root - INFO - Token Token-195 started task 'Monthly' at 2025-03-13 13:58:39.719292, scheduled to end at 2025-03-13 13:58:39.719292 (processing time: 0.00 min)
2025-03-11 13:54:20,960 - root - INFO - Processing end event: Token Token-195 at node Monthly (Unknown)
2025-03-11 13:54:20,960 - root - INFO - Token Token-195 completed task 'Monthly' at 2025-03-13 13:58:39.719292.
2025-03-11 13:54:20,960 - root - INFO - Next nodes for Monthly: ['Review AM using Asset Change Tracker (5.5.13.1)']
2025-03-11 13:54:20,960 - root - INFO - Scheduling direct next node Review AM using Asset Change Tracker (5.5.13.1)
2025-03-11 13:54:20,960 - root - INFO - Token Token-195 waiting for resource 'Tech' at 2025-03-13 13:58:39.719292
2025-03-11 13:54:20,965 - root - INFO - Token Token-196 started task 'Monthly' at 2025-03-14 08:00:00, scheduled to end at 2025-03-14 08:00:00 (processing time: 0.00 min)
2025-03-11 13:54:20,965 - root - INFO - Processing end event: Token Token-196 at node Monthly (Unknown)
2025-03-11 13:54:20,966 - root - INFO - Token Token-196 completed task 'Monthly' at 2025-03-14 08:00:00.
2025-03-11 13:54:20,966 - root - INFO - Next nodes for Monthly: ['Review AM using Asset Change Tracker (5.5.13.1)']
2025-03-11 13:54:20,967 - root - INFO - Scheduling direct next node Review AM using Asset Change Tracker (5.5.13.1)
2025-03-11 13:54:20,967 - root - INFO - Token Token-196 waiting for resource 'Tech' at 2025-03-14 08:00:00
2025-03-11 13:54:20,967 - root - INFO - Token Token-197 started task 'Monthly' at 2025-03-14 08:06:09.520833, scheduled to end at 2025-03-14 08:06:09.520833 (processing time: 0.00 min)
2025-03-11 13:54:20,967 - root - INFO - Processing end event: Token Token-197 at node Monthly (Unknown)
2025-03-11 13:54:20,967 - root - INFO - Token Token-197 completed task 'Monthly' at 2025-03-14 08:06:09.520833.
2025-03-11 13:54:20,968 - root - INFO - Next nodes for Monthly: ['Review AM using Asset Change Tracker (5.5.13.1)']
2025-03-11 13:54:20,968 - root - INFO - Scheduling direct next node Review AM using Asset Change Tracker (5.5.13.1)
2025-03-11 13:54:20,968 - root - INFO - Token Token-197 waiting for resource 'Tech' at 2025-03-14 08:06:09.520833
2025-03-11 13:54:20,968 - root - INFO - Token Token-198 started task 'Monthly' at 2025-03-14 08:11:44.864149, scheduled to end at 2025-03-14 08:11:44.864149 (processing time: 0.00 min)
2025-03-11 13:54:20,969 - root - INFO - Processing end event: Token Token-198 at node Monthly (Unknown)
2025-03-11 13:54:20,969 - root - INFO - Token Token-198 completed task 'Monthly' at 2025-03-14 08:11:44.864149.
2025-03-11 13:54:20,969 - root - INFO - Next nodes for Monthly: ['Review AM using Asset Change Tracker (5.5.13.1)']
2025-03-11 13:54:20,970 - root - INFO - Scheduling direct next node Review AM using Asset Change Tracker (5.5.13.1)
2025-03-11 13:54:20,970 - root - INFO - Token Token-198 waiting for resource 'Tech' at 2025-03-14 08:11:44.864149
2025-03-11 13:54:20,971 - root - INFO - Token Token-199 started task 'Monthly' at 2025-03-14 08:18:11.687154, scheduled to end at 2025-03-14 08:18:11.687154 (processing time: 0.00 min)
2025-03-11 13:54:20,971 - root - INFO - Processing end event: Token Token-199 at node Monthly (Unknown)
2025-03-11 13:54:20,971 - root - INFO - Token Token-199 completed task 'Monthly' at 2025-03-14 08:18:11.687154.
2025-03-11 13:54:20,971 - root - INFO - Next nodes for Monthly: ['Review AM using Asset Change Tracker (5.5.13.1)']
2025-03-11 13:54:20,972 - root - INFO - Scheduling direct next node Review AM using Asset Change Tracker (5.5.13.1)
2025-03-11 13:54:20,972 - root - INFO - Token Token-199 waiting for resource 'Tech' at 2025-03-14 08:18:11.687154
2025-03-11 13:54:20,972 - root - INFO - Token Token-200 started task 'Monthly' at 2025-03-14 08:23:31.784429, scheduled to end at 2025-03-14 08:23:31.784429 (processing time: 0.00 min)
2025-03-11 13:54:20,972 - root - INFO - Processing end event: Token Token-200 at node Monthly (Unknown)
2025-03-11 13:54:20,973 - root - INFO - Token Token-200 completed task 'Monthly' at 2025-03-14 08:23:31.784429.
2025-03-11 13:54:20,973 - root - INFO - Next nodes for Monthly: ['Review AM using Asset Change Tracker (5.5.13.1)']
2025-03-11 13:54:20,973 - root - INFO - Scheduling direct next node Review AM using Asset Change Tracker (5.5.13.1)
2025-03-11 13:54:20,973 - root - INFO - Token Token-200 waiting for resource 'Tech' at 2025-03-14 08:23:31.784429
2025-03-11 13:54:20,974 - root - INFO - Token Token-201 started task 'Monthly' at 2025-03-14 08:27:53.643411, scheduled to end at 2025-03-14 08:27:53.643411 (processing time: 0.00 min)
2025-03-11 13:54:20,974 - root - INFO - Processing end event: Token Token-201 at node Monthly (Unknown)
2025-03-11 13:54:20,974 - root - INFO - Token Token-201 completed task 'Monthly' at 2025-03-14 08:27:53.643411.
2025-03-11 13:54:20,974 - root - INFO - Next nodes for Monthly: ['Review AM using Asset Change Tracker (5.5.13.1)']
2025-03-11 13:54:20,974 - root - INFO - Scheduling direct next node Review AM using Asset Change Tracker (5.5.13.1)
2025-03-11 13:54:20,975 - root - INFO - Token Token-201 waiting for resource 'Tech' at 2025-03-14 08:27:53.643411
2025-03-11 13:54:20,975 - root - INFO - Token Token-202 started task 'Monthly' at 2025-03-14 08:33:52.286877, scheduled to end at 2025-03-14 08:33:52.286877 (processing time: 0.00 min)
2025-03-11 13:54:20,975 - root - INFO - Processing end event: Token Token-202 at node Monthly (Unknown)
2025-03-11 13:54:20,976 - root - INFO - Token Token-202 completed task 'Monthly' at 2025-03-14 08:33:52.286877.
2025-03-11 13:54:20,976 - root - INFO - Next nodes for Monthly: ['Review AM using Asset Change Tracker (5.5.13.1)']
2025-03-11 13:54:20,976 - root - INFO - Scheduling direct next node Review AM using Asset Change Tracker (5.5.13.1)
2025-03-11 13:54:20,976 - root - INFO - Token Token-202 waiting for resource 'Tech' at 2025-03-14 08:33:52.286877
2025-03-11 13:54:20,977 - root - INFO - Token Token-203 started task 'Monthly' at 2025-03-14 08:39:26.516836, scheduled to end at 2025-03-14 08:39:26.516836 (processing time: 0.00 min)
2025-03-11 13:54:20,977 - root - INFO - Processing end event: Token Token-203 at node Monthly (Unknown)
2025-03-11 13:54:20,977 - root - INFO - Token Token-203 completed task 'Monthly' at 2025-03-14 08:39:26.516836.
2025-03-11 13:54:20,978 - root - INFO - Next nodes for Monthly: ['Review AM using Asset Change Tracker (5.5.13.1)']
2025-03-11 13:54:20,978 - root - INFO - Scheduling direct next node Review AM using Asset Change Tracker (5.5.13.1)
2025-03-11 13:54:20,978 - root - INFO - Token Token-203 waiting for resource 'Tech' at 2025-03-14 08:39:26.516836
2025-03-11 13:54:20,978 - root - INFO - Token Token-204 started task 'Monthly' at 2025-03-14 08:44:17.647835, scheduled to end at 2025-03-14 08:44:17.647835 (processing time: 0.00 min)
2025-03-11 13:54:20,978 - root - INFO - Processing end event: Token Token-204 at node Monthly (Unknown)
2025-03-11 13:54:20,979 - root - INFO - Token Token-204 completed task 'Monthly' at 2025-03-14 08:44:17.647835.
2025-03-11 13:54:20,979 - root - INFO - Next nodes for Monthly: ['Review AM using Asset Change Tracker (5.5.13.1)']
2025-03-11 13:54:20,979 - root - INFO - Scheduling direct next node Review AM using Asset Change Tracker (5.5.13.1)
2025-03-11 13:54:20,980 - root - INFO - Token Token-204 waiting for resource 'Tech' at 2025-03-14 08:44:17.647835
2025-03-11 13:54:20,980 - root - INFO - Token Token-205 started task 'Monthly' at 2025-03-14 08:49:55.537263, scheduled to end at 2025-03-14 08:49:55.537263 (processing time: 0.00 min)
2025-03-11 13:54:20,980 - root - INFO - Processing end event: Token Token-205 at node Monthly (Unknown)
2025-03-11 13:54:20,981 - root - INFO - Token Token-205 completed task 'Monthly' at 2025-03-14 08:49:55.537263.
2025-03-11 13:54:20,981 - root - INFO - Next nodes for Monthly: ['Review AM using Asset Change Tracker (5.5.13.1)']
2025-03-11 13:54:20,982 - root - INFO - Scheduling direct next node Review AM using Asset Change Tracker (5.5.13.1)
2025-03-11 13:54:20,982 - root - INFO - Token Token-205 waiting for resource 'Tech' at 2025-03-14 08:49:55.537263
2025-03-11 13:54:20,982 - root - INFO - Token Token-206 started task 'Monthly' at 2025-03-14 08:56:02.528033, scheduled to end at 2025-03-14 08:56:02.528033 (processing time: 0.00 min)
2025-03-11 13:54:20,983 - root - INFO - Processing end event: Token Token-206 at node Monthly (Unknown)
2025-03-11 13:54:20,983 - root - INFO - Token Token-206 completed task 'Monthly' at 2025-03-14 08:56:02.528033.
2025-03-11 13:54:20,983 - root - INFO - Next nodes for Monthly: ['Review AM using Asset Change Tracker (5.5.13.1)']
2025-03-11 13:54:20,984 - root - INFO - Scheduling direct next node Review AM using Asset Change Tracker (5.5.13.1)
2025-03-11 13:54:20,984 - root - INFO - Token Token-206 waiting for resource 'Tech' at 2025-03-14 08:56:02.528033
2025-03-11 13:54:20,984 - root - INFO - Token Token-207 started task 'Monthly' at 2025-03-14 09:02:14.765573, scheduled to end at 2025-03-14 09:02:14.765573 (processing time: 0.00 min)
2025-03-11 13:54:20,985 - root - INFO - Processing end event: Token Token-207 at node Monthly (Unknown)
2025-03-11 13:54:20,985 - root - INFO - Token Token-207 completed task 'Monthly' at 2025-03-14 09:02:14.765573.
2025-03-11 13:54:20,986 - root - INFO - Next nodes for Monthly: ['Review AM using Asset Change Tracker (5.5.13.1)']
2025-03-11 13:54:20,986 - root - INFO - Scheduling direct next node Review AM using Asset Change Tracker (5.5.13.1)
2025-03-11 13:54:20,987 - root - INFO - Token Token-207 waiting for resource 'Tech' at 2025-03-14 09:02:14.765573
2025-03-11 13:54:20,987 - root - INFO - Token Token-208 started task 'Monthly' at 2025-03-14 09:07:46.530495, scheduled to end at 2025-03-14 09:07:46.530495 (processing time: 0.00 min)
2025-03-11 13:54:20,987 - root - INFO - Processing end event: Token Token-208 at node Monthly (Unknown)
2025-03-11 13:54:20,988 - root - INFO - Token Token-208 completed task 'Monthly' at 2025-03-14 09:07:46.530495.
2025-03-11 13:54:20,988 - root - INFO - Next nodes for Monthly: ['Review AM using Asset Change Tracker (5.5.13.1)']
2025-03-11 13:54:20,989 - root - INFO - Scheduling direct next node Review AM using Asset Change Tracker (5.5.13.1)
2025-03-11 13:54:20,989 - root - INFO - Token Token-208 waiting for resource 'Tech' at 2025-03-14 09:07:46.530495
2025-03-11 13:54:20,990 - root - INFO - Token Token-209 started task 'Monthly' at 2025-03-14 09:13:57.250775, scheduled to end at 2025-03-14 09:13:57.250775 (processing time: 0.00 min)
2025-03-11 13:54:20,991 - root - INFO - Processing end event: Token Token-209 at node Monthly (Unknown)
2025-03-11 13:54:20,992 - root - INFO - Token Token-209 completed task 'Monthly' at 2025-03-14 09:13:57.250775.
2025-03-11 13:54:21,012 - root - INFO - Next nodes for Monthly: ['Review AM using Asset Change Tracker (5.5.13.1)']
2025-03-11 13:54:21,012 - root - INFO - Scheduling direct next node Review AM using Asset Change Tracker (5.5.13.1)
2025-03-11 13:54:21,013 - root - INFO - Token Token-209 waiting for resource 'Tech' at 2025-03-14 09:13:57.250775
2025-03-11 13:54:21,013 - root - INFO - Token Token-210 started task 'Monthly' at 2025-03-14 09:19:05.706101, scheduled to end at 2025-03-14 09:19:05.706101 (processing time: 0.00 min)
2025-03-11 13:54:21,014 - root - INFO - Processing end event: Token Token-210 at node Monthly (Unknown)
2025-03-11 13:54:21,014 - root - INFO - Token Token-210 completed task 'Monthly' at 2025-03-14 09:19:05.706101.
2025-03-11 13:54:21,014 - root - INFO - Next nodes for Monthly: ['Review AM using Asset Change Tracker (5.5.13.1)']
2025-03-11 13:54:21,015 - root - INFO - Scheduling direct next node Review AM using Asset Change Tracker (5.5.13.1)
2025-03-11 13:54:21,015 - root - INFO - Token Token-210 waiting for resource 'Tech' at 2025-03-14 09:19:05.706101
2025-03-11 13:54:21,016 - root - INFO - Token Token-211 started task 'Monthly' at 2025-03-14 09:24:45.674402, scheduled to end at 2025-03-14 09:24:45.674402 (processing time: 0.00 min)
2025-03-11 13:54:21,016 - root - INFO - Processing end event: Token Token-211 at node Monthly (Unknown)
2025-03-11 13:54:21,017 - root - INFO - Token Token-211 completed task 'Monthly' at 2025-03-14 09:24:45.674402.
2025-03-11 13:54:21,017 - root - INFO - Next nodes for Monthly: ['Review AM using Asset Change Tracker (5.5.13.1)']
2025-03-11 13:54:21,017 - root - INFO - Scheduling direct next node Review AM using Asset Change Tracker (5.5.13.1)
2025-03-11 13:54:21,018 - root - INFO - Token Token-211 waiting for resource 'Tech' at 2025-03-14 09:24:45.674402
2025-03-11 13:54:21,018 - root - INFO - Token Token-212 started task 'Monthly' at 2025-03-14 09:31:06.198093, scheduled to end at 2025-03-14 09:31:06.198093 (processing time: 0.00 min)
2025-03-11 13:54:21,018 - root - INFO - Processing end event: Token Token-212 at node Monthly (Unknown)
2025-03-11 13:54:21,018 - root - INFO - Token Token-212 completed task 'Monthly' at 2025-03-14 09:31:06.198093.
2025-03-11 13:54:21,018 - root - INFO - Next nodes for Monthly: ['Review AM using Asset Change Tracker (5.5.13.1)']
2025-03-11 13:54:21,018 - root - INFO - Scheduling direct next node Review AM using Asset Change Tracker (5.5.13.1)
2025-03-11 13:54:21,018 - root - INFO - Token Token-212 waiting for resource 'Tech' at 2025-03-14 09:31:06.198093
2025-03-11 13:54:21,018 - root - INFO - Token Token-213 started task 'Monthly' at 2025-03-14 09:36:36.762765, scheduled to end at 2025-03-14 09:36:36.762765 (processing time: 0.00 min)
2025-03-11 13:54:21,018 - root - INFO - Processing end event: Token Token-213 at node Monthly (Unknown)
2025-03-11 13:54:21,018 - root - INFO - Token Token-213 completed task 'Monthly' at 2025-03-14 09:36:36.762765.
2025-03-11 13:54:21,018 - root - INFO - Next nodes for Monthly: ['Review AM using Asset Change Tracker (5.5.13.1)']
2025-03-11 13:54:21,018 - root - INFO - Scheduling direct next node Review AM using Asset Change Tracker (5.5.13.1)
2025-03-11 13:54:21,018 - root - INFO - Token Token-213 waiting for resource 'Tech' at 2025-03-14 09:36:36.762765
2025-03-11 13:54:21,018 - root - INFO - Token Token-214 started task 'Monthly' at 2025-03-14 09:42:48.886867, scheduled to end at 2025-03-14 09:42:48.886867 (processing time: 0.00 min)
2025-03-11 13:54:21,018 - root - INFO - Processing end event: Token Token-214 at node Monthly (Unknown)
2025-03-11 13:54:21,018 - root - INFO - Token Token-214 completed task 'Monthly' at 2025-03-14 09:42:48.886867.
2025-03-11 13:54:21,018 - root - INFO - Next nodes for Monthly: ['Review AM using Asset Change Tracker (5.5.13.1)']
2025-03-11 13:54:21,018 - root - INFO - Scheduling direct next node Review AM using Asset Change Tracker (5.5.13.1)
2025-03-11 13:54:21,018 - root - INFO - Token Token-214 waiting for resource 'Tech' at 2025-03-14 09:42:48.886867
2025-03-11 13:54:21,018 - root - INFO - Token Token-215 started task 'Monthly' at 2025-03-14 09:48:41.308796, scheduled to end at 2025-03-14 09:48:41.308796 (processing time: 0.00 min)
2025-03-11 13:54:21,023 - root - INFO - Processing end event: Token Token-215 at node Monthly (Unknown)
2025-03-11 13:54:21,023 - root - INFO - Token Token-215 completed task 'Monthly' at 2025-03-14 09:48:41.308796.
2025-03-11 13:54:21,023 - root - INFO - Next nodes for Monthly: ['Review AM using Asset Change Tracker (5.5.13.1)']
2025-03-11 13:54:21,023 - root - INFO - Scheduling direct next node Review AM using Asset Change Tracker (5.5.13.1)
2025-03-11 13:54:21,024 - root - INFO - Token Token-215 waiting for resource 'Tech' at 2025-03-14 09:48:41.308796
2025-03-11 13:54:21,024 - root - INFO - Token Token-216 started task 'Monthly' at 2025-03-14 09:53:46.191652, scheduled to end at 2025-03-14 09:53:46.191652 (processing time: 0.00 min)
2025-03-11 13:54:21,024 - root - INFO - Processing end event: Token Token-216 at node Monthly (Unknown)
2025-03-11 13:54:21,025 - root - INFO - Token Token-216 completed task 'Monthly' at 2025-03-14 09:53:46.191652.
2025-03-11 13:54:21,025 - root - INFO - Next nodes for Monthly: ['Review AM using Asset Change Tracker (5.5.13.1)']
2025-03-11 13:54:21,025 - root - INFO - Scheduling direct next node Review AM using Asset Change Tracker (5.5.13.1)
2025-03-11 13:54:21,025 - root - INFO - Token Token-216 waiting for resource 'Tech' at 2025-03-14 09:53:46.191652
2025-03-11 13:54:21,026 - root - INFO - Token Token-217 started task 'Monthly' at 2025-03-14 09:59:44.969063, scheduled to end at 2025-03-14 09:59:44.969063 (processing time: 0.00 min)
2025-03-11 13:54:21,026 - root - INFO - Processing end event: Token Token-217 at node Monthly (Unknown)
2025-03-11 13:54:21,026 - root - INFO - Token Token-217 completed task 'Monthly' at 2025-03-14 09:59:44.969063.
2025-03-11 13:54:21,026 - root - INFO - Next nodes for Monthly: ['Review AM using Asset Change Tracker (5.5.13.1)']
2025-03-11 13:54:21,026 - root - INFO - Scheduling direct next node Review AM using Asset Change Tracker (5.5.13.1)
2025-03-11 13:54:21,027 - root - INFO - Token Token-217 waiting for resource 'Tech' at 2025-03-14 09:59:44.969063
2025-03-11 13:54:21,027 - root - INFO - Token Token-218 started task 'Monthly' at 2025-03-14 10:04:18.412658, scheduled to end at 2025-03-14 10:04:18.412658 (processing time: 0.00 min)
2025-03-11 13:54:21,027 - root - INFO - Processing end event: Token Token-218 at node Monthly (Unknown)
2025-03-11 13:54:21,028 - root - INFO - Token Token-218 completed task 'Monthly' at 2025-03-14 10:04:18.412658.
2025-03-11 13:54:21,028 - root - INFO - Next nodes for Monthly: ['Review AM using Asset Change Tracker (5.5.13.1)']
2025-03-11 13:54:21,029 - root - INFO - Scheduling direct next node Review AM using Asset Change Tracker (5.5.13.1)
2025-03-11 13:54:21,029 - root - INFO - Token Token-218 waiting for resource 'Tech' at 2025-03-14 10:04:18.412658
2025-03-11 13:54:21,029 - root - INFO - Token Token-219 started task 'Monthly' at 2025-03-14 10:10:44.653083, scheduled to end at 2025-03-14 10:10:44.653083 (processing time: 0.00 min)
2025-03-11 13:54:21,030 - root - INFO - Processing end event: Token Token-219 at node Monthly (Unknown)
2025-03-11 13:54:21,032 - root - INFO - Token Token-219 completed task 'Monthly' at 2025-03-14 10:10:44.653083.
2025-03-11 13:54:21,032 - root - INFO - Next nodes for Monthly: ['Review AM using Asset Change Tracker (5.5.13.1)']
2025-03-11 13:54:21,033 - root - INFO - Scheduling direct next node Review AM using Asset Change Tracker (5.5.13.1)
2025-03-11 13:54:21,033 - root - INFO - Token Token-219 waiting for resource 'Tech' at 2025-03-14 10:10:44.653083
2025-03-11 13:54:21,034 - root - INFO - Token Token-220 started task 'Monthly' at 2025-03-14 10:16:50.081841, scheduled to end at 2025-03-14 10:16:50.081841 (processing time: 0.00 min)
2025-03-11 13:54:21,034 - root - INFO - Processing end event: Token Token-220 at node Monthly (Unknown)
2025-03-11 13:54:21,034 - root - INFO - Token Token-220 completed task 'Monthly' at 2025-03-14 10:16:50.081841.
2025-03-11 13:54:21,035 - root - INFO - Next nodes for Monthly: ['Review AM using Asset Change Tracker (5.5.13.1)']
2025-03-11 13:54:21,035 - root - INFO - Scheduling direct next node Review AM using Asset Change Tracker (5.5.13.1)
2025-03-11 13:54:21,036 - root - INFO - Token Token-220 waiting for resource 'Tech' at 2025-03-14 10:16:50.081841
2025-03-11 13:54:21,036 - root - INFO - Token Token-221 started task 'Monthly' at 2025-03-14 10:22:05.996045, scheduled to end at 2025-03-14 10:22:05.996045 (processing time: 0.00 min)
2025-03-11 13:54:21,036 - root - INFO - Processing end event: Token Token-221 at node Monthly (Unknown)
2025-03-11 13:54:21,037 - root - INFO - Token Token-221 completed task 'Monthly' at 2025-03-14 10:22:05.996045.
2025-03-11 13:54:21,037 - root - INFO - Next nodes for Monthly: ['Review AM using Asset Change Tracker (5.5.13.1)']
2025-03-11 13:54:21,037 - root - INFO - Scheduling direct next node Review AM using Asset Change Tracker (5.5.13.1)
2025-03-11 13:54:21,038 - root - INFO - Token Token-221 waiting for resource 'Tech' at 2025-03-14 10:22:05.996045
2025-03-11 13:54:21,038 - root - INFO - Token Token-222 started task 'Monthly' at 2025-03-14 10:27:06.366192, scheduled to end at 2025-03-14 10:27:06.366192 (processing time: 0.00 min)
2025-03-11 13:54:21,039 - root - INFO - Processing end event: Token Token-222 at node Monthly (Unknown)
2025-03-11 13:54:21,039 - root - INFO - Token Token-222 completed task 'Monthly' at 2025-03-14 10:27:06.366192.
2025-03-11 13:54:21,039 - root - INFO - Next nodes for Monthly: ['Review AM using Asset Change Tracker (5.5.13.1)']
2025-03-11 13:54:21,040 - root - INFO - Scheduling direct next node Review AM using Asset Change Tracker (5.5.13.1)
2025-03-11 13:54:21,040 - root - INFO - Token Token-222 waiting for resource 'Tech' at 2025-03-14 10:27:06.366192
2025-03-11 13:54:21,040 - root - INFO - Token Token-223 started task 'Monthly' at 2025-03-14 10:33:10.436261, scheduled to end at 2025-03-14 10:33:10.436261 (processing time: 0.00 min)
2025-03-11 13:54:21,041 - root - INFO - Processing end event: Token Token-223 at node Monthly (Unknown)
2025-03-11 13:54:21,041 - root - INFO - Token Token-223 completed task 'Monthly' at 2025-03-14 10:33:10.436261.
2025-03-11 13:54:21,041 - root - INFO - Next nodes for Monthly: ['Review AM using Asset Change Tracker (5.5.13.1)']
2025-03-11 13:54:21,042 - root - INFO - Scheduling direct next node Review AM using Asset Change Tracker (5.5.13.1)
2025-03-11 13:54:21,042 - root - INFO - Token Token-223 waiting for resource 'Tech' at 2025-03-14 10:33:10.436261
2025-03-11 13:54:21,043 - root - INFO - Token Token-224 started task 'Monthly' at 2025-03-14 10:39:00.483710, scheduled to end at 2025-03-14 10:39:00.483710 (processing time: 0.00 min)
2025-03-11 13:54:21,045 - root - INFO - Processing end event: Token Token-224 at node Monthly (Unknown)
2025-03-11 13:54:21,046 - root - INFO - Token Token-224 completed task 'Monthly' at 2025-03-14 10:39:00.483710.
2025-03-11 13:54:21,065 - root - INFO - Next nodes for Monthly: ['Review AM using Asset Change Tracker (5.5.13.1)']
2025-03-11 13:54:21,065 - root - INFO - Scheduling direct next node Review AM using Asset Change Tracker (5.5.13.1)
2025-03-11 13:54:21,065 - root - INFO - Token Token-224 waiting for resource 'Tech' at 2025-03-14 10:39:00.483710
2025-03-11 13:54:21,066 - root - INFO - Token Token-225 started task 'Monthly' at 2025-03-14 10:44:32.701735, scheduled to end at 2025-03-14 10:44:32.701735 (processing time: 0.00 min)
2025-03-11 13:54:21,066 - root - INFO - Processing end event: Token Token-225 at node Monthly (Unknown)
2025-03-11 13:54:21,067 - root - INFO - Token Token-225 completed task 'Monthly' at 2025-03-14 10:44:32.701735.
2025-03-11 13:54:21,067 - root - INFO - Next nodes for Monthly: ['Review AM using Asset Change Tracker (5.5.13.1)']
2025-03-11 13:54:21,067 - root - INFO - Scheduling direct next node Review AM using Asset Change Tracker (5.5.13.1)
2025-03-11 13:54:21,068 - root - INFO - Token Token-225 waiting for resource 'Tech' at 2025-03-14 10:44:32.701735
2025-03-11 13:54:21,068 - root - INFO - Token Token-226 started task 'Monthly' at 2025-03-14 10:49:29.548169, scheduled to end at 2025-03-14 10:49:29.548169 (processing time: 0.00 min)
2025-03-11 13:54:21,069 - root - INFO - Processing end event: Token Token-226 at node Monthly (Unknown)
2025-03-11 13:54:21,069 - root - INFO - Token Token-226 completed task 'Monthly' at 2025-03-14 10:49:29.548169.
2025-03-11 13:54:21,069 - root - INFO - Next nodes for Monthly: ['Review AM using Asset Change Tracker (5.5.13.1)']
2025-03-11 13:54:21,069 - root - INFO - Scheduling direct next node Review AM using Asset Change Tracker (5.5.13.1)
2025-03-11 13:54:21,069 - root - INFO - Token Token-226 waiting for resource 'Tech' at 2025-03-14 10:49:29.548169
2025-03-11 13:54:21,069 - root - INFO - Token Token-227 started task 'Monthly' at 2025-03-14 10:54:55.916468, scheduled to end at 2025-03-14 10:54:55.916468 (processing time: 0.00 min)
2025-03-11 13:54:21,069 - root - INFO - Processing end event: Token Token-227 at node Monthly (Unknown)
2025-03-11 13:54:21,069 - root - INFO - Token Token-227 completed task 'Monthly' at 2025-03-14 10:54:55.916468.
2025-03-11 13:54:21,069 - root - INFO - Next nodes for Monthly: ['Review AM using Asset Change Tracker (5.5.13.1)']
2025-03-11 13:54:21,069 - root - INFO - Scheduling direct next node Review AM using Asset Change Tracker (5.5.13.1)
2025-03-11 13:54:21,069 - root - INFO - Token Token-227 waiting for resource 'Tech' at 2025-03-14 10:54:55.916468
2025-03-11 13:54:21,069 - root - INFO - Simulation complete. Collecting results...
2025-03-11 13:54:21,073 - root - INFO - Processing results...
2025-03-11 13:54:21,177 - root - INFO - Results exported to 5.5.13 Real Property-Monthly Reviews-Inclusive_results.xlsx
2025-03-11 13:57:24,737 - root - INFO - Settings saved to bizagi_simulator_settings.json
2025-03-11 13:57:26,786 - root - INFO - Application exited normally
