2025-03-08 20:46:59,209 - root - INFO - Logging initialized
2025-03-08 20:46:59,209 - root - INFO - Starting Bizagi Process Simulator
2025-03-08 20:46:59,209 - root - INFO - NetworkX compatibility patch applied
2025-03-08 20:46:59,209 - root - INFO - Settings loaded from bizagi_simulator_settings.json
2025-03-08 20:46:59,209 - root - INFO - Configuration loaded
2025-03-08 20:47:00,017 - root - INFO - Application UI initialized
2025-03-08 20:47:02,579 - root - INFO - Loading data...
2025-03-08 20:47:02,592 - root - INFO - Successfully loaded XPDL file: C:/Users/kcmclau.EVOFORGE/Repos/bizagi_simulations/Bizagi/5.5_1/5.5.13 Real Property-Monthly Reviews-Inclusive.xpdl
2025-03-08 20:47:02,614 - root - INFO - Successfully loaded metrics from C:/Users/kcmclau.EVOFORGE/Repos/bizagi_simulations/Bizagi/simulation_metrics-inclusive.xlsx
2025-03-08 20:47:02,615 - root - INFO - Loaded 8 rows with columns: name, type, resource, available resources, avg time, min time, max time, yes, no, arrival interval, max arrival count
2025-03-08 20:47:02,621 - root - INFO - Preprocessed simulation metrics data
2025-03-08 20:47:02,621 - root - INFO - Building process model from XPDL...
2025-03-08 20:47:02,638 - root - INFO - Converting graph to ProcessModel...
2025-03-08 20:47:02,640 - root - INFO - Built process model with 9 nodes and 11 links
2025-03-08 20:47:02,642 - root - INFO - Found 1 start nodes: ['Monthly']
2025-03-08 20:47:02,644 - root - INFO - Found 1 start nodes: ['Monthly']
2025-03-08 20:47:02,645 - root - INFO - Setting up simulation...
2025-03-08 20:47:02,647 - root - INFO - Found 2 resources in process model: {'Tech': 1, 'Certifier': 1}
2025-03-08 20:47:02,649 - root - INFO - Initializing resource Tech with count 1
2025-03-08 20:47:02,649 - root - INFO - Initializing resource Certifier with count 1
2025-03-08 20:47:02,649 - root - INFO - Found 2 resources in process model: {'Tech': 1, 'Certifier': 1}
2025-03-08 20:47:02,650 - root - INFO - Available resources in model: {'Tech': 1, 'Certifier': 1}
2025-03-08 20:47:02,650 - root - INFO - Scheduling tokens...
2025-03-08 20:47:02,651 - root - INFO - Scheduling 500 tokens with triangular distribution...
2025-03-08 20:47:02,651 - root - INFO - Found 1 start nodes: ['Monthly']
2025-03-08 20:47:02,823 - root - INFO - Scheduling up to 500 tokens over 77041 available minutes
2025-03-08 20:47:02,823 - root - INFO - Scheduled Token-1 to start at 2025-03-10 08:00:00.
2025-03-08 20:47:02,839 - root - INFO - Scheduled Token-2 to start at 2025-03-10 08:04:25.784440.
2025-03-08 20:47:02,839 - root - INFO - Scheduled Token-3 to start at 2025-03-10 08:10:07.573733.
2025-03-08 20:47:02,839 - root - INFO - Scheduled Token-4 to start at 2025-03-10 08:15:15.515471.
2025-03-08 20:47:02,839 - root - INFO - Scheduled Token-5 to start at 2025-03-10 08:20:35.950939.
2025-03-08 20:47:02,839 - root - INFO - Scheduled Token-6 to start at 2025-03-10 08:25:58.226437.
2025-03-08 20:47:02,839 - root - INFO - Scheduled Token-7 to start at 2025-03-10 08:32:10.443604.
2025-03-08 20:47:02,839 - root - INFO - Scheduled Token-8 to start at 2025-03-10 08:38:02.694103.
2025-03-08 20:47:02,839 - root - INFO - Scheduled Token-9 to start at 2025-03-10 08:43:56.351485.
2025-03-08 20:47:02,839 - root - INFO - Scheduled Token-10 to start at 2025-03-10 08:49:44.847881.
2025-03-08 20:47:02,839 - root - INFO - Scheduled Token-11 to start at 2025-03-10 08:55:16.100361.
2025-03-08 20:47:02,839 - root - INFO - Scheduled Token-12 to start at 2025-03-10 09:00:45.478363.
2025-03-08 20:47:02,839 - root - INFO - Scheduled Token-13 to start at 2025-03-10 09:06:17.664351.
2025-03-08 20:47:02,839 - root - INFO - Scheduled Token-14 to start at 2025-03-10 09:12:34.984017.
2025-03-08 20:47:02,839 - root - INFO - Scheduled Token-15 to start at 2025-03-10 09:18:21.988891.
2025-03-08 20:47:02,849 - root - INFO - Scheduled Token-16 to start at 2025-03-10 09:24:27.172531.
2025-03-08 20:47:02,849 - root - INFO - Scheduled Token-17 to start at 2025-03-10 09:30:37.119822.
2025-03-08 20:47:02,849 - root - INFO - Scheduled Token-18 to start at 2025-03-10 09:35:44.992596.
2025-03-08 20:47:02,849 - root - INFO - Scheduled Token-19 to start at 2025-03-10 09:41:29.020515.
2025-03-08 20:47:02,849 - root - INFO - Scheduled Token-20 to start at 2025-03-10 09:46:27.412046.
2025-03-08 20:47:02,849 - root - INFO - Scheduled Token-21 to start at 2025-03-10 09:52:37.999299.
2025-03-08 20:47:02,849 - root - INFO - Scheduled Token-22 to start at 2025-03-10 09:57:41.079025.
2025-03-08 20:47:02,849 - root - INFO - Scheduled Token-23 to start at 2025-03-10 10:03:13.925069.
2025-03-08 20:47:02,849 - root - INFO - Scheduled Token-24 to start at 2025-03-10 10:07:57.085701.
2025-03-08 20:47:02,849 - root - INFO - Scheduled Token-25 to start at 2025-03-10 10:14:03.015013.
2025-03-08 20:47:02,849 - root - INFO - Scheduled Token-26 to start at 2025-03-10 10:19:46.553260.
2025-03-08 20:47:02,849 - root - INFO - Scheduled Token-27 to start at 2025-03-10 10:24:32.574368.
2025-03-08 20:47:02,849 - root - INFO - Scheduled Token-28 to start at 2025-03-10 10:30:33.381678.
2025-03-08 20:47:02,849 - root - INFO - Scheduled Token-29 to start at 2025-03-10 10:35:16.465048.
2025-03-08 20:47:02,849 - root - INFO - Scheduled Token-30 to start at 2025-03-10 10:39:43.331910.
2025-03-08 20:47:02,849 - root - INFO - Scheduled Token-31 to start at 2025-03-10 10:45:06.750361.
2025-03-08 20:47:02,849 - root - INFO - Scheduled Token-32 to start at 2025-03-10 10:51:30.379122.
2025-03-08 20:47:02,849 - root - INFO - Scheduled Token-33 to start at 2025-03-10 10:57:41.897961.
2025-03-08 20:47:02,849 - root - INFO - Scheduled Token-34 to start at 2025-03-10 11:03:55.623547.
2025-03-08 20:47:02,849 - root - INFO - Scheduled Token-35 to start at 2025-03-10 11:08:51.620208.
2025-03-08 20:47:02,849 - root - INFO - Scheduled Token-36 to start at 2025-03-10 11:13:43.978024.
2025-03-08 20:47:02,849 - root - INFO - Scheduled Token-37 to start at 2025-03-10 11:19:24.852091.
2025-03-08 20:47:02,849 - root - INFO - Scheduled Token-38 to start at 2025-03-10 11:24:39.248847.
2025-03-08 20:47:02,849 - root - INFO - Scheduled Token-39 to start at 2025-03-10 11:29:56.214541.
2025-03-08 20:47:02,849 - root - INFO - Scheduled Token-40 to start at 2025-03-10 11:35:33.086126.
2025-03-08 20:47:02,849 - root - INFO - Scheduled Token-41 to start at 2025-03-10 11:41:12.880530.
2025-03-08 20:47:02,849 - root - INFO - Scheduled Token-42 to start at 2025-03-10 11:46:23.431803.
2025-03-08 20:47:02,849 - root - INFO - Scheduled Token-43 to start at 2025-03-10 11:51:41.450326.
2025-03-08 20:47:02,849 - root - INFO - Scheduled Token-44 to start at 2025-03-10 11:56:09.615806.
2025-03-08 20:47:02,849 - root - INFO - Scheduled Token-45 to start at 2025-03-10 12:02:23.755635.
2025-03-08 20:47:02,849 - root - INFO - Scheduled Token-46 to start at 2025-03-10 12:08:29.704727.
2025-03-08 20:47:02,849 - root - INFO - Scheduled Token-47 to start at 2025-03-10 12:14:54.688851.
2025-03-08 20:47:02,849 - root - INFO - Scheduled Token-48 to start at 2025-03-10 12:20:11.493603.
2025-03-08 20:47:02,849 - root - INFO - Scheduled Token-49 to start at 2025-03-10 12:26:14.672500.
2025-03-08 20:47:02,849 - root - INFO - Scheduled Token-50 to start at 2025-03-10 12:30:41.042094.
2025-03-08 20:47:02,849 - root - INFO - Scheduled Token-51 to start at 2025-03-10 12:36:26.441802.
2025-03-08 20:47:02,849 - root - INFO - Scheduled Token-52 to start at 2025-03-10 12:42:02.540672.
2025-03-08 20:47:02,849 - root - INFO - Scheduled Token-53 to start at 2025-03-10 12:46:40.990078.
2025-03-08 20:47:02,849 - root - INFO - Scheduled Token-54 to start at 2025-03-10 12:52:13.199073.
2025-03-08 20:47:02,849 - root - INFO - Scheduled Token-55 to start at 2025-03-10 12:57:27.386933.
2025-03-08 20:47:02,849 - root - INFO - Scheduled Token-56 to start at 2025-03-10 13:02:20.491490.
2025-03-08 20:47:02,849 - root - INFO - Scheduled Token-57 to start at 2025-03-10 13:07:05.681563.
2025-03-08 20:47:02,849 - root - INFO - Scheduled Token-58 to start at 2025-03-10 13:13:10.199537.
2025-03-08 20:47:02,849 - root - INFO - Scheduled Token-59 to start at 2025-03-10 13:19:28.624799.
2025-03-08 20:47:02,849 - root - INFO - Scheduled Token-60 to start at 2025-03-10 13:24:24.208551.
2025-03-08 20:47:02,849 - root - INFO - Scheduled Token-61 to start at 2025-03-10 13:30:01.864141.
2025-03-08 20:47:02,849 - root - INFO - Scheduled Token-62 to start at 2025-03-10 13:36:01.851934.
2025-03-08 20:47:02,849 - root - INFO - Scheduled Token-63 to start at 2025-03-10 13:41:26.697495.
2025-03-08 20:47:02,849 - root - INFO - Scheduled Token-64 to start at 2025-03-10 13:47:50.039045.
2025-03-08 20:47:02,849 - root - INFO - Scheduled Token-65 to start at 2025-03-10 13:53:57.382875.
2025-03-08 20:47:02,849 - root - INFO - Scheduled Token-66 to start at 2025-03-10 13:59:44.176405.
2025-03-08 20:47:02,849 - root - INFO - Scheduled Token-67 to start at 2025-03-11 08:00:00.
2025-03-08 20:47:02,849 - root - INFO - Scheduled Token-68 to start at 2025-03-11 08:05:48.037058.
2025-03-08 20:47:02,849 - root - INFO - Scheduled Token-69 to start at 2025-03-11 08:12:13.047577.
2025-03-08 20:47:02,849 - root - INFO - Scheduled Token-70 to start at 2025-03-11 08:17:08.670588.
2025-03-08 20:47:02,849 - root - INFO - Scheduled Token-71 to start at 2025-03-11 08:22:42.181485.
2025-03-08 20:47:02,849 - root - INFO - Scheduled Token-72 to start at 2025-03-11 08:27:51.563693.
2025-03-08 20:47:02,849 - root - INFO - Scheduled Token-73 to start at 2025-03-11 08:33:25.894551.
2025-03-08 20:47:02,849 - root - INFO - Scheduled Token-74 to start at 2025-03-11 08:38:26.037946.
2025-03-08 20:47:02,849 - root - INFO - Scheduled Token-75 to start at 2025-03-11 08:43:22.204381.
2025-03-08 20:47:02,849 - root - INFO - Scheduled Token-76 to start at 2025-03-11 08:49:01.242535.
2025-03-08 20:47:02,849 - root - INFO - Scheduled Token-77 to start at 2025-03-11 08:53:53.376718.
2025-03-08 20:47:02,849 - root - INFO - Scheduled Token-78 to start at 2025-03-11 08:58:43.340767.
2025-03-08 20:47:02,849 - root - INFO - Scheduled Token-79 to start at 2025-03-11 09:04:13.905721.
2025-03-08 20:47:02,849 - root - INFO - Scheduled Token-80 to start at 2025-03-11 09:09:26.065233.
2025-03-08 20:47:02,849 - root - INFO - Scheduled Token-81 to start at 2025-03-11 09:15:48.769346.
2025-03-08 20:47:02,849 - root - INFO - Scheduled Token-82 to start at 2025-03-11 09:21:08.057809.
2025-03-08 20:47:02,849 - root - INFO - Scheduled Token-83 to start at 2025-03-11 09:27:10.456591.
2025-03-08 20:47:02,849 - root - INFO - Scheduled Token-84 to start at 2025-03-11 09:33:35.547379.
2025-03-08 20:47:02,849 - root - INFO - Scheduled Token-85 to start at 2025-03-11 09:38:04.613862.
2025-03-08 20:47:02,849 - root - INFO - Scheduled Token-86 to start at 2025-03-11 09:44:23.090875.
2025-03-08 20:47:02,849 - root - INFO - Scheduled Token-87 to start at 2025-03-11 09:50:33.691714.
2025-03-08 20:47:02,849 - root - INFO - Scheduled Token-88 to start at 2025-03-11 09:56:29.032878.
2025-03-08 20:47:02,849 - root - INFO - Scheduled Token-89 to start at 2025-03-11 10:01:44.197233.
2025-03-08 20:47:02,849 - root - INFO - Scheduled Token-90 to start at 2025-03-11 10:07:21.841210.
2025-03-08 20:47:02,849 - root - INFO - Scheduled Token-91 to start at 2025-03-11 10:13:05.743776.
2025-03-08 20:47:02,849 - root - INFO - Scheduled Token-92 to start at 2025-03-11 10:19:19.702463.
2025-03-08 20:47:02,849 - root - INFO - Scheduled Token-93 to start at 2025-03-11 10:23:55.164362.
2025-03-08 20:47:02,849 - root - INFO - Scheduled Token-94 to start at 2025-03-11 10:30:09.921786.
2025-03-08 20:47:02,849 - root - INFO - Scheduled Token-95 to start at 2025-03-11 10:35:39.760573.
2025-03-08 20:47:02,849 - root - INFO - Scheduled Token-96 to start at 2025-03-11 10:42:05.213964.
2025-03-08 20:47:02,849 - root - INFO - Scheduled Token-97 to start at 2025-03-11 10:47:59.312311.
2025-03-08 20:47:02,849 - root - INFO - Scheduled Token-98 to start at 2025-03-11 10:54:00.027513.
2025-03-08 20:47:02,849 - root - INFO - Scheduled Token-99 to start at 2025-03-11 10:59:12.833847.
2025-03-08 20:47:02,865 - root - INFO - Scheduled Token-100 to start at 2025-03-11 11:05:35.866671.
2025-03-08 20:47:02,866 - root - INFO - Scheduled Token-101 to start at 2025-03-11 11:11:01.341237.
2025-03-08 20:47:02,867 - root - INFO - Scheduled Token-102 to start at 2025-03-11 11:15:41.091091.
2025-03-08 20:47:02,871 - root - INFO - Scheduled Token-103 to start at 2025-03-11 11:21:40.185706.
2025-03-08 20:47:02,872 - root - INFO - Scheduled Token-104 to start at 2025-03-11 11:27:02.760427.
2025-03-08 20:47:02,873 - root - INFO - Scheduled Token-105 to start at 2025-03-11 11:33:14.198275.
2025-03-08 20:47:02,893 - root - INFO - Scheduled Token-106 to start at 2025-03-11 11:38:22.324424.
2025-03-08 20:47:02,893 - root - INFO - Scheduled Token-107 to start at 2025-03-11 11:44:30.985909.
2025-03-08 20:47:02,894 - root - INFO - Scheduled Token-108 to start at 2025-03-11 11:50:57.928875.
2025-03-08 20:47:02,894 - root - INFO - Scheduled Token-109 to start at 2025-03-11 11:57:10.026271.
2025-03-08 20:47:02,895 - root - INFO - Scheduled Token-110 to start at 2025-03-11 12:03:29.548987.
2025-03-08 20:47:02,896 - root - INFO - Scheduled Token-111 to start at 2025-03-11 12:09:24.621289.
2025-03-08 20:47:02,896 - root - INFO - Scheduled Token-112 to start at 2025-03-11 12:15:03.158238.
2025-03-08 20:47:02,898 - root - INFO - Scheduled Token-113 to start at 2025-03-11 12:20:44.782511.
2025-03-08 20:47:02,898 - root - INFO - Scheduled Token-114 to start at 2025-03-11 12:27:01.906539.
2025-03-08 20:47:02,898 - root - INFO - Scheduled Token-115 to start at 2025-03-11 12:31:27.217644.
2025-03-08 20:47:02,900 - root - INFO - Scheduled Token-116 to start at 2025-03-11 12:36:13.605345.
2025-03-08 20:47:02,900 - root - INFO - Scheduled Token-117 to start at 2025-03-11 12:41:55.849125.
2025-03-08 20:47:02,900 - root - INFO - Scheduled Token-118 to start at 2025-03-11 12:47:00.967387.
2025-03-08 20:47:02,900 - root - INFO - Scheduled Token-119 to start at 2025-03-11 12:52:06.624653.
2025-03-08 20:47:02,901 - root - INFO - Scheduled Token-120 to start at 2025-03-11 12:58:20.456082.
2025-03-08 20:47:02,901 - root - INFO - Scheduled Token-121 to start at 2025-03-11 13:04:31.347389.
2025-03-08 20:47:02,901 - root - INFO - Scheduled Token-122 to start at 2025-03-11 13:10:48.485129.
2025-03-08 20:47:02,902 - root - INFO - Scheduled Token-123 to start at 2025-03-11 13:15:58.485422.
2025-03-08 20:47:02,902 - root - INFO - Scheduled Token-124 to start at 2025-03-11 13:21:49.513319.
2025-03-08 20:47:02,902 - root - INFO - Scheduled Token-125 to start at 2025-03-11 13:28:04.406460.
2025-03-08 20:47:02,902 - root - INFO - Scheduled Token-126 to start at 2025-03-11 13:34:11.296244.
2025-03-08 20:47:02,902 - root - INFO - Scheduled Token-127 to start at 2025-03-11 13:40:00.118272.
2025-03-08 20:47:02,902 - root - INFO - Scheduled Token-128 to start at 2025-03-11 13:44:14.858639.
2025-03-08 20:47:02,902 - root - INFO - Scheduled Token-129 to start at 2025-03-11 13:48:25.124713.
2025-03-08 20:47:02,902 - root - INFO - Scheduled Token-130 to start at 2025-03-11 13:54:48.646655.
2025-03-08 20:47:02,902 - root - INFO - Scheduled Token-131 to start at 2025-03-12 08:00:00.
2025-03-08 20:47:02,902 - root - INFO - Scheduled Token-132 to start at 2025-03-12 08:05:44.399446.
2025-03-08 20:47:02,904 - root - INFO - Scheduled Token-133 to start at 2025-03-12 08:11:54.686346.
2025-03-08 20:47:02,904 - root - INFO - Scheduled Token-134 to start at 2025-03-12 08:17:28.769041.
2025-03-08 20:47:02,904 - root - INFO - Scheduled Token-135 to start at 2025-03-12 08:23:14.936526.
2025-03-08 20:47:02,904 - root - INFO - Scheduled Token-136 to start at 2025-03-12 08:29:31.736184.
2025-03-08 20:47:02,904 - root - INFO - Scheduled Token-137 to start at 2025-03-12 08:34:56.065180.
2025-03-08 20:47:02,905 - root - INFO - Scheduled Token-138 to start at 2025-03-12 08:41:22.862755.
2025-03-08 20:47:02,905 - root - INFO - Scheduled Token-139 to start at 2025-03-12 08:46:58.456951.
2025-03-08 20:47:02,905 - root - INFO - Scheduled Token-140 to start at 2025-03-12 08:52:24.210518.
2025-03-08 20:47:02,905 - root - INFO - Scheduled Token-141 to start at 2025-03-12 08:58:01.569959.
2025-03-08 20:47:02,905 - root - INFO - Scheduled Token-142 to start at 2025-03-12 09:04:19.991083.
2025-03-08 20:47:02,906 - root - INFO - Scheduled Token-143 to start at 2025-03-12 09:09:50.391666.
2025-03-08 20:47:02,906 - root - INFO - Scheduled Token-144 to start at 2025-03-12 09:16:06.710286.
2025-03-08 20:47:02,906 - root - INFO - Scheduled Token-145 to start at 2025-03-12 09:21:31.345231.
2025-03-08 20:47:02,906 - root - INFO - Scheduled Token-146 to start at 2025-03-12 09:26:35.000093.
2025-03-08 20:47:02,907 - root - INFO - Scheduled Token-147 to start at 2025-03-12 09:32:48.565408.
2025-03-08 20:47:02,907 - root - INFO - Scheduled Token-148 to start at 2025-03-12 09:37:53.455630.
2025-03-08 20:47:02,907 - root - INFO - Scheduled Token-149 to start at 2025-03-12 09:43:51.938264.
2025-03-08 20:47:02,907 - root - INFO - Scheduled Token-150 to start at 2025-03-12 09:49:02.701989.
2025-03-08 20:47:02,908 - root - INFO - Scheduled Token-151 to start at 2025-03-12 09:53:57.811680.
2025-03-08 20:47:02,908 - root - INFO - Scheduled Token-152 to start at 2025-03-12 09:59:30.475255.
2025-03-08 20:47:02,908 - root - INFO - Scheduled Token-153 to start at 2025-03-12 10:04:56.352284.
2025-03-08 20:47:02,908 - root - INFO - Scheduled Token-154 to start at 2025-03-12 10:09:32.041129.
2025-03-08 20:47:02,908 - root - INFO - Scheduled Token-155 to start at 2025-03-12 10:15:04.123370.
2025-03-08 20:47:02,909 - root - INFO - Scheduled Token-156 to start at 2025-03-12 10:19:58.088010.
2025-03-08 20:47:02,909 - root - INFO - Scheduled Token-157 to start at 2025-03-12 10:26:00.786587.
2025-03-08 20:47:02,909 - root - INFO - Scheduled Token-158 to start at 2025-03-12 10:31:22.344603.
2025-03-08 20:47:02,909 - root - INFO - Scheduled Token-159 to start at 2025-03-12 10:37:17.292345.
2025-03-08 20:47:02,910 - root - INFO - Scheduled Token-160 to start at 2025-03-12 10:43:27.288471.
2025-03-08 20:47:02,910 - root - INFO - Scheduled Token-161 to start at 2025-03-12 10:49:25.003207.
2025-03-08 20:47:02,910 - root - INFO - Scheduled Token-162 to start at 2025-03-12 10:55:17.176460.
2025-03-08 20:47:02,910 - root - INFO - Scheduled Token-163 to start at 2025-03-12 11:01:05.394164.
2025-03-08 20:47:02,910 - root - INFO - Scheduled Token-164 to start at 2025-03-12 11:05:50.103393.
2025-03-08 20:47:02,911 - root - INFO - Scheduled Token-165 to start at 2025-03-12 11:11:04.960230.
2025-03-08 20:47:02,911 - root - INFO - Scheduled Token-166 to start at 2025-03-12 11:16:10.505270.
2025-03-08 20:47:02,911 - root - INFO - Scheduled Token-167 to start at 2025-03-12 11:21:02.446679.
2025-03-08 20:47:02,911 - root - INFO - Scheduled Token-168 to start at 2025-03-12 11:26:39.885587.
2025-03-08 20:47:02,912 - root - INFO - Scheduled Token-169 to start at 2025-03-12 11:32:33.892946.
2025-03-08 20:47:02,912 - root - INFO - Scheduled Token-170 to start at 2025-03-12 11:37:07.526801.
2025-03-08 20:47:02,912 - root - INFO - Scheduled Token-171 to start at 2025-03-12 11:42:37.110203.
2025-03-08 20:47:02,912 - root - INFO - Scheduled Token-172 to start at 2025-03-12 11:49:01.027649.
2025-03-08 20:47:02,913 - root - INFO - Scheduled Token-173 to start at 2025-03-12 11:54:16.046954.
2025-03-08 20:47:02,914 - root - INFO - Scheduled Token-174 to start at 2025-03-12 12:00:29.713076.
2025-03-08 20:47:02,914 - root - INFO - Scheduled Token-175 to start at 2025-03-12 12:04:47.467084.
2025-03-08 20:47:02,914 - root - INFO - Scheduled Token-176 to start at 2025-03-12 12:10:13.961116.
2025-03-08 20:47:02,914 - root - INFO - Scheduled Token-177 to start at 2025-03-12 12:15:39.837328.
2025-03-08 20:47:02,914 - root - INFO - Scheduled Token-178 to start at 2025-03-12 12:21:01.918782.
2025-03-08 20:47:02,914 - root - INFO - Scheduled Token-179 to start at 2025-03-12 12:26:52.847099.
2025-03-08 20:47:02,915 - root - INFO - Scheduled Token-180 to start at 2025-03-12 12:33:02.327203.
2025-03-08 20:47:02,915 - root - INFO - Scheduled Token-181 to start at 2025-03-12 12:38:10.049930.
2025-03-08 20:47:02,915 - root - INFO - Scheduled Token-182 to start at 2025-03-12 12:43:32.135504.
2025-03-08 20:47:02,916 - root - INFO - Scheduled Token-183 to start at 2025-03-12 12:48:14.597240.
2025-03-08 20:47:02,916 - root - INFO - Scheduled Token-184 to start at 2025-03-12 12:54:33.286892.
2025-03-08 20:47:02,916 - root - INFO - Scheduled Token-185 to start at 2025-03-12 13:00:44.825547.
2025-03-08 20:47:02,917 - root - INFO - Scheduled Token-186 to start at 2025-03-12 13:05:18.234025.
2025-03-08 20:47:02,917 - root - INFO - Scheduled Token-187 to start at 2025-03-12 13:11:30.692097.
2025-03-08 20:47:02,917 - root - INFO - Scheduled Token-188 to start at 2025-03-12 13:16:53.164119.
2025-03-08 20:47:02,918 - root - INFO - Scheduled Token-189 to start at 2025-03-12 13:23:17.045547.
2025-03-08 20:47:02,918 - root - INFO - Scheduled Token-190 to start at 2025-03-12 13:28:24.098383.
2025-03-08 20:47:02,918 - root - INFO - Scheduled Token-191 to start at 2025-03-12 13:33:46.594843.
2025-03-08 20:47:02,918 - root - INFO - Scheduled Token-192 to start at 2025-03-12 13:39:28.164751.
2025-03-08 20:47:02,919 - root - INFO - Scheduled Token-193 to start at 2025-03-12 13:45:06.492622.
2025-03-08 20:47:02,919 - root - INFO - Scheduled Token-194 to start at 2025-03-12 13:51:16.945773.
2025-03-08 20:47:02,919 - root - INFO - Scheduled Token-195 to start at 2025-03-12 13:57:11.720880.
2025-03-08 20:47:02,920 - root - INFO - Scheduled Token-196 to start at 2025-03-13 08:00:00.
2025-03-08 20:47:02,920 - root - INFO - Scheduled Token-197 to start at 2025-03-13 08:06:18.171841.
2025-03-08 20:47:02,920 - root - INFO - Scheduled Token-198 to start at 2025-03-13 08:11:34.230190.
2025-03-08 20:47:02,921 - root - INFO - Scheduled Token-199 to start at 2025-03-13 08:17:05.209021.
2025-03-08 20:47:02,921 - root - INFO - Scheduled Token-200 to start at 2025-03-13 08:23:11.689369.
2025-03-08 20:47:02,921 - root - INFO - Scheduled Token-201 to start at 2025-03-13 08:29:15.677467.
2025-03-08 20:47:02,922 - root - INFO - Scheduled Token-202 to start at 2025-03-13 08:34:32.586536.
2025-03-08 20:47:02,922 - root - INFO - Scheduled Token-203 to start at 2025-03-13 08:40:05.456759.
2025-03-08 20:47:02,922 - root - INFO - Scheduled Token-204 to start at 2025-03-13 08:45:37.119618.
2025-03-08 20:47:02,923 - root - INFO - Scheduled Token-205 to start at 2025-03-13 08:51:57.530270.
2025-03-08 20:47:02,923 - root - INFO - Scheduled Token-206 to start at 2025-03-13 08:57:33.408390.
2025-03-08 20:47:02,923 - root - INFO - Scheduled Token-207 to start at 2025-03-13 09:02:10.519230.
2025-03-08 20:47:02,924 - root - INFO - Scheduled Token-208 to start at 2025-03-13 09:07:35.260377.
2025-03-08 20:47:02,924 - root - INFO - Scheduled Token-209 to start at 2025-03-13 09:13:36.934355.
2025-03-08 20:47:02,924 - root - INFO - Scheduled Token-210 to start at 2025-03-13 09:18:28.763066.
2025-03-08 20:47:02,925 - root - INFO - Scheduled Token-211 to start at 2025-03-13 09:24:13.229847.
2025-03-08 20:47:02,925 - root - INFO - Scheduled Token-212 to start at 2025-03-13 09:30:31.306750.
2025-03-08 20:47:02,925 - root - INFO - Scheduled Token-213 to start at 2025-03-13 09:35:34.542496.
2025-03-08 20:47:02,925 - root - INFO - Scheduled Token-214 to start at 2025-03-13 09:40:50.111106.
2025-03-08 20:47:02,926 - root - INFO - Scheduled Token-215 to start at 2025-03-13 09:47:16.114593.
2025-03-08 20:47:02,926 - root - INFO - Scheduled Token-216 to start at 2025-03-13 09:52:32.962240.
2025-03-08 20:47:02,927 - root - INFO - Scheduled Token-217 to start at 2025-03-13 09:56:59.287011.
2025-03-08 20:47:02,927 - root - INFO - Scheduled Token-218 to start at 2025-03-13 10:02:27.263654.
2025-03-08 20:47:02,927 - root - INFO - Scheduled Token-219 to start at 2025-03-13 10:08:40.081557.
2025-03-08 20:47:02,928 - root - INFO - Scheduled Token-220 to start at 2025-03-13 10:14:28.873189.
2025-03-08 20:47:02,951 - root - INFO - Scheduled Token-221 to start at 2025-03-13 10:20:01.407730.
2025-03-08 20:47:02,951 - root - INFO - Scheduled Token-222 to start at 2025-03-13 10:25:00.259559.
2025-03-08 20:47:02,952 - root - INFO - Scheduled Token-223 to start at 2025-03-13 10:31:06.102724.
2025-03-08 20:47:02,952 - root - INFO - Scheduled Token-224 to start at 2025-03-13 10:37:24.835605.
2025-03-08 20:47:02,952 - root - INFO - Scheduled Token-225 to start at 2025-03-13 10:43:22.052373.
2025-03-08 20:47:02,953 - root - INFO - Scheduled Token-226 to start at 2025-03-13 10:48:27.348374.
2025-03-08 20:47:02,953 - root - INFO - Scheduled Token-227 to start at 2025-03-13 10:53:52.970826.
2025-03-08 20:47:02,953 - root - INFO - Scheduled Token-228 to start at 2025-03-13 10:58:18.945428.
2025-03-08 20:47:02,953 - root - INFO - Scheduled Token-229 to start at 2025-03-13 11:04:13.342740.
2025-03-08 20:47:02,953 - root - INFO - Scheduled Token-230 to start at 2025-03-13 11:09:59.009338.
2025-03-08 20:47:02,954 - root - INFO - Scheduled Token-231 to start at 2025-03-13 11:14:39.630720.
2025-03-08 20:47:02,954 - root - INFO - Scheduled Token-232 to start at 2025-03-13 11:20:56.580240.
2025-03-08 20:47:02,954 - root - INFO - Scheduled Token-233 to start at 2025-03-13 11:27:20.299079.
2025-03-08 20:47:02,954 - root - INFO - Scheduled Token-234 to start at 2025-03-13 11:33:42.702691.
2025-03-08 20:47:02,954 - root - INFO - Scheduled Token-235 to start at 2025-03-13 11:39:34.218376.
2025-03-08 20:47:02,954 - root - INFO - Scheduled Token-236 to start at 2025-03-13 11:44:25.375787.
2025-03-08 20:47:02,954 - root - INFO - Scheduled Token-237 to start at 2025-03-13 11:50:01.372109.
2025-03-08 20:47:02,954 - root - INFO - Scheduled Token-238 to start at 2025-03-13 11:56:04.207393.
2025-03-08 20:47:02,954 - root - INFO - Scheduled Token-239 to start at 2025-03-13 12:00:47.546048.
2025-03-08 20:47:02,954 - root - INFO - Scheduled Token-240 to start at 2025-03-13 12:06:58.934214.
2025-03-08 20:47:02,954 - root - INFO - Scheduled Token-241 to start at 2025-03-13 12:12:14.894832.
2025-03-08 20:47:02,954 - root - INFO - Scheduled Token-242 to start at 2025-03-13 12:16:56.522107.
2025-03-08 20:47:02,954 - root - INFO - Scheduled Token-243 to start at 2025-03-13 12:22:49.504014.
2025-03-08 20:47:02,954 - root - INFO - Scheduled Token-244 to start at 2025-03-13 12:28:40.661732.
2025-03-08 20:47:02,954 - root - INFO - Scheduled Token-245 to start at 2025-03-13 12:32:47.655037.
2025-03-08 20:47:02,954 - root - INFO - Scheduled Token-246 to start at 2025-03-13 12:38:29.552963.
2025-03-08 20:47:02,954 - root - INFO - Scheduled Token-247 to start at 2025-03-13 12:44:36.232306.
2025-03-08 20:47:02,954 - root - INFO - Scheduled Token-248 to start at 2025-03-13 12:49:56.068420.
2025-03-08 20:47:02,954 - root - INFO - Scheduled Token-249 to start at 2025-03-13 12:55:51.591437.
2025-03-08 20:47:02,954 - root - INFO - Scheduled Token-250 to start at 2025-03-13 13:01:00.385921.
2025-03-08 20:47:02,954 - root - INFO - Scheduled Token-251 to start at 2025-03-13 13:06:23.484375.
2025-03-08 20:47:02,954 - root - INFO - Scheduled Token-252 to start at 2025-03-13 13:11:35.828600.
2025-03-08 20:47:02,954 - root - INFO - Scheduled Token-253 to start at 2025-03-13 13:16:42.797864.
2025-03-08 20:47:02,954 - root - INFO - Scheduled Token-254 to start at 2025-03-13 13:22:36.544370.
2025-03-08 20:47:02,954 - root - INFO - Scheduled Token-255 to start at 2025-03-13 13:27:31.413831.
2025-03-08 20:47:02,954 - root - INFO - Scheduled Token-256 to start at 2025-03-13 13:33:30.009629.
2025-03-08 20:47:02,954 - root - INFO - Scheduled Token-257 to start at 2025-03-13 13:39:22.541653.
2025-03-08 20:47:02,954 - root - INFO - Scheduled Token-258 to start at 2025-03-13 13:45:13.370954.
2025-03-08 20:47:02,954 - root - INFO - Scheduled Token-259 to start at 2025-03-13 13:49:45.098291.
2025-03-08 20:47:02,954 - root - INFO - Scheduled Token-260 to start at 2025-03-13 13:55:02.528342.
2025-03-08 20:47:02,954 - root - INFO - Scheduled Token-261 to start at 2025-03-14 08:00:00.
2025-03-08 20:47:02,954 - root - INFO - Scheduled Token-262 to start at 2025-03-14 08:05:39.568459.
2025-03-08 20:47:02,962 - root - INFO - Scheduled Token-263 to start at 2025-03-14 08:10:29.961535.
2025-03-08 20:47:02,962 - root - INFO - Scheduled Token-264 to start at 2025-03-14 08:15:51.988132.
2025-03-08 20:47:02,962 - root - INFO - Scheduled Token-265 to start at 2025-03-14 08:21:16.470594.
2025-03-08 20:47:02,962 - root - INFO - Scheduled Token-266 to start at 2025-03-14 08:27:16.258479.
2025-03-08 20:47:02,963 - root - INFO - Scheduled Token-267 to start at 2025-03-14 08:32:55.400718.
2025-03-08 20:47:02,963 - root - INFO - Scheduled Token-268 to start at 2025-03-14 08:39:09.207731.
2025-03-08 20:47:02,963 - root - INFO - Scheduled Token-269 to start at 2025-03-14 08:44:13.209283.
2025-03-08 20:47:02,963 - root - INFO - Scheduled Token-270 to start at 2025-03-14 08:49:49.929887.
2025-03-08 20:47:02,964 - root - INFO - Scheduled Token-271 to start at 2025-03-14 08:55:20.546552.
2025-03-08 20:47:02,964 - root - INFO - Scheduled Token-272 to start at 2025-03-14 08:59:48.784460.
2025-03-08 20:47:02,965 - root - INFO - Scheduled Token-273 to start at 2025-03-14 09:04:42.184672.
2025-03-08 20:47:02,965 - root - INFO - Scheduled Token-274 to start at 2025-03-14 09:10:25.341579.
2025-03-08 20:47:02,968 - root - INFO - Scheduled Token-275 to start at 2025-03-14 09:15:21.791303.
2025-03-08 20:47:02,969 - root - INFO - Scheduled Token-276 to start at 2025-03-14 09:21:11.757274.
2025-03-08 20:47:02,969 - root - INFO - Scheduled Token-277 to start at 2025-03-14 09:27:02.310764.
2025-03-08 20:47:02,970 - root - INFO - Scheduled Token-278 to start at 2025-03-14 09:32:18.140135.
2025-03-08 20:47:02,970 - root - INFO - Scheduled Token-279 to start at 2025-03-14 09:38:32.290863.
2025-03-08 20:47:02,970 - root - INFO - Scheduled Token-280 to start at 2025-03-14 09:42:51.098160.
2025-03-08 20:47:02,970 - root - INFO - Scheduled Token-281 to start at 2025-03-14 09:47:48.409295.
2025-03-08 20:47:02,971 - root - INFO - Scheduled Token-282 to start at 2025-03-14 09:53:33.162206.
2025-03-08 20:47:02,971 - root - INFO - Scheduled Token-283 to start at 2025-03-14 09:58:27.875554.
2025-03-08 20:47:02,971 - root - INFO - Scheduled Token-284 to start at 2025-03-14 10:03:10.547498.
2025-03-08 20:47:02,972 - root - INFO - Scheduled Token-285 to start at 2025-03-14 10:09:25.809049.
2025-03-08 20:47:02,972 - root - INFO - Scheduled Token-286 to start at 2025-03-14 10:15:22.440968.
2025-03-08 20:47:02,972 - root - INFO - Scheduled Token-287 to start at 2025-03-14 10:21:00.540090.
2025-03-08 20:47:02,973 - root - INFO - Scheduled Token-288 to start at 2025-03-14 10:25:42.202588.
2025-03-08 20:47:02,973 - root - INFO - Scheduled Token-289 to start at 2025-03-14 10:31:10.875537.
2025-03-08 20:47:02,973 - root - INFO - Scheduled Token-290 to start at 2025-03-14 10:35:47.706544.
2025-03-08 20:47:02,974 - root - INFO - Scheduled Token-291 to start at 2025-03-14 10:40:44.780222.
2025-03-08 20:47:02,974 - root - INFO - Scheduled Token-292 to start at 2025-03-14 10:46:44.251054.
2025-03-08 20:47:02,974 - root - INFO - Scheduled Token-293 to start at 2025-03-14 10:52:45.145346.
2025-03-08 20:47:02,975 - root - INFO - Scheduled Token-294 to start at 2025-03-14 10:58:59.294022.
2025-03-08 20:47:02,975 - root - INFO - Scheduled Token-295 to start at 2025-03-14 11:04:09.910464.
2025-03-08 20:47:02,975 - root - INFO - Scheduled Token-296 to start at 2025-03-14 11:10:34.977805.
2025-03-08 20:47:02,976 - root - INFO - Scheduled Token-297 to start at 2025-03-14 11:16:55.708170.
2025-03-08 20:47:02,976 - root - INFO - Scheduled Token-298 to start at 2025-03-14 11:23:09.215330.
2025-03-08 20:47:02,977 - root - INFO - Scheduled Token-299 to start at 2025-03-14 11:29:29.605455.
2025-03-08 20:47:02,978 - root - INFO - Scheduled Token-300 to start at 2025-03-14 11:35:26.756217.
2025-03-08 20:47:02,979 - root - INFO - Scheduled Token-301 to start at 2025-03-14 11:41:31.827495.
2025-03-08 20:47:03,004 - root - INFO - Scheduled Token-302 to start at 2025-03-14 11:47:56.738700.
2025-03-08 20:47:03,004 - root - INFO - Scheduled Token-303 to start at 2025-03-14 11:54:20.000922.
2025-03-08 20:47:03,004 - root - INFO - Scheduled Token-304 to start at 2025-03-14 11:59:55.805201.
2025-03-08 20:47:03,005 - root - INFO - Scheduled Token-305 to start at 2025-03-14 12:04:51.818227.
2025-03-08 20:47:03,005 - root - INFO - Scheduled Token-306 to start at 2025-03-14 12:09:52.052150.
2025-03-08 20:47:03,005 - root - INFO - Scheduled Token-307 to start at 2025-03-14 12:16:06.796821.
2025-03-08 20:47:03,006 - root - INFO - Scheduled Token-308 to start at 2025-03-14 12:21:54.086137.
2025-03-08 20:47:03,006 - root - INFO - Scheduled Token-309 to start at 2025-03-14 12:28:03.459709.
2025-03-08 20:47:03,006 - root - INFO - Scheduled Token-310 to start at 2025-03-14 12:33:35.526663.
2025-03-08 20:47:03,006 - root - INFO - Scheduled Token-311 to start at 2025-03-14 12:39:00.522887.
2025-03-08 20:47:03,007 - root - INFO - Scheduled Token-312 to start at 2025-03-14 12:44:26.390939.
2025-03-08 20:47:03,007 - root - INFO - Scheduled Token-313 to start at 2025-03-14 12:50:17.737988.
2025-03-08 20:47:03,007 - root - INFO - Scheduled Token-314 to start at 2025-03-14 12:55:30.390397.
2025-03-08 20:47:03,007 - root - INFO - Scheduled Token-315 to start at 2025-03-14 13:00:47.959953.
2025-03-08 20:47:03,007 - root - INFO - Scheduled Token-316 to start at 2025-03-14 13:06:02.220684.
2025-03-08 20:47:03,008 - root - INFO - Scheduled Token-317 to start at 2025-03-14 13:10:51.348393.
2025-03-08 20:47:03,008 - root - INFO - Scheduled Token-318 to start at 2025-03-14 13:16:24.098285.
2025-03-08 20:47:03,008 - root - INFO - Scheduled Token-319 to start at 2025-03-14 13:22:04.422624.
2025-03-08 20:47:03,008 - root - INFO - Scheduled Token-320 to start at 2025-03-14 13:27:02.264154.
2025-03-08 20:47:03,008 - root - INFO - Scheduled Token-321 to start at 2025-03-14 13:31:32.793343.
2025-03-08 20:47:03,008 - root - INFO - Scheduled Token-322 to start at 2025-03-14 13:37:39.134108.
2025-03-08 20:47:03,008 - root - INFO - Scheduled Token-323 to start at 2025-03-14 13:43:55.217429.
2025-03-08 20:47:03,008 - root - INFO - Scheduled Token-324 to start at 2025-03-14 13:49:58.933334.
2025-03-08 20:47:03,008 - root - INFO - Scheduled Token-325 to start at 2025-03-14 13:55:28.581972.
2025-03-08 20:47:03,008 - root - INFO - Scheduled Token-326 to start at 2025-03-17 08:00:00.
2025-03-08 20:47:03,008 - root - INFO - Scheduled Token-327 to start at 2025-03-17 08:06:12.075044.
2025-03-08 20:47:03,008 - root - INFO - Scheduled Token-328 to start at 2025-03-17 08:12:16.027441.
2025-03-08 20:47:03,008 - root - INFO - Scheduled Token-329 to start at 2025-03-17 08:17:48.450808.
2025-03-08 20:47:03,008 - root - INFO - Scheduled Token-330 to start at 2025-03-17 08:23:14.529789.
2025-03-08 20:47:03,008 - root - INFO - Scheduled Token-331 to start at 2025-03-17 08:29:40.257092.
2025-03-08 20:47:03,008 - root - INFO - Scheduled Token-332 to start at 2025-03-17 08:35:46.395189.
2025-03-08 20:47:03,008 - root - INFO - Scheduled Token-333 to start at 2025-03-17 08:41:12.610435.
2025-03-08 20:47:03,011 - root - INFO - Scheduled Token-334 to start at 2025-03-17 08:47:25.206556.
2025-03-08 20:47:03,011 - root - INFO - Scheduled Token-335 to start at 2025-03-17 08:52:46.163695.
2025-03-08 20:47:03,011 - root - INFO - Scheduled Token-336 to start at 2025-03-17 08:59:09.310086.
2025-03-08 20:47:03,011 - root - INFO - Scheduled Token-337 to start at 2025-03-17 09:05:17.014582.
2025-03-08 20:47:03,012 - root - INFO - Scheduled Token-338 to start at 2025-03-17 09:11:15.910115.
2025-03-08 20:47:03,012 - root - INFO - Scheduled Token-339 to start at 2025-03-17 09:16:29.887762.
2025-03-08 20:47:03,013 - root - INFO - Scheduled Token-340 to start at 2025-03-17 09:22:51.553603.
2025-03-08 20:47:03,013 - root - INFO - Scheduled Token-341 to start at 2025-03-17 09:27:52.317007.
2025-03-08 20:47:03,013 - root - INFO - Scheduled Token-342 to start at 2025-03-17 09:33:41.743714.
2025-03-08 20:47:03,014 - root - INFO - Scheduled Token-343 to start at 2025-03-17 09:39:37.030373.
2025-03-08 20:47:03,014 - root - INFO - Scheduled Token-344 to start at 2025-03-17 09:45:27.144771.
2025-03-08 20:47:03,014 - root - INFO - Scheduled Token-345 to start at 2025-03-17 09:50:39.532661.
2025-03-08 20:47:03,014 - root - INFO - Scheduled Token-346 to start at 2025-03-17 09:55:47.505622.
2025-03-08 20:47:03,015 - root - INFO - Scheduled Token-347 to start at 2025-03-17 10:00:35.322118.
2025-03-08 20:47:03,015 - root - INFO - Scheduled Token-348 to start at 2025-03-17 10:05:34.766270.
2025-03-08 20:47:03,015 - root - INFO - Scheduled Token-349 to start at 2025-03-17 10:11:29.404691.
2025-03-08 20:47:03,015 - root - INFO - Scheduled Token-350 to start at 2025-03-17 10:16:27.393345.
2025-03-08 20:47:03,015 - root - INFO - Scheduled Token-351 to start at 2025-03-17 10:22:22.365659.
2025-03-08 20:47:03,016 - root - INFO - Scheduled Token-352 to start at 2025-03-17 10:28:08.038592.
2025-03-08 20:47:03,016 - root - INFO - Scheduled Token-353 to start at 2025-03-17 10:34:26.772344.
2025-03-08 20:47:03,016 - root - INFO - Scheduled Token-354 to start at 2025-03-17 10:39:40.585220.
2025-03-08 20:47:03,016 - root - INFO - Scheduled Token-355 to start at 2025-03-17 10:45:59.031367.
2025-03-08 20:47:03,016 - root - INFO - Scheduled Token-356 to start at 2025-03-17 10:51:24.176046.
2025-03-08 20:47:03,016 - root - INFO - Scheduled Token-357 to start at 2025-03-17 10:57:50.608506.
2025-03-08 20:47:03,017 - root - INFO - Scheduled Token-358 to start at 2025-03-17 11:03:39.207510.
2025-03-08 20:47:03,017 - root - INFO - Scheduled Token-359 to start at 2025-03-17 11:08:57.183705.
2025-03-08 20:47:03,017 - root - INFO - Scheduled Token-360 to start at 2025-03-17 11:14:36.760416.
2025-03-08 20:47:03,017 - root - INFO - Scheduled Token-361 to start at 2025-03-17 11:20:48.279856.
2025-03-08 20:47:03,017 - root - INFO - Scheduled Token-362 to start at 2025-03-17 11:27:08.355917.
2025-03-08 20:47:03,018 - root - INFO - Scheduled Token-363 to start at 2025-03-17 11:32:51.816021.
2025-03-08 20:47:03,018 - root - INFO - Scheduled Token-364 to start at 2025-03-17 11:38:46.398687.
2025-03-08 20:47:03,018 - root - INFO - Scheduled Token-365 to start at 2025-03-17 11:44:06.334451.
2025-03-08 20:47:03,018 - root - INFO - Scheduled Token-366 to start at 2025-03-17 11:50:29.039189.
2025-03-08 20:47:03,018 - root - INFO - Scheduled Token-367 to start at 2025-03-17 11:56:49.460432.
2025-03-08 20:47:03,019 - root - INFO - Scheduled Token-368 to start at 2025-03-17 12:03:09.877908.
2025-03-08 20:47:03,019 - root - INFO - Scheduled Token-369 to start at 2025-03-17 12:08:40.339362.
2025-03-08 20:47:03,019 - root - INFO - Scheduled Token-370 to start at 2025-03-17 12:14:51.217087.
2025-03-08 20:47:03,019 - root - INFO - Scheduled Token-371 to start at 2025-03-17 12:20:16.709214.
2025-03-08 20:47:03,020 - root - INFO - Scheduled Token-372 to start at 2025-03-17 12:26:42.521719.
2025-03-08 20:47:03,020 - root - INFO - Scheduled Token-373 to start at 2025-03-17 12:32:58.661197.
2025-03-08 20:47:03,020 - root - INFO - Scheduled Token-374 to start at 2025-03-17 12:38:32.901802.
2025-03-08 20:47:03,020 - root - INFO - Scheduled Token-375 to start at 2025-03-17 12:43:03.350391.
2025-03-08 20:47:03,020 - root - INFO - Scheduled Token-376 to start at 2025-03-17 12:49:29.507722.
2025-03-08 20:47:03,020 - root - INFO - Scheduled Token-377 to start at 2025-03-17 12:55:16.482370.
2025-03-08 20:47:03,021 - root - INFO - Scheduled Token-378 to start at 2025-03-17 13:01:21.487281.
2025-03-08 20:47:03,021 - root - INFO - Scheduled Token-379 to start at 2025-03-17 13:06:39.823481.
2025-03-08 20:47:03,021 - root - INFO - Scheduled Token-380 to start at 2025-03-17 13:13:03.575037.
2025-03-08 20:47:03,021 - root - INFO - Scheduled Token-381 to start at 2025-03-17 13:18:54.619751.
2025-03-08 20:47:03,022 - root - INFO - Scheduled Token-382 to start at 2025-03-17 13:24:46.281085.
2025-03-08 20:47:03,022 - root - INFO - Scheduled Token-383 to start at 2025-03-17 13:29:26.432443.
2025-03-08 20:47:03,022 - root - INFO - Scheduled Token-384 to start at 2025-03-17 13:35:01.134208.
2025-03-08 20:47:03,022 - root - INFO - Scheduled Token-385 to start at 2025-03-17 13:41:17.865718.
2025-03-08 20:47:03,023 - root - INFO - Scheduled Token-386 to start at 2025-03-17 13:46:17.288682.
2025-03-08 20:47:03,023 - root - INFO - Scheduled Token-387 to start at 2025-03-17 13:51:53.825202.
2025-03-08 20:47:03,023 - root - INFO - Scheduled Token-388 to start at 2025-03-17 13:56:13.774541.
2025-03-08 20:47:03,023 - root - INFO - Scheduled Token-389 to start at 2025-03-18 08:00:00.
2025-03-08 20:47:03,023 - root - INFO - Scheduled Token-390 to start at 2025-03-18 08:06:15.103902.
2025-03-08 20:47:03,024 - root - INFO - Scheduled Token-391 to start at 2025-03-18 08:11:04.429192.
2025-03-08 20:47:03,024 - root - INFO - Scheduled Token-392 to start at 2025-03-18 08:17:25.960536.
2025-03-08 20:47:03,024 - root - INFO - Scheduled Token-393 to start at 2025-03-18 08:22:35.336944.
2025-03-08 20:47:03,024 - root - INFO - Scheduled Token-394 to start at 2025-03-18 08:29:01.207391.
2025-03-08 20:47:03,028 - root - INFO - Scheduled Token-395 to start at 2025-03-18 08:34:32.717698.
2025-03-08 20:47:03,028 - root - INFO - Scheduled Token-396 to start at 2025-03-18 08:40:54.640119.
2025-03-08 20:47:03,029 - root - INFO - Scheduled Token-397 to start at 2025-03-18 08:46:57.304560.
2025-03-08 20:47:03,029 - root - INFO - Scheduled Token-398 to start at 2025-03-18 08:51:39.392372.
2025-03-08 20:47:03,029 - root - INFO - Scheduled Token-399 to start at 2025-03-18 08:57:32.892380.
2025-03-08 20:47:03,030 - root - INFO - Scheduled Token-400 to start at 2025-03-18 09:03:51.731368.
2025-03-08 20:47:03,030 - root - INFO - Scheduled Token-401 to start at 2025-03-18 09:10:18.079265.
2025-03-08 20:47:03,030 - root - INFO - Scheduled Token-402 to start at 2025-03-18 09:16:40.716191.
2025-03-08 20:47:03,031 - root - INFO - Scheduled Token-403 to start at 2025-03-18 09:22:23.476206.
2025-03-08 20:47:03,031 - root - INFO - Scheduled Token-404 to start at 2025-03-18 09:28:38.675818.
2025-03-08 20:47:03,031 - root - INFO - Scheduled Token-405 to start at 2025-03-18 09:34:53.167890.
2025-03-08 20:47:03,031 - root - INFO - Scheduled Token-406 to start at 2025-03-18 09:39:41.617629.
2025-03-08 20:47:03,032 - root - INFO - Scheduled Token-407 to start at 2025-03-18 09:45:32.148644.
2025-03-08 20:47:03,032 - root - INFO - Scheduled Token-408 to start at 2025-03-18 09:51:02.662310.
2025-03-08 20:47:03,032 - root - INFO - Scheduled Token-409 to start at 2025-03-18 09:57:27.815900.
2025-03-08 20:47:03,033 - root - INFO - Scheduled Token-410 to start at 2025-03-18 10:03:28.728417.
2025-03-08 20:47:03,033 - root - INFO - Scheduled Token-411 to start at 2025-03-18 10:09:06.826924.
2025-03-08 20:47:03,033 - root - INFO - Scheduled Token-412 to start at 2025-03-18 10:14:56.008506.
2025-03-08 20:47:03,034 - root - INFO - Scheduled Token-413 to start at 2025-03-18 10:21:19.442364.
2025-03-08 20:47:03,034 - root - INFO - Scheduled Token-414 to start at 2025-03-18 10:26:41.819084.
2025-03-08 20:47:03,034 - root - INFO - Scheduled Token-415 to start at 2025-03-18 10:31:19.961879.
2025-03-08 20:47:03,034 - root - INFO - Scheduled Token-416 to start at 2025-03-18 10:37:03.411972.
2025-03-08 20:47:03,035 - root - INFO - Scheduled Token-417 to start at 2025-03-18 10:43:09.853098.
2025-03-08 20:47:03,035 - root - INFO - Scheduled Token-418 to start at 2025-03-18 10:49:14.682637.
2025-03-08 20:47:03,035 - root - INFO - Scheduled Token-419 to start at 2025-03-18 10:55:28.816612.
2025-03-08 20:47:03,036 - root - INFO - Scheduled Token-420 to start at 2025-03-18 11:01:31.386029.
2025-03-08 20:47:03,036 - root - INFO - Scheduled Token-421 to start at 2025-03-18 11:06:35.165297.
2025-03-08 20:47:03,036 - root - INFO - Scheduled Token-422 to start at 2025-03-18 11:11:29.440594.
2025-03-08 20:47:03,037 - root - INFO - Scheduled Token-423 to start at 2025-03-18 11:16:27.365651.
2025-03-08 20:47:03,038 - root - INFO - Scheduled Token-424 to start at 2025-03-18 11:21:23.667018.
2025-03-08 20:47:03,038 - root - INFO - Scheduled Token-425 to start at 2025-03-18 11:26:57.731161.
2025-03-08 20:47:03,038 - root - INFO - Scheduled Token-426 to start at 2025-03-18 11:33:15.718578.
2025-03-08 20:47:03,038 - root - INFO - Scheduled Token-427 to start at 2025-03-18 11:39:21.775478.
2025-03-08 20:47:03,040 - root - INFO - Scheduled Token-428 to start at 2025-03-18 11:44:38.912635.
2025-03-08 20:47:03,041 - root - INFO - Scheduled Token-429 to start at 2025-03-18 11:50:19.939906.
2025-03-08 20:47:03,043 - root - INFO - Scheduled Token-430 to start at 2025-03-18 11:55:31.570054.
2025-03-08 20:47:03,045 - root - INFO - Scheduled Token-431 to start at 2025-03-18 12:01:25.344187.
2025-03-08 20:47:03,063 - root - INFO - Scheduled Token-432 to start at 2025-03-18 12:07:18.293705.
2025-03-08 20:47:03,063 - root - INFO - Scheduled Token-433 to start at 2025-03-18 12:13:22.466527.
2025-03-08 20:47:03,063 - root - INFO - Scheduled Token-434 to start at 2025-03-18 12:18:30.008205.
2025-03-08 20:47:03,063 - root - INFO - Scheduled Token-435 to start at 2025-03-18 12:24:54.013821.
2025-03-08 20:47:03,063 - root - INFO - Scheduled Token-436 to start at 2025-03-18 12:30:33.710127.
2025-03-08 20:47:03,063 - root - INFO - Scheduled Token-437 to start at 2025-03-18 12:35:49.993721.
2025-03-08 20:47:03,063 - root - INFO - Scheduled Token-438 to start at 2025-03-18 12:41:40.815008.
2025-03-08 20:47:03,063 - root - INFO - Scheduled Token-439 to start at 2025-03-18 12:48:06.227155.
2025-03-08 20:47:03,063 - root - INFO - Scheduled Token-440 to start at 2025-03-18 12:53:13.797137.
2025-03-08 20:47:03,063 - root - INFO - Scheduled Token-441 to start at 2025-03-18 12:59:27.515178.
2025-03-08 20:47:03,063 - root - INFO - Scheduled Token-442 to start at 2025-03-18 13:05:34.059920.
2025-03-08 20:47:03,063 - root - INFO - Scheduled Token-443 to start at 2025-03-18 13:11:35.025832.
2025-03-08 20:47:03,063 - root - INFO - Scheduled Token-444 to start at 2025-03-18 13:17:52.218606.
2025-03-08 20:47:03,063 - root - INFO - Scheduled Token-445 to start at 2025-03-18 13:24:10.344900.
2025-03-08 20:47:03,063 - root - INFO - Scheduled Token-446 to start at 2025-03-18 13:30:29.323861.
2025-03-08 20:47:03,063 - root - INFO - Scheduled Token-447 to start at 2025-03-18 13:35:45.755737.
2025-03-08 20:47:03,063 - root - INFO - Scheduled Token-448 to start at 2025-03-18 13:41:05.963241.
2025-03-08 20:47:03,063 - root - INFO - Scheduled Token-449 to start at 2025-03-18 13:46:46.674742.
2025-03-08 20:47:03,063 - root - INFO - Scheduled Token-450 to start at 2025-03-18 13:51:48.596243.
2025-03-08 20:47:03,063 - root - INFO - Scheduled Token-451 to start at 2025-03-18 13:57:23.188865.
2025-03-08 20:47:03,068 - root - INFO - Scheduled Token-452 to start at 2025-03-19 08:00:00.
2025-03-08 20:47:03,068 - root - INFO - Scheduled Token-453 to start at 2025-03-19 08:06:24.701965.
2025-03-08 20:47:03,068 - root - INFO - Scheduled Token-454 to start at 2025-03-19 08:11:06.239277.
2025-03-08 20:47:03,068 - root - INFO - Scheduled Token-455 to start at 2025-03-19 08:17:14.595318.
2025-03-08 20:47:03,069 - root - INFO - Scheduled Token-456 to start at 2025-03-19 08:21:30.846397.
2025-03-08 20:47:03,069 - root - INFO - Scheduled Token-457 to start at 2025-03-19 08:27:57.601947.
2025-03-08 20:47:03,069 - root - INFO - Scheduled Token-458 to start at 2025-03-19 08:34:06.264899.
2025-03-08 20:47:03,069 - root - INFO - Scheduled Token-459 to start at 2025-03-19 08:39:53.541358.
2025-03-08 20:47:03,070 - root - INFO - Scheduled Token-460 to start at 2025-03-19 08:45:27.499173.
2025-03-08 20:47:03,070 - root - INFO - Scheduled Token-461 to start at 2025-03-19 08:51:21.744921.
2025-03-08 20:47:03,070 - root - INFO - Scheduled Token-462 to start at 2025-03-19 08:56:39.312711.
2025-03-08 20:47:03,072 - root - INFO - Scheduled Token-463 to start at 2025-03-19 09:02:11.535207.
2025-03-08 20:47:03,072 - root - INFO - Scheduled Token-464 to start at 2025-03-19 09:08:22.170945.
2025-03-08 20:47:03,072 - root - INFO - Scheduled Token-465 to start at 2025-03-19 09:13:50.368485.
2025-03-08 20:47:03,072 - root - INFO - Scheduled Token-466 to start at 2025-03-19 09:20:13.521222.
2025-03-08 20:47:03,072 - root - INFO - Scheduled Token-467 to start at 2025-03-19 09:26:30.343676.
2025-03-08 20:47:03,072 - root - INFO - Scheduled Token-468 to start at 2025-03-19 09:32:03.163911.
2025-03-08 20:47:03,073 - root - INFO - Scheduled Token-469 to start at 2025-03-19 09:36:32.141076.
2025-03-08 20:47:03,073 - root - INFO - Scheduled Token-470 to start at 2025-03-19 09:42:01.562252.
2025-03-08 20:47:03,074 - root - INFO - Scheduled Token-471 to start at 2025-03-19 09:48:25.492361.
2025-03-08 20:47:03,074 - root - INFO - Scheduled Token-472 to start at 2025-03-19 09:53:34.520974.
2025-03-08 20:47:03,074 - root - INFO - Scheduled Token-473 to start at 2025-03-19 09:59:20.465626.
2025-03-08 20:47:03,075 - root - INFO - Scheduled Token-474 to start at 2025-03-19 10:05:37.357337.
2025-03-08 20:47:03,075 - root - INFO - Scheduled Token-475 to start at 2025-03-19 10:10:49.430287.
2025-03-08 20:47:03,077 - root - INFO - Scheduled Token-476 to start at 2025-03-19 10:15:42.447709.
2025-03-08 20:47:03,078 - root - INFO - Scheduled Token-477 to start at 2025-03-19 10:20:47.461489.
2025-03-08 20:47:03,079 - root - INFO - Scheduled Token-478 to start at 2025-03-19 10:26:50.415378.
2025-03-08 20:47:03,079 - root - INFO - Scheduled Token-479 to start at 2025-03-19 10:33:11.257723.
2025-03-08 20:47:03,080 - root - INFO - Scheduled Token-480 to start at 2025-03-19 10:39:25.365518.
2025-03-08 20:47:03,080 - root - INFO - Scheduled Token-481 to start at 2025-03-19 10:45:16.358900.
2025-03-08 20:47:03,081 - root - INFO - Scheduled Token-482 to start at 2025-03-19 10:50:10.489423.
2025-03-08 20:47:03,083 - root - INFO - Scheduled Token-483 to start at 2025-03-19 10:56:15.695454.
2025-03-08 20:47:03,083 - root - INFO - Scheduled Token-484 to start at 2025-03-19 11:02:30.654708.
2025-03-08 20:47:03,084 - root - INFO - Scheduled Token-485 to start at 2025-03-19 11:08:42.718355.
2025-03-08 20:47:03,084 - root - INFO - Scheduled Token-486 to start at 2025-03-19 11:14:10.079214.
2025-03-08 20:47:03,084 - root - INFO - Scheduled Token-487 to start at 2025-03-19 11:19:48.609265.
2025-03-08 20:47:03,085 - root - INFO - Scheduled Token-488 to start at 2025-03-19 11:24:25.110949.
2025-03-08 20:47:03,085 - root - INFO - Scheduled Token-489 to start at 2025-03-19 11:30:35.386763.
2025-03-08 20:47:03,085 - root - INFO - Scheduled Token-490 to start at 2025-03-19 11:36:39.848723.
2025-03-08 20:47:03,086 - root - INFO - Scheduled Token-491 to start at 2025-03-19 11:42:50.122909.
2025-03-08 20:47:03,086 - root - INFO - Scheduled Token-492 to start at 2025-03-19 11:49:16.829252.
2025-03-08 20:47:03,086 - root - INFO - Scheduled Token-493 to start at 2025-03-19 11:55:34.985411.
2025-03-08 20:47:03,086 - root - INFO - Scheduled Token-494 to start at 2025-03-19 12:01:22.802952.
2025-03-08 20:47:03,087 - root - INFO - Scheduled Token-495 to start at 2025-03-19 12:07:42.662342.
2025-03-08 20:47:03,087 - root - INFO - Scheduled Token-496 to start at 2025-03-19 12:14:00.997223.
2025-03-08 20:47:03,087 - root - INFO - Scheduled Token-497 to start at 2025-03-19 12:20:16.042430.
2025-03-08 20:47:03,088 - root - INFO - Scheduled Token-498 to start at 2025-03-19 12:25:35.864109.
2025-03-08 20:47:03,089 - root - INFO - Scheduled Token-499 to start at 2025-03-19 12:30:20.909592.
2025-03-08 20:47:03,089 - root - INFO - Scheduled Token-500 to start at 2025-03-19 12:36:31.432335.
2025-03-08 20:47:03,090 - root - INFO - Scheduled 500 tokens. Running simulation...
2025-03-08 20:47:03,111 - root - INFO - Running pre-simulation diagnostics...
2025-03-08 20:47:03,112 - root - INFO - Found 1 start nodes: ['Monthly']
2025-03-08 20:47:03,112 - root - INFO - Start nodes: ['Monthly']
2025-03-08 20:47:03,112 - root - INFO - End nodes: ['Unknown']
2025-03-08 20:47:03,113 - root - INFO - Node ID: Monthly, Name: Unknown, Resource: None, Type: Start
2025-03-08 20:47:03,113 - root - INFO - Node ID: Review AM using Asset Change Tracker (5.5.13.1), Name: Unknown, Resource: Tech, Type: Activity Step
2025-03-08 20:47:03,113 - root - INFO - Node ID: Complete /Accurate?, Name: Unknown, Resource: None, Type: Activity Step
2025-03-08 20:47:03,113 - root - INFO - Node ID: Note Accuracy in Asset Change Tracker (5.5.13.2), Name: Unknown, Resource: Tech, Type: CONDITION-Yes
2025-03-08 20:47:03,113 - root - INFO - Node ID: Work with REO RPO to Correct (5.5.13.3), Name: Unknown, Resource: Tech, Type: CONDITION-No
2025-03-08 20:47:03,113 - root - INFO - Node ID: Create Journal Entries?, Name: Unknown, Resource: None, Type: [Inclusive Gateway]
2025-03-08 20:47:03,113 - root - INFO - Node ID: Create/Post Journal Entries (5.5.13.4), Name: Unknown, Resource: Certifier, Type: CONDITION-Post
2025-03-08 20:47:03,113 - root - INFO - Node ID: Inclusive Path 3, Name: Unknown, Resource: None, Type: CONDITION-Path 3
2025-03-08 20:47:03,113 - root - INFO - Node ID: Unknown, Name: Unknown, Resource: None, Type: Stop
2025-03-08 20:47:03,113 - root - INFO - Resource 'Tech' (count: 1) is assigned to tasks: ['Review AM using Asset Change Tracker (5.5.13.1)', 'Note Accuracy in Asset Change Tracker (5.5.13.2)', 'Work with REO RPO to Correct (5.5.13.3)']
2025-03-08 20:47:03,113 - root - INFO - Resource 'Certifier' (count: 1) is assigned to tasks: ['Create/Post Journal Entries (5.5.13.4)']
2025-03-08 20:47:03,113 - root - INFO - Gateway Complete /Accurate? of type [Exclusive Gateway] has outgoing paths: ['Note Accuracy in Asset Change Tracker (5.5.13.2)', 'Work with REO RPO to Correct (5.5.13.3)']
2025-03-08 20:47:03,113 - root - INFO - Gateway Note Accuracy in Asset Change Tracker (5.5.13.2) of type [Exclusive Gateway] has outgoing paths: ['Unknown']
2025-03-08 20:47:03,113 - root - INFO - Gateway Work with REO RPO to Correct (5.5.13.3) of type [Exclusive Gateway] has outgoing paths: ['Create Journal Entries?']
2025-03-08 20:47:03,113 - root - INFO - Gateway Create Journal Entries? of type [Inclusive Gateway] has outgoing paths: ['Create/Post Journal Entries (5.5.13.4)', 'Note Accuracy in Asset Change Tracker (5.5.13.2)', 'Inclusive Path 3']
2025-03-08 20:47:03,113 - root - INFO - Gateway Create/Post Journal Entries (5.5.13.4) of type [Exclusive Gateway] has outgoing paths: ['Unknown']
2025-03-08 20:47:03,113 - root - INFO - Gateway Inclusive Path 3 of type [Exclusive Gateway] has outgoing paths: ['Unknown']
2025-03-08 20:47:03,113 - root - INFO - Resource Tech has 1 instances available
2025-03-08 20:47:03,113 - root - INFO - Resource Certifier has 1 instances available
2025-03-08 20:47:03,113 - root - INFO - Found 1 start nodes: ['Monthly']
2025-03-08 20:47:03,113 - root - INFO - Found 4 possible paths through the process
2025-03-08 20:47:03,120 - root - INFO - Starting simulation...
2025-03-08 20:47:03,121 - root - INFO - Token Token-1 started task 'Monthly' at 2025-03-10 08:00:00, scheduled to end at 2025-03-10 08:00:00 (processing time: 0.00 min)
2025-03-08 20:47:03,122 - root - INFO - Processing end event: Token Token-1 at node Monthly (Unknown)
2025-03-08 20:47:03,122 - root - INFO - Token Token-1 completed task 'Monthly' at 2025-03-10 08:00:00.
2025-03-08 20:47:03,122 - root - INFO - Next nodes for Monthly: ['Review AM using Asset Change Tracker (5.5.13.1)']
2025-03-08 20:47:03,122 - root - INFO - Scheduling direct next node Review AM using Asset Change Tracker (5.5.13.1)
2025-03-08 20:47:03,123 - root - INFO - Token Token-1 started task 'Review AM using Asset Change Tracker (5.5.13.1)' at 2025-03-10 08:00:00, scheduled to end at 2025-03-10 08:06:48.041239 (processing time: 6.80 min)
2025-03-08 20:47:03,123 - root - INFO - Token Token-2 started task 'Monthly' at 2025-03-10 08:04:25.784440, scheduled to end at 2025-03-10 08:04:25.784440 (processing time: 0.00 min)
2025-03-08 20:47:03,123 - root - INFO - Processing end event: Token Token-2 at node Monthly (Unknown)
2025-03-08 20:47:03,123 - root - INFO - Token Token-2 completed task 'Monthly' at 2025-03-10 08:04:25.784440.
2025-03-08 20:47:03,124 - root - INFO - Next nodes for Monthly: ['Review AM using Asset Change Tracker (5.5.13.1)']
2025-03-08 20:47:03,124 - root - INFO - Scheduling direct next node Review AM using Asset Change Tracker (5.5.13.1)
2025-03-08 20:47:03,124 - root - INFO - Token Token-2 waiting for resource 'Tech' at 2025-03-10 08:04:25.784440
2025-03-08 20:47:03,124 - root - INFO - Processing end event: Token Token-1 at node Review AM using Asset Change Tracker (5.5.13.1) (Unknown)
2025-03-08 20:47:03,124 - root - INFO - Token Token-1 completed task 'Review AM using Asset Change Tracker (5.5.13.1)' at 2025-03-10 08:06:48.041239.
2025-03-08 20:47:03,125 - root - INFO - Releasing resource 'Tech' for token Token-1
2025-03-08 20:47:03,125 - root - INFO - Token Token-2 released from wait queue for 'Tech'
2025-03-08 20:47:03,125 - root - INFO - Next nodes for Review AM using Asset Change Tracker (5.5.13.1): ['Complete /Accurate?']
2025-03-08 20:47:03,125 - root - INFO - Processing gateway Complete /Accurate? of type [Exclusive Gateway]
2025-03-08 20:47:03,125 - root - INFO - Scheduling parallel path Note Accuracy in Asset Change Tracker (5.5.13.2) from gateway Complete /Accurate?
2025-03-08 20:47:03,126 - root - INFO - Scheduling parallel path Work with REO RPO to Correct (5.5.13.3) from gateway Complete /Accurate?
2025-03-08 20:47:03,126 - root - INFO - Token Token-2 waiting for resource 'Tech' at 2025-03-10 08:06:48.041239
2025-03-08 20:47:03,126 - root - INFO - Token Token-1 waiting for resource 'Tech' at 2025-03-10 08:06:48.041239
2025-03-08 20:47:03,126 - root - INFO - Token Token-1 waiting for resource 'Tech' at 2025-03-10 08:06:48.041239
2025-03-08 20:47:03,127 - root - INFO - Token Token-3 started task 'Monthly' at 2025-03-10 08:10:07.573733, scheduled to end at 2025-03-10 08:10:07.573733 (processing time: 0.00 min)
2025-03-08 20:47:03,127 - root - INFO - Processing end event: Token Token-3 at node Monthly (Unknown)
2025-03-08 20:47:03,127 - root - INFO - Token Token-3 completed task 'Monthly' at 2025-03-10 08:10:07.573733.
2025-03-08 20:47:03,127 - root - INFO - Next nodes for Monthly: ['Review AM using Asset Change Tracker (5.5.13.1)']
2025-03-08 20:47:03,127 - root - INFO - Scheduling direct next node Review AM using Asset Change Tracker (5.5.13.1)
2025-03-08 20:47:03,128 - root - INFO - Token Token-3 waiting for resource 'Tech' at 2025-03-10 08:10:07.573733
2025-03-08 20:47:03,128 - root - INFO - Token Token-4 started task 'Monthly' at 2025-03-10 08:15:15.515471, scheduled to end at 2025-03-10 08:15:15.515471 (processing time: 0.00 min)
2025-03-08 20:47:03,128 - root - INFO - Processing end event: Token Token-4 at node Monthly (Unknown)
2025-03-08 20:47:03,128 - root - INFO - Token Token-4 completed task 'Monthly' at 2025-03-10 08:15:15.515471.
2025-03-08 20:47:03,129 - root - INFO - Next nodes for Monthly: ['Review AM using Asset Change Tracker (5.5.13.1)']
2025-03-08 20:47:03,129 - root - INFO - Scheduling direct next node Review AM using Asset Change Tracker (5.5.13.1)
2025-03-08 20:47:03,129 - root - INFO - Token Token-4 waiting for resource 'Tech' at 2025-03-10 08:15:15.515471
2025-03-08 20:47:03,132 - root - INFO - Token Token-5 started task 'Monthly' at 2025-03-10 08:20:35.950939, scheduled to end at 2025-03-10 08:20:35.950939 (processing time: 0.00 min)
2025-03-08 20:47:03,133 - root - INFO - Processing end event: Token Token-5 at node Monthly (Unknown)
2025-03-08 20:47:03,133 - root - INFO - Token Token-5 completed task 'Monthly' at 2025-03-10 08:20:35.950939.
2025-03-08 20:47:03,133 - root - INFO - Next nodes for Monthly: ['Review AM using Asset Change Tracker (5.5.13.1)']
2025-03-08 20:47:03,134 - root - INFO - Scheduling direct next node Review AM using Asset Change Tracker (5.5.13.1)
2025-03-08 20:47:03,134 - root - INFO - Token Token-5 waiting for resource 'Tech' at 2025-03-10 08:20:35.950939
2025-03-08 20:47:03,134 - root - INFO - Token Token-6 started task 'Monthly' at 2025-03-10 08:25:58.226437, scheduled to end at 2025-03-10 08:25:58.226437 (processing time: 0.00 min)
2025-03-08 20:47:03,135 - root - INFO - Processing end event: Token Token-6 at node Monthly (Unknown)
2025-03-08 20:47:03,135 - root - INFO - Token Token-6 completed task 'Monthly' at 2025-03-10 08:25:58.226437.
2025-03-08 20:47:03,136 - root - INFO - Next nodes for Monthly: ['Review AM using Asset Change Tracker (5.5.13.1)']
2025-03-08 20:47:03,137 - root - INFO - Scheduling direct next node Review AM using Asset Change Tracker (5.5.13.1)
2025-03-08 20:47:03,138 - root - INFO - Token Token-6 waiting for resource 'Tech' at 2025-03-10 08:25:58.226437
2025-03-08 20:47:03,139 - root - INFO - Token Token-7 started task 'Monthly' at 2025-03-10 08:32:10.443604, scheduled to end at 2025-03-10 08:32:10.443604 (processing time: 0.00 min)
2025-03-08 20:47:03,159 - root - INFO - Processing end event: Token Token-7 at node Monthly (Unknown)
2025-03-08 20:47:03,159 - root - INFO - Token Token-7 completed task 'Monthly' at 2025-03-10 08:32:10.443604.
2025-03-08 20:47:03,161 - root - INFO - Next nodes for Monthly: ['Review AM using Asset Change Tracker (5.5.13.1)']
2025-03-08 20:47:03,161 - root - INFO - Scheduling direct next node Review AM using Asset Change Tracker (5.5.13.1)
2025-03-08 20:47:03,162 - root - INFO - Token Token-7 waiting for resource 'Tech' at 2025-03-10 08:32:10.443604
2025-03-08 20:47:03,162 - root - INFO - Token Token-8 started task 'Monthly' at 2025-03-10 08:38:02.694103, scheduled to end at 2025-03-10 08:38:02.694103 (processing time: 0.00 min)
2025-03-08 20:47:03,162 - root - INFO - Processing end event: Token Token-8 at node Monthly (Unknown)
2025-03-08 20:47:03,163 - root - INFO - Token Token-8 completed task 'Monthly' at 2025-03-10 08:38:02.694103.
2025-03-08 20:47:03,163 - root - INFO - Next nodes for Monthly: ['Review AM using Asset Change Tracker (5.5.13.1)']
2025-03-08 20:47:03,163 - root - INFO - Scheduling direct next node Review AM using Asset Change Tracker (5.5.13.1)
2025-03-08 20:47:03,164 - root - INFO - Token Token-8 waiting for resource 'Tech' at 2025-03-10 08:38:02.694103
2025-03-08 20:47:03,164 - root - INFO - Token Token-9 started task 'Monthly' at 2025-03-10 08:43:56.351485, scheduled to end at 2025-03-10 08:43:56.351485 (processing time: 0.00 min)
2025-03-08 20:47:03,164 - root - INFO - Processing end event: Token Token-9 at node Monthly (Unknown)
2025-03-08 20:47:03,165 - root - INFO - Token Token-9 completed task 'Monthly' at 2025-03-10 08:43:56.351485.
2025-03-08 20:47:03,165 - root - INFO - Next nodes for Monthly: ['Review AM using Asset Change Tracker (5.5.13.1)']
2025-03-08 20:47:03,166 - root - INFO - Scheduling direct next node Review AM using Asset Change Tracker (5.5.13.1)
2025-03-08 20:47:03,166 - root - INFO - Token Token-9 waiting for resource 'Tech' at 2025-03-10 08:43:56.351485
2025-03-08 20:47:03,167 - root - INFO - Token Token-10 started task 'Monthly' at 2025-03-10 08:49:44.847881, scheduled to end at 2025-03-10 08:49:44.847881 (processing time: 0.00 min)
2025-03-08 20:47:03,167 - root - INFO - Processing end event: Token Token-10 at node Monthly (Unknown)
2025-03-08 20:47:03,167 - root - INFO - Token Token-10 completed task 'Monthly' at 2025-03-10 08:49:44.847881.
2025-03-08 20:47:03,168 - root - INFO - Next nodes for Monthly: ['Review AM using Asset Change Tracker (5.5.13.1)']
2025-03-08 20:47:03,168 - root - INFO - Scheduling direct next node Review AM using Asset Change Tracker (5.5.13.1)
2025-03-08 20:47:03,168 - root - INFO - Token Token-10 waiting for resource 'Tech' at 2025-03-10 08:49:44.847881
2025-03-08 20:47:03,168 - root - INFO - Token Token-11 started task 'Monthly' at 2025-03-10 08:55:16.100361, scheduled to end at 2025-03-10 08:55:16.100361 (processing time: 0.00 min)
2025-03-08 20:47:03,168 - root - INFO - Processing end event: Token Token-11 at node Monthly (Unknown)
2025-03-08 20:47:03,168 - root - INFO - Token Token-11 completed task 'Monthly' at 2025-03-10 08:55:16.100361.
2025-03-08 20:47:03,168 - root - INFO - Next nodes for Monthly: ['Review AM using Asset Change Tracker (5.5.13.1)']
2025-03-08 20:47:03,170 - root - INFO - Scheduling direct next node Review AM using Asset Change Tracker (5.5.13.1)
2025-03-08 20:47:03,170 - root - INFO - Token Token-11 waiting for resource 'Tech' at 2025-03-10 08:55:16.100361
2025-03-08 20:47:03,170 - root - INFO - Token Token-12 started task 'Monthly' at 2025-03-10 09:00:45.478363, scheduled to end at 2025-03-10 09:00:45.478363 (processing time: 0.00 min)
2025-03-08 20:47:03,170 - root - INFO - Processing end event: Token Token-12 at node Monthly (Unknown)
2025-03-08 20:47:03,170 - root - INFO - Token Token-12 completed task 'Monthly' at 2025-03-10 09:00:45.478363.
2025-03-08 20:47:03,170 - root - INFO - Next nodes for Monthly: ['Review AM using Asset Change Tracker (5.5.13.1)']
2025-03-08 20:47:03,170 - root - INFO - Scheduling direct next node Review AM using Asset Change Tracker (5.5.13.1)
2025-03-08 20:47:03,171 - root - INFO - Token Token-12 waiting for resource 'Tech' at 2025-03-10 09:00:45.478363
2025-03-08 20:47:03,171 - root - INFO - Token Token-13 started task 'Monthly' at 2025-03-10 09:06:17.664351, scheduled to end at 2025-03-10 09:06:17.664351 (processing time: 0.00 min)
2025-03-08 20:47:03,171 - root - INFO - Processing end event: Token Token-13 at node Monthly (Unknown)
2025-03-08 20:47:03,171 - root - INFO - Token Token-13 completed task 'Monthly' at 2025-03-10 09:06:17.664351.
2025-03-08 20:47:03,172 - root - INFO - Next nodes for Monthly: ['Review AM using Asset Change Tracker (5.5.13.1)']
2025-03-08 20:47:03,172 - root - INFO - Scheduling direct next node Review AM using Asset Change Tracker (5.5.13.1)
2025-03-08 20:47:03,172 - root - INFO - Token Token-13 waiting for resource 'Tech' at 2025-03-10 09:06:17.664351
2025-03-08 20:47:03,172 - root - INFO - Token Token-14 started task 'Monthly' at 2025-03-10 09:12:34.984017, scheduled to end at 2025-03-10 09:12:34.984017 (processing time: 0.00 min)
2025-03-08 20:47:03,172 - root - INFO - Processing end event: Token Token-14 at node Monthly (Unknown)
2025-03-08 20:47:03,173 - root - INFO - Token Token-14 completed task 'Monthly' at 2025-03-10 09:12:34.984017.
2025-03-08 20:47:03,173 - root - INFO - Next nodes for Monthly: ['Review AM using Asset Change Tracker (5.5.13.1)']
2025-03-08 20:47:03,173 - root - INFO - Scheduling direct next node Review AM using Asset Change Tracker (5.5.13.1)
2025-03-08 20:47:03,173 - root - INFO - Token Token-14 waiting for resource 'Tech' at 2025-03-10 09:12:34.984017
2025-03-08 20:47:03,174 - root - INFO - Token Token-15 started task 'Monthly' at 2025-03-10 09:18:21.988891, scheduled to end at 2025-03-10 09:18:21.988891 (processing time: 0.00 min)
2025-03-08 20:47:03,174 - root - INFO - Processing end event: Token Token-15 at node Monthly (Unknown)
2025-03-08 20:47:03,174 - root - INFO - Token Token-15 completed task 'Monthly' at 2025-03-10 09:18:21.988891.
2025-03-08 20:47:03,174 - root - INFO - Next nodes for Monthly: ['Review AM using Asset Change Tracker (5.5.13.1)']
2025-03-08 20:47:03,175 - root - INFO - Scheduling direct next node Review AM using Asset Change Tracker (5.5.13.1)
2025-03-08 20:47:03,175 - root - INFO - Token Token-15 waiting for resource 'Tech' at 2025-03-10 09:18:21.988891
2025-03-08 20:47:03,175 - root - INFO - Token Token-16 started task 'Monthly' at 2025-03-10 09:24:27.172531, scheduled to end at 2025-03-10 09:24:27.172531 (processing time: 0.00 min)
2025-03-08 20:47:03,175 - root - INFO - Processing end event: Token Token-16 at node Monthly (Unknown)
2025-03-08 20:47:03,176 - root - INFO - Token Token-16 completed task 'Monthly' at 2025-03-10 09:24:27.172531.
2025-03-08 20:47:03,176 - root - INFO - Next nodes for Monthly: ['Review AM using Asset Change Tracker (5.5.13.1)']
2025-03-08 20:47:03,176 - root - INFO - Scheduling direct next node Review AM using Asset Change Tracker (5.5.13.1)
2025-03-08 20:47:03,176 - root - INFO - Token Token-16 waiting for resource 'Tech' at 2025-03-10 09:24:27.172531
2025-03-08 20:47:03,177 - root - INFO - Token Token-17 started task 'Monthly' at 2025-03-10 09:30:37.119822, scheduled to end at 2025-03-10 09:30:37.119822 (processing time: 0.00 min)
2025-03-08 20:47:03,177 - root - INFO - Processing end event: Token Token-17 at node Monthly (Unknown)
2025-03-08 20:47:03,177 - root - INFO - Token Token-17 completed task 'Monthly' at 2025-03-10 09:30:37.119822.
2025-03-08 20:47:03,177 - root - INFO - Next nodes for Monthly: ['Review AM using Asset Change Tracker (5.5.13.1)']
2025-03-08 20:47:03,177 - root - INFO - Scheduling direct next node Review AM using Asset Change Tracker (5.5.13.1)
2025-03-08 20:47:03,178 - root - INFO - Token Token-17 waiting for resource 'Tech' at 2025-03-10 09:30:37.119822
2025-03-08 20:47:03,179 - root - INFO - Token Token-18 started task 'Monthly' at 2025-03-10 09:35:44.992596, scheduled to end at 2025-03-10 09:35:44.992596 (processing time: 0.00 min)
2025-03-08 20:47:03,179 - root - INFO - Processing end event: Token Token-18 at node Monthly (Unknown)
2025-03-08 20:47:03,179 - root - INFO - Token Token-18 completed task 'Monthly' at 2025-03-10 09:35:44.992596.
2025-03-08 20:47:03,179 - root - INFO - Next nodes for Monthly: ['Review AM using Asset Change Tracker (5.5.13.1)']
2025-03-08 20:47:03,179 - root - INFO - Scheduling direct next node Review AM using Asset Change Tracker (5.5.13.1)
2025-03-08 20:47:03,179 - root - INFO - Token Token-18 waiting for resource 'Tech' at 2025-03-10 09:35:44.992596
2025-03-08 20:47:03,180 - root - INFO - Token Token-19 started task 'Monthly' at 2025-03-10 09:41:29.020515, scheduled to end at 2025-03-10 09:41:29.020515 (processing time: 0.00 min)
2025-03-08 20:47:03,180 - root - INFO - Processing end event: Token Token-19 at node Monthly (Unknown)
2025-03-08 20:47:03,183 - root - INFO - Token Token-19 completed task 'Monthly' at 2025-03-10 09:41:29.020515.
2025-03-08 20:47:03,184 - root - INFO - Next nodes for Monthly: ['Review AM using Asset Change Tracker (5.5.13.1)']
2025-03-08 20:47:03,184 - root - INFO - Scheduling direct next node Review AM using Asset Change Tracker (5.5.13.1)
2025-03-08 20:47:03,184 - root - INFO - Token Token-19 waiting for resource 'Tech' at 2025-03-10 09:41:29.020515
2025-03-08 20:47:03,185 - root - INFO - Token Token-20 started task 'Monthly' at 2025-03-10 09:46:27.412046, scheduled to end at 2025-03-10 09:46:27.412046 (processing time: 0.00 min)
2025-03-08 20:47:03,185 - root - INFO - Processing end event: Token Token-20 at node Monthly (Unknown)
2025-03-08 20:47:03,186 - root - INFO - Token Token-20 completed task 'Monthly' at 2025-03-10 09:46:27.412046.
2025-03-08 20:47:03,186 - root - INFO - Next nodes for Monthly: ['Review AM using Asset Change Tracker (5.5.13.1)']
2025-03-08 20:47:03,186 - root - INFO - Scheduling direct next node Review AM using Asset Change Tracker (5.5.13.1)
2025-03-08 20:47:03,186 - root - INFO - Token Token-20 waiting for resource 'Tech' at 2025-03-10 09:46:27.412046
2025-03-08 20:47:03,187 - root - INFO - Token Token-21 started task 'Monthly' at 2025-03-10 09:52:37.999299, scheduled to end at 2025-03-10 09:52:37.999299 (processing time: 0.00 min)
2025-03-08 20:47:03,187 - root - INFO - Processing end event: Token Token-21 at node Monthly (Unknown)
2025-03-08 20:47:03,187 - root - INFO - Token Token-21 completed task 'Monthly' at 2025-03-10 09:52:37.999299.
2025-03-08 20:47:03,188 - root - INFO - Next nodes for Monthly: ['Review AM using Asset Change Tracker (5.5.13.1)']
2025-03-08 20:47:03,188 - root - INFO - Scheduling direct next node Review AM using Asset Change Tracker (5.5.13.1)
2025-03-08 20:47:03,189 - root - INFO - Token Token-21 waiting for resource 'Tech' at 2025-03-10 09:52:37.999299
2025-03-08 20:47:03,189 - root - INFO - Token Token-22 started task 'Monthly' at 2025-03-10 09:57:41.079025, scheduled to end at 2025-03-10 09:57:41.079025 (processing time: 0.00 min)
2025-03-08 20:47:03,190 - root - INFO - Processing end event: Token Token-22 at node Monthly (Unknown)
2025-03-08 20:47:03,190 - root - INFO - Token Token-22 completed task 'Monthly' at 2025-03-10 09:57:41.079025.
2025-03-08 20:47:03,190 - root - INFO - Next nodes for Monthly: ['Review AM using Asset Change Tracker (5.5.13.1)']
2025-03-08 20:47:03,190 - root - INFO - Scheduling direct next node Review AM using Asset Change Tracker (5.5.13.1)
2025-03-08 20:47:03,191 - root - INFO - Token Token-22 waiting for resource 'Tech' at 2025-03-10 09:57:41.079025
2025-03-08 20:47:03,191 - root - INFO - Token Token-23 started task 'Monthly' at 2025-03-10 10:03:13.925069, scheduled to end at 2025-03-10 10:03:13.925069 (processing time: 0.00 min)
2025-03-08 20:47:03,191 - root - INFO - Processing end event: Token Token-23 at node Monthly (Unknown)
2025-03-08 20:47:03,192 - root - INFO - Token Token-23 completed task 'Monthly' at 2025-03-10 10:03:13.925069.
2025-03-08 20:47:03,192 - root - INFO - Next nodes for Monthly: ['Review AM using Asset Change Tracker (5.5.13.1)']
2025-03-08 20:47:03,192 - root - INFO - Scheduling direct next node Review AM using Asset Change Tracker (5.5.13.1)
2025-03-08 20:47:03,193 - root - INFO - Token Token-23 waiting for resource 'Tech' at 2025-03-10 10:03:13.925069
2025-03-08 20:47:03,193 - root - INFO - Token Token-24 started task 'Monthly' at 2025-03-10 10:07:57.085701, scheduled to end at 2025-03-10 10:07:57.085701 (processing time: 0.00 min)
2025-03-08 20:47:03,193 - root - INFO - Processing end event: Token Token-24 at node Monthly (Unknown)
2025-03-08 20:47:03,194 - root - INFO - Token Token-24 completed task 'Monthly' at 2025-03-10 10:07:57.085701.
2025-03-08 20:47:03,194 - root - INFO - Next nodes for Monthly: ['Review AM using Asset Change Tracker (5.5.13.1)']
2025-03-08 20:47:03,195 - root - INFO - Scheduling direct next node Review AM using Asset Change Tracker (5.5.13.1)
2025-03-08 20:47:03,197 - root - INFO - Token Token-24 waiting for resource 'Tech' at 2025-03-10 10:07:57.085701
2025-03-08 20:47:03,219 - root - INFO - Token Token-25 started task 'Monthly' at 2025-03-10 10:14:03.015013, scheduled to end at 2025-03-10 10:14:03.015013 (processing time: 0.00 min)
2025-03-08 20:47:03,219 - root - INFO - Processing end event: Token Token-25 at node Monthly (Unknown)
2025-03-08 20:47:03,220 - root - INFO - Token Token-25 completed task 'Monthly' at 2025-03-10 10:14:03.015013.
2025-03-08 20:47:03,220 - root - INFO - Next nodes for Monthly: ['Review AM using Asset Change Tracker (5.5.13.1)']
2025-03-08 20:47:03,221 - root - INFO - Scheduling direct next node Review AM using Asset Change Tracker (5.5.13.1)
2025-03-08 20:47:03,221 - root - INFO - Token Token-25 waiting for resource 'Tech' at 2025-03-10 10:14:03.015013
2025-03-08 20:47:03,221 - root - INFO - Token Token-26 started task 'Monthly' at 2025-03-10 10:19:46.553260, scheduled to end at 2025-03-10 10:19:46.553260 (processing time: 0.00 min)
2025-03-08 20:47:03,222 - root - INFO - Processing end event: Token Token-26 at node Monthly (Unknown)
2025-03-08 20:47:03,222 - root - INFO - Token Token-26 completed task 'Monthly' at 2025-03-10 10:19:46.553260.
2025-03-08 20:47:03,223 - root - INFO - Next nodes for Monthly: ['Review AM using Asset Change Tracker (5.5.13.1)']
2025-03-08 20:47:03,223 - root - INFO - Scheduling direct next node Review AM using Asset Change Tracker (5.5.13.1)
2025-03-08 20:47:03,223 - root - INFO - Token Token-26 waiting for resource 'Tech' at 2025-03-10 10:19:46.553260
2025-03-08 20:47:03,223 - root - INFO - Token Token-27 started task 'Monthly' at 2025-03-10 10:24:32.574368, scheduled to end at 2025-03-10 10:24:32.574368 (processing time: 0.00 min)
2025-03-08 20:47:03,224 - root - INFO - Processing end event: Token Token-27 at node Monthly (Unknown)
2025-03-08 20:47:03,224 - root - INFO - Token Token-27 completed task 'Monthly' at 2025-03-10 10:24:32.574368.
2025-03-08 20:47:03,224 - root - INFO - Next nodes for Monthly: ['Review AM using Asset Change Tracker (5.5.13.1)']
2025-03-08 20:47:03,225 - root - INFO - Scheduling direct next node Review AM using Asset Change Tracker (5.5.13.1)
2025-03-08 20:47:03,225 - root - INFO - Token Token-27 waiting for resource 'Tech' at 2025-03-10 10:24:32.574368
2025-03-08 20:47:03,225 - root - INFO - Token Token-28 started task 'Monthly' at 2025-03-10 10:30:33.381678, scheduled to end at 2025-03-10 10:30:33.381678 (processing time: 0.00 min)
2025-03-08 20:47:03,225 - root - INFO - Processing end event: Token Token-28 at node Monthly (Unknown)
2025-03-08 20:47:03,225 - root - INFO - Token Token-28 completed task 'Monthly' at 2025-03-10 10:30:33.381678.
2025-03-08 20:47:03,225 - root - INFO - Next nodes for Monthly: ['Review AM using Asset Change Tracker (5.5.13.1)']
2025-03-08 20:47:03,225 - root - INFO - Scheduling direct next node Review AM using Asset Change Tracker (5.5.13.1)
2025-03-08 20:47:03,225 - root - INFO - Token Token-28 waiting for resource 'Tech' at 2025-03-10 10:30:33.381678
2025-03-08 20:47:03,228 - root - INFO - Token Token-29 started task 'Monthly' at 2025-03-10 10:35:16.465048, scheduled to end at 2025-03-10 10:35:16.465048 (processing time: 0.00 min)
2025-03-08 20:47:03,228 - root - INFO - Processing end event: Token Token-29 at node Monthly (Unknown)
2025-03-08 20:47:03,228 - root - INFO - Token Token-29 completed task 'Monthly' at 2025-03-10 10:35:16.465048.
2025-03-08 20:47:03,229 - root - INFO - Next nodes for Monthly: ['Review AM using Asset Change Tracker (5.5.13.1)']
2025-03-08 20:47:03,229 - root - INFO - Scheduling direct next node Review AM using Asset Change Tracker (5.5.13.1)
2025-03-08 20:47:03,229 - root - INFO - Token Token-29 waiting for resource 'Tech' at 2025-03-10 10:35:16.465048
2025-03-08 20:47:03,229 - root - INFO - Token Token-30 started task 'Monthly' at 2025-03-10 10:39:43.331910, scheduled to end at 2025-03-10 10:39:43.331910 (processing time: 0.00 min)
2025-03-08 20:47:03,230 - root - INFO - Processing end event: Token Token-30 at node Monthly (Unknown)
2025-03-08 20:47:03,230 - root - INFO - Token Token-30 completed task 'Monthly' at 2025-03-10 10:39:43.331910.
2025-03-08 20:47:03,230 - root - INFO - Next nodes for Monthly: ['Review AM using Asset Change Tracker (5.5.13.1)']
2025-03-08 20:47:03,230 - root - INFO - Scheduling direct next node Review AM using Asset Change Tracker (5.5.13.1)
2025-03-08 20:47:03,230 - root - INFO - Token Token-30 waiting for resource 'Tech' at 2025-03-10 10:39:43.331910
2025-03-08 20:47:03,231 - root - INFO - Token Token-31 started task 'Monthly' at 2025-03-10 10:45:06.750361, scheduled to end at 2025-03-10 10:45:06.750361 (processing time: 0.00 min)
2025-03-08 20:47:03,231 - root - INFO - Processing end event: Token Token-31 at node Monthly (Unknown)
2025-03-08 20:47:03,231 - root - INFO - Token Token-31 completed task 'Monthly' at 2025-03-10 10:45:06.750361.
2025-03-08 20:47:03,231 - root - INFO - Next nodes for Monthly: ['Review AM using Asset Change Tracker (5.5.13.1)']
2025-03-08 20:47:03,232 - root - INFO - Scheduling direct next node Review AM using Asset Change Tracker (5.5.13.1)
2025-03-08 20:47:03,232 - root - INFO - Token Token-31 waiting for resource 'Tech' at 2025-03-10 10:45:06.750361
2025-03-08 20:47:03,232 - root - INFO - Token Token-32 started task 'Monthly' at 2025-03-10 10:51:30.379122, scheduled to end at 2025-03-10 10:51:30.379122 (processing time: 0.00 min)
2025-03-08 20:47:03,232 - root - INFO - Processing end event: Token Token-32 at node Monthly (Unknown)
2025-03-08 20:47:03,232 - root - INFO - Token Token-32 completed task 'Monthly' at 2025-03-10 10:51:30.379122.
2025-03-08 20:47:03,233 - root - INFO - Next nodes for Monthly: ['Review AM using Asset Change Tracker (5.5.13.1)']
2025-03-08 20:47:03,233 - root - INFO - Scheduling direct next node Review AM using Asset Change Tracker (5.5.13.1)
2025-03-08 20:47:03,233 - root - INFO - Token Token-32 waiting for resource 'Tech' at 2025-03-10 10:51:30.379122
2025-03-08 20:47:03,233 - root - INFO - Token Token-33 started task 'Monthly' at 2025-03-10 10:57:41.897961, scheduled to end at 2025-03-10 10:57:41.897961 (processing time: 0.00 min)
2025-03-08 20:47:03,234 - root - INFO - Processing end event: Token Token-33 at node Monthly (Unknown)
2025-03-08 20:47:03,234 - root - INFO - Token Token-33 completed task 'Monthly' at 2025-03-10 10:57:41.897961.
2025-03-08 20:47:03,234 - root - INFO - Next nodes for Monthly: ['Review AM using Asset Change Tracker (5.5.13.1)']
2025-03-08 20:47:03,234 - root - INFO - Scheduling direct next node Review AM using Asset Change Tracker (5.5.13.1)
2025-03-08 20:47:03,235 - root - INFO - Token Token-33 waiting for resource 'Tech' at 2025-03-10 10:57:41.897961
2025-03-08 20:47:03,235 - root - INFO - Token Token-34 started task 'Monthly' at 2025-03-10 11:03:55.623547, scheduled to end at 2025-03-10 11:03:55.623547 (processing time: 0.00 min)
2025-03-08 20:47:03,235 - root - INFO - Processing end event: Token Token-34 at node Monthly (Unknown)
2025-03-08 20:47:03,235 - root - INFO - Token Token-34 completed task 'Monthly' at 2025-03-10 11:03:55.623547.
2025-03-08 20:47:03,236 - root - INFO - Next nodes for Monthly: ['Review AM using Asset Change Tracker (5.5.13.1)']
2025-03-08 20:47:03,236 - root - INFO - Scheduling direct next node Review AM using Asset Change Tracker (5.5.13.1)
2025-03-08 20:47:03,236 - root - INFO - Token Token-34 waiting for resource 'Tech' at 2025-03-10 11:03:55.623547
2025-03-08 20:47:03,236 - root - INFO - Token Token-35 started task 'Monthly' at 2025-03-10 11:08:51.620208, scheduled to end at 2025-03-10 11:08:51.620208 (processing time: 0.00 min)
2025-03-08 20:47:03,236 - root - INFO - Processing end event: Token Token-35 at node Monthly (Unknown)
2025-03-08 20:47:03,237 - root - INFO - Token Token-35 completed task 'Monthly' at 2025-03-10 11:08:51.620208.
2025-03-08 20:47:03,237 - root - INFO - Next nodes for Monthly: ['Review AM using Asset Change Tracker (5.5.13.1)']
2025-03-08 20:47:03,237 - root - INFO - Scheduling direct next node Review AM using Asset Change Tracker (5.5.13.1)
2025-03-08 20:47:03,237 - root - INFO - Token Token-35 waiting for resource 'Tech' at 2025-03-10 11:08:51.620208
2025-03-08 20:47:03,237 - root - INFO - Token Token-36 started task 'Monthly' at 2025-03-10 11:13:43.978024, scheduled to end at 2025-03-10 11:13:43.978024 (processing time: 0.00 min)
2025-03-08 20:47:03,238 - root - INFO - Processing end event: Token Token-36 at node Monthly (Unknown)
2025-03-08 20:47:03,238 - root - INFO - Token Token-36 completed task 'Monthly' at 2025-03-10 11:13:43.978024.
2025-03-08 20:47:03,238 - root - INFO - Next nodes for Monthly: ['Review AM using Asset Change Tracker (5.5.13.1)']
2025-03-08 20:47:03,238 - root - INFO - Scheduling direct next node Review AM using Asset Change Tracker (5.5.13.1)
2025-03-08 20:47:03,238 - root - INFO - Token Token-36 waiting for resource 'Tech' at 2025-03-10 11:13:43.978024
2025-03-08 20:47:03,239 - root - INFO - Token Token-37 started task 'Monthly' at 2025-03-10 11:19:24.852091, scheduled to end at 2025-03-10 11:19:24.852091 (processing time: 0.00 min)
2025-03-08 20:47:03,239 - root - INFO - Processing end event: Token Token-37 at node Monthly (Unknown)
2025-03-08 20:47:03,239 - root - INFO - Token Token-37 completed task 'Monthly' at 2025-03-10 11:19:24.852091.
2025-03-08 20:47:03,239 - root - INFO - Next nodes for Monthly: ['Review AM using Asset Change Tracker (5.5.13.1)']
2025-03-08 20:47:03,239 - root - INFO - Scheduling direct next node Review AM using Asset Change Tracker (5.5.13.1)
2025-03-08 20:47:03,239 - root - INFO - Token Token-37 waiting for resource 'Tech' at 2025-03-10 11:19:24.852091
2025-03-08 20:47:03,240 - root - INFO - Token Token-38 started task 'Monthly' at 2025-03-10 11:24:39.248847, scheduled to end at 2025-03-10 11:24:39.248847 (processing time: 0.00 min)
2025-03-08 20:47:03,240 - root - INFO - Processing end event: Token Token-38 at node Monthly (Unknown)
2025-03-08 20:47:03,241 - root - INFO - Token Token-38 completed task 'Monthly' at 2025-03-10 11:24:39.248847.
2025-03-08 20:47:03,241 - root - INFO - Next nodes for Monthly: ['Review AM using Asset Change Tracker (5.5.13.1)']
2025-03-08 20:47:03,241 - root - INFO - Scheduling direct next node Review AM using Asset Change Tracker (5.5.13.1)
2025-03-08 20:47:03,242 - root - INFO - Token Token-38 waiting for resource 'Tech' at 2025-03-10 11:24:39.248847
2025-03-08 20:47:03,242 - root - INFO - Token Token-39 started task 'Monthly' at 2025-03-10 11:29:56.214541, scheduled to end at 2025-03-10 11:29:56.214541 (processing time: 0.00 min)
2025-03-08 20:47:03,242 - root - INFO - Processing end event: Token Token-39 at node Monthly (Unknown)
2025-03-08 20:47:03,245 - root - INFO - Token Token-39 completed task 'Monthly' at 2025-03-10 11:29:56.214541.
2025-03-08 20:47:03,246 - root - INFO - Next nodes for Monthly: ['Review AM using Asset Change Tracker (5.5.13.1)']
2025-03-08 20:47:03,247 - root - INFO - Scheduling direct next node Review AM using Asset Change Tracker (5.5.13.1)
2025-03-08 20:47:03,267 - root - INFO - Token Token-39 waiting for resource 'Tech' at 2025-03-10 11:29:56.214541
2025-03-08 20:47:03,267 - root - INFO - Token Token-40 started task 'Monthly' at 2025-03-10 11:35:33.086126, scheduled to end at 2025-03-10 11:35:33.086126 (processing time: 0.00 min)
2025-03-08 20:47:03,268 - root - INFO - Processing end event: Token Token-40 at node Monthly (Unknown)
2025-03-08 20:47:03,268 - root - INFO - Token Token-40 completed task 'Monthly' at 2025-03-10 11:35:33.086126.
2025-03-08 20:47:03,269 - root - INFO - Next nodes for Monthly: ['Review AM using Asset Change Tracker (5.5.13.1)']
2025-03-08 20:47:03,269 - root - INFO - Scheduling direct next node Review AM using Asset Change Tracker (5.5.13.1)
2025-03-08 20:47:03,269 - root - INFO - Token Token-40 waiting for resource 'Tech' at 2025-03-10 11:35:33.086126
2025-03-08 20:47:03,270 - root - INFO - Token Token-41 started task 'Monthly' at 2025-03-10 11:41:12.880530, scheduled to end at 2025-03-10 11:41:12.880530 (processing time: 0.00 min)
2025-03-08 20:47:03,270 - root - INFO - Processing end event: Token Token-41 at node Monthly (Unknown)
2025-03-08 20:47:03,270 - root - INFO - Token Token-41 completed task 'Monthly' at 2025-03-10 11:41:12.880530.
2025-03-08 20:47:03,271 - root - INFO - Next nodes for Monthly: ['Review AM using Asset Change Tracker (5.5.13.1)']
2025-03-08 20:47:03,271 - root - INFO - Scheduling direct next node Review AM using Asset Change Tracker (5.5.13.1)
2025-03-08 20:47:03,272 - root - INFO - Token Token-41 waiting for resource 'Tech' at 2025-03-10 11:41:12.880530
2025-03-08 20:47:03,272 - root - INFO - Token Token-42 started task 'Monthly' at 2025-03-10 11:46:23.431803, scheduled to end at 2025-03-10 11:46:23.431803 (processing time: 0.00 min)
2025-03-08 20:47:03,272 - root - INFO - Processing end event: Token Token-42 at node Monthly (Unknown)
2025-03-08 20:47:03,273 - root - INFO - Token Token-42 completed task 'Monthly' at 2025-03-10 11:46:23.431803.
2025-03-08 20:47:03,273 - root - INFO - Next nodes for Monthly: ['Review AM using Asset Change Tracker (5.5.13.1)']
2025-03-08 20:47:03,273 - root - INFO - Scheduling direct next node Review AM using Asset Change Tracker (5.5.13.1)
2025-03-08 20:47:03,274 - root - INFO - Token Token-42 waiting for resource 'Tech' at 2025-03-10 11:46:23.431803
2025-03-08 20:47:03,274 - root - INFO - Token Token-43 started task 'Monthly' at 2025-03-10 11:51:41.450326, scheduled to end at 2025-03-10 11:51:41.450326 (processing time: 0.00 min)
2025-03-08 20:47:03,275 - root - INFO - Processing end event: Token Token-43 at node Monthly (Unknown)
2025-03-08 20:47:03,277 - root - INFO - Token Token-43 completed task 'Monthly' at 2025-03-10 11:51:41.450326.
2025-03-08 20:47:03,277 - root - INFO - Next nodes for Monthly: ['Review AM using Asset Change Tracker (5.5.13.1)']
2025-03-08 20:47:03,278 - root - INFO - Scheduling direct next node Review AM using Asset Change Tracker (5.5.13.1)
2025-03-08 20:47:03,278 - root - INFO - Token Token-43 waiting for resource 'Tech' at 2025-03-10 11:51:41.450326
2025-03-08 20:47:03,279 - root - INFO - Token Token-44 started task 'Monthly' at 2025-03-10 11:56:09.615806, scheduled to end at 2025-03-10 11:56:09.615806 (processing time: 0.00 min)
2025-03-08 20:47:03,279 - root - INFO - Processing end event: Token Token-44 at node Monthly (Unknown)
2025-03-08 20:47:03,279 - root - INFO - Token Token-44 completed task 'Monthly' at 2025-03-10 11:56:09.615806.
2025-03-08 20:47:03,280 - root - INFO - Next nodes for Monthly: ['Review AM using Asset Change Tracker (5.5.13.1)']
2025-03-08 20:47:03,280 - root - INFO - Scheduling direct next node Review AM using Asset Change Tracker (5.5.13.1)
2025-03-08 20:47:03,280 - root - INFO - Token Token-44 waiting for resource 'Tech' at 2025-03-10 11:56:09.615806
2025-03-08 20:47:03,281 - root - INFO - Token Token-45 started task 'Monthly' at 2025-03-10 12:02:23.755635, scheduled to end at 2025-03-10 12:02:23.755635 (processing time: 0.00 min)
2025-03-08 20:47:03,281 - root - INFO - Processing end event: Token Token-45 at node Monthly (Unknown)
2025-03-08 20:47:03,282 - root - INFO - Token Token-45 completed task 'Monthly' at 2025-03-10 12:02:23.755635.
2025-03-08 20:47:03,282 - root - INFO - Next nodes for Monthly: ['Review AM using Asset Change Tracker (5.5.13.1)']
2025-03-08 20:47:03,282 - root - INFO - Scheduling direct next node Review AM using Asset Change Tracker (5.5.13.1)
2025-03-08 20:47:03,282 - root - INFO - Token Token-45 waiting for resource 'Tech' at 2025-03-10 12:02:23.755635
2025-03-08 20:47:03,283 - root - INFO - Token Token-46 started task 'Monthly' at 2025-03-10 12:08:29.704727, scheduled to end at 2025-03-10 12:08:29.704727 (processing time: 0.00 min)
2025-03-08 20:47:03,283 - root - INFO - Processing end event: Token Token-46 at node Monthly (Unknown)
2025-03-08 20:47:03,283 - root - INFO - Token Token-46 completed task 'Monthly' at 2025-03-10 12:08:29.704727.
2025-03-08 20:47:03,285 - root - INFO - Next nodes for Monthly: ['Review AM using Asset Change Tracker (5.5.13.1)']
2025-03-08 20:47:03,285 - root - INFO - Scheduling direct next node Review AM using Asset Change Tracker (5.5.13.1)
2025-03-08 20:47:03,285 - root - INFO - Token Token-46 waiting for resource 'Tech' at 2025-03-10 12:08:29.704727
2025-03-08 20:47:03,286 - root - INFO - Token Token-47 started task 'Monthly' at 2025-03-10 12:14:54.688851, scheduled to end at 2025-03-10 12:14:54.688851 (processing time: 0.00 min)
2025-03-08 20:47:03,286 - root - INFO - Processing end event: Token Token-47 at node Monthly (Unknown)
2025-03-08 20:47:03,286 - root - INFO - Token Token-47 completed task 'Monthly' at 2025-03-10 12:14:54.688851.
2025-03-08 20:47:03,286 - root - INFO - Next nodes for Monthly: ['Review AM using Asset Change Tracker (5.5.13.1)']
2025-03-08 20:47:03,287 - root - INFO - Scheduling direct next node Review AM using Asset Change Tracker (5.5.13.1)
2025-03-08 20:47:03,287 - root - INFO - Token Token-47 waiting for resource 'Tech' at 2025-03-10 12:14:54.688851
2025-03-08 20:47:03,287 - root - INFO - Token Token-48 started task 'Monthly' at 2025-03-10 12:20:11.493603, scheduled to end at 2025-03-10 12:20:11.493603 (processing time: 0.00 min)
2025-03-08 20:47:03,287 - root - INFO - Processing end event: Token Token-48 at node Monthly (Unknown)
2025-03-08 20:47:03,287 - root - INFO - Token Token-48 completed task 'Monthly' at 2025-03-10 12:20:11.493603.
2025-03-08 20:47:03,287 - root - INFO - Next nodes for Monthly: ['Review AM using Asset Change Tracker (5.5.13.1)']
2025-03-08 20:47:03,287 - root - INFO - Scheduling direct next node Review AM using Asset Change Tracker (5.5.13.1)
2025-03-08 20:47:03,287 - root - INFO - Token Token-48 waiting for resource 'Tech' at 2025-03-10 12:20:11.493603
2025-03-08 20:47:03,287 - root - INFO - Token Token-49 started task 'Monthly' at 2025-03-10 12:26:14.672500, scheduled to end at 2025-03-10 12:26:14.672500 (processing time: 0.00 min)
2025-03-08 20:47:03,287 - root - INFO - Processing end event: Token Token-49 at node Monthly (Unknown)
2025-03-08 20:47:03,289 - root - INFO - Token Token-49 completed task 'Monthly' at 2025-03-10 12:26:14.672500.
2025-03-08 20:47:03,290 - root - INFO - Next nodes for Monthly: ['Review AM using Asset Change Tracker (5.5.13.1)']
2025-03-08 20:47:03,290 - root - INFO - Scheduling direct next node Review AM using Asset Change Tracker (5.5.13.1)
2025-03-08 20:47:03,290 - root - INFO - Token Token-49 waiting for resource 'Tech' at 2025-03-10 12:26:14.672500
2025-03-08 20:47:03,290 - root - INFO - Token Token-50 started task 'Monthly' at 2025-03-10 12:30:41.042094, scheduled to end at 2025-03-10 12:30:41.042094 (processing time: 0.00 min)
2025-03-08 20:47:03,290 - root - INFO - Processing end event: Token Token-50 at node Monthly (Unknown)
2025-03-08 20:47:03,290 - root - INFO - Token Token-50 completed task 'Monthly' at 2025-03-10 12:30:41.042094.
2025-03-08 20:47:03,290 - root - INFO - Next nodes for Monthly: ['Review AM using Asset Change Tracker (5.5.13.1)']
2025-03-08 20:47:03,291 - root - INFO - Scheduling direct next node Review AM using Asset Change Tracker (5.5.13.1)
2025-03-08 20:47:03,291 - root - INFO - Token Token-50 waiting for resource 'Tech' at 2025-03-10 12:30:41.042094
2025-03-08 20:47:03,291 - root - INFO - Token Token-51 started task 'Monthly' at 2025-03-10 12:36:26.441802, scheduled to end at 2025-03-10 12:36:26.441802 (processing time: 0.00 min)
2025-03-08 20:47:03,291 - root - INFO - Processing end event: Token Token-51 at node Monthly (Unknown)
2025-03-08 20:47:03,291 - root - INFO - Token Token-51 completed task 'Monthly' at 2025-03-10 12:36:26.441802.
2025-03-08 20:47:03,292 - root - INFO - Next nodes for Monthly: ['Review AM using Asset Change Tracker (5.5.13.1)']
2025-03-08 20:47:03,292 - root - INFO - Scheduling direct next node Review AM using Asset Change Tracker (5.5.13.1)
2025-03-08 20:47:03,292 - root - INFO - Token Token-51 waiting for resource 'Tech' at 2025-03-10 12:36:26.441802
2025-03-08 20:47:03,292 - root - INFO - Token Token-52 started task 'Monthly' at 2025-03-10 12:42:02.540672, scheduled to end at 2025-03-10 12:42:02.540672 (processing time: 0.00 min)
2025-03-08 20:47:03,292 - root - INFO - Processing end event: Token Token-52 at node Monthly (Unknown)
2025-03-08 20:47:03,293 - root - INFO - Token Token-52 completed task 'Monthly' at 2025-03-10 12:42:02.540672.
2025-03-08 20:47:03,293 - root - INFO - Next nodes for Monthly: ['Review AM using Asset Change Tracker (5.5.13.1)']
2025-03-08 20:47:03,293 - root - INFO - Scheduling direct next node Review AM using Asset Change Tracker (5.5.13.1)
2025-03-08 20:47:03,293 - root - INFO - Token Token-52 waiting for resource 'Tech' at 2025-03-10 12:42:02.540672
2025-03-08 20:47:03,293 - root - INFO - Token Token-53 started task 'Monthly' at 2025-03-10 12:46:40.990078, scheduled to end at 2025-03-10 12:46:40.990078 (processing time: 0.00 min)
2025-03-08 20:47:03,294 - root - INFO - Processing end event: Token Token-53 at node Monthly (Unknown)
2025-03-08 20:47:03,294 - root - INFO - Token Token-53 completed task 'Monthly' at 2025-03-10 12:46:40.990078.
2025-03-08 20:47:03,294 - root - INFO - Next nodes for Monthly: ['Review AM using Asset Change Tracker (5.5.13.1)']
2025-03-08 20:47:03,294 - root - INFO - Scheduling direct next node Review AM using Asset Change Tracker (5.5.13.1)
2025-03-08 20:47:03,295 - root - INFO - Token Token-53 waiting for resource 'Tech' at 2025-03-10 12:46:40.990078
2025-03-08 20:47:03,295 - root - INFO - Token Token-54 started task 'Monthly' at 2025-03-10 12:52:13.199073, scheduled to end at 2025-03-10 12:52:13.199073 (processing time: 0.00 min)
2025-03-08 20:47:03,295 - root - INFO - Processing end event: Token Token-54 at node Monthly (Unknown)
2025-03-08 20:47:03,295 - root - INFO - Token Token-54 completed task 'Monthly' at 2025-03-10 12:52:13.199073.
2025-03-08 20:47:03,295 - root - INFO - Next nodes for Monthly: ['Review AM using Asset Change Tracker (5.5.13.1)']
2025-03-08 20:47:03,296 - root - INFO - Scheduling direct next node Review AM using Asset Change Tracker (5.5.13.1)
2025-03-08 20:47:03,296 - root - INFO - Token Token-54 waiting for resource 'Tech' at 2025-03-10 12:52:13.199073
2025-03-08 20:47:03,296 - root - INFO - Token Token-55 started task 'Monthly' at 2025-03-10 12:57:27.386933, scheduled to end at 2025-03-10 12:57:27.386933 (processing time: 0.00 min)
2025-03-08 20:47:03,296 - root - INFO - Processing end event: Token Token-55 at node Monthly (Unknown)
2025-03-08 20:47:03,296 - root - INFO - Token Token-55 completed task 'Monthly' at 2025-03-10 12:57:27.386933.
2025-03-08 20:47:03,297 - root - INFO - Next nodes for Monthly: ['Review AM using Asset Change Tracker (5.5.13.1)']
2025-03-08 20:47:03,297 - root - INFO - Scheduling direct next node Review AM using Asset Change Tracker (5.5.13.1)
2025-03-08 20:47:03,297 - root - INFO - Token Token-55 waiting for resource 'Tech' at 2025-03-10 12:57:27.386933
2025-03-08 20:47:03,297 - root - INFO - Token Token-56 started task 'Monthly' at 2025-03-10 13:02:20.491490, scheduled to end at 2025-03-10 13:02:20.491490 (processing time: 0.00 min)
2025-03-08 20:47:03,297 - root - INFO - Processing end event: Token Token-56 at node Monthly (Unknown)
2025-03-08 20:47:03,298 - root - INFO - Token Token-56 completed task 'Monthly' at 2025-03-10 13:02:20.491490.
2025-03-08 20:47:03,298 - root - INFO - Next nodes for Monthly: ['Review AM using Asset Change Tracker (5.5.13.1)']
2025-03-08 20:47:03,298 - root - INFO - Scheduling direct next node Review AM using Asset Change Tracker (5.5.13.1)
2025-03-08 20:47:03,298 - root - INFO - Token Token-56 waiting for resource 'Tech' at 2025-03-10 13:02:20.491490
2025-03-08 20:47:03,298 - root - INFO - Token Token-57 started task 'Monthly' at 2025-03-10 13:07:05.681563, scheduled to end at 2025-03-10 13:07:05.681563 (processing time: 0.00 min)
2025-03-08 20:47:03,299 - root - INFO - Processing end event: Token Token-57 at node Monthly (Unknown)
2025-03-08 20:47:03,299 - root - INFO - Token Token-57 completed task 'Monthly' at 2025-03-10 13:07:05.681563.
2025-03-08 20:47:03,299 - root - INFO - Next nodes for Monthly: ['Review AM using Asset Change Tracker (5.5.13.1)']
2025-03-08 20:47:03,299 - root - INFO - Scheduling direct next node Review AM using Asset Change Tracker (5.5.13.1)
2025-03-08 20:47:03,300 - root - INFO - Token Token-57 waiting for resource 'Tech' at 2025-03-10 13:07:05.681563
2025-03-08 20:47:03,300 - root - INFO - Token Token-58 started task 'Monthly' at 2025-03-10 13:13:10.199537, scheduled to end at 2025-03-10 13:13:10.199537 (processing time: 0.00 min)
2025-03-08 20:47:03,300 - root - INFO - Processing end event: Token Token-58 at node Monthly (Unknown)
2025-03-08 20:47:03,300 - root - INFO - Token Token-58 completed task 'Monthly' at 2025-03-10 13:13:10.199537.
2025-03-08 20:47:03,300 - root - INFO - Next nodes for Monthly: ['Review AM using Asset Change Tracker (5.5.13.1)']
2025-03-08 20:47:03,301 - root - INFO - Scheduling direct next node Review AM using Asset Change Tracker (5.5.13.1)
2025-03-08 20:47:03,301 - root - INFO - Token Token-58 waiting for resource 'Tech' at 2025-03-10 13:13:10.199537
2025-03-08 20:47:03,301 - root - INFO - Token Token-59 started task 'Monthly' at 2025-03-10 13:19:28.624799, scheduled to end at 2025-03-10 13:19:28.624799 (processing time: 0.00 min)
2025-03-08 20:47:03,302 - root - INFO - Processing end event: Token Token-59 at node Monthly (Unknown)
2025-03-08 20:47:03,302 - root - INFO - Token Token-59 completed task 'Monthly' at 2025-03-10 13:19:28.624799.
2025-03-08 20:47:03,302 - root - INFO - Next nodes for Monthly: ['Review AM using Asset Change Tracker (5.5.13.1)']
2025-03-08 20:47:03,303 - root - INFO - Scheduling direct next node Review AM using Asset Change Tracker (5.5.13.1)
2025-03-08 20:47:03,307 - root - INFO - Token Token-59 waiting for resource 'Tech' at 2025-03-10 13:19:28.624799
2025-03-08 20:47:03,309 - root - INFO - Token Token-60 started task 'Monthly' at 2025-03-10 13:24:24.208551, scheduled to end at 2025-03-10 13:24:24.208551 (processing time: 0.00 min)
2025-03-08 20:47:03,310 - root - INFO - Processing end event: Token Token-60 at node Monthly (Unknown)
2025-03-08 20:47:03,340 - root - INFO - Token Token-60 completed task 'Monthly' at 2025-03-10 13:24:24.208551.
2025-03-08 20:47:03,340 - root - INFO - Next nodes for Monthly: ['Review AM using Asset Change Tracker (5.5.13.1)']
2025-03-08 20:47:03,341 - root - INFO - Scheduling direct next node Review AM using Asset Change Tracker (5.5.13.1)
2025-03-08 20:47:03,341 - root - INFO - Token Token-60 waiting for resource 'Tech' at 2025-03-10 13:24:24.208551
2025-03-08 20:47:03,342 - root - INFO - Token Token-61 started task 'Monthly' at 2025-03-10 13:30:01.864141, scheduled to end at 2025-03-10 13:30:01.864141 (processing time: 0.00 min)
2025-03-08 20:47:03,342 - root - INFO - Processing end event: Token Token-61 at node Monthly (Unknown)
2025-03-08 20:47:03,343 - root - INFO - Token Token-61 completed task 'Monthly' at 2025-03-10 13:30:01.864141.
2025-03-08 20:47:03,343 - root - INFO - Next nodes for Monthly: ['Review AM using Asset Change Tracker (5.5.13.1)']
2025-03-08 20:47:03,343 - root - INFO - Scheduling direct next node Review AM using Asset Change Tracker (5.5.13.1)
2025-03-08 20:47:03,345 - root - INFO - Token Token-61 waiting for resource 'Tech' at 2025-03-10 13:30:01.864141
2025-03-08 20:47:03,345 - root - INFO - Token Token-62 started task 'Monthly' at 2025-03-10 13:36:01.851934, scheduled to end at 2025-03-10 13:36:01.851934 (processing time: 0.00 min)
2025-03-08 20:47:03,346 - root - INFO - Processing end event: Token Token-62 at node Monthly (Unknown)
2025-03-08 20:47:03,346 - root - INFO - Token Token-62 completed task 'Monthly' at 2025-03-10 13:36:01.851934.
2025-03-08 20:47:03,347 - root - INFO - Next nodes for Monthly: ['Review AM using Asset Change Tracker (5.5.13.1)']
2025-03-08 20:47:03,347 - root - INFO - Scheduling direct next node Review AM using Asset Change Tracker (5.5.13.1)
2025-03-08 20:47:03,347 - root - INFO - Token Token-62 waiting for resource 'Tech' at 2025-03-10 13:36:01.851934
2025-03-08 20:47:03,348 - root - INFO - Token Token-63 started task 'Monthly' at 2025-03-10 13:41:26.697495, scheduled to end at 2025-03-10 13:41:26.697495 (processing time: 0.00 min)
2025-03-08 20:47:03,348 - root - INFO - Processing end event: Token Token-63 at node Monthly (Unknown)
2025-03-08 20:47:03,348 - root - INFO - Token Token-63 completed task 'Monthly' at 2025-03-10 13:41:26.697495.
2025-03-08 20:47:03,348 - root - INFO - Next nodes for Monthly: ['Review AM using Asset Change Tracker (5.5.13.1)']
2025-03-08 20:47:03,348 - root - INFO - Scheduling direct next node Review AM using Asset Change Tracker (5.5.13.1)
2025-03-08 20:47:03,348 - root - INFO - Token Token-63 waiting for resource 'Tech' at 2025-03-10 13:41:26.697495
2025-03-08 20:47:03,348 - root - INFO - Token Token-64 started task 'Monthly' at 2025-03-10 13:47:50.039045, scheduled to end at 2025-03-10 13:47:50.039045 (processing time: 0.00 min)
2025-03-08 20:47:03,348 - root - INFO - Processing end event: Token Token-64 at node Monthly (Unknown)
2025-03-08 20:47:03,348 - root - INFO - Token Token-64 completed task 'Monthly' at 2025-03-10 13:47:50.039045.
2025-03-08 20:47:03,348 - root - INFO - Next nodes for Monthly: ['Review AM using Asset Change Tracker (5.5.13.1)']
2025-03-08 20:47:03,348 - root - INFO - Scheduling direct next node Review AM using Asset Change Tracker (5.5.13.1)
2025-03-08 20:47:03,348 - root - INFO - Token Token-64 waiting for resource 'Tech' at 2025-03-10 13:47:50.039045
2025-03-08 20:47:03,348 - root - INFO - Token Token-65 started task 'Monthly' at 2025-03-10 13:53:57.382875, scheduled to end at 2025-03-10 13:53:57.382875 (processing time: 0.00 min)
2025-03-08 20:47:03,348 - root - INFO - Processing end event: Token Token-65 at node Monthly (Unknown)
2025-03-08 20:47:03,348 - root - INFO - Token Token-65 completed task 'Monthly' at 2025-03-10 13:53:57.382875.
2025-03-08 20:47:03,348 - root - INFO - Next nodes for Monthly: ['Review AM using Asset Change Tracker (5.5.13.1)']
2025-03-08 20:47:03,348 - root - INFO - Scheduling direct next node Review AM using Asset Change Tracker (5.5.13.1)
2025-03-08 20:47:03,348 - root - INFO - Token Token-65 waiting for resource 'Tech' at 2025-03-10 13:53:57.382875
2025-03-08 20:47:03,348 - root - INFO - Token Token-66 started task 'Monthly' at 2025-03-10 13:59:44.176405, scheduled to end at 2025-03-10 13:59:44.176405 (processing time: 0.00 min)
2025-03-08 20:47:03,348 - root - INFO - Processing end event: Token Token-66 at node Monthly (Unknown)
2025-03-08 20:47:03,348 - root - INFO - Token Token-66 completed task 'Monthly' at 2025-03-10 13:59:44.176405.
2025-03-08 20:47:03,348 - root - INFO - Next nodes for Monthly: ['Review AM using Asset Change Tracker (5.5.13.1)']
2025-03-08 20:47:03,348 - root - INFO - Scheduling direct next node Review AM using Asset Change Tracker (5.5.13.1)
2025-03-08 20:47:03,348 - root - INFO - Token Token-66 waiting for resource 'Tech' at 2025-03-10 13:59:44.176405
2025-03-08 20:47:03,348 - root - INFO - Token Token-67 started task 'Monthly' at 2025-03-11 08:00:00, scheduled to end at 2025-03-11 08:00:00 (processing time: 0.00 min)
2025-03-08 20:47:03,348 - root - INFO - Processing end event: Token Token-67 at node Monthly (Unknown)
2025-03-08 20:47:03,348 - root - INFO - Token Token-67 completed task 'Monthly' at 2025-03-11 08:00:00.
2025-03-08 20:47:03,353 - root - INFO - Next nodes for Monthly: ['Review AM using Asset Change Tracker (5.5.13.1)']
2025-03-08 20:47:03,353 - root - INFO - Scheduling direct next node Review AM using Asset Change Tracker (5.5.13.1)
2025-03-08 20:47:03,353 - root - INFO - Token Token-67 waiting for resource 'Tech' at 2025-03-11 08:00:00
2025-03-08 20:47:03,354 - root - INFO - Token Token-68 started task 'Monthly' at 2025-03-11 08:05:48.037058, scheduled to end at 2025-03-11 08:05:48.037058 (processing time: 0.00 min)
2025-03-08 20:47:03,354 - root - INFO - Processing end event: Token Token-68 at node Monthly (Unknown)
2025-03-08 20:47:03,354 - root - INFO - Token Token-68 completed task 'Monthly' at 2025-03-11 08:05:48.037058.
2025-03-08 20:47:03,354 - root - INFO - Next nodes for Monthly: ['Review AM using Asset Change Tracker (5.5.13.1)']
2025-03-08 20:47:03,355 - root - INFO - Scheduling direct next node Review AM using Asset Change Tracker (5.5.13.1)
2025-03-08 20:47:03,355 - root - INFO - Token Token-68 waiting for resource 'Tech' at 2025-03-11 08:05:48.037058
2025-03-08 20:47:03,355 - root - INFO - Token Token-69 started task 'Monthly' at 2025-03-11 08:12:13.047577, scheduled to end at 2025-03-11 08:12:13.047577 (processing time: 0.00 min)
2025-03-08 20:47:03,355 - root - INFO - Processing end event: Token Token-69 at node Monthly (Unknown)
2025-03-08 20:47:03,355 - root - INFO - Token Token-69 completed task 'Monthly' at 2025-03-11 08:12:13.047577.
2025-03-08 20:47:03,356 - root - INFO - Next nodes for Monthly: ['Review AM using Asset Change Tracker (5.5.13.1)']
2025-03-08 20:47:03,356 - root - INFO - Scheduling direct next node Review AM using Asset Change Tracker (5.5.13.1)
2025-03-08 20:47:03,356 - root - INFO - Token Token-69 waiting for resource 'Tech' at 2025-03-11 08:12:13.047577
2025-03-08 20:47:03,356 - root - INFO - Token Token-70 started task 'Monthly' at 2025-03-11 08:17:08.670588, scheduled to end at 2025-03-11 08:17:08.670588 (processing time: 0.00 min)
2025-03-08 20:47:03,357 - root - INFO - Processing end event: Token Token-70 at node Monthly (Unknown)
2025-03-08 20:47:03,357 - root - INFO - Token Token-70 completed task 'Monthly' at 2025-03-11 08:17:08.670588.
2025-03-08 20:47:03,357 - root - INFO - Next nodes for Monthly: ['Review AM using Asset Change Tracker (5.5.13.1)']
2025-03-08 20:47:03,357 - root - INFO - Scheduling direct next node Review AM using Asset Change Tracker (5.5.13.1)
2025-03-08 20:47:03,357 - root - INFO - Token Token-70 waiting for resource 'Tech' at 2025-03-11 08:17:08.670588
2025-03-08 20:47:03,358 - root - INFO - Token Token-71 started task 'Monthly' at 2025-03-11 08:22:42.181485, scheduled to end at 2025-03-11 08:22:42.181485 (processing time: 0.00 min)
2025-03-08 20:47:03,358 - root - INFO - Processing end event: Token Token-71 at node Monthly (Unknown)
2025-03-08 20:47:03,358 - root - INFO - Token Token-71 completed task 'Monthly' at 2025-03-11 08:22:42.181485.
2025-03-08 20:47:03,358 - root - INFO - Next nodes for Monthly: ['Review AM using Asset Change Tracker (5.5.13.1)']
2025-03-08 20:47:03,358 - root - INFO - Scheduling direct next node Review AM using Asset Change Tracker (5.5.13.1)
2025-03-08 20:47:03,358 - root - INFO - Token Token-71 waiting for resource 'Tech' at 2025-03-11 08:22:42.181485
2025-03-08 20:47:03,359 - root - INFO - Token Token-72 started task 'Monthly' at 2025-03-11 08:27:51.563693, scheduled to end at 2025-03-11 08:27:51.563693 (processing time: 0.00 min)
2025-03-08 20:47:03,359 - root - INFO - Processing end event: Token Token-72 at node Monthly (Unknown)
2025-03-08 20:47:03,359 - root - INFO - Token Token-72 completed task 'Monthly' at 2025-03-11 08:27:51.563693.
2025-03-08 20:47:03,359 - root - INFO - Next nodes for Monthly: ['Review AM using Asset Change Tracker (5.5.13.1)']
2025-03-08 20:47:03,359 - root - INFO - Scheduling direct next node Review AM using Asset Change Tracker (5.5.13.1)
2025-03-08 20:47:03,360 - root - INFO - Token Token-72 waiting for resource 'Tech' at 2025-03-11 08:27:51.563693
2025-03-08 20:47:03,360 - root - INFO - Token Token-73 started task 'Monthly' at 2025-03-11 08:33:25.894551, scheduled to end at 2025-03-11 08:33:25.894551 (processing time: 0.00 min)
2025-03-08 20:47:03,360 - root - INFO - Processing end event: Token Token-73 at node Monthly (Unknown)
2025-03-08 20:47:03,360 - root - INFO - Token Token-73 completed task 'Monthly' at 2025-03-11 08:33:25.894551.
2025-03-08 20:47:03,360 - root - INFO - Next nodes for Monthly: ['Review AM using Asset Change Tracker (5.5.13.1)']
2025-03-08 20:47:03,361 - root - INFO - Scheduling direct next node Review AM using Asset Change Tracker (5.5.13.1)
2025-03-08 20:47:03,361 - root - INFO - Token Token-73 waiting for resource 'Tech' at 2025-03-11 08:33:25.894551
2025-03-08 20:47:03,362 - root - INFO - Token Token-74 started task 'Monthly' at 2025-03-11 08:38:26.037946, scheduled to end at 2025-03-11 08:38:26.037946 (processing time: 0.00 min)
2025-03-08 20:47:03,362 - root - INFO - Processing end event: Token Token-74 at node Monthly (Unknown)
2025-03-08 20:47:03,362 - root - INFO - Token Token-74 completed task 'Monthly' at 2025-03-11 08:38:26.037946.
2025-03-08 20:47:03,362 - root - INFO - Next nodes for Monthly: ['Review AM using Asset Change Tracker (5.5.13.1)']
2025-03-08 20:47:03,363 - root - INFO - Scheduling direct next node Review AM using Asset Change Tracker (5.5.13.1)
2025-03-08 20:47:03,363 - root - INFO - Token Token-74 waiting for resource 'Tech' at 2025-03-11 08:38:26.037946
2025-03-08 20:47:03,363 - root - INFO - Token Token-75 started task 'Monthly' at 2025-03-11 08:43:22.204381, scheduled to end at 2025-03-11 08:43:22.204381 (processing time: 0.00 min)
2025-03-08 20:47:03,366 - root - INFO - Processing end event: Token Token-75 at node Monthly (Unknown)
2025-03-08 20:47:03,367 - root - INFO - Token Token-75 completed task 'Monthly' at 2025-03-11 08:43:22.204381.
2025-03-08 20:47:03,367 - root - INFO - Next nodes for Monthly: ['Review AM using Asset Change Tracker (5.5.13.1)']
2025-03-08 20:47:03,368 - root - INFO - Scheduling direct next node Review AM using Asset Change Tracker (5.5.13.1)
2025-03-08 20:47:03,370 - root - INFO - Token Token-75 waiting for resource 'Tech' at 2025-03-11 08:43:22.204381
2025-03-08 20:47:03,371 - root - INFO - Token Token-76 started task 'Monthly' at 2025-03-11 08:49:01.242535, scheduled to end at 2025-03-11 08:49:01.242535 (processing time: 0.00 min)
2025-03-08 20:47:03,396 - root - INFO - Processing end event: Token Token-76 at node Monthly (Unknown)
2025-03-08 20:47:03,396 - root - INFO - Token Token-76 completed task 'Monthly' at 2025-03-11 08:49:01.242535.
2025-03-08 20:47:03,401 - root - INFO - Next nodes for Monthly: ['Review AM using Asset Change Tracker (5.5.13.1)']
2025-03-08 20:47:03,401 - root - INFO - Scheduling direct next node Review AM using Asset Change Tracker (5.5.13.1)
2025-03-08 20:47:03,401 - root - INFO - Token Token-76 waiting for resource 'Tech' at 2025-03-11 08:49:01.242535
2025-03-08 20:47:03,402 - root - INFO - Token Token-77 started task 'Monthly' at 2025-03-11 08:53:53.376718, scheduled to end at 2025-03-11 08:53:53.376718 (processing time: 0.00 min)
2025-03-08 20:47:03,402 - root - INFO - Processing end event: Token Token-77 at node Monthly (Unknown)
2025-03-08 20:47:03,403 - root - INFO - Token Token-77 completed task 'Monthly' at 2025-03-11 08:53:53.376718.
2025-03-08 20:47:03,403 - root - INFO - Next nodes for Monthly: ['Review AM using Asset Change Tracker (5.5.13.1)']
2025-03-08 20:47:03,404 - root - INFO - Scheduling direct next node Review AM using Asset Change Tracker (5.5.13.1)
2025-03-08 20:47:03,405 - root - INFO - Token Token-77 waiting for resource 'Tech' at 2025-03-11 08:53:53.376718
2025-03-08 20:47:03,405 - root - INFO - Token Token-78 started task 'Monthly' at 2025-03-11 08:58:43.340767, scheduled to end at 2025-03-11 08:58:43.340767 (processing time: 0.00 min)
2025-03-08 20:47:03,406 - root - INFO - Processing end event: Token Token-78 at node Monthly (Unknown)
2025-03-08 20:47:03,406 - root - INFO - Token Token-78 completed task 'Monthly' at 2025-03-11 08:58:43.340767.
2025-03-08 20:47:03,406 - root - INFO - Next nodes for Monthly: ['Review AM using Asset Change Tracker (5.5.13.1)']
2025-03-08 20:47:03,407 - root - INFO - Scheduling direct next node Review AM using Asset Change Tracker (5.5.13.1)
2025-03-08 20:47:03,407 - root - INFO - Token Token-78 waiting for resource 'Tech' at 2025-03-11 08:58:43.340767
2025-03-08 20:47:03,407 - root - INFO - Token Token-79 started task 'Monthly' at 2025-03-11 09:04:13.905721, scheduled to end at 2025-03-11 09:04:13.905721 (processing time: 0.00 min)
2025-03-08 20:47:03,407 - root - INFO - Processing end event: Token Token-79 at node Monthly (Unknown)
2025-03-08 20:47:03,407 - root - INFO - Token Token-79 completed task 'Monthly' at 2025-03-11 09:04:13.905721.
2025-03-08 20:47:03,408 - root - INFO - Next nodes for Monthly: ['Review AM using Asset Change Tracker (5.5.13.1)']
2025-03-08 20:47:03,408 - root - INFO - Scheduling direct next node Review AM using Asset Change Tracker (5.5.13.1)
2025-03-08 20:47:03,408 - root - INFO - Token Token-79 waiting for resource 'Tech' at 2025-03-11 09:04:13.905721
2025-03-08 20:47:03,408 - root - INFO - Token Token-80 started task 'Monthly' at 2025-03-11 09:09:26.065233, scheduled to end at 2025-03-11 09:09:26.065233 (processing time: 0.00 min)
2025-03-08 20:47:03,410 - root - INFO - Processing end event: Token Token-80 at node Monthly (Unknown)
2025-03-08 20:47:03,410 - root - INFO - Token Token-80 completed task 'Monthly' at 2025-03-11 09:09:26.065233.
2025-03-08 20:47:03,410 - root - INFO - Next nodes for Monthly: ['Review AM using Asset Change Tracker (5.5.13.1)']
2025-03-08 20:47:03,410 - root - INFO - Scheduling direct next node Review AM using Asset Change Tracker (5.5.13.1)
2025-03-08 20:47:03,411 - root - INFO - Token Token-80 waiting for resource 'Tech' at 2025-03-11 09:09:26.065233
2025-03-08 20:47:03,411 - root - INFO - Token Token-81 started task 'Monthly' at 2025-03-11 09:15:48.769346, scheduled to end at 2025-03-11 09:15:48.769346 (processing time: 0.00 min)
2025-03-08 20:47:03,411 - root - INFO - Processing end event: Token Token-81 at node Monthly (Unknown)
2025-03-08 20:47:03,411 - root - INFO - Token Token-81 completed task 'Monthly' at 2025-03-11 09:15:48.769346.
2025-03-08 20:47:03,412 - root - INFO - Next nodes for Monthly: ['Review AM using Asset Change Tracker (5.5.13.1)']
2025-03-08 20:47:03,412 - root - INFO - Scheduling direct next node Review AM using Asset Change Tracker (5.5.13.1)
2025-03-08 20:47:03,412 - root - INFO - Token Token-81 waiting for resource 'Tech' at 2025-03-11 09:15:48.769346
2025-03-08 20:47:03,412 - root - INFO - Token Token-82 started task 'Monthly' at 2025-03-11 09:21:08.057809, scheduled to end at 2025-03-11 09:21:08.057809 (processing time: 0.00 min)
2025-03-08 20:47:03,412 - root - INFO - Processing end event: Token Token-82 at node Monthly (Unknown)
2025-03-08 20:47:03,412 - root - INFO - Token Token-82 completed task 'Monthly' at 2025-03-11 09:21:08.057809.
2025-03-08 20:47:03,413 - root - INFO - Next nodes for Monthly: ['Review AM using Asset Change Tracker (5.5.13.1)']
2025-03-08 20:47:03,413 - root - INFO - Scheduling direct next node Review AM using Asset Change Tracker (5.5.13.1)
2025-03-08 20:47:03,414 - root - INFO - Token Token-82 waiting for resource 'Tech' at 2025-03-11 09:21:08.057809
2025-03-08 20:47:03,414 - root - INFO - Token Token-83 started task 'Monthly' at 2025-03-11 09:27:10.456591, scheduled to end at 2025-03-11 09:27:10.456591 (processing time: 0.00 min)
2025-03-08 20:47:03,414 - root - INFO - Processing end event: Token Token-83 at node Monthly (Unknown)
2025-03-08 20:47:03,414 - root - INFO - Token Token-83 completed task 'Monthly' at 2025-03-11 09:27:10.456591.
2025-03-08 20:47:03,415 - root - INFO - Next nodes for Monthly: ['Review AM using Asset Change Tracker (5.5.13.1)']
2025-03-08 20:47:03,415 - root - INFO - Scheduling direct next node Review AM using Asset Change Tracker (5.5.13.1)
2025-03-08 20:47:03,415 - root - INFO - Token Token-83 waiting for resource 'Tech' at 2025-03-11 09:27:10.456591
2025-03-08 20:47:03,415 - root - INFO - Token Token-84 started task 'Monthly' at 2025-03-11 09:33:35.547379, scheduled to end at 2025-03-11 09:33:35.547379 (processing time: 0.00 min)
2025-03-08 20:47:03,415 - root - INFO - Processing end event: Token Token-84 at node Monthly (Unknown)
2025-03-08 20:47:03,416 - root - INFO - Token Token-84 completed task 'Monthly' at 2025-03-11 09:33:35.547379.
2025-03-08 20:47:03,416 - root - INFO - Next nodes for Monthly: ['Review AM using Asset Change Tracker (5.5.13.1)']
2025-03-08 20:47:03,416 - root - INFO - Scheduling direct next node Review AM using Asset Change Tracker (5.5.13.1)
2025-03-08 20:47:03,416 - root - INFO - Token Token-84 waiting for resource 'Tech' at 2025-03-11 09:33:35.547379
2025-03-08 20:47:03,416 - root - INFO - Token Token-85 started task 'Monthly' at 2025-03-11 09:38:04.613862, scheduled to end at 2025-03-11 09:38:04.613862 (processing time: 0.00 min)
2025-03-08 20:47:03,417 - root - INFO - Processing end event: Token Token-85 at node Monthly (Unknown)
2025-03-08 20:47:03,417 - root - INFO - Token Token-85 completed task 'Monthly' at 2025-03-11 09:38:04.613862.
2025-03-08 20:47:03,417 - root - INFO - Next nodes for Monthly: ['Review AM using Asset Change Tracker (5.5.13.1)']
2025-03-08 20:47:03,417 - root - INFO - Scheduling direct next node Review AM using Asset Change Tracker (5.5.13.1)
2025-03-08 20:47:03,418 - root - INFO - Token Token-85 waiting for resource 'Tech' at 2025-03-11 09:38:04.613862
2025-03-08 20:47:03,418 - root - INFO - Token Token-86 started task 'Monthly' at 2025-03-11 09:44:23.090875, scheduled to end at 2025-03-11 09:44:23.090875 (processing time: 0.00 min)
2025-03-08 20:47:03,418 - root - INFO - Processing end event: Token Token-86 at node Monthly (Unknown)
2025-03-08 20:47:03,418 - root - INFO - Token Token-86 completed task 'Monthly' at 2025-03-11 09:44:23.090875.
2025-03-08 20:47:03,419 - root - INFO - Next nodes for Monthly: ['Review AM using Asset Change Tracker (5.5.13.1)']
2025-03-08 20:47:03,419 - root - INFO - Scheduling direct next node Review AM using Asset Change Tracker (5.5.13.1)
2025-03-08 20:47:03,419 - root - INFO - Token Token-86 waiting for resource 'Tech' at 2025-03-11 09:44:23.090875
2025-03-08 20:47:03,419 - root - INFO - Token Token-87 started task 'Monthly' at 2025-03-11 09:50:33.691714, scheduled to end at 2025-03-11 09:50:33.691714 (processing time: 0.00 min)
2025-03-08 20:47:03,419 - root - INFO - Processing end event: Token Token-87 at node Monthly (Unknown)
2025-03-08 20:47:03,420 - root - INFO - Token Token-87 completed task 'Monthly' at 2025-03-11 09:50:33.691714.
2025-03-08 20:47:03,420 - root - INFO - Next nodes for Monthly: ['Review AM using Asset Change Tracker (5.5.13.1)']
2025-03-08 20:47:03,420 - root - INFO - Scheduling direct next node Review AM using Asset Change Tracker (5.5.13.1)
2025-03-08 20:47:03,420 - root - INFO - Token Token-87 waiting for resource 'Tech' at 2025-03-11 09:50:33.691714
2025-03-08 20:47:03,421 - root - INFO - Token Token-88 started task 'Monthly' at 2025-03-11 09:56:29.032878, scheduled to end at 2025-03-11 09:56:29.032878 (processing time: 0.00 min)
2025-03-08 20:47:03,421 - root - INFO - Processing end event: Token Token-88 at node Monthly (Unknown)
2025-03-08 20:47:03,421 - root - INFO - Token Token-88 completed task 'Monthly' at 2025-03-11 09:56:29.032878.
2025-03-08 20:47:03,421 - root - INFO - Next nodes for Monthly: ['Review AM using Asset Change Tracker (5.5.13.1)']
2025-03-08 20:47:03,421 - root - INFO - Scheduling direct next node Review AM using Asset Change Tracker (5.5.13.1)
2025-03-08 20:47:03,422 - root - INFO - Token Token-88 waiting for resource 'Tech' at 2025-03-11 09:56:29.032878
2025-03-08 20:47:03,422 - root - INFO - Token Token-89 started task 'Monthly' at 2025-03-11 10:01:44.197233, scheduled to end at 2025-03-11 10:01:44.197233 (processing time: 0.00 min)
2025-03-08 20:47:03,422 - root - INFO - Processing end event: Token Token-89 at node Monthly (Unknown)
2025-03-08 20:47:03,422 - root - INFO - Token Token-89 completed task 'Monthly' at 2025-03-11 10:01:44.197233.
2025-03-08 20:47:03,422 - root - INFO - Next nodes for Monthly: ['Review AM using Asset Change Tracker (5.5.13.1)']
2025-03-08 20:47:03,423 - root - INFO - Scheduling direct next node Review AM using Asset Change Tracker (5.5.13.1)
2025-03-08 20:47:03,423 - root - INFO - Token Token-89 waiting for resource 'Tech' at 2025-03-11 10:01:44.197233
2025-03-08 20:47:03,423 - root - INFO - Token Token-90 started task 'Monthly' at 2025-03-11 10:07:21.841210, scheduled to end at 2025-03-11 10:07:21.841210 (processing time: 0.00 min)
2025-03-08 20:47:03,423 - root - INFO - Processing end event: Token Token-90 at node Monthly (Unknown)
2025-03-08 20:47:03,423 - root - INFO - Token Token-90 completed task 'Monthly' at 2025-03-11 10:07:21.841210.
2025-03-08 20:47:03,424 - root - INFO - Next nodes for Monthly: ['Review AM using Asset Change Tracker (5.5.13.1)']
2025-03-08 20:47:03,424 - root - INFO - Scheduling direct next node Review AM using Asset Change Tracker (5.5.13.1)
2025-03-08 20:47:03,424 - root - INFO - Token Token-90 waiting for resource 'Tech' at 2025-03-11 10:07:21.841210
2025-03-08 20:47:03,428 - root - INFO - Token Token-91 started task 'Monthly' at 2025-03-11 10:13:05.743776, scheduled to end at 2025-03-11 10:13:05.743776 (processing time: 0.00 min)
2025-03-08 20:47:03,429 - root - INFO - Processing end event: Token Token-91 at node Monthly (Unknown)
2025-03-08 20:47:03,431 - root - INFO - Token Token-91 completed task 'Monthly' at 2025-03-11 10:13:05.743776.
2025-03-08 20:47:03,432 - root - INFO - Next nodes for Monthly: ['Review AM using Asset Change Tracker (5.5.13.1)']
2025-03-08 20:47:03,454 - root - INFO - Scheduling direct next node Review AM using Asset Change Tracker (5.5.13.1)
2025-03-08 20:47:03,455 - root - INFO - Token Token-91 waiting for resource 'Tech' at 2025-03-11 10:13:05.743776
2025-03-08 20:47:03,462 - root - INFO - Token Token-92 started task 'Monthly' at 2025-03-11 10:19:19.702463, scheduled to end at 2025-03-11 10:19:19.702463 (processing time: 0.00 min)
2025-03-08 20:47:03,463 - root - INFO - Processing end event: Token Token-92 at node Monthly (Unknown)
2025-03-08 20:47:03,464 - root - INFO - Token Token-92 completed task 'Monthly' at 2025-03-11 10:19:19.702463.
2025-03-08 20:47:03,464 - root - INFO - Next nodes for Monthly: ['Review AM using Asset Change Tracker (5.5.13.1)']
2025-03-08 20:47:03,465 - root - INFO - Scheduling direct next node Review AM using Asset Change Tracker (5.5.13.1)
2025-03-08 20:47:03,465 - root - INFO - Token Token-92 waiting for resource 'Tech' at 2025-03-11 10:19:19.702463
2025-03-08 20:47:03,465 - root - INFO - Token Token-93 started task 'Monthly' at 2025-03-11 10:23:55.164362, scheduled to end at 2025-03-11 10:23:55.164362 (processing time: 0.00 min)
2025-03-08 20:47:03,466 - root - INFO - Processing end event: Token Token-93 at node Monthly (Unknown)
2025-03-08 20:47:03,466 - root - INFO - Token Token-93 completed task 'Monthly' at 2025-03-11 10:23:55.164362.
2025-03-08 20:47:03,466 - root - INFO - Next nodes for Monthly: ['Review AM using Asset Change Tracker (5.5.13.1)']
2025-03-08 20:47:03,467 - root - INFO - Scheduling direct next node Review AM using Asset Change Tracker (5.5.13.1)
2025-03-08 20:47:03,467 - root - INFO - Token Token-93 waiting for resource 'Tech' at 2025-03-11 10:23:55.164362
2025-03-08 20:47:03,467 - root - INFO - Token Token-94 started task 'Monthly' at 2025-03-11 10:30:09.921786, scheduled to end at 2025-03-11 10:30:09.921786 (processing time: 0.00 min)
2025-03-08 20:47:03,468 - root - INFO - Processing end event: Token Token-94 at node Monthly (Unknown)
2025-03-08 20:47:03,468 - root - INFO - Token Token-94 completed task 'Monthly' at 2025-03-11 10:30:09.921786.
2025-03-08 20:47:03,468 - root - INFO - Next nodes for Monthly: ['Review AM using Asset Change Tracker (5.5.13.1)']
2025-03-08 20:47:03,468 - root - INFO - Scheduling direct next node Review AM using Asset Change Tracker (5.5.13.1)
2025-03-08 20:47:03,469 - root - INFO - Token Token-94 waiting for resource 'Tech' at 2025-03-11 10:30:09.921786
2025-03-08 20:47:03,469 - root - INFO - Token Token-95 started task 'Monthly' at 2025-03-11 10:35:39.760573, scheduled to end at 2025-03-11 10:35:39.760573 (processing time: 0.00 min)
2025-03-08 20:47:03,469 - root - INFO - Processing end event: Token Token-95 at node Monthly (Unknown)
2025-03-08 20:47:03,469 - root - INFO - Token Token-95 completed task 'Monthly' at 2025-03-11 10:35:39.760573.
2025-03-08 20:47:03,470 - root - INFO - Next nodes for Monthly: ['Review AM using Asset Change Tracker (5.5.13.1)']
2025-03-08 20:47:03,470 - root - INFO - Scheduling direct next node Review AM using Asset Change Tracker (5.5.13.1)
2025-03-08 20:47:03,470 - root - INFO - Token Token-95 waiting for resource 'Tech' at 2025-03-11 10:35:39.760573
2025-03-08 20:47:03,470 - root - INFO - Token Token-96 started task 'Monthly' at 2025-03-11 10:42:05.213964, scheduled to end at 2025-03-11 10:42:05.213964 (processing time: 0.00 min)
2025-03-08 20:47:03,470 - root - INFO - Processing end event: Token Token-96 at node Monthly (Unknown)
2025-03-08 20:47:03,470 - root - INFO - Token Token-96 completed task 'Monthly' at 2025-03-11 10:42:05.213964.
2025-03-08 20:47:03,470 - root - INFO - Next nodes for Monthly: ['Review AM using Asset Change Tracker (5.5.13.1)']
2025-03-08 20:47:03,470 - root - INFO - Scheduling direct next node Review AM using Asset Change Tracker (5.5.13.1)
2025-03-08 20:47:03,472 - root - INFO - Token Token-96 waiting for resource 'Tech' at 2025-03-11 10:42:05.213964
2025-03-08 20:47:03,472 - root - INFO - Token Token-97 started task 'Monthly' at 2025-03-11 10:47:59.312311, scheduled to end at 2025-03-11 10:47:59.312311 (processing time: 0.00 min)
2025-03-08 20:47:03,473 - root - INFO - Processing end event: Token Token-97 at node Monthly (Unknown)
2025-03-08 20:47:03,473 - root - INFO - Token Token-97 completed task 'Monthly' at 2025-03-11 10:47:59.312311.
2025-03-08 20:47:03,473 - root - INFO - Next nodes for Monthly: ['Review AM using Asset Change Tracker (5.5.13.1)']
2025-03-08 20:47:03,473 - root - INFO - Scheduling direct next node Review AM using Asset Change Tracker (5.5.13.1)
2025-03-08 20:47:03,473 - root - INFO - Token Token-97 waiting for resource 'Tech' at 2025-03-11 10:47:59.312311
2025-03-08 20:47:03,474 - root - INFO - Token Token-98 started task 'Monthly' at 2025-03-11 10:54:00.027513, scheduled to end at 2025-03-11 10:54:00.027513 (processing time: 0.00 min)
2025-03-08 20:47:03,474 - root - INFO - Processing end event: Token Token-98 at node Monthly (Unknown)
2025-03-08 20:47:03,474 - root - INFO - Token Token-98 completed task 'Monthly' at 2025-03-11 10:54:00.027513.
2025-03-08 20:47:03,474 - root - INFO - Next nodes for Monthly: ['Review AM using Asset Change Tracker (5.5.13.1)']
2025-03-08 20:47:03,475 - root - INFO - Scheduling direct next node Review AM using Asset Change Tracker (5.5.13.1)
2025-03-08 20:47:03,475 - root - INFO - Token Token-98 waiting for resource 'Tech' at 2025-03-11 10:54:00.027513
2025-03-08 20:47:03,475 - root - INFO - Token Token-99 started task 'Monthly' at 2025-03-11 10:59:12.833847, scheduled to end at 2025-03-11 10:59:12.833847 (processing time: 0.00 min)
2025-03-08 20:47:03,475 - root - INFO - Processing end event: Token Token-99 at node Monthly (Unknown)
2025-03-08 20:47:03,475 - root - INFO - Token Token-99 completed task 'Monthly' at 2025-03-11 10:59:12.833847.
2025-03-08 20:47:03,476 - root - INFO - Next nodes for Monthly: ['Review AM using Asset Change Tracker (5.5.13.1)']
2025-03-08 20:47:03,476 - root - INFO - Scheduling direct next node Review AM using Asset Change Tracker (5.5.13.1)
2025-03-08 20:47:03,476 - root - INFO - Token Token-99 waiting for resource 'Tech' at 2025-03-11 10:59:12.833847
2025-03-08 20:47:03,476 - root - INFO - Token Token-100 started task 'Monthly' at 2025-03-11 11:05:35.866671, scheduled to end at 2025-03-11 11:05:35.866671 (processing time: 0.00 min)
2025-03-08 20:47:03,477 - root - INFO - Processing end event: Token Token-100 at node Monthly (Unknown)
2025-03-08 20:47:03,477 - root - INFO - Token Token-100 completed task 'Monthly' at 2025-03-11 11:05:35.866671.
2025-03-08 20:47:03,477 - root - INFO - Next nodes for Monthly: ['Review AM using Asset Change Tracker (5.5.13.1)']
2025-03-08 20:47:03,477 - root - INFO - Scheduling direct next node Review AM using Asset Change Tracker (5.5.13.1)
2025-03-08 20:47:03,478 - root - INFO - Token Token-100 waiting for resource 'Tech' at 2025-03-11 11:05:35.866671
2025-03-08 20:47:03,478 - root - INFO - Token Token-101 started task 'Monthly' at 2025-03-11 11:11:01.341237, scheduled to end at 2025-03-11 11:11:01.341237 (processing time: 0.00 min)
2025-03-08 20:47:03,478 - root - INFO - Processing end event: Token Token-101 at node Monthly (Unknown)
2025-03-08 20:47:03,478 - root - INFO - Token Token-101 completed task 'Monthly' at 2025-03-11 11:11:01.341237.
2025-03-08 20:47:03,478 - root - INFO - Next nodes for Monthly: ['Review AM using Asset Change Tracker (5.5.13.1)']
2025-03-08 20:47:03,479 - root - INFO - Scheduling direct next node Review AM using Asset Change Tracker (5.5.13.1)
2025-03-08 20:47:03,479 - root - INFO - Token Token-101 waiting for resource 'Tech' at 2025-03-11 11:11:01.341237
2025-03-08 20:47:03,479 - root - INFO - Token Token-102 started task 'Monthly' at 2025-03-11 11:15:41.091091, scheduled to end at 2025-03-11 11:15:41.091091 (processing time: 0.00 min)
2025-03-08 20:47:03,480 - root - INFO - Processing end event: Token Token-102 at node Monthly (Unknown)
2025-03-08 20:47:03,480 - root - INFO - Token Token-102 completed task 'Monthly' at 2025-03-11 11:15:41.091091.
2025-03-08 20:47:03,480 - root - INFO - Next nodes for Monthly: ['Review AM using Asset Change Tracker (5.5.13.1)']
2025-03-08 20:47:03,481 - root - INFO - Scheduling direct next node Review AM using Asset Change Tracker (5.5.13.1)
2025-03-08 20:47:03,482 - root - INFO - Token Token-102 waiting for resource 'Tech' at 2025-03-11 11:15:41.091091
2025-03-08 20:47:03,498 - root - INFO - Token Token-103 started task 'Monthly' at 2025-03-11 11:21:40.185706, scheduled to end at 2025-03-11 11:21:40.185706 (processing time: 0.00 min)
2025-03-08 20:47:03,499 - root - INFO - Processing end event: Token Token-103 at node Monthly (Unknown)
2025-03-08 20:47:03,499 - root - INFO - Token Token-103 completed task 'Monthly' at 2025-03-11 11:21:40.185706.
2025-03-08 20:47:03,500 - root - INFO - Next nodes for Monthly: ['Review AM using Asset Change Tracker (5.5.13.1)']
2025-03-08 20:47:03,500 - root - INFO - Scheduling direct next node Review AM using Asset Change Tracker (5.5.13.1)
2025-03-08 20:47:03,501 - root - INFO - Token Token-103 waiting for resource 'Tech' at 2025-03-11 11:21:40.185706
2025-03-08 20:47:03,501 - root - INFO - Token Token-104 started task 'Monthly' at 2025-03-11 11:27:02.760427, scheduled to end at 2025-03-11 11:27:02.760427 (processing time: 0.00 min)
2025-03-08 20:47:03,502 - root - INFO - Processing end event: Token Token-104 at node Monthly (Unknown)
2025-03-08 20:47:03,502 - root - INFO - Token Token-104 completed task 'Monthly' at 2025-03-11 11:27:02.760427.
2025-03-08 20:47:03,502 - root - INFO - Next nodes for Monthly: ['Review AM using Asset Change Tracker (5.5.13.1)']
2025-03-08 20:47:03,503 - root - INFO - Scheduling direct next node Review AM using Asset Change Tracker (5.5.13.1)
2025-03-08 20:47:03,503 - root - INFO - Token Token-104 waiting for resource 'Tech' at 2025-03-11 11:27:02.760427
2025-03-08 20:47:03,503 - root - INFO - Token Token-105 started task 'Monthly' at 2025-03-11 11:33:14.198275, scheduled to end at 2025-03-11 11:33:14.198275 (processing time: 0.00 min)
2025-03-08 20:47:03,504 - root - INFO - Processing end event: Token Token-105 at node Monthly (Unknown)
2025-03-08 20:47:03,504 - root - INFO - Token Token-105 completed task 'Monthly' at 2025-03-11 11:33:14.198275.
2025-03-08 20:47:03,504 - root - INFO - Next nodes for Monthly: ['Review AM using Asset Change Tracker (5.5.13.1)']
2025-03-08 20:47:03,505 - root - INFO - Scheduling direct next node Review AM using Asset Change Tracker (5.5.13.1)
2025-03-08 20:47:03,505 - root - INFO - Token Token-105 waiting for resource 'Tech' at 2025-03-11 11:33:14.198275
2025-03-08 20:47:03,506 - root - INFO - Token Token-106 started task 'Monthly' at 2025-03-11 11:38:22.324424, scheduled to end at 2025-03-11 11:38:22.324424 (processing time: 0.00 min)
2025-03-08 20:47:03,507 - root - INFO - Processing end event: Token Token-106 at node Monthly (Unknown)
2025-03-08 20:47:03,509 - root - INFO - Token Token-106 completed task 'Monthly' at 2025-03-11 11:38:22.324424.
2025-03-08 20:47:03,509 - root - INFO - Next nodes for Monthly: ['Review AM using Asset Change Tracker (5.5.13.1)']
2025-03-08 20:47:03,510 - root - INFO - Scheduling direct next node Review AM using Asset Change Tracker (5.5.13.1)
2025-03-08 20:47:03,510 - root - INFO - Token Token-106 waiting for resource 'Tech' at 2025-03-11 11:38:22.324424
2025-03-08 20:47:03,511 - root - INFO - Token Token-107 started task 'Monthly' at 2025-03-11 11:44:30.985909, scheduled to end at 2025-03-11 11:44:30.985909 (processing time: 0.00 min)
2025-03-08 20:47:03,511 - root - INFO - Processing end event: Token Token-107 at node Monthly (Unknown)
2025-03-08 20:47:03,512 - root - INFO - Token Token-107 completed task 'Monthly' at 2025-03-11 11:44:30.985909.
2025-03-08 20:47:03,513 - root - INFO - Next nodes for Monthly: ['Review AM using Asset Change Tracker (5.5.13.1)']
2025-03-08 20:47:03,513 - root - INFO - Scheduling direct next node Review AM using Asset Change Tracker (5.5.13.1)
2025-03-08 20:47:03,513 - root - INFO - Token Token-107 waiting for resource 'Tech' at 2025-03-11 11:44:30.985909
2025-03-08 20:47:03,514 - root - INFO - Token Token-108 started task 'Monthly' at 2025-03-11 11:50:57.928875, scheduled to end at 2025-03-11 11:50:57.928875 (processing time: 0.00 min)
2025-03-08 20:47:03,514 - root - INFO - Processing end event: Token Token-108 at node Monthly (Unknown)
2025-03-08 20:47:03,515 - root - INFO - Token Token-108 completed task 'Monthly' at 2025-03-11 11:50:57.928875.
2025-03-08 20:47:03,515 - root - INFO - Next nodes for Monthly: ['Review AM using Asset Change Tracker (5.5.13.1)']
2025-03-08 20:47:03,515 - root - INFO - Scheduling direct next node Review AM using Asset Change Tracker (5.5.13.1)
2025-03-08 20:47:03,516 - root - INFO - Token Token-108 waiting for resource 'Tech' at 2025-03-11 11:50:57.928875
2025-03-08 20:47:03,516 - root - INFO - Token Token-109 started task 'Monthly' at 2025-03-11 11:57:10.026271, scheduled to end at 2025-03-11 11:57:10.026271 (processing time: 0.00 min)
2025-03-08 20:47:03,517 - root - INFO - Processing end event: Token Token-109 at node Monthly (Unknown)
2025-03-08 20:47:03,517 - root - INFO - Token Token-109 completed task 'Monthly' at 2025-03-11 11:57:10.026271.
2025-03-08 20:47:03,517 - root - INFO - Next nodes for Monthly: ['Review AM using Asset Change Tracker (5.5.13.1)']
2025-03-08 20:47:03,517 - root - INFO - Scheduling direct next node Review AM using Asset Change Tracker (5.5.13.1)
2025-03-08 20:47:03,517 - root - INFO - Token Token-109 waiting for resource 'Tech' at 2025-03-11 11:57:10.026271
2025-03-08 20:47:03,519 - root - INFO - Token Token-110 started task 'Monthly' at 2025-03-11 12:03:29.548987, scheduled to end at 2025-03-11 12:03:29.548987 (processing time: 0.00 min)
2025-03-08 20:47:03,519 - root - INFO - Processing end event: Token Token-110 at node Monthly (Unknown)
2025-03-08 20:47:03,520 - root - INFO - Token Token-110 completed task 'Monthly' at 2025-03-11 12:03:29.548987.
2025-03-08 20:47:03,520 - root - INFO - Next nodes for Monthly: ['Review AM using Asset Change Tracker (5.5.13.1)']
2025-03-08 20:47:03,520 - root - INFO - Scheduling direct next node Review AM using Asset Change Tracker (5.5.13.1)
2025-03-08 20:47:03,521 - root - INFO - Token Token-110 waiting for resource 'Tech' at 2025-03-11 12:03:29.548987
2025-03-08 20:47:03,521 - root - INFO - Token Token-111 started task 'Monthly' at 2025-03-11 12:09:24.621289, scheduled to end at 2025-03-11 12:09:24.621289 (processing time: 0.00 min)
2025-03-08 20:47:03,522 - root - INFO - Processing end event: Token Token-111 at node Monthly (Unknown)
2025-03-08 20:47:03,522 - root - INFO - Token Token-111 completed task 'Monthly' at 2025-03-11 12:09:24.621289.
2025-03-08 20:47:03,522 - root - INFO - Next nodes for Monthly: ['Review AM using Asset Change Tracker (5.5.13.1)']
2025-03-08 20:47:03,523 - root - INFO - Scheduling direct next node Review AM using Asset Change Tracker (5.5.13.1)
2025-03-08 20:47:03,523 - root - INFO - Token Token-111 waiting for resource 'Tech' at 2025-03-11 12:09:24.621289
2025-03-08 20:47:03,524 - root - INFO - Token Token-112 started task 'Monthly' at 2025-03-11 12:15:03.158238, scheduled to end at 2025-03-11 12:15:03.158238 (processing time: 0.00 min)
2025-03-08 20:47:03,524 - root - INFO - Processing end event: Token Token-112 at node Monthly (Unknown)
2025-03-08 20:47:03,524 - root - INFO - Token Token-112 completed task 'Monthly' at 2025-03-11 12:15:03.158238.
2025-03-08 20:47:03,525 - root - INFO - Next nodes for Monthly: ['Review AM using Asset Change Tracker (5.5.13.1)']
2025-03-08 20:47:03,526 - root - INFO - Scheduling direct next node Review AM using Asset Change Tracker (5.5.13.1)
2025-03-08 20:47:03,541 - root - INFO - Token Token-112 waiting for resource 'Tech' at 2025-03-11 12:15:03.158238
2025-03-08 20:47:03,542 - root - INFO - Token Token-113 started task 'Monthly' at 2025-03-11 12:20:44.782511, scheduled to end at 2025-03-11 12:20:44.782511 (processing time: 0.00 min)
2025-03-08 20:47:03,542 - root - INFO - Processing end event: Token Token-113 at node Monthly (Unknown)
2025-03-08 20:47:03,542 - root - INFO - Token Token-113 completed task 'Monthly' at 2025-03-11 12:20:44.782511.
2025-03-08 20:47:03,543 - root - INFO - Next nodes for Monthly: ['Review AM using Asset Change Tracker (5.5.13.1)']
2025-03-08 20:47:03,543 - root - INFO - Scheduling direct next node Review AM using Asset Change Tracker (5.5.13.1)
2025-03-08 20:47:03,543 - root - INFO - Token Token-113 waiting for resource 'Tech' at 2025-03-11 12:20:44.782511
2025-03-08 20:47:03,543 - root - INFO - Token Token-114 started task 'Monthly' at 2025-03-11 12:27:01.906539, scheduled to end at 2025-03-11 12:27:01.906539 (processing time: 0.00 min)
2025-03-08 20:47:03,544 - root - INFO - Processing end event: Token Token-114 at node Monthly (Unknown)
2025-03-08 20:47:03,544 - root - INFO - Token Token-114 completed task 'Monthly' at 2025-03-11 12:27:01.906539.
2025-03-08 20:47:03,544 - root - INFO - Next nodes for Monthly: ['Review AM using Asset Change Tracker (5.5.13.1)']
2025-03-08 20:47:03,544 - root - INFO - Scheduling direct next node Review AM using Asset Change Tracker (5.5.13.1)
2025-03-08 20:47:03,544 - root - INFO - Token Token-114 waiting for resource 'Tech' at 2025-03-11 12:27:01.906539
2025-03-08 20:47:03,545 - root - INFO - Token Token-115 started task 'Monthly' at 2025-03-11 12:31:27.217644, scheduled to end at 2025-03-11 12:31:27.217644 (processing time: 0.00 min)
2025-03-08 20:47:03,545 - root - INFO - Processing end event: Token Token-115 at node Monthly (Unknown)
2025-03-08 20:47:03,545 - root - INFO - Token Token-115 completed task 'Monthly' at 2025-03-11 12:31:27.217644.
2025-03-08 20:47:03,546 - root - INFO - Next nodes for Monthly: ['Review AM using Asset Change Tracker (5.5.13.1)']
2025-03-08 20:47:03,546 - root - INFO - Scheduling direct next node Review AM using Asset Change Tracker (5.5.13.1)
2025-03-08 20:47:03,546 - root - INFO - Token Token-115 waiting for resource 'Tech' at 2025-03-11 12:31:27.217644
2025-03-08 20:47:03,547 - root - INFO - Token Token-116 started task 'Monthly' at 2025-03-11 12:36:13.605345, scheduled to end at 2025-03-11 12:36:13.605345 (processing time: 0.00 min)
2025-03-08 20:47:03,547 - root - INFO - Processing end event: Token Token-116 at node Monthly (Unknown)
2025-03-08 20:47:03,550 - root - INFO - Token Token-116 completed task 'Monthly' at 2025-03-11 12:36:13.605345.
2025-03-08 20:47:03,552 - root - INFO - Next nodes for Monthly: ['Review AM using Asset Change Tracker (5.5.13.1)']
2025-03-08 20:47:03,552 - root - INFO - Scheduling direct next node Review AM using Asset Change Tracker (5.5.13.1)
2025-03-08 20:47:03,553 - root - INFO - Token Token-116 waiting for resource 'Tech' at 2025-03-11 12:36:13.605345
2025-03-08 20:47:03,553 - root - INFO - Token Token-117 started task 'Monthly' at 2025-03-11 12:41:55.849125, scheduled to end at 2025-03-11 12:41:55.849125 (processing time: 0.00 min)
2025-03-08 20:47:03,554 - root - INFO - Processing end event: Token Token-117 at node Monthly (Unknown)
2025-03-08 20:47:03,554 - root - INFO - Token Token-117 completed task 'Monthly' at 2025-03-11 12:41:55.849125.
2025-03-08 20:47:03,554 - root - INFO - Next nodes for Monthly: ['Review AM using Asset Change Tracker (5.5.13.1)']
2025-03-08 20:47:03,555 - root - INFO - Scheduling direct next node Review AM using Asset Change Tracker (5.5.13.1)
2025-03-08 20:47:03,555 - root - INFO - Token Token-117 waiting for resource 'Tech' at 2025-03-11 12:41:55.849125
2025-03-08 20:47:03,555 - root - INFO - Token Token-118 started task 'Monthly' at 2025-03-11 12:47:00.967387, scheduled to end at 2025-03-11 12:47:00.967387 (processing time: 0.00 min)
2025-03-08 20:47:03,556 - root - INFO - Processing end event: Token Token-118 at node Monthly (Unknown)
2025-03-08 20:47:03,556 - root - INFO - Token Token-118 completed task 'Monthly' at 2025-03-11 12:47:00.967387.
2025-03-08 20:47:03,556 - root - INFO - Next nodes for Monthly: ['Review AM using Asset Change Tracker (5.5.13.1)']
2025-03-08 20:47:03,557 - root - INFO - Scheduling direct next node Review AM using Asset Change Tracker (5.5.13.1)
2025-03-08 20:47:03,557 - root - INFO - Token Token-118 waiting for resource 'Tech' at 2025-03-11 12:47:00.967387
2025-03-08 20:47:03,558 - root - INFO - Token Token-119 started task 'Monthly' at 2025-03-11 12:52:06.624653, scheduled to end at 2025-03-11 12:52:06.624653 (processing time: 0.00 min)
2025-03-08 20:47:03,558 - root - INFO - Processing end event: Token Token-119 at node Monthly (Unknown)
2025-03-08 20:47:03,558 - root - INFO - Token Token-119 completed task 'Monthly' at 2025-03-11 12:52:06.624653.
2025-03-08 20:47:03,559 - root - INFO - Next nodes for Monthly: ['Review AM using Asset Change Tracker (5.5.13.1)']
2025-03-08 20:47:03,559 - root - INFO - Scheduling direct next node Review AM using Asset Change Tracker (5.5.13.1)
2025-03-08 20:47:03,559 - root - INFO - Token Token-119 waiting for resource 'Tech' at 2025-03-11 12:52:06.624653
2025-03-08 20:47:03,559 - root - INFO - Token Token-120 started task 'Monthly' at 2025-03-11 12:58:20.456082, scheduled to end at 2025-03-11 12:58:20.456082 (processing time: 0.00 min)
2025-03-08 20:47:03,560 - root - INFO - Processing end event: Token Token-120 at node Monthly (Unknown)
2025-03-08 20:47:03,560 - root - INFO - Token Token-120 completed task 'Monthly' at 2025-03-11 12:58:20.456082.
2025-03-08 20:47:03,561 - root - INFO - Next nodes for Monthly: ['Review AM using Asset Change Tracker (5.5.13.1)']
2025-03-08 20:47:03,561 - root - INFO - Scheduling direct next node Review AM using Asset Change Tracker (5.5.13.1)
2025-03-08 20:47:03,561 - root - INFO - Token Token-120 waiting for resource 'Tech' at 2025-03-11 12:58:20.456082
2025-03-08 20:47:03,562 - root - INFO - Token Token-121 started task 'Monthly' at 2025-03-11 13:04:31.347389, scheduled to end at 2025-03-11 13:04:31.347389 (processing time: 0.00 min)
2025-03-08 20:47:03,562 - root - INFO - Processing end event: Token Token-121 at node Monthly (Unknown)
2025-03-08 20:47:03,562 - root - INFO - Token Token-121 completed task 'Monthly' at 2025-03-11 13:04:31.347389.
2025-03-08 20:47:03,563 - root - INFO - Next nodes for Monthly: ['Review AM using Asset Change Tracker (5.5.13.1)']
2025-03-08 20:47:03,563 - root - INFO - Scheduling direct next node Review AM using Asset Change Tracker (5.5.13.1)
2025-03-08 20:47:03,563 - root - INFO - Token Token-121 waiting for resource 'Tech' at 2025-03-11 13:04:31.347389
2025-03-08 20:47:03,564 - root - INFO - Token Token-122 started task 'Monthly' at 2025-03-11 13:10:48.485129, scheduled to end at 2025-03-11 13:10:48.485129 (processing time: 0.00 min)
2025-03-08 20:47:03,564 - root - INFO - Processing end event: Token Token-122 at node Monthly (Unknown)
2025-03-08 20:47:03,564 - root - INFO - Token Token-122 completed task 'Monthly' at 2025-03-11 13:10:48.485129.
2025-03-08 20:47:03,565 - root - INFO - Next nodes for Monthly: ['Review AM using Asset Change Tracker (5.5.13.1)']
2025-03-08 20:47:03,565 - root - INFO - Scheduling direct next node Review AM using Asset Change Tracker (5.5.13.1)
2025-03-08 20:47:03,565 - root - INFO - Token Token-122 waiting for resource 'Tech' at 2025-03-11 13:10:48.485129
2025-03-08 20:47:03,566 - root - INFO - Token Token-123 started task 'Monthly' at 2025-03-11 13:15:58.485422, scheduled to end at 2025-03-11 13:15:58.485422 (processing time: 0.00 min)
2025-03-08 20:47:03,566 - root - INFO - Processing end event: Token Token-123 at node Monthly (Unknown)
2025-03-08 20:47:03,566 - root - INFO - Token Token-123 completed task 'Monthly' at 2025-03-11 13:15:58.485422.
2025-03-08 20:47:03,567 - root - INFO - Next nodes for Monthly: ['Review AM using Asset Change Tracker (5.5.13.1)']
2025-03-08 20:47:03,567 - root - INFO - Scheduling direct next node Review AM using Asset Change Tracker (5.5.13.1)
2025-03-08 20:47:03,568 - root - INFO - Token Token-123 waiting for resource 'Tech' at 2025-03-11 13:15:58.485422
2025-03-08 20:47:03,569 - root - INFO - Token Token-124 started task 'Monthly' at 2025-03-11 13:21:49.513319, scheduled to end at 2025-03-11 13:21:49.513319 (processing time: 0.00 min)
2025-03-08 20:47:03,570 - root - INFO - Processing end event: Token Token-124 at node Monthly (Unknown)
2025-03-08 20:47:03,591 - root - INFO - Token Token-124 completed task 'Monthly' at 2025-03-11 13:21:49.513319.
2025-03-08 20:47:03,591 - root - INFO - Next nodes for Monthly: ['Review AM using Asset Change Tracker (5.5.13.1)']
2025-03-08 20:47:03,591 - root - INFO - Scheduling direct next node Review AM using Asset Change Tracker (5.5.13.1)
2025-03-08 20:47:03,592 - root - INFO - Token Token-124 waiting for resource 'Tech' at 2025-03-11 13:21:49.513319
2025-03-08 20:47:03,592 - root - INFO - Token Token-125 started task 'Monthly' at 2025-03-11 13:28:04.406460, scheduled to end at 2025-03-11 13:28:04.406460 (processing time: 0.00 min)
2025-03-08 20:47:03,592 - root - INFO - Processing end event: Token Token-125 at node Monthly (Unknown)
2025-03-08 20:47:03,592 - root - INFO - Token Token-125 completed task 'Monthly' at 2025-03-11 13:28:04.406460.
2025-03-08 20:47:03,593 - root - INFO - Next nodes for Monthly: ['Review AM using Asset Change Tracker (5.5.13.1)']
2025-03-08 20:47:03,593 - root - INFO - Scheduling direct next node Review AM using Asset Change Tracker (5.5.13.1)
2025-03-08 20:47:03,593 - root - INFO - Token Token-125 waiting for resource 'Tech' at 2025-03-11 13:28:04.406460
2025-03-08 20:47:03,593 - root - INFO - Token Token-126 started task 'Monthly' at 2025-03-11 13:34:11.296244, scheduled to end at 2025-03-11 13:34:11.296244 (processing time: 0.00 min)
2025-03-08 20:47:03,593 - root - INFO - Processing end event: Token Token-126 at node Monthly (Unknown)
2025-03-08 20:47:03,593 - root - INFO - Token Token-126 completed task 'Monthly' at 2025-03-11 13:34:11.296244.
2025-03-08 20:47:03,593 - root - INFO - Next nodes for Monthly: ['Review AM using Asset Change Tracker (5.5.13.1)']
2025-03-08 20:47:03,595 - root - INFO - Scheduling direct next node Review AM using Asset Change Tracker (5.5.13.1)
2025-03-08 20:47:03,595 - root - INFO - Token Token-126 waiting for resource 'Tech' at 2025-03-11 13:34:11.296244
2025-03-08 20:47:03,595 - root - INFO - Token Token-127 started task 'Monthly' at 2025-03-11 13:40:00.118272, scheduled to end at 2025-03-11 13:40:00.118272 (processing time: 0.00 min)
2025-03-08 20:47:03,595 - root - INFO - Processing end event: Token Token-127 at node Monthly (Unknown)
2025-03-08 20:47:03,595 - root - INFO - Token Token-127 completed task 'Monthly' at 2025-03-11 13:40:00.118272.
2025-03-08 20:47:03,595 - root - INFO - Next nodes for Monthly: ['Review AM using Asset Change Tracker (5.5.13.1)']
2025-03-08 20:47:03,597 - root - INFO - Scheduling direct next node Review AM using Asset Change Tracker (5.5.13.1)
2025-03-08 20:47:03,597 - root - INFO - Token Token-127 waiting for resource 'Tech' at 2025-03-11 13:40:00.118272
2025-03-08 20:47:03,597 - root - INFO - Token Token-128 started task 'Monthly' at 2025-03-11 13:44:14.858639, scheduled to end at 2025-03-11 13:44:14.858639 (processing time: 0.00 min)
2025-03-08 20:47:03,597 - root - INFO - Processing end event: Token Token-128 at node Monthly (Unknown)
2025-03-08 20:47:03,598 - root - INFO - Token Token-128 completed task 'Monthly' at 2025-03-11 13:44:14.858639.
2025-03-08 20:47:03,598 - root - INFO - Next nodes for Monthly: ['Review AM using Asset Change Tracker (5.5.13.1)']
2025-03-08 20:47:03,599 - root - INFO - Scheduling direct next node Review AM using Asset Change Tracker (5.5.13.1)
2025-03-08 20:47:03,599 - root - INFO - Token Token-128 waiting for resource 'Tech' at 2025-03-11 13:44:14.858639
2025-03-08 20:47:03,599 - root - INFO - Token Token-129 started task 'Monthly' at 2025-03-11 13:48:25.124713, scheduled to end at 2025-03-11 13:48:25.124713 (processing time: 0.00 min)
2025-03-08 20:47:03,599 - root - INFO - Processing end event: Token Token-129 at node Monthly (Unknown)
2025-03-08 20:47:03,600 - root - INFO - Token Token-129 completed task 'Monthly' at 2025-03-11 13:48:25.124713.
2025-03-08 20:47:03,600 - root - INFO - Next nodes for Monthly: ['Review AM using Asset Change Tracker (5.5.13.1)']
2025-03-08 20:47:03,600 - root - INFO - Scheduling direct next node Review AM using Asset Change Tracker (5.5.13.1)
2025-03-08 20:47:03,600 - root - INFO - Token Token-129 waiting for resource 'Tech' at 2025-03-11 13:48:25.124713
2025-03-08 20:47:03,601 - root - INFO - Token Token-130 started task 'Monthly' at 2025-03-11 13:54:48.646655, scheduled to end at 2025-03-11 13:54:48.646655 (processing time: 0.00 min)
2025-03-08 20:47:03,601 - root - INFO - Processing end event: Token Token-130 at node Monthly (Unknown)
2025-03-08 20:47:03,601 - root - INFO - Token Token-130 completed task 'Monthly' at 2025-03-11 13:54:48.646655.
2025-03-08 20:47:03,601 - root - INFO - Next nodes for Monthly: ['Review AM using Asset Change Tracker (5.5.13.1)']
2025-03-08 20:47:03,602 - root - INFO - Scheduling direct next node Review AM using Asset Change Tracker (5.5.13.1)
2025-03-08 20:47:03,602 - root - INFO - Token Token-130 waiting for resource 'Tech' at 2025-03-11 13:54:48.646655
2025-03-08 20:47:03,602 - root - INFO - Token Token-131 started task 'Monthly' at 2025-03-12 08:00:00, scheduled to end at 2025-03-12 08:00:00 (processing time: 0.00 min)
2025-03-08 20:47:03,602 - root - INFO - Processing end event: Token Token-131 at node Monthly (Unknown)
2025-03-08 20:47:03,602 - root - INFO - Token Token-131 completed task 'Monthly' at 2025-03-12 08:00:00.
2025-03-08 20:47:03,603 - root - INFO - Next nodes for Monthly: ['Review AM using Asset Change Tracker (5.5.13.1)']
2025-03-08 20:47:03,603 - root - INFO - Scheduling direct next node Review AM using Asset Change Tracker (5.5.13.1)
2025-03-08 20:47:03,603 - root - INFO - Token Token-131 waiting for resource 'Tech' at 2025-03-12 08:00:00
2025-03-08 20:47:03,603 - root - INFO - Token Token-132 started task 'Monthly' at 2025-03-12 08:05:44.399446, scheduled to end at 2025-03-12 08:05:44.399446 (processing time: 0.00 min)
2025-03-08 20:47:03,604 - root - INFO - Processing end event: Token Token-132 at node Monthly (Unknown)
2025-03-08 20:47:03,604 - root - INFO - Token Token-132 completed task 'Monthly' at 2025-03-12 08:05:44.399446.
2025-03-08 20:47:03,604 - root - INFO - Next nodes for Monthly: ['Review AM using Asset Change Tracker (5.5.13.1)']
2025-03-08 20:47:03,604 - root - INFO - Scheduling direct next node Review AM using Asset Change Tracker (5.5.13.1)
2025-03-08 20:47:03,604 - root - INFO - Token Token-132 waiting for resource 'Tech' at 2025-03-12 08:05:44.399446
2025-03-08 20:47:03,604 - root - INFO - Token Token-133 started task 'Monthly' at 2025-03-12 08:11:54.686346, scheduled to end at 2025-03-12 08:11:54.686346 (processing time: 0.00 min)
2025-03-08 20:47:03,605 - root - INFO - Processing end event: Token Token-133 at node Monthly (Unknown)
2025-03-08 20:47:03,605 - root - INFO - Token Token-133 completed task 'Monthly' at 2025-03-12 08:11:54.686346.
2025-03-08 20:47:03,605 - root - INFO - Next nodes for Monthly: ['Review AM using Asset Change Tracker (5.5.13.1)']
2025-03-08 20:47:03,605 - root - INFO - Scheduling direct next node Review AM using Asset Change Tracker (5.5.13.1)
2025-03-08 20:47:03,605 - root - INFO - Token Token-133 waiting for resource 'Tech' at 2025-03-12 08:11:54.686346
2025-03-08 20:47:03,606 - root - INFO - Token Token-134 started task 'Monthly' at 2025-03-12 08:17:28.769041, scheduled to end at 2025-03-12 08:17:28.769041 (processing time: 0.00 min)
2025-03-08 20:47:03,606 - root - INFO - Processing end event: Token Token-134 at node Monthly (Unknown)
2025-03-08 20:47:03,606 - root - INFO - Token Token-134 completed task 'Monthly' at 2025-03-12 08:17:28.769041.
2025-03-08 20:47:03,606 - root - INFO - Next nodes for Monthly: ['Review AM using Asset Change Tracker (5.5.13.1)']
2025-03-08 20:47:03,607 - root - INFO - Scheduling direct next node Review AM using Asset Change Tracker (5.5.13.1)
2025-03-08 20:47:03,607 - root - INFO - Token Token-134 waiting for resource 'Tech' at 2025-03-12 08:17:28.769041
2025-03-08 20:47:03,607 - root - INFO - Token Token-135 started task 'Monthly' at 2025-03-12 08:23:14.936526, scheduled to end at 2025-03-12 08:23:14.936526 (processing time: 0.00 min)
2025-03-08 20:47:03,608 - root - INFO - Processing end event: Token Token-135 at node Monthly (Unknown)
2025-03-08 20:47:03,608 - root - INFO - Token Token-135 completed task 'Monthly' at 2025-03-12 08:23:14.936526.
2025-03-08 20:47:03,608 - root - INFO - Next nodes for Monthly: ['Review AM using Asset Change Tracker (5.5.13.1)']
2025-03-08 20:47:03,608 - root - INFO - Scheduling direct next node Review AM using Asset Change Tracker (5.5.13.1)
2025-03-08 20:47:03,608 - root - INFO - Token Token-135 waiting for resource 'Tech' at 2025-03-12 08:23:14.936526
2025-03-08 20:47:03,608 - root - INFO - Token Token-136 started task 'Monthly' at 2025-03-12 08:29:31.736184, scheduled to end at 2025-03-12 08:29:31.736184 (processing time: 0.00 min)
2025-03-08 20:47:03,611 - root - INFO - Processing end event: Token Token-136 at node Monthly (Unknown)
2025-03-08 20:47:03,613 - root - INFO - Token Token-136 completed task 'Monthly' at 2025-03-12 08:29:31.736184.
2025-03-08 20:47:03,613 - root - INFO - Next nodes for Monthly: ['Review AM using Asset Change Tracker (5.5.13.1)']
2025-03-08 20:47:03,613 - root - INFO - Scheduling direct next node Review AM using Asset Change Tracker (5.5.13.1)
2025-03-08 20:47:03,613 - root - INFO - Token Token-136 waiting for resource 'Tech' at 2025-03-12 08:29:31.736184
2025-03-08 20:47:03,613 - root - INFO - Token Token-137 started task 'Monthly' at 2025-03-12 08:34:56.065180, scheduled to end at 2025-03-12 08:34:56.065180 (processing time: 0.00 min)
2025-03-08 20:47:03,614 - root - INFO - Processing end event: Token Token-137 at node Monthly (Unknown)
2025-03-08 20:47:03,614 - root - INFO - Token Token-137 completed task 'Monthly' at 2025-03-12 08:34:56.065180.
2025-03-08 20:47:03,614 - root - INFO - Next nodes for Monthly: ['Review AM using Asset Change Tracker (5.5.13.1)']
2025-03-08 20:47:03,615 - root - INFO - Scheduling direct next node Review AM using Asset Change Tracker (5.5.13.1)
2025-03-08 20:47:03,615 - root - INFO - Token Token-137 waiting for resource 'Tech' at 2025-03-12 08:34:56.065180
2025-03-08 20:47:03,615 - root - INFO - Token Token-138 started task 'Monthly' at 2025-03-12 08:41:22.862755, scheduled to end at 2025-03-12 08:41:22.862755 (processing time: 0.00 min)
2025-03-08 20:47:03,616 - root - INFO - Processing end event: Token Token-138 at node Monthly (Unknown)
2025-03-08 20:47:03,616 - root - INFO - Token Token-138 completed task 'Monthly' at 2025-03-12 08:41:22.862755.
2025-03-08 20:47:03,616 - root - INFO - Next nodes for Monthly: ['Review AM using Asset Change Tracker (5.5.13.1)']
2025-03-08 20:47:03,617 - root - INFO - Scheduling direct next node Review AM using Asset Change Tracker (5.5.13.1)
2025-03-08 20:47:03,617 - root - INFO - Token Token-138 waiting for resource 'Tech' at 2025-03-12 08:41:22.862755
2025-03-08 20:47:03,618 - root - INFO - Token Token-139 started task 'Monthly' at 2025-03-12 08:46:58.456951, scheduled to end at 2025-03-12 08:46:58.456951 (processing time: 0.00 min)
2025-03-08 20:47:03,619 - root - INFO - Processing end event: Token Token-139 at node Monthly (Unknown)
2025-03-08 20:47:03,620 - root - INFO - Token Token-139 completed task 'Monthly' at 2025-03-12 08:46:58.456951.
2025-03-08 20:47:03,621 - root - INFO - Next nodes for Monthly: ['Review AM using Asset Change Tracker (5.5.13.1)']
2025-03-08 20:47:03,643 - root - INFO - Scheduling direct next node Review AM using Asset Change Tracker (5.5.13.1)
2025-03-08 20:47:03,644 - root - INFO - Token Token-139 waiting for resource 'Tech' at 2025-03-12 08:46:58.456951
2025-03-08 20:47:03,644 - root - INFO - Token Token-140 started task 'Monthly' at 2025-03-12 08:52:24.210518, scheduled to end at 2025-03-12 08:52:24.210518 (processing time: 0.00 min)
2025-03-08 20:47:03,645 - root - INFO - Processing end event: Token Token-140 at node Monthly (Unknown)
2025-03-08 20:47:03,645 - root - INFO - Token Token-140 completed task 'Monthly' at 2025-03-12 08:52:24.210518.
2025-03-08 20:47:03,645 - root - INFO - Next nodes for Monthly: ['Review AM using Asset Change Tracker (5.5.13.1)']
2025-03-08 20:47:03,646 - root - INFO - Scheduling direct next node Review AM using Asset Change Tracker (5.5.13.1)
2025-03-08 20:47:03,646 - root - INFO - Token Token-140 waiting for resource 'Tech' at 2025-03-12 08:52:24.210518
2025-03-08 20:47:03,647 - root - INFO - Token Token-141 started task 'Monthly' at 2025-03-12 08:58:01.569959, scheduled to end at 2025-03-12 08:58:01.569959 (processing time: 0.00 min)
2025-03-08 20:47:03,647 - root - INFO - Processing end event: Token Token-141 at node Monthly (Unknown)
2025-03-08 20:47:03,647 - root - INFO - Token Token-141 completed task 'Monthly' at 2025-03-12 08:58:01.569959.
2025-03-08 20:47:03,648 - root - INFO - Next nodes for Monthly: ['Review AM using Asset Change Tracker (5.5.13.1)']
2025-03-08 20:47:03,648 - root - INFO - Scheduling direct next node Review AM using Asset Change Tracker (5.5.13.1)
2025-03-08 20:47:03,650 - root - INFO - Token Token-141 waiting for resource 'Tech' at 2025-03-12 08:58:01.569959
2025-03-08 20:47:03,651 - root - INFO - Token Token-142 started task 'Monthly' at 2025-03-12 09:04:19.991083, scheduled to end at 2025-03-12 09:04:19.991083 (processing time: 0.00 min)
2025-03-08 20:47:03,652 - root - INFO - Processing end event: Token Token-142 at node Monthly (Unknown)
2025-03-08 20:47:03,652 - root - INFO - Token Token-142 completed task 'Monthly' at 2025-03-12 09:04:19.991083.
2025-03-08 20:47:03,653 - root - INFO - Next nodes for Monthly: ['Review AM using Asset Change Tracker (5.5.13.1)']
2025-03-08 20:47:03,653 - root - INFO - Scheduling direct next node Review AM using Asset Change Tracker (5.5.13.1)
2025-03-08 20:47:03,654 - root - INFO - Token Token-142 waiting for resource 'Tech' at 2025-03-12 09:04:19.991083
2025-03-08 20:47:03,654 - root - INFO - Token Token-143 started task 'Monthly' at 2025-03-12 09:09:50.391666, scheduled to end at 2025-03-12 09:09:50.391666 (processing time: 0.00 min)
2025-03-08 20:47:03,655 - root - INFO - Processing end event: Token Token-143 at node Monthly (Unknown)
2025-03-08 20:47:03,655 - root - INFO - Token Token-143 completed task 'Monthly' at 2025-03-12 09:09:50.391666.
2025-03-08 20:47:03,655 - root - INFO - Next nodes for Monthly: ['Review AM using Asset Change Tracker (5.5.13.1)']
2025-03-08 20:47:03,655 - root - INFO - Scheduling direct next node Review AM using Asset Change Tracker (5.5.13.1)
2025-03-08 20:47:03,656 - root - INFO - Token Token-143 waiting for resource 'Tech' at 2025-03-12 09:09:50.391666
2025-03-08 20:47:03,656 - root - INFO - Token Token-144 started task 'Monthly' at 2025-03-12 09:16:06.710286, scheduled to end at 2025-03-12 09:16:06.710286 (processing time: 0.00 min)
2025-03-08 20:47:03,656 - root - INFO - Processing end event: Token Token-144 at node Monthly (Unknown)
2025-03-08 20:47:03,656 - root - INFO - Token Token-144 completed task 'Monthly' at 2025-03-12 09:16:06.710286.
2025-03-08 20:47:03,656 - root - INFO - Next nodes for Monthly: ['Review AM using Asset Change Tracker (5.5.13.1)']
2025-03-08 20:47:03,656 - root - INFO - Scheduling direct next node Review AM using Asset Change Tracker (5.5.13.1)
2025-03-08 20:47:03,656 - root - INFO - Token Token-144 waiting for resource 'Tech' at 2025-03-12 09:16:06.710286
2025-03-08 20:47:03,656 - root - INFO - Token Token-145 started task 'Monthly' at 2025-03-12 09:21:31.345231, scheduled to end at 2025-03-12 09:21:31.345231 (processing time: 0.00 min)
2025-03-08 20:47:03,658 - root - INFO - Processing end event: Token Token-145 at node Monthly (Unknown)
2025-03-08 20:47:03,658 - root - INFO - Token Token-145 completed task 'Monthly' at 2025-03-12 09:21:31.345231.
2025-03-08 20:47:03,658 - root - INFO - Next nodes for Monthly: ['Review AM using Asset Change Tracker (5.5.13.1)']
2025-03-08 20:47:03,658 - root - INFO - Scheduling direct next node Review AM using Asset Change Tracker (5.5.13.1)
2025-03-08 20:47:03,658 - root - INFO - Token Token-145 waiting for resource 'Tech' at 2025-03-12 09:21:31.345231
2025-03-08 20:47:03,658 - root - INFO - Token Token-146 started task 'Monthly' at 2025-03-12 09:26:35.000093, scheduled to end at 2025-03-12 09:26:35.000093 (processing time: 0.00 min)
2025-03-08 20:47:03,659 - root - INFO - Processing end event: Token Token-146 at node Monthly (Unknown)
2025-03-08 20:47:03,659 - root - INFO - Token Token-146 completed task 'Monthly' at 2025-03-12 09:26:35.000093.
2025-03-08 20:47:03,659 - root - INFO - Next nodes for Monthly: ['Review AM using Asset Change Tracker (5.5.13.1)']
2025-03-08 20:47:03,659 - root - INFO - Scheduling direct next node Review AM using Asset Change Tracker (5.5.13.1)
2025-03-08 20:47:03,659 - root - INFO - Token Token-146 waiting for resource 'Tech' at 2025-03-12 09:26:35.000093
2025-03-08 20:47:03,660 - root - INFO - Token Token-147 started task 'Monthly' at 2025-03-12 09:32:48.565408, scheduled to end at 2025-03-12 09:32:48.565408 (processing time: 0.00 min)
2025-03-08 20:47:03,660 - root - INFO - Processing end event: Token Token-147 at node Monthly (Unknown)
2025-03-08 20:47:03,660 - root - INFO - Token Token-147 completed task 'Monthly' at 2025-03-12 09:32:48.565408.
2025-03-08 20:47:03,660 - root - INFO - Next nodes for Monthly: ['Review AM using Asset Change Tracker (5.5.13.1)']
2025-03-08 20:47:03,661 - root - INFO - Scheduling direct next node Review AM using Asset Change Tracker (5.5.13.1)
2025-03-08 20:47:03,661 - root - INFO - Token Token-147 waiting for resource 'Tech' at 2025-03-12 09:32:48.565408
2025-03-08 20:47:03,661 - root - INFO - Token Token-148 started task 'Monthly' at 2025-03-12 09:37:53.455630, scheduled to end at 2025-03-12 09:37:53.455630 (processing time: 0.00 min)
2025-03-08 20:47:03,661 - root - INFO - Processing end event: Token Token-148 at node Monthly (Unknown)
2025-03-08 20:47:03,661 - root - INFO - Token Token-148 completed task 'Monthly' at 2025-03-12 09:37:53.455630.
2025-03-08 20:47:03,662 - root - INFO - Next nodes for Monthly: ['Review AM using Asset Change Tracker (5.5.13.1)']
2025-03-08 20:47:03,662 - root - INFO - Scheduling direct next node Review AM using Asset Change Tracker (5.5.13.1)
2025-03-08 20:47:03,662 - root - INFO - Token Token-148 waiting for resource 'Tech' at 2025-03-12 09:37:53.455630
2025-03-08 20:47:03,662 - root - INFO - Token Token-149 started task 'Monthly' at 2025-03-12 09:43:51.938264, scheduled to end at 2025-03-12 09:43:51.938264 (processing time: 0.00 min)
2025-03-08 20:47:03,663 - root - INFO - Processing end event: Token Token-149 at node Monthly (Unknown)
2025-03-08 20:47:03,663 - root - INFO - Token Token-149 completed task 'Monthly' at 2025-03-12 09:43:51.938264.
2025-03-08 20:47:03,663 - root - INFO - Next nodes for Monthly: ['Review AM using Asset Change Tracker (5.5.13.1)']
2025-03-08 20:47:03,664 - root - INFO - Scheduling direct next node Review AM using Asset Change Tracker (5.5.13.1)
2025-03-08 20:47:03,664 - root - INFO - Token Token-149 waiting for resource 'Tech' at 2025-03-12 09:43:51.938264
2025-03-08 20:47:03,664 - root - INFO - Token Token-150 started task 'Monthly' at 2025-03-12 09:49:02.701989, scheduled to end at 2025-03-12 09:49:02.701989 (processing time: 0.00 min)
2025-03-08 20:47:03,664 - root - INFO - Processing end event: Token Token-150 at node Monthly (Unknown)
2025-03-08 20:47:03,664 - root - INFO - Token Token-150 completed task 'Monthly' at 2025-03-12 09:49:02.701989.
2025-03-08 20:47:03,665 - root - INFO - Next nodes for Monthly: ['Review AM using Asset Change Tracker (5.5.13.1)']
2025-03-08 20:47:03,665 - root - INFO - Scheduling direct next node Review AM using Asset Change Tracker (5.5.13.1)
2025-03-08 20:47:03,665 - root - INFO - Token Token-150 waiting for resource 'Tech' at 2025-03-12 09:49:02.701989
2025-03-08 20:47:03,665 - root - INFO - Token Token-151 started task 'Monthly' at 2025-03-12 09:53:57.811680, scheduled to end at 2025-03-12 09:53:57.811680 (processing time: 0.00 min)
2025-03-08 20:47:03,666 - root - INFO - Processing end event: Token Token-151 at node Monthly (Unknown)
2025-03-08 20:47:03,667 - root - INFO - Token Token-151 completed task 'Monthly' at 2025-03-12 09:53:57.811680.
2025-03-08 20:47:03,667 - root - INFO - Next nodes for Monthly: ['Review AM using Asset Change Tracker (5.5.13.1)']
2025-03-08 20:47:03,667 - root - INFO - Scheduling direct next node Review AM using Asset Change Tracker (5.5.13.1)
2025-03-08 20:47:03,667 - root - INFO - Token Token-151 waiting for resource 'Tech' at 2025-03-12 09:53:57.811680
2025-03-08 20:47:03,667 - root - INFO - Token Token-152 started task 'Monthly' at 2025-03-12 09:59:30.475255, scheduled to end at 2025-03-12 09:59:30.475255 (processing time: 0.00 min)
2025-03-08 20:47:03,668 - root - INFO - Processing end event: Token Token-152 at node Monthly (Unknown)
2025-03-08 20:47:03,668 - root - INFO - Token Token-152 completed task 'Monthly' at 2025-03-12 09:59:30.475255.
2025-03-08 20:47:03,668 - root - INFO - Next nodes for Monthly: ['Review AM using Asset Change Tracker (5.5.13.1)']
2025-03-08 20:47:03,668 - root - INFO - Scheduling direct next node Review AM using Asset Change Tracker (5.5.13.1)
2025-03-08 20:47:03,669 - root - INFO - Token Token-152 waiting for resource 'Tech' at 2025-03-12 09:59:30.475255
2025-03-08 20:47:03,669 - root - INFO - Token Token-153 started task 'Monthly' at 2025-03-12 10:04:56.352284, scheduled to end at 2025-03-12 10:04:56.352284 (processing time: 0.00 min)
2025-03-08 20:47:03,669 - root - INFO - Processing end event: Token Token-153 at node Monthly (Unknown)
2025-03-08 20:47:03,670 - root - INFO - Token Token-153 completed task 'Monthly' at 2025-03-12 10:04:56.352284.
2025-03-08 20:47:03,670 - root - INFO - Next nodes for Monthly: ['Review AM using Asset Change Tracker (5.5.13.1)']
2025-03-08 20:47:03,670 - root - INFO - Scheduling direct next node Review AM using Asset Change Tracker (5.5.13.1)
2025-03-08 20:47:03,670 - root - INFO - Token Token-153 waiting for resource 'Tech' at 2025-03-12 10:04:56.352284
2025-03-08 20:47:03,671 - root - INFO - Token Token-154 started task 'Monthly' at 2025-03-12 10:09:32.041129, scheduled to end at 2025-03-12 10:09:32.041129 (processing time: 0.00 min)
2025-03-08 20:47:03,671 - root - INFO - Processing end event: Token Token-154 at node Monthly (Unknown)
2025-03-08 20:47:03,672 - root - INFO - Token Token-154 completed task 'Monthly' at 2025-03-12 10:09:32.041129.
2025-03-08 20:47:03,672 - root - INFO - Next nodes for Monthly: ['Review AM using Asset Change Tracker (5.5.13.1)']
2025-03-08 20:47:03,672 - root - INFO - Scheduling direct next node Review AM using Asset Change Tracker (5.5.13.1)
2025-03-08 20:47:03,673 - root - INFO - Token Token-154 waiting for resource 'Tech' at 2025-03-12 10:09:32.041129
2025-03-08 20:47:03,673 - root - INFO - Token Token-155 started task 'Monthly' at 2025-03-12 10:15:04.123370, scheduled to end at 2025-03-12 10:15:04.123370 (processing time: 0.00 min)
2025-03-08 20:47:03,673 - root - INFO - Processing end event: Token Token-155 at node Monthly (Unknown)
2025-03-08 20:47:03,674 - root - INFO - Token Token-155 completed task 'Monthly' at 2025-03-12 10:15:04.123370.
2025-03-08 20:47:03,675 - root - INFO - Next nodes for Monthly: ['Review AM using Asset Change Tracker (5.5.13.1)']
2025-03-08 20:47:03,694 - root - INFO - Scheduling direct next node Review AM using Asset Change Tracker (5.5.13.1)
2025-03-08 20:47:03,695 - root - INFO - Token Token-155 waiting for resource 'Tech' at 2025-03-12 10:15:04.123370
2025-03-08 20:47:03,695 - root - INFO - Token Token-156 started task 'Monthly' at 2025-03-12 10:19:58.088010, scheduled to end at 2025-03-12 10:19:58.088010 (processing time: 0.00 min)
2025-03-08 20:47:03,696 - root - INFO - Processing end event: Token Token-156 at node Monthly (Unknown)
2025-03-08 20:47:03,696 - root - INFO - Token Token-156 completed task 'Monthly' at 2025-03-12 10:19:58.088010.
2025-03-08 20:47:03,697 - root - INFO - Next nodes for Monthly: ['Review AM using Asset Change Tracker (5.5.13.1)']
2025-03-08 20:47:03,697 - root - INFO - Scheduling direct next node Review AM using Asset Change Tracker (5.5.13.1)
2025-03-08 20:47:03,698 - root - INFO - Token Token-156 waiting for resource 'Tech' at 2025-03-12 10:19:58.088010
2025-03-08 20:47:03,699 - root - INFO - Token Token-157 started task 'Monthly' at 2025-03-12 10:26:00.786587, scheduled to end at 2025-03-12 10:26:00.786587 (processing time: 0.00 min)
2025-03-08 20:47:03,699 - root - INFO - Processing end event: Token Token-157 at node Monthly (Unknown)
2025-03-08 20:47:03,699 - root - INFO - Token Token-157 completed task 'Monthly' at 2025-03-12 10:26:00.786587.
2025-03-08 20:47:03,700 - root - INFO - Next nodes for Monthly: ['Review AM using Asset Change Tracker (5.5.13.1)']
2025-03-08 20:47:03,700 - root - INFO - Scheduling direct next node Review AM using Asset Change Tracker (5.5.13.1)
2025-03-08 20:47:03,700 - root - INFO - Token Token-157 waiting for resource 'Tech' at 2025-03-12 10:26:00.786587
2025-03-08 20:47:03,701 - root - INFO - Token Token-158 started task 'Monthly' at 2025-03-12 10:31:22.344603, scheduled to end at 2025-03-12 10:31:22.344603 (processing time: 0.00 min)
2025-03-08 20:47:03,701 - root - INFO - Processing end event: Token Token-158 at node Monthly (Unknown)
2025-03-08 20:47:03,703 - root - INFO - Token Token-158 completed task 'Monthly' at 2025-03-12 10:31:22.344603.
2025-03-08 20:47:03,704 - root - INFO - Next nodes for Monthly: ['Review AM using Asset Change Tracker (5.5.13.1)']
2025-03-08 20:47:03,705 - root - INFO - Scheduling direct next node Review AM using Asset Change Tracker (5.5.13.1)
2025-03-08 20:47:03,705 - root - INFO - Token Token-158 waiting for resource 'Tech' at 2025-03-12 10:31:22.344603
2025-03-08 20:47:03,706 - root - INFO - Token Token-159 started task 'Monthly' at 2025-03-12 10:37:17.292345, scheduled to end at 2025-03-12 10:37:17.292345 (processing time: 0.00 min)
2025-03-08 20:47:03,706 - root - INFO - Processing end event: Token Token-159 at node Monthly (Unknown)
2025-03-08 20:47:03,706 - root - INFO - Token Token-159 completed task 'Monthly' at 2025-03-12 10:37:17.292345.
2025-03-08 20:47:03,707 - root - INFO - Next nodes for Monthly: ['Review AM using Asset Change Tracker (5.5.13.1)']
2025-03-08 20:47:03,707 - root - INFO - Scheduling direct next node Review AM using Asset Change Tracker (5.5.13.1)
2025-03-08 20:47:03,707 - root - INFO - Token Token-159 waiting for resource 'Tech' at 2025-03-12 10:37:17.292345
2025-03-08 20:47:03,708 - root - INFO - Token Token-160 started task 'Monthly' at 2025-03-12 10:43:27.288471, scheduled to end at 2025-03-12 10:43:27.288471 (processing time: 0.00 min)
2025-03-08 20:47:03,708 - root - INFO - Processing end event: Token Token-160 at node Monthly (Unknown)
2025-03-08 20:47:03,708 - root - INFO - Token Token-160 completed task 'Monthly' at 2025-03-12 10:43:27.288471.
2025-03-08 20:47:03,709 - root - INFO - Next nodes for Monthly: ['Review AM using Asset Change Tracker (5.5.13.1)']
2025-03-08 20:47:03,709 - root - INFO - Scheduling direct next node Review AM using Asset Change Tracker (5.5.13.1)
2025-03-08 20:47:03,709 - root - INFO - Token Token-160 waiting for resource 'Tech' at 2025-03-12 10:43:27.288471
2025-03-08 20:47:03,710 - root - INFO - Token Token-161 started task 'Monthly' at 2025-03-12 10:49:25.003207, scheduled to end at 2025-03-12 10:49:25.003207 (processing time: 0.00 min)
2025-03-08 20:47:03,711 - root - INFO - Processing end event: Token Token-161 at node Monthly (Unknown)
2025-03-08 20:47:03,712 - root - INFO - Token Token-161 completed task 'Monthly' at 2025-03-12 10:49:25.003207.
2025-03-08 20:47:03,713 - root - INFO - Next nodes for Monthly: ['Review AM using Asset Change Tracker (5.5.13.1)']
2025-03-08 20:47:03,713 - root - INFO - Scheduling direct next node Review AM using Asset Change Tracker (5.5.13.1)
2025-03-08 20:47:03,713 - root - INFO - Token Token-161 waiting for resource 'Tech' at 2025-03-12 10:49:25.003207
2025-03-08 20:47:03,713 - root - INFO - Token Token-162 started task 'Monthly' at 2025-03-12 10:55:17.176460, scheduled to end at 2025-03-12 10:55:17.176460 (processing time: 0.00 min)
2025-03-08 20:47:03,713 - root - INFO - Processing end event: Token Token-162 at node Monthly (Unknown)
2025-03-08 20:47:03,713 - root - INFO - Token Token-162 completed task 'Monthly' at 2025-03-12 10:55:17.176460.
2025-03-08 20:47:03,713 - root - INFO - Next nodes for Monthly: ['Review AM using Asset Change Tracker (5.5.13.1)']
2025-03-08 20:47:03,714 - root - INFO - Scheduling direct next node Review AM using Asset Change Tracker (5.5.13.1)
2025-03-08 20:47:03,714 - root - INFO - Token Token-162 waiting for resource 'Tech' at 2025-03-12 10:55:17.176460
2025-03-08 20:47:03,714 - root - INFO - Token Token-163 started task 'Monthly' at 2025-03-12 11:01:05.394164, scheduled to end at 2025-03-12 11:01:05.394164 (processing time: 0.00 min)
2025-03-08 20:47:03,715 - root - INFO - Processing end event: Token Token-163 at node Monthly (Unknown)
2025-03-08 20:47:03,715 - root - INFO - Token Token-163 completed task 'Monthly' at 2025-03-12 11:01:05.394164.
2025-03-08 20:47:03,715 - root - INFO - Next nodes for Monthly: ['Review AM using Asset Change Tracker (5.5.13.1)']
2025-03-08 20:47:03,715 - root - INFO - Scheduling direct next node Review AM using Asset Change Tracker (5.5.13.1)
2025-03-08 20:47:03,715 - root - INFO - Token Token-163 waiting for resource 'Tech' at 2025-03-12 11:01:05.394164
2025-03-08 20:47:03,715 - root - INFO - Token Token-164 started task 'Monthly' at 2025-03-12 11:05:50.103393, scheduled to end at 2025-03-12 11:05:50.103393 (processing time: 0.00 min)
2025-03-08 20:47:03,715 - root - INFO - Processing end event: Token Token-164 at node Monthly (Unknown)
2025-03-08 20:47:03,715 - root - INFO - Token Token-164 completed task 'Monthly' at 2025-03-12 11:05:50.103393.
2025-03-08 20:47:03,715 - root - INFO - Next nodes for Monthly: ['Review AM using Asset Change Tracker (5.5.13.1)']
2025-03-08 20:47:03,717 - root - INFO - Scheduling direct next node Review AM using Asset Change Tracker (5.5.13.1)
2025-03-08 20:47:03,718 - root - INFO - Token Token-164 waiting for resource 'Tech' at 2025-03-12 11:05:50.103393
2025-03-08 20:47:03,718 - root - INFO - Token Token-165 started task 'Monthly' at 2025-03-12 11:11:04.960230, scheduled to end at 2025-03-12 11:11:04.960230 (processing time: 0.00 min)
2025-03-08 20:47:03,718 - root - INFO - Processing end event: Token Token-165 at node Monthly (Unknown)
2025-03-08 20:47:03,718 - root - INFO - Token Token-165 completed task 'Monthly' at 2025-03-12 11:11:04.960230.
2025-03-08 20:47:03,718 - root - INFO - Next nodes for Monthly: ['Review AM using Asset Change Tracker (5.5.13.1)']
2025-03-08 20:47:03,718 - root - INFO - Scheduling direct next node Review AM using Asset Change Tracker (5.5.13.1)
2025-03-08 20:47:03,719 - root - INFO - Token Token-165 waiting for resource 'Tech' at 2025-03-12 11:11:04.960230
2025-03-08 20:47:03,719 - root - INFO - Token Token-166 started task 'Monthly' at 2025-03-12 11:16:10.505270, scheduled to end at 2025-03-12 11:16:10.505270 (processing time: 0.00 min)
2025-03-08 20:47:03,719 - root - INFO - Processing end event: Token Token-166 at node Monthly (Unknown)
2025-03-08 20:47:03,719 - root - INFO - Token Token-166 completed task 'Monthly' at 2025-03-12 11:16:10.505270.
2025-03-08 20:47:03,719 - root - INFO - Next nodes for Monthly: ['Review AM using Asset Change Tracker (5.5.13.1)']
2025-03-08 20:47:03,720 - root - INFO - Scheduling direct next node Review AM using Asset Change Tracker (5.5.13.1)
2025-03-08 20:47:03,720 - root - INFO - Token Token-166 waiting for resource 'Tech' at 2025-03-12 11:16:10.505270
2025-03-08 20:47:03,720 - root - INFO - Token Token-167 started task 'Monthly' at 2025-03-12 11:21:02.446679, scheduled to end at 2025-03-12 11:21:02.446679 (processing time: 0.00 min)
2025-03-08 20:47:03,720 - root - INFO - Processing end event: Token Token-167 at node Monthly (Unknown)
2025-03-08 20:47:03,720 - root - INFO - Token Token-167 completed task 'Monthly' at 2025-03-12 11:21:02.446679.
2025-03-08 20:47:03,721 - root - INFO - Next nodes for Monthly: ['Review AM using Asset Change Tracker (5.5.13.1)']
2025-03-08 20:47:03,721 - root - INFO - Scheduling direct next node Review AM using Asset Change Tracker (5.5.13.1)
2025-03-08 20:47:03,721 - root - INFO - Token Token-167 waiting for resource 'Tech' at 2025-03-12 11:21:02.446679
2025-03-08 20:47:03,721 - root - INFO - Token Token-168 started task 'Monthly' at 2025-03-12 11:26:39.885587, scheduled to end at 2025-03-12 11:26:39.885587 (processing time: 0.00 min)
2025-03-08 20:47:03,722 - root - INFO - Processing end event: Token Token-168 at node Monthly (Unknown)
2025-03-08 20:47:03,722 - root - INFO - Token Token-168 completed task 'Monthly' at 2025-03-12 11:26:39.885587.
2025-03-08 20:47:03,722 - root - INFO - Next nodes for Monthly: ['Review AM using Asset Change Tracker (5.5.13.1)']
2025-03-08 20:47:03,722 - root - INFO - Scheduling direct next node Review AM using Asset Change Tracker (5.5.13.1)
2025-03-08 20:47:03,722 - root - INFO - Token Token-168 waiting for resource 'Tech' at 2025-03-12 11:26:39.885587
2025-03-08 20:47:03,723 - root - INFO - Token Token-169 started task 'Monthly' at 2025-03-12 11:32:33.892946, scheduled to end at 2025-03-12 11:32:33.892946 (processing time: 0.00 min)
2025-03-08 20:47:03,723 - root - INFO - Processing end event: Token Token-169 at node Monthly (Unknown)
2025-03-08 20:47:03,723 - root - INFO - Token Token-169 completed task 'Monthly' at 2025-03-12 11:32:33.892946.
2025-03-08 20:47:03,723 - root - INFO - Next nodes for Monthly: ['Review AM using Asset Change Tracker (5.5.13.1)']
2025-03-08 20:47:03,723 - root - INFO - Scheduling direct next node Review AM using Asset Change Tracker (5.5.13.1)
2025-03-08 20:47:03,724 - root - INFO - Token Token-169 waiting for resource 'Tech' at 2025-03-12 11:32:33.892946
2025-03-08 20:47:03,724 - root - INFO - Token Token-170 started task 'Monthly' at 2025-03-12 11:37:07.526801, scheduled to end at 2025-03-12 11:37:07.526801 (processing time: 0.00 min)
2025-03-08 20:47:03,724 - root - INFO - Processing end event: Token Token-170 at node Monthly (Unknown)
2025-03-08 20:47:03,725 - root - INFO - Token Token-170 completed task 'Monthly' at 2025-03-12 11:37:07.526801.
2025-03-08 20:47:03,725 - root - INFO - Next nodes for Monthly: ['Review AM using Asset Change Tracker (5.5.13.1)']
2025-03-08 20:47:03,725 - root - INFO - Scheduling direct next node Review AM using Asset Change Tracker (5.5.13.1)
2025-03-08 20:47:03,725 - root - INFO - Token Token-170 waiting for resource 'Tech' at 2025-03-12 11:37:07.526801
2025-03-08 20:47:03,725 - root - INFO - Token Token-171 started task 'Monthly' at 2025-03-12 11:42:37.110203, scheduled to end at 2025-03-12 11:42:37.110203 (processing time: 0.00 min)
2025-03-08 20:47:03,726 - root - INFO - Processing end event: Token Token-171 at node Monthly (Unknown)
2025-03-08 20:47:03,726 - root - INFO - Token Token-171 completed task 'Monthly' at 2025-03-12 11:42:37.110203.
2025-03-08 20:47:03,726 - root - INFO - Next nodes for Monthly: ['Review AM using Asset Change Tracker (5.5.13.1)']
2025-03-08 20:47:03,726 - root - INFO - Scheduling direct next node Review AM using Asset Change Tracker (5.5.13.1)
2025-03-08 20:47:03,726 - root - INFO - Token Token-171 waiting for resource 'Tech' at 2025-03-12 11:42:37.110203
2025-03-08 20:47:03,727 - root - INFO - Token Token-172 started task 'Monthly' at 2025-03-12 11:49:01.027649, scheduled to end at 2025-03-12 11:49:01.027649 (processing time: 0.00 min)
2025-03-08 20:47:03,727 - root - INFO - Processing end event: Token Token-172 at node Monthly (Unknown)
2025-03-08 20:47:03,727 - root - INFO - Token Token-172 completed task 'Monthly' at 2025-03-12 11:49:01.027649.
2025-03-08 20:47:03,727 - root - INFO - Next nodes for Monthly: ['Review AM using Asset Change Tracker (5.5.13.1)']
2025-03-08 20:47:03,728 - root - INFO - Scheduling direct next node Review AM using Asset Change Tracker (5.5.13.1)
2025-03-08 20:47:03,728 - root - INFO - Token Token-172 waiting for resource 'Tech' at 2025-03-12 11:49:01.027649
2025-03-08 20:47:03,728 - root - INFO - Token Token-173 started task 'Monthly' at 2025-03-12 11:54:16.046954, scheduled to end at 2025-03-12 11:54:16.046954 (processing time: 0.00 min)
2025-03-08 20:47:03,728 - root - INFO - Processing end event: Token Token-173 at node Monthly (Unknown)
2025-03-08 20:47:03,728 - root - INFO - Token Token-173 completed task 'Monthly' at 2025-03-12 11:54:16.046954.
2025-03-08 20:47:03,729 - root - INFO - Next nodes for Monthly: ['Review AM using Asset Change Tracker (5.5.13.1)']
2025-03-08 20:47:03,729 - root - INFO - Scheduling direct next node Review AM using Asset Change Tracker (5.5.13.1)
2025-03-08 20:47:03,729 - root - INFO - Token Token-173 waiting for resource 'Tech' at 2025-03-12 11:54:16.046954
2025-03-08 20:47:03,730 - root - INFO - Token Token-174 started task 'Monthly' at 2025-03-12 12:00:29.713076, scheduled to end at 2025-03-12 12:00:29.713076 (processing time: 0.00 min)
2025-03-08 20:47:03,730 - root - INFO - Processing end event: Token Token-174 at node Monthly (Unknown)
2025-03-08 20:47:03,731 - root - INFO - Token Token-174 completed task 'Monthly' at 2025-03-12 12:00:29.713076.
2025-03-08 20:47:03,731 - root - INFO - Next nodes for Monthly: ['Review AM using Asset Change Tracker (5.5.13.1)']
2025-03-08 20:47:03,732 - root - INFO - Scheduling direct next node Review AM using Asset Change Tracker (5.5.13.1)
2025-03-08 20:47:03,732 - root - INFO - Token Token-174 waiting for resource 'Tech' at 2025-03-12 12:00:29.713076
2025-03-08 20:47:03,732 - root - INFO - Token Token-175 started task 'Monthly' at 2025-03-12 12:04:47.467084, scheduled to end at 2025-03-12 12:04:47.467084 (processing time: 0.00 min)
2025-03-08 20:47:03,733 - root - INFO - Processing end event: Token Token-175 at node Monthly (Unknown)
2025-03-08 20:47:03,733 - root - INFO - Token Token-175 completed task 'Monthly' at 2025-03-12 12:04:47.467084.
2025-03-08 20:47:03,733 - root - INFO - Next nodes for Monthly: ['Review AM using Asset Change Tracker (5.5.13.1)']
2025-03-08 20:47:03,735 - root - INFO - Scheduling direct next node Review AM using Asset Change Tracker (5.5.13.1)
2025-03-08 20:47:03,736 - root - INFO - Token Token-175 waiting for resource 'Tech' at 2025-03-12 12:04:47.467084
2025-03-08 20:47:03,758 - root - INFO - Token Token-176 started task 'Monthly' at 2025-03-12 12:10:13.961116, scheduled to end at 2025-03-12 12:10:13.961116 (processing time: 0.00 min)
2025-03-08 20:47:03,759 - root - INFO - Processing end event: Token Token-176 at node Monthly (Unknown)
2025-03-08 20:47:03,759 - root - INFO - Token Token-176 completed task 'Monthly' at 2025-03-12 12:10:13.961116.
2025-03-08 20:47:03,760 - root - INFO - Next nodes for Monthly: ['Review AM using Asset Change Tracker (5.5.13.1)']
2025-03-08 20:47:03,760 - root - INFO - Scheduling direct next node Review AM using Asset Change Tracker (5.5.13.1)
2025-03-08 20:47:03,761 - root - INFO - Token Token-176 waiting for resource 'Tech' at 2025-03-12 12:10:13.961116
2025-03-08 20:47:03,761 - root - INFO - Token Token-177 started task 'Monthly' at 2025-03-12 12:15:39.837328, scheduled to end at 2025-03-12 12:15:39.837328 (processing time: 0.00 min)
2025-03-08 20:47:03,762 - root - INFO - Processing end event: Token Token-177 at node Monthly (Unknown)
2025-03-08 20:47:03,762 - root - INFO - Token Token-177 completed task 'Monthly' at 2025-03-12 12:15:39.837328.
2025-03-08 20:47:03,764 - root - INFO - Next nodes for Monthly: ['Review AM using Asset Change Tracker (5.5.13.1)']
2025-03-08 20:47:03,764 - root - INFO - Scheduling direct next node Review AM using Asset Change Tracker (5.5.13.1)
2025-03-08 20:47:03,765 - root - INFO - Token Token-177 waiting for resource 'Tech' at 2025-03-12 12:15:39.837328
2025-03-08 20:47:03,766 - root - INFO - Token Token-178 started task 'Monthly' at 2025-03-12 12:21:01.918782, scheduled to end at 2025-03-12 12:21:01.918782 (processing time: 0.00 min)
2025-03-08 20:47:03,766 - root - INFO - Processing end event: Token Token-178 at node Monthly (Unknown)
2025-03-08 20:47:03,766 - root - INFO - Token Token-178 completed task 'Monthly' at 2025-03-12 12:21:01.918782.
2025-03-08 20:47:03,767 - root - INFO - Next nodes for Monthly: ['Review AM using Asset Change Tracker (5.5.13.1)']
2025-03-08 20:47:03,767 - root - INFO - Scheduling direct next node Review AM using Asset Change Tracker (5.5.13.1)
2025-03-08 20:47:03,767 - root - INFO - Token Token-178 waiting for resource 'Tech' at 2025-03-12 12:21:01.918782
2025-03-08 20:47:03,768 - root - INFO - Token Token-179 started task 'Monthly' at 2025-03-12 12:26:52.847099, scheduled to end at 2025-03-12 12:26:52.847099 (processing time: 0.00 min)
2025-03-08 20:47:03,768 - root - INFO - Processing end event: Token Token-179 at node Monthly (Unknown)
2025-03-08 20:47:03,769 - root - INFO - Token Token-179 completed task 'Monthly' at 2025-03-12 12:26:52.847099.
2025-03-08 20:47:03,769 - root - INFO - Next nodes for Monthly: ['Review AM using Asset Change Tracker (5.5.13.1)']
2025-03-08 20:47:03,769 - root - INFO - Scheduling direct next node Review AM using Asset Change Tracker (5.5.13.1)
2025-03-08 20:47:03,770 - root - INFO - Token Token-179 waiting for resource 'Tech' at 2025-03-12 12:26:52.847099
2025-03-08 20:47:03,770 - root - INFO - Token Token-180 started task 'Monthly' at 2025-03-12 12:33:02.327203, scheduled to end at 2025-03-12 12:33:02.327203 (processing time: 0.00 min)
2025-03-08 20:47:03,771 - root - INFO - Processing end event: Token Token-180 at node Monthly (Unknown)
2025-03-08 20:47:03,771 - root - INFO - Token Token-180 completed task 'Monthly' at 2025-03-12 12:33:02.327203.
2025-03-08 20:47:03,771 - root - INFO - Next nodes for Monthly: ['Review AM using Asset Change Tracker (5.5.13.1)']
2025-03-08 20:47:03,772 - root - INFO - Scheduling direct next node Review AM using Asset Change Tracker (5.5.13.1)
2025-03-08 20:47:03,773 - root - INFO - Token Token-180 waiting for resource 'Tech' at 2025-03-12 12:33:02.327203
2025-03-08 20:47:03,773 - root - INFO - Token Token-181 started task 'Monthly' at 2025-03-12 12:38:10.049930, scheduled to end at 2025-03-12 12:38:10.049930 (processing time: 0.00 min)
2025-03-08 20:47:03,773 - root - INFO - Processing end event: Token Token-181 at node Monthly (Unknown)
2025-03-08 20:47:03,774 - root - INFO - Token Token-181 completed task 'Monthly' at 2025-03-12 12:38:10.049930.
2025-03-08 20:47:03,774 - root - INFO - Next nodes for Monthly: ['Review AM using Asset Change Tracker (5.5.13.1)']
2025-03-08 20:47:03,774 - root - INFO - Scheduling direct next node Review AM using Asset Change Tracker (5.5.13.1)
2025-03-08 20:47:03,775 - root - INFO - Token Token-181 waiting for resource 'Tech' at 2025-03-12 12:38:10.049930
2025-03-08 20:47:03,775 - root - INFO - Token Token-182 started task 'Monthly' at 2025-03-12 12:43:32.135504, scheduled to end at 2025-03-12 12:43:32.135504 (processing time: 0.00 min)
2025-03-08 20:47:03,776 - root - INFO - Processing end event: Token Token-182 at node Monthly (Unknown)
2025-03-08 20:47:03,776 - root - INFO - Token Token-182 completed task 'Monthly' at 2025-03-12 12:43:32.135504.
2025-03-08 20:47:03,776 - root - INFO - Next nodes for Monthly: ['Review AM using Asset Change Tracker (5.5.13.1)']
2025-03-08 20:47:03,776 - root - INFO - Scheduling direct next node Review AM using Asset Change Tracker (5.5.13.1)
2025-03-08 20:47:03,777 - root - INFO - Token Token-182 waiting for resource 'Tech' at 2025-03-12 12:43:32.135504
2025-03-08 20:47:03,777 - root - INFO - Token Token-183 started task 'Monthly' at 2025-03-12 12:48:14.597240, scheduled to end at 2025-03-12 12:48:14.597240 (processing time: 0.00 min)
2025-03-08 20:47:03,777 - root - INFO - Processing end event: Token Token-183 at node Monthly (Unknown)
2025-03-08 20:47:03,777 - root - INFO - Token Token-183 completed task 'Monthly' at 2025-03-12 12:48:14.597240.
2025-03-08 20:47:03,777 - root - INFO - Next nodes for Monthly: ['Review AM using Asset Change Tracker (5.5.13.1)']
2025-03-08 20:47:03,777 - root - INFO - Scheduling direct next node Review AM using Asset Change Tracker (5.5.13.1)
2025-03-08 20:47:03,777 - root - INFO - Token Token-183 waiting for resource 'Tech' at 2025-03-12 12:48:14.597240
2025-03-08 20:47:03,777 - root - INFO - Token Token-184 started task 'Monthly' at 2025-03-12 12:54:33.286892, scheduled to end at 2025-03-12 12:54:33.286892 (processing time: 0.00 min)
2025-03-08 20:47:03,777 - root - INFO - Processing end event: Token Token-184 at node Monthly (Unknown)
2025-03-08 20:47:03,777 - root - INFO - Token Token-184 completed task 'Monthly' at 2025-03-12 12:54:33.286892.
2025-03-08 20:47:03,777 - root - INFO - Next nodes for Monthly: ['Review AM using Asset Change Tracker (5.5.13.1)']
2025-03-08 20:47:03,777 - root - INFO - Scheduling direct next node Review AM using Asset Change Tracker (5.5.13.1)
2025-03-08 20:47:03,780 - root - INFO - Token Token-184 waiting for resource 'Tech' at 2025-03-12 12:54:33.286892
2025-03-08 20:47:03,780 - root - INFO - Token Token-185 started task 'Monthly' at 2025-03-12 13:00:44.825547, scheduled to end at 2025-03-12 13:00:44.825547 (processing time: 0.00 min)
2025-03-08 20:47:03,780 - root - INFO - Processing end event: Token Token-185 at node Monthly (Unknown)
2025-03-08 20:47:03,780 - root - INFO - Token Token-185 completed task 'Monthly' at 2025-03-12 13:00:44.825547.
2025-03-08 20:47:03,780 - root - INFO - Next nodes for Monthly: ['Review AM using Asset Change Tracker (5.5.13.1)']
2025-03-08 20:47:03,780 - root - INFO - Scheduling direct next node Review AM using Asset Change Tracker (5.5.13.1)
2025-03-08 20:47:03,781 - root - INFO - Token Token-185 waiting for resource 'Tech' at 2025-03-12 13:00:44.825547
2025-03-08 20:47:03,781 - root - INFO - Token Token-186 started task 'Monthly' at 2025-03-12 13:05:18.234025, scheduled to end at 2025-03-12 13:05:18.234025 (processing time: 0.00 min)
2025-03-08 20:47:03,781 - root - INFO - Processing end event: Token Token-186 at node Monthly (Unknown)
2025-03-08 20:47:03,781 - root - INFO - Token Token-186 completed task 'Monthly' at 2025-03-12 13:05:18.234025.
2025-03-08 20:47:03,781 - root - INFO - Next nodes for Monthly: ['Review AM using Asset Change Tracker (5.5.13.1)']
2025-03-08 20:47:03,782 - root - INFO - Scheduling direct next node Review AM using Asset Change Tracker (5.5.13.1)
2025-03-08 20:47:03,782 - root - INFO - Token Token-186 waiting for resource 'Tech' at 2025-03-12 13:05:18.234025
2025-03-08 20:47:03,782 - root - INFO - Token Token-187 started task 'Monthly' at 2025-03-12 13:11:30.692097, scheduled to end at 2025-03-12 13:11:30.692097 (processing time: 0.00 min)
2025-03-08 20:47:03,783 - root - INFO - Processing end event: Token Token-187 at node Monthly (Unknown)
2025-03-08 20:47:03,783 - root - INFO - Token Token-187 completed task 'Monthly' at 2025-03-12 13:11:30.692097.
2025-03-08 20:47:03,783 - root - INFO - Next nodes for Monthly: ['Review AM using Asset Change Tracker (5.5.13.1)']
2025-03-08 20:47:03,783 - root - INFO - Scheduling direct next node Review AM using Asset Change Tracker (5.5.13.1)
2025-03-08 20:47:03,783 - root - INFO - Token Token-187 waiting for resource 'Tech' at 2025-03-12 13:11:30.692097
2025-03-08 20:47:03,784 - root - INFO - Token Token-188 started task 'Monthly' at 2025-03-12 13:16:53.164119, scheduled to end at 2025-03-12 13:16:53.164119 (processing time: 0.00 min)
2025-03-08 20:47:03,784 - root - INFO - Processing end event: Token Token-188 at node Monthly (Unknown)
2025-03-08 20:47:03,784 - root - INFO - Token Token-188 completed task 'Monthly' at 2025-03-12 13:16:53.164119.
2025-03-08 20:47:03,786 - root - INFO - Next nodes for Monthly: ['Review AM using Asset Change Tracker (5.5.13.1)']
2025-03-08 20:47:03,786 - root - INFO - Scheduling direct next node Review AM using Asset Change Tracker (5.5.13.1)
2025-03-08 20:47:03,806 - root - INFO - Token Token-188 waiting for resource 'Tech' at 2025-03-12 13:16:53.164119
2025-03-08 20:47:03,806 - root - INFO - Token Token-189 started task 'Monthly' at 2025-03-12 13:23:17.045547, scheduled to end at 2025-03-12 13:23:17.045547 (processing time: 0.00 min)
2025-03-08 20:47:03,807 - root - INFO - Processing end event: Token Token-189 at node Monthly (Unknown)
2025-03-08 20:47:03,807 - root - INFO - Token Token-189 completed task 'Monthly' at 2025-03-12 13:23:17.045547.
2025-03-08 20:47:03,807 - root - INFO - Next nodes for Monthly: ['Review AM using Asset Change Tracker (5.5.13.1)']
2025-03-08 20:47:03,808 - root - INFO - Scheduling direct next node Review AM using Asset Change Tracker (5.5.13.1)
2025-03-08 20:47:03,808 - root - INFO - Token Token-189 waiting for resource 'Tech' at 2025-03-12 13:23:17.045547
2025-03-08 20:47:03,809 - root - INFO - Token Token-190 started task 'Monthly' at 2025-03-12 13:28:24.098383, scheduled to end at 2025-03-12 13:28:24.098383 (processing time: 0.00 min)
2025-03-08 20:47:03,809 - root - INFO - Processing end event: Token Token-190 at node Monthly (Unknown)
2025-03-08 20:47:03,809 - root - INFO - Token Token-190 completed task 'Monthly' at 2025-03-12 13:28:24.098383.
2025-03-08 20:47:03,810 - root - INFO - Next nodes for Monthly: ['Review AM using Asset Change Tracker (5.5.13.1)']
2025-03-08 20:47:03,810 - root - INFO - Scheduling direct next node Review AM using Asset Change Tracker (5.5.13.1)
2025-03-08 20:47:03,810 - root - INFO - Token Token-190 waiting for resource 'Tech' at 2025-03-12 13:28:24.098383
2025-03-08 20:47:03,812 - root - INFO - Token Token-191 started task 'Monthly' at 2025-03-12 13:33:46.594843, scheduled to end at 2025-03-12 13:33:46.594843 (processing time: 0.00 min)
2025-03-08 20:47:03,813 - root - INFO - Processing end event: Token Token-191 at node Monthly (Unknown)
2025-03-08 20:47:03,813 - root - INFO - Token Token-191 completed task 'Monthly' at 2025-03-12 13:33:46.594843.
2025-03-08 20:47:03,814 - root - INFO - Next nodes for Monthly: ['Review AM using Asset Change Tracker (5.5.13.1)']
2025-03-08 20:47:03,814 - root - INFO - Scheduling direct next node Review AM using Asset Change Tracker (5.5.13.1)
2025-03-08 20:47:03,814 - root - INFO - Token Token-191 waiting for resource 'Tech' at 2025-03-12 13:33:46.594843
2025-03-08 20:47:03,815 - root - INFO - Token Token-192 started task 'Monthly' at 2025-03-12 13:39:28.164751, scheduled to end at 2025-03-12 13:39:28.164751 (processing time: 0.00 min)
2025-03-08 20:47:03,816 - root - INFO - Processing end event: Token Token-192 at node Monthly (Unknown)
2025-03-08 20:47:03,816 - root - INFO - Token Token-192 completed task 'Monthly' at 2025-03-12 13:39:28.164751.
2025-03-08 20:47:03,816 - root - INFO - Next nodes for Monthly: ['Review AM using Asset Change Tracker (5.5.13.1)']
2025-03-08 20:47:03,816 - root - INFO - Scheduling direct next node Review AM using Asset Change Tracker (5.5.13.1)
2025-03-08 20:47:03,818 - root - INFO - Token Token-192 waiting for resource 'Tech' at 2025-03-12 13:39:28.164751
2025-03-08 20:47:03,818 - root - INFO - Token Token-193 started task 'Monthly' at 2025-03-12 13:45:06.492622, scheduled to end at 2025-03-12 13:45:06.492622 (processing time: 0.00 min)
2025-03-08 20:47:03,818 - root - INFO - Processing end event: Token Token-193 at node Monthly (Unknown)
2025-03-08 20:47:03,821 - root - INFO - Token Token-193 completed task 'Monthly' at 2025-03-12 13:45:06.492622.
2025-03-08 20:47:03,822 - root - INFO - Next nodes for Monthly: ['Review AM using Asset Change Tracker (5.5.13.1)']
2025-03-08 20:47:03,822 - root - INFO - Scheduling direct next node Review AM using Asset Change Tracker (5.5.13.1)
2025-03-08 20:47:03,822 - root - INFO - Token Token-193 waiting for resource 'Tech' at 2025-03-12 13:45:06.492622
2025-03-08 20:47:03,823 - root - INFO - Token Token-194 started task 'Monthly' at 2025-03-12 13:51:16.945773, scheduled to end at 2025-03-12 13:51:16.945773 (processing time: 0.00 min)
2025-03-08 20:47:03,824 - root - INFO - Processing end event: Token Token-194 at node Monthly (Unknown)
2025-03-08 20:47:03,824 - root - INFO - Token Token-194 completed task 'Monthly' at 2025-03-12 13:51:16.945773.
2025-03-08 20:47:03,824 - root - INFO - Next nodes for Monthly: ['Review AM using Asset Change Tracker (5.5.13.1)']
2025-03-08 20:47:03,825 - root - INFO - Scheduling direct next node Review AM using Asset Change Tracker (5.5.13.1)
2025-03-08 20:47:03,825 - root - INFO - Token Token-194 waiting for resource 'Tech' at 2025-03-12 13:51:16.945773
2025-03-08 20:47:03,825 - root - INFO - Token Token-195 started task 'Monthly' at 2025-03-12 13:57:11.720880, scheduled to end at 2025-03-12 13:57:11.720880 (processing time: 0.00 min)
2025-03-08 20:47:03,826 - root - INFO - Processing end event: Token Token-195 at node Monthly (Unknown)
2025-03-08 20:47:03,826 - root - INFO - Token Token-195 completed task 'Monthly' at 2025-03-12 13:57:11.720880.
2025-03-08 20:47:03,826 - root - INFO - Next nodes for Monthly: ['Review AM using Asset Change Tracker (5.5.13.1)']
2025-03-08 20:47:03,827 - root - INFO - Scheduling direct next node Review AM using Asset Change Tracker (5.5.13.1)
2025-03-08 20:47:03,827 - root - INFO - Token Token-195 waiting for resource 'Tech' at 2025-03-12 13:57:11.720880
2025-03-08 20:47:03,828 - root - INFO - Token Token-196 started task 'Monthly' at 2025-03-13 08:00:00, scheduled to end at 2025-03-13 08:00:00 (processing time: 0.00 min)
2025-03-08 20:47:03,828 - root - INFO - Processing end event: Token Token-196 at node Monthly (Unknown)
2025-03-08 20:47:03,828 - root - INFO - Token Token-196 completed task 'Monthly' at 2025-03-13 08:00:00.
2025-03-08 20:47:03,828 - root - INFO - Next nodes for Monthly: ['Review AM using Asset Change Tracker (5.5.13.1)']
2025-03-08 20:47:03,828 - root - INFO - Scheduling direct next node Review AM using Asset Change Tracker (5.5.13.1)
2025-03-08 20:47:03,829 - root - INFO - Token Token-196 waiting for resource 'Tech' at 2025-03-13 08:00:00
2025-03-08 20:47:03,829 - root - INFO - Token Token-197 started task 'Monthly' at 2025-03-13 08:06:18.171841, scheduled to end at 2025-03-13 08:06:18.171841 (processing time: 0.00 min)
2025-03-08 20:47:03,829 - root - INFO - Processing end event: Token Token-197 at node Monthly (Unknown)
2025-03-08 20:47:03,830 - root - INFO - Token Token-197 completed task 'Monthly' at 2025-03-13 08:06:18.171841.
2025-03-08 20:47:03,830 - root - INFO - Next nodes for Monthly: ['Review AM using Asset Change Tracker (5.5.13.1)']
2025-03-08 20:47:03,830 - root - INFO - Scheduling direct next node Review AM using Asset Change Tracker (5.5.13.1)
2025-03-08 20:47:03,831 - root - INFO - Token Token-197 waiting for resource 'Tech' at 2025-03-13 08:06:18.171841
2025-03-08 20:47:03,831 - root - INFO - Token Token-198 started task 'Monthly' at 2025-03-13 08:11:34.230190, scheduled to end at 2025-03-13 08:11:34.230190 (processing time: 0.00 min)
2025-03-08 20:47:03,832 - root - INFO - Processing end event: Token Token-198 at node Monthly (Unknown)
2025-03-08 20:47:03,847 - root - INFO - Token Token-198 completed task 'Monthly' at 2025-03-13 08:11:34.230190.
2025-03-08 20:47:03,847 - root - INFO - Next nodes for Monthly: ['Review AM using Asset Change Tracker (5.5.13.1)']
2025-03-08 20:47:03,848 - root - INFO - Scheduling direct next node Review AM using Asset Change Tracker (5.5.13.1)
2025-03-08 20:47:03,848 - root - INFO - Token Token-198 waiting for resource 'Tech' at 2025-03-13 08:11:34.230190
2025-03-08 20:47:03,848 - root - INFO - Token Token-199 started task 'Monthly' at 2025-03-13 08:17:05.209021, scheduled to end at 2025-03-13 08:17:05.209021 (processing time: 0.00 min)
2025-03-08 20:47:03,849 - root - INFO - Processing end event: Token Token-199 at node Monthly (Unknown)
2025-03-08 20:47:03,849 - root - INFO - Token Token-199 completed task 'Monthly' at 2025-03-13 08:17:05.209021.
2025-03-08 20:47:03,849 - root - INFO - Next nodes for Monthly: ['Review AM using Asset Change Tracker (5.5.13.1)']
2025-03-08 20:47:03,849 - root - INFO - Scheduling direct next node Review AM using Asset Change Tracker (5.5.13.1)
2025-03-08 20:47:03,849 - root - INFO - Token Token-199 waiting for resource 'Tech' at 2025-03-13 08:17:05.209021
2025-03-08 20:47:03,850 - root - INFO - Token Token-200 started task 'Monthly' at 2025-03-13 08:23:11.689369, scheduled to end at 2025-03-13 08:23:11.689369 (processing time: 0.00 min)
2025-03-08 20:47:03,850 - root - INFO - Processing end event: Token Token-200 at node Monthly (Unknown)
2025-03-08 20:47:03,850 - root - INFO - Token Token-200 completed task 'Monthly' at 2025-03-13 08:23:11.689369.
2025-03-08 20:47:03,850 - root - INFO - Next nodes for Monthly: ['Review AM using Asset Change Tracker (5.5.13.1)']
2025-03-08 20:47:03,850 - root - INFO - Scheduling direct next node Review AM using Asset Change Tracker (5.5.13.1)
2025-03-08 20:47:03,851 - root - INFO - Token Token-200 waiting for resource 'Tech' at 2025-03-13 08:23:11.689369
2025-03-08 20:47:03,851 - root - INFO - Token Token-201 started task 'Monthly' at 2025-03-13 08:29:15.677467, scheduled to end at 2025-03-13 08:29:15.677467 (processing time: 0.00 min)
2025-03-08 20:47:03,851 - root - INFO - Processing end event: Token Token-201 at node Monthly (Unknown)
2025-03-08 20:47:03,851 - root - INFO - Token Token-201 completed task 'Monthly' at 2025-03-13 08:29:15.677467.
2025-03-08 20:47:03,852 - root - INFO - Next nodes for Monthly: ['Review AM using Asset Change Tracker (5.5.13.1)']
2025-03-08 20:47:03,852 - root - INFO - Scheduling direct next node Review AM using Asset Change Tracker (5.5.13.1)
2025-03-08 20:47:03,852 - root - INFO - Token Token-201 waiting for resource 'Tech' at 2025-03-13 08:29:15.677467
2025-03-08 20:47:03,852 - root - INFO - Token Token-202 started task 'Monthly' at 2025-03-13 08:34:32.586536, scheduled to end at 2025-03-13 08:34:32.586536 (processing time: 0.00 min)
2025-03-08 20:47:03,852 - root - INFO - Processing end event: Token Token-202 at node Monthly (Unknown)
2025-03-08 20:47:03,853 - root - INFO - Token Token-202 completed task 'Monthly' at 2025-03-13 08:34:32.586536.
2025-03-08 20:47:03,853 - root - INFO - Next nodes for Monthly: ['Review AM using Asset Change Tracker (5.5.13.1)']
2025-03-08 20:47:03,853 - root - INFO - Scheduling direct next node Review AM using Asset Change Tracker (5.5.13.1)
2025-03-08 20:47:03,853 - root - INFO - Token Token-202 waiting for resource 'Tech' at 2025-03-13 08:34:32.586536
2025-03-08 20:47:03,854 - root - INFO - Token Token-203 started task 'Monthly' at 2025-03-13 08:40:05.456759, scheduled to end at 2025-03-13 08:40:05.456759 (processing time: 0.00 min)
2025-03-08 20:47:03,854 - root - INFO - Processing end event: Token Token-203 at node Monthly (Unknown)
2025-03-08 20:47:03,854 - root - INFO - Token Token-203 completed task 'Monthly' at 2025-03-13 08:40:05.456759.
2025-03-08 20:47:03,854 - root - INFO - Next nodes for Monthly: ['Review AM using Asset Change Tracker (5.5.13.1)']
2025-03-08 20:47:03,854 - root - INFO - Scheduling direct next node Review AM using Asset Change Tracker (5.5.13.1)
2025-03-08 20:47:03,854 - root - INFO - Token Token-203 waiting for resource 'Tech' at 2025-03-13 08:40:05.456759
2025-03-08 20:47:03,858 - root - INFO - Token Token-204 started task 'Monthly' at 2025-03-13 08:45:37.119618, scheduled to end at 2025-03-13 08:45:37.119618 (processing time: 0.00 min)
2025-03-08 20:47:03,858 - root - INFO - Processing end event: Token Token-204 at node Monthly (Unknown)
2025-03-08 20:47:03,859 - root - INFO - Token Token-204 completed task 'Monthly' at 2025-03-13 08:45:37.119618.
2025-03-08 20:47:03,859 - root - INFO - Next nodes for Monthly: ['Review AM using Asset Change Tracker (5.5.13.1)']
2025-03-08 20:47:03,859 - root - INFO - Scheduling direct next node Review AM using Asset Change Tracker (5.5.13.1)
2025-03-08 20:47:03,860 - root - INFO - Token Token-204 waiting for resource 'Tech' at 2025-03-13 08:45:37.119618
2025-03-08 20:47:03,860 - root - INFO - Token Token-205 started task 'Monthly' at 2025-03-13 08:51:57.530270, scheduled to end at 2025-03-13 08:51:57.530270 (processing time: 0.00 min)
2025-03-08 20:47:03,861 - root - INFO - Processing end event: Token Token-205 at node Monthly (Unknown)
2025-03-08 20:47:03,861 - root - INFO - Token Token-205 completed task 'Monthly' at 2025-03-13 08:51:57.530270.
2025-03-08 20:47:03,861 - root - INFO - Next nodes for Monthly: ['Review AM using Asset Change Tracker (5.5.13.1)']
2025-03-08 20:47:03,862 - root - INFO - Scheduling direct next node Review AM using Asset Change Tracker (5.5.13.1)
2025-03-08 20:47:03,862 - root - INFO - Token Token-205 waiting for resource 'Tech' at 2025-03-13 08:51:57.530270
2025-03-08 20:47:03,862 - root - INFO - Token Token-206 started task 'Monthly' at 2025-03-13 08:57:33.408390, scheduled to end at 2025-03-13 08:57:33.408390 (processing time: 0.00 min)
2025-03-08 20:47:03,863 - root - INFO - Processing end event: Token Token-206 at node Monthly (Unknown)
2025-03-08 20:47:03,863 - root - INFO - Token Token-206 completed task 'Monthly' at 2025-03-13 08:57:33.408390.
2025-03-08 20:47:03,863 - root - INFO - Next nodes for Monthly: ['Review AM using Asset Change Tracker (5.5.13.1)']
2025-03-08 20:47:03,865 - root - INFO - Scheduling direct next node Review AM using Asset Change Tracker (5.5.13.1)
2025-03-08 20:47:03,865 - root - INFO - Token Token-206 waiting for resource 'Tech' at 2025-03-13 08:57:33.408390
2025-03-08 20:47:03,865 - root - INFO - Token Token-207 started task 'Monthly' at 2025-03-13 09:02:10.519230, scheduled to end at 2025-03-13 09:02:10.519230 (processing time: 0.00 min)
2025-03-08 20:47:03,866 - root - INFO - Processing end event: Token Token-207 at node Monthly (Unknown)
2025-03-08 20:47:03,866 - root - INFO - Token Token-207 completed task 'Monthly' at 2025-03-13 09:02:10.519230.
2025-03-08 20:47:03,866 - root - INFO - Next nodes for Monthly: ['Review AM using Asset Change Tracker (5.5.13.1)']
2025-03-08 20:47:03,867 - root - INFO - Scheduling direct next node Review AM using Asset Change Tracker (5.5.13.1)
2025-03-08 20:47:03,867 - root - INFO - Token Token-207 waiting for resource 'Tech' at 2025-03-13 09:02:10.519230
2025-03-08 20:47:03,867 - root - INFO - Token Token-208 started task 'Monthly' at 2025-03-13 09:07:35.260377, scheduled to end at 2025-03-13 09:07:35.260377 (processing time: 0.00 min)
2025-03-08 20:47:03,868 - root - INFO - Processing end event: Token Token-208 at node Monthly (Unknown)
2025-03-08 20:47:03,868 - root - INFO - Token Token-208 completed task 'Monthly' at 2025-03-13 09:07:35.260377.
2025-03-08 20:47:03,868 - root - INFO - Next nodes for Monthly: ['Review AM using Asset Change Tracker (5.5.13.1)']
2025-03-08 20:47:03,869 - root - INFO - Scheduling direct next node Review AM using Asset Change Tracker (5.5.13.1)
2025-03-08 20:47:03,869 - root - INFO - Token Token-208 waiting for resource 'Tech' at 2025-03-13 09:07:35.260377
2025-03-08 20:47:03,869 - root - INFO - Token Token-209 started task 'Monthly' at 2025-03-13 09:13:36.934355, scheduled to end at 2025-03-13 09:13:36.934355 (processing time: 0.00 min)
2025-03-08 20:47:03,870 - root - INFO - Processing end event: Token Token-209 at node Monthly (Unknown)
2025-03-08 20:47:03,870 - root - INFO - Token Token-209 completed task 'Monthly' at 2025-03-13 09:13:36.934355.
2025-03-08 20:47:03,871 - root - INFO - Next nodes for Monthly: ['Review AM using Asset Change Tracker (5.5.13.1)']
2025-03-08 20:47:03,871 - root - INFO - Scheduling direct next node Review AM using Asset Change Tracker (5.5.13.1)
2025-03-08 20:47:03,871 - root - INFO - Token Token-209 waiting for resource 'Tech' at 2025-03-13 09:13:36.934355
2025-03-08 20:47:03,872 - root - INFO - Token Token-210 started task 'Monthly' at 2025-03-13 09:18:28.763066, scheduled to end at 2025-03-13 09:18:28.763066 (processing time: 0.00 min)
2025-03-08 20:47:03,872 - root - INFO - Processing end event: Token Token-210 at node Monthly (Unknown)
2025-03-08 20:47:03,872 - root - INFO - Token Token-210 completed task 'Monthly' at 2025-03-13 09:18:28.763066.
2025-03-08 20:47:03,873 - root - INFO - Next nodes for Monthly: ['Review AM using Asset Change Tracker (5.5.13.1)']
2025-03-08 20:47:03,873 - root - INFO - Scheduling direct next node Review AM using Asset Change Tracker (5.5.13.1)
2025-03-08 20:47:03,873 - root - INFO - Token Token-210 waiting for resource 'Tech' at 2025-03-13 09:18:28.763066
2025-03-08 20:47:03,874 - root - INFO - Token Token-211 started task 'Monthly' at 2025-03-13 09:24:13.229847, scheduled to end at 2025-03-13 09:24:13.229847 (processing time: 0.00 min)
2025-03-08 20:47:03,874 - root - INFO - Processing end event: Token Token-211 at node Monthly (Unknown)
2025-03-08 20:47:03,874 - root - INFO - Token Token-211 completed task 'Monthly' at 2025-03-13 09:24:13.229847.
2025-03-08 20:47:03,875 - root - INFO - Next nodes for Monthly: ['Review AM using Asset Change Tracker (5.5.13.1)']
2025-03-08 20:47:03,875 - root - INFO - Scheduling direct next node Review AM using Asset Change Tracker (5.5.13.1)
2025-03-08 20:47:03,875 - root - INFO - Token Token-211 waiting for resource 'Tech' at 2025-03-13 09:24:13.229847
2025-03-08 20:47:03,876 - root - INFO - Token Token-212 started task 'Monthly' at 2025-03-13 09:30:31.306750, scheduled to end at 2025-03-13 09:30:31.306750 (processing time: 0.00 min)
2025-03-08 20:47:03,876 - root - INFO - Processing end event: Token Token-212 at node Monthly (Unknown)
2025-03-08 20:47:03,876 - root - INFO - Token Token-212 completed task 'Monthly' at 2025-03-13 09:30:31.306750.
2025-03-08 20:47:03,877 - root - INFO - Next nodes for Monthly: ['Review AM using Asset Change Tracker (5.5.13.1)']
2025-03-08 20:47:03,877 - root - INFO - Scheduling direct next node Review AM using Asset Change Tracker (5.5.13.1)
2025-03-08 20:47:03,878 - root - INFO - Token Token-212 waiting for resource 'Tech' at 2025-03-13 09:30:31.306750
2025-03-08 20:47:03,878 - root - INFO - Token Token-213 started task 'Monthly' at 2025-03-13 09:35:34.542496, scheduled to end at 2025-03-13 09:35:34.542496 (processing time: 0.00 min)
2025-03-08 20:47:03,879 - root - INFO - Processing end event: Token Token-213 at node Monthly (Unknown)
2025-03-08 20:47:03,879 - root - INFO - Token Token-213 completed task 'Monthly' at 2025-03-13 09:35:34.542496.
2025-03-08 20:47:03,879 - root - INFO - Next nodes for Monthly: ['Review AM using Asset Change Tracker (5.5.13.1)']
2025-03-08 20:47:03,880 - root - INFO - Scheduling direct next node Review AM using Asset Change Tracker (5.5.13.1)
2025-03-08 20:47:03,880 - root - INFO - Token Token-213 waiting for resource 'Tech' at 2025-03-13 09:35:34.542496
2025-03-08 20:47:03,880 - root - INFO - Token Token-214 started task 'Monthly' at 2025-03-13 09:40:50.111106, scheduled to end at 2025-03-13 09:40:50.111106 (processing time: 0.00 min)
2025-03-08 20:47:03,881 - root - INFO - Processing end event: Token Token-214 at node Monthly (Unknown)
2025-03-08 20:47:03,881 - root - INFO - Token Token-214 completed task 'Monthly' at 2025-03-13 09:40:50.111106.
2025-03-08 20:47:03,882 - root - INFO - Next nodes for Monthly: ['Review AM using Asset Change Tracker (5.5.13.1)']
2025-03-08 20:47:03,882 - root - INFO - Scheduling direct next node Review AM using Asset Change Tracker (5.5.13.1)
2025-03-08 20:47:03,883 - root - INFO - Token Token-214 waiting for resource 'Tech' at 2025-03-13 09:40:50.111106
2025-03-08 20:47:03,885 - root - INFO - Token Token-215 started task 'Monthly' at 2025-03-13 09:47:16.114593, scheduled to end at 2025-03-13 09:47:16.114593 (processing time: 0.00 min)
2025-03-08 20:47:03,903 - root - INFO - Processing end event: Token Token-215 at node Monthly (Unknown)
2025-03-08 20:47:03,903 - root - INFO - Token Token-215 completed task 'Monthly' at 2025-03-13 09:47:16.114593.
2025-03-08 20:47:03,905 - root - INFO - Next nodes for Monthly: ['Review AM using Asset Change Tracker (5.5.13.1)']
2025-03-08 20:47:03,905 - root - INFO - Scheduling direct next node Review AM using Asset Change Tracker (5.5.13.1)
2025-03-08 20:47:03,905 - root - INFO - Token Token-215 waiting for resource 'Tech' at 2025-03-13 09:47:16.114593
2025-03-08 20:47:03,905 - root - INFO - Token Token-216 started task 'Monthly' at 2025-03-13 09:52:32.962240, scheduled to end at 2025-03-13 09:52:32.962240 (processing time: 0.00 min)
2025-03-08 20:47:03,906 - root - INFO - Processing end event: Token Token-216 at node Monthly (Unknown)
2025-03-08 20:47:03,906 - root - INFO - Token Token-216 completed task 'Monthly' at 2025-03-13 09:52:32.962240.
2025-03-08 20:47:03,906 - root - INFO - Next nodes for Monthly: ['Review AM using Asset Change Tracker (5.5.13.1)']
2025-03-08 20:47:03,906 - root - INFO - Scheduling direct next node Review AM using Asset Change Tracker (5.5.13.1)
2025-03-08 20:47:03,906 - root - INFO - Token Token-216 waiting for resource 'Tech' at 2025-03-13 09:52:32.962240
2025-03-08 20:47:03,907 - root - INFO - Token Token-217 started task 'Monthly' at 2025-03-13 09:56:59.287011, scheduled to end at 2025-03-13 09:56:59.287011 (processing time: 0.00 min)
2025-03-08 20:47:03,907 - root - INFO - Processing end event: Token Token-217 at node Monthly (Unknown)
2025-03-08 20:47:03,907 - root - INFO - Token Token-217 completed task 'Monthly' at 2025-03-13 09:56:59.287011.
2025-03-08 20:47:03,907 - root - INFO - Next nodes for Monthly: ['Review AM using Asset Change Tracker (5.5.13.1)']
2025-03-08 20:47:03,908 - root - INFO - Scheduling direct next node Review AM using Asset Change Tracker (5.5.13.1)
2025-03-08 20:47:03,908 - root - INFO - Token Token-217 waiting for resource 'Tech' at 2025-03-13 09:56:59.287011
2025-03-08 20:47:03,908 - root - INFO - Token Token-218 started task 'Monthly' at 2025-03-13 10:02:27.263654, scheduled to end at 2025-03-13 10:02:27.263654 (processing time: 0.00 min)
2025-03-08 20:47:03,908 - root - INFO - Processing end event: Token Token-218 at node Monthly (Unknown)
2025-03-08 20:47:03,908 - root - INFO - Token Token-218 completed task 'Monthly' at 2025-03-13 10:02:27.263654.
2025-03-08 20:47:03,908 - root - INFO - Next nodes for Monthly: ['Review AM using Asset Change Tracker (5.5.13.1)']
2025-03-08 20:47:03,908 - root - INFO - Scheduling direct next node Review AM using Asset Change Tracker (5.5.13.1)
2025-03-08 20:47:03,908 - root - INFO - Token Token-218 waiting for resource 'Tech' at 2025-03-13 10:02:27.263654
2025-03-08 20:47:03,910 - root - INFO - Token Token-219 started task 'Monthly' at 2025-03-13 10:08:40.081557, scheduled to end at 2025-03-13 10:08:40.081557 (processing time: 0.00 min)
2025-03-08 20:47:03,910 - root - INFO - Processing end event: Token Token-219 at node Monthly (Unknown)
2025-03-08 20:47:03,910 - root - INFO - Token Token-219 completed task 'Monthly' at 2025-03-13 10:08:40.081557.
2025-03-08 20:47:03,911 - root - INFO - Next nodes for Monthly: ['Review AM using Asset Change Tracker (5.5.13.1)']
2025-03-08 20:47:03,911 - root - INFO - Scheduling direct next node Review AM using Asset Change Tracker (5.5.13.1)
2025-03-08 20:47:03,911 - root - INFO - Token Token-219 waiting for resource 'Tech' at 2025-03-13 10:08:40.081557
2025-03-08 20:47:03,912 - root - INFO - Token Token-220 started task 'Monthly' at 2025-03-13 10:14:28.873189, scheduled to end at 2025-03-13 10:14:28.873189 (processing time: 0.00 min)
2025-03-08 20:47:03,912 - root - INFO - Processing end event: Token Token-220 at node Monthly (Unknown)
2025-03-08 20:47:03,912 - root - INFO - Token Token-220 completed task 'Monthly' at 2025-03-13 10:14:28.873189.
2025-03-08 20:47:03,916 - root - INFO - Next nodes for Monthly: ['Review AM using Asset Change Tracker (5.5.13.1)']
2025-03-08 20:47:03,916 - root - INFO - Scheduling direct next node Review AM using Asset Change Tracker (5.5.13.1)
2025-03-08 20:47:03,917 - root - INFO - Token Token-220 waiting for resource 'Tech' at 2025-03-13 10:14:28.873189
2025-03-08 20:47:03,917 - root - INFO - Token Token-221 started task 'Monthly' at 2025-03-13 10:20:01.407730, scheduled to end at 2025-03-13 10:20:01.407730 (processing time: 0.00 min)
2025-03-08 20:47:03,918 - root - INFO - Processing end event: Token Token-221 at node Monthly (Unknown)
2025-03-08 20:47:03,918 - root - INFO - Token Token-221 completed task 'Monthly' at 2025-03-13 10:20:01.407730.
2025-03-08 20:47:03,918 - root - INFO - Next nodes for Monthly: ['Review AM using Asset Change Tracker (5.5.13.1)']
2025-03-08 20:47:03,919 - root - INFO - Scheduling direct next node Review AM using Asset Change Tracker (5.5.13.1)
2025-03-08 20:47:03,919 - root - INFO - Token Token-221 waiting for resource 'Tech' at 2025-03-13 10:20:01.407730
2025-03-08 20:47:03,920 - root - INFO - Token Token-222 started task 'Monthly' at 2025-03-13 10:25:00.259559, scheduled to end at 2025-03-13 10:25:00.259559 (processing time: 0.00 min)
2025-03-08 20:47:03,920 - root - INFO - Processing end event: Token Token-222 at node Monthly (Unknown)
2025-03-08 20:47:03,921 - root - INFO - Token Token-222 completed task 'Monthly' at 2025-03-13 10:25:00.259559.
2025-03-08 20:47:03,921 - root - INFO - Next nodes for Monthly: ['Review AM using Asset Change Tracker (5.5.13.1)']
2025-03-08 20:47:03,921 - root - INFO - Scheduling direct next node Review AM using Asset Change Tracker (5.5.13.1)
2025-03-08 20:47:03,922 - root - INFO - Token Token-222 waiting for resource 'Tech' at 2025-03-13 10:25:00.259559
2025-03-08 20:47:03,922 - root - INFO - Token Token-223 started task 'Monthly' at 2025-03-13 10:31:06.102724, scheduled to end at 2025-03-13 10:31:06.102724 (processing time: 0.00 min)
2025-03-08 20:47:03,923 - root - INFO - Processing end event: Token Token-223 at node Monthly (Unknown)
2025-03-08 20:47:03,923 - root - INFO - Token Token-223 completed task 'Monthly' at 2025-03-13 10:31:06.102724.
2025-03-08 20:47:03,923 - root - INFO - Next nodes for Monthly: ['Review AM using Asset Change Tracker (5.5.13.1)']
2025-03-08 20:47:03,923 - root - INFO - Scheduling direct next node Review AM using Asset Change Tracker (5.5.13.1)
2025-03-08 20:47:03,924 - root - INFO - Token Token-223 waiting for resource 'Tech' at 2025-03-13 10:31:06.102724
2025-03-08 20:47:03,924 - root - INFO - Token Token-224 started task 'Monthly' at 2025-03-13 10:37:24.835605, scheduled to end at 2025-03-13 10:37:24.835605 (processing time: 0.00 min)
2025-03-08 20:47:03,925 - root - INFO - Processing end event: Token Token-224 at node Monthly (Unknown)
2025-03-08 20:47:03,925 - root - INFO - Token Token-224 completed task 'Monthly' at 2025-03-13 10:37:24.835605.
2025-03-08 20:47:03,925 - root - INFO - Next nodes for Monthly: ['Review AM using Asset Change Tracker (5.5.13.1)']
2025-03-08 20:47:03,925 - root - INFO - Scheduling direct next node Review AM using Asset Change Tracker (5.5.13.1)
2025-03-08 20:47:03,926 - root - INFO - Token Token-224 waiting for resource 'Tech' at 2025-03-13 10:37:24.835605
2025-03-08 20:47:03,926 - root - INFO - Token Token-225 started task 'Monthly' at 2025-03-13 10:43:22.052373, scheduled to end at 2025-03-13 10:43:22.052373 (processing time: 0.00 min)
2025-03-08 20:47:03,926 - root - INFO - Processing end event: Token Token-225 at node Monthly (Unknown)
2025-03-08 20:47:03,927 - root - INFO - Token Token-225 completed task 'Monthly' at 2025-03-13 10:43:22.052373.
2025-03-08 20:47:03,927 - root - INFO - Next nodes for Monthly: ['Review AM using Asset Change Tracker (5.5.13.1)']
2025-03-08 20:47:03,927 - root - INFO - Scheduling direct next node Review AM using Asset Change Tracker (5.5.13.1)
2025-03-08 20:47:03,928 - root - INFO - Token Token-225 waiting for resource 'Tech' at 2025-03-13 10:43:22.052373
2025-03-08 20:47:03,928 - root - INFO - Token Token-226 started task 'Monthly' at 2025-03-13 10:48:27.348374, scheduled to end at 2025-03-13 10:48:27.348374 (processing time: 0.00 min)
2025-03-08 20:47:03,929 - root - INFO - Processing end event: Token Token-226 at node Monthly (Unknown)
2025-03-08 20:47:03,929 - root - INFO - Token Token-226 completed task 'Monthly' at 2025-03-13 10:48:27.348374.
2025-03-08 20:47:03,930 - root - INFO - Next nodes for Monthly: ['Review AM using Asset Change Tracker (5.5.13.1)']
2025-03-08 20:47:03,931 - root - INFO - Scheduling direct next node Review AM using Asset Change Tracker (5.5.13.1)
2025-03-08 20:47:03,932 - root - INFO - Token Token-226 waiting for resource 'Tech' at 2025-03-13 10:48:27.348374
2025-03-08 20:47:03,954 - root - INFO - Token Token-227 started task 'Monthly' at 2025-03-13 10:53:52.970826, scheduled to end at 2025-03-13 10:53:52.970826 (processing time: 0.00 min)
2025-03-08 20:47:03,955 - root - INFO - Processing end event: Token Token-227 at node Monthly (Unknown)
2025-03-08 20:47:03,955 - root - INFO - Token Token-227 completed task 'Monthly' at 2025-03-13 10:53:52.970826.
2025-03-08 20:47:03,956 - root - INFO - Next nodes for Monthly: ['Review AM using Asset Change Tracker (5.5.13.1)']
2025-03-08 20:47:03,956 - root - INFO - Scheduling direct next node Review AM using Asset Change Tracker (5.5.13.1)
2025-03-08 20:47:03,956 - root - INFO - Token Token-227 waiting for resource 'Tech' at 2025-03-13 10:53:52.970826
2025-03-08 20:47:03,957 - root - INFO - Token Token-228 started task 'Monthly' at 2025-03-13 10:58:18.945428, scheduled to end at 2025-03-13 10:58:18.945428 (processing time: 0.00 min)
2025-03-08 20:47:03,957 - root - INFO - Processing end event: Token Token-228 at node Monthly (Unknown)
2025-03-08 20:47:03,957 - root - INFO - Token Token-228 completed task 'Monthly' at 2025-03-13 10:58:18.945428.
2025-03-08 20:47:03,958 - root - INFO - Next nodes for Monthly: ['Review AM using Asset Change Tracker (5.5.13.1)']
2025-03-08 20:47:03,958 - root - INFO - Scheduling direct next node Review AM using Asset Change Tracker (5.5.13.1)
2025-03-08 20:47:03,958 - root - INFO - Token Token-228 waiting for resource 'Tech' at 2025-03-13 10:58:18.945428
2025-03-08 20:47:03,959 - root - INFO - Token Token-229 started task 'Monthly' at 2025-03-13 11:04:13.342740, scheduled to end at 2025-03-13 11:04:13.342740 (processing time: 0.00 min)
2025-03-08 20:47:03,959 - root - INFO - Processing end event: Token Token-229 at node Monthly (Unknown)
2025-03-08 20:47:03,959 - root - INFO - Token Token-229 completed task 'Monthly' at 2025-03-13 11:04:13.342740.
2025-03-08 20:47:03,959 - root - INFO - Next nodes for Monthly: ['Review AM using Asset Change Tracker (5.5.13.1)']
2025-03-08 20:47:03,959 - root - INFO - Scheduling direct next node Review AM using Asset Change Tracker (5.5.13.1)
2025-03-08 20:47:03,959 - root - INFO - Token Token-229 waiting for resource 'Tech' at 2025-03-13 11:04:13.342740
2025-03-08 20:47:03,959 - root - INFO - Token Token-230 started task 'Monthly' at 2025-03-13 11:09:59.009338, scheduled to end at 2025-03-13 11:09:59.009338 (processing time: 0.00 min)
2025-03-08 20:47:03,959 - root - INFO - Processing end event: Token Token-230 at node Monthly (Unknown)
2025-03-08 20:47:03,959 - root - INFO - Token Token-230 completed task 'Monthly' at 2025-03-13 11:09:59.009338.
2025-03-08 20:47:03,959 - root - INFO - Next nodes for Monthly: ['Review AM using Asset Change Tracker (5.5.13.1)']
2025-03-08 20:47:03,959 - root - INFO - Scheduling direct next node Review AM using Asset Change Tracker (5.5.13.1)
2025-03-08 20:47:03,959 - root - INFO - Token Token-230 waiting for resource 'Tech' at 2025-03-13 11:09:59.009338
2025-03-08 20:47:03,959 - root - INFO - Token Token-231 started task 'Monthly' at 2025-03-13 11:14:39.630720, scheduled to end at 2025-03-13 11:14:39.630720 (processing time: 0.00 min)
2025-03-08 20:47:03,959 - root - INFO - Processing end event: Token Token-231 at node Monthly (Unknown)
2025-03-08 20:47:03,959 - root - INFO - Token Token-231 completed task 'Monthly' at 2025-03-13 11:14:39.630720.
2025-03-08 20:47:03,959 - root - INFO - Next nodes for Monthly: ['Review AM using Asset Change Tracker (5.5.13.1)']
2025-03-08 20:47:03,959 - root - INFO - Scheduling direct next node Review AM using Asset Change Tracker (5.5.13.1)
2025-03-08 20:47:03,959 - root - INFO - Token Token-231 waiting for resource 'Tech' at 2025-03-13 11:14:39.630720
2025-03-08 20:47:03,959 - root - INFO - Token Token-232 started task 'Monthly' at 2025-03-13 11:20:56.580240, scheduled to end at 2025-03-13 11:20:56.580240 (processing time: 0.00 min)
2025-03-08 20:47:03,959 - root - INFO - Processing end event: Token Token-232 at node Monthly (Unknown)
2025-03-08 20:47:03,959 - root - INFO - Token Token-232 completed task 'Monthly' at 2025-03-13 11:20:56.580240.
2025-03-08 20:47:03,959 - root - INFO - Next nodes for Monthly: ['Review AM using Asset Change Tracker (5.5.13.1)']
2025-03-08 20:47:03,959 - root - INFO - Scheduling direct next node Review AM using Asset Change Tracker (5.5.13.1)
2025-03-08 20:47:03,959 - root - INFO - Token Token-232 waiting for resource 'Tech' at 2025-03-13 11:20:56.580240
2025-03-08 20:47:03,959 - root - INFO - Token Token-233 started task 'Monthly' at 2025-03-13 11:27:20.299079, scheduled to end at 2025-03-13 11:27:20.299079 (processing time: 0.00 min)
2025-03-08 20:47:03,964 - root - INFO - Processing end event: Token Token-233 at node Monthly (Unknown)
2025-03-08 20:47:03,965 - root - INFO - Token Token-233 completed task 'Monthly' at 2025-03-13 11:27:20.299079.
2025-03-08 20:47:03,965 - root - INFO - Next nodes for Monthly: ['Review AM using Asset Change Tracker (5.5.13.1)']
2025-03-08 20:47:03,965 - root - INFO - Scheduling direct next node Review AM using Asset Change Tracker (5.5.13.1)
2025-03-08 20:47:03,965 - root - INFO - Token Token-233 waiting for resource 'Tech' at 2025-03-13 11:27:20.299079
2025-03-08 20:47:03,966 - root - INFO - Token Token-234 started task 'Monthly' at 2025-03-13 11:33:42.702691, scheduled to end at 2025-03-13 11:33:42.702691 (processing time: 0.00 min)
2025-03-08 20:47:03,966 - root - INFO - Processing end event: Token Token-234 at node Monthly (Unknown)
2025-03-08 20:47:03,966 - root - INFO - Token Token-234 completed task 'Monthly' at 2025-03-13 11:33:42.702691.
2025-03-08 20:47:03,966 - root - INFO - Next nodes for Monthly: ['Review AM using Asset Change Tracker (5.5.13.1)']
2025-03-08 20:47:03,967 - root - INFO - Scheduling direct next node Review AM using Asset Change Tracker (5.5.13.1)
2025-03-08 20:47:03,967 - root - INFO - Token Token-234 waiting for resource 'Tech' at 2025-03-13 11:33:42.702691
2025-03-08 20:47:03,967 - root - INFO - Token Token-235 started task 'Monthly' at 2025-03-13 11:39:34.218376, scheduled to end at 2025-03-13 11:39:34.218376 (processing time: 0.00 min)
2025-03-08 20:47:03,967 - root - INFO - Processing end event: Token Token-235 at node Monthly (Unknown)
2025-03-08 20:47:03,967 - root - INFO - Token Token-235 completed task 'Monthly' at 2025-03-13 11:39:34.218376.
2025-03-08 20:47:03,968 - root - INFO - Next nodes for Monthly: ['Review AM using Asset Change Tracker (5.5.13.1)']
2025-03-08 20:47:03,968 - root - INFO - Scheduling direct next node Review AM using Asset Change Tracker (5.5.13.1)
2025-03-08 20:47:03,968 - root - INFO - Token Token-235 waiting for resource 'Tech' at 2025-03-13 11:39:34.218376
2025-03-08 20:47:03,968 - root - INFO - Token Token-236 started task 'Monthly' at 2025-03-13 11:44:25.375787, scheduled to end at 2025-03-13 11:44:25.375787 (processing time: 0.00 min)
2025-03-08 20:47:03,969 - root - INFO - Processing end event: Token Token-236 at node Monthly (Unknown)
2025-03-08 20:47:03,969 - root - INFO - Token Token-236 completed task 'Monthly' at 2025-03-13 11:44:25.375787.
2025-03-08 20:47:03,969 - root - INFO - Next nodes for Monthly: ['Review AM using Asset Change Tracker (5.5.13.1)']
2025-03-08 20:47:03,969 - root - INFO - Scheduling direct next node Review AM using Asset Change Tracker (5.5.13.1)
2025-03-08 20:47:03,970 - root - INFO - Token Token-236 waiting for resource 'Tech' at 2025-03-13 11:44:25.375787
2025-03-08 20:47:03,970 - root - INFO - Token Token-237 started task 'Monthly' at 2025-03-13 11:50:01.372109, scheduled to end at 2025-03-13 11:50:01.372109 (processing time: 0.00 min)
2025-03-08 20:47:03,970 - root - INFO - Processing end event: Token Token-237 at node Monthly (Unknown)
2025-03-08 20:47:03,970 - root - INFO - Token Token-237 completed task 'Monthly' at 2025-03-13 11:50:01.372109.
2025-03-08 20:47:03,970 - root - INFO - Next nodes for Monthly: ['Review AM using Asset Change Tracker (5.5.13.1)']
2025-03-08 20:47:03,971 - root - INFO - Scheduling direct next node Review AM using Asset Change Tracker (5.5.13.1)
2025-03-08 20:47:03,971 - root - INFO - Token Token-237 waiting for resource 'Tech' at 2025-03-13 11:50:01.372109
2025-03-08 20:47:03,971 - root - INFO - Token Token-238 started task 'Monthly' at 2025-03-13 11:56:04.207393, scheduled to end at 2025-03-13 11:56:04.207393 (processing time: 0.00 min)
2025-03-08 20:47:03,971 - root - INFO - Processing end event: Token Token-238 at node Monthly (Unknown)
2025-03-08 20:47:03,972 - root - INFO - Token Token-238 completed task 'Monthly' at 2025-03-13 11:56:04.207393.
2025-03-08 20:47:03,972 - root - INFO - Next nodes for Monthly: ['Review AM using Asset Change Tracker (5.5.13.1)']
2025-03-08 20:47:03,972 - root - INFO - Scheduling direct next node Review AM using Asset Change Tracker (5.5.13.1)
2025-03-08 20:47:03,972 - root - INFO - Token Token-238 waiting for resource 'Tech' at 2025-03-13 11:56:04.207393
2025-03-08 20:47:03,973 - root - INFO - Token Token-239 started task 'Monthly' at 2025-03-13 12:00:47.546048, scheduled to end at 2025-03-13 12:00:47.546048 (processing time: 0.00 min)
2025-03-08 20:47:03,973 - root - INFO - Processing end event: Token Token-239 at node Monthly (Unknown)
2025-03-08 20:47:03,973 - root - INFO - Token Token-239 completed task 'Monthly' at 2025-03-13 12:00:47.546048.
2025-03-08 20:47:03,973 - root - INFO - Next nodes for Monthly: ['Review AM using Asset Change Tracker (5.5.13.1)']
2025-03-08 20:47:03,973 - root - INFO - Scheduling direct next node Review AM using Asset Change Tracker (5.5.13.1)
2025-03-08 20:47:03,974 - root - INFO - Token Token-239 waiting for resource 'Tech' at 2025-03-13 12:00:47.546048
2025-03-08 20:47:03,974 - root - INFO - Token Token-240 started task 'Monthly' at 2025-03-13 12:06:58.934214, scheduled to end at 2025-03-13 12:06:58.934214 (processing time: 0.00 min)
2025-03-08 20:47:03,974 - root - INFO - Processing end event: Token Token-240 at node Monthly (Unknown)
2025-03-08 20:47:03,975 - root - INFO - Token Token-240 completed task 'Monthly' at 2025-03-13 12:06:58.934214.
2025-03-08 20:47:03,975 - root - INFO - Next nodes for Monthly: ['Review AM using Asset Change Tracker (5.5.13.1)']
2025-03-08 20:47:03,975 - root - INFO - Scheduling direct next node Review AM using Asset Change Tracker (5.5.13.1)
2025-03-08 20:47:03,975 - root - INFO - Token Token-240 waiting for resource 'Tech' at 2025-03-13 12:06:58.934214
2025-03-08 20:47:03,976 - root - INFO - Token Token-241 started task 'Monthly' at 2025-03-13 12:12:14.894832, scheduled to end at 2025-03-13 12:12:14.894832 (processing time: 0.00 min)
2025-03-08 20:47:03,976 - root - INFO - Processing end event: Token Token-241 at node Monthly (Unknown)
2025-03-08 20:47:03,979 - root - INFO - Token Token-241 completed task 'Monthly' at 2025-03-13 12:12:14.894832.
2025-03-08 20:47:03,980 - root - INFO - Next nodes for Monthly: ['Review AM using Asset Change Tracker (5.5.13.1)']
2025-03-08 20:47:03,981 - root - INFO - Scheduling direct next node Review AM using Asset Change Tracker (5.5.13.1)
2025-03-08 20:47:04,001 - root - INFO - Token Token-241 waiting for resource 'Tech' at 2025-03-13 12:12:14.894832
2025-03-08 20:47:04,002 - root - INFO - Token Token-242 started task 'Monthly' at 2025-03-13 12:16:56.522107, scheduled to end at 2025-03-13 12:16:56.522107 (processing time: 0.00 min)
2025-03-08 20:47:04,002 - root - INFO - Processing end event: Token Token-242 at node Monthly (Unknown)
2025-03-08 20:47:04,003 - root - INFO - Token Token-242 completed task 'Monthly' at 2025-03-13 12:16:56.522107.
2025-03-08 20:47:04,004 - root - INFO - Next nodes for Monthly: ['Review AM using Asset Change Tracker (5.5.13.1)']
2025-03-08 20:47:04,004 - root - INFO - Scheduling direct next node Review AM using Asset Change Tracker (5.5.13.1)
2025-03-08 20:47:04,005 - root - INFO - Token Token-242 waiting for resource 'Tech' at 2025-03-13 12:16:56.522107
2025-03-08 20:47:04,005 - root - INFO - Token Token-243 started task 'Monthly' at 2025-03-13 12:22:49.504014, scheduled to end at 2025-03-13 12:22:49.504014 (processing time: 0.00 min)
2025-03-08 20:47:04,005 - root - INFO - Processing end event: Token Token-243 at node Monthly (Unknown)
2025-03-08 20:47:04,006 - root - INFO - Token Token-243 completed task 'Monthly' at 2025-03-13 12:22:49.504014.
2025-03-08 20:47:04,006 - root - INFO - Next nodes for Monthly: ['Review AM using Asset Change Tracker (5.5.13.1)']
2025-03-08 20:47:04,006 - root - INFO - Scheduling direct next node Review AM using Asset Change Tracker (5.5.13.1)
2025-03-08 20:47:04,007 - root - INFO - Token Token-243 waiting for resource 'Tech' at 2025-03-13 12:22:49.504014
2025-03-08 20:47:04,008 - root - INFO - Token Token-244 started task 'Monthly' at 2025-03-13 12:28:40.661732, scheduled to end at 2025-03-13 12:28:40.661732 (processing time: 0.00 min)
2025-03-08 20:47:04,009 - root - INFO - Processing end event: Token Token-244 at node Monthly (Unknown)
2025-03-08 20:47:04,009 - root - INFO - Token Token-244 completed task 'Monthly' at 2025-03-13 12:28:40.661732.
2025-03-08 20:47:04,010 - root - INFO - Next nodes for Monthly: ['Review AM using Asset Change Tracker (5.5.13.1)']
2025-03-08 20:47:04,011 - root - INFO - Scheduling direct next node Review AM using Asset Change Tracker (5.5.13.1)
2025-03-08 20:47:04,012 - root - INFO - Token Token-244 waiting for resource 'Tech' at 2025-03-13 12:28:40.661732
2025-03-08 20:47:04,012 - root - INFO - Token Token-245 started task 'Monthly' at 2025-03-13 12:32:47.655037, scheduled to end at 2025-03-13 12:32:47.655037 (processing time: 0.00 min)
2025-03-08 20:47:04,013 - root - INFO - Processing end event: Token Token-245 at node Monthly (Unknown)
2025-03-08 20:47:04,013 - root - INFO - Token Token-245 completed task 'Monthly' at 2025-03-13 12:32:47.655037.
2025-03-08 20:47:04,014 - root - INFO - Next nodes for Monthly: ['Review AM using Asset Change Tracker (5.5.13.1)']
2025-03-08 20:47:04,014 - root - INFO - Scheduling direct next node Review AM using Asset Change Tracker (5.5.13.1)
2025-03-08 20:47:04,014 - root - INFO - Token Token-245 waiting for resource 'Tech' at 2025-03-13 12:32:47.655037
2025-03-08 20:47:04,015 - root - INFO - Token Token-246 started task 'Monthly' at 2025-03-13 12:38:29.552963, scheduled to end at 2025-03-13 12:38:29.552963 (processing time: 0.00 min)
2025-03-08 20:47:04,015 - root - INFO - Processing end event: Token Token-246 at node Monthly (Unknown)
2025-03-08 20:47:04,015 - root - INFO - Token Token-246 completed task 'Monthly' at 2025-03-13 12:38:29.552963.
2025-03-08 20:47:04,016 - root - INFO - Next nodes for Monthly: ['Review AM using Asset Change Tracker (5.5.13.1)']
2025-03-08 20:47:04,016 - root - INFO - Scheduling direct next node Review AM using Asset Change Tracker (5.5.13.1)
2025-03-08 20:47:04,016 - root - INFO - Token Token-246 waiting for resource 'Tech' at 2025-03-13 12:38:29.552963
2025-03-08 20:47:04,017 - root - INFO - Token Token-247 started task 'Monthly' at 2025-03-13 12:44:36.232306, scheduled to end at 2025-03-13 12:44:36.232306 (processing time: 0.00 min)
2025-03-08 20:47:04,017 - root - INFO - Processing end event: Token Token-247 at node Monthly (Unknown)
2025-03-08 20:47:04,017 - root - INFO - Token Token-247 completed task 'Monthly' at 2025-03-13 12:44:36.232306.
2025-03-08 20:47:04,018 - root - INFO - Next nodes for Monthly: ['Review AM using Asset Change Tracker (5.5.13.1)']
2025-03-08 20:47:04,018 - root - INFO - Scheduling direct next node Review AM using Asset Change Tracker (5.5.13.1)
2025-03-08 20:47:04,019 - root - INFO - Token Token-247 waiting for resource 'Tech' at 2025-03-13 12:44:36.232306
2025-03-08 20:47:04,019 - root - INFO - Token Token-248 started task 'Monthly' at 2025-03-13 12:49:56.068420, scheduled to end at 2025-03-13 12:49:56.068420 (processing time: 0.00 min)
2025-03-08 20:47:04,019 - root - INFO - Processing end event: Token Token-248 at node Monthly (Unknown)
2025-03-08 20:47:04,019 - root - INFO - Token Token-248 completed task 'Monthly' at 2025-03-13 12:49:56.068420.
2025-03-08 20:47:04,020 - root - INFO - Next nodes for Monthly: ['Review AM using Asset Change Tracker (5.5.13.1)']
2025-03-08 20:47:04,020 - root - INFO - Scheduling direct next node Review AM using Asset Change Tracker (5.5.13.1)
2025-03-08 20:47:04,020 - root - INFO - Token Token-248 waiting for resource 'Tech' at 2025-03-13 12:49:56.068420
2025-03-08 20:47:04,020 - root - INFO - Token Token-249 started task 'Monthly' at 2025-03-13 12:55:51.591437, scheduled to end at 2025-03-13 12:55:51.591437 (processing time: 0.00 min)
2025-03-08 20:47:04,021 - root - INFO - Processing end event: Token Token-249 at node Monthly (Unknown)
2025-03-08 20:47:04,021 - root - INFO - Token Token-249 completed task 'Monthly' at 2025-03-13 12:55:51.591437.
2025-03-08 20:47:04,021 - root - INFO - Next nodes for Monthly: ['Review AM using Asset Change Tracker (5.5.13.1)']
2025-03-08 20:47:04,022 - root - INFO - Scheduling direct next node Review AM using Asset Change Tracker (5.5.13.1)
2025-03-08 20:47:04,022 - root - INFO - Token Token-249 waiting for resource 'Tech' at 2025-03-13 12:55:51.591437
2025-03-08 20:47:04,022 - root - INFO - Token Token-250 started task 'Monthly' at 2025-03-13 13:01:00.385921, scheduled to end at 2025-03-13 13:01:00.385921 (processing time: 0.00 min)
2025-03-08 20:47:04,022 - root - INFO - Processing end event: Token Token-250 at node Monthly (Unknown)
2025-03-08 20:47:04,022 - root - INFO - Token Token-250 completed task 'Monthly' at 2025-03-13 13:01:00.385921.
2025-03-08 20:47:04,022 - root - INFO - Next nodes for Monthly: ['Review AM using Asset Change Tracker (5.5.13.1)']
2025-03-08 20:47:04,023 - root - INFO - Scheduling direct next node Review AM using Asset Change Tracker (5.5.13.1)
2025-03-08 20:47:04,023 - root - INFO - Token Token-250 waiting for resource 'Tech' at 2025-03-13 13:01:00.385921
2025-03-08 20:47:04,024 - root - INFO - Token Token-251 started task 'Monthly' at 2025-03-13 13:06:23.484375, scheduled to end at 2025-03-13 13:06:23.484375 (processing time: 0.00 min)
2025-03-08 20:47:04,024 - root - INFO - Processing end event: Token Token-251 at node Monthly (Unknown)
2025-03-08 20:47:04,024 - root - INFO - Token Token-251 completed task 'Monthly' at 2025-03-13 13:06:23.484375.
2025-03-08 20:47:04,024 - root - INFO - Next nodes for Monthly: ['Review AM using Asset Change Tracker (5.5.13.1)']
2025-03-08 20:47:04,024 - root - INFO - Scheduling direct next node Review AM using Asset Change Tracker (5.5.13.1)
2025-03-08 20:47:04,024 - root - INFO - Token Token-251 waiting for resource 'Tech' at 2025-03-13 13:06:23.484375
2025-03-08 20:47:04,024 - root - INFO - Token Token-252 started task 'Monthly' at 2025-03-13 13:11:35.828600, scheduled to end at 2025-03-13 13:11:35.828600 (processing time: 0.00 min)
2025-03-08 20:47:04,025 - root - INFO - Processing end event: Token Token-252 at node Monthly (Unknown)
2025-03-08 20:47:04,025 - root - INFO - Token Token-252 completed task 'Monthly' at 2025-03-13 13:11:35.828600.
2025-03-08 20:47:04,025 - root - INFO - Next nodes for Monthly: ['Review AM using Asset Change Tracker (5.5.13.1)']
2025-03-08 20:47:04,025 - root - INFO - Scheduling direct next node Review AM using Asset Change Tracker (5.5.13.1)
2025-03-08 20:47:04,026 - root - INFO - Token Token-252 waiting for resource 'Tech' at 2025-03-13 13:11:35.828600
2025-03-08 20:47:04,026 - root - INFO - Token Token-253 started task 'Monthly' at 2025-03-13 13:16:42.797864, scheduled to end at 2025-03-13 13:16:42.797864 (processing time: 0.00 min)
2025-03-08 20:47:04,026 - root - INFO - Processing end event: Token Token-253 at node Monthly (Unknown)
2025-03-08 20:47:04,026 - root - INFO - Token Token-253 completed task 'Monthly' at 2025-03-13 13:16:42.797864.
2025-03-08 20:47:04,026 - root - INFO - Next nodes for Monthly: ['Review AM using Asset Change Tracker (5.5.13.1)']
2025-03-08 20:47:04,027 - root - INFO - Scheduling direct next node Review AM using Asset Change Tracker (5.5.13.1)
2025-03-08 20:47:04,027 - root - INFO - Token Token-253 waiting for resource 'Tech' at 2025-03-13 13:16:42.797864
2025-03-08 20:47:04,027 - root - INFO - Token Token-254 started task 'Monthly' at 2025-03-13 13:22:36.544370, scheduled to end at 2025-03-13 13:22:36.544370 (processing time: 0.00 min)
2025-03-08 20:47:04,027 - root - INFO - Processing end event: Token Token-254 at node Monthly (Unknown)
2025-03-08 20:47:04,028 - root - INFO - Token Token-254 completed task 'Monthly' at 2025-03-13 13:22:36.544370.
2025-03-08 20:47:04,028 - root - INFO - Next nodes for Monthly: ['Review AM using Asset Change Tracker (5.5.13.1)']
2025-03-08 20:47:04,028 - root - INFO - Scheduling direct next node Review AM using Asset Change Tracker (5.5.13.1)
2025-03-08 20:47:04,028 - root - INFO - Token Token-254 waiting for resource 'Tech' at 2025-03-13 13:22:36.544370
2025-03-08 20:47:04,029 - root - INFO - Token Token-255 started task 'Monthly' at 2025-03-13 13:27:31.413831, scheduled to end at 2025-03-13 13:27:31.413831 (processing time: 0.00 min)
2025-03-08 20:47:04,029 - root - INFO - Processing end event: Token Token-255 at node Monthly (Unknown)
2025-03-08 20:47:04,029 - root - INFO - Token Token-255 completed task 'Monthly' at 2025-03-13 13:27:31.413831.
2025-03-08 20:47:04,029 - root - INFO - Next nodes for Monthly: ['Review AM using Asset Change Tracker (5.5.13.1)']
2025-03-08 20:47:04,030 - root - INFO - Scheduling direct next node Review AM using Asset Change Tracker (5.5.13.1)
2025-03-08 20:47:04,030 - root - INFO - Token Token-255 waiting for resource 'Tech' at 2025-03-13 13:27:31.413831
2025-03-08 20:47:04,030 - root - INFO - Token Token-256 started task 'Monthly' at 2025-03-13 13:33:30.009629, scheduled to end at 2025-03-13 13:33:30.009629 (processing time: 0.00 min)
2025-03-08 20:47:04,030 - root - INFO - Processing end event: Token Token-256 at node Monthly (Unknown)
2025-03-08 20:47:04,030 - root - INFO - Token Token-256 completed task 'Monthly' at 2025-03-13 13:33:30.009629.
2025-03-08 20:47:04,031 - root - INFO - Next nodes for Monthly: ['Review AM using Asset Change Tracker (5.5.13.1)']
2025-03-08 20:47:04,031 - root - INFO - Scheduling direct next node Review AM using Asset Change Tracker (5.5.13.1)
2025-03-08 20:47:04,031 - root - INFO - Token Token-256 waiting for resource 'Tech' at 2025-03-13 13:33:30.009629
2025-03-08 20:47:04,031 - root - INFO - Token Token-257 started task 'Monthly' at 2025-03-13 13:39:22.541653, scheduled to end at 2025-03-13 13:39:22.541653 (processing time: 0.00 min)
2025-03-08 20:47:04,031 - root - INFO - Processing end event: Token Token-257 at node Monthly (Unknown)
2025-03-08 20:47:04,032 - root - INFO - Token Token-257 completed task 'Monthly' at 2025-03-13 13:39:22.541653.
2025-03-08 20:47:04,032 - root - INFO - Next nodes for Monthly: ['Review AM using Asset Change Tracker (5.5.13.1)']
2025-03-08 20:47:04,032 - root - INFO - Scheduling direct next node Review AM using Asset Change Tracker (5.5.13.1)
2025-03-08 20:47:04,032 - root - INFO - Token Token-257 waiting for resource 'Tech' at 2025-03-13 13:39:22.541653
2025-03-08 20:47:04,032 - root - INFO - Token Token-258 started task 'Monthly' at 2025-03-13 13:45:13.370954, scheduled to end at 2025-03-13 13:45:13.370954 (processing time: 0.00 min)
2025-03-08 20:47:04,033 - root - INFO - Processing end event: Token Token-258 at node Monthly (Unknown)
2025-03-08 20:47:04,033 - root - INFO - Token Token-258 completed task 'Monthly' at 2025-03-13 13:45:13.370954.
2025-03-08 20:47:04,033 - root - INFO - Next nodes for Monthly: ['Review AM using Asset Change Tracker (5.5.13.1)']
2025-03-08 20:47:04,033 - root - INFO - Scheduling direct next node Review AM using Asset Change Tracker (5.5.13.1)
2025-03-08 20:47:04,033 - root - INFO - Token Token-258 waiting for resource 'Tech' at 2025-03-13 13:45:13.370954
2025-03-08 20:47:04,034 - root - INFO - Token Token-259 started task 'Monthly' at 2025-03-13 13:49:45.098291, scheduled to end at 2025-03-13 13:49:45.098291 (processing time: 0.00 min)
2025-03-08 20:47:04,034 - root - INFO - Processing end event: Token Token-259 at node Monthly (Unknown)
2025-03-08 20:47:04,034 - root - INFO - Token Token-259 completed task 'Monthly' at 2025-03-13 13:49:45.098291.
2025-03-08 20:47:04,034 - root - INFO - Next nodes for Monthly: ['Review AM using Asset Change Tracker (5.5.13.1)']
2025-03-08 20:47:04,035 - root - INFO - Scheduling direct next node Review AM using Asset Change Tracker (5.5.13.1)
2025-03-08 20:47:04,035 - root - INFO - Token Token-259 waiting for resource 'Tech' at 2025-03-13 13:49:45.098291
2025-03-08 20:47:04,035 - root - INFO - Token Token-260 started task 'Monthly' at 2025-03-13 13:55:02.528342, scheduled to end at 2025-03-13 13:55:02.528342 (processing time: 0.00 min)
2025-03-08 20:47:04,036 - root - INFO - Processing end event: Token Token-260 at node Monthly (Unknown)
2025-03-08 20:47:04,036 - root - INFO - Token Token-260 completed task 'Monthly' at 2025-03-13 13:55:02.528342.
2025-03-08 20:47:04,038 - root - INFO - Next nodes for Monthly: ['Review AM using Asset Change Tracker (5.5.13.1)']
2025-03-08 20:47:04,039 - root - INFO - Scheduling direct next node Review AM using Asset Change Tracker (5.5.13.1)
2025-03-08 20:47:04,040 - root - INFO - Token Token-260 waiting for resource 'Tech' at 2025-03-13 13:55:02.528342
2025-03-08 20:47:04,042 - root - INFO - Token Token-261 started task 'Monthly' at 2025-03-14 08:00:00, scheduled to end at 2025-03-14 08:00:00 (processing time: 0.00 min)
2025-03-08 20:47:04,043 - root - INFO - Processing end event: Token Token-261 at node Monthly (Unknown)
2025-03-08 20:47:04,064 - root - INFO - Token Token-261 completed task 'Monthly' at 2025-03-14 08:00:00.
2025-03-08 20:47:04,064 - root - INFO - Next nodes for Monthly: ['Review AM using Asset Change Tracker (5.5.13.1)']
2025-03-08 20:47:04,064 - root - INFO - Scheduling direct next node Review AM using Asset Change Tracker (5.5.13.1)
2025-03-08 20:47:04,065 - root - INFO - Token Token-261 waiting for resource 'Tech' at 2025-03-14 08:00:00
2025-03-08 20:47:04,065 - root - INFO - Token Token-262 started task 'Monthly' at 2025-03-14 08:05:39.568459, scheduled to end at 2025-03-14 08:05:39.568459 (processing time: 0.00 min)
2025-03-08 20:47:04,066 - root - INFO - Processing end event: Token Token-262 at node Monthly (Unknown)
2025-03-08 20:47:04,066 - root - INFO - Token Token-262 completed task 'Monthly' at 2025-03-14 08:05:39.568459.
2025-03-08 20:47:04,066 - root - INFO - Next nodes for Monthly: ['Review AM using Asset Change Tracker (5.5.13.1)']
2025-03-08 20:47:04,067 - root - INFO - Scheduling direct next node Review AM using Asset Change Tracker (5.5.13.1)
2025-03-08 20:47:04,067 - root - INFO - Token Token-262 waiting for resource 'Tech' at 2025-03-14 08:05:39.568459
2025-03-08 20:47:04,067 - root - INFO - Token Token-263 started task 'Monthly' at 2025-03-14 08:10:29.961535, scheduled to end at 2025-03-14 08:10:29.961535 (processing time: 0.00 min)
2025-03-08 20:47:04,068 - root - INFO - Processing end event: Token Token-263 at node Monthly (Unknown)
2025-03-08 20:47:04,068 - root - INFO - Token Token-263 completed task 'Monthly' at 2025-03-14 08:10:29.961535.
2025-03-08 20:47:04,069 - root - INFO - Next nodes for Monthly: ['Review AM using Asset Change Tracker (5.5.13.1)']
2025-03-08 20:47:04,069 - root - INFO - Scheduling direct next node Review AM using Asset Change Tracker (5.5.13.1)
2025-03-08 20:47:04,069 - root - INFO - Token Token-263 waiting for resource 'Tech' at 2025-03-14 08:10:29.961535
2025-03-08 20:47:04,070 - root - INFO - Token Token-264 started task 'Monthly' at 2025-03-14 08:15:51.988132, scheduled to end at 2025-03-14 08:15:51.988132 (processing time: 0.00 min)
2025-03-08 20:47:04,070 - root - INFO - Processing end event: Token Token-264 at node Monthly (Unknown)
2025-03-08 20:47:04,072 - root - INFO - Token Token-264 completed task 'Monthly' at 2025-03-14 08:15:51.988132.
2025-03-08 20:47:04,073 - root - INFO - Next nodes for Monthly: ['Review AM using Asset Change Tracker (5.5.13.1)']
2025-03-08 20:47:04,073 - root - INFO - Scheduling direct next node Review AM using Asset Change Tracker (5.5.13.1)
2025-03-08 20:47:04,073 - root - INFO - Token Token-264 waiting for resource 'Tech' at 2025-03-14 08:15:51.988132
2025-03-08 20:47:04,074 - root - INFO - Token Token-265 started task 'Monthly' at 2025-03-14 08:21:16.470594, scheduled to end at 2025-03-14 08:21:16.470594 (processing time: 0.00 min)
2025-03-08 20:47:04,074 - root - INFO - Processing end event: Token Token-265 at node Monthly (Unknown)
2025-03-08 20:47:04,074 - root - INFO - Token Token-265 completed task 'Monthly' at 2025-03-14 08:21:16.470594.
2025-03-08 20:47:04,075 - root - INFO - Next nodes for Monthly: ['Review AM using Asset Change Tracker (5.5.13.1)']
2025-03-08 20:47:04,075 - root - INFO - Scheduling direct next node Review AM using Asset Change Tracker (5.5.13.1)
2025-03-08 20:47:04,075 - root - INFO - Token Token-265 waiting for resource 'Tech' at 2025-03-14 08:21:16.470594
2025-03-08 20:47:04,076 - root - INFO - Token Token-266 started task 'Monthly' at 2025-03-14 08:27:16.258479, scheduled to end at 2025-03-14 08:27:16.258479 (processing time: 0.00 min)
2025-03-08 20:47:04,076 - root - INFO - Processing end event: Token Token-266 at node Monthly (Unknown)
2025-03-08 20:47:04,077 - root - INFO - Token Token-266 completed task 'Monthly' at 2025-03-14 08:27:16.258479.
2025-03-08 20:47:04,077 - root - INFO - Next nodes for Monthly: ['Review AM using Asset Change Tracker (5.5.13.1)']
2025-03-08 20:47:04,077 - root - INFO - Scheduling direct next node Review AM using Asset Change Tracker (5.5.13.1)
2025-03-08 20:47:04,079 - root - INFO - Token Token-266 waiting for resource 'Tech' at 2025-03-14 08:27:16.258479
2025-03-08 20:47:04,079 - root - INFO - Token Token-267 started task 'Monthly' at 2025-03-14 08:32:55.400718, scheduled to end at 2025-03-14 08:32:55.400718 (processing time: 0.00 min)
2025-03-08 20:47:04,080 - root - INFO - Processing end event: Token Token-267 at node Monthly (Unknown)
2025-03-08 20:47:04,080 - root - INFO - Token Token-267 completed task 'Monthly' at 2025-03-14 08:32:55.400718.
2025-03-08 20:47:04,080 - root - INFO - Next nodes for Monthly: ['Review AM using Asset Change Tracker (5.5.13.1)']
2025-03-08 20:47:04,081 - root - INFO - Scheduling direct next node Review AM using Asset Change Tracker (5.5.13.1)
2025-03-08 20:47:04,081 - root - INFO - Token Token-267 waiting for resource 'Tech' at 2025-03-14 08:32:55.400718
2025-03-08 20:47:04,081 - root - INFO - Token Token-268 started task 'Monthly' at 2025-03-14 08:39:09.207731, scheduled to end at 2025-03-14 08:39:09.207731 (processing time: 0.00 min)
2025-03-08 20:47:04,081 - root - INFO - Processing end event: Token Token-268 at node Monthly (Unknown)
2025-03-08 20:47:04,082 - root - INFO - Token Token-268 completed task 'Monthly' at 2025-03-14 08:39:09.207731.
2025-03-08 20:47:04,082 - root - INFO - Next nodes for Monthly: ['Review AM using Asset Change Tracker (5.5.13.1)']
2025-03-08 20:47:04,082 - root - INFO - Scheduling direct next node Review AM using Asset Change Tracker (5.5.13.1)
2025-03-08 20:47:04,082 - root - INFO - Token Token-268 waiting for resource 'Tech' at 2025-03-14 08:39:09.207731
2025-03-08 20:47:04,082 - root - INFO - Token Token-269 started task 'Monthly' at 2025-03-14 08:44:13.209283, scheduled to end at 2025-03-14 08:44:13.209283 (processing time: 0.00 min)
2025-03-08 20:47:04,082 - root - INFO - Processing end event: Token Token-269 at node Monthly (Unknown)
2025-03-08 20:47:04,082 - root - INFO - Token Token-269 completed task 'Monthly' at 2025-03-14 08:44:13.209283.
2025-03-08 20:47:04,082 - root - INFO - Next nodes for Monthly: ['Review AM using Asset Change Tracker (5.5.13.1)']
2025-03-08 20:47:04,082 - root - INFO - Scheduling direct next node Review AM using Asset Change Tracker (5.5.13.1)
2025-03-08 20:47:04,082 - root - INFO - Token Token-269 waiting for resource 'Tech' at 2025-03-14 08:44:13.209283
2025-03-08 20:47:04,082 - root - INFO - Token Token-270 started task 'Monthly' at 2025-03-14 08:49:49.929887, scheduled to end at 2025-03-14 08:49:49.929887 (processing time: 0.00 min)
2025-03-08 20:47:04,082 - root - INFO - Processing end event: Token Token-270 at node Monthly (Unknown)
2025-03-08 20:47:04,082 - root - INFO - Token Token-270 completed task 'Monthly' at 2025-03-14 08:49:49.929887.
2025-03-08 20:47:04,085 - root - INFO - Next nodes for Monthly: ['Review AM using Asset Change Tracker (5.5.13.1)']
2025-03-08 20:47:04,085 - root - INFO - Scheduling direct next node Review AM using Asset Change Tracker (5.5.13.1)
2025-03-08 20:47:04,085 - root - INFO - Token Token-270 waiting for resource 'Tech' at 2025-03-14 08:49:49.929887
2025-03-08 20:47:04,085 - root - INFO - Token Token-271 started task 'Monthly' at 2025-03-14 08:55:20.546552, scheduled to end at 2025-03-14 08:55:20.546552 (processing time: 0.00 min)
2025-03-08 20:47:04,085 - root - INFO - Processing end event: Token Token-271 at node Monthly (Unknown)
2025-03-08 20:47:04,086 - root - INFO - Token Token-271 completed task 'Monthly' at 2025-03-14 08:55:20.546552.
2025-03-08 20:47:04,086 - root - INFO - Next nodes for Monthly: ['Review AM using Asset Change Tracker (5.5.13.1)']
2025-03-08 20:47:04,086 - root - INFO - Scheduling direct next node Review AM using Asset Change Tracker (5.5.13.1)
2025-03-08 20:47:04,086 - root - INFO - Token Token-271 waiting for resource 'Tech' at 2025-03-14 08:55:20.546552
2025-03-08 20:47:04,086 - root - INFO - Token Token-272 started task 'Monthly' at 2025-03-14 08:59:48.784460, scheduled to end at 2025-03-14 08:59:48.784460 (processing time: 0.00 min)
2025-03-08 20:47:04,087 - root - INFO - Processing end event: Token Token-272 at node Monthly (Unknown)
2025-03-08 20:47:04,087 - root - INFO - Token Token-272 completed task 'Monthly' at 2025-03-14 08:59:48.784460.
2025-03-08 20:47:04,087 - root - INFO - Next nodes for Monthly: ['Review AM using Asset Change Tracker (5.5.13.1)']
2025-03-08 20:47:04,087 - root - INFO - Scheduling direct next node Review AM using Asset Change Tracker (5.5.13.1)
2025-03-08 20:47:04,087 - root - INFO - Token Token-272 waiting for resource 'Tech' at 2025-03-14 08:59:48.784460
2025-03-08 20:47:04,088 - root - INFO - Token Token-273 started task 'Monthly' at 2025-03-14 09:04:42.184672, scheduled to end at 2025-03-14 09:04:42.184672 (processing time: 0.00 min)
2025-03-08 20:47:04,088 - root - INFO - Processing end event: Token Token-273 at node Monthly (Unknown)
2025-03-08 20:47:04,088 - root - INFO - Token Token-273 completed task 'Monthly' at 2025-03-14 09:04:42.184672.
2025-03-08 20:47:04,088 - root - INFO - Next nodes for Monthly: ['Review AM using Asset Change Tracker (5.5.13.1)']
2025-03-08 20:47:04,089 - root - INFO - Scheduling direct next node Review AM using Asset Change Tracker (5.5.13.1)
2025-03-08 20:47:04,089 - root - INFO - Token Token-273 waiting for resource 'Tech' at 2025-03-14 09:04:42.184672
2025-03-08 20:47:04,089 - root - INFO - Token Token-274 started task 'Monthly' at 2025-03-14 09:10:25.341579, scheduled to end at 2025-03-14 09:10:25.341579 (processing time: 0.00 min)
2025-03-08 20:47:04,089 - root - INFO - Processing end event: Token Token-274 at node Monthly (Unknown)
2025-03-08 20:47:04,090 - root - INFO - Token Token-274 completed task 'Monthly' at 2025-03-14 09:10:25.341579.
2025-03-08 20:47:04,090 - root - INFO - Next nodes for Monthly: ['Review AM using Asset Change Tracker (5.5.13.1)']
2025-03-08 20:47:04,090 - root - INFO - Scheduling direct next node Review AM using Asset Change Tracker (5.5.13.1)
2025-03-08 20:47:04,090 - root - INFO - Token Token-274 waiting for resource 'Tech' at 2025-03-14 09:10:25.341579
2025-03-08 20:47:04,091 - root - INFO - Token Token-275 started task 'Monthly' at 2025-03-14 09:15:21.791303, scheduled to end at 2025-03-14 09:15:21.791303 (processing time: 0.00 min)
2025-03-08 20:47:04,091 - root - INFO - Processing end event: Token Token-275 at node Monthly (Unknown)
2025-03-08 20:47:04,091 - root - INFO - Token Token-275 completed task 'Monthly' at 2025-03-14 09:15:21.791303.
2025-03-08 20:47:04,091 - root - INFO - Next nodes for Monthly: ['Review AM using Asset Change Tracker (5.5.13.1)']
2025-03-08 20:47:04,092 - root - INFO - Scheduling direct next node Review AM using Asset Change Tracker (5.5.13.1)
2025-03-08 20:47:04,092 - root - INFO - Token Token-275 waiting for resource 'Tech' at 2025-03-14 09:15:21.791303
2025-03-08 20:47:04,092 - root - INFO - Token Token-276 started task 'Monthly' at 2025-03-14 09:21:11.757274, scheduled to end at 2025-03-14 09:21:11.757274 (processing time: 0.00 min)
2025-03-08 20:47:04,092 - root - INFO - Processing end event: Token Token-276 at node Monthly (Unknown)
2025-03-08 20:47:04,092 - root - INFO - Token Token-276 completed task 'Monthly' at 2025-03-14 09:21:11.757274.
2025-03-08 20:47:04,093 - root - INFO - Next nodes for Monthly: ['Review AM using Asset Change Tracker (5.5.13.1)']
2025-03-08 20:47:04,093 - root - INFO - Scheduling direct next node Review AM using Asset Change Tracker (5.5.13.1)
2025-03-08 20:47:04,093 - root - INFO - Token Token-276 waiting for resource 'Tech' at 2025-03-14 09:21:11.757274
2025-03-08 20:47:04,093 - root - INFO - Token Token-277 started task 'Monthly' at 2025-03-14 09:27:02.310764, scheduled to end at 2025-03-14 09:27:02.310764 (processing time: 0.00 min)
2025-03-08 20:47:04,094 - root - INFO - Processing end event: Token Token-277 at node Monthly (Unknown)
2025-03-08 20:47:04,094 - root - INFO - Token Token-277 completed task 'Monthly' at 2025-03-14 09:27:02.310764.
2025-03-08 20:47:04,094 - root - INFO - Next nodes for Monthly: ['Review AM using Asset Change Tracker (5.5.13.1)']
2025-03-08 20:47:04,094 - root - INFO - Scheduling direct next node Review AM using Asset Change Tracker (5.5.13.1)
2025-03-08 20:47:04,094 - root - INFO - Token Token-277 waiting for resource 'Tech' at 2025-03-14 09:27:02.310764
2025-03-08 20:47:04,095 - root - INFO - Token Token-278 started task 'Monthly' at 2025-03-14 09:32:18.140135, scheduled to end at 2025-03-14 09:32:18.140135 (processing time: 0.00 min)
2025-03-08 20:47:04,095 - root - INFO - Processing end event: Token Token-278 at node Monthly (Unknown)
2025-03-08 20:47:04,095 - root - INFO - Token Token-278 completed task 'Monthly' at 2025-03-14 09:32:18.140135.
2025-03-08 20:47:04,096 - root - INFO - Next nodes for Monthly: ['Review AM using Asset Change Tracker (5.5.13.1)']
2025-03-08 20:47:04,096 - root - INFO - Scheduling direct next node Review AM using Asset Change Tracker (5.5.13.1)
2025-03-08 20:47:04,096 - root - INFO - Token Token-278 waiting for resource 'Tech' at 2025-03-14 09:32:18.140135
2025-03-08 20:47:04,097 - root - INFO - Token Token-279 started task 'Monthly' at 2025-03-14 09:38:32.290863, scheduled to end at 2025-03-14 09:38:32.290863 (processing time: 0.00 min)
2025-03-08 20:47:04,097 - root - INFO - Processing end event: Token Token-279 at node Monthly (Unknown)
2025-03-08 20:47:04,100 - root - INFO - Token Token-279 completed task 'Monthly' at 2025-03-14 09:38:32.290863.
2025-03-08 20:47:04,122 - root - INFO - Next nodes for Monthly: ['Review AM using Asset Change Tracker (5.5.13.1)']
2025-03-08 20:47:04,122 - root - INFO - Scheduling direct next node Review AM using Asset Change Tracker (5.5.13.1)
2025-03-08 20:47:04,123 - root - INFO - Processing: 0/500 tokens completed (0.0%) - Events: 840 - Current sim time: 2025-03-14 09:38:32.290863
2025-03-08 20:47:04,125 - root - INFO - Token Token-279 waiting for resource 'Tech' at 2025-03-14 09:38:32.290863
2025-03-08 20:47:04,125 - root - INFO - Token Token-280 started task 'Monthly' at 2025-03-14 09:42:51.098160, scheduled to end at 2025-03-14 09:42:51.098160 (processing time: 0.00 min)
2025-03-08 20:47:04,126 - root - INFO - Processing end event: Token Token-280 at node Monthly (Unknown)
2025-03-08 20:47:04,127 - root - INFO - Token Token-280 completed task 'Monthly' at 2025-03-14 09:42:51.098160.
2025-03-08 20:47:04,127 - root - INFO - Next nodes for Monthly: ['Review AM using Asset Change Tracker (5.5.13.1)']
2025-03-08 20:47:04,127 - root - INFO - Scheduling direct next node Review AM using Asset Change Tracker (5.5.13.1)
2025-03-08 20:47:04,127 - root - INFO - Token Token-280 waiting for resource 'Tech' at 2025-03-14 09:42:51.098160
2025-03-08 20:47:04,129 - root - INFO - Token Token-281 started task 'Monthly' at 2025-03-14 09:47:48.409295, scheduled to end at 2025-03-14 09:47:48.409295 (processing time: 0.00 min)
2025-03-08 20:47:04,129 - root - INFO - Processing end event: Token Token-281 at node Monthly (Unknown)
2025-03-08 20:47:04,129 - root - INFO - Token Token-281 completed task 'Monthly' at 2025-03-14 09:47:48.409295.
2025-03-08 20:47:04,131 - root - INFO - Next nodes for Monthly: ['Review AM using Asset Change Tracker (5.5.13.1)']
2025-03-08 20:47:04,131 - root - INFO - Scheduling direct next node Review AM using Asset Change Tracker (5.5.13.1)
2025-03-08 20:47:04,132 - root - INFO - Token Token-281 waiting for resource 'Tech' at 2025-03-14 09:47:48.409295
2025-03-08 20:47:04,133 - root - INFO - Token Token-282 started task 'Monthly' at 2025-03-14 09:53:33.162206, scheduled to end at 2025-03-14 09:53:33.162206 (processing time: 0.00 min)
2025-03-08 20:47:04,134 - root - INFO - Processing end event: Token Token-282 at node Monthly (Unknown)
2025-03-08 20:47:04,134 - root - INFO - Token Token-282 completed task 'Monthly' at 2025-03-14 09:53:33.162206.
2025-03-08 20:47:04,134 - root - INFO - Next nodes for Monthly: ['Review AM using Asset Change Tracker (5.5.13.1)']
2025-03-08 20:47:04,135 - root - INFO - Scheduling direct next node Review AM using Asset Change Tracker (5.5.13.1)
2025-03-08 20:47:04,135 - root - INFO - Token Token-282 waiting for resource 'Tech' at 2025-03-14 09:53:33.162206
2025-03-08 20:47:04,135 - root - INFO - Token Token-283 started task 'Monthly' at 2025-03-14 09:58:27.875554, scheduled to end at 2025-03-14 09:58:27.875554 (processing time: 0.00 min)
2025-03-08 20:47:04,136 - root - INFO - Processing end event: Token Token-283 at node Monthly (Unknown)
2025-03-08 20:47:04,136 - root - INFO - Token Token-283 completed task 'Monthly' at 2025-03-14 09:58:27.875554.
2025-03-08 20:47:04,136 - root - INFO - Next nodes for Monthly: ['Review AM using Asset Change Tracker (5.5.13.1)']
2025-03-08 20:47:04,137 - root - INFO - Scheduling direct next node Review AM using Asset Change Tracker (5.5.13.1)
2025-03-08 20:47:04,137 - root - INFO - Token Token-283 waiting for resource 'Tech' at 2025-03-14 09:58:27.875554
2025-03-08 20:47:04,137 - root - INFO - Token Token-284 started task 'Monthly' at 2025-03-14 10:03:10.547498, scheduled to end at 2025-03-14 10:03:10.547498 (processing time: 0.00 min)
2025-03-08 20:47:04,138 - root - INFO - Processing end event: Token Token-284 at node Monthly (Unknown)
2025-03-08 20:47:04,138 - root - INFO - Token Token-284 completed task 'Monthly' at 2025-03-14 10:03:10.547498.
2025-03-08 20:47:04,138 - root - INFO - Next nodes for Monthly: ['Review AM using Asset Change Tracker (5.5.13.1)']
2025-03-08 20:47:04,139 - root - INFO - Scheduling direct next node Review AM using Asset Change Tracker (5.5.13.1)
2025-03-08 20:47:04,139 - root - INFO - Token Token-284 waiting for resource 'Tech' at 2025-03-14 10:03:10.547498
2025-03-08 20:47:04,139 - root - INFO - Token Token-285 started task 'Monthly' at 2025-03-14 10:09:25.809049, scheduled to end at 2025-03-14 10:09:25.809049 (processing time: 0.00 min)
2025-03-08 20:47:04,141 - root - INFO - Processing end event: Token Token-285 at node Monthly (Unknown)
2025-03-08 20:47:04,141 - root - INFO - Token Token-285 completed task 'Monthly' at 2025-03-14 10:09:25.809049.
2025-03-08 20:47:04,142 - root - INFO - Next nodes for Monthly: ['Review AM using Asset Change Tracker (5.5.13.1)']
2025-03-08 20:47:04,142 - root - INFO - Scheduling direct next node Review AM using Asset Change Tracker (5.5.13.1)
2025-03-08 20:47:04,142 - root - INFO - Token Token-285 waiting for resource 'Tech' at 2025-03-14 10:09:25.809049
2025-03-08 20:47:04,142 - root - INFO - Token Token-286 started task 'Monthly' at 2025-03-14 10:15:22.440968, scheduled to end at 2025-03-14 10:15:22.440968 (processing time: 0.00 min)
2025-03-08 20:47:04,143 - root - INFO - Processing end event: Token Token-286 at node Monthly (Unknown)
2025-03-08 20:47:04,143 - root - INFO - Token Token-286 completed task 'Monthly' at 2025-03-14 10:15:22.440968.
2025-03-08 20:47:04,143 - root - INFO - Next nodes for Monthly: ['Review AM using Asset Change Tracker (5.5.13.1)']
2025-03-08 20:47:04,143 - root - INFO - Scheduling direct next node Review AM using Asset Change Tracker (5.5.13.1)
2025-03-08 20:47:04,143 - root - INFO - Token Token-286 waiting for resource 'Tech' at 2025-03-14 10:15:22.440968
2025-03-08 20:47:04,143 - root - INFO - Token Token-287 started task 'Monthly' at 2025-03-14 10:21:00.540090, scheduled to end at 2025-03-14 10:21:00.540090 (processing time: 0.00 min)
2025-03-08 20:47:04,143 - root - INFO - Processing end event: Token Token-287 at node Monthly (Unknown)
2025-03-08 20:47:04,143 - root - INFO - Token Token-287 completed task 'Monthly' at 2025-03-14 10:21:00.540090.
2025-03-08 20:47:04,143 - root - INFO - Next nodes for Monthly: ['Review AM using Asset Change Tracker (5.5.13.1)']
2025-03-08 20:47:04,143 - root - INFO - Scheduling direct next node Review AM using Asset Change Tracker (5.5.13.1)
2025-03-08 20:47:04,143 - root - INFO - Token Token-287 waiting for resource 'Tech' at 2025-03-14 10:21:00.540090
2025-03-08 20:47:04,143 - root - INFO - Token Token-288 started task 'Monthly' at 2025-03-14 10:25:42.202588, scheduled to end at 2025-03-14 10:25:42.202588 (processing time: 0.00 min)
2025-03-08 20:47:04,143 - root - INFO - Processing end event: Token Token-288 at node Monthly (Unknown)
2025-03-08 20:47:04,146 - root - INFO - Token Token-288 completed task 'Monthly' at 2025-03-14 10:25:42.202588.
2025-03-08 20:47:04,146 - root - INFO - Next nodes for Monthly: ['Review AM using Asset Change Tracker (5.5.13.1)']
2025-03-08 20:47:04,146 - root - INFO - Scheduling direct next node Review AM using Asset Change Tracker (5.5.13.1)
2025-03-08 20:47:04,146 - root - INFO - Token Token-288 waiting for resource 'Tech' at 2025-03-14 10:25:42.202588
2025-03-08 20:47:04,146 - root - INFO - Token Token-289 started task 'Monthly' at 2025-03-14 10:31:10.875537, scheduled to end at 2025-03-14 10:31:10.875537 (processing time: 0.00 min)
2025-03-08 20:47:04,146 - root - INFO - Processing end event: Token Token-289 at node Monthly (Unknown)
2025-03-08 20:47:04,147 - root - INFO - Token Token-289 completed task 'Monthly' at 2025-03-14 10:31:10.875537.
2025-03-08 20:47:04,147 - root - INFO - Next nodes for Monthly: ['Review AM using Asset Change Tracker (5.5.13.1)']
2025-03-08 20:47:04,147 - root - INFO - Scheduling direct next node Review AM using Asset Change Tracker (5.5.13.1)
2025-03-08 20:47:04,147 - root - INFO - Token Token-289 waiting for resource 'Tech' at 2025-03-14 10:31:10.875537
2025-03-08 20:47:04,148 - root - INFO - Token Token-290 started task 'Monthly' at 2025-03-14 10:35:47.706544, scheduled to end at 2025-03-14 10:35:47.706544 (processing time: 0.00 min)
2025-03-08 20:47:04,148 - root - INFO - Processing end event: Token Token-290 at node Monthly (Unknown)
2025-03-08 20:47:04,149 - root - INFO - Token Token-290 completed task 'Monthly' at 2025-03-14 10:35:47.706544.
2025-03-08 20:47:04,150 - root - INFO - Next nodes for Monthly: ['Review AM using Asset Change Tracker (5.5.13.1)']
2025-03-08 20:47:04,168 - root - INFO - Scheduling direct next node Review AM using Asset Change Tracker (5.5.13.1)
2025-03-08 20:47:04,169 - root - INFO - Token Token-290 waiting for resource 'Tech' at 2025-03-14 10:35:47.706544
2025-03-08 20:47:04,169 - root - INFO - Token Token-291 started task 'Monthly' at 2025-03-14 10:40:44.780222, scheduled to end at 2025-03-14 10:40:44.780222 (processing time: 0.00 min)
2025-03-08 20:47:04,170 - root - INFO - Processing end event: Token Token-291 at node Monthly (Unknown)
2025-03-08 20:47:04,170 - root - INFO - Token Token-291 completed task 'Monthly' at 2025-03-14 10:40:44.780222.
2025-03-08 20:47:04,171 - root - INFO - Next nodes for Monthly: ['Review AM using Asset Change Tracker (5.5.13.1)']
2025-03-08 20:47:04,171 - root - INFO - Scheduling direct next node Review AM using Asset Change Tracker (5.5.13.1)
2025-03-08 20:47:04,171 - root - INFO - Token Token-291 waiting for resource 'Tech' at 2025-03-14 10:40:44.780222
2025-03-08 20:47:04,171 - root - INFO - Token Token-292 started task 'Monthly' at 2025-03-14 10:46:44.251054, scheduled to end at 2025-03-14 10:46:44.251054 (processing time: 0.00 min)
2025-03-08 20:47:04,172 - root - INFO - Processing end event: Token Token-292 at node Monthly (Unknown)
2025-03-08 20:47:04,172 - root - INFO - Token Token-292 completed task 'Monthly' at 2025-03-14 10:46:44.251054.
2025-03-08 20:47:04,172 - root - INFO - Next nodes for Monthly: ['Review AM using Asset Change Tracker (5.5.13.1)']
2025-03-08 20:47:04,173 - root - INFO - Scheduling direct next node Review AM using Asset Change Tracker (5.5.13.1)
2025-03-08 20:47:04,173 - root - INFO - Token Token-292 waiting for resource 'Tech' at 2025-03-14 10:46:44.251054
2025-03-08 20:47:04,174 - root - INFO - Token Token-293 started task 'Monthly' at 2025-03-14 10:52:45.145346, scheduled to end at 2025-03-14 10:52:45.145346 (processing time: 0.00 min)
2025-03-08 20:47:04,174 - root - INFO - Processing end event: Token Token-293 at node Monthly (Unknown)
2025-03-08 20:47:04,175 - root - INFO - Token Token-293 completed task 'Monthly' at 2025-03-14 10:52:45.145346.
2025-03-08 20:47:04,175 - root - INFO - Next nodes for Monthly: ['Review AM using Asset Change Tracker (5.5.13.1)']
2025-03-08 20:47:04,176 - root - INFO - Scheduling direct next node Review AM using Asset Change Tracker (5.5.13.1)
2025-03-08 20:47:04,176 - root - INFO - Token Token-293 waiting for resource 'Tech' at 2025-03-14 10:52:45.145346
2025-03-08 20:47:04,176 - root - INFO - Token Token-294 started task 'Monthly' at 2025-03-14 10:58:59.294022, scheduled to end at 2025-03-14 10:58:59.294022 (processing time: 0.00 min)
2025-03-08 20:47:04,178 - root - INFO - Processing end event: Token Token-294 at node Monthly (Unknown)
2025-03-08 20:47:04,178 - root - INFO - Token Token-294 completed task 'Monthly' at 2025-03-14 10:58:59.294022.
2025-03-08 20:47:04,179 - root - INFO - Next nodes for Monthly: ['Review AM using Asset Change Tracker (5.5.13.1)']
2025-03-08 20:47:04,179 - root - INFO - Scheduling direct next node Review AM using Asset Change Tracker (5.5.13.1)
2025-03-08 20:47:04,179 - root - INFO - Token Token-294 waiting for resource 'Tech' at 2025-03-14 10:58:59.294022
2025-03-08 20:47:04,180 - root - INFO - Token Token-295 started task 'Monthly' at 2025-03-14 11:04:09.910464, scheduled to end at 2025-03-14 11:04:09.910464 (processing time: 0.00 min)
2025-03-08 20:47:04,180 - root - INFO - Processing end event: Token Token-295 at node Monthly (Unknown)
2025-03-08 20:47:04,180 - root - INFO - Token Token-295 completed task 'Monthly' at 2025-03-14 11:04:09.910464.
2025-03-08 20:47:04,181 - root - INFO - Next nodes for Monthly: ['Review AM using Asset Change Tracker (5.5.13.1)']
2025-03-08 20:47:04,181 - root - INFO - Scheduling direct next node Review AM using Asset Change Tracker (5.5.13.1)
2025-03-08 20:47:04,181 - root - INFO - Token Token-295 waiting for resource 'Tech' at 2025-03-14 11:04:09.910464
2025-03-08 20:47:04,182 - root - INFO - Token Token-296 started task 'Monthly' at 2025-03-14 11:10:34.977805, scheduled to end at 2025-03-14 11:10:34.977805 (processing time: 0.00 min)
2025-03-08 20:47:04,182 - root - INFO - Processing end event: Token Token-296 at node Monthly (Unknown)
2025-03-08 20:47:04,183 - root - INFO - Token Token-296 completed task 'Monthly' at 2025-03-14 11:10:34.977805.
2025-03-08 20:47:04,183 - root - INFO - Next nodes for Monthly: ['Review AM using Asset Change Tracker (5.5.13.1)']
2025-03-08 20:47:04,185 - root - INFO - Scheduling direct next node Review AM using Asset Change Tracker (5.5.13.1)
2025-03-08 20:47:04,186 - root - INFO - Token Token-296 waiting for resource 'Tech' at 2025-03-14 11:10:34.977805
2025-03-08 20:47:04,187 - root - INFO - Token Token-297 started task 'Monthly' at 2025-03-14 11:16:55.708170, scheduled to end at 2025-03-14 11:16:55.708170 (processing time: 0.00 min)
2025-03-08 20:47:04,188 - root - INFO - Processing end event: Token Token-297 at node Monthly (Unknown)
2025-03-08 20:47:04,188 - root - INFO - Token Token-297 completed task 'Monthly' at 2025-03-14 11:16:55.708170.
2025-03-08 20:47:04,189 - root - INFO - Next nodes for Monthly: ['Review AM using Asset Change Tracker (5.5.13.1)']
2025-03-08 20:47:04,189 - root - INFO - Scheduling direct next node Review AM using Asset Change Tracker (5.5.13.1)
2025-03-08 20:47:04,191 - root - INFO - Token Token-297 waiting for resource 'Tech' at 2025-03-14 11:16:55.708170
2025-03-08 20:47:04,191 - root - INFO - Token Token-298 started task 'Monthly' at 2025-03-14 11:23:09.215330, scheduled to end at 2025-03-14 11:23:09.215330 (processing time: 0.00 min)
2025-03-08 20:47:04,192 - root - INFO - Processing end event: Token Token-298 at node Monthly (Unknown)
2025-03-08 20:47:04,192 - root - INFO - Token Token-298 completed task 'Monthly' at 2025-03-14 11:23:09.215330.
2025-03-08 20:47:04,192 - root - INFO - Next nodes for Monthly: ['Review AM using Asset Change Tracker (5.5.13.1)']
2025-03-08 20:47:04,193 - root - INFO - Scheduling direct next node Review AM using Asset Change Tracker (5.5.13.1)
2025-03-08 20:47:04,193 - root - INFO - Token Token-298 waiting for resource 'Tech' at 2025-03-14 11:23:09.215330
2025-03-08 20:47:04,194 - root - INFO - Token Token-299 started task 'Monthly' at 2025-03-14 11:29:29.605455, scheduled to end at 2025-03-14 11:29:29.605455 (processing time: 0.00 min)
2025-03-08 20:47:04,195 - root - INFO - Processing end event: Token Token-299 at node Monthly (Unknown)
2025-03-08 20:47:04,196 - root - INFO - Token Token-299 completed task 'Monthly' at 2025-03-14 11:29:29.605455.
2025-03-08 20:47:04,211 - root - INFO - Next nodes for Monthly: ['Review AM using Asset Change Tracker (5.5.13.1)']
2025-03-08 20:47:04,211 - root - INFO - Scheduling direct next node Review AM using Asset Change Tracker (5.5.13.1)
2025-03-08 20:47:04,212 - root - INFO - Token Token-299 waiting for resource 'Tech' at 2025-03-14 11:29:29.605455
2025-03-08 20:47:04,212 - root - INFO - Token Token-300 started task 'Monthly' at 2025-03-14 11:35:26.756217, scheduled to end at 2025-03-14 11:35:26.756217 (processing time: 0.00 min)
2025-03-08 20:47:04,212 - root - INFO - Processing end event: Token Token-300 at node Monthly (Unknown)
2025-03-08 20:47:04,213 - root - INFO - Token Token-300 completed task 'Monthly' at 2025-03-14 11:35:26.756217.
2025-03-08 20:47:04,213 - root - INFO - Next nodes for Monthly: ['Review AM using Asset Change Tracker (5.5.13.1)']
2025-03-08 20:47:04,213 - root - INFO - Scheduling direct next node Review AM using Asset Change Tracker (5.5.13.1)
2025-03-08 20:47:04,213 - root - INFO - Token Token-300 waiting for resource 'Tech' at 2025-03-14 11:35:26.756217
2025-03-08 20:47:04,214 - root - INFO - Token Token-301 started task 'Monthly' at 2025-03-14 11:41:31.827495, scheduled to end at 2025-03-14 11:41:31.827495 (processing time: 0.00 min)
2025-03-08 20:47:04,214 - root - INFO - Processing end event: Token Token-301 at node Monthly (Unknown)
2025-03-08 20:47:04,214 - root - INFO - Token Token-301 completed task 'Monthly' at 2025-03-14 11:41:31.827495.
2025-03-08 20:47:04,214 - root - INFO - Next nodes for Monthly: ['Review AM using Asset Change Tracker (5.5.13.1)']
2025-03-08 20:47:04,215 - root - INFO - Scheduling direct next node Review AM using Asset Change Tracker (5.5.13.1)
2025-03-08 20:47:04,215 - root - INFO - Token Token-301 waiting for resource 'Tech' at 2025-03-14 11:41:31.827495
2025-03-08 20:47:04,215 - root - INFO - Token Token-302 started task 'Monthly' at 2025-03-14 11:47:56.738700, scheduled to end at 2025-03-14 11:47:56.738700 (processing time: 0.00 min)
2025-03-08 20:47:04,215 - root - INFO - Processing end event: Token Token-302 at node Monthly (Unknown)
2025-03-08 20:47:04,215 - root - INFO - Token Token-302 completed task 'Monthly' at 2025-03-14 11:47:56.738700.
2025-03-08 20:47:04,216 - root - INFO - Next nodes for Monthly: ['Review AM using Asset Change Tracker (5.5.13.1)']
2025-03-08 20:47:04,216 - root - INFO - Scheduling direct next node Review AM using Asset Change Tracker (5.5.13.1)
2025-03-08 20:47:04,216 - root - INFO - Token Token-302 waiting for resource 'Tech' at 2025-03-14 11:47:56.738700
2025-03-08 20:47:04,216 - root - INFO - Token Token-303 started task 'Monthly' at 2025-03-14 11:54:20.000922, scheduled to end at 2025-03-14 11:54:20.000922 (processing time: 0.00 min)
2025-03-08 20:47:04,217 - root - INFO - Processing end event: Token Token-303 at node Monthly (Unknown)
2025-03-08 20:47:04,217 - root - INFO - Token Token-303 completed task 'Monthly' at 2025-03-14 11:54:20.000922.
2025-03-08 20:47:04,217 - root - INFO - Next nodes for Monthly: ['Review AM using Asset Change Tracker (5.5.13.1)']
2025-03-08 20:47:04,218 - root - INFO - Scheduling direct next node Review AM using Asset Change Tracker (5.5.13.1)
2025-03-08 20:47:04,218 - root - INFO - Token Token-303 waiting for resource 'Tech' at 2025-03-14 11:54:20.000922
2025-03-08 20:47:04,218 - root - INFO - Token Token-304 started task 'Monthly' at 2025-03-14 11:59:55.805201, scheduled to end at 2025-03-14 11:59:55.805201 (processing time: 0.00 min)
2025-03-08 20:47:04,219 - root - INFO - Processing end event: Token Token-304 at node Monthly (Unknown)
2025-03-08 20:47:04,223 - root - INFO - Token Token-304 completed task 'Monthly' at 2025-03-14 11:59:55.805201.
2025-03-08 20:47:04,223 - root - INFO - Next nodes for Monthly: ['Review AM using Asset Change Tracker (5.5.13.1)']
2025-03-08 20:47:04,224 - root - INFO - Scheduling direct next node Review AM using Asset Change Tracker (5.5.13.1)
2025-03-08 20:47:04,224 - root - INFO - Token Token-304 waiting for resource 'Tech' at 2025-03-14 11:59:55.805201
2025-03-08 20:47:04,224 - root - INFO - Token Token-305 started task 'Monthly' at 2025-03-14 12:04:51.818227, scheduled to end at 2025-03-14 12:04:51.818227 (processing time: 0.00 min)
2025-03-08 20:47:04,225 - root - INFO - Processing end event: Token Token-305 at node Monthly (Unknown)
2025-03-08 20:47:04,225 - root - INFO - Token Token-305 completed task 'Monthly' at 2025-03-14 12:04:51.818227.
2025-03-08 20:47:04,226 - root - INFO - Next nodes for Monthly: ['Review AM using Asset Change Tracker (5.5.13.1)']
2025-03-08 20:47:04,226 - root - INFO - Scheduling direct next node Review AM using Asset Change Tracker (5.5.13.1)
2025-03-08 20:47:04,226 - root - INFO - Token Token-305 waiting for resource 'Tech' at 2025-03-14 12:04:51.818227
2025-03-08 20:47:04,227 - root - INFO - Token Token-306 started task 'Monthly' at 2025-03-14 12:09:52.052150, scheduled to end at 2025-03-14 12:09:52.052150 (processing time: 0.00 min)
2025-03-08 20:47:04,227 - root - INFO - Processing end event: Token Token-306 at node Monthly (Unknown)
2025-03-08 20:47:04,228 - root - INFO - Token Token-306 completed task 'Monthly' at 2025-03-14 12:09:52.052150.
2025-03-08 20:47:04,228 - root - INFO - Next nodes for Monthly: ['Review AM using Asset Change Tracker (5.5.13.1)']
2025-03-08 20:47:04,228 - root - INFO - Scheduling direct next node Review AM using Asset Change Tracker (5.5.13.1)
2025-03-08 20:47:04,229 - root - INFO - Token Token-306 waiting for resource 'Tech' at 2025-03-14 12:09:52.052150
2025-03-08 20:47:04,229 - root - INFO - Token Token-307 started task 'Monthly' at 2025-03-14 12:16:06.796821, scheduled to end at 2025-03-14 12:16:06.796821 (processing time: 0.00 min)
2025-03-08 20:47:04,229 - root - INFO - Processing end event: Token Token-307 at node Monthly (Unknown)
2025-03-08 20:47:04,230 - root - INFO - Token Token-307 completed task 'Monthly' at 2025-03-14 12:16:06.796821.
2025-03-08 20:47:04,230 - root - INFO - Next nodes for Monthly: ['Review AM using Asset Change Tracker (5.5.13.1)']
2025-03-08 20:47:04,230 - root - INFO - Scheduling direct next node Review AM using Asset Change Tracker (5.5.13.1)
2025-03-08 20:47:04,231 - root - INFO - Token Token-307 waiting for resource 'Tech' at 2025-03-14 12:16:06.796821
2025-03-08 20:47:04,231 - root - INFO - Token Token-308 started task 'Monthly' at 2025-03-14 12:21:54.086137, scheduled to end at 2025-03-14 12:21:54.086137 (processing time: 0.00 min)
2025-03-08 20:47:04,231 - root - INFO - Processing end event: Token Token-308 at node Monthly (Unknown)
2025-03-08 20:47:04,231 - root - INFO - Token Token-308 completed task 'Monthly' at 2025-03-14 12:21:54.086137.
2025-03-08 20:47:04,232 - root - INFO - Next nodes for Monthly: ['Review AM using Asset Change Tracker (5.5.13.1)']
2025-03-08 20:47:04,232 - root - INFO - Scheduling direct next node Review AM using Asset Change Tracker (5.5.13.1)
2025-03-08 20:47:04,232 - root - INFO - Token Token-308 waiting for resource 'Tech' at 2025-03-14 12:21:54.086137
2025-03-08 20:47:04,233 - root - INFO - Token Token-309 started task 'Monthly' at 2025-03-14 12:28:03.459709, scheduled to end at 2025-03-14 12:28:03.459709 (processing time: 0.00 min)
2025-03-08 20:47:04,233 - root - INFO - Processing end event: Token Token-309 at node Monthly (Unknown)
2025-03-08 20:47:04,234 - root - INFO - Token Token-309 completed task 'Monthly' at 2025-03-14 12:28:03.459709.
2025-03-08 20:47:04,234 - root - INFO - Next nodes for Monthly: ['Review AM using Asset Change Tracker (5.5.13.1)']
2025-03-08 20:47:04,234 - root - INFO - Scheduling direct next node Review AM using Asset Change Tracker (5.5.13.1)
2025-03-08 20:47:04,234 - root - INFO - Token Token-309 waiting for resource 'Tech' at 2025-03-14 12:28:03.459709
2025-03-08 20:47:04,235 - root - INFO - Token Token-310 started task 'Monthly' at 2025-03-14 12:33:35.526663, scheduled to end at 2025-03-14 12:33:35.526663 (processing time: 0.00 min)
2025-03-08 20:47:04,235 - root - INFO - Processing end event: Token Token-310 at node Monthly (Unknown)
2025-03-08 20:47:04,236 - root - INFO - Token Token-310 completed task 'Monthly' at 2025-03-14 12:33:35.526663.
2025-03-08 20:47:04,236 - root - INFO - Next nodes for Monthly: ['Review AM using Asset Change Tracker (5.5.13.1)']
2025-03-08 20:47:04,237 - root - INFO - Scheduling direct next node Review AM using Asset Change Tracker (5.5.13.1)
2025-03-08 20:47:04,238 - root - INFO - Token Token-310 waiting for resource 'Tech' at 2025-03-14 12:33:35.526663
2025-03-08 20:47:04,239 - root - INFO - Token Token-311 started task 'Monthly' at 2025-03-14 12:39:00.522887, scheduled to end at 2025-03-14 12:39:00.522887 (processing time: 0.00 min)
2025-03-08 20:47:04,259 - root - INFO - Processing end event: Token Token-311 at node Monthly (Unknown)
2025-03-08 20:47:04,260 - root - INFO - Token Token-311 completed task 'Monthly' at 2025-03-14 12:39:00.522887.
2025-03-08 20:47:04,260 - root - INFO - Next nodes for Monthly: ['Review AM using Asset Change Tracker (5.5.13.1)']
2025-03-08 20:47:04,261 - root - INFO - Scheduling direct next node Review AM using Asset Change Tracker (5.5.13.1)
2025-03-08 20:47:04,261 - root - INFO - Token Token-311 waiting for resource 'Tech' at 2025-03-14 12:39:00.522887
2025-03-08 20:47:04,261 - root - INFO - Token Token-312 started task 'Monthly' at 2025-03-14 12:44:26.390939, scheduled to end at 2025-03-14 12:44:26.390939 (processing time: 0.00 min)
2025-03-08 20:47:04,262 - root - INFO - Processing end event: Token Token-312 at node Monthly (Unknown)
2025-03-08 20:47:04,262 - root - INFO - Token Token-312 completed task 'Monthly' at 2025-03-14 12:44:26.390939.
2025-03-08 20:47:04,262 - root - INFO - Next nodes for Monthly: ['Review AM using Asset Change Tracker (5.5.13.1)']
2025-03-08 20:47:04,263 - root - INFO - Scheduling direct next node Review AM using Asset Change Tracker (5.5.13.1)
2025-03-08 20:47:04,263 - root - INFO - Token Token-312 waiting for resource 'Tech' at 2025-03-14 12:44:26.390939
2025-03-08 20:47:04,264 - root - INFO - Token Token-313 started task 'Monthly' at 2025-03-14 12:50:17.737988, scheduled to end at 2025-03-14 12:50:17.737988 (processing time: 0.00 min)
2025-03-08 20:47:04,264 - root - INFO - Processing end event: Token Token-313 at node Monthly (Unknown)
2025-03-08 20:47:04,264 - root - INFO - Token Token-313 completed task 'Monthly' at 2025-03-14 12:50:17.737988.
2025-03-08 20:47:04,264 - root - INFO - Next nodes for Monthly: ['Review AM using Asset Change Tracker (5.5.13.1)']
2025-03-08 20:47:04,265 - root - INFO - Scheduling direct next node Review AM using Asset Change Tracker (5.5.13.1)
2025-03-08 20:47:04,265 - root - INFO - Token Token-313 waiting for resource 'Tech' at 2025-03-14 12:50:17.737988
2025-03-08 20:47:04,266 - root - INFO - Token Token-314 started task 'Monthly' at 2025-03-14 12:55:30.390397, scheduled to end at 2025-03-14 12:55:30.390397 (processing time: 0.00 min)
2025-03-08 20:47:04,266 - root - INFO - Processing end event: Token Token-314 at node Monthly (Unknown)
2025-03-08 20:47:04,266 - root - INFO - Token Token-314 completed task 'Monthly' at 2025-03-14 12:55:30.390397.
2025-03-08 20:47:04,266 - root - INFO - Next nodes for Monthly: ['Review AM using Asset Change Tracker (5.5.13.1)']
2025-03-08 20:47:04,266 - root - INFO - Scheduling direct next node Review AM using Asset Change Tracker (5.5.13.1)
2025-03-08 20:47:04,266 - root - INFO - Token Token-314 waiting for resource 'Tech' at 2025-03-14 12:55:30.390397
2025-03-08 20:47:04,266 - root - INFO - Token Token-315 started task 'Monthly' at 2025-03-14 13:00:47.959953, scheduled to end at 2025-03-14 13:00:47.959953 (processing time: 0.00 min)
2025-03-08 20:47:04,266 - root - INFO - Processing end event: Token Token-315 at node Monthly (Unknown)
2025-03-08 20:47:04,266 - root - INFO - Token Token-315 completed task 'Monthly' at 2025-03-14 13:00:47.959953.
2025-03-08 20:47:04,269 - root - INFO - Next nodes for Monthly: ['Review AM using Asset Change Tracker (5.5.13.1)']
2025-03-08 20:47:04,269 - root - INFO - Scheduling direct next node Review AM using Asset Change Tracker (5.5.13.1)
2025-03-08 20:47:04,269 - root - INFO - Token Token-315 waiting for resource 'Tech' at 2025-03-14 13:00:47.959953
2025-03-08 20:47:04,269 - root - INFO - Token Token-316 started task 'Monthly' at 2025-03-14 13:06:02.220684, scheduled to end at 2025-03-14 13:06:02.220684 (processing time: 0.00 min)
2025-03-08 20:47:04,269 - root - INFO - Processing end event: Token Token-316 at node Monthly (Unknown)
2025-03-08 20:47:04,269 - root - INFO - Token Token-316 completed task 'Monthly' at 2025-03-14 13:06:02.220684.
2025-03-08 20:47:04,270 - root - INFO - Next nodes for Monthly: ['Review AM using Asset Change Tracker (5.5.13.1)']
2025-03-08 20:47:04,270 - root - INFO - Scheduling direct next node Review AM using Asset Change Tracker (5.5.13.1)
2025-03-08 20:47:04,270 - root - INFO - Token Token-316 waiting for resource 'Tech' at 2025-03-14 13:06:02.220684
2025-03-08 20:47:04,270 - root - INFO - Token Token-317 started task 'Monthly' at 2025-03-14 13:10:51.348393, scheduled to end at 2025-03-14 13:10:51.348393 (processing time: 0.00 min)
2025-03-08 20:47:04,271 - root - INFO - Processing end event: Token Token-317 at node Monthly (Unknown)
2025-03-08 20:47:04,271 - root - INFO - Token Token-317 completed task 'Monthly' at 2025-03-14 13:10:51.348393.
2025-03-08 20:47:04,271 - root - INFO - Next nodes for Monthly: ['Review AM using Asset Change Tracker (5.5.13.1)']
2025-03-08 20:47:04,271 - root - INFO - Scheduling direct next node Review AM using Asset Change Tracker (5.5.13.1)
2025-03-08 20:47:04,271 - root - INFO - Token Token-317 waiting for resource 'Tech' at 2025-03-14 13:10:51.348393
2025-03-08 20:47:04,271 - root - INFO - Token Token-318 started task 'Monthly' at 2025-03-14 13:16:24.098285, scheduled to end at 2025-03-14 13:16:24.098285 (processing time: 0.00 min)
2025-03-08 20:47:04,272 - root - INFO - Processing end event: Token Token-318 at node Monthly (Unknown)
2025-03-08 20:47:04,272 - root - INFO - Token Token-318 completed task 'Monthly' at 2025-03-14 13:16:24.098285.
2025-03-08 20:47:04,272 - root - INFO - Next nodes for Monthly: ['Review AM using Asset Change Tracker (5.5.13.1)']
2025-03-08 20:47:04,272 - root - INFO - Scheduling direct next node Review AM using Asset Change Tracker (5.5.13.1)
2025-03-08 20:47:04,273 - root - INFO - Token Token-318 waiting for resource 'Tech' at 2025-03-14 13:16:24.098285
2025-03-08 20:47:04,273 - root - INFO - Token Token-319 started task 'Monthly' at 2025-03-14 13:22:04.422624, scheduled to end at 2025-03-14 13:22:04.422624 (processing time: 0.00 min)
2025-03-08 20:47:04,273 - root - INFO - Processing end event: Token Token-319 at node Monthly (Unknown)
2025-03-08 20:47:04,273 - root - INFO - Token Token-319 completed task 'Monthly' at 2025-03-14 13:22:04.422624.
2025-03-08 20:47:04,274 - root - INFO - Next nodes for Monthly: ['Review AM using Asset Change Tracker (5.5.13.1)']
2025-03-08 20:47:04,274 - root - INFO - Scheduling direct next node Review AM using Asset Change Tracker (5.5.13.1)
2025-03-08 20:47:04,274 - root - INFO - Token Token-319 waiting for resource 'Tech' at 2025-03-14 13:22:04.422624
2025-03-08 20:47:04,274 - root - INFO - Token Token-320 started task 'Monthly' at 2025-03-14 13:27:02.264154, scheduled to end at 2025-03-14 13:27:02.264154 (processing time: 0.00 min)
2025-03-08 20:47:04,275 - root - INFO - Processing end event: Token Token-320 at node Monthly (Unknown)
2025-03-08 20:47:04,275 - root - INFO - Token Token-320 completed task 'Monthly' at 2025-03-14 13:27:02.264154.
2025-03-08 20:47:04,275 - root - INFO - Next nodes for Monthly: ['Review AM using Asset Change Tracker (5.5.13.1)']
2025-03-08 20:47:04,275 - root - INFO - Scheduling direct next node Review AM using Asset Change Tracker (5.5.13.1)
2025-03-08 20:47:04,275 - root - INFO - Token Token-320 waiting for resource 'Tech' at 2025-03-14 13:27:02.264154
2025-03-08 20:47:04,276 - root - INFO - Token Token-321 started task 'Monthly' at 2025-03-14 13:31:32.793343, scheduled to end at 2025-03-14 13:31:32.793343 (processing time: 0.00 min)
2025-03-08 20:47:04,276 - root - INFO - Processing end event: Token Token-321 at node Monthly (Unknown)
2025-03-08 20:47:04,276 - root - INFO - Token Token-321 completed task 'Monthly' at 2025-03-14 13:31:32.793343.
2025-03-08 20:47:04,276 - root - INFO - Next nodes for Monthly: ['Review AM using Asset Change Tracker (5.5.13.1)']
2025-03-08 20:47:04,276 - root - INFO - Scheduling direct next node Review AM using Asset Change Tracker (5.5.13.1)
2025-03-08 20:47:04,277 - root - INFO - Token Token-321 waiting for resource 'Tech' at 2025-03-14 13:31:32.793343
2025-03-08 20:47:04,277 - root - INFO - Token Token-322 started task 'Monthly' at 2025-03-14 13:37:39.134108, scheduled to end at 2025-03-14 13:37:39.134108 (processing time: 0.00 min)
2025-03-08 20:47:04,277 - root - INFO - Processing end event: Token Token-322 at node Monthly (Unknown)
2025-03-08 20:47:04,277 - root - INFO - Token Token-322 completed task 'Monthly' at 2025-03-14 13:37:39.134108.
2025-03-08 20:47:04,278 - root - INFO - Next nodes for Monthly: ['Review AM using Asset Change Tracker (5.5.13.1)']
2025-03-08 20:47:04,278 - root - INFO - Scheduling direct next node Review AM using Asset Change Tracker (5.5.13.1)
2025-03-08 20:47:04,278 - root - INFO - Token Token-322 waiting for resource 'Tech' at 2025-03-14 13:37:39.134108
2025-03-08 20:47:04,279 - root - INFO - Token Token-323 started task 'Monthly' at 2025-03-14 13:43:55.217429, scheduled to end at 2025-03-14 13:43:55.217429 (processing time: 0.00 min)
2025-03-08 20:47:04,279 - root - INFO - Processing end event: Token Token-323 at node Monthly (Unknown)
2025-03-08 20:47:04,279 - root - INFO - Token Token-323 completed task 'Monthly' at 2025-03-14 13:43:55.217429.
2025-03-08 20:47:04,279 - root - INFO - Next nodes for Monthly: ['Review AM using Asset Change Tracker (5.5.13.1)']
2025-03-08 20:47:04,279 - root - INFO - Scheduling direct next node Review AM using Asset Change Tracker (5.5.13.1)
2025-03-08 20:47:04,283 - root - INFO - Token Token-323 waiting for resource 'Tech' at 2025-03-14 13:43:55.217429
2025-03-08 20:47:04,283 - root - INFO - Token Token-324 started task 'Monthly' at 2025-03-14 13:49:58.933334, scheduled to end at 2025-03-14 13:49:58.933334 (processing time: 0.00 min)
2025-03-08 20:47:04,283 - root - INFO - Processing end event: Token Token-324 at node Monthly (Unknown)
2025-03-08 20:47:04,284 - root - INFO - Token Token-324 completed task 'Monthly' at 2025-03-14 13:49:58.933334.
2025-03-08 20:47:04,284 - root - INFO - Next nodes for Monthly: ['Review AM using Asset Change Tracker (5.5.13.1)']
2025-03-08 20:47:04,285 - root - INFO - Scheduling direct next node Review AM using Asset Change Tracker (5.5.13.1)
2025-03-08 20:47:04,306 - root - INFO - Token Token-324 waiting for resource 'Tech' at 2025-03-14 13:49:58.933334
2025-03-08 20:47:04,307 - root - INFO - Token Token-325 started task 'Monthly' at 2025-03-14 13:55:28.581972, scheduled to end at 2025-03-14 13:55:28.581972 (processing time: 0.00 min)
2025-03-08 20:47:04,307 - root - INFO - Processing end event: Token Token-325 at node Monthly (Unknown)
2025-03-08 20:47:04,308 - root - INFO - Token Token-325 completed task 'Monthly' at 2025-03-14 13:55:28.581972.
2025-03-08 20:47:04,308 - root - INFO - Next nodes for Monthly: ['Review AM using Asset Change Tracker (5.5.13.1)']
2025-03-08 20:47:04,309 - root - INFO - Scheduling direct next node Review AM using Asset Change Tracker (5.5.13.1)
2025-03-08 20:47:04,310 - root - INFO - Token Token-325 waiting for resource 'Tech' at 2025-03-14 13:55:28.581972
2025-03-08 20:47:04,310 - root - INFO - Token Token-326 started task 'Monthly' at 2025-03-17 08:00:00, scheduled to end at 2025-03-17 08:00:00 (processing time: 0.00 min)
2025-03-08 20:47:04,311 - root - INFO - Processing end event: Token Token-326 at node Monthly (Unknown)
2025-03-08 20:47:04,311 - root - INFO - Token Token-326 completed task 'Monthly' at 2025-03-17 08:00:00.
2025-03-08 20:47:04,311 - root - INFO - Next nodes for Monthly: ['Review AM using Asset Change Tracker (5.5.13.1)']
2025-03-08 20:47:04,312 - root - INFO - Scheduling direct next node Review AM using Asset Change Tracker (5.5.13.1)
2025-03-08 20:47:04,312 - root - INFO - Token Token-326 waiting for resource 'Tech' at 2025-03-17 08:00:00
2025-03-08 20:47:04,313 - root - INFO - Token Token-327 started task 'Monthly' at 2025-03-17 08:06:12.075044, scheduled to end at 2025-03-17 08:06:12.075044 (processing time: 0.00 min)
2025-03-08 20:47:04,315 - root - INFO - Processing end event: Token Token-327 at node Monthly (Unknown)
2025-03-08 20:47:04,315 - root - INFO - Token Token-327 completed task 'Monthly' at 2025-03-17 08:06:12.075044.
2025-03-08 20:47:04,315 - root - INFO - Next nodes for Monthly: ['Review AM using Asset Change Tracker (5.5.13.1)']
2025-03-08 20:47:04,316 - root - INFO - Scheduling direct next node Review AM using Asset Change Tracker (5.5.13.1)
2025-03-08 20:47:04,316 - root - INFO - Token Token-327 waiting for resource 'Tech' at 2025-03-17 08:06:12.075044
2025-03-08 20:47:04,317 - root - INFO - Token Token-328 started task 'Monthly' at 2025-03-17 08:12:16.027441, scheduled to end at 2025-03-17 08:12:16.027441 (processing time: 0.00 min)
2025-03-08 20:47:04,317 - root - INFO - Processing end event: Token Token-328 at node Monthly (Unknown)
2025-03-08 20:47:04,317 - root - INFO - Token Token-328 completed task 'Monthly' at 2025-03-17 08:12:16.027441.
2025-03-08 20:47:04,318 - root - INFO - Next nodes for Monthly: ['Review AM using Asset Change Tracker (5.5.13.1)']
2025-03-08 20:47:04,318 - root - INFO - Scheduling direct next node Review AM using Asset Change Tracker (5.5.13.1)
2025-03-08 20:47:04,318 - root - INFO - Token Token-328 waiting for resource 'Tech' at 2025-03-17 08:12:16.027441
2025-03-08 20:47:04,319 - root - INFO - Token Token-329 started task 'Monthly' at 2025-03-17 08:17:48.450808, scheduled to end at 2025-03-17 08:17:48.450808 (processing time: 0.00 min)
2025-03-08 20:47:04,319 - root - INFO - Processing end event: Token Token-329 at node Monthly (Unknown)
2025-03-08 20:47:04,319 - root - INFO - Token Token-329 completed task 'Monthly' at 2025-03-17 08:17:48.450808.
2025-03-08 20:47:04,320 - root - INFO - Next nodes for Monthly: ['Review AM using Asset Change Tracker (5.5.13.1)']
2025-03-08 20:47:04,320 - root - INFO - Scheduling direct next node Review AM using Asset Change Tracker (5.5.13.1)
2025-03-08 20:47:04,320 - root - INFO - Token Token-329 waiting for resource 'Tech' at 2025-03-17 08:17:48.450808
2025-03-08 20:47:04,321 - root - INFO - Token Token-330 started task 'Monthly' at 2025-03-17 08:23:14.529789, scheduled to end at 2025-03-17 08:23:14.529789 (processing time: 0.00 min)
2025-03-08 20:47:04,321 - root - INFO - Processing end event: Token Token-330 at node Monthly (Unknown)
2025-03-08 20:47:04,322 - root - INFO - Token Token-330 completed task 'Monthly' at 2025-03-17 08:23:14.529789.
2025-03-08 20:47:04,322 - root - INFO - Next nodes for Monthly: ['Review AM using Asset Change Tracker (5.5.13.1)']
2025-03-08 20:47:04,322 - root - INFO - Scheduling direct next node Review AM using Asset Change Tracker (5.5.13.1)
2025-03-08 20:47:04,322 - root - INFO - Token Token-330 waiting for resource 'Tech' at 2025-03-17 08:23:14.529789
2025-03-08 20:47:04,322 - root - INFO - Token Token-331 started task 'Monthly' at 2025-03-17 08:29:40.257092, scheduled to end at 2025-03-17 08:29:40.257092 (processing time: 0.00 min)
2025-03-08 20:47:04,323 - root - INFO - Processing end event: Token Token-331 at node Monthly (Unknown)
2025-03-08 20:47:04,323 - root - INFO - Token Token-331 completed task 'Monthly' at 2025-03-17 08:29:40.257092.
2025-03-08 20:47:04,323 - root - INFO - Next nodes for Monthly: ['Review AM using Asset Change Tracker (5.5.13.1)']
2025-03-08 20:47:04,324 - root - INFO - Scheduling direct next node Review AM using Asset Change Tracker (5.5.13.1)
2025-03-08 20:47:04,324 - root - INFO - Token Token-331 waiting for resource 'Tech' at 2025-03-17 08:29:40.257092
2025-03-08 20:47:04,324 - root - INFO - Token Token-332 started task 'Monthly' at 2025-03-17 08:35:46.395189, scheduled to end at 2025-03-17 08:35:46.395189 (processing time: 0.00 min)
2025-03-08 20:47:04,324 - root - INFO - Processing end event: Token Token-332 at node Monthly (Unknown)
2025-03-08 20:47:04,324 - root - INFO - Token Token-332 completed task 'Monthly' at 2025-03-17 08:35:46.395189.
2025-03-08 20:47:04,324 - root - INFO - Next nodes for Monthly: ['Review AM using Asset Change Tracker (5.5.13.1)']
2025-03-08 20:47:04,326 - root - INFO - Scheduling direct next node Review AM using Asset Change Tracker (5.5.13.1)
2025-03-08 20:47:04,326 - root - INFO - Token Token-332 waiting for resource 'Tech' at 2025-03-17 08:35:46.395189
2025-03-08 20:47:04,326 - root - INFO - Token Token-333 started task 'Monthly' at 2025-03-17 08:41:12.610435, scheduled to end at 2025-03-17 08:41:12.610435 (processing time: 0.00 min)
2025-03-08 20:47:04,326 - root - INFO - Processing end event: Token Token-333 at node Monthly (Unknown)
2025-03-08 20:47:04,326 - root - INFO - Token Token-333 completed task 'Monthly' at 2025-03-17 08:41:12.610435.
2025-03-08 20:47:04,326 - root - INFO - Next nodes for Monthly: ['Review AM using Asset Change Tracker (5.5.13.1)']
2025-03-08 20:47:04,326 - root - INFO - Scheduling direct next node Review AM using Asset Change Tracker (5.5.13.1)
2025-03-08 20:47:04,327 - root - INFO - Token Token-333 waiting for resource 'Tech' at 2025-03-17 08:41:12.610435
2025-03-08 20:47:04,327 - root - INFO - Token Token-334 started task 'Monthly' at 2025-03-17 08:47:25.206556, scheduled to end at 2025-03-17 08:47:25.206556 (processing time: 0.00 min)
2025-03-08 20:47:04,327 - root - INFO - Processing end event: Token Token-334 at node Monthly (Unknown)
2025-03-08 20:47:04,327 - root - INFO - Token Token-334 completed task 'Monthly' at 2025-03-17 08:47:25.206556.
2025-03-08 20:47:04,327 - root - INFO - Next nodes for Monthly: ['Review AM using Asset Change Tracker (5.5.13.1)']
2025-03-08 20:47:04,328 - root - INFO - Scheduling direct next node Review AM using Asset Change Tracker (5.5.13.1)
2025-03-08 20:47:04,328 - root - INFO - Token Token-334 waiting for resource 'Tech' at 2025-03-17 08:47:25.206556
2025-03-08 20:47:04,328 - root - INFO - Token Token-335 started task 'Monthly' at 2025-03-17 08:52:46.163695, scheduled to end at 2025-03-17 08:52:46.163695 (processing time: 0.00 min)
2025-03-08 20:47:04,328 - root - INFO - Processing end event: Token Token-335 at node Monthly (Unknown)
2025-03-08 20:47:04,328 - root - INFO - Token Token-335 completed task 'Monthly' at 2025-03-17 08:52:46.163695.
2025-03-08 20:47:04,329 - root - INFO - Next nodes for Monthly: ['Review AM using Asset Change Tracker (5.5.13.1)']
2025-03-08 20:47:04,329 - root - INFO - Scheduling direct next node Review AM using Asset Change Tracker (5.5.13.1)
2025-03-08 20:47:04,329 - root - INFO - Token Token-335 waiting for resource 'Tech' at 2025-03-17 08:52:46.163695
2025-03-08 20:47:04,329 - root - INFO - Token Token-336 started task 'Monthly' at 2025-03-17 08:59:09.310086, scheduled to end at 2025-03-17 08:59:09.310086 (processing time: 0.00 min)
2025-03-08 20:47:04,330 - root - INFO - Processing end event: Token Token-336 at node Monthly (Unknown)
2025-03-08 20:47:04,330 - root - INFO - Token Token-336 completed task 'Monthly' at 2025-03-17 08:59:09.310086.
2025-03-08 20:47:04,330 - root - INFO - Next nodes for Monthly: ['Review AM using Asset Change Tracker (5.5.13.1)']
2025-03-08 20:47:04,330 - root - INFO - Scheduling direct next node Review AM using Asset Change Tracker (5.5.13.1)
2025-03-08 20:47:04,330 - root - INFO - Token Token-336 waiting for resource 'Tech' at 2025-03-17 08:59:09.310086
2025-03-08 20:47:04,331 - root - INFO - Token Token-337 started task 'Monthly' at 2025-03-17 09:05:17.014582, scheduled to end at 2025-03-17 09:05:17.014582 (processing time: 0.00 min)
2025-03-08 20:47:04,331 - root - INFO - Processing end event: Token Token-337 at node Monthly (Unknown)
2025-03-08 20:47:04,331 - root - INFO - Token Token-337 completed task 'Monthly' at 2025-03-17 09:05:17.014582.
2025-03-08 20:47:04,331 - root - INFO - Next nodes for Monthly: ['Review AM using Asset Change Tracker (5.5.13.1)']
2025-03-08 20:47:04,331 - root - INFO - Scheduling direct next node Review AM using Asset Change Tracker (5.5.13.1)
2025-03-08 20:47:04,332 - root - INFO - Token Token-337 waiting for resource 'Tech' at 2025-03-17 09:05:17.014582
2025-03-08 20:47:04,332 - root - INFO - Token Token-338 started task 'Monthly' at 2025-03-17 09:11:15.910115, scheduled to end at 2025-03-17 09:11:15.910115 (processing time: 0.00 min)
2025-03-08 20:47:04,332 - root - INFO - Processing end event: Token Token-338 at node Monthly (Unknown)
2025-03-08 20:47:04,332 - root - INFO - Token Token-338 completed task 'Monthly' at 2025-03-17 09:11:15.910115.
2025-03-08 20:47:04,333 - root - INFO - Next nodes for Monthly: ['Review AM using Asset Change Tracker (5.5.13.1)']
2025-03-08 20:47:04,333 - root - INFO - Scheduling direct next node Review AM using Asset Change Tracker (5.5.13.1)
2025-03-08 20:47:04,333 - root - INFO - Token Token-338 waiting for resource 'Tech' at 2025-03-17 09:11:15.910115
2025-03-08 20:47:04,335 - root - INFO - Token Token-339 started task 'Monthly' at 2025-03-17 09:16:29.887762, scheduled to end at 2025-03-17 09:16:29.887762 (processing time: 0.00 min)
2025-03-08 20:47:04,335 - root - INFO - Processing end event: Token Token-339 at node Monthly (Unknown)
2025-03-08 20:47:04,356 - root - INFO - Token Token-339 completed task 'Monthly' at 2025-03-17 09:16:29.887762.
2025-03-08 20:47:04,356 - root - INFO - Next nodes for Monthly: ['Review AM using Asset Change Tracker (5.5.13.1)']
2025-03-08 20:47:04,358 - root - INFO - Scheduling direct next node Review AM using Asset Change Tracker (5.5.13.1)
2025-03-08 20:47:04,358 - root - INFO - Token Token-339 waiting for resource 'Tech' at 2025-03-17 09:16:29.887762
2025-03-08 20:47:04,359 - root - INFO - Token Token-340 started task 'Monthly' at 2025-03-17 09:22:51.553603, scheduled to end at 2025-03-17 09:22:51.553603 (processing time: 0.00 min)
2025-03-08 20:47:04,359 - root - INFO - Processing end event: Token Token-340 at node Monthly (Unknown)
2025-03-08 20:47:04,359 - root - INFO - Token Token-340 completed task 'Monthly' at 2025-03-17 09:22:51.553603.
2025-03-08 20:47:04,360 - root - INFO - Next nodes for Monthly: ['Review AM using Asset Change Tracker (5.5.13.1)']
2025-03-08 20:47:04,360 - root - INFO - Scheduling direct next node Review AM using Asset Change Tracker (5.5.13.1)
2025-03-08 20:47:04,361 - root - INFO - Token Token-340 waiting for resource 'Tech' at 2025-03-17 09:22:51.553603
2025-03-08 20:47:04,361 - root - INFO - Token Token-341 started task 'Monthly' at 2025-03-17 09:27:52.317007, scheduled to end at 2025-03-17 09:27:52.317007 (processing time: 0.00 min)
2025-03-08 20:47:04,361 - root - INFO - Processing end event: Token Token-341 at node Monthly (Unknown)
2025-03-08 20:47:04,362 - root - INFO - Token Token-341 completed task 'Monthly' at 2025-03-17 09:27:52.317007.
2025-03-08 20:47:04,362 - root - INFO - Next nodes for Monthly: ['Review AM using Asset Change Tracker (5.5.13.1)']
2025-03-08 20:47:04,362 - root - INFO - Scheduling direct next node Review AM using Asset Change Tracker (5.5.13.1)
2025-03-08 20:47:04,363 - root - INFO - Token Token-341 waiting for resource 'Tech' at 2025-03-17 09:27:52.317007
2025-03-08 20:47:04,364 - root - INFO - Token Token-342 started task 'Monthly' at 2025-03-17 09:33:41.743714, scheduled to end at 2025-03-17 09:33:41.743714 (processing time: 0.00 min)
2025-03-08 20:47:04,364 - root - INFO - Processing end event: Token Token-342 at node Monthly (Unknown)
2025-03-08 20:47:04,365 - root - INFO - Token Token-342 completed task 'Monthly' at 2025-03-17 09:33:41.743714.
2025-03-08 20:47:04,365 - root - INFO - Next nodes for Monthly: ['Review AM using Asset Change Tracker (5.5.13.1)']
2025-03-08 20:47:04,369 - root - INFO - Scheduling direct next node Review AM using Asset Change Tracker (5.5.13.1)
2025-03-08 20:47:04,370 - root - INFO - Token Token-342 waiting for resource 'Tech' at 2025-03-17 09:33:41.743714
2025-03-08 20:47:04,371 - root - INFO - Token Token-343 started task 'Monthly' at 2025-03-17 09:39:37.030373, scheduled to end at 2025-03-17 09:39:37.030373 (processing time: 0.00 min)
2025-03-08 20:47:04,372 - root - INFO - Processing end event: Token Token-343 at node Monthly (Unknown)
2025-03-08 20:47:04,372 - root - INFO - Token Token-343 completed task 'Monthly' at 2025-03-17 09:39:37.030373.
2025-03-08 20:47:04,373 - root - INFO - Next nodes for Monthly: ['Review AM using Asset Change Tracker (5.5.13.1)']
2025-03-08 20:47:04,375 - root - INFO - Scheduling direct next node Review AM using Asset Change Tracker (5.5.13.1)
2025-03-08 20:47:04,375 - root - INFO - Token Token-343 waiting for resource 'Tech' at 2025-03-17 09:39:37.030373
2025-03-08 20:47:04,376 - root - INFO - Token Token-344 started task 'Monthly' at 2025-03-17 09:45:27.144771, scheduled to end at 2025-03-17 09:45:27.144771 (processing time: 0.00 min)
2025-03-08 20:47:04,376 - root - INFO - Processing end event: Token Token-344 at node Monthly (Unknown)
2025-03-08 20:47:04,377 - root - INFO - Token Token-344 completed task 'Monthly' at 2025-03-17 09:45:27.144771.
2025-03-08 20:47:04,377 - root - INFO - Next nodes for Monthly: ['Review AM using Asset Change Tracker (5.5.13.1)']
2025-03-08 20:47:04,377 - root - INFO - Scheduling direct next node Review AM using Asset Change Tracker (5.5.13.1)
2025-03-08 20:47:04,378 - root - INFO - Token Token-344 waiting for resource 'Tech' at 2025-03-17 09:45:27.144771
2025-03-08 20:47:04,378 - root - INFO - Token Token-345 started task 'Monthly' at 2025-03-17 09:50:39.532661, scheduled to end at 2025-03-17 09:50:39.532661 (processing time: 0.00 min)
2025-03-08 20:47:04,379 - root - INFO - Processing end event: Token Token-345 at node Monthly (Unknown)
2025-03-08 20:47:04,379 - root - INFO - Token Token-345 completed task 'Monthly' at 2025-03-17 09:50:39.532661.
2025-03-08 20:47:04,379 - root - INFO - Next nodes for Monthly: ['Review AM using Asset Change Tracker (5.5.13.1)']
2025-03-08 20:47:04,380 - root - INFO - Scheduling direct next node Review AM using Asset Change Tracker (5.5.13.1)
2025-03-08 20:47:04,380 - root - INFO - Token Token-345 waiting for resource 'Tech' at 2025-03-17 09:50:39.532661
2025-03-08 20:47:04,380 - root - INFO - Token Token-346 started task 'Monthly' at 2025-03-17 09:55:47.505622, scheduled to end at 2025-03-17 09:55:47.505622 (processing time: 0.00 min)
2025-03-08 20:47:04,381 - root - INFO - Processing end event: Token Token-346 at node Monthly (Unknown)
2025-03-08 20:47:04,381 - root - INFO - Token Token-346 completed task 'Monthly' at 2025-03-17 09:55:47.505622.
2025-03-08 20:47:04,381 - root - INFO - Next nodes for Monthly: ['Review AM using Asset Change Tracker (5.5.13.1)']
2025-03-08 20:47:04,382 - root - INFO - Scheduling direct next node Review AM using Asset Change Tracker (5.5.13.1)
2025-03-08 20:47:04,382 - root - INFO - Token Token-346 waiting for resource 'Tech' at 2025-03-17 09:55:47.505622
2025-03-08 20:47:04,382 - root - INFO - Token Token-347 started task 'Monthly' at 2025-03-17 10:00:35.322118, scheduled to end at 2025-03-17 10:00:35.322118 (processing time: 0.00 min)
2025-03-08 20:47:04,383 - root - INFO - Processing end event: Token Token-347 at node Monthly (Unknown)
2025-03-08 20:47:04,384 - root - INFO - Token Token-347 completed task 'Monthly' at 2025-03-17 10:00:35.322118.
2025-03-08 20:47:04,385 - root - INFO - Next nodes for Monthly: ['Review AM using Asset Change Tracker (5.5.13.1)']
2025-03-08 20:47:04,391 - root - INFO - Scheduling direct next node Review AM using Asset Change Tracker (5.5.13.1)
2025-03-08 20:47:04,391 - root - INFO - Token Token-347 waiting for resource 'Tech' at 2025-03-17 10:00:35.322118
2025-03-08 20:47:04,392 - root - INFO - Token Token-348 started task 'Monthly' at 2025-03-17 10:05:34.766270, scheduled to end at 2025-03-17 10:05:34.766270 (processing time: 0.00 min)
2025-03-08 20:47:04,392 - root - INFO - Processing end event: Token Token-348 at node Monthly (Unknown)
2025-03-08 20:47:04,392 - root - INFO - Token Token-348 completed task 'Monthly' at 2025-03-17 10:05:34.766270.
2025-03-08 20:47:04,392 - root - INFO - Next nodes for Monthly: ['Review AM using Asset Change Tracker (5.5.13.1)']
2025-03-08 20:47:04,393 - root - INFO - Scheduling direct next node Review AM using Asset Change Tracker (5.5.13.1)
2025-03-08 20:47:04,393 - root - INFO - Token Token-348 waiting for resource 'Tech' at 2025-03-17 10:05:34.766270
2025-03-08 20:47:04,394 - root - INFO - Token Token-349 started task 'Monthly' at 2025-03-17 10:11:29.404691, scheduled to end at 2025-03-17 10:11:29.404691 (processing time: 0.00 min)
2025-03-08 20:47:04,394 - root - INFO - Processing end event: Token Token-349 at node Monthly (Unknown)
2025-03-08 20:47:04,394 - root - INFO - Token Token-349 completed task 'Monthly' at 2025-03-17 10:11:29.404691.
2025-03-08 20:47:04,394 - root - INFO - Next nodes for Monthly: ['Review AM using Asset Change Tracker (5.5.13.1)']
2025-03-08 20:47:04,395 - root - INFO - Scheduling direct next node Review AM using Asset Change Tracker (5.5.13.1)
2025-03-08 20:47:04,395 - root - INFO - Token Token-349 waiting for resource 'Tech' at 2025-03-17 10:11:29.404691
2025-03-08 20:47:04,396 - root - INFO - Token Token-350 started task 'Monthly' at 2025-03-17 10:16:27.393345, scheduled to end at 2025-03-17 10:16:27.393345 (processing time: 0.00 min)
2025-03-08 20:47:04,396 - root - INFO - Processing end event: Token Token-350 at node Monthly (Unknown)
2025-03-08 20:47:04,396 - root - INFO - Token Token-350 completed task 'Monthly' at 2025-03-17 10:16:27.393345.
2025-03-08 20:47:04,396 - root - INFO - Next nodes for Monthly: ['Review AM using Asset Change Tracker (5.5.13.1)']
2025-03-08 20:47:04,397 - root - INFO - Scheduling direct next node Review AM using Asset Change Tracker (5.5.13.1)
2025-03-08 20:47:04,397 - root - INFO - Token Token-350 waiting for resource 'Tech' at 2025-03-17 10:16:27.393345
2025-03-08 20:47:04,397 - root - INFO - Token Token-351 started task 'Monthly' at 2025-03-17 10:22:22.365659, scheduled to end at 2025-03-17 10:22:22.365659 (processing time: 0.00 min)
2025-03-08 20:47:04,397 - root - INFO - Processing end event: Token Token-351 at node Monthly (Unknown)
2025-03-08 20:47:04,398 - root - INFO - Token Token-351 completed task 'Monthly' at 2025-03-17 10:22:22.365659.
2025-03-08 20:47:04,398 - root - INFO - Next nodes for Monthly: ['Review AM using Asset Change Tracker (5.5.13.1)']
2025-03-08 20:47:04,398 - root - INFO - Scheduling direct next node Review AM using Asset Change Tracker (5.5.13.1)
2025-03-08 20:47:04,398 - root - INFO - Token Token-351 waiting for resource 'Tech' at 2025-03-17 10:22:22.365659
2025-03-08 20:47:04,399 - root - INFO - Token Token-352 started task 'Monthly' at 2025-03-17 10:28:08.038592, scheduled to end at 2025-03-17 10:28:08.038592 (processing time: 0.00 min)
2025-03-08 20:47:04,399 - root - INFO - Processing end event: Token Token-352 at node Monthly (Unknown)
2025-03-08 20:47:04,399 - root - INFO - Token Token-352 completed task 'Monthly' at 2025-03-17 10:28:08.038592.
2025-03-08 20:47:04,399 - root - INFO - Next nodes for Monthly: ['Review AM using Asset Change Tracker (5.5.13.1)']
2025-03-08 20:47:04,399 - root - INFO - Scheduling direct next node Review AM using Asset Change Tracker (5.5.13.1)
2025-03-08 20:47:04,400 - root - INFO - Token Token-352 waiting for resource 'Tech' at 2025-03-17 10:28:08.038592
2025-03-08 20:47:04,400 - root - INFO - Token Token-353 started task 'Monthly' at 2025-03-17 10:34:26.772344, scheduled to end at 2025-03-17 10:34:26.772344 (processing time: 0.00 min)
2025-03-08 20:47:04,400 - root - INFO - Processing end event: Token Token-353 at node Monthly (Unknown)
2025-03-08 20:47:04,400 - root - INFO - Token Token-353 completed task 'Monthly' at 2025-03-17 10:34:26.772344.
2025-03-08 20:47:04,401 - root - INFO - Next nodes for Monthly: ['Review AM using Asset Change Tracker (5.5.13.1)']
2025-03-08 20:47:04,401 - root - INFO - Scheduling direct next node Review AM using Asset Change Tracker (5.5.13.1)
2025-03-08 20:47:04,401 - root - INFO - Token Token-353 waiting for resource 'Tech' at 2025-03-17 10:34:26.772344
2025-03-08 20:47:04,402 - root - INFO - Token Token-354 started task 'Monthly' at 2025-03-17 10:39:40.585220, scheduled to end at 2025-03-17 10:39:40.585220 (processing time: 0.00 min)
2025-03-08 20:47:04,402 - root - INFO - Processing end event: Token Token-354 at node Monthly (Unknown)
2025-03-08 20:47:04,402 - root - INFO - Token Token-354 completed task 'Monthly' at 2025-03-17 10:39:40.585220.
2025-03-08 20:47:04,406 - root - INFO - Next nodes for Monthly: ['Review AM using Asset Change Tracker (5.5.13.1)']
2025-03-08 20:47:04,406 - root - INFO - Scheduling direct next node Review AM using Asset Change Tracker (5.5.13.1)
2025-03-08 20:47:04,406 - root - INFO - Token Token-354 waiting for resource 'Tech' at 2025-03-17 10:39:40.585220
2025-03-08 20:47:04,407 - root - INFO - Token Token-355 started task 'Monthly' at 2025-03-17 10:45:59.031367, scheduled to end at 2025-03-17 10:45:59.031367 (processing time: 0.00 min)
2025-03-08 20:47:04,407 - root - INFO - Processing end event: Token Token-355 at node Monthly (Unknown)
2025-03-08 20:47:04,408 - root - INFO - Token Token-355 completed task 'Monthly' at 2025-03-17 10:45:59.031367.
2025-03-08 20:47:04,409 - root - INFO - Next nodes for Monthly: ['Review AM using Asset Change Tracker (5.5.13.1)']
2025-03-08 20:47:04,409 - root - INFO - Scheduling direct next node Review AM using Asset Change Tracker (5.5.13.1)
2025-03-08 20:47:04,409 - root - INFO - Token Token-355 waiting for resource 'Tech' at 2025-03-17 10:45:59.031367
2025-03-08 20:47:04,410 - root - INFO - Token Token-356 started task 'Monthly' at 2025-03-17 10:51:24.176046, scheduled to end at 2025-03-17 10:51:24.176046 (processing time: 0.00 min)
2025-03-08 20:47:04,410 - root - INFO - Processing end event: Token Token-356 at node Monthly (Unknown)
2025-03-08 20:47:04,410 - root - INFO - Token Token-356 completed task 'Monthly' at 2025-03-17 10:51:24.176046.
2025-03-08 20:47:04,411 - root - INFO - Next nodes for Monthly: ['Review AM using Asset Change Tracker (5.5.13.1)']
2025-03-08 20:47:04,411 - root - INFO - Scheduling direct next node Review AM using Asset Change Tracker (5.5.13.1)
2025-03-08 20:47:04,411 - root - INFO - Token Token-356 waiting for resource 'Tech' at 2025-03-17 10:51:24.176046
2025-03-08 20:47:04,412 - root - INFO - Token Token-357 started task 'Monthly' at 2025-03-17 10:57:50.608506, scheduled to end at 2025-03-17 10:57:50.608506 (processing time: 0.00 min)
2025-03-08 20:47:04,412 - root - INFO - Processing end event: Token Token-357 at node Monthly (Unknown)
2025-03-08 20:47:04,412 - root - INFO - Token Token-357 completed task 'Monthly' at 2025-03-17 10:57:50.608506.
2025-03-08 20:47:04,413 - root - INFO - Next nodes for Monthly: ['Review AM using Asset Change Tracker (5.5.13.1)']
2025-03-08 20:47:04,413 - root - INFO - Scheduling direct next node Review AM using Asset Change Tracker (5.5.13.1)
2025-03-08 20:47:04,414 - root - INFO - Token Token-357 waiting for resource 'Tech' at 2025-03-17 10:57:50.608506
2025-03-08 20:47:04,414 - root - INFO - Token Token-358 started task 'Monthly' at 2025-03-17 11:03:39.207510, scheduled to end at 2025-03-17 11:03:39.207510 (processing time: 0.00 min)
2025-03-08 20:47:04,414 - root - INFO - Processing end event: Token Token-358 at node Monthly (Unknown)
2025-03-08 20:47:04,415 - root - INFO - Token Token-358 completed task 'Monthly' at 2025-03-17 11:03:39.207510.
2025-03-08 20:47:04,415 - root - INFO - Next nodes for Monthly: ['Review AM using Asset Change Tracker (5.5.13.1)']
2025-03-08 20:47:04,415 - root - INFO - Scheduling direct next node Review AM using Asset Change Tracker (5.5.13.1)
2025-03-08 20:47:04,416 - root - INFO - Token Token-358 waiting for resource 'Tech' at 2025-03-17 11:03:39.207510
2025-03-08 20:47:04,416 - root - INFO - Token Token-359 started task 'Monthly' at 2025-03-17 11:08:57.183705, scheduled to end at 2025-03-17 11:08:57.183705 (processing time: 0.00 min)
2025-03-08 20:47:04,416 - root - INFO - Processing end event: Token Token-359 at node Monthly (Unknown)
2025-03-08 20:47:04,418 - root - INFO - Token Token-359 completed task 'Monthly' at 2025-03-17 11:08:57.183705.
2025-03-08 20:47:04,418 - root - INFO - Next nodes for Monthly: ['Review AM using Asset Change Tracker (5.5.13.1)']
2025-03-08 20:47:04,419 - root - INFO - Scheduling direct next node Review AM using Asset Change Tracker (5.5.13.1)
2025-03-08 20:47:04,420 - root - INFO - Token Token-359 waiting for resource 'Tech' at 2025-03-17 11:08:57.183705
2025-03-08 20:47:04,421 - root - INFO - Token Token-360 started task 'Monthly' at 2025-03-17 11:14:36.760416, scheduled to end at 2025-03-17 11:14:36.760416 (processing time: 0.00 min)
2025-03-08 20:47:04,442 - root - INFO - Processing end event: Token Token-360 at node Monthly (Unknown)
2025-03-08 20:47:04,442 - root - INFO - Token Token-360 completed task 'Monthly' at 2025-03-17 11:14:36.760416.
2025-03-08 20:47:04,443 - root - INFO - Next nodes for Monthly: ['Review AM using Asset Change Tracker (5.5.13.1)']
2025-03-08 20:47:04,443 - root - INFO - Scheduling direct next node Review AM using Asset Change Tracker (5.5.13.1)
2025-03-08 20:47:04,444 - root - INFO - Token Token-360 waiting for resource 'Tech' at 2025-03-17 11:14:36.760416
2025-03-08 20:47:04,444 - root - INFO - Token Token-361 started task 'Monthly' at 2025-03-17 11:20:48.279856, scheduled to end at 2025-03-17 11:20:48.279856 (processing time: 0.00 min)
2025-03-08 20:47:04,445 - root - INFO - Processing end event: Token Token-361 at node Monthly (Unknown)
2025-03-08 20:47:04,445 - root - INFO - Token Token-361 completed task 'Monthly' at 2025-03-17 11:20:48.279856.
2025-03-08 20:47:04,445 - root - INFO - Next nodes for Monthly: ['Review AM using Asset Change Tracker (5.5.13.1)']
2025-03-08 20:47:04,445 - root - INFO - Scheduling direct next node Review AM using Asset Change Tracker (5.5.13.1)
2025-03-08 20:47:04,446 - root - INFO - Token Token-361 waiting for resource 'Tech' at 2025-03-17 11:20:48.279856
2025-03-08 20:47:04,446 - root - INFO - Token Token-362 started task 'Monthly' at 2025-03-17 11:27:08.355917, scheduled to end at 2025-03-17 11:27:08.355917 (processing time: 0.00 min)
2025-03-08 20:47:04,446 - root - INFO - Processing end event: Token Token-362 at node Monthly (Unknown)
2025-03-08 20:47:04,446 - root - INFO - Token Token-362 completed task 'Monthly' at 2025-03-17 11:27:08.355917.
2025-03-08 20:47:04,448 - root - INFO - Next nodes for Monthly: ['Review AM using Asset Change Tracker (5.5.13.1)']
2025-03-08 20:47:04,448 - root - INFO - Scheduling direct next node Review AM using Asset Change Tracker (5.5.13.1)
2025-03-08 20:47:04,448 - root - INFO - Token Token-362 waiting for resource 'Tech' at 2025-03-17 11:27:08.355917
2025-03-08 20:47:04,448 - root - INFO - Token Token-363 started task 'Monthly' at 2025-03-17 11:32:51.816021, scheduled to end at 2025-03-17 11:32:51.816021 (processing time: 0.00 min)
2025-03-08 20:47:04,448 - root - INFO - Processing end event: Token Token-363 at node Monthly (Unknown)
2025-03-08 20:47:04,448 - root - INFO - Token Token-363 completed task 'Monthly' at 2025-03-17 11:32:51.816021.
2025-03-08 20:47:04,448 - root - INFO - Next nodes for Monthly: ['Review AM using Asset Change Tracker (5.5.13.1)']
2025-03-08 20:47:04,448 - root - INFO - Scheduling direct next node Review AM using Asset Change Tracker (5.5.13.1)
2025-03-08 20:47:04,448 - root - INFO - Token Token-363 waiting for resource 'Tech' at 2025-03-17 11:32:51.816021
2025-03-08 20:47:04,448 - root - INFO - Token Token-364 started task 'Monthly' at 2025-03-17 11:38:46.398687, scheduled to end at 2025-03-17 11:38:46.398687 (processing time: 0.00 min)
2025-03-08 20:47:04,448 - root - INFO - Processing end event: Token Token-364 at node Monthly (Unknown)
2025-03-08 20:47:04,448 - root - INFO - Token Token-364 completed task 'Monthly' at 2025-03-17 11:38:46.398687.
2025-03-08 20:47:04,448 - root - INFO - Next nodes for Monthly: ['Review AM using Asset Change Tracker (5.5.13.1)']
2025-03-08 20:47:04,448 - root - INFO - Scheduling direct next node Review AM using Asset Change Tracker (5.5.13.1)
2025-03-08 20:47:04,448 - root - INFO - Token Token-364 waiting for resource 'Tech' at 2025-03-17 11:38:46.398687
2025-03-08 20:47:04,448 - root - INFO - Token Token-365 started task 'Monthly' at 2025-03-17 11:44:06.334451, scheduled to end at 2025-03-17 11:44:06.334451 (processing time: 0.00 min)
2025-03-08 20:47:04,448 - root - INFO - Processing end event: Token Token-365 at node Monthly (Unknown)
2025-03-08 20:47:04,448 - root - INFO - Token Token-365 completed task 'Monthly' at 2025-03-17 11:44:06.334451.
2025-03-08 20:47:04,448 - root - INFO - Next nodes for Monthly: ['Review AM using Asset Change Tracker (5.5.13.1)']
2025-03-08 20:47:04,448 - root - INFO - Scheduling direct next node Review AM using Asset Change Tracker (5.5.13.1)
2025-03-08 20:47:04,448 - root - INFO - Token Token-365 waiting for resource 'Tech' at 2025-03-17 11:44:06.334451
2025-03-08 20:47:04,448 - root - INFO - Token Token-366 started task 'Monthly' at 2025-03-17 11:50:29.039189, scheduled to end at 2025-03-17 11:50:29.039189 (processing time: 0.00 min)
2025-03-08 20:47:04,448 - root - INFO - Processing end event: Token Token-366 at node Monthly (Unknown)
2025-03-08 20:47:04,448 - root - INFO - Token Token-366 completed task 'Monthly' at 2025-03-17 11:50:29.039189.
2025-03-08 20:47:04,453 - root - INFO - Next nodes for Monthly: ['Review AM using Asset Change Tracker (5.5.13.1)']
2025-03-08 20:47:04,453 - root - INFO - Scheduling direct next node Review AM using Asset Change Tracker (5.5.13.1)
2025-03-08 20:47:04,453 - root - INFO - Token Token-366 waiting for resource 'Tech' at 2025-03-17 11:50:29.039189
2025-03-08 20:47:04,453 - root - INFO - Token Token-367 started task 'Monthly' at 2025-03-17 11:56:49.460432, scheduled to end at 2025-03-17 11:56:49.460432 (processing time: 0.00 min)
2025-03-08 20:47:04,454 - root - INFO - Processing end event: Token Token-367 at node Monthly (Unknown)
2025-03-08 20:47:04,454 - root - INFO - Token Token-367 completed task 'Monthly' at 2025-03-17 11:56:49.460432.
2025-03-08 20:47:04,454 - root - INFO - Next nodes for Monthly: ['Review AM using Asset Change Tracker (5.5.13.1)']
2025-03-08 20:47:04,454 - root - INFO - Scheduling direct next node Review AM using Asset Change Tracker (5.5.13.1)
2025-03-08 20:47:04,455 - root - INFO - Token Token-367 waiting for resource 'Tech' at 2025-03-17 11:56:49.460432
2025-03-08 20:47:04,455 - root - INFO - Token Token-368 started task 'Monthly' at 2025-03-17 12:03:09.877908, scheduled to end at 2025-03-17 12:03:09.877908 (processing time: 0.00 min)
2025-03-08 20:47:04,455 - root - INFO - Processing end event: Token Token-368 at node Monthly (Unknown)
2025-03-08 20:47:04,455 - root - INFO - Token Token-368 completed task 'Monthly' at 2025-03-17 12:03:09.877908.
2025-03-08 20:47:04,455 - root - INFO - Next nodes for Monthly: ['Review AM using Asset Change Tracker (5.5.13.1)']
2025-03-08 20:47:04,456 - root - INFO - Scheduling direct next node Review AM using Asset Change Tracker (5.5.13.1)
2025-03-08 20:47:04,456 - root - INFO - Token Token-368 waiting for resource 'Tech' at 2025-03-17 12:03:09.877908
2025-03-08 20:47:04,456 - root - INFO - Token Token-369 started task 'Monthly' at 2025-03-17 12:08:40.339362, scheduled to end at 2025-03-17 12:08:40.339362 (processing time: 0.00 min)
2025-03-08 20:47:04,456 - root - INFO - Processing end event: Token Token-369 at node Monthly (Unknown)
2025-03-08 20:47:04,457 - root - INFO - Token Token-369 completed task 'Monthly' at 2025-03-17 12:08:40.339362.
2025-03-08 20:47:04,457 - root - INFO - Next nodes for Monthly: ['Review AM using Asset Change Tracker (5.5.13.1)']
2025-03-08 20:47:04,457 - root - INFO - Scheduling direct next node Review AM using Asset Change Tracker (5.5.13.1)
2025-03-08 20:47:04,457 - root - INFO - Token Token-369 waiting for resource 'Tech' at 2025-03-17 12:08:40.339362
2025-03-08 20:47:04,458 - root - INFO - Token Token-370 started task 'Monthly' at 2025-03-17 12:14:51.217087, scheduled to end at 2025-03-17 12:14:51.217087 (processing time: 0.00 min)
2025-03-08 20:47:04,458 - root - INFO - Processing end event: Token Token-370 at node Monthly (Unknown)
2025-03-08 20:47:04,458 - root - INFO - Token Token-370 completed task 'Monthly' at 2025-03-17 12:14:51.217087.
2025-03-08 20:47:04,458 - root - INFO - Next nodes for Monthly: ['Review AM using Asset Change Tracker (5.5.13.1)']
2025-03-08 20:47:04,458 - root - INFO - Scheduling direct next node Review AM using Asset Change Tracker (5.5.13.1)
2025-03-08 20:47:04,459 - root - INFO - Token Token-370 waiting for resource 'Tech' at 2025-03-17 12:14:51.217087
2025-03-08 20:47:04,459 - root - INFO - Token Token-371 started task 'Monthly' at 2025-03-17 12:20:16.709214, scheduled to end at 2025-03-17 12:20:16.709214 (processing time: 0.00 min)
2025-03-08 20:47:04,459 - root - INFO - Processing end event: Token Token-371 at node Monthly (Unknown)
2025-03-08 20:47:04,459 - root - INFO - Token Token-371 completed task 'Monthly' at 2025-03-17 12:20:16.709214.
2025-03-08 20:47:04,459 - root - INFO - Next nodes for Monthly: ['Review AM using Asset Change Tracker (5.5.13.1)']
2025-03-08 20:47:04,460 - root - INFO - Scheduling direct next node Review AM using Asset Change Tracker (5.5.13.1)
2025-03-08 20:47:04,460 - root - INFO - Token Token-371 waiting for resource 'Tech' at 2025-03-17 12:20:16.709214
2025-03-08 20:47:04,460 - root - INFO - Token Token-372 started task 'Monthly' at 2025-03-17 12:26:42.521719, scheduled to end at 2025-03-17 12:26:42.521719 (processing time: 0.00 min)
2025-03-08 20:47:04,460 - root - INFO - Processing end event: Token Token-372 at node Monthly (Unknown)
2025-03-08 20:47:04,462 - root - INFO - Token Token-372 completed task 'Monthly' at 2025-03-17 12:26:42.521719.
2025-03-08 20:47:04,462 - root - INFO - Next nodes for Monthly: ['Review AM using Asset Change Tracker (5.5.13.1)']
2025-03-08 20:47:04,462 - root - INFO - Scheduling direct next node Review AM using Asset Change Tracker (5.5.13.1)
2025-03-08 20:47:04,462 - root - INFO - Token Token-372 waiting for resource 'Tech' at 2025-03-17 12:26:42.521719
2025-03-08 20:47:04,462 - root - INFO - Token Token-373 started task 'Monthly' at 2025-03-17 12:32:58.661197, scheduled to end at 2025-03-17 12:32:58.661197 (processing time: 0.00 min)
2025-03-08 20:47:04,463 - root - INFO - Processing end event: Token Token-373 at node Monthly (Unknown)
2025-03-08 20:47:04,463 - root - INFO - Token Token-373 completed task 'Monthly' at 2025-03-17 12:32:58.661197.
2025-03-08 20:47:04,463 - root - INFO - Next nodes for Monthly: ['Review AM using Asset Change Tracker (5.5.13.1)']
2025-03-08 20:47:04,463 - root - INFO - Scheduling direct next node Review AM using Asset Change Tracker (5.5.13.1)
2025-03-08 20:47:04,464 - root - INFO - Token Token-373 waiting for resource 'Tech' at 2025-03-17 12:32:58.661197
2025-03-08 20:47:04,464 - root - INFO - Token Token-374 started task 'Monthly' at 2025-03-17 12:38:32.901802, scheduled to end at 2025-03-17 12:38:32.901802 (processing time: 0.00 min)
2025-03-08 20:47:04,464 - root - INFO - Processing end event: Token Token-374 at node Monthly (Unknown)
2025-03-08 20:47:04,465 - root - INFO - Token Token-374 completed task 'Monthly' at 2025-03-17 12:38:32.901802.
2025-03-08 20:47:04,465 - root - INFO - Next nodes for Monthly: ['Review AM using Asset Change Tracker (5.5.13.1)']
2025-03-08 20:47:04,465 - root - INFO - Scheduling direct next node Review AM using Asset Change Tracker (5.5.13.1)
2025-03-08 20:47:04,466 - root - INFO - Token Token-374 waiting for resource 'Tech' at 2025-03-17 12:38:32.901802
2025-03-08 20:47:04,466 - root - INFO - Token Token-375 started task 'Monthly' at 2025-03-17 12:43:03.350391, scheduled to end at 2025-03-17 12:43:03.350391 (processing time: 0.00 min)
2025-03-08 20:47:04,466 - root - INFO - Processing end event: Token Token-375 at node Monthly (Unknown)
2025-03-08 20:47:04,467 - root - INFO - Token Token-375 completed task 'Monthly' at 2025-03-17 12:43:03.350391.
2025-03-08 20:47:04,467 - root - INFO - Next nodes for Monthly: ['Review AM using Asset Change Tracker (5.5.13.1)']
2025-03-08 20:47:04,467 - root - INFO - Scheduling direct next node Review AM using Asset Change Tracker (5.5.13.1)
2025-03-08 20:47:04,468 - root - INFO - Token Token-375 waiting for resource 'Tech' at 2025-03-17 12:43:03.350391
2025-03-08 20:47:04,468 - root - INFO - Token Token-376 started task 'Monthly' at 2025-03-17 12:49:29.507722, scheduled to end at 2025-03-17 12:49:29.507722 (processing time: 0.00 min)
2025-03-08 20:47:04,468 - root - INFO - Processing end event: Token Token-376 at node Monthly (Unknown)
2025-03-08 20:47:04,469 - root - INFO - Token Token-376 completed task 'Monthly' at 2025-03-17 12:49:29.507722.
2025-03-08 20:47:04,469 - root - INFO - Next nodes for Monthly: ['Review AM using Asset Change Tracker (5.5.13.1)']
2025-03-08 20:47:04,469 - root - INFO - Scheduling direct next node Review AM using Asset Change Tracker (5.5.13.1)
2025-03-08 20:47:04,470 - root - INFO - Token Token-376 waiting for resource 'Tech' at 2025-03-17 12:49:29.507722
2025-03-08 20:47:04,470 - root - INFO - Token Token-377 started task 'Monthly' at 2025-03-17 12:55:16.482370, scheduled to end at 2025-03-17 12:55:16.482370 (processing time: 0.00 min)
2025-03-08 20:47:04,471 - root - INFO - Processing end event: Token Token-377 at node Monthly (Unknown)
2025-03-08 20:47:04,471 - root - INFO - Token Token-377 completed task 'Monthly' at 2025-03-17 12:55:16.482370.
2025-03-08 20:47:04,471 - root - INFO - Next nodes for Monthly: ['Review AM using Asset Change Tracker (5.5.13.1)']
2025-03-08 20:47:04,472 - root - INFO - Scheduling direct next node Review AM using Asset Change Tracker (5.5.13.1)
2025-03-08 20:47:04,472 - root - INFO - Token Token-377 waiting for resource 'Tech' at 2025-03-17 12:55:16.482370
2025-03-08 20:47:04,472 - root - INFO - Token Token-378 started task 'Monthly' at 2025-03-17 13:01:21.487281, scheduled to end at 2025-03-17 13:01:21.487281 (processing time: 0.00 min)
2025-03-08 20:47:04,473 - root - INFO - Processing end event: Token Token-378 at node Monthly (Unknown)
2025-03-08 20:47:04,473 - root - INFO - Token Token-378 completed task 'Monthly' at 2025-03-17 13:01:21.487281.
2025-03-08 20:47:04,473 - root - INFO - Next nodes for Monthly: ['Review AM using Asset Change Tracker (5.5.13.1)']
2025-03-08 20:47:04,474 - root - INFO - Scheduling direct next node Review AM using Asset Change Tracker (5.5.13.1)
2025-03-08 20:47:04,474 - root - INFO - Token Token-378 waiting for resource 'Tech' at 2025-03-17 13:01:21.487281
2025-03-08 20:47:04,475 - root - INFO - Token Token-379 started task 'Monthly' at 2025-03-17 13:06:39.823481, scheduled to end at 2025-03-17 13:06:39.823481 (processing time: 0.00 min)
2025-03-08 20:47:04,475 - root - INFO - Processing end event: Token Token-379 at node Monthly (Unknown)
2025-03-08 20:47:04,475 - root - INFO - Token Token-379 completed task 'Monthly' at 2025-03-17 13:06:39.823481.
2025-03-08 20:47:04,475 - root - INFO - Next nodes for Monthly: ['Review AM using Asset Change Tracker (5.5.13.1)']
2025-03-08 20:47:04,476 - root - INFO - Scheduling direct next node Review AM using Asset Change Tracker (5.5.13.1)
2025-03-08 20:47:04,476 - root - INFO - Token Token-379 waiting for resource 'Tech' at 2025-03-17 13:06:39.823481
2025-03-08 20:47:04,476 - root - INFO - Token Token-380 started task 'Monthly' at 2025-03-17 13:13:03.575037, scheduled to end at 2025-03-17 13:13:03.575037 (processing time: 0.00 min)
2025-03-08 20:47:04,477 - root - INFO - Processing end event: Token Token-380 at node Monthly (Unknown)
2025-03-08 20:47:04,478 - root - INFO - Token Token-380 completed task 'Monthly' at 2025-03-17 13:13:03.575037.
2025-03-08 20:47:04,502 - root - INFO - Next nodes for Monthly: ['Review AM using Asset Change Tracker (5.5.13.1)']
2025-03-08 20:47:04,502 - root - INFO - Scheduling direct next node Review AM using Asset Change Tracker (5.5.13.1)
2025-03-08 20:47:04,503 - root - INFO - Token Token-380 waiting for resource 'Tech' at 2025-03-17 13:13:03.575037
2025-03-08 20:47:04,504 - root - INFO - Token Token-381 started task 'Monthly' at 2025-03-17 13:18:54.619751, scheduled to end at 2025-03-17 13:18:54.619751 (processing time: 0.00 min)
2025-03-08 20:47:04,504 - root - INFO - Processing end event: Token Token-381 at node Monthly (Unknown)
2025-03-08 20:47:04,504 - root - INFO - Token Token-381 completed task 'Monthly' at 2025-03-17 13:18:54.619751.
2025-03-08 20:47:04,505 - root - INFO - Next nodes for Monthly: ['Review AM using Asset Change Tracker (5.5.13.1)']
2025-03-08 20:47:04,505 - root - INFO - Scheduling direct next node Review AM using Asset Change Tracker (5.5.13.1)
2025-03-08 20:47:04,505 - root - INFO - Token Token-381 waiting for resource 'Tech' at 2025-03-17 13:18:54.619751
2025-03-08 20:47:04,506 - root - INFO - Token Token-382 started task 'Monthly' at 2025-03-17 13:24:46.281085, scheduled to end at 2025-03-17 13:24:46.281085 (processing time: 0.00 min)
2025-03-08 20:47:04,506 - root - INFO - Processing end event: Token Token-382 at node Monthly (Unknown)
2025-03-08 20:47:04,507 - root - INFO - Token Token-382 completed task 'Monthly' at 2025-03-17 13:24:46.281085.
2025-03-08 20:47:04,507 - root - INFO - Next nodes for Monthly: ['Review AM using Asset Change Tracker (5.5.13.1)']
2025-03-08 20:47:04,507 - root - INFO - Scheduling direct next node Review AM using Asset Change Tracker (5.5.13.1)
2025-03-08 20:47:04,509 - root - INFO - Token Token-382 waiting for resource 'Tech' at 2025-03-17 13:24:46.281085
2025-03-08 20:47:04,509 - root - INFO - Token Token-383 started task 'Monthly' at 2025-03-17 13:29:26.432443, scheduled to end at 2025-03-17 13:29:26.432443 (processing time: 0.00 min)
2025-03-08 20:47:04,510 - root - INFO - Processing end event: Token Token-383 at node Monthly (Unknown)
2025-03-08 20:47:04,510 - root - INFO - Token Token-383 completed task 'Monthly' at 2025-03-17 13:29:26.432443.
2025-03-08 20:47:04,510 - root - INFO - Next nodes for Monthly: ['Review AM using Asset Change Tracker (5.5.13.1)']
2025-03-08 20:47:04,510 - root - INFO - Scheduling direct next node Review AM using Asset Change Tracker (5.5.13.1)
2025-03-08 20:47:04,511 - root - INFO - Token Token-383 waiting for resource 'Tech' at 2025-03-17 13:29:26.432443
2025-03-08 20:47:04,512 - root - INFO - Token Token-384 started task 'Monthly' at 2025-03-17 13:35:01.134208, scheduled to end at 2025-03-17 13:35:01.134208 (processing time: 0.00 min)
2025-03-08 20:47:04,512 - root - INFO - Processing end event: Token Token-384 at node Monthly (Unknown)
2025-03-08 20:47:04,512 - root - INFO - Token Token-384 completed task 'Monthly' at 2025-03-17 13:35:01.134208.
2025-03-08 20:47:04,512 - root - INFO - Next nodes for Monthly: ['Review AM using Asset Change Tracker (5.5.13.1)']
2025-03-08 20:47:04,512 - root - INFO - Scheduling direct next node Review AM using Asset Change Tracker (5.5.13.1)
2025-03-08 20:47:04,512 - root - INFO - Token Token-384 waiting for resource 'Tech' at 2025-03-17 13:35:01.134208
2025-03-08 20:47:04,512 - root - INFO - Token Token-385 started task 'Monthly' at 2025-03-17 13:41:17.865718, scheduled to end at 2025-03-17 13:41:17.865718 (processing time: 0.00 min)
2025-03-08 20:47:04,512 - root - INFO - Processing end event: Token Token-385 at node Monthly (Unknown)
2025-03-08 20:47:04,514 - root - INFO - Token Token-385 completed task 'Monthly' at 2025-03-17 13:41:17.865718.
2025-03-08 20:47:04,514 - root - INFO - Next nodes for Monthly: ['Review AM using Asset Change Tracker (5.5.13.1)']
2025-03-08 20:47:04,514 - root - INFO - Scheduling direct next node Review AM using Asset Change Tracker (5.5.13.1)
2025-03-08 20:47:04,514 - root - INFO - Token Token-385 waiting for resource 'Tech' at 2025-03-17 13:41:17.865718
2025-03-08 20:47:04,514 - root - INFO - Token Token-386 started task 'Monthly' at 2025-03-17 13:46:17.288682, scheduled to end at 2025-03-17 13:46:17.288682 (processing time: 0.00 min)
2025-03-08 20:47:04,514 - root - INFO - Processing end event: Token Token-386 at node Monthly (Unknown)
2025-03-08 20:47:04,514 - root - INFO - Token Token-386 completed task 'Monthly' at 2025-03-17 13:46:17.288682.
2025-03-08 20:47:04,515 - root - INFO - Next nodes for Monthly: ['Review AM using Asset Change Tracker (5.5.13.1)']
2025-03-08 20:47:04,515 - root - INFO - Scheduling direct next node Review AM using Asset Change Tracker (5.5.13.1)
2025-03-08 20:47:04,515 - root - INFO - Token Token-386 waiting for resource 'Tech' at 2025-03-17 13:46:17.288682
2025-03-08 20:47:04,515 - root - INFO - Token Token-387 started task 'Monthly' at 2025-03-17 13:51:53.825202, scheduled to end at 2025-03-17 13:51:53.825202 (processing time: 0.00 min)
2025-03-08 20:47:04,516 - root - INFO - Processing end event: Token Token-387 at node Monthly (Unknown)
2025-03-08 20:47:04,516 - root - INFO - Token Token-387 completed task 'Monthly' at 2025-03-17 13:51:53.825202.
2025-03-08 20:47:04,516 - root - INFO - Next nodes for Monthly: ['Review AM using Asset Change Tracker (5.5.13.1)']
2025-03-08 20:47:04,516 - root - INFO - Scheduling direct next node Review AM using Asset Change Tracker (5.5.13.1)
2025-03-08 20:47:04,516 - root - INFO - Token Token-387 waiting for resource 'Tech' at 2025-03-17 13:51:53.825202
2025-03-08 20:47:04,517 - root - INFO - Token Token-388 started task 'Monthly' at 2025-03-17 13:56:13.774541, scheduled to end at 2025-03-17 13:56:13.774541 (processing time: 0.00 min)
2025-03-08 20:47:04,517 - root - INFO - Processing end event: Token Token-388 at node Monthly (Unknown)
2025-03-08 20:47:04,517 - root - INFO - Token Token-388 completed task 'Monthly' at 2025-03-17 13:56:13.774541.
2025-03-08 20:47:04,517 - root - INFO - Next nodes for Monthly: ['Review AM using Asset Change Tracker (5.5.13.1)']
2025-03-08 20:47:04,518 - root - INFO - Scheduling direct next node Review AM using Asset Change Tracker (5.5.13.1)
2025-03-08 20:47:04,518 - root - INFO - Token Token-388 waiting for resource 'Tech' at 2025-03-17 13:56:13.774541
2025-03-08 20:47:04,518 - root - INFO - Token Token-389 started task 'Monthly' at 2025-03-18 08:00:00, scheduled to end at 2025-03-18 08:00:00 (processing time: 0.00 min)
2025-03-08 20:47:04,518 - root - INFO - Processing end event: Token Token-389 at node Monthly (Unknown)
2025-03-08 20:47:04,518 - root - INFO - Token Token-389 completed task 'Monthly' at 2025-03-18 08:00:00.
2025-03-08 20:47:04,519 - root - INFO - Next nodes for Monthly: ['Review AM using Asset Change Tracker (5.5.13.1)']
2025-03-08 20:47:04,519 - root - INFO - Scheduling direct next node Review AM using Asset Change Tracker (5.5.13.1)
2025-03-08 20:47:04,519 - root - INFO - Token Token-389 waiting for resource 'Tech' at 2025-03-18 08:00:00
2025-03-08 20:47:04,519 - root - INFO - Token Token-390 started task 'Monthly' at 2025-03-18 08:06:15.103902, scheduled to end at 2025-03-18 08:06:15.103902 (processing time: 0.00 min)
2025-03-08 20:47:04,520 - root - INFO - Processing end event: Token Token-390 at node Monthly (Unknown)
2025-03-08 20:47:04,520 - root - INFO - Token Token-390 completed task 'Monthly' at 2025-03-18 08:06:15.103902.
2025-03-08 20:47:04,520 - root - INFO - Next nodes for Monthly: ['Review AM using Asset Change Tracker (5.5.13.1)']
2025-03-08 20:47:04,520 - root - INFO - Scheduling direct next node Review AM using Asset Change Tracker (5.5.13.1)
2025-03-08 20:47:04,521 - root - INFO - Token Token-390 waiting for resource 'Tech' at 2025-03-18 08:06:15.103902
2025-03-08 20:47:04,521 - root - INFO - Token Token-391 started task 'Monthly' at 2025-03-18 08:11:04.429192, scheduled to end at 2025-03-18 08:11:04.429192 (processing time: 0.00 min)
2025-03-08 20:47:04,521 - root - INFO - Processing end event: Token Token-391 at node Monthly (Unknown)
2025-03-08 20:47:04,522 - root - INFO - Token Token-391 completed task 'Monthly' at 2025-03-18 08:11:04.429192.
2025-03-08 20:47:04,522 - root - INFO - Next nodes for Monthly: ['Review AM using Asset Change Tracker (5.5.13.1)']
2025-03-08 20:47:04,522 - root - INFO - Scheduling direct next node Review AM using Asset Change Tracker (5.5.13.1)
2025-03-08 20:47:04,523 - root - INFO - Token Token-391 waiting for resource 'Tech' at 2025-03-18 08:11:04.429192
2025-03-08 20:47:04,523 - root - INFO - Token Token-392 started task 'Monthly' at 2025-03-18 08:17:25.960536, scheduled to end at 2025-03-18 08:17:25.960536 (processing time: 0.00 min)
2025-03-08 20:47:04,523 - root - INFO - Processing end event: Token Token-392 at node Monthly (Unknown)
2025-03-08 20:47:04,527 - root - INFO - Token Token-392 completed task 'Monthly' at 2025-03-18 08:17:25.960536.
2025-03-08 20:47:04,527 - root - INFO - Next nodes for Monthly: ['Review AM using Asset Change Tracker (5.5.13.1)']
2025-03-08 20:47:04,527 - root - INFO - Scheduling direct next node Review AM using Asset Change Tracker (5.5.13.1)
2025-03-08 20:47:04,528 - root - INFO - Token Token-392 waiting for resource 'Tech' at 2025-03-18 08:17:25.960536
2025-03-08 20:47:04,528 - root - INFO - Token Token-393 started task 'Monthly' at 2025-03-18 08:22:35.336944, scheduled to end at 2025-03-18 08:22:35.336944 (processing time: 0.00 min)
2025-03-08 20:47:04,528 - root - INFO - Processing end event: Token Token-393 at node Monthly (Unknown)
2025-03-08 20:47:04,529 - root - INFO - Token Token-393 completed task 'Monthly' at 2025-03-18 08:22:35.336944.
2025-03-08 20:47:04,529 - root - INFO - Next nodes for Monthly: ['Review AM using Asset Change Tracker (5.5.13.1)']
2025-03-08 20:47:04,529 - root - INFO - Scheduling direct next node Review AM using Asset Change Tracker (5.5.13.1)
2025-03-08 20:47:04,530 - root - INFO - Token Token-393 waiting for resource 'Tech' at 2025-03-18 08:22:35.336944
2025-03-08 20:47:04,530 - root - INFO - Token Token-394 started task 'Monthly' at 2025-03-18 08:29:01.207391, scheduled to end at 2025-03-18 08:29:01.207391 (processing time: 0.00 min)
2025-03-08 20:47:04,530 - root - INFO - Processing end event: Token Token-394 at node Monthly (Unknown)
2025-03-08 20:47:04,531 - root - INFO - Token Token-394 completed task 'Monthly' at 2025-03-18 08:29:01.207391.
2025-03-08 20:47:04,531 - root - INFO - Next nodes for Monthly: ['Review AM using Asset Change Tracker (5.5.13.1)']
2025-03-08 20:47:04,531 - root - INFO - Scheduling direct next node Review AM using Asset Change Tracker (5.5.13.1)
2025-03-08 20:47:04,532 - root - INFO - Token Token-394 waiting for resource 'Tech' at 2025-03-18 08:29:01.207391
2025-03-08 20:47:04,532 - root - INFO - Token Token-395 started task 'Monthly' at 2025-03-18 08:34:32.717698, scheduled to end at 2025-03-18 08:34:32.717698 (processing time: 0.00 min)
2025-03-08 20:47:04,533 - root - INFO - Processing end event: Token Token-395 at node Monthly (Unknown)
2025-03-08 20:47:04,533 - root - INFO - Token Token-395 completed task 'Monthly' at 2025-03-18 08:34:32.717698.
2025-03-08 20:47:04,533 - root - INFO - Next nodes for Monthly: ['Review AM using Asset Change Tracker (5.5.13.1)']
2025-03-08 20:47:04,533 - root - INFO - Scheduling direct next node Review AM using Asset Change Tracker (5.5.13.1)
2025-03-08 20:47:04,534 - root - INFO - Token Token-395 waiting for resource 'Tech' at 2025-03-18 08:34:32.717698
2025-03-08 20:47:04,534 - root - INFO - Token Token-396 started task 'Monthly' at 2025-03-18 08:40:54.640119, scheduled to end at 2025-03-18 08:40:54.640119 (processing time: 0.00 min)
2025-03-08 20:47:04,534 - root - INFO - Processing end event: Token Token-396 at node Monthly (Unknown)
2025-03-08 20:47:04,535 - root - INFO - Token Token-396 completed task 'Monthly' at 2025-03-18 08:40:54.640119.
2025-03-08 20:47:04,535 - root - INFO - Next nodes for Monthly: ['Review AM using Asset Change Tracker (5.5.13.1)']
2025-03-08 20:47:04,535 - root - INFO - Scheduling direct next node Review AM using Asset Change Tracker (5.5.13.1)
2025-03-08 20:47:04,536 - root - INFO - Token Token-396 waiting for resource 'Tech' at 2025-03-18 08:40:54.640119
2025-03-08 20:47:04,536 - root - INFO - Token Token-397 started task 'Monthly' at 2025-03-18 08:46:57.304560, scheduled to end at 2025-03-18 08:46:57.304560 (processing time: 0.00 min)
2025-03-08 20:47:04,536 - root - INFO - Processing end event: Token Token-397 at node Monthly (Unknown)
2025-03-08 20:47:04,537 - root - INFO - Token Token-397 completed task 'Monthly' at 2025-03-18 08:46:57.304560.
2025-03-08 20:47:04,537 - root - INFO - Next nodes for Monthly: ['Review AM using Asset Change Tracker (5.5.13.1)']
2025-03-08 20:47:04,538 - root - INFO - Scheduling direct next node Review AM using Asset Change Tracker (5.5.13.1)
2025-03-08 20:47:04,538 - root - INFO - Token Token-397 waiting for resource 'Tech' at 2025-03-18 08:46:57.304560
2025-03-08 20:47:04,538 - root - INFO - Token Token-398 started task 'Monthly' at 2025-03-18 08:51:39.392372, scheduled to end at 2025-03-18 08:51:39.392372 (processing time: 0.00 min)
2025-03-08 20:47:04,539 - root - INFO - Processing end event: Token Token-398 at node Monthly (Unknown)
2025-03-08 20:47:04,539 - root - INFO - Token Token-398 completed task 'Monthly' at 2025-03-18 08:51:39.392372.
2025-03-08 20:47:04,540 - root - INFO - Next nodes for Monthly: ['Review AM using Asset Change Tracker (5.5.13.1)']
2025-03-08 20:47:04,543 - root - INFO - Scheduling direct next node Review AM using Asset Change Tracker (5.5.13.1)
2025-03-08 20:47:04,564 - root - INFO - Token Token-398 waiting for resource 'Tech' at 2025-03-18 08:51:39.392372
2025-03-08 20:47:04,565 - root - INFO - Token Token-399 started task 'Monthly' at 2025-03-18 08:57:32.892380, scheduled to end at 2025-03-18 08:57:32.892380 (processing time: 0.00 min)
2025-03-08 20:47:04,565 - root - INFO - Processing end event: Token Token-399 at node Monthly (Unknown)
2025-03-08 20:47:04,566 - root - INFO - Token Token-399 completed task 'Monthly' at 2025-03-18 08:57:32.892380.
2025-03-08 20:47:04,566 - root - INFO - Next nodes for Monthly: ['Review AM using Asset Change Tracker (5.5.13.1)']
2025-03-08 20:47:04,566 - root - INFO - Scheduling direct next node Review AM using Asset Change Tracker (5.5.13.1)
2025-03-08 20:47:04,567 - root - INFO - Token Token-399 waiting for resource 'Tech' at 2025-03-18 08:57:32.892380
2025-03-08 20:47:04,567 - root - INFO - Token Token-400 started task 'Monthly' at 2025-03-18 09:03:51.731368, scheduled to end at 2025-03-18 09:03:51.731368 (processing time: 0.00 min)
2025-03-08 20:47:04,567 - root - INFO - Processing end event: Token Token-400 at node Monthly (Unknown)
2025-03-08 20:47:04,568 - root - INFO - Token Token-400 completed task 'Monthly' at 2025-03-18 09:03:51.731368.
2025-03-08 20:47:04,568 - root - INFO - Next nodes for Monthly: ['Review AM using Asset Change Tracker (5.5.13.1)']
2025-03-08 20:47:04,569 - root - INFO - Scheduling direct next node Review AM using Asset Change Tracker (5.5.13.1)
2025-03-08 20:47:04,569 - root - INFO - Token Token-400 waiting for resource 'Tech' at 2025-03-18 09:03:51.731368
2025-03-08 20:47:04,569 - root - INFO - Token Token-401 started task 'Monthly' at 2025-03-18 09:10:18.079265, scheduled to end at 2025-03-18 09:10:18.079265 (processing time: 0.00 min)
2025-03-08 20:47:04,569 - root - INFO - Processing end event: Token Token-401 at node Monthly (Unknown)
2025-03-08 20:47:04,569 - root - INFO - Token Token-401 completed task 'Monthly' at 2025-03-18 09:10:18.079265.
2025-03-08 20:47:04,569 - root - INFO - Next nodes for Monthly: ['Review AM using Asset Change Tracker (5.5.13.1)']
2025-03-08 20:47:04,569 - root - INFO - Scheduling direct next node Review AM using Asset Change Tracker (5.5.13.1)
2025-03-08 20:47:04,569 - root - INFO - Token Token-401 waiting for resource 'Tech' at 2025-03-18 09:10:18.079265
2025-03-08 20:47:04,569 - root - INFO - Token Token-402 started task 'Monthly' at 2025-03-18 09:16:40.716191, scheduled to end at 2025-03-18 09:16:40.716191 (processing time: 0.00 min)
2025-03-08 20:47:04,569 - root - INFO - Processing end event: Token Token-402 at node Monthly (Unknown)
2025-03-08 20:47:04,569 - root - INFO - Token Token-402 completed task 'Monthly' at 2025-03-18 09:16:40.716191.
2025-03-08 20:47:04,569 - root - INFO - Next nodes for Monthly: ['Review AM using Asset Change Tracker (5.5.13.1)']
2025-03-08 20:47:04,569 - root - INFO - Scheduling direct next node Review AM using Asset Change Tracker (5.5.13.1)
2025-03-08 20:47:04,569 - root - INFO - Token Token-402 waiting for resource 'Tech' at 2025-03-18 09:16:40.716191
2025-03-08 20:47:04,569 - root - INFO - Token Token-403 started task 'Monthly' at 2025-03-18 09:22:23.476206, scheduled to end at 2025-03-18 09:22:23.476206 (processing time: 0.00 min)
2025-03-08 20:47:04,569 - root - INFO - Processing end event: Token Token-403 at node Monthly (Unknown)
2025-03-08 20:47:04,569 - root - INFO - Token Token-403 completed task 'Monthly' at 2025-03-18 09:22:23.476206.
2025-03-08 20:47:04,569 - root - INFO - Next nodes for Monthly: ['Review AM using Asset Change Tracker (5.5.13.1)']
2025-03-08 20:47:04,569 - root - INFO - Scheduling direct next node Review AM using Asset Change Tracker (5.5.13.1)
2025-03-08 20:47:04,569 - root - INFO - Token Token-403 waiting for resource 'Tech' at 2025-03-18 09:22:23.476206
2025-03-08 20:47:04,569 - root - INFO - Token Token-404 started task 'Monthly' at 2025-03-18 09:28:38.675818, scheduled to end at 2025-03-18 09:28:38.675818 (processing time: 0.00 min)
2025-03-08 20:47:04,569 - root - INFO - Processing end event: Token Token-404 at node Monthly (Unknown)
2025-03-08 20:47:04,569 - root - INFO - Token Token-404 completed task 'Monthly' at 2025-03-18 09:28:38.675818.
2025-03-08 20:47:04,569 - root - INFO - Next nodes for Monthly: ['Review AM using Asset Change Tracker (5.5.13.1)']
2025-03-08 20:47:04,569 - root - INFO - Scheduling direct next node Review AM using Asset Change Tracker (5.5.13.1)
2025-03-08 20:47:04,574 - root - INFO - Token Token-404 waiting for resource 'Tech' at 2025-03-18 09:28:38.675818
2025-03-08 20:47:04,574 - root - INFO - Token Token-405 started task 'Monthly' at 2025-03-18 09:34:53.167890, scheduled to end at 2025-03-18 09:34:53.167890 (processing time: 0.00 min)
2025-03-08 20:47:04,575 - root - INFO - Processing end event: Token Token-405 at node Monthly (Unknown)
2025-03-08 20:47:04,575 - root - INFO - Token Token-405 completed task 'Monthly' at 2025-03-18 09:34:53.167890.
2025-03-08 20:47:04,575 - root - INFO - Next nodes for Monthly: ['Review AM using Asset Change Tracker (5.5.13.1)']
2025-03-08 20:47:04,576 - root - INFO - Scheduling direct next node Review AM using Asset Change Tracker (5.5.13.1)
2025-03-08 20:47:04,576 - root - INFO - Token Token-405 waiting for resource 'Tech' at 2025-03-18 09:34:53.167890
2025-03-08 20:47:04,576 - root - INFO - Token Token-406 started task 'Monthly' at 2025-03-18 09:39:41.617629, scheduled to end at 2025-03-18 09:39:41.617629 (processing time: 0.00 min)
2025-03-08 20:47:04,576 - root - INFO - Processing end event: Token Token-406 at node Monthly (Unknown)
2025-03-08 20:47:04,577 - root - INFO - Token Token-406 completed task 'Monthly' at 2025-03-18 09:39:41.617629.
2025-03-08 20:47:04,577 - root - INFO - Next nodes for Monthly: ['Review AM using Asset Change Tracker (5.5.13.1)']
2025-03-08 20:47:04,577 - root - INFO - Scheduling direct next node Review AM using Asset Change Tracker (5.5.13.1)
2025-03-08 20:47:04,577 - root - INFO - Token Token-406 waiting for resource 'Tech' at 2025-03-18 09:39:41.617629
2025-03-08 20:47:04,577 - root - INFO - Token Token-407 started task 'Monthly' at 2025-03-18 09:45:32.148644, scheduled to end at 2025-03-18 09:45:32.148644 (processing time: 0.00 min)
2025-03-08 20:47:04,578 - root - INFO - Processing end event: Token Token-407 at node Monthly (Unknown)
2025-03-08 20:47:04,578 - root - INFO - Token Token-407 completed task 'Monthly' at 2025-03-18 09:45:32.148644.
2025-03-08 20:47:04,578 - root - INFO - Next nodes for Monthly: ['Review AM using Asset Change Tracker (5.5.13.1)']
2025-03-08 20:47:04,578 - root - INFO - Scheduling direct next node Review AM using Asset Change Tracker (5.5.13.1)
2025-03-08 20:47:04,578 - root - INFO - Token Token-407 waiting for resource 'Tech' at 2025-03-18 09:45:32.148644
2025-03-08 20:47:04,579 - root - INFO - Token Token-408 started task 'Monthly' at 2025-03-18 09:51:02.662310, scheduled to end at 2025-03-18 09:51:02.662310 (processing time: 0.00 min)
2025-03-08 20:47:04,579 - root - INFO - Processing end event: Token Token-408 at node Monthly (Unknown)
2025-03-08 20:47:04,579 - root - INFO - Token Token-408 completed task 'Monthly' at 2025-03-18 09:51:02.662310.
2025-03-08 20:47:04,579 - root - INFO - Next nodes for Monthly: ['Review AM using Asset Change Tracker (5.5.13.1)']
2025-03-08 20:47:04,580 - root - INFO - Scheduling direct next node Review AM using Asset Change Tracker (5.5.13.1)
2025-03-08 20:47:04,580 - root - INFO - Token Token-408 waiting for resource 'Tech' at 2025-03-18 09:51:02.662310
2025-03-08 20:47:04,580 - root - INFO - Token Token-409 started task 'Monthly' at 2025-03-18 09:57:27.815900, scheduled to end at 2025-03-18 09:57:27.815900 (processing time: 0.00 min)
2025-03-08 20:47:04,580 - root - INFO - Processing end event: Token Token-409 at node Monthly (Unknown)
2025-03-08 20:47:04,581 - root - INFO - Token Token-409 completed task 'Monthly' at 2025-03-18 09:57:27.815900.
2025-03-08 20:47:04,581 - root - INFO - Next nodes for Monthly: ['Review AM using Asset Change Tracker (5.5.13.1)']
2025-03-08 20:47:04,581 - root - INFO - Scheduling direct next node Review AM using Asset Change Tracker (5.5.13.1)
2025-03-08 20:47:04,581 - root - INFO - Token Token-409 waiting for resource 'Tech' at 2025-03-18 09:57:27.815900
2025-03-08 20:47:04,582 - root - INFO - Token Token-410 started task 'Monthly' at 2025-03-18 10:03:28.728417, scheduled to end at 2025-03-18 10:03:28.728417 (processing time: 0.00 min)
2025-03-08 20:47:04,582 - root - INFO - Processing end event: Token Token-410 at node Monthly (Unknown)
2025-03-08 20:47:04,582 - root - INFO - Token Token-410 completed task 'Monthly' at 2025-03-18 10:03:28.728417.
2025-03-08 20:47:04,582 - root - INFO - Next nodes for Monthly: ['Review AM using Asset Change Tracker (5.5.13.1)']
2025-03-08 20:47:04,582 - root - INFO - Scheduling direct next node Review AM using Asset Change Tracker (5.5.13.1)
2025-03-08 20:47:04,583 - root - INFO - Token Token-410 waiting for resource 'Tech' at 2025-03-18 10:03:28.728417
2025-03-08 20:47:04,583 - root - INFO - Token Token-411 started task 'Monthly' at 2025-03-18 10:09:06.826924, scheduled to end at 2025-03-18 10:09:06.826924 (processing time: 0.00 min)
2025-03-08 20:47:04,583 - root - INFO - Processing end event: Token Token-411 at node Monthly (Unknown)
2025-03-08 20:47:04,583 - root - INFO - Token Token-411 completed task 'Monthly' at 2025-03-18 10:09:06.826924.
2025-03-08 20:47:04,583 - root - INFO - Next nodes for Monthly: ['Review AM using Asset Change Tracker (5.5.13.1)']
2025-03-08 20:47:04,584 - root - INFO - Scheduling direct next node Review AM using Asset Change Tracker (5.5.13.1)
2025-03-08 20:47:04,584 - root - INFO - Token Token-411 waiting for resource 'Tech' at 2025-03-18 10:09:06.826924
2025-03-08 20:47:04,585 - root - INFO - Token Token-412 started task 'Monthly' at 2025-03-18 10:14:56.008506, scheduled to end at 2025-03-18 10:14:56.008506 (processing time: 0.00 min)
2025-03-08 20:47:04,585 - root - INFO - Processing end event: Token Token-412 at node Monthly (Unknown)
2025-03-08 20:47:04,585 - root - INFO - Token Token-412 completed task 'Monthly' at 2025-03-18 10:14:56.008506.
2025-03-08 20:47:04,586 - root - INFO - Next nodes for Monthly: ['Review AM using Asset Change Tracker (5.5.13.1)']
2025-03-08 20:47:04,586 - root - INFO - Scheduling direct next node Review AM using Asset Change Tracker (5.5.13.1)
2025-03-08 20:47:04,586 - root - INFO - Token Token-412 waiting for resource 'Tech' at 2025-03-18 10:14:56.008506
2025-03-08 20:47:04,590 - root - INFO - Token Token-413 started task 'Monthly' at 2025-03-18 10:21:19.442364, scheduled to end at 2025-03-18 10:21:19.442364 (processing time: 0.00 min)
2025-03-08 20:47:04,590 - root - INFO - Processing end event: Token Token-413 at node Monthly (Unknown)
2025-03-08 20:47:04,590 - root - INFO - Token Token-413 completed task 'Monthly' at 2025-03-18 10:21:19.442364.
2025-03-08 20:47:04,591 - root - INFO - Next nodes for Monthly: ['Review AM using Asset Change Tracker (5.5.13.1)']
2025-03-08 20:47:04,593 - root - INFO - Scheduling direct next node Review AM using Asset Change Tracker (5.5.13.1)
2025-03-08 20:47:04,594 - root - INFO - Token Token-413 waiting for resource 'Tech' at 2025-03-18 10:21:19.442364
2025-03-08 20:47:04,594 - root - INFO - Token Token-414 started task 'Monthly' at 2025-03-18 10:26:41.819084, scheduled to end at 2025-03-18 10:26:41.819084 (processing time: 0.00 min)
2025-03-08 20:47:04,594 - root - INFO - Processing end event: Token Token-414 at node Monthly (Unknown)
2025-03-08 20:47:04,595 - root - INFO - Token Token-414 completed task 'Monthly' at 2025-03-18 10:26:41.819084.
2025-03-08 20:47:04,595 - root - INFO - Next nodes for Monthly: ['Review AM using Asset Change Tracker (5.5.13.1)']
2025-03-08 20:47:04,595 - root - INFO - Scheduling direct next node Review AM using Asset Change Tracker (5.5.13.1)
2025-03-08 20:47:04,596 - root - INFO - Token Token-414 waiting for resource 'Tech' at 2025-03-18 10:26:41.819084
2025-03-08 20:47:04,596 - root - INFO - Token Token-415 started task 'Monthly' at 2025-03-18 10:31:19.961879, scheduled to end at 2025-03-18 10:31:19.961879 (processing time: 0.00 min)
2025-03-08 20:47:04,597 - root - INFO - Processing end event: Token Token-415 at node Monthly (Unknown)
2025-03-08 20:47:04,597 - root - INFO - Token Token-415 completed task 'Monthly' at 2025-03-18 10:31:19.961879.
2025-03-08 20:47:04,597 - root - INFO - Next nodes for Monthly: ['Review AM using Asset Change Tracker (5.5.13.1)']
2025-03-08 20:47:04,597 - root - INFO - Scheduling direct next node Review AM using Asset Change Tracker (5.5.13.1)
2025-03-08 20:47:04,597 - root - INFO - Token Token-415 waiting for resource 'Tech' at 2025-03-18 10:31:19.961879
2025-03-08 20:47:04,598 - root - INFO - Token Token-416 started task 'Monthly' at 2025-03-18 10:37:03.411972, scheduled to end at 2025-03-18 10:37:03.411972 (processing time: 0.00 min)
2025-03-08 20:47:04,598 - root - INFO - Processing end event: Token Token-416 at node Monthly (Unknown)
2025-03-08 20:47:04,598 - root - INFO - Token Token-416 completed task 'Monthly' at 2025-03-18 10:37:03.411972.
2025-03-08 20:47:04,598 - root - INFO - Next nodes for Monthly: ['Review AM using Asset Change Tracker (5.5.13.1)']
2025-03-08 20:47:04,600 - root - INFO - Scheduling direct next node Review AM using Asset Change Tracker (5.5.13.1)
2025-03-08 20:47:04,600 - root - INFO - Token Token-416 waiting for resource 'Tech' at 2025-03-18 10:37:03.411972
2025-03-08 20:47:04,613 - root - INFO - Token Token-417 started task 'Monthly' at 2025-03-18 10:43:09.853098, scheduled to end at 2025-03-18 10:43:09.853098 (processing time: 0.00 min)
2025-03-08 20:47:04,613 - root - INFO - Processing end event: Token Token-417 at node Monthly (Unknown)
2025-03-08 20:47:04,614 - root - INFO - Token Token-417 completed task 'Monthly' at 2025-03-18 10:43:09.853098.
2025-03-08 20:47:04,614 - root - INFO - Next nodes for Monthly: ['Review AM using Asset Change Tracker (5.5.13.1)']
2025-03-08 20:47:04,614 - root - INFO - Scheduling direct next node Review AM using Asset Change Tracker (5.5.13.1)
2025-03-08 20:47:04,615 - root - INFO - Token Token-417 waiting for resource 'Tech' at 2025-03-18 10:43:09.853098
2025-03-08 20:47:04,615 - root - INFO - Token Token-418 started task 'Monthly' at 2025-03-18 10:49:14.682637, scheduled to end at 2025-03-18 10:49:14.682637 (processing time: 0.00 min)
2025-03-08 20:47:04,616 - root - INFO - Processing end event: Token Token-418 at node Monthly (Unknown)
2025-03-08 20:47:04,616 - root - INFO - Token Token-418 completed task 'Monthly' at 2025-03-18 10:49:14.682637.
2025-03-08 20:47:04,616 - root - INFO - Next nodes for Monthly: ['Review AM using Asset Change Tracker (5.5.13.1)']
2025-03-08 20:47:04,617 - root - INFO - Scheduling direct next node Review AM using Asset Change Tracker (5.5.13.1)
2025-03-08 20:47:04,617 - root - INFO - Token Token-418 waiting for resource 'Tech' at 2025-03-18 10:49:14.682637
2025-03-08 20:47:04,617 - root - INFO - Token Token-419 started task 'Monthly' at 2025-03-18 10:55:28.816612, scheduled to end at 2025-03-18 10:55:28.816612 (processing time: 0.00 min)
2025-03-08 20:47:04,618 - root - INFO - Processing end event: Token Token-419 at node Monthly (Unknown)
2025-03-08 20:47:04,618 - root - INFO - Token Token-419 completed task 'Monthly' at 2025-03-18 10:55:28.816612.
2025-03-08 20:47:04,619 - root - INFO - Next nodes for Monthly: ['Review AM using Asset Change Tracker (5.5.13.1)']
2025-03-08 20:47:04,620 - root - INFO - Scheduling direct next node Review AM using Asset Change Tracker (5.5.13.1)
2025-03-08 20:47:04,621 - root - INFO - Token Token-419 waiting for resource 'Tech' at 2025-03-18 10:55:28.816612
2025-03-08 20:47:04,621 - root - INFO - Token Token-420 started task 'Monthly' at 2025-03-18 11:01:31.386029, scheduled to end at 2025-03-18 11:01:31.386029 (processing time: 0.00 min)
2025-03-08 20:47:04,621 - root - INFO - Processing end event: Token Token-420 at node Monthly (Unknown)
2025-03-08 20:47:04,622 - root - INFO - Token Token-420 completed task 'Monthly' at 2025-03-18 11:01:31.386029.
2025-03-08 20:47:04,622 - root - INFO - Next nodes for Monthly: ['Review AM using Asset Change Tracker (5.5.13.1)']
2025-03-08 20:47:04,622 - root - INFO - Scheduling direct next node Review AM using Asset Change Tracker (5.5.13.1)
2025-03-08 20:47:04,623 - root - INFO - Token Token-420 waiting for resource 'Tech' at 2025-03-18 11:01:31.386029
2025-03-08 20:47:04,623 - root - INFO - Token Token-421 started task 'Monthly' at 2025-03-18 11:06:35.165297, scheduled to end at 2025-03-18 11:06:35.165297 (processing time: 0.00 min)
2025-03-08 20:47:04,623 - root - INFO - Processing end event: Token Token-421 at node Monthly (Unknown)
2025-03-08 20:47:04,624 - root - INFO - Token Token-421 completed task 'Monthly' at 2025-03-18 11:06:35.165297.
2025-03-08 20:47:04,624 - root - INFO - Next nodes for Monthly: ['Review AM using Asset Change Tracker (5.5.13.1)']
2025-03-08 20:47:04,624 - root - INFO - Scheduling direct next node Review AM using Asset Change Tracker (5.5.13.1)
2025-03-08 20:47:04,625 - root - INFO - Token Token-421 waiting for resource 'Tech' at 2025-03-18 11:06:35.165297
2025-03-08 20:47:04,625 - root - INFO - Token Token-422 started task 'Monthly' at 2025-03-18 11:11:29.440594, scheduled to end at 2025-03-18 11:11:29.440594 (processing time: 0.00 min)
2025-03-08 20:47:04,625 - root - INFO - Processing end event: Token Token-422 at node Monthly (Unknown)
2025-03-08 20:47:04,626 - root - INFO - Token Token-422 completed task 'Monthly' at 2025-03-18 11:11:29.440594.
2025-03-08 20:47:04,626 - root - INFO - Next nodes for Monthly: ['Review AM using Asset Change Tracker (5.5.13.1)']
2025-03-08 20:47:04,627 - root - INFO - Scheduling direct next node Review AM using Asset Change Tracker (5.5.13.1)
2025-03-08 20:47:04,627 - root - INFO - Token Token-422 waiting for resource 'Tech' at 2025-03-18 11:11:29.440594
2025-03-08 20:47:04,627 - root - INFO - Token Token-423 started task 'Monthly' at 2025-03-18 11:16:27.365651, scheduled to end at 2025-03-18 11:16:27.365651 (processing time: 0.00 min)
2025-03-08 20:47:04,629 - root - INFO - Processing end event: Token Token-423 at node Monthly (Unknown)
2025-03-08 20:47:04,629 - root - INFO - Token Token-423 completed task 'Monthly' at 2025-03-18 11:16:27.365651.
2025-03-08 20:47:04,629 - root - INFO - Next nodes for Monthly: ['Review AM using Asset Change Tracker (5.5.13.1)']
2025-03-08 20:47:04,629 - root - INFO - Scheduling direct next node Review AM using Asset Change Tracker (5.5.13.1)
2025-03-08 20:47:04,630 - root - INFO - Token Token-423 waiting for resource 'Tech' at 2025-03-18 11:16:27.365651
2025-03-08 20:47:04,631 - root - INFO - Token Token-424 started task 'Monthly' at 2025-03-18 11:21:23.667018, scheduled to end at 2025-03-18 11:21:23.667018 (processing time: 0.00 min)
2025-03-08 20:47:04,631 - root - INFO - Processing end event: Token Token-424 at node Monthly (Unknown)
2025-03-08 20:47:04,631 - root - INFO - Token Token-424 completed task 'Monthly' at 2025-03-18 11:21:23.667018.
2025-03-08 20:47:04,632 - root - INFO - Next nodes for Monthly: ['Review AM using Asset Change Tracker (5.5.13.1)']
2025-03-08 20:47:04,632 - root - INFO - Scheduling direct next node Review AM using Asset Change Tracker (5.5.13.1)
2025-03-08 20:47:04,632 - root - INFO - Token Token-424 waiting for resource 'Tech' at 2025-03-18 11:21:23.667018
2025-03-08 20:47:04,632 - root - INFO - Token Token-425 started task 'Monthly' at 2025-03-18 11:26:57.731161, scheduled to end at 2025-03-18 11:26:57.731161 (processing time: 0.00 min)
2025-03-08 20:47:04,632 - root - INFO - Processing end event: Token Token-425 at node Monthly (Unknown)
2025-03-08 20:47:04,632 - root - INFO - Token Token-425 completed task 'Monthly' at 2025-03-18 11:26:57.731161.
2025-03-08 20:47:04,632 - root - INFO - Next nodes for Monthly: ['Review AM using Asset Change Tracker (5.5.13.1)']
2025-03-08 20:47:04,632 - root - INFO - Scheduling direct next node Review AM using Asset Change Tracker (5.5.13.1)
2025-03-08 20:47:04,634 - root - INFO - Token Token-425 waiting for resource 'Tech' at 2025-03-18 11:26:57.731161
2025-03-08 20:47:04,634 - root - INFO - Token Token-426 started task 'Monthly' at 2025-03-18 11:33:15.718578, scheduled to end at 2025-03-18 11:33:15.718578 (processing time: 0.00 min)
2025-03-08 20:47:04,635 - root - INFO - Processing end event: Token Token-426 at node Monthly (Unknown)
2025-03-08 20:47:04,635 - root - INFO - Token Token-426 completed task 'Monthly' at 2025-03-18 11:33:15.718578.
2025-03-08 20:47:04,635 - root - INFO - Next nodes for Monthly: ['Review AM using Asset Change Tracker (5.5.13.1)']
2025-03-08 20:47:04,635 - root - INFO - Scheduling direct next node Review AM using Asset Change Tracker (5.5.13.1)
2025-03-08 20:47:04,636 - root - INFO - Token Token-426 waiting for resource 'Tech' at 2025-03-18 11:33:15.718578
2025-03-08 20:47:04,636 - root - INFO - Token Token-427 started task 'Monthly' at 2025-03-18 11:39:21.775478, scheduled to end at 2025-03-18 11:39:21.775478 (processing time: 0.00 min)
2025-03-08 20:47:04,636 - root - INFO - Processing end event: Token Token-427 at node Monthly (Unknown)
2025-03-08 20:47:04,636 - root - INFO - Token Token-427 completed task 'Monthly' at 2025-03-18 11:39:21.775478.
2025-03-08 20:47:04,636 - root - INFO - Next nodes for Monthly: ['Review AM using Asset Change Tracker (5.5.13.1)']
2025-03-08 20:47:04,637 - root - INFO - Scheduling direct next node Review AM using Asset Change Tracker (5.5.13.1)
2025-03-08 20:47:04,637 - root - INFO - Token Token-427 waiting for resource 'Tech' at 2025-03-18 11:39:21.775478
2025-03-08 20:47:04,637 - root - INFO - Token Token-428 started task 'Monthly' at 2025-03-18 11:44:38.912635, scheduled to end at 2025-03-18 11:44:38.912635 (processing time: 0.00 min)
2025-03-08 20:47:04,637 - root - INFO - Processing end event: Token Token-428 at node Monthly (Unknown)
2025-03-08 20:47:04,638 - root - INFO - Token Token-428 completed task 'Monthly' at 2025-03-18 11:44:38.912635.
2025-03-08 20:47:04,638 - root - INFO - Next nodes for Monthly: ['Review AM using Asset Change Tracker (5.5.13.1)']
2025-03-08 20:47:04,638 - root - INFO - Scheduling direct next node Review AM using Asset Change Tracker (5.5.13.1)
2025-03-08 20:47:04,638 - root - INFO - Token Token-428 waiting for resource 'Tech' at 2025-03-18 11:44:38.912635
2025-03-08 20:47:04,638 - root - INFO - Token Token-429 started task 'Monthly' at 2025-03-18 11:50:19.939906, scheduled to end at 2025-03-18 11:50:19.939906 (processing time: 0.00 min)
2025-03-08 20:47:04,639 - root - INFO - Processing end event: Token Token-429 at node Monthly (Unknown)
2025-03-08 20:47:04,639 - root - INFO - Token Token-429 completed task 'Monthly' at 2025-03-18 11:50:19.939906.
2025-03-08 20:47:04,639 - root - INFO - Next nodes for Monthly: ['Review AM using Asset Change Tracker (5.5.13.1)']
2025-03-08 20:47:04,639 - root - INFO - Scheduling direct next node Review AM using Asset Change Tracker (5.5.13.1)
2025-03-08 20:47:04,639 - root - INFO - Token Token-429 waiting for resource 'Tech' at 2025-03-18 11:50:19.939906
2025-03-08 20:47:04,640 - root - INFO - Token Token-430 started task 'Monthly' at 2025-03-18 11:55:31.570054, scheduled to end at 2025-03-18 11:55:31.570054 (processing time: 0.00 min)
2025-03-08 20:47:04,641 - root - INFO - Processing end event: Token Token-430 at node Monthly (Unknown)
2025-03-08 20:47:04,641 - root - INFO - Token Token-430 completed task 'Monthly' at 2025-03-18 11:55:31.570054.
2025-03-08 20:47:04,641 - root - INFO - Next nodes for Monthly: ['Review AM using Asset Change Tracker (5.5.13.1)']
2025-03-08 20:47:04,641 - root - INFO - Scheduling direct next node Review AM using Asset Change Tracker (5.5.13.1)
2025-03-08 20:47:04,642 - root - INFO - Token Token-430 waiting for resource 'Tech' at 2025-03-18 11:55:31.570054
2025-03-08 20:47:04,642 - root - INFO - Token Token-431 started task 'Monthly' at 2025-03-18 12:01:25.344187, scheduled to end at 2025-03-18 12:01:25.344187 (processing time: 0.00 min)
2025-03-08 20:47:04,642 - root - INFO - Processing end event: Token Token-431 at node Monthly (Unknown)
2025-03-08 20:47:04,642 - root - INFO - Token Token-431 completed task 'Monthly' at 2025-03-18 12:01:25.344187.
2025-03-08 20:47:04,643 - root - INFO - Next nodes for Monthly: ['Review AM using Asset Change Tracker (5.5.13.1)']
2025-03-08 20:47:04,643 - root - INFO - Scheduling direct next node Review AM using Asset Change Tracker (5.5.13.1)
2025-03-08 20:47:04,643 - root - INFO - Token Token-431 waiting for resource 'Tech' at 2025-03-18 12:01:25.344187
2025-03-08 20:47:04,643 - root - INFO - Token Token-432 started task 'Monthly' at 2025-03-18 12:07:18.293705, scheduled to end at 2025-03-18 12:07:18.293705 (processing time: 0.00 min)
2025-03-08 20:47:04,643 - root - INFO - Processing end event: Token Token-432 at node Monthly (Unknown)
2025-03-08 20:47:04,644 - root - INFO - Token Token-432 completed task 'Monthly' at 2025-03-18 12:07:18.293705.
2025-03-08 20:47:04,644 - root - INFO - Next nodes for Monthly: ['Review AM using Asset Change Tracker (5.5.13.1)']
2025-03-08 20:47:04,644 - root - INFO - Scheduling direct next node Review AM using Asset Change Tracker (5.5.13.1)
2025-03-08 20:47:04,644 - root - INFO - Token Token-432 waiting for resource 'Tech' at 2025-03-18 12:07:18.293705
2025-03-08 20:47:04,644 - root - INFO - Token Token-433 started task 'Monthly' at 2025-03-18 12:13:22.466527, scheduled to end at 2025-03-18 12:13:22.466527 (processing time: 0.00 min)
2025-03-08 20:47:04,645 - root - INFO - Processing end event: Token Token-433 at node Monthly (Unknown)
2025-03-08 20:47:04,645 - root - INFO - Token Token-433 completed task 'Monthly' at 2025-03-18 12:13:22.466527.
2025-03-08 20:47:04,645 - root - INFO - Next nodes for Monthly: ['Review AM using Asset Change Tracker (5.5.13.1)']
2025-03-08 20:47:04,645 - root - INFO - Scheduling direct next node Review AM using Asset Change Tracker (5.5.13.1)
2025-03-08 20:47:04,645 - root - INFO - Token Token-433 waiting for resource 'Tech' at 2025-03-18 12:13:22.466527
2025-03-08 20:47:04,645 - root - INFO - Token Token-434 started task 'Monthly' at 2025-03-18 12:18:30.008205, scheduled to end at 2025-03-18 12:18:30.008205 (processing time: 0.00 min)
2025-03-08 20:47:04,646 - root - INFO - Processing end event: Token Token-434 at node Monthly (Unknown)
2025-03-08 20:47:04,646 - root - INFO - Token Token-434 completed task 'Monthly' at 2025-03-18 12:18:30.008205.
2025-03-08 20:47:04,647 - root - INFO - Next nodes for Monthly: ['Review AM using Asset Change Tracker (5.5.13.1)']
2025-03-08 20:47:04,647 - root - INFO - Scheduling direct next node Review AM using Asset Change Tracker (5.5.13.1)
2025-03-08 20:47:04,647 - root - INFO - Token Token-434 waiting for resource 'Tech' at 2025-03-18 12:18:30.008205
2025-03-08 20:47:04,648 - root - INFO - Token Token-435 started task 'Monthly' at 2025-03-18 12:24:54.013821, scheduled to end at 2025-03-18 12:24:54.013821 (processing time: 0.00 min)
2025-03-08 20:47:04,648 - root - INFO - Processing end event: Token Token-435 at node Monthly (Unknown)
2025-03-08 20:47:04,648 - root - INFO - Token Token-435 completed task 'Monthly' at 2025-03-18 12:24:54.013821.
2025-03-08 20:47:04,649 - root - INFO - Next nodes for Monthly: ['Review AM using Asset Change Tracker (5.5.13.1)']
2025-03-08 20:47:04,649 - root - INFO - Scheduling direct next node Review AM using Asset Change Tracker (5.5.13.1)
2025-03-08 20:47:04,649 - root - INFO - Token Token-435 waiting for resource 'Tech' at 2025-03-18 12:24:54.013821
2025-03-08 20:47:04,650 - root - INFO - Token Token-436 started task 'Monthly' at 2025-03-18 12:30:33.710127, scheduled to end at 2025-03-18 12:30:33.710127 (processing time: 0.00 min)
2025-03-08 20:47:04,651 - root - INFO - Processing end event: Token Token-436 at node Monthly (Unknown)
2025-03-08 20:47:04,653 - root - INFO - Token Token-436 completed task 'Monthly' at 2025-03-18 12:30:33.710127.
2025-03-08 20:47:04,654 - root - INFO - Next nodes for Monthly: ['Review AM using Asset Change Tracker (5.5.13.1)']
2025-03-08 20:47:04,678 - root - INFO - Scheduling direct next node Review AM using Asset Change Tracker (5.5.13.1)
2025-03-08 20:47:04,678 - root - INFO - Token Token-436 waiting for resource 'Tech' at 2025-03-18 12:30:33.710127
2025-03-08 20:47:04,679 - root - INFO - Token Token-437 started task 'Monthly' at 2025-03-18 12:35:49.993721, scheduled to end at 2025-03-18 12:35:49.993721 (processing time: 0.00 min)
2025-03-08 20:47:04,679 - root - INFO - Processing end event: Token Token-437 at node Monthly (Unknown)
2025-03-08 20:47:04,679 - root - INFO - Token Token-437 completed task 'Monthly' at 2025-03-18 12:35:49.993721.
2025-03-08 20:47:04,680 - root - INFO - Next nodes for Monthly: ['Review AM using Asset Change Tracker (5.5.13.1)']
2025-03-08 20:47:04,680 - root - INFO - Scheduling direct next node Review AM using Asset Change Tracker (5.5.13.1)
2025-03-08 20:47:04,681 - root - INFO - Token Token-437 waiting for resource 'Tech' at 2025-03-18 12:35:49.993721
2025-03-08 20:47:04,681 - root - INFO - Token Token-438 started task 'Monthly' at 2025-03-18 12:41:40.815008, scheduled to end at 2025-03-18 12:41:40.815008 (processing time: 0.00 min)
2025-03-08 20:47:04,681 - root - INFO - Processing end event: Token Token-438 at node Monthly (Unknown)
2025-03-08 20:47:04,682 - root - INFO - Token Token-438 completed task 'Monthly' at 2025-03-18 12:41:40.815008.
2025-03-08 20:47:04,682 - root - INFO - Next nodes for Monthly: ['Review AM using Asset Change Tracker (5.5.13.1)']
2025-03-08 20:47:04,682 - root - INFO - Scheduling direct next node Review AM using Asset Change Tracker (5.5.13.1)
2025-03-08 20:47:04,683 - root - INFO - Token Token-438 waiting for resource 'Tech' at 2025-03-18 12:41:40.815008
2025-03-08 20:47:04,684 - root - INFO - Token Token-439 started task 'Monthly' at 2025-03-18 12:48:06.227155, scheduled to end at 2025-03-18 12:48:06.227155 (processing time: 0.00 min)
2025-03-08 20:47:04,685 - root - INFO - Processing end event: Token Token-439 at node Monthly (Unknown)
2025-03-08 20:47:04,686 - root - INFO - Token Token-439 completed task 'Monthly' at 2025-03-18 12:48:06.227155.
2025-03-08 20:47:04,686 - root - INFO - Next nodes for Monthly: ['Review AM using Asset Change Tracker (5.5.13.1)']
2025-03-08 20:47:04,686 - root - INFO - Scheduling direct next node Review AM using Asset Change Tracker (5.5.13.1)
2025-03-08 20:47:04,687 - root - INFO - Token Token-439 waiting for resource 'Tech' at 2025-03-18 12:48:06.227155
2025-03-08 20:47:04,687 - root - INFO - Token Token-440 started task 'Monthly' at 2025-03-18 12:53:13.797137, scheduled to end at 2025-03-18 12:53:13.797137 (processing time: 0.00 min)
2025-03-08 20:47:04,688 - root - INFO - Processing end event: Token Token-440 at node Monthly (Unknown)
2025-03-08 20:47:04,688 - root - INFO - Token Token-440 completed task 'Monthly' at 2025-03-18 12:53:13.797137.
2025-03-08 20:47:04,688 - root - INFO - Next nodes for Monthly: ['Review AM using Asset Change Tracker (5.5.13.1)']
2025-03-08 20:47:04,689 - root - INFO - Scheduling direct next node Review AM using Asset Change Tracker (5.5.13.1)
2025-03-08 20:47:04,689 - root - INFO - Token Token-440 waiting for resource 'Tech' at 2025-03-18 12:53:13.797137
2025-03-08 20:47:04,689 - root - INFO - Token Token-441 started task 'Monthly' at 2025-03-18 12:59:27.515178, scheduled to end at 2025-03-18 12:59:27.515178 (processing time: 0.00 min)
2025-03-08 20:47:04,690 - root - INFO - Processing end event: Token Token-441 at node Monthly (Unknown)
2025-03-08 20:47:04,690 - root - INFO - Token Token-441 completed task 'Monthly' at 2025-03-18 12:59:27.515178.
2025-03-08 20:47:04,690 - root - INFO - Next nodes for Monthly: ['Review AM using Asset Change Tracker (5.5.13.1)']
2025-03-08 20:47:04,691 - root - INFO - Scheduling direct next node Review AM using Asset Change Tracker (5.5.13.1)
2025-03-08 20:47:04,691 - root - INFO - Token Token-441 waiting for resource 'Tech' at 2025-03-18 12:59:27.515178
2025-03-08 20:47:04,692 - root - INFO - Token Token-442 started task 'Monthly' at 2025-03-18 13:05:34.059920, scheduled to end at 2025-03-18 13:05:34.059920 (processing time: 0.00 min)
2025-03-08 20:47:04,692 - root - INFO - Processing end event: Token Token-442 at node Monthly (Unknown)
2025-03-08 20:47:04,692 - root - INFO - Token Token-442 completed task 'Monthly' at 2025-03-18 13:05:34.059920.
2025-03-08 20:47:04,693 - root - INFO - Next nodes for Monthly: ['Review AM using Asset Change Tracker (5.5.13.1)']
2025-03-08 20:47:04,693 - root - INFO - Scheduling direct next node Review AM using Asset Change Tracker (5.5.13.1)
2025-03-08 20:47:04,693 - root - INFO - Token Token-442 waiting for resource 'Tech' at 2025-03-18 13:05:34.059920
2025-03-08 20:47:04,693 - root - INFO - Token Token-443 started task 'Monthly' at 2025-03-18 13:11:35.025832, scheduled to end at 2025-03-18 13:11:35.025832 (processing time: 0.00 min)
2025-03-08 20:47:04,693 - root - INFO - Processing end event: Token Token-443 at node Monthly (Unknown)
2025-03-08 20:47:04,693 - root - INFO - Token Token-443 completed task 'Monthly' at 2025-03-18 13:11:35.025832.
2025-03-08 20:47:04,693 - root - INFO - Next nodes for Monthly: ['Review AM using Asset Change Tracker (5.5.13.1)']
2025-03-08 20:47:04,695 - root - INFO - Scheduling direct next node Review AM using Asset Change Tracker (5.5.13.1)
2025-03-08 20:47:04,695 - root - INFO - Token Token-443 waiting for resource 'Tech' at 2025-03-18 13:11:35.025832
2025-03-08 20:47:04,695 - root - INFO - Token Token-444 started task 'Monthly' at 2025-03-18 13:17:52.218606, scheduled to end at 2025-03-18 13:17:52.218606 (processing time: 0.00 min)
2025-03-08 20:47:04,695 - root - INFO - Processing end event: Token Token-444 at node Monthly (Unknown)
2025-03-08 20:47:04,695 - root - INFO - Token Token-444 completed task 'Monthly' at 2025-03-18 13:17:52.218606.
2025-03-08 20:47:04,695 - root - INFO - Next nodes for Monthly: ['Review AM using Asset Change Tracker (5.5.13.1)']
2025-03-08 20:47:04,695 - root - INFO - Scheduling direct next node Review AM using Asset Change Tracker (5.5.13.1)
2025-03-08 20:47:04,696 - root - INFO - Token Token-444 waiting for resource 'Tech' at 2025-03-18 13:17:52.218606
2025-03-08 20:47:04,696 - root - INFO - Token Token-445 started task 'Monthly' at 2025-03-18 13:24:10.344900, scheduled to end at 2025-03-18 13:24:10.344900 (processing time: 0.00 min)
2025-03-08 20:47:04,697 - root - INFO - Processing end event: Token Token-445 at node Monthly (Unknown)
2025-03-08 20:47:04,697 - root - INFO - Token Token-445 completed task 'Monthly' at 2025-03-18 13:24:10.344900.
2025-03-08 20:47:04,697 - root - INFO - Next nodes for Monthly: ['Review AM using Asset Change Tracker (5.5.13.1)']
2025-03-08 20:47:04,697 - root - INFO - Scheduling direct next node Review AM using Asset Change Tracker (5.5.13.1)
2025-03-08 20:47:04,697 - root - INFO - Token Token-445 waiting for resource 'Tech' at 2025-03-18 13:24:10.344900
2025-03-08 20:47:04,698 - root - INFO - Token Token-446 started task 'Monthly' at 2025-03-18 13:30:29.323861, scheduled to end at 2025-03-18 13:30:29.323861 (processing time: 0.00 min)
2025-03-08 20:47:04,698 - root - INFO - Processing end event: Token Token-446 at node Monthly (Unknown)
2025-03-08 20:47:04,698 - root - INFO - Token Token-446 completed task 'Monthly' at 2025-03-18 13:30:29.323861.
2025-03-08 20:47:04,698 - root - INFO - Next nodes for Monthly: ['Review AM using Asset Change Tracker (5.5.13.1)']
2025-03-08 20:47:04,698 - root - INFO - Scheduling direct next node Review AM using Asset Change Tracker (5.5.13.1)
2025-03-08 20:47:04,699 - root - INFO - Token Token-446 waiting for resource 'Tech' at 2025-03-18 13:30:29.323861
2025-03-08 20:47:04,699 - root - INFO - Token Token-447 started task 'Monthly' at 2025-03-18 13:35:45.755737, scheduled to end at 2025-03-18 13:35:45.755737 (processing time: 0.00 min)
2025-03-08 20:47:04,699 - root - INFO - Processing end event: Token Token-447 at node Monthly (Unknown)
2025-03-08 20:47:04,699 - root - INFO - Token Token-447 completed task 'Monthly' at 2025-03-18 13:35:45.755737.
2025-03-08 20:47:04,700 - root - INFO - Next nodes for Monthly: ['Review AM using Asset Change Tracker (5.5.13.1)']
2025-03-08 20:47:04,700 - root - INFO - Scheduling direct next node Review AM using Asset Change Tracker (5.5.13.1)
2025-03-08 20:47:04,700 - root - INFO - Token Token-447 waiting for resource 'Tech' at 2025-03-18 13:35:45.755737
2025-03-08 20:47:04,700 - root - INFO - Token Token-448 started task 'Monthly' at 2025-03-18 13:41:05.963241, scheduled to end at 2025-03-18 13:41:05.963241 (processing time: 0.00 min)
2025-03-08 20:47:04,700 - root - INFO - Processing end event: Token Token-448 at node Monthly (Unknown)
2025-03-08 20:47:04,701 - root - INFO - Token Token-448 completed task 'Monthly' at 2025-03-18 13:41:05.963241.
2025-03-08 20:47:04,701 - root - INFO - Next nodes for Monthly: ['Review AM using Asset Change Tracker (5.5.13.1)']
2025-03-08 20:47:04,701 - root - INFO - Scheduling direct next node Review AM using Asset Change Tracker (5.5.13.1)
2025-03-08 20:47:04,701 - root - INFO - Token Token-448 waiting for resource 'Tech' at 2025-03-18 13:41:05.963241
2025-03-08 20:47:04,702 - root - INFO - Token Token-449 started task 'Monthly' at 2025-03-18 13:46:46.674742, scheduled to end at 2025-03-18 13:46:46.674742 (processing time: 0.00 min)
2025-03-08 20:47:04,702 - root - INFO - Processing end event: Token Token-449 at node Monthly (Unknown)
2025-03-08 20:47:04,702 - root - INFO - Token Token-449 completed task 'Monthly' at 2025-03-18 13:46:46.674742.
2025-03-08 20:47:04,702 - root - INFO - Next nodes for Monthly: ['Review AM using Asset Change Tracker (5.5.13.1)']
2025-03-08 20:47:04,702 - root - INFO - Scheduling direct next node Review AM using Asset Change Tracker (5.5.13.1)
2025-03-08 20:47:04,703 - root - INFO - Token Token-449 waiting for resource 'Tech' at 2025-03-18 13:46:46.674742
2025-03-08 20:47:04,703 - root - INFO - Token Token-450 started task 'Monthly' at 2025-03-18 13:51:48.596243, scheduled to end at 2025-03-18 13:51:48.596243 (processing time: 0.00 min)
2025-03-08 20:47:04,703 - root - INFO - Processing end event: Token Token-450 at node Monthly (Unknown)
2025-03-08 20:47:04,703 - root - INFO - Token Token-450 completed task 'Monthly' at 2025-03-18 13:51:48.596243.
2025-03-08 20:47:04,704 - root - INFO - Next nodes for Monthly: ['Review AM using Asset Change Tracker (5.5.13.1)']
2025-03-08 20:47:04,704 - root - INFO - Scheduling direct next node Review AM using Asset Change Tracker (5.5.13.1)
2025-03-08 20:47:04,704 - root - INFO - Token Token-450 waiting for resource 'Tech' at 2025-03-18 13:51:48.596243
2025-03-08 20:47:04,704 - root - INFO - Token Token-451 started task 'Monthly' at 2025-03-18 13:57:23.188865, scheduled to end at 2025-03-18 13:57:23.188865 (processing time: 0.00 min)
2025-03-08 20:47:04,704 - root - INFO - Processing end event: Token Token-451 at node Monthly (Unknown)
2025-03-08 20:47:04,705 - root - INFO - Token Token-451 completed task 'Monthly' at 2025-03-18 13:57:23.188865.
2025-03-08 20:47:04,705 - root - INFO - Next nodes for Monthly: ['Review AM using Asset Change Tracker (5.5.13.1)']
2025-03-08 20:47:04,705 - root - INFO - Scheduling direct next node Review AM using Asset Change Tracker (5.5.13.1)
2025-03-08 20:47:04,705 - root - INFO - Token Token-451 waiting for resource 'Tech' at 2025-03-18 13:57:23.188865
2025-03-08 20:47:04,705 - root - INFO - Token Token-452 started task 'Monthly' at 2025-03-19 08:00:00, scheduled to end at 2025-03-19 08:00:00 (processing time: 0.00 min)
2025-03-08 20:47:04,706 - root - INFO - Processing end event: Token Token-452 at node Monthly (Unknown)
2025-03-08 20:47:04,706 - root - INFO - Token Token-452 completed task 'Monthly' at 2025-03-19 08:00:00.
2025-03-08 20:47:04,706 - root - INFO - Next nodes for Monthly: ['Review AM using Asset Change Tracker (5.5.13.1)']
2025-03-08 20:47:04,706 - root - INFO - Scheduling direct next node Review AM using Asset Change Tracker (5.5.13.1)
2025-03-08 20:47:04,706 - root - INFO - Token Token-452 waiting for resource 'Tech' at 2025-03-19 08:00:00
2025-03-08 20:47:04,707 - root - INFO - Token Token-453 started task 'Monthly' at 2025-03-19 08:06:24.701965, scheduled to end at 2025-03-19 08:06:24.701965 (processing time: 0.00 min)
2025-03-08 20:47:04,707 - root - INFO - Processing end event: Token Token-453 at node Monthly (Unknown)
2025-03-08 20:47:04,707 - root - INFO - Token Token-453 completed task 'Monthly' at 2025-03-19 08:06:24.701965.
2025-03-08 20:47:04,707 - root - INFO - Next nodes for Monthly: ['Review AM using Asset Change Tracker (5.5.13.1)']
2025-03-08 20:47:04,708 - root - INFO - Scheduling direct next node Review AM using Asset Change Tracker (5.5.13.1)
2025-03-08 20:47:04,708 - root - INFO - Token Token-453 waiting for resource 'Tech' at 2025-03-19 08:06:24.701965
2025-03-08 20:47:04,708 - root - INFO - Token Token-454 started task 'Monthly' at 2025-03-19 08:11:06.239277, scheduled to end at 2025-03-19 08:11:06.239277 (processing time: 0.00 min)
2025-03-08 20:47:04,708 - root - INFO - Processing end event: Token Token-454 at node Monthly (Unknown)
2025-03-08 20:47:04,708 - root - INFO - Token Token-454 completed task 'Monthly' at 2025-03-19 08:11:06.239277.
2025-03-08 20:47:04,708 - root - INFO - Next nodes for Monthly: ['Review AM using Asset Change Tracker (5.5.13.1)']
2025-03-08 20:47:04,711 - root - INFO - Scheduling direct next node Review AM using Asset Change Tracker (5.5.13.1)
2025-03-08 20:47:04,713 - root - INFO - Token Token-454 waiting for resource 'Tech' at 2025-03-19 08:11:06.239277
2025-03-08 20:47:04,713 - root - INFO - Token Token-455 started task 'Monthly' at 2025-03-19 08:17:14.595318, scheduled to end at 2025-03-19 08:17:14.595318 (processing time: 0.00 min)
2025-03-08 20:47:04,714 - root - INFO - Processing end event: Token Token-455 at node Monthly (Unknown)
2025-03-08 20:47:04,740 - root - INFO - Token Token-455 completed task 'Monthly' at 2025-03-19 08:17:14.595318.
2025-03-08 20:47:04,743 - root - INFO - Next nodes for Monthly: ['Review AM using Asset Change Tracker (5.5.13.1)']
2025-03-08 20:47:04,744 - root - INFO - Scheduling direct next node Review AM using Asset Change Tracker (5.5.13.1)
2025-03-08 20:47:04,745 - root - INFO - Token Token-455 waiting for resource 'Tech' at 2025-03-19 08:17:14.595318
2025-03-08 20:47:04,745 - root - INFO - Token Token-456 started task 'Monthly' at 2025-03-19 08:21:30.846397, scheduled to end at 2025-03-19 08:21:30.846397 (processing time: 0.00 min)
2025-03-08 20:47:04,746 - root - INFO - Processing end event: Token Token-456 at node Monthly (Unknown)
2025-03-08 20:47:04,746 - root - INFO - Token Token-456 completed task 'Monthly' at 2025-03-19 08:21:30.846397.
2025-03-08 20:47:04,746 - root - INFO - Next nodes for Monthly: ['Review AM using Asset Change Tracker (5.5.13.1)']
2025-03-08 20:47:04,747 - root - INFO - Scheduling direct next node Review AM using Asset Change Tracker (5.5.13.1)
2025-03-08 20:47:04,747 - root - INFO - Token Token-456 waiting for resource 'Tech' at 2025-03-19 08:21:30.846397
2025-03-08 20:47:04,747 - root - INFO - Token Token-457 started task 'Monthly' at 2025-03-19 08:27:57.601947, scheduled to end at 2025-03-19 08:27:57.601947 (processing time: 0.00 min)
2025-03-08 20:47:04,748 - root - INFO - Processing end event: Token Token-457 at node Monthly (Unknown)
2025-03-08 20:47:04,748 - root - INFO - Token Token-457 completed task 'Monthly' at 2025-03-19 08:27:57.601947.
2025-03-08 20:47:04,748 - root - INFO - Next nodes for Monthly: ['Review AM using Asset Change Tracker (5.5.13.1)']
2025-03-08 20:47:04,749 - root - INFO - Scheduling direct next node Review AM using Asset Change Tracker (5.5.13.1)
2025-03-08 20:47:04,751 - root - INFO - Token Token-457 waiting for resource 'Tech' at 2025-03-19 08:27:57.601947
2025-03-08 20:47:04,751 - root - INFO - Token Token-458 started task 'Monthly' at 2025-03-19 08:34:06.264899, scheduled to end at 2025-03-19 08:34:06.264899 (processing time: 0.00 min)
2025-03-08 20:47:04,751 - root - INFO - Processing end event: Token Token-458 at node Monthly (Unknown)
2025-03-08 20:47:04,752 - root - INFO - Token Token-458 completed task 'Monthly' at 2025-03-19 08:34:06.264899.
2025-03-08 20:47:04,752 - root - INFO - Next nodes for Monthly: ['Review AM using Asset Change Tracker (5.5.13.1)']
2025-03-08 20:47:04,752 - root - INFO - Scheduling direct next node Review AM using Asset Change Tracker (5.5.13.1)
2025-03-08 20:47:04,753 - root - INFO - Token Token-458 waiting for resource 'Tech' at 2025-03-19 08:34:06.264899
2025-03-08 20:47:04,753 - root - INFO - Token Token-459 started task 'Monthly' at 2025-03-19 08:39:53.541358, scheduled to end at 2025-03-19 08:39:53.541358 (processing time: 0.00 min)
2025-03-08 20:47:04,753 - root - INFO - Processing end event: Token Token-459 at node Monthly (Unknown)
2025-03-08 20:47:04,753 - root - INFO - Token Token-459 completed task 'Monthly' at 2025-03-19 08:39:53.541358.
2025-03-08 20:47:04,754 - root - INFO - Next nodes for Monthly: ['Review AM using Asset Change Tracker (5.5.13.1)']
2025-03-08 20:47:04,754 - root - INFO - Scheduling direct next node Review AM using Asset Change Tracker (5.5.13.1)
2025-03-08 20:47:04,754 - root - INFO - Token Token-459 waiting for resource 'Tech' at 2025-03-19 08:39:53.541358
2025-03-08 20:47:04,754 - root - INFO - Token Token-460 started task 'Monthly' at 2025-03-19 08:45:27.499173, scheduled to end at 2025-03-19 08:45:27.499173 (processing time: 0.00 min)
2025-03-08 20:47:04,756 - root - INFO - Processing end event: Token Token-460 at node Monthly (Unknown)
2025-03-08 20:47:04,756 - root - INFO - Token Token-460 completed task 'Monthly' at 2025-03-19 08:45:27.499173.
2025-03-08 20:47:04,756 - root - INFO - Next nodes for Monthly: ['Review AM using Asset Change Tracker (5.5.13.1)']
2025-03-08 20:47:04,756 - root - INFO - Scheduling direct next node Review AM using Asset Change Tracker (5.5.13.1)
2025-03-08 20:47:04,756 - root - INFO - Token Token-460 waiting for resource 'Tech' at 2025-03-19 08:45:27.499173
2025-03-08 20:47:04,756 - root - INFO - Token Token-461 started task 'Monthly' at 2025-03-19 08:51:21.744921, scheduled to end at 2025-03-19 08:51:21.744921 (processing time: 0.00 min)
2025-03-08 20:47:04,756 - root - INFO - Processing end event: Token Token-461 at node Monthly (Unknown)
2025-03-08 20:47:04,757 - root - INFO - Token Token-461 completed task 'Monthly' at 2025-03-19 08:51:21.744921.
2025-03-08 20:47:04,758 - root - INFO - Next nodes for Monthly: ['Review AM using Asset Change Tracker (5.5.13.1)']
2025-03-08 20:47:04,758 - root - INFO - Scheduling direct next node Review AM using Asset Change Tracker (5.5.13.1)
2025-03-08 20:47:04,758 - root - INFO - Token Token-461 waiting for resource 'Tech' at 2025-03-19 08:51:21.744921
2025-03-08 20:47:04,758 - root - INFO - Token Token-462 started task 'Monthly' at 2025-03-19 08:56:39.312711, scheduled to end at 2025-03-19 08:56:39.312711 (processing time: 0.00 min)
2025-03-08 20:47:04,758 - root - INFO - Processing end event: Token Token-462 at node Monthly (Unknown)
2025-03-08 20:47:04,758 - root - INFO - Token Token-462 completed task 'Monthly' at 2025-03-19 08:56:39.312711.
2025-03-08 20:47:04,759 - root - INFO - Next nodes for Monthly: ['Review AM using Asset Change Tracker (5.5.13.1)']
2025-03-08 20:47:04,759 - root - INFO - Scheduling direct next node Review AM using Asset Change Tracker (5.5.13.1)
2025-03-08 20:47:04,759 - root - INFO - Token Token-462 waiting for resource 'Tech' at 2025-03-19 08:56:39.312711
2025-03-08 20:47:04,759 - root - INFO - Token Token-463 started task 'Monthly' at 2025-03-19 09:02:11.535207, scheduled to end at 2025-03-19 09:02:11.535207 (processing time: 0.00 min)
2025-03-08 20:47:04,759 - root - INFO - Processing end event: Token Token-463 at node Monthly (Unknown)
2025-03-08 20:47:04,760 - root - INFO - Token Token-463 completed task 'Monthly' at 2025-03-19 09:02:11.535207.
2025-03-08 20:47:04,760 - root - INFO - Next nodes for Monthly: ['Review AM using Asset Change Tracker (5.5.13.1)']
2025-03-08 20:47:04,760 - root - INFO - Scheduling direct next node Review AM using Asset Change Tracker (5.5.13.1)
2025-03-08 20:47:04,760 - root - INFO - Token Token-463 waiting for resource 'Tech' at 2025-03-19 09:02:11.535207
2025-03-08 20:47:04,761 - root - INFO - Token Token-464 started task 'Monthly' at 2025-03-19 09:08:22.170945, scheduled to end at 2025-03-19 09:08:22.170945 (processing time: 0.00 min)
2025-03-08 20:47:04,761 - root - INFO - Processing end event: Token Token-464 at node Monthly (Unknown)
2025-03-08 20:47:04,761 - root - INFO - Token Token-464 completed task 'Monthly' at 2025-03-19 09:08:22.170945.
2025-03-08 20:47:04,761 - root - INFO - Next nodes for Monthly: ['Review AM using Asset Change Tracker (5.5.13.1)']
2025-03-08 20:47:04,761 - root - INFO - Scheduling direct next node Review AM using Asset Change Tracker (5.5.13.1)
2025-03-08 20:47:04,762 - root - INFO - Token Token-464 waiting for resource 'Tech' at 2025-03-19 09:08:22.170945
2025-03-08 20:47:04,762 - root - INFO - Token Token-465 started task 'Monthly' at 2025-03-19 09:13:50.368485, scheduled to end at 2025-03-19 09:13:50.368485 (processing time: 0.00 min)
2025-03-08 20:47:04,762 - root - INFO - Processing end event: Token Token-465 at node Monthly (Unknown)
2025-03-08 20:47:04,762 - root - INFO - Token Token-465 completed task 'Monthly' at 2025-03-19 09:13:50.368485.
2025-03-08 20:47:04,763 - root - INFO - Next nodes for Monthly: ['Review AM using Asset Change Tracker (5.5.13.1)']
2025-03-08 20:47:04,763 - root - INFO - Scheduling direct next node Review AM using Asset Change Tracker (5.5.13.1)
2025-03-08 20:47:04,763 - root - INFO - Token Token-465 waiting for resource 'Tech' at 2025-03-19 09:13:50.368485
2025-03-08 20:47:04,763 - root - INFO - Token Token-466 started task 'Monthly' at 2025-03-19 09:20:13.521222, scheduled to end at 2025-03-19 09:20:13.521222 (processing time: 0.00 min)
2025-03-08 20:47:04,764 - root - INFO - Processing end event: Token Token-466 at node Monthly (Unknown)
2025-03-08 20:47:04,764 - root - INFO - Token Token-466 completed task 'Monthly' at 2025-03-19 09:20:13.521222.
2025-03-08 20:47:04,764 - root - INFO - Next nodes for Monthly: ['Review AM using Asset Change Tracker (5.5.13.1)']
2025-03-08 20:47:04,764 - root - INFO - Scheduling direct next node Review AM using Asset Change Tracker (5.5.13.1)
2025-03-08 20:47:04,765 - root - INFO - Token Token-466 waiting for resource 'Tech' at 2025-03-19 09:20:13.521222
2025-03-08 20:47:04,765 - root - INFO - Token Token-467 started task 'Monthly' at 2025-03-19 09:26:30.343676, scheduled to end at 2025-03-19 09:26:30.343676 (processing time: 0.00 min)
2025-03-08 20:47:04,765 - root - INFO - Processing end event: Token Token-467 at node Monthly (Unknown)
2025-03-08 20:47:04,765 - root - INFO - Token Token-467 completed task 'Monthly' at 2025-03-19 09:26:30.343676.
2025-03-08 20:47:04,765 - root - INFO - Next nodes for Monthly: ['Review AM using Asset Change Tracker (5.5.13.1)']
2025-03-08 20:47:04,766 - root - INFO - Scheduling direct next node Review AM using Asset Change Tracker (5.5.13.1)
2025-03-08 20:47:04,766 - root - INFO - Token Token-467 waiting for resource 'Tech' at 2025-03-19 09:26:30.343676
2025-03-08 20:47:04,766 - root - INFO - Token Token-468 started task 'Monthly' at 2025-03-19 09:32:03.163911, scheduled to end at 2025-03-19 09:32:03.163911 (processing time: 0.00 min)
2025-03-08 20:47:04,766 - root - INFO - Processing end event: Token Token-468 at node Monthly (Unknown)
2025-03-08 20:47:04,767 - root - INFO - Token Token-468 completed task 'Monthly' at 2025-03-19 09:32:03.163911.
2025-03-08 20:47:04,767 - root - INFO - Next nodes for Monthly: ['Review AM using Asset Change Tracker (5.5.13.1)']
2025-03-08 20:47:04,768 - root - INFO - Scheduling direct next node Review AM using Asset Change Tracker (5.5.13.1)
2025-03-08 20:47:04,771 - root - INFO - Token Token-468 waiting for resource 'Tech' at 2025-03-19 09:32:03.163911
2025-03-08 20:47:04,790 - root - INFO - Token Token-469 started task 'Monthly' at 2025-03-19 09:36:32.141076, scheduled to end at 2025-03-19 09:36:32.141076 (processing time: 0.00 min)
2025-03-08 20:47:04,790 - root - INFO - Processing end event: Token Token-469 at node Monthly (Unknown)
2025-03-08 20:47:04,791 - root - INFO - Token Token-469 completed task 'Monthly' at 2025-03-19 09:36:32.141076.
2025-03-08 20:47:04,791 - root - INFO - Next nodes for Monthly: ['Review AM using Asset Change Tracker (5.5.13.1)']
2025-03-08 20:47:04,792 - root - INFO - Scheduling direct next node Review AM using Asset Change Tracker (5.5.13.1)
2025-03-08 20:47:04,792 - root - INFO - Token Token-469 waiting for resource 'Tech' at 2025-03-19 09:36:32.141076
2025-03-08 20:47:04,793 - root - INFO - Token Token-470 started task 'Monthly' at 2025-03-19 09:42:01.562252, scheduled to end at 2025-03-19 09:42:01.562252 (processing time: 0.00 min)
2025-03-08 20:47:04,793 - root - INFO - Processing end event: Token Token-470 at node Monthly (Unknown)
2025-03-08 20:47:04,794 - root - INFO - Token Token-470 completed task 'Monthly' at 2025-03-19 09:42:01.562252.
2025-03-08 20:47:04,794 - root - INFO - Next nodes for Monthly: ['Review AM using Asset Change Tracker (5.5.13.1)']
2025-03-08 20:47:04,795 - root - INFO - Scheduling direct next node Review AM using Asset Change Tracker (5.5.13.1)
2025-03-08 20:47:04,795 - root - INFO - Token Token-470 waiting for resource 'Tech' at 2025-03-19 09:42:01.562252
2025-03-08 20:47:04,795 - root - INFO - Token Token-471 started task 'Monthly' at 2025-03-19 09:48:25.492361, scheduled to end at 2025-03-19 09:48:25.492361 (processing time: 0.00 min)
2025-03-08 20:47:04,797 - root - INFO - Processing end event: Token Token-471 at node Monthly (Unknown)
2025-03-08 20:47:04,799 - root - INFO - Token Token-471 completed task 'Monthly' at 2025-03-19 09:48:25.492361.
2025-03-08 20:47:04,800 - root - INFO - Next nodes for Monthly: ['Review AM using Asset Change Tracker (5.5.13.1)']
2025-03-08 20:47:04,801 - root - INFO - Scheduling direct next node Review AM using Asset Change Tracker (5.5.13.1)
2025-03-08 20:47:04,801 - root - INFO - Token Token-471 waiting for resource 'Tech' at 2025-03-19 09:48:25.492361
2025-03-08 20:47:04,801 - root - INFO - Token Token-472 started task 'Monthly' at 2025-03-19 09:53:34.520974, scheduled to end at 2025-03-19 09:53:34.520974 (processing time: 0.00 min)
2025-03-08 20:47:04,802 - root - INFO - Processing end event: Token Token-472 at node Monthly (Unknown)
2025-03-08 20:47:04,802 - root - INFO - Token Token-472 completed task 'Monthly' at 2025-03-19 09:53:34.520974.
2025-03-08 20:47:04,802 - root - INFO - Next nodes for Monthly: ['Review AM using Asset Change Tracker (5.5.13.1)']
2025-03-08 20:47:04,803 - root - INFO - Scheduling direct next node Review AM using Asset Change Tracker (5.5.13.1)
2025-03-08 20:47:04,803 - root - INFO - Token Token-472 waiting for resource 'Tech' at 2025-03-19 09:53:34.520974
2025-03-08 20:47:04,804 - root - INFO - Token Token-473 started task 'Monthly' at 2025-03-19 09:59:20.465626, scheduled to end at 2025-03-19 09:59:20.465626 (processing time: 0.00 min)
2025-03-08 20:47:04,804 - root - INFO - Processing end event: Token Token-473 at node Monthly (Unknown)
2025-03-08 20:47:04,804 - root - INFO - Token Token-473 completed task 'Monthly' at 2025-03-19 09:59:20.465626.
2025-03-08 20:47:04,804 - root - INFO - Next nodes for Monthly: ['Review AM using Asset Change Tracker (5.5.13.1)']
2025-03-08 20:47:04,805 - root - INFO - Scheduling direct next node Review AM using Asset Change Tracker (5.5.13.1)
2025-03-08 20:47:04,805 - root - INFO - Token Token-473 waiting for resource 'Tech' at 2025-03-19 09:59:20.465626
2025-03-08 20:47:04,805 - root - INFO - Token Token-474 started task 'Monthly' at 2025-03-19 10:05:37.357337, scheduled to end at 2025-03-19 10:05:37.357337 (processing time: 0.00 min)
2025-03-08 20:47:04,806 - root - INFO - Processing end event: Token Token-474 at node Monthly (Unknown)
2025-03-08 20:47:04,806 - root - INFO - Token Token-474 completed task 'Monthly' at 2025-03-19 10:05:37.357337.
2025-03-08 20:47:04,806 - root - INFO - Next nodes for Monthly: ['Review AM using Asset Change Tracker (5.5.13.1)']
2025-03-08 20:47:04,807 - root - INFO - Scheduling direct next node Review AM using Asset Change Tracker (5.5.13.1)
2025-03-08 20:47:04,807 - root - INFO - Token Token-474 waiting for resource 'Tech' at 2025-03-19 10:05:37.357337
2025-03-08 20:47:04,807 - root - INFO - Token Token-475 started task 'Monthly' at 2025-03-19 10:10:49.430287, scheduled to end at 2025-03-19 10:10:49.430287 (processing time: 0.00 min)
2025-03-08 20:47:04,808 - root - INFO - Processing end event: Token Token-475 at node Monthly (Unknown)
2025-03-08 20:47:04,808 - root - INFO - Token Token-475 completed task 'Monthly' at 2025-03-19 10:10:49.430287.
2025-03-08 20:47:04,808 - root - INFO - Next nodes for Monthly: ['Review AM using Asset Change Tracker (5.5.13.1)']
2025-03-08 20:47:04,809 - root - INFO - Scheduling direct next node Review AM using Asset Change Tracker (5.5.13.1)
2025-03-08 20:47:04,809 - root - INFO - Token Token-475 waiting for resource 'Tech' at 2025-03-19 10:10:49.430287
2025-03-08 20:47:04,809 - root - INFO - Token Token-476 started task 'Monthly' at 2025-03-19 10:15:42.447709, scheduled to end at 2025-03-19 10:15:42.447709 (processing time: 0.00 min)
2025-03-08 20:47:04,811 - root - INFO - Processing end event: Token Token-476 at node Monthly (Unknown)
2025-03-08 20:47:04,811 - root - INFO - Token Token-476 completed task 'Monthly' at 2025-03-19 10:15:42.447709.
2025-03-08 20:47:04,811 - root - INFO - Next nodes for Monthly: ['Review AM using Asset Change Tracker (5.5.13.1)']
2025-03-08 20:47:04,812 - root - INFO - Scheduling direct next node Review AM using Asset Change Tracker (5.5.13.1)
2025-03-08 20:47:04,812 - root - INFO - Token Token-476 waiting for resource 'Tech' at 2025-03-19 10:15:42.447709
2025-03-08 20:47:04,813 - root - INFO - Token Token-477 started task 'Monthly' at 2025-03-19 10:20:47.461489, scheduled to end at 2025-03-19 10:20:47.461489 (processing time: 0.00 min)
2025-03-08 20:47:04,813 - root - INFO - Processing end event: Token Token-477 at node Monthly (Unknown)
2025-03-08 20:47:04,814 - root - INFO - Token Token-477 completed task 'Monthly' at 2025-03-19 10:20:47.461489.
2025-03-08 20:47:04,814 - root - INFO - Next nodes for Monthly: ['Review AM using Asset Change Tracker (5.5.13.1)']
2025-03-08 20:47:04,814 - root - INFO - Scheduling direct next node Review AM using Asset Change Tracker (5.5.13.1)
2025-03-08 20:47:04,814 - root - INFO - Token Token-477 waiting for resource 'Tech' at 2025-03-19 10:20:47.461489
2025-03-08 20:47:04,814 - root - INFO - Token Token-478 started task 'Monthly' at 2025-03-19 10:26:50.415378, scheduled to end at 2025-03-19 10:26:50.415378 (processing time: 0.00 min)
2025-03-08 20:47:04,814 - root - INFO - Processing end event: Token Token-478 at node Monthly (Unknown)
2025-03-08 20:47:04,815 - root - INFO - Token Token-478 completed task 'Monthly' at 2025-03-19 10:26:50.415378.
2025-03-08 20:47:04,815 - root - INFO - Next nodes for Monthly: ['Review AM using Asset Change Tracker (5.5.13.1)']
2025-03-08 20:47:04,816 - root - INFO - Scheduling direct next node Review AM using Asset Change Tracker (5.5.13.1)
2025-03-08 20:47:04,816 - root - INFO - Token Token-478 waiting for resource 'Tech' at 2025-03-19 10:26:50.415378
2025-03-08 20:47:04,816 - root - INFO - Token Token-479 started task 'Monthly' at 2025-03-19 10:33:11.257723, scheduled to end at 2025-03-19 10:33:11.257723 (processing time: 0.00 min)
2025-03-08 20:47:04,816 - root - INFO - Processing end event: Token Token-479 at node Monthly (Unknown)
2025-03-08 20:47:04,816 - root - INFO - Token Token-479 completed task 'Monthly' at 2025-03-19 10:33:11.257723.
2025-03-08 20:47:04,816 - root - INFO - Next nodes for Monthly: ['Review AM using Asset Change Tracker (5.5.13.1)']
2025-03-08 20:47:04,816 - root - INFO - Scheduling direct next node Review AM using Asset Change Tracker (5.5.13.1)
2025-03-08 20:47:04,818 - root - INFO - Token Token-479 waiting for resource 'Tech' at 2025-03-19 10:33:11.257723
2025-03-08 20:47:04,818 - root - INFO - Token Token-480 started task 'Monthly' at 2025-03-19 10:39:25.365518, scheduled to end at 2025-03-19 10:39:25.365518 (processing time: 0.00 min)
2025-03-08 20:47:04,818 - root - INFO - Processing end event: Token Token-480 at node Monthly (Unknown)
2025-03-08 20:47:04,819 - root - INFO - Token Token-480 completed task 'Monthly' at 2025-03-19 10:39:25.365518.
2025-03-08 20:47:04,820 - root - INFO - Next nodes for Monthly: ['Review AM using Asset Change Tracker (5.5.13.1)']
2025-03-08 20:47:04,838 - root - INFO - Scheduling direct next node Review AM using Asset Change Tracker (5.5.13.1)
2025-03-08 20:47:04,839 - root - INFO - Token Token-480 waiting for resource 'Tech' at 2025-03-19 10:39:25.365518
2025-03-08 20:47:04,840 - root - INFO - Token Token-481 started task 'Monthly' at 2025-03-19 10:45:16.358900, scheduled to end at 2025-03-19 10:45:16.358900 (processing time: 0.00 min)
2025-03-08 20:47:04,840 - root - INFO - Processing end event: Token Token-481 at node Monthly (Unknown)
2025-03-08 20:47:04,840 - root - INFO - Token Token-481 completed task 'Monthly' at 2025-03-19 10:45:16.358900.
2025-03-08 20:47:04,841 - root - INFO - Next nodes for Monthly: ['Review AM using Asset Change Tracker (5.5.13.1)']
2025-03-08 20:47:04,841 - root - INFO - Scheduling direct next node Review AM using Asset Change Tracker (5.5.13.1)
2025-03-08 20:47:04,842 - root - INFO - Token Token-481 waiting for resource 'Tech' at 2025-03-19 10:45:16.358900
2025-03-08 20:47:04,842 - root - INFO - Token Token-482 started task 'Monthly' at 2025-03-19 10:50:10.489423, scheduled to end at 2025-03-19 10:50:10.489423 (processing time: 0.00 min)
2025-03-08 20:47:04,842 - root - INFO - Processing end event: Token Token-482 at node Monthly (Unknown)
2025-03-08 20:47:04,843 - root - INFO - Token Token-482 completed task 'Monthly' at 2025-03-19 10:50:10.489423.
2025-03-08 20:47:04,843 - root - INFO - Next nodes for Monthly: ['Review AM using Asset Change Tracker (5.5.13.1)']
2025-03-08 20:47:04,845 - root - INFO - Scheduling direct next node Review AM using Asset Change Tracker (5.5.13.1)
2025-03-08 20:47:04,846 - root - INFO - Token Token-482 waiting for resource 'Tech' at 2025-03-19 10:50:10.489423
2025-03-08 20:47:04,847 - root - INFO - Token Token-483 started task 'Monthly' at 2025-03-19 10:56:15.695454, scheduled to end at 2025-03-19 10:56:15.695454 (processing time: 0.00 min)
2025-03-08 20:47:04,847 - root - INFO - Processing end event: Token Token-483 at node Monthly (Unknown)
2025-03-08 20:47:04,848 - root - INFO - Token Token-483 completed task 'Monthly' at 2025-03-19 10:56:15.695454.
2025-03-08 20:47:04,848 - root - INFO - Next nodes for Monthly: ['Review AM using Asset Change Tracker (5.5.13.1)']
2025-03-08 20:47:04,848 - root - INFO - Scheduling direct next node Review AM using Asset Change Tracker (5.5.13.1)
2025-03-08 20:47:04,849 - root - INFO - Token Token-483 waiting for resource 'Tech' at 2025-03-19 10:56:15.695454
2025-03-08 20:47:04,849 - root - INFO - Token Token-484 started task 'Monthly' at 2025-03-19 11:02:30.654708, scheduled to end at 2025-03-19 11:02:30.654708 (processing time: 0.00 min)
2025-03-08 20:47:04,850 - root - INFO - Processing end event: Token Token-484 at node Monthly (Unknown)
2025-03-08 20:47:04,850 - root - INFO - Token Token-484 completed task 'Monthly' at 2025-03-19 11:02:30.654708.
2025-03-08 20:47:04,850 - root - INFO - Next nodes for Monthly: ['Review AM using Asset Change Tracker (5.5.13.1)']
2025-03-08 20:47:04,851 - root - INFO - Scheduling direct next node Review AM using Asset Change Tracker (5.5.13.1)
2025-03-08 20:47:04,851 - root - INFO - Token Token-484 waiting for resource 'Tech' at 2025-03-19 11:02:30.654708
2025-03-08 20:47:04,851 - root - INFO - Token Token-485 started task 'Monthly' at 2025-03-19 11:08:42.718355, scheduled to end at 2025-03-19 11:08:42.718355 (processing time: 0.00 min)
2025-03-08 20:47:04,852 - root - INFO - Processing end event: Token Token-485 at node Monthly (Unknown)
2025-03-08 20:47:04,852 - root - INFO - Token Token-485 completed task 'Monthly' at 2025-03-19 11:08:42.718355.
2025-03-08 20:47:04,852 - root - INFO - Next nodes for Monthly: ['Review AM using Asset Change Tracker (5.5.13.1)']
2025-03-08 20:47:04,853 - root - INFO - Scheduling direct next node Review AM using Asset Change Tracker (5.5.13.1)
2025-03-08 20:47:04,853 - root - INFO - Token Token-485 waiting for resource 'Tech' at 2025-03-19 11:08:42.718355
2025-03-08 20:47:04,853 - root - INFO - Token Token-486 started task 'Monthly' at 2025-03-19 11:14:10.079214, scheduled to end at 2025-03-19 11:14:10.079214 (processing time: 0.00 min)
2025-03-08 20:47:04,854 - root - INFO - Processing end event: Token Token-486 at node Monthly (Unknown)
2025-03-08 20:47:04,855 - root - INFO - Token Token-486 completed task 'Monthly' at 2025-03-19 11:14:10.079214.
2025-03-08 20:47:04,855 - root - INFO - Next nodes for Monthly: ['Review AM using Asset Change Tracker (5.5.13.1)']
2025-03-08 20:47:04,856 - root - INFO - Scheduling direct next node Review AM using Asset Change Tracker (5.5.13.1)
2025-03-08 20:47:04,857 - root - INFO - Token Token-486 waiting for resource 'Tech' at 2025-03-19 11:14:10.079214
2025-03-08 20:47:04,857 - root - INFO - Token Token-487 started task 'Monthly' at 2025-03-19 11:19:48.609265, scheduled to end at 2025-03-19 11:19:48.609265 (processing time: 0.00 min)
2025-03-08 20:47:04,859 - root - INFO - Processing end event: Token Token-487 at node Monthly (Unknown)
2025-03-08 20:47:04,863 - root - INFO - Token Token-487 completed task 'Monthly' at 2025-03-19 11:19:48.609265.
2025-03-08 20:47:04,863 - root - INFO - Next nodes for Monthly: ['Review AM using Asset Change Tracker (5.5.13.1)']
2025-03-08 20:47:04,864 - root - INFO - Scheduling direct next node Review AM using Asset Change Tracker (5.5.13.1)
2025-03-08 20:47:04,864 - root - INFO - Token Token-487 waiting for resource 'Tech' at 2025-03-19 11:19:48.609265
2025-03-08 20:47:04,865 - root - INFO - Token Token-488 started task 'Monthly' at 2025-03-19 11:24:25.110949, scheduled to end at 2025-03-19 11:24:25.110949 (processing time: 0.00 min)
2025-03-08 20:47:04,866 - root - INFO - Processing end event: Token Token-488 at node Monthly (Unknown)
2025-03-08 20:47:04,867 - root - INFO - Token Token-488 completed task 'Monthly' at 2025-03-19 11:24:25.110949.
2025-03-08 20:47:04,891 - root - INFO - Next nodes for Monthly: ['Review AM using Asset Change Tracker (5.5.13.1)']
2025-03-08 20:47:04,962 - root - INFO - Scheduling direct next node Review AM using Asset Change Tracker (5.5.13.1)
2025-03-08 20:47:04,963 - root - INFO - Token Token-488 waiting for resource 'Tech' at 2025-03-19 11:24:25.110949
2025-03-08 20:47:04,964 - root - INFO - Token Token-489 started task 'Monthly' at 2025-03-19 11:30:35.386763, scheduled to end at 2025-03-19 11:30:35.386763 (processing time: 0.00 min)
2025-03-08 20:47:04,964 - root - INFO - Processing end event: Token Token-489 at node Monthly (Unknown)
2025-03-08 20:47:04,970 - root - INFO - Token Token-489 completed task 'Monthly' at 2025-03-19 11:30:35.386763.
2025-03-08 20:47:04,970 - root - INFO - Next nodes for Monthly: ['Review AM using Asset Change Tracker (5.5.13.1)']
2025-03-08 20:47:04,971 - root - INFO - Scheduling direct next node Review AM using Asset Change Tracker (5.5.13.1)
2025-03-08 20:47:04,974 - root - INFO - Token Token-489 waiting for resource 'Tech' at 2025-03-19 11:30:35.386763
2025-03-08 20:47:04,975 - root - INFO - Token Token-490 started task 'Monthly' at 2025-03-19 11:36:39.848723, scheduled to end at 2025-03-19 11:36:39.848723 (processing time: 0.00 min)
2025-03-08 20:47:04,981 - root - INFO - Processing end event: Token Token-490 at node Monthly (Unknown)
2025-03-08 20:47:04,992 - root - INFO - Token Token-490 completed task 'Monthly' at 2025-03-19 11:36:39.848723.
2025-03-08 20:47:04,993 - root - INFO - Next nodes for Monthly: ['Review AM using Asset Change Tracker (5.5.13.1)']
2025-03-08 20:47:04,993 - root - INFO - Scheduling direct next node Review AM using Asset Change Tracker (5.5.13.1)
2025-03-08 20:47:04,994 - root - INFO - Token Token-490 waiting for resource 'Tech' at 2025-03-19 11:36:39.848723
2025-03-08 20:47:04,994 - root - INFO - Token Token-491 started task 'Monthly' at 2025-03-19 11:42:50.122909, scheduled to end at 2025-03-19 11:42:50.122909 (processing time: 0.00 min)
2025-03-08 20:47:04,995 - root - INFO - Processing end event: Token Token-491 at node Monthly (Unknown)
2025-03-08 20:47:04,995 - root - INFO - Token Token-491 completed task 'Monthly' at 2025-03-19 11:42:50.122909.
2025-03-08 20:47:04,995 - root - INFO - Next nodes for Monthly: ['Review AM using Asset Change Tracker (5.5.13.1)']
2025-03-08 20:47:04,996 - root - INFO - Scheduling direct next node Review AM using Asset Change Tracker (5.5.13.1)
2025-03-08 20:47:04,997 - root - INFO - Token Token-491 waiting for resource 'Tech' at 2025-03-19 11:42:50.122909
2025-03-08 20:47:04,997 - root - INFO - Token Token-492 started task 'Monthly' at 2025-03-19 11:49:16.829252, scheduled to end at 2025-03-19 11:49:16.829252 (processing time: 0.00 min)
2025-03-08 20:47:04,998 - root - INFO - Processing end event: Token Token-492 at node Monthly (Unknown)
2025-03-08 20:47:04,998 - root - INFO - Token Token-492 completed task 'Monthly' at 2025-03-19 11:49:16.829252.
2025-03-08 20:47:04,998 - root - INFO - Next nodes for Monthly: ['Review AM using Asset Change Tracker (5.5.13.1)']
2025-03-08 20:47:04,999 - root - INFO - Scheduling direct next node Review AM using Asset Change Tracker (5.5.13.1)
2025-03-08 20:47:04,999 - root - INFO - Token Token-492 waiting for resource 'Tech' at 2025-03-19 11:49:16.829252
2025-03-08 20:47:04,999 - root - INFO - Token Token-493 started task 'Monthly' at 2025-03-19 11:55:34.985411, scheduled to end at 2025-03-19 11:55:34.985411 (processing time: 0.00 min)
2025-03-08 20:47:05,000 - root - INFO - Processing end event: Token Token-493 at node Monthly (Unknown)
2025-03-08 20:47:05,002 - root - INFO - Token Token-493 completed task 'Monthly' at 2025-03-19 11:55:34.985411.
2025-03-08 20:47:05,002 - root - INFO - Next nodes for Monthly: ['Review AM using Asset Change Tracker (5.5.13.1)']
2025-03-08 20:47:05,002 - root - INFO - Scheduling direct next node Review AM using Asset Change Tracker (5.5.13.1)
2025-03-08 20:47:05,003 - root - INFO - Token Token-493 waiting for resource 'Tech' at 2025-03-19 11:55:34.985411
2025-03-08 20:47:05,003 - root - INFO - Token Token-494 started task 'Monthly' at 2025-03-19 12:01:22.802952, scheduled to end at 2025-03-19 12:01:22.802952 (processing time: 0.00 min)
2025-03-08 20:47:05,003 - root - INFO - Processing end event: Token Token-494 at node Monthly (Unknown)
2025-03-08 20:47:05,004 - root - INFO - Token Token-494 completed task 'Monthly' at 2025-03-19 12:01:22.802952.
2025-03-08 20:47:05,004 - root - INFO - Next nodes for Monthly: ['Review AM using Asset Change Tracker (5.5.13.1)']
2025-03-08 20:47:05,005 - root - INFO - Scheduling direct next node Review AM using Asset Change Tracker (5.5.13.1)
2025-03-08 20:47:05,005 - root - INFO - Token Token-494 waiting for resource 'Tech' at 2025-03-19 12:01:22.802952
2025-03-08 20:47:05,005 - root - INFO - Token Token-495 started task 'Monthly' at 2025-03-19 12:07:42.662342, scheduled to end at 2025-03-19 12:07:42.662342 (processing time: 0.00 min)
2025-03-08 20:47:05,006 - root - INFO - Processing end event: Token Token-495 at node Monthly (Unknown)
2025-03-08 20:47:05,006 - root - INFO - Token Token-495 completed task 'Monthly' at 2025-03-19 12:07:42.662342.
2025-03-08 20:47:05,022 - root - INFO - Next nodes for Monthly: ['Review AM using Asset Change Tracker (5.5.13.1)']
2025-03-08 20:47:05,022 - root - INFO - Scheduling direct next node Review AM using Asset Change Tracker (5.5.13.1)
2025-03-08 20:47:05,022 - root - INFO - Token Token-495 waiting for resource 'Tech' at 2025-03-19 12:07:42.662342
2025-03-08 20:47:05,022 - root - INFO - Token Token-496 started task 'Monthly' at 2025-03-19 12:14:00.997223, scheduled to end at 2025-03-19 12:14:00.997223 (processing time: 0.00 min)
2025-03-08 20:47:05,022 - root - INFO - Processing end event: Token Token-496 at node Monthly (Unknown)
2025-03-08 20:47:05,022 - root - INFO - Token Token-496 completed task 'Monthly' at 2025-03-19 12:14:00.997223.
2025-03-08 20:47:05,022 - root - INFO - Next nodes for Monthly: ['Review AM using Asset Change Tracker (5.5.13.1)']
2025-03-08 20:47:05,022 - root - INFO - Scheduling direct next node Review AM using Asset Change Tracker (5.5.13.1)
2025-03-08 20:47:05,022 - root - INFO - Token Token-496 waiting for resource 'Tech' at 2025-03-19 12:14:00.997223
2025-03-08 20:47:05,022 - root - INFO - Token Token-497 started task 'Monthly' at 2025-03-19 12:20:16.042430, scheduled to end at 2025-03-19 12:20:16.042430 (processing time: 0.00 min)
2025-03-08 20:47:05,022 - root - INFO - Processing end event: Token Token-497 at node Monthly (Unknown)
2025-03-08 20:47:05,022 - root - INFO - Token Token-497 completed task 'Monthly' at 2025-03-19 12:20:16.042430.
2025-03-08 20:47:05,022 - root - INFO - Next nodes for Monthly: ['Review AM using Asset Change Tracker (5.5.13.1)']
2025-03-08 20:47:05,028 - root - INFO - Scheduling direct next node Review AM using Asset Change Tracker (5.5.13.1)
2025-03-08 20:47:05,028 - root - INFO - Token Token-497 waiting for resource 'Tech' at 2025-03-19 12:20:16.042430
2025-03-08 20:47:05,028 - root - INFO - Token Token-498 started task 'Monthly' at 2025-03-19 12:25:35.864109, scheduled to end at 2025-03-19 12:25:35.864109 (processing time: 0.00 min)
2025-03-08 20:47:05,028 - root - INFO - Processing end event: Token Token-498 at node Monthly (Unknown)
2025-03-08 20:47:05,028 - root - INFO - Token Token-498 completed task 'Monthly' at 2025-03-19 12:25:35.864109.
2025-03-08 20:47:05,029 - root - INFO - Next nodes for Monthly: ['Review AM using Asset Change Tracker (5.5.13.1)']
2025-03-08 20:47:05,029 - root - INFO - Scheduling direct next node Review AM using Asset Change Tracker (5.5.13.1)
2025-03-08 20:47:05,029 - root - INFO - Token Token-498 waiting for resource 'Tech' at 2025-03-19 12:25:35.864109
2025-03-08 20:47:05,033 - root - INFO - Token Token-499 started task 'Monthly' at 2025-03-19 12:30:20.909592, scheduled to end at 2025-03-19 12:30:20.909592 (processing time: 0.00 min)
2025-03-08 20:47:05,035 - root - INFO - Processing end event: Token Token-499 at node Monthly (Unknown)
2025-03-08 20:47:05,035 - root - INFO - Token Token-499 completed task 'Monthly' at 2025-03-19 12:30:20.909592.
2025-03-08 20:47:05,036 - root - INFO - Next nodes for Monthly: ['Review AM using Asset Change Tracker (5.5.13.1)']
2025-03-08 20:47:05,036 - root - INFO - Scheduling direct next node Review AM using Asset Change Tracker (5.5.13.1)
2025-03-08 20:47:05,036 - root - INFO - Token Token-499 waiting for resource 'Tech' at 2025-03-19 12:30:20.909592
2025-03-08 20:47:05,037 - root - INFO - Token Token-500 started task 'Monthly' at 2025-03-19 12:36:31.432335, scheduled to end at 2025-03-19 12:36:31.432335 (processing time: 0.00 min)
2025-03-08 20:47:05,037 - root - INFO - Processing end event: Token Token-500 at node Monthly (Unknown)
2025-03-08 20:47:05,038 - root - INFO - Token Token-500 completed task 'Monthly' at 2025-03-19 12:36:31.432335.
2025-03-08 20:47:05,038 - root - INFO - Next nodes for Monthly: ['Review AM using Asset Change Tracker (5.5.13.1)']
2025-03-08 20:47:05,038 - root - INFO - Scheduling direct next node Review AM using Asset Change Tracker (5.5.13.1)
2025-03-08 20:47:05,039 - root - INFO - Token Token-500 waiting for resource 'Tech' at 2025-03-19 12:36:31.432335
2025-03-08 20:47:05,039 - root - INFO - Simulation complete. Collecting results...
2025-03-08 20:47:05,042 - root - INFO - Processing results...
2025-03-08 20:47:05,149 - root - INFO - Results exported to 5.5.13 Real Property-Monthly Reviews-Inclusive_results.xlsx
2025-03-08 20:47:35,478 - root - INFO - XPDL parsed into sequences: 5.5.13 Real Property-Monthly Reviews-Inclusive_sequences.txt
2025-03-08 20:47:35,494 - root - INFO - Process model built with 9 nodes and 11 edges
2025-03-08 20:47:35,494 - root - INFO - Process paths written to: 5.5.13 Real Property-Monthly Reviews-Inclusive_process_paths.txt
2025-03-08 20:48:13,662 - root - INFO - Application exited normally
