2025-03-11 11:12:19,831 - root - INFO - Logging initialized
2025-03-11 11:12:19,831 - root - INFO - Starting Bizagi Process Simulator
2025-03-11 11:12:19,831 - root - INFO - NetworkX compatibility patch applied
2025-03-11 11:12:19,847 - root - INFO - Settings loaded from bizagi_simulator_settings.json
2025-03-11 11:12:19,847 - root - INFO - Configuration loaded
2025-03-11 11:12:20,645 - root - INFO - Application UI initialized
2025-03-11 11:12:22,811 - root - INFO - Loading data...
2025-03-11 11:12:22,811 - root - INFO - Successfully loaded XPDL file: C:/Users/kcmclau.EVOFORGE/Repos/bizagi_simulations/Bizagi/5.5_1/5.5.13 Real Property-Monthly Reviews-Inclusive.xpdl
2025-03-11 11:12:22,848 - root - INFO - Successfully loaded metrics from C:/Users/kcmclau.EVOFORGE/Repos/bizagi_simulations/Bizagi/simulation_metrics-inclusive.xlsx
2025-03-11 11:12:22,848 - root - INFO - Loaded 8 rows with columns: name, type, resource, available resources, avg time, min time, max time, yes, no, arrival interval, max arrival count
2025-03-11 11:12:22,855 - root - INFO - Preprocessed simulation metrics data
2025-03-11 11:12:22,855 - root - INFO - Building process model from XPDL...
2025-03-11 11:12:22,861 - root - INFO - Parsing XPDL file: C:/Users/kcmclau.EVOFORGE/Repos/bizagi_simulations/Bizagi/5.5_1/5.5.13 Real Property-Monthly Reviews-Inclusive.xpdl with namespace: {'xpdl': 'http://www.wfmc.org/2009/XPDL2.2'}
2025-03-11 11:12:22,876 - root - INFO - Found 11 activities, including 2 gateways
2025-03-11 11:12:22,876 - root - INFO - Gateway activities: {'c69b6146-7bd5-462f-9865-79a90dbf54e6': '[Exclusive Gateway]', '9ff64215-67ea-40c9-8172-fe1f4fb7030e': '[Inclusive Gateway]'}
2025-03-11 11:12:22,876 - root - INFO - Found 11 transitions in the process
2025-03-11 11:12:22,876 - root - INFO - Processing outgoing activities for gateway c69b6146-7bd5-462f-9865-79a90dbf54e6 of type [Exclusive Gateway]
2025-03-11 11:12:22,876 - root - INFO - Processing outgoing activities for gateway 9ff64215-67ea-40c9-8172-fe1f4fb7030e of type [Inclusive Gateway]
2025-03-11 11:12:22,876 - root - INFO -   Setting gateway type for 36668b7b-7686-4303-ab26-b6f518da488c to [Inclusive Gateway]
2025-03-11 11:12:22,876 - root - INFO -   Setting gateway type for 5115501c-098a-4983-be9b-f54396e13e4d to [Inclusive Gateway]
2025-03-11 11:12:22,876 - root - INFO -   Setting gateway type for 11bbf8d1-f060-46c7-a839-63f24d988003 to [Inclusive Gateway]
2025-03-11 11:12:22,876 - root - INFO - Generated 11 sequence rows
2025-03-11 11:12:22,883 - root - INFO - Sequence file saved to: 5.5.13 Real Property-Monthly Reviews-Inclusive_sequences.txt
2025-03-11 11:12:22,883 - root - INFO - Building process model from sequence file: 5.5.13 Real Property-Monthly Reviews-Inclusive_sequences.txt
2025-03-11 11:12:22,884 - root - INFO - Extracted 11 transitions from sequence file
2025-03-11 11:12:22,884 - root - INFO - Gateway connections: {'[Exclusive Gateway]': {'Complete /Accurate?': ['Work with REO RPO to Correct (5.5.13.3)']}, '[Inclusive Gateway]': {'Create Journal Entries?': ['Inclusive Path 3'], 'Note Accuracy in Asset Change Tracker (5.5.13.2)': ['Unknown'], 'Inclusive Path 3': ['Unknown'], 'Create/Post Journal Entries (5.5.13.4)': ['Unknown']}}
2025-03-11 11:12:22,886 - root - INFO - Added node: Monthly, type: Start, gateway: None
2025-03-11 11:12:22,887 - root - INFO - Added node: Review AM using Asset Change Tracker (5.5.13.1), type: Activity Step, gateway: None
2025-03-11 11:12:22,888 - root - INFO - Added node: Complete /Accurate?, type: Activity Step, gateway: [Exclusive Gateway]
2025-03-11 11:12:22,889 - root - INFO - Added node: Note Accuracy in Asset Change Tracker (5.5.13.2), type: [Inclusive Gateway], gateway: [Inclusive Gateway]
2025-03-11 11:12:22,890 - root - INFO - Added node: Work with REO RPO to Correct (5.5.13.3), type: CONDITION-No, gateway: None
2025-03-11 11:12:22,891 - root - INFO - Added node: Create Journal Entries?, type: [Inclusive Gateway], gateway: [Inclusive Gateway]
2025-03-11 11:12:22,892 - root - INFO - Added node: Create/Post Journal Entries (5.5.13.4), type: [Inclusive Gateway], gateway: [Inclusive Gateway]
2025-03-11 11:12:22,893 - root - INFO - Added node: Unknown, type: Stop, gateway: None
2025-03-11 11:12:22,894 - root - INFO - Added node: Inclusive Path 3, type: [Inclusive Gateway], gateway: [Inclusive Gateway]
2025-03-11 11:12:22,894 - root - INFO - Processing connections for gateway type: [Exclusive Gateway]
2025-03-11 11:12:22,894 - root - INFO -   Gateway Complete /Accurate? connects to: ['Work with REO RPO to Correct (5.5.13.3)']
2025-03-11 11:12:22,895 - root - INFO - Processing connections for gateway type: [Inclusive Gateway]
2025-03-11 11:12:22,895 - root - INFO -   Gateway Create Journal Entries? connects to: ['Inclusive Path 3']
2025-03-11 11:12:22,895 - root - INFO -     Setting gateway type for Inclusive Path 3 to [Inclusive Gateway]
2025-03-11 11:12:22,895 - root - INFO -   Gateway Note Accuracy in Asset Change Tracker (5.5.13.2) connects to: ['Unknown']
2025-03-11 11:12:22,895 - root - INFO -     Setting gateway type for Unknown to [Inclusive Gateway]
2025-03-11 11:12:22,896 - root - INFO -   Gateway Inclusive Path 3 connects to: ['Unknown']
2025-03-11 11:12:22,896 - root - INFO -     Setting gateway type for Unknown to [Inclusive Gateway]
2025-03-11 11:12:22,896 - root - INFO -   Gateway Create/Post Journal Entries (5.5.13.4) connects to: ['Unknown']
2025-03-11 11:12:22,896 - root - INFO -     Setting gateway type for Unknown to [Inclusive Gateway]
2025-03-11 11:12:22,897 - root - INFO - Process model built with 9 nodes and 11 edges
2025-03-11 11:12:22,897 - root - INFO - Converting graph to ProcessModel...
2025-03-11 11:12:22,897 - root - INFO - Built process model with 9 nodes and 11 links
2025-03-11 11:12:22,898 - root - INFO - Found 1 start nodes: ['Monthly']
2025-03-11 11:12:22,899 - root - INFO - Found 1 start nodes: ['Monthly']
2025-03-11 11:12:22,900 - root - INFO - Setting up simulation...
2025-03-11 11:12:22,901 - root - INFO - Found 2 resources in process model: {'Tech': 1, 'Certifier': 1}
2025-03-11 11:12:22,901 - root - INFO - Initializing resource Tech with count 1
2025-03-11 11:12:22,901 - root - INFO - Initializing resource Certifier with count 1
2025-03-11 11:12:22,902 - root - INFO - Found 2 resources in process model: {'Tech': 1, 'Certifier': 1}
2025-03-11 11:12:22,902 - root - INFO - Available resources in model: {'Tech': 1, 'Certifier': 1}
2025-03-11 11:12:22,902 - root - INFO - Scheduling tokens...
2025-03-11 11:12:22,904 - root - INFO - Scheduling 500 tokens with triangular distribution...
2025-03-11 11:12:22,914 - root - INFO - Found 1 start nodes: ['Monthly']
2025-03-11 11:12:22,927 - root - INFO - Scheduling up to 454 tokens over 2881 available minutes
2025-03-11 11:12:22,927 - root - INFO - Scheduled Token-1 to start at 2025-03-11 08:00:00.
2025-03-11 11:12:22,928 - root - INFO - Scheduled Token-2 to start at 2025-03-11 08:05:50.073635.
2025-03-11 11:12:22,928 - root - INFO - Scheduled Token-3 to start at 2025-03-11 08:11:03.543312.
2025-03-11 11:12:22,928 - root - INFO - Scheduled Token-4 to start at 2025-03-11 08:16:29.515333.
2025-03-11 11:12:22,929 - root - INFO - Scheduled Token-5 to start at 2025-03-11 08:22:37.536286.
2025-03-11 11:12:22,929 - root - INFO - Scheduled Token-6 to start at 2025-03-11 08:28:38.955999.
2025-03-11 11:12:22,930 - root - INFO - Scheduled Token-7 to start at 2025-03-11 08:34:50.683504.
2025-03-11 11:12:22,930 - root - INFO - Scheduled Token-8 to start at 2025-03-11 08:41:02.960970.
2025-03-11 11:12:22,930 - root - INFO - Scheduled Token-9 to start at 2025-03-11 08:46:47.107492.
2025-03-11 11:12:22,930 - root - INFO - Scheduled Token-10 to start at 2025-03-11 08:51:42.788519.
2025-03-11 11:12:22,930 - root - INFO - Scheduled Token-11 to start at 2025-03-11 08:56:24.958586.
2025-03-11 11:12:22,931 - root - INFO - Scheduled Token-12 to start at 2025-03-11 09:02:35.846982.
2025-03-11 11:12:22,931 - root - INFO - Scheduled Token-13 to start at 2025-03-11 09:08:54.654175.
2025-03-11 11:12:22,931 - root - INFO - Scheduled Token-14 to start at 2025-03-11 09:14:20.113374.
2025-03-11 11:12:22,932 - root - INFO - Scheduled Token-15 to start at 2025-03-11 09:19:36.818832.
2025-03-11 11:12:22,932 - root - INFO - Scheduled Token-16 to start at 2025-03-11 09:24:19.490155.
2025-03-11 11:12:22,932 - root - INFO - Scheduled Token-17 to start at 2025-03-11 09:30:29.765649.
2025-03-11 11:12:22,933 - root - INFO - Scheduled Token-18 to start at 2025-03-11 09:36:38.982487.
2025-03-11 11:12:22,935 - root - INFO - Scheduled Token-19 to start at 2025-03-11 09:41:49.532913.
2025-03-11 11:12:22,936 - root - INFO - Scheduled Token-20 to start at 2025-03-11 09:48:11.481719.
2025-03-11 11:12:22,936 - root - INFO - Scheduled Token-21 to start at 2025-03-11 09:54:19.042581.
2025-03-11 11:12:22,936 - root - INFO - Scheduled Token-22 to start at 2025-03-11 10:00:38.763995.
2025-03-11 11:12:22,936 - root - INFO - Scheduled Token-23 to start at 2025-03-11 10:05:36.240113.
2025-03-11 11:12:22,936 - root - INFO - Scheduled Token-24 to start at 2025-03-11 10:11:56.362407.
2025-03-11 11:12:22,936 - root - INFO - Scheduled Token-25 to start at 2025-03-11 10:18:01.592640.
2025-03-11 11:12:22,936 - root - INFO - Scheduled Token-26 to start at 2025-03-11 10:23:59.449904.
2025-03-11 11:12:22,938 - root - INFO - Scheduled Token-27 to start at 2025-03-11 10:29:33.654525.
2025-03-11 11:12:22,938 - root - INFO - Scheduled Token-28 to start at 2025-03-11 10:35:34.186428.
2025-03-11 11:12:22,938 - root - INFO - Scheduled Token-29 to start at 2025-03-11 10:41:29.652006.
2025-03-11 11:12:22,938 - root - INFO - Scheduled Token-30 to start at 2025-03-11 10:47:08.415758.
2025-03-11 11:12:22,939 - root - INFO - Scheduled Token-31 to start at 2025-03-11 10:53:12.620479.
2025-03-11 11:12:22,939 - root - INFO - Scheduled Token-32 to start at 2025-03-11 10:59:25.653091.
2025-03-11 11:12:22,958 - root - INFO - Scheduled Token-33 to start at 2025-03-11 11:05:27.792555.
2025-03-11 11:12:22,959 - root - INFO - Scheduled Token-34 to start at 2025-03-11 11:10:46.711200.
2025-03-11 11:12:22,959 - root - INFO - Scheduled Token-35 to start at 2025-03-11 11:15:44.729452.
2025-03-11 11:12:22,960 - root - INFO - Scheduled Token-36 to start at 2025-03-11 11:21:59.981615.
2025-03-11 11:12:22,960 - root - INFO - Scheduled Token-37 to start at 2025-03-11 11:27:45.333282.
2025-03-11 11:12:22,960 - root - INFO - Scheduled Token-38 to start at 2025-03-11 11:33:43.906727.
2025-03-11 11:12:22,961 - root - INFO - Scheduled Token-39 to start at 2025-03-11 11:38:27.723005.
2025-03-11 11:12:22,961 - root - INFO - Scheduled Token-40 to start at 2025-03-11 11:43:53.909128.
2025-03-11 11:12:22,962 - root - INFO - Scheduled Token-41 to start at 2025-03-11 11:49:04.952474.
2025-03-11 11:12:22,962 - root - INFO - Scheduled Token-42 to start at 2025-03-11 11:54:31.298888.
2025-03-11 11:12:22,962 - root - INFO - Scheduled Token-43 to start at 2025-03-11 12:00:44.279290.
2025-03-11 11:12:22,963 - root - INFO - Scheduled Token-44 to start at 2025-03-11 12:05:36.245308.
2025-03-11 11:12:22,963 - root - INFO - Scheduled Token-45 to start at 2025-03-11 12:11:59.261346.
2025-03-11 11:12:22,964 - root - INFO - Scheduled Token-46 to start at 2025-03-11 12:17:57.567191.
2025-03-11 11:12:22,964 - root - INFO - Scheduled Token-47 to start at 2025-03-11 12:24:08.588414.
2025-03-11 11:12:22,966 - root - INFO - Scheduled Token-48 to start at 2025-03-11 12:30:03.593139.
2025-03-11 11:12:22,966 - root - INFO - Scheduled Token-49 to start at 2025-03-11 12:34:26.953619.
2025-03-11 11:12:22,966 - root - INFO - Scheduled Token-50 to start at 2025-03-11 12:38:37.363783.
2025-03-11 11:12:22,968 - root - INFO - Scheduled Token-51 to start at 2025-03-11 12:43:36.352108.
2025-03-11 11:12:22,968 - root - INFO - Scheduled Token-52 to start at 2025-03-11 12:48:42.355552.
2025-03-11 11:12:22,969 - root - INFO - Scheduled Token-53 to start at 2025-03-11 12:54:16.222746.
2025-03-11 11:12:22,969 - root - INFO - Scheduled Token-54 to start at 2025-03-11 12:59:21.180666.
2025-03-11 11:12:22,969 - root - INFO - Scheduled Token-55 to start at 2025-03-11 13:05:01.632366.
2025-03-11 11:12:22,970 - root - INFO - Scheduled Token-56 to start at 2025-03-11 13:10:57.796658.
2025-03-11 11:12:22,970 - root - INFO - Scheduled Token-57 to start at 2025-03-11 13:17:14.526391.
2025-03-11 11:12:22,971 - root - INFO - Scheduled Token-58 to start at 2025-03-11 13:23:26.012261.
2025-03-11 11:12:22,971 - root - INFO - Scheduled Token-59 to start at 2025-03-11 13:29:07.113694.
2025-03-11 11:12:22,971 - root - INFO - Scheduled Token-60 to start at 2025-03-11 13:33:58.982950.
2025-03-11 11:12:22,972 - root - INFO - Scheduled Token-61 to start at 2025-03-11 13:38:59.943477.
2025-03-11 11:12:22,972 - root - INFO - Scheduled Token-62 to start at 2025-03-11 13:44:51.299315.
2025-03-11 11:12:22,972 - root - INFO - Scheduled Token-63 to start at 2025-03-11 13:50:19.215419.
2025-03-11 11:12:22,973 - root - INFO - Scheduled Token-64 to start at 2025-03-11 13:56:29.238483.
2025-03-11 11:12:22,973 - root - INFO - Scheduled Token-65 to start at 2025-03-12 08:00:00.
2025-03-11 11:12:22,973 - root - INFO - Scheduled Token-66 to start at 2025-03-12 08:06:15.684931.
2025-03-11 11:12:22,974 - root - INFO - Scheduled Token-67 to start at 2025-03-12 08:11:02.906538.
2025-03-11 11:12:22,974 - root - INFO - Scheduled Token-68 to start at 2025-03-12 08:16:55.476466.
2025-03-11 11:12:22,974 - root - INFO - Scheduled Token-69 to start at 2025-03-12 08:23:07.971320.
2025-03-11 11:12:22,975 - root - INFO - Scheduled Token-70 to start at 2025-03-12 08:29:10.510538.
2025-03-11 11:12:22,975 - root - INFO - Scheduled Token-71 to start at 2025-03-12 08:34:24.815987.
2025-03-11 11:12:22,975 - root - INFO - Scheduled Token-72 to start at 2025-03-12 08:40:15.117902.
2025-03-11 11:12:22,976 - root - INFO - Scheduled Token-73 to start at 2025-03-12 08:45:18.209631.
2025-03-11 11:12:22,976 - root - INFO - Scheduled Token-74 to start at 2025-03-12 08:50:38.424993.
2025-03-11 11:12:22,976 - root - INFO - Scheduled Token-75 to start at 2025-03-12 08:56:19.766190.
2025-03-11 11:12:22,977 - root - INFO - Scheduled Token-76 to start at 2025-03-12 09:02:39.744698.
2025-03-11 11:12:22,977 - root - INFO - Scheduled Token-77 to start at 2025-03-12 09:07:33.505913.
2025-03-11 11:12:22,977 - root - INFO - Scheduled Token-78 to start at 2025-03-12 09:13:40.790244.
2025-03-11 11:12:22,978 - root - INFO - Scheduled Token-79 to start at 2025-03-12 09:19:59.371434.
2025-03-11 11:12:22,978 - root - INFO - Scheduled Token-80 to start at 2025-03-12 09:25:39.941609.
2025-03-11 11:12:22,978 - root - INFO - Scheduled Token-81 to start at 2025-03-12 09:30:57.387838.
2025-03-11 11:12:22,978 - root - INFO - Scheduled Token-82 to start at 2025-03-12 09:36:40.526468.
2025-03-11 11:12:22,978 - root - INFO - Scheduled Token-83 to start at 2025-03-12 09:42:00.741748.
2025-03-11 11:12:22,978 - root - INFO - Scheduled Token-84 to start at 2025-03-12 09:47:47.639067.
2025-03-11 11:12:22,978 - root - INFO - Scheduled Token-85 to start at 2025-03-12 09:53:44.473053.
2025-03-11 11:12:22,978 - root - INFO - Scheduled Token-86 to start at 2025-03-12 09:58:38.427168.
2025-03-11 11:12:22,978 - root - INFO - Scheduled Token-87 to start at 2025-03-12 10:03:47.380352.
2025-03-11 11:12:22,978 - root - INFO - Scheduled Token-88 to start at 2025-03-12 10:09:05.978242.
2025-03-11 11:12:22,978 - root - INFO - Scheduled Token-89 to start at 2025-03-12 10:15:23.797745.
2025-03-11 11:12:22,978 - root - INFO - Scheduled Token-90 to start at 2025-03-12 10:20:52.688554.
2025-03-11 11:12:22,978 - root - INFO - Scheduled Token-91 to start at 2025-03-12 10:27:04.758219.
2025-03-11 11:12:22,978 - root - INFO - Scheduled Token-92 to start at 2025-03-12 10:33:14.244126.
2025-03-11 11:12:22,978 - root - INFO - Scheduled Token-93 to start at 2025-03-12 10:38:06.499950.
2025-03-11 11:12:22,981 - root - INFO - Scheduled Token-94 to start at 2025-03-12 10:44:10.652618.
2025-03-11 11:12:22,981 - root - INFO - Scheduled Token-95 to start at 2025-03-12 10:50:00.185716.
2025-03-11 11:12:22,981 - root - INFO - Scheduled Token-96 to start at 2025-03-12 10:54:58.677401.
2025-03-11 11:12:22,982 - root - INFO - Scheduled Token-97 to start at 2025-03-12 11:00:08.117690.
2025-03-11 11:12:22,982 - root - INFO - Scheduled Token-98 to start at 2025-03-12 11:06:10.887750.
2025-03-11 11:12:22,982 - root - INFO - Scheduled Token-99 to start at 2025-03-12 11:11:24.859621.
2025-03-11 11:12:22,982 - root - INFO - Scheduled Token-100 to start at 2025-03-12 11:17:07.729277.
2025-03-11 11:12:22,982 - root - INFO - Scheduled Token-101 to start at 2025-03-12 11:21:53.800707.
2025-03-11 11:12:22,983 - root - INFO - Scheduled Token-102 to start at 2025-03-12 11:27:35.106628.
2025-03-11 11:12:22,983 - root - INFO - Scheduled Token-103 to start at 2025-03-12 11:33:37.422548.
2025-03-11 11:12:22,983 - root - INFO - Scheduled Token-104 to start at 2025-03-12 11:38:33.482086.
2025-03-11 11:12:22,983 - root - INFO - Scheduled Token-105 to start at 2025-03-12 11:44:50.830489.
2025-03-11 11:12:22,984 - root - INFO - Scheduled Token-106 to start at 2025-03-12 11:51:17.016552.
2025-03-11 11:12:22,984 - root - INFO - Scheduled Token-107 to start at 2025-03-12 11:56:36.436216.
2025-03-11 11:12:23,007 - root - INFO - Scheduled Token-108 to start at 2025-03-12 12:02:45.444073.
2025-03-11 11:12:23,007 - root - INFO - Scheduled Token-109 to start at 2025-03-12 12:08:02.984777.
2025-03-11 11:12:23,008 - root - INFO - Scheduled Token-110 to start at 2025-03-12 12:12:53.581109.
2025-03-11 11:12:23,008 - root - INFO - Scheduled Token-111 to start at 2025-03-12 12:18:36.576772.
2025-03-11 11:12:23,009 - root - INFO - Scheduled Token-112 to start at 2025-03-12 12:23:04.970785.
2025-03-11 11:12:23,009 - root - INFO - Scheduled Token-113 to start at 2025-03-12 12:29:23.599659.
2025-03-11 11:12:23,009 - root - INFO - Scheduled Token-114 to start at 2025-03-12 12:35:10.390567.
2025-03-11 11:12:23,010 - root - INFO - Scheduled Token-115 to start at 2025-03-12 12:41:32.536883.
2025-03-11 11:12:23,010 - root - INFO - Scheduled Token-116 to start at 2025-03-12 12:46:08.858440.
2025-03-11 11:12:23,011 - root - INFO - Scheduled Token-117 to start at 2025-03-12 12:50:52.051754.
2025-03-11 11:12:23,011 - root - INFO - Scheduled Token-118 to start at 2025-03-12 12:55:27.138949.
2025-03-11 11:12:23,011 - root - INFO - Scheduled Token-119 to start at 2025-03-12 13:01:42.263828.
2025-03-11 11:12:23,012 - root - INFO - Scheduled Token-120 to start at 2025-03-12 13:07:32.779718.
2025-03-11 11:12:23,012 - root - INFO - Scheduled Token-121 to start at 2025-03-12 13:13:42.166992.
2025-03-11 11:12:23,013 - root - INFO - Scheduled Token-122 to start at 2025-03-12 13:19:54.157682.
2025-03-11 11:12:23,013 - root - INFO - Scheduled Token-123 to start at 2025-03-12 13:25:28.849724.
2025-03-11 11:12:23,014 - root - INFO - Scheduled Token-124 to start at 2025-03-12 13:29:48.202282.
2025-03-11 11:12:23,014 - root - INFO - Scheduled Token-125 to start at 2025-03-12 13:35:52.532353.
2025-03-11 11:12:23,015 - root - INFO - Scheduled Token-126 to start at 2025-03-12 13:41:41.230324.
2025-03-11 11:12:23,016 - root - INFO - Scheduled Token-127 to start at 2025-03-12 13:46:40.173134.
2025-03-11 11:12:23,016 - root - INFO - Scheduled Token-128 to start at 2025-03-12 13:52:26.742824.
2025-03-11 11:12:23,016 - root - INFO - Scheduled Token-129 to start at 2025-03-12 13:57:45.528137.
2025-03-11 11:12:23,017 - root - INFO - Scheduled Token-130 to start at 2025-03-13 08:00:00.
2025-03-11 11:12:23,017 - root - INFO - Scheduled Token-131 to start at 2025-03-13 08:06:03.705094.
2025-03-11 11:12:23,017 - root - INFO - Scheduled Token-132 to start at 2025-03-13 08:10:37.461971.
2025-03-11 11:12:23,018 - root - INFO - Scheduled Token-133 to start at 2025-03-13 08:15:55.023533.
2025-03-11 11:12:23,018 - root - INFO - Scheduled Token-134 to start at 2025-03-13 08:21:05.344884.
2025-03-11 11:12:23,018 - root - INFO - Scheduled Token-135 to start at 2025-03-13 08:27:15.725523.
2025-03-11 11:12:23,019 - root - INFO - Scheduled Token-136 to start at 2025-03-13 08:31:46.986462.
2025-03-11 11:12:23,019 - root - INFO - Scheduled Token-137 to start at 2025-03-13 08:37:56.520064.
2025-03-11 11:12:23,019 - root - INFO - Scheduled Token-138 to start at 2025-03-13 08:42:16.978377.
2025-03-11 11:12:23,020 - root - INFO - Scheduled Token-139 to start at 2025-03-13 08:48:10.009827.
2025-03-11 11:12:23,020 - root - INFO - Scheduled Token-140 to start at 2025-03-13 08:52:44.237812.
2025-03-11 11:12:23,020 - root - INFO - Scheduled Token-141 to start at 2025-03-13 08:58:30.098391.
2025-03-11 11:12:23,021 - root - INFO - Scheduled Token-142 to start at 2025-03-13 09:04:51.953952.
2025-03-11 11:12:23,021 - root - INFO - Scheduled Token-143 to start at 2025-03-13 09:10:39.066381.
2025-03-11 11:12:23,021 - root - INFO - Scheduled Token-144 to start at 2025-03-13 09:17:04.660733.
2025-03-11 11:12:23,021 - root - INFO - Scheduled Token-145 to start at 2025-03-13 09:21:58.523463.
2025-03-11 11:12:23,021 - root - INFO - Scheduled Token-146 to start at 2025-03-13 09:28:15.323088.
2025-03-11 11:12:23,021 - root - INFO - Scheduled Token-147 to start at 2025-03-13 09:34:09.507411.
2025-03-11 11:12:23,021 - root - INFO - Scheduled Token-148 to start at 2025-03-13 09:39:56.186545.
2025-03-11 11:12:23,021 - root - INFO - Scheduled Token-149 to start at 2025-03-13 09:45:46.647563.
2025-03-11 11:12:23,023 - root - INFO - Scheduled Token-150 to start at 2025-03-13 09:51:28.301667.
2025-03-11 11:12:23,023 - root - INFO - Scheduled Token-151 to start at 2025-03-13 09:56:56.670209.
2025-03-11 11:12:23,023 - root - INFO - Scheduled Token-152 to start at 2025-03-13 10:01:47.182565.
2025-03-11 11:12:23,023 - root - INFO - Scheduled Token-153 to start at 2025-03-13 10:08:10.125805.
2025-03-11 11:12:23,023 - root - INFO - Scheduled Token-154 to start at 2025-03-13 10:13:49.919007.
2025-03-11 11:12:23,023 - root - INFO - Scheduled Token-155 to start at 2025-03-13 10:20:01.251041.
2025-03-11 11:12:23,024 - root - INFO - Scheduled Token-156 to start at 2025-03-13 10:25:07.969149.
2025-03-11 11:12:23,024 - root - INFO - Scheduled Token-157 to start at 2025-03-13 10:31:31.898085.
2025-03-11 11:12:23,024 - root - INFO - Scheduled Token-158 to start at 2025-03-13 10:37:11.664985.
2025-03-11 11:12:23,024 - root - INFO - Scheduled Token-159 to start at 2025-03-13 10:42:45.535400.
2025-03-11 11:12:23,024 - root - INFO - Scheduled Token-160 to start at 2025-03-13 10:48:04.383607.
2025-03-11 11:12:23,025 - root - INFO - Scheduled Token-161 to start at 2025-03-13 10:53:29.389328.
2025-03-11 11:12:23,025 - root - INFO - Scheduled Token-162 to start at 2025-03-13 10:58:58.960472.
2025-03-11 11:12:23,025 - root - INFO - Scheduled Token-163 to start at 2025-03-13 11:03:56.801171.
2025-03-11 11:12:23,025 - root - INFO - Scheduled Token-164 to start at 2025-03-13 11:08:46.068245.
2025-03-11 11:12:23,026 - root - INFO - Scheduled Token-165 to start at 2025-03-13 11:14:46.890026.
2025-03-11 11:12:23,026 - root - INFO - Scheduled Token-166 to start at 2025-03-13 11:21:04.295430.
2025-03-11 11:12:23,026 - root - INFO - Scheduled Token-167 to start at 2025-03-13 11:25:14.877349.
2025-03-11 11:12:23,026 - root - INFO - Scheduled Token-168 to start at 2025-03-13 11:30:46.421934.
2025-03-11 11:12:23,027 - root - INFO - Scheduled Token-169 to start at 2025-03-13 11:36:02.053643.
2025-03-11 11:12:23,027 - root - INFO - Scheduled Token-170 to start at 2025-03-13 11:42:20.842012.
2025-03-11 11:12:23,027 - root - INFO - Scheduled Token-171 to start at 2025-03-13 11:48:46.298726.
2025-03-11 11:12:23,027 - root - INFO - Scheduled Token-172 to start at 2025-03-13 11:55:07.989957.
2025-03-11 11:12:23,027 - root - INFO - Scheduled Token-173 to start at 2025-03-13 12:01:11.724643.
2025-03-11 11:12:23,028 - root - INFO - Scheduled Token-174 to start at 2025-03-13 12:06:46.384251.
2025-03-11 11:12:23,028 - root - INFO - Scheduled Token-175 to start at 2025-03-13 12:11:59.739760.
2025-03-11 11:12:23,028 - root - INFO - Scheduled Token-176 to start at 2025-03-13 12:17:39.478172.
2025-03-11 11:12:23,028 - root - INFO - Scheduled Token-177 to start at 2025-03-13 12:23:34.651731.
2025-03-11 11:12:23,029 - root - INFO - Scheduled Token-178 to start at 2025-03-13 12:29:19.723636.
2025-03-11 11:12:23,029 - root - INFO - Scheduled Token-179 to start at 2025-03-13 12:34:37.474218.
2025-03-11 11:12:23,030 - root - INFO - Scheduled Token-180 to start at 2025-03-13 12:40:26.745977.
2025-03-11 11:12:23,030 - root - INFO - Scheduled Token-181 to start at 2025-03-13 12:46:05.408918.
2025-03-11 11:12:23,030 - root - INFO - Scheduled Token-182 to start at 2025-03-13 12:50:59.909132.
2025-03-11 11:12:23,030 - root - INFO - Scheduled Token-183 to start at 2025-03-13 12:56:31.459263.
2025-03-11 11:12:23,030 - root - INFO - Scheduled Token-184 to start at 2025-03-13 13:02:46.487929.
2025-03-11 11:12:23,030 - root - INFO - Scheduled Token-185 to start at 2025-03-13 13:08:39.464333.
2025-03-11 11:12:23,031 - root - INFO - Scheduled Token-186 to start at 2025-03-13 13:15:01.114306.
2025-03-11 11:12:23,031 - root - INFO - Scheduled Token-187 to start at 2025-03-13 13:21:22.955915.
2025-03-11 11:12:23,031 - root - INFO - Scheduled Token-188 to start at 2025-03-13 13:27:07.788329.
2025-03-11 11:12:23,031 - root - INFO - Scheduled Token-189 to start at 2025-03-13 13:33:06.754426.
2025-03-11 11:12:23,031 - root - INFO - Scheduled Token-190 to start at 2025-03-13 13:39:18.269389.
2025-03-11 11:12:23,031 - root - INFO - Scheduled Token-191 to start at 2025-03-13 13:44:12.092382.
2025-03-11 11:12:23,032 - root - INFO - Scheduled Token-192 to start at 2025-03-13 13:48:40.408048.
2025-03-11 11:12:23,032 - root - INFO - Scheduled Token-193 to start at 2025-03-13 13:54:32.830075.
2025-03-11 11:12:23,034 - root - INFO - Scheduled Token-194 to start at 2025-03-14 08:00:00.
2025-03-11 11:12:23,034 - root - INFO - Scheduled Token-195 to start at 2025-03-14 08:04:45.876748.
2025-03-11 11:12:23,036 - root - INFO - Scheduled Token-196 to start at 2025-03-14 08:09:30.244078.
2025-03-11 11:12:23,037 - root - INFO - Scheduled Token-197 to start at 2025-03-14 08:15:44.681679.
2025-03-11 11:12:23,058 - root - INFO - Scheduled Token-198 to start at 2025-03-14 08:20:07.127605.
2025-03-11 11:12:23,058 - root - INFO - Scheduled Token-199 to start at 2025-03-14 08:24:58.225541.
2025-03-11 11:12:23,058 - root - INFO - Scheduled Token-200 to start at 2025-03-14 08:30:11.780933.
2025-03-11 11:12:23,059 - root - INFO - Scheduled Token-201 to start at 2025-03-14 08:34:54.258311.
2025-03-11 11:12:23,059 - root - INFO - Scheduled Token-202 to start at 2025-03-14 08:40:58.604192.
2025-03-11 11:12:23,059 - root - INFO - Scheduled Token-203 to start at 2025-03-14 08:47:01.210576.
2025-03-11 11:12:23,060 - root - INFO - Scheduled Token-204 to start at 2025-03-14 08:52:24.227949.
2025-03-11 11:12:23,060 - root - INFO - Scheduled Token-205 to start at 2025-03-14 08:57:22.313804.
2025-03-11 11:12:23,061 - root - INFO - Scheduled Token-206 to start at 2025-03-14 09:03:47.632568.
2025-03-11 11:12:23,061 - root - INFO - Scheduled Token-207 to start at 2025-03-14 09:09:35.856417.
2025-03-11 11:12:23,061 - root - INFO - Scheduled Token-208 to start at 2025-03-14 09:15:05.047694.
2025-03-11 11:12:23,062 - root - INFO - Scheduled Token-209 to start at 2025-03-14 09:20:58.825770.
2025-03-11 11:12:23,062 - root - INFO - Scheduled Token-210 to start at 2025-03-14 09:26:58.451232.
2025-03-11 11:12:23,063 - root - INFO - Scheduled Token-211 to start at 2025-03-14 09:32:10.207204.
2025-03-11 11:12:23,064 - root - INFO - Scheduled Token-212 to start at 2025-03-14 09:36:43.439090.
2025-03-11 11:12:23,064 - root - INFO - Scheduled Token-213 to start at 2025-03-14 09:42:59.760948.
2025-03-11 11:12:23,065 - root - INFO - Scheduled Token-214 to start at 2025-03-14 09:48:48.578581.
2025-03-11 11:12:23,065 - root - INFO - Scheduled Token-215 to start at 2025-03-14 09:54:57.525668.
2025-03-11 11:12:23,066 - root - INFO - Scheduled Token-216 to start at 2025-03-14 10:00:51.140309.
2025-03-11 11:12:23,066 - root - INFO - Scheduled Token-217 to start at 2025-03-14 10:07:12.275192.
2025-03-11 11:12:23,066 - root - INFO - Scheduled Token-218 to start at 2025-03-14 10:12:59.190112.
2025-03-11 11:12:23,067 - root - INFO - Scheduled Token-219 to start at 2025-03-14 10:18:02.462691.
2025-03-11 11:12:23,067 - root - INFO - Scheduled Token-220 to start at 2025-03-14 10:23:12.453327.
2025-03-11 11:12:23,067 - root - INFO - Scheduled Token-221 to start at 2025-03-14 10:29:23.288817.
2025-03-11 11:12:23,068 - root - INFO - Scheduled Token-222 to start at 2025-03-14 10:35:12.168142.
2025-03-11 11:12:23,068 - root - INFO - Scheduled Token-223 to start at 2025-03-14 10:40:41.674395.
2025-03-11 11:12:23,068 - root - INFO - Scheduled Token-224 to start at 2025-03-14 10:46:54.810288.
2025-03-11 11:12:23,068 - root - INFO - Scheduled Token-225 to start at 2025-03-14 10:53:11.703257.
2025-03-11 11:12:23,069 - root - INFO - Scheduled Token-226 to start at 2025-03-14 10:59:12.536974.
2025-03-11 11:12:23,069 - root - INFO - Scheduled Token-227 to start at 2025-03-14 11:04:13.442147.
2025-03-11 11:12:23,069 - root - INFO - Scheduled Token-228 to start at 2025-03-14 11:10:12.219897.
2025-03-11 11:12:23,069 - root - INFO - Scheduled Token-229 to start at 2025-03-14 11:16:35.536212.
2025-03-11 11:12:23,069 - root - INFO - Scheduled Token-230 to start at 2025-03-14 11:21:36.505845.
2025-03-11 11:12:23,069 - root - INFO - Scheduled Token-231 to start at 2025-03-14 11:26:08.201781.
2025-03-11 11:12:23,069 - root - INFO - Scheduled Token-232 to start at 2025-03-14 11:32:08.382510.
2025-03-11 11:12:23,069 - root - INFO - Scheduled Token-233 to start at 2025-03-14 11:38:00.734994.
2025-03-11 11:12:23,069 - root - INFO - Scheduled Token-234 to start at 2025-03-14 11:42:57.398010.
2025-03-11 11:12:23,071 - root - INFO - Scheduled Token-235 to start at 2025-03-14 11:47:18.633560.
2025-03-11 11:12:23,071 - root - INFO - Scheduled Token-236 to start at 2025-03-14 11:53:17.940719.
2025-03-11 11:12:23,071 - root - INFO - Scheduled Token-237 to start at 2025-03-14 11:59:37.500007.
2025-03-11 11:12:23,071 - root - INFO - Scheduled Token-238 to start at 2025-03-14 12:04:20.641035.
2025-03-11 11:12:23,071 - root - INFO - Scheduled Token-239 to start at 2025-03-14 12:09:45.983418.
2025-03-11 11:12:23,071 - root - INFO - Scheduled Token-240 to start at 2025-03-14 12:15:07.581637.
2025-03-11 11:12:23,071 - root - INFO - Scheduled Token-241 to start at 2025-03-14 12:19:21.163906.
2025-03-11 11:12:23,072 - root - INFO - Scheduled Token-242 to start at 2025-03-14 12:25:24.039152.
2025-03-11 11:12:23,072 - root - INFO - Scheduled Token-243 to start at 2025-03-14 12:31:45.419453.
2025-03-11 11:12:23,072 - root - INFO - Scheduled Token-244 to start at 2025-03-14 12:37:49.742204.
2025-03-11 11:12:23,072 - root - INFO - Scheduled Token-245 to start at 2025-03-14 12:42:43.923250.
2025-03-11 11:12:23,072 - root - INFO - Scheduled Token-246 to start at 2025-03-14 12:48:20.074082.
2025-03-11 11:12:23,073 - root - INFO - Scheduled Token-247 to start at 2025-03-14 12:54:40.965077.
2025-03-11 11:12:23,073 - root - INFO - Scheduled Token-248 to start at 2025-03-14 13:01:07.381924.
2025-03-11 11:12:23,073 - root - INFO - Scheduled Token-249 to start at 2025-03-14 13:06:47.922030.
2025-03-11 11:12:23,074 - root - INFO - Scheduled Token-250 to start at 2025-03-14 13:13:02.833312.
2025-03-11 11:12:23,074 - root - INFO - Scheduled Token-251 to start at 2025-03-14 13:18:04.103412.
2025-03-11 11:12:23,074 - root - INFO - Scheduled Token-252 to start at 2025-03-14 13:22:41.444730.
2025-03-11 11:12:23,075 - root - INFO - Scheduled Token-253 to start at 2025-03-14 13:28:02.142680.
2025-03-11 11:12:23,077 - root - INFO - Scheduled Token-254 to start at 2025-03-14 13:33:06.170940.
2025-03-11 11:12:23,078 - root - INFO - Scheduled Token-255 to start at 2025-03-14 13:39:07.510021.
2025-03-11 11:12:23,078 - root - INFO - Scheduled Token-256 to start at 2025-03-14 13:44:20.409415.
2025-03-11 11:12:23,078 - root - INFO - Scheduled Token-257 to start at 2025-03-14 13:50:12.498923.
2025-03-11 11:12:23,079 - root - INFO - Scheduled Token-258 to start at 2025-03-14 13:56:21.049664.
2025-03-11 11:12:23,079 - root - INFO - Scheduled Token-259 to start at 2025-03-17 08:00:00.
2025-03-11 11:12:23,080 - root - INFO - Scheduled Token-260 to start at 2025-03-17 08:05:39.954889.
2025-03-11 11:12:23,081 - root - INFO - Scheduled Token-261 to start at 2025-03-17 08:11:35.946607.
2025-03-11 11:12:23,100 - root - INFO - Scheduled Token-262 to start at 2025-03-17 08:16:06.224539.
2025-03-11 11:12:23,101 - root - INFO - Scheduled Token-263 to start at 2025-03-17 08:21:24.241174.
2025-03-11 11:12:23,101 - root - INFO - Scheduled Token-264 to start at 2025-03-17 08:27:25.739479.
2025-03-11 11:12:23,102 - root - INFO - Scheduled Token-265 to start at 2025-03-17 08:32:20.966438.
2025-03-11 11:12:23,102 - root - INFO - Scheduled Token-266 to start at 2025-03-17 08:37:45.015168.
2025-03-11 11:12:23,102 - root - INFO - Scheduled Token-267 to start at 2025-03-17 08:44:09.264760.
2025-03-11 11:12:23,103 - root - INFO - Scheduled Token-268 to start at 2025-03-17 08:48:28.539573.
2025-03-11 11:12:23,103 - root - INFO - Scheduled Token-269 to start at 2025-03-17 08:54:38.758077.
2025-03-11 11:12:23,104 - root - INFO - Scheduled Token-270 to start at 2025-03-17 09:00:09.393477.
2025-03-11 11:12:23,105 - root - INFO - Scheduled Token-271 to start at 2025-03-17 09:06:31.425368.
2025-03-11 11:12:23,105 - root - INFO - Scheduled Token-272 to start at 2025-03-17 09:11:15.841284.
2025-03-11 11:12:23,105 - root - INFO - Scheduled Token-273 to start at 2025-03-17 09:16:19.983142.
2025-03-11 11:12:23,106 - root - INFO - Scheduled Token-274 to start at 2025-03-17 09:22:16.483622.
2025-03-11 11:12:23,106 - root - INFO - Scheduled Token-275 to start at 2025-03-17 09:28:20.854125.
2025-03-11 11:12:23,107 - root - INFO - Scheduled Token-276 to start at 2025-03-17 09:34:07.545827.
2025-03-11 11:12:23,107 - root - INFO - Scheduled Token-277 to start at 2025-03-17 09:39:12.691966.
2025-03-11 11:12:23,108 - root - INFO - Scheduled Token-278 to start at 2025-03-17 09:45:22.678023.
2025-03-11 11:12:23,108 - root - INFO - Scheduled Token-279 to start at 2025-03-17 09:50:13.896621.
2025-03-11 11:12:23,109 - root - INFO - Scheduled Token-280 to start at 2025-03-17 09:56:07.043943.
2025-03-11 11:12:23,110 - root - INFO - Scheduled Token-281 to start at 2025-03-17 10:02:17.228294.
2025-03-11 11:12:23,110 - root - INFO - Scheduled Token-282 to start at 2025-03-17 10:08:33.507486.
2025-03-11 11:12:23,110 - root - INFO - Scheduled Token-283 to start at 2025-03-17 10:14:56.491712.
2025-03-11 11:12:23,110 - root - INFO - Scheduled Token-284 to start at 2025-03-17 10:20:51.799527.
2025-03-11 11:12:23,111 - root - INFO - Scheduled Token-285 to start at 2025-03-17 10:27:16.227574.
2025-03-11 11:12:23,111 - root - INFO - Scheduled Token-286 to start at 2025-03-17 10:32:50.809318.
2025-03-11 11:12:23,111 - root - INFO - Scheduled Token-287 to start at 2025-03-17 10:37:49.686838.
2025-03-11 11:12:23,111 - root - INFO - Scheduled Token-288 to start at 2025-03-17 10:42:29.528616.
2025-03-11 11:12:23,111 - root - INFO - Scheduled Token-289 to start at 2025-03-17 10:48:23.744514.
2025-03-11 11:12:23,111 - root - INFO - Scheduled Token-290 to start at 2025-03-17 10:54:21.974407.
2025-03-11 11:12:23,111 - root - INFO - Scheduled Token-291 to start at 2025-03-17 10:59:58.781495.
2025-03-11 11:12:23,111 - root - INFO - Scheduled Token-292 to start at 2025-03-17 11:06:13.045147.
2025-03-11 11:12:23,113 - root - INFO - Scheduled Token-293 to start at 2025-03-17 11:12:36.051023.
2025-03-11 11:12:23,113 - root - INFO - Scheduled Token-294 to start at 2025-03-17 11:17:47.135336.
2025-03-11 11:12:23,113 - root - INFO - Scheduled Token-295 to start at 2025-03-17 11:23:36.591195.
2025-03-11 11:12:23,113 - root - INFO - Scheduled Token-296 to start at 2025-03-17 11:29:38.590423.
2025-03-11 11:12:23,113 - root - INFO - Scheduled Token-297 to start at 2025-03-17 11:35:12.722794.
2025-03-11 11:12:23,113 - root - INFO - Scheduled Token-298 to start at 2025-03-17 11:41:30.113141.
2025-03-11 11:12:23,113 - root - INFO - Scheduled Token-299 to start at 2025-03-17 11:47:20.076557.
2025-03-11 11:12:23,114 - root - INFO - Scheduled Token-300 to start at 2025-03-17 11:53:07.931817.
2025-03-11 11:12:23,114 - root - INFO - Scheduled Token-301 to start at 2025-03-17 11:58:47.570461.
2025-03-11 11:12:23,114 - root - INFO - Scheduled Token-302 to start at 2025-03-17 12:04:13.377881.
2025-03-11 11:12:23,114 - root - INFO - Scheduled Token-303 to start at 2025-03-17 12:10:08.841277.
2025-03-11 11:12:23,114 - root - INFO - Scheduled Token-304 to start at 2025-03-17 12:16:10.447868.
2025-03-11 11:12:23,116 - root - INFO - Scheduled Token-305 to start at 2025-03-17 12:20:57.111386.
2025-03-11 11:12:23,116 - root - INFO - Scheduled Token-306 to start at 2025-03-17 12:27:14.437880.
2025-03-11 11:12:23,116 - root - INFO - Scheduled Token-307 to start at 2025-03-17 12:32:08.889236.
2025-03-11 11:12:23,116 - root - INFO - Scheduled Token-308 to start at 2025-03-17 12:38:15.271590.
2025-03-11 11:12:23,117 - root - INFO - Scheduled Token-309 to start at 2025-03-17 12:44:13.345995.
2025-03-11 11:12:23,117 - root - INFO - Scheduled Token-310 to start at 2025-03-17 12:49:02.652826.
2025-03-11 11:12:23,117 - root - INFO - Scheduled Token-311 to start at 2025-03-17 12:55:24.409478.
2025-03-11 11:12:23,117 - root - INFO - Scheduled Token-312 to start at 2025-03-17 13:01:38.663045.
2025-03-11 11:12:23,118 - root - INFO - Scheduled Token-313 to start at 2025-03-17 13:06:33.704434.
2025-03-11 11:12:23,118 - root - INFO - Scheduled Token-314 to start at 2025-03-17 13:11:55.514162.
2025-03-11 11:12:23,118 - root - INFO - Scheduled Token-315 to start at 2025-03-17 13:17:29.338643.
2025-03-11 11:12:23,118 - root - INFO - Scheduled Token-316 to start at 2025-03-17 13:23:41.021712.
2025-03-11 11:12:23,118 - root - INFO - Scheduled Token-317 to start at 2025-03-17 13:28:03.184090.
2025-03-11 11:12:23,119 - root - INFO - Scheduled Token-318 to start at 2025-03-17 13:34:23.110317.
2025-03-11 11:12:23,119 - root - INFO - Scheduled Token-319 to start at 2025-03-17 13:40:39.245702.
2025-03-11 11:12:23,119 - root - INFO - Scheduled Token-320 to start at 2025-03-17 13:47:00.687644.
2025-03-11 11:12:23,119 - root - INFO - Scheduled Token-321 to start at 2025-03-17 13:53:15.065107.
2025-03-11 11:12:23,119 - root - INFO - Scheduled Token-322 to start at 2025-03-17 13:57:46.323910.
2025-03-11 11:12:23,119 - root - INFO - Scheduled Token-323 to start at 2025-03-18 08:00:00.
2025-03-11 11:12:23,119 - root - INFO - Scheduled Token-324 to start at 2025-03-18 08:05:22.627308.
2025-03-11 11:12:23,119 - root - INFO - Scheduled Token-325 to start at 2025-03-18 08:10:55.265792.
2025-03-11 11:12:23,119 - root - INFO - Scheduled Token-326 to start at 2025-03-18 08:15:52.840920.
2025-03-11 11:12:23,119 - root - INFO - Scheduled Token-327 to start at 2025-03-18 08:21:26.610486.
2025-03-11 11:12:23,119 - root - INFO - Scheduled Token-328 to start at 2025-03-18 08:26:33.726743.
2025-03-11 11:12:23,120 - root - INFO - Scheduled Token-329 to start at 2025-03-18 08:32:37.277657.
2025-03-11 11:12:23,120 - root - INFO - Scheduled Token-330 to start at 2025-03-18 08:37:14.143900.
2025-03-11 11:12:23,120 - root - INFO - Scheduled Token-331 to start at 2025-03-18 08:41:37.054351.
2025-03-11 11:12:23,122 - root - INFO - Scheduled Token-332 to start at 2025-03-18 08:46:40.182579.
2025-03-11 11:12:23,122 - root - INFO - Scheduled Token-333 to start at 2025-03-18 08:52:34.485349.
2025-03-11 11:12:23,122 - root - INFO - Scheduled Token-334 to start at 2025-03-18 08:58:19.180777.
2025-03-11 11:12:23,122 - root - INFO - Scheduled Token-335 to start at 2025-03-18 09:04:01.913734.
2025-03-11 11:12:23,122 - root - INFO - Scheduled Token-336 to start at 2025-03-18 09:09:50.017362.
2025-03-11 11:12:23,122 - root - INFO - Scheduled Token-337 to start at 2025-03-18 09:14:05.023279.
2025-03-11 11:12:23,123 - root - INFO - Scheduled Token-338 to start at 2025-03-18 09:20:07.374048.
2025-03-11 11:12:23,125 - root - INFO - Scheduled Token-339 to start at 2025-03-18 09:24:44.704482.
2025-03-11 11:12:23,125 - root - INFO - Scheduled Token-340 to start at 2025-03-18 09:30:48.440657.
2025-03-11 11:12:23,126 - root - INFO - Scheduled Token-341 to start at 2025-03-18 09:35:40.249701.
2025-03-11 11:12:23,126 - root - INFO - Scheduled Token-342 to start at 2025-03-18 09:41:33.653228.
2025-03-11 11:12:23,127 - root - INFO - Scheduled Token-343 to start at 2025-03-18 09:47:05.006734.
2025-03-11 11:12:23,128 - root - INFO - Scheduled Token-344 to start at 2025-03-18 09:51:51.741079.
2025-03-11 11:12:23,148 - root - INFO - Scheduled Token-345 to start at 2025-03-18 09:57:19.653088.
2025-03-11 11:12:23,148 - root - INFO - Scheduled Token-346 to start at 2025-03-18 10:01:56.671615.
2025-03-11 11:12:23,150 - root - INFO - Scheduled Token-347 to start at 2025-03-18 10:07:28.703767.
2025-03-11 11:12:23,150 - root - INFO - Scheduled Token-348 to start at 2025-03-18 10:13:23.418972.
2025-03-11 11:12:23,150 - root - INFO - Scheduled Token-349 to start at 2025-03-18 10:19:49.052083.
2025-03-11 11:12:23,151 - root - INFO - Scheduled Token-350 to start at 2025-03-18 10:26:00.385352.
2025-03-11 11:12:23,151 - root - INFO - Scheduled Token-351 to start at 2025-03-18 10:32:05.719689.
2025-03-11 11:12:23,152 - root - INFO - Scheduled Token-352 to start at 2025-03-18 10:37:18.092690.
2025-03-11 11:12:23,152 - root - INFO - Scheduled Token-353 to start at 2025-03-18 10:43:35.306202.
2025-03-11 11:12:23,152 - root - INFO - Scheduled Token-354 to start at 2025-03-18 10:49:59.733200.
2025-03-11 11:12:23,153 - root - INFO - Scheduled Token-355 to start at 2025-03-18 10:55:45.675683.
2025-03-11 11:12:23,153 - root - INFO - Scheduled Token-356 to start at 2025-03-18 11:02:11.519666.
2025-03-11 11:12:23,153 - root - INFO - Scheduled Token-357 to start at 2025-03-18 11:08:31.720411.
2025-03-11 11:12:23,155 - root - INFO - Scheduled Token-358 to start at 2025-03-18 11:14:58.402673.
2025-03-11 11:12:23,155 - root - INFO - Scheduled Token-359 to start at 2025-03-18 11:20:45.874952.
2025-03-11 11:12:23,155 - root - INFO - Scheduled Token-360 to start at 2025-03-18 11:26:53.147136.
2025-03-11 11:12:23,156 - root - INFO - Scheduled Token-361 to start at 2025-03-18 11:33:08.890956.
2025-03-11 11:12:23,156 - root - INFO - Scheduled Token-362 to start at 2025-03-18 11:38:24.195073.
2025-03-11 11:12:23,157 - root - INFO - Scheduled Token-363 to start at 2025-03-18 11:44:12.359511.
2025-03-11 11:12:23,157 - root - INFO - Scheduled Token-364 to start at 2025-03-18 11:50:23.965706.
2025-03-11 11:12:23,157 - root - INFO - Scheduled Token-365 to start at 2025-03-18 11:54:48.207939.
2025-03-11 11:12:23,157 - root - INFO - Scheduled Token-366 to start at 2025-03-18 11:59:52.619067.
2025-03-11 11:12:23,158 - root - INFO - Scheduled Token-367 to start at 2025-03-18 12:06:08.092352.
2025-03-11 11:12:23,158 - root - INFO - Scheduled Token-368 to start at 2025-03-18 12:12:19.623243.
2025-03-11 11:12:23,158 - root - INFO - Scheduled Token-369 to start at 2025-03-18 12:17:37.126344.
2025-03-11 11:12:23,158 - root - INFO - Scheduled Token-370 to start at 2025-03-18 12:23:03.871119.
2025-03-11 11:12:23,158 - root - INFO - Scheduled Token-371 to start at 2025-03-18 12:28:45.910111.
2025-03-11 11:12:23,158 - root - INFO - Scheduled Token-372 to start at 2025-03-18 12:34:22.388713.
2025-03-11 11:12:23,158 - root - INFO - Scheduled Token-373 to start at 2025-03-18 12:40:40.229810.
2025-03-11 11:12:23,158 - root - INFO - Scheduled Token-374 to start at 2025-03-18 12:45:47.515702.
2025-03-11 11:12:23,158 - root - INFO - Scheduled Token-375 to start at 2025-03-18 12:52:11.718841.
2025-03-11 11:12:23,160 - root - INFO - Scheduled Token-376 to start at 2025-03-18 12:57:20.763021.
2025-03-11 11:12:23,160 - root - INFO - Scheduled Token-377 to start at 2025-03-18 13:02:59.164388.
2025-03-11 11:12:23,160 - root - INFO - Scheduled Token-378 to start at 2025-03-18 13:09:02.025229.
2025-03-11 11:12:23,160 - root - INFO - Scheduled Token-379 to start at 2025-03-18 13:14:30.651152.
2025-03-11 11:12:23,160 - root - INFO - Scheduled Token-380 to start at 2025-03-18 13:20:54.422602.
2025-03-11 11:12:23,162 - root - INFO - Scheduled Token-381 to start at 2025-03-18 13:25:59.386667.
2025-03-11 11:12:23,162 - root - INFO - Scheduled Token-382 to start at 2025-03-18 13:32:06.624697.
2025-03-11 11:12:23,162 - root - INFO - Scheduled Token-383 to start at 2025-03-18 13:38:06.938030.
2025-03-11 11:12:23,162 - root - INFO - Scheduled Token-384 to start at 2025-03-18 13:44:26.028018.
2025-03-11 11:12:23,162 - root - INFO - Scheduled Token-385 to start at 2025-03-18 13:49:15.892264.
2025-03-11 11:12:23,163 - root - INFO - Scheduled Token-386 to start at 2025-03-18 13:55:26.129292.
2025-03-11 11:12:23,163 - root - INFO - Scheduled Token-387 to start at 2025-03-19 08:00:00.
2025-03-11 11:12:23,163 - root - INFO - Scheduled Token-388 to start at 2025-03-19 08:05:52.579538.
2025-03-11 11:12:23,164 - root - INFO - Scheduled Token-389 to start at 2025-03-19 08:11:39.729945.
2025-03-11 11:12:23,164 - root - INFO - Scheduled Token-390 to start at 2025-03-19 08:16:03.832148.
2025-03-11 11:12:23,164 - root - INFO - Scheduled Token-391 to start at 2025-03-19 08:21:12.360464.
2025-03-11 11:12:23,164 - root - INFO - Scheduled Token-392 to start at 2025-03-19 08:26:43.202857.
2025-03-11 11:12:23,164 - root - INFO - Scheduled Token-393 to start at 2025-03-19 08:31:39.049416.
2025-03-11 11:12:23,164 - root - INFO - Scheduled Token-394 to start at 2025-03-19 08:36:46.516276.
2025-03-11 11:12:23,164 - root - INFO - Scheduled Token-395 to start at 2025-03-19 08:41:28.265291.
2025-03-11 11:12:23,164 - root - INFO - Scheduled Token-396 to start at 2025-03-19 08:47:32.767581.
2025-03-11 11:12:23,164 - root - INFO - Scheduled Token-397 to start at 2025-03-19 08:52:52.040169.
2025-03-11 11:12:23,164 - root - INFO - Scheduled Token-398 to start at 2025-03-19 08:58:09.590420.
2025-03-11 11:12:23,165 - root - INFO - Scheduled Token-399 to start at 2025-03-19 09:04:30.316082.
2025-03-11 11:12:23,165 - root - INFO - Scheduled Token-400 to start at 2025-03-19 09:09:49.574145.
2025-03-11 11:12:23,165 - root - INFO - Scheduled Token-401 to start at 2025-03-19 09:15:41.326028.
2025-03-11 11:12:23,165 - root - INFO - Scheduled Token-402 to start at 2025-03-19 09:22:01.690619.
2025-03-11 11:12:23,165 - root - INFO - Scheduled Token-403 to start at 2025-03-19 09:28:18.438688.
2025-03-11 11:12:23,167 - root - INFO - Scheduled Token-404 to start at 2025-03-19 09:33:22.639142.
2025-03-11 11:12:23,167 - root - INFO - Scheduled Token-405 to start at 2025-03-19 09:39:07.791242.
2025-03-11 11:12:23,167 - root - INFO - Scheduled Token-406 to start at 2025-03-19 09:43:26.201051.
2025-03-11 11:12:23,167 - root - INFO - Scheduled Token-407 to start at 2025-03-19 09:49:37.961891.
2025-03-11 11:12:23,167 - root - INFO - Scheduled Token-408 to start at 2025-03-19 09:55:45.941426.
2025-03-11 11:12:23,167 - root - INFO - Scheduled Token-409 to start at 2025-03-19 10:01:30.342635.
2025-03-11 11:12:23,168 - root - INFO - Scheduled Token-410 to start at 2025-03-19 10:06:50.924521.
2025-03-11 11:12:23,168 - root - INFO - Scheduled Token-411 to start at 2025-03-19 10:12:31.357056.
2025-03-11 11:12:23,169 - root - INFO - Scheduled Token-412 to start at 2025-03-19 10:17:53.731323.
2025-03-11 11:12:23,169 - root - INFO - Scheduled Token-413 to start at 2025-03-19 10:23:19.219921.
2025-03-11 11:12:23,169 - root - INFO - Scheduled Token-414 to start at 2025-03-19 10:29:33.388767.
2025-03-11 11:12:23,169 - root - INFO - Scheduled Token-415 to start at 2025-03-19 10:35:50.984104.
2025-03-11 11:12:23,170 - root - INFO - Scheduled Token-416 to start at 2025-03-19 10:40:29.644702.
2025-03-11 11:12:23,170 - root - INFO - Scheduled Token-417 to start at 2025-03-19 10:45:44.417232.
2025-03-11 11:12:23,170 - root - INFO - Scheduled Token-418 to start at 2025-03-19 10:51:28.005269.
2025-03-11 11:12:23,171 - root - INFO - Scheduled Token-419 to start at 2025-03-19 10:56:57.029937.
2025-03-11 11:12:23,171 - root - INFO - Scheduled Token-420 to start at 2025-03-19 11:02:45.694933.
2025-03-11 11:12:23,171 - root - INFO - Scheduled Token-421 to start at 2025-03-19 11:07:30.493896.
2025-03-11 11:12:23,171 - root - INFO - Scheduled Token-422 to start at 2025-03-19 11:13:28.762109.
2025-03-11 11:12:23,172 - root - INFO - Scheduled Token-423 to start at 2025-03-19 11:19:33.771599.
2025-03-11 11:12:23,172 - root - INFO - Scheduled Token-424 to start at 2025-03-19 11:25:01.954446.
2025-03-11 11:12:23,172 - root - INFO - Scheduled Token-425 to start at 2025-03-19 11:31:20.295133.
2025-03-11 11:12:23,173 - root - INFO - Scheduled Token-426 to start at 2025-03-19 11:36:10.575923.
2025-03-11 11:12:23,173 - root - INFO - Scheduled Token-427 to start at 2025-03-19 11:42:15.658189.
2025-03-11 11:12:23,174 - root - INFO - Scheduled Token-428 to start at 2025-03-19 11:47:58.023227.
2025-03-11 11:12:23,174 - root - INFO - Scheduled Token-429 to start at 2025-03-19 11:53:32.541857.
2025-03-11 11:12:23,174 - root - INFO - Scheduled Token-430 to start at 2025-03-19 11:59:35.232161.
2025-03-11 11:12:23,175 - root - INFO - Scheduled Token-431 to start at 2025-03-19 12:05:39.672857.
2025-03-11 11:12:23,175 - root - INFO - Scheduled Token-432 to start at 2025-03-19 12:10:22.579620.
2025-03-11 11:12:23,175 - root - INFO - Scheduled Token-433 to start at 2025-03-19 12:15:28.749228.
2025-03-11 11:12:23,176 - root - INFO - Scheduled Token-434 to start at 2025-03-19 12:19:49.349188.
2025-03-11 11:12:23,176 - root - INFO - Scheduled Token-435 to start at 2025-03-19 12:25:02.091910.
2025-03-11 11:12:23,177 - root - INFO - Scheduled Token-436 to start at 2025-03-19 12:29:17.443610.
2025-03-11 11:12:23,177 - root - INFO - Scheduled Token-437 to start at 2025-03-19 12:34:41.496854.
2025-03-11 11:12:23,179 - root - INFO - Scheduled Token-438 to start at 2025-03-19 12:41:05.411120.
2025-03-11 11:12:23,180 - root - INFO - Scheduled Token-439 to start at 2025-03-19 12:45:47.904268.
2025-03-11 11:12:23,200 - root - INFO - Scheduled Token-440 to start at 2025-03-19 12:51:46.310890.
2025-03-11 11:12:23,200 - root - INFO - Scheduled Token-441 to start at 2025-03-19 12:57:26.841835.
2025-03-11 11:12:23,201 - root - INFO - Scheduled Token-442 to start at 2025-03-19 13:02:54.432270.
2025-03-11 11:12:23,202 - root - INFO - Scheduled Token-443 to start at 2025-03-19 13:08:08.304215.
2025-03-11 11:12:23,202 - root - INFO - Scheduled Token-444 to start at 2025-03-19 13:14:24.919201.
2025-03-11 11:12:23,202 - root - INFO - Scheduled Token-445 to start at 2025-03-19 13:20:09.141830.
2025-03-11 11:12:23,203 - root - INFO - Scheduled Token-446 to start at 2025-03-19 13:26:07.709458.
2025-03-11 11:12:23,203 - root - INFO - Scheduled Token-447 to start at 2025-03-19 13:31:48.764103.
2025-03-11 11:12:23,203 - root - INFO - Scheduled Token-448 to start at 2025-03-19 13:38:10.748008.
2025-03-11 11:12:23,204 - root - INFO - Scheduled Token-449 to start at 2025-03-19 13:44:32.953831.
2025-03-11 11:12:23,204 - root - INFO - Scheduled Token-450 to start at 2025-03-19 13:50:17.226525.
2025-03-11 11:12:23,204 - root - INFO - Scheduled Token-451 to start at 2025-03-19 13:56:05.906954.
2025-03-11 11:12:23,204 - root - INFO - Scheduled Token-452 to start at 2025-03-20 08:00:00.
2025-03-11 11:12:23,205 - root - INFO - Scheduled Token-453 to start at 2025-03-20 08:05:10.851479.
2025-03-11 11:12:23,205 - root - INFO - Scheduled Token-454 to start at 2025-03-20 08:11:37.295356.
2025-03-11 11:12:23,205 - root - INFO - Scheduled 454 tokens. Running simulation...
2025-03-11 11:12:23,205 - root - INFO - Running pre-simulation diagnostics...
2025-03-11 11:12:23,205 - root - INFO - Found 1 start nodes: ['Monthly']
2025-03-11 11:12:23,205 - root - INFO - Start nodes: ['Monthly']
2025-03-11 11:12:23,205 - root - INFO - End nodes: ['Unknown']
2025-03-11 11:12:23,205 - root - INFO - Node ID: Monthly, Name: Unknown, Resource: None, Type: Start
2025-03-11 11:12:23,205 - root - INFO - Node ID: Review AM using Asset Change Tracker (5.5.13.1), Name: Unknown, Resource: Tech, Type: Activity Step
2025-03-11 11:12:23,205 - root - INFO - Node ID: Complete /Accurate?, Name: Unknown, Resource: None, Type: Activity Step
2025-03-11 11:12:23,205 - root - INFO - Node ID: Note Accuracy in Asset Change Tracker (5.5.13.2), Name: Unknown, Resource: Tech, Type: [Inclusive Gateway]
2025-03-11 11:12:23,205 - root - INFO - Node ID: Work with REO RPO to Correct (5.5.13.3), Name: Unknown, Resource: Tech, Type: CONDITION-No
2025-03-11 11:12:23,205 - root - INFO - Node ID: Create Journal Entries?, Name: Unknown, Resource: None, Type: [Inclusive Gateway]
2025-03-11 11:12:23,205 - root - INFO - Node ID: Create/Post Journal Entries (5.5.13.4), Name: Unknown, Resource: Certifier, Type: [Inclusive Gateway]
2025-03-11 11:12:23,205 - root - INFO - Node ID: Unknown, Name: Unknown, Resource: None, Type: Stop
2025-03-11 11:12:23,205 - root - INFO - Node ID: Inclusive Path 3, Name: Unknown, Resource: None, Type: [Inclusive Gateway]
2025-03-11 11:12:23,205 - root - INFO - Resource 'Certifier' (count: 1) is assigned to tasks: ['Create/Post Journal Entries (5.5.13.4)']
2025-03-11 11:12:23,205 - root - INFO - Resource 'Tech' (count: 1) is assigned to tasks: ['Review AM using Asset Change Tracker (5.5.13.1)', 'Note Accuracy in Asset Change Tracker (5.5.13.2)', 'Work with REO RPO to Correct (5.5.13.3)']
2025-03-11 11:12:23,209 - root - INFO - Gateway Complete /Accurate? of type [Exclusive Gateway] has outgoing paths: ['Note Accuracy in Asset Change Tracker (5.5.13.2)', 'Work with REO RPO to Correct (5.5.13.3)']
2025-03-11 11:12:23,210 - root - INFO - Gateway Note Accuracy in Asset Change Tracker (5.5.13.2) of type [Inclusive Gateway] has outgoing paths: ['Unknown']
2025-03-11 11:12:23,210 - root - INFO - Gateway Create Journal Entries? of type [Inclusive Gateway] has outgoing paths: ['Create/Post Journal Entries (5.5.13.4)', 'Note Accuracy in Asset Change Tracker (5.5.13.2)', 'Inclusive Path 3']
2025-03-11 11:12:23,210 - root - INFO - Gateway Create/Post Journal Entries (5.5.13.4) of type [Inclusive Gateway] has outgoing paths: ['Unknown']
2025-03-11 11:12:23,211 - root - INFO - Gateway Unknown of type [Inclusive Gateway] has outgoing paths: []
2025-03-11 11:12:23,211 - root - INFO - Gateway Inclusive Path 3 of type [Inclusive Gateway] has outgoing paths: ['Unknown']
2025-03-11 11:12:23,211 - root - INFO - Resource Tech has 1 instances available
2025-03-11 11:12:23,212 - root - INFO - Resource Certifier has 1 instances available
2025-03-11 11:12:23,212 - root - INFO - Found 1 start nodes: ['Monthly']
2025-03-11 11:12:23,214 - root - INFO - Found 4 possible paths through the process
2025-03-11 11:12:23,216 - root - INFO - Starting simulation...
2025-03-11 11:12:23,218 - root - INFO - Token Token-1 started task 'Monthly' at 2025-03-11 08:00:00, scheduled to end at 2025-03-11 08:00:00 (processing time: 0.00 min)
2025-03-11 11:12:23,218 - root - INFO - Processing end event: Token Token-1 at node Monthly (Unknown)
2025-03-11 11:12:23,219 - root - INFO - Token Token-1 completed task 'Monthly' at 2025-03-11 08:00:00.
2025-03-11 11:12:23,219 - root - INFO - Next nodes for Monthly: ['Review AM using Asset Change Tracker (5.5.13.1)']
2025-03-11 11:12:23,219 - root - INFO - Scheduling direct next node Review AM using Asset Change Tracker (5.5.13.1)
2025-03-11 11:12:23,220 - root - INFO - Token Token-1 started task 'Review AM using Asset Change Tracker (5.5.13.1)' at 2025-03-11 08:00:00, scheduled to end at 2025-03-11 08:06:21.146801 (processing time: 6.35 min)
2025-03-11 11:12:23,220 - root - INFO - Token Token-2 started task 'Monthly' at 2025-03-11 08:05:50.073635, scheduled to end at 2025-03-11 08:05:50.073635 (processing time: 0.00 min)
2025-03-11 11:12:23,221 - root - INFO - Processing end event: Token Token-2 at node Monthly (Unknown)
2025-03-11 11:12:23,221 - root - INFO - Token Token-2 completed task 'Monthly' at 2025-03-11 08:05:50.073635.
2025-03-11 11:12:23,222 - root - INFO - Next nodes for Monthly: ['Review AM using Asset Change Tracker (5.5.13.1)']
2025-03-11 11:12:23,222 - root - INFO - Scheduling direct next node Review AM using Asset Change Tracker (5.5.13.1)
2025-03-11 11:12:23,222 - root - INFO - Token Token-2 waiting for resource 'Tech' at 2025-03-11 08:05:50.073635
2025-03-11 11:12:23,223 - root - INFO - Processing end event: Token Token-1 at node Review AM using Asset Change Tracker (5.5.13.1) (Unknown)
2025-03-11 11:12:23,223 - root - INFO - Token Token-1 completed task 'Review AM using Asset Change Tracker (5.5.13.1)' at 2025-03-11 08:06:21.146801.
2025-03-11 11:12:23,223 - root - INFO - Releasing resource 'Tech' for token Token-1
2025-03-11 11:12:23,224 - root - INFO - Token Token-2 released from wait queue for 'Tech'
2025-03-11 11:12:23,224 - root - INFO - Next nodes for Review AM using Asset Change Tracker (5.5.13.1): ['Complete /Accurate?']
2025-03-11 11:12:23,224 - root - INFO - Processing gateway Complete /Accurate? of type [Exclusive Gateway]
2025-03-11 11:12:23,225 - root - INFO - Scheduling parallel path Note Accuracy in Asset Change Tracker (5.5.13.2) from gateway Complete /Accurate?
2025-03-11 11:12:23,225 - root - INFO - Scheduling parallel path Work with REO RPO to Correct (5.5.13.3) from gateway Complete /Accurate?
2025-03-11 11:12:23,226 - root - INFO - Token Token-2 waiting for resource 'Tech' at 2025-03-11 08:06:21.146801
2025-03-11 11:12:23,226 - root - INFO - Token Token-1 waiting for resource 'Tech' at 2025-03-11 08:06:21.146801
2025-03-11 11:12:23,226 - root - INFO - Token Token-1 waiting for resource 'Tech' at 2025-03-11 08:06:21.146801
2025-03-11 11:12:23,227 - root - INFO - Token Token-3 started task 'Monthly' at 2025-03-11 08:11:03.543312, scheduled to end at 2025-03-11 08:11:03.543312 (processing time: 0.00 min)
2025-03-11 11:12:23,227 - root - INFO - Processing end event: Token Token-3 at node Monthly (Unknown)
2025-03-11 11:12:23,227 - root - INFO - Token Token-3 completed task 'Monthly' at 2025-03-11 08:11:03.543312.
2025-03-11 11:12:23,228 - root - INFO - Next nodes for Monthly: ['Review AM using Asset Change Tracker (5.5.13.1)']
2025-03-11 11:12:23,228 - root - INFO - Scheduling direct next node Review AM using Asset Change Tracker (5.5.13.1)
2025-03-11 11:12:23,228 - root - INFO - Token Token-3 waiting for resource 'Tech' at 2025-03-11 08:11:03.543312
2025-03-11 11:12:23,229 - root - INFO - Token Token-4 started task 'Monthly' at 2025-03-11 08:16:29.515333, scheduled to end at 2025-03-11 08:16:29.515333 (processing time: 0.00 min)
2025-03-11 11:12:23,229 - root - INFO - Processing end event: Token Token-4 at node Monthly (Unknown)
2025-03-11 11:12:23,230 - root - INFO - Token Token-4 completed task 'Monthly' at 2025-03-11 08:16:29.515333.
2025-03-11 11:12:23,230 - root - INFO - Next nodes for Monthly: ['Review AM using Asset Change Tracker (5.5.13.1)']
2025-03-11 11:12:23,231 - root - INFO - Scheduling direct next node Review AM using Asset Change Tracker (5.5.13.1)
2025-03-11 11:12:23,231 - root - INFO - Token Token-4 waiting for resource 'Tech' at 2025-03-11 08:16:29.515333
2025-03-11 11:12:23,231 - root - INFO - Token Token-5 started task 'Monthly' at 2025-03-11 08:22:37.536286, scheduled to end at 2025-03-11 08:22:37.536286 (processing time: 0.00 min)
2025-03-11 11:12:23,232 - root - INFO - Processing end event: Token Token-5 at node Monthly (Unknown)
2025-03-11 11:12:23,232 - root - INFO - Token Token-5 completed task 'Monthly' at 2025-03-11 08:22:37.536286.
2025-03-11 11:12:23,233 - root - INFO - Next nodes for Monthly: ['Review AM using Asset Change Tracker (5.5.13.1)']
2025-03-11 11:12:23,233 - root - INFO - Scheduling direct next node Review AM using Asset Change Tracker (5.5.13.1)
2025-03-11 11:12:23,233 - root - INFO - Token Token-5 waiting for resource 'Tech' at 2025-03-11 08:22:37.536286
2025-03-11 11:12:23,234 - root - INFO - Token Token-6 started task 'Monthly' at 2025-03-11 08:28:38.955999, scheduled to end at 2025-03-11 08:28:38.955999 (processing time: 0.00 min)
2025-03-11 11:12:23,234 - root - INFO - Processing end event: Token Token-6 at node Monthly (Unknown)
2025-03-11 11:12:23,235 - root - INFO - Token Token-6 completed task 'Monthly' at 2025-03-11 08:28:38.955999.
2025-03-11 11:12:23,237 - root - INFO - Next nodes for Monthly: ['Review AM using Asset Change Tracker (5.5.13.1)']
2025-03-11 11:12:23,237 - root - INFO - Scheduling direct next node Review AM using Asset Change Tracker (5.5.13.1)
2025-03-11 11:12:23,257 - root - INFO - Token Token-6 waiting for resource 'Tech' at 2025-03-11 08:28:38.955999
2025-03-11 11:12:23,257 - root - INFO - Token Token-7 started task 'Monthly' at 2025-03-11 08:34:50.683504, scheduled to end at 2025-03-11 08:34:50.683504 (processing time: 0.00 min)
2025-03-11 11:12:23,257 - root - INFO - Processing end event: Token Token-7 at node Monthly (Unknown)
2025-03-11 11:12:23,257 - root - INFO - Token Token-7 completed task 'Monthly' at 2025-03-11 08:34:50.683504.
2025-03-11 11:12:23,258 - root - INFO - Next nodes for Monthly: ['Review AM using Asset Change Tracker (5.5.13.1)']
2025-03-11 11:12:23,258 - root - INFO - Scheduling direct next node Review AM using Asset Change Tracker (5.5.13.1)
2025-03-11 11:12:23,258 - root - INFO - Token Token-7 waiting for resource 'Tech' at 2025-03-11 08:34:50.683504
2025-03-11 11:12:23,259 - root - INFO - Token Token-8 started task 'Monthly' at 2025-03-11 08:41:02.960970, scheduled to end at 2025-03-11 08:41:02.960970 (processing time: 0.00 min)
2025-03-11 11:12:23,259 - root - INFO - Processing end event: Token Token-8 at node Monthly (Unknown)
2025-03-11 11:12:23,259 - root - INFO - Token Token-8 completed task 'Monthly' at 2025-03-11 08:41:02.960970.
2025-03-11 11:12:23,260 - root - INFO - Next nodes for Monthly: ['Review AM using Asset Change Tracker (5.5.13.1)']
2025-03-11 11:12:23,260 - root - INFO - Scheduling direct next node Review AM using Asset Change Tracker (5.5.13.1)
2025-03-11 11:12:23,260 - root - INFO - Token Token-8 waiting for resource 'Tech' at 2025-03-11 08:41:02.960970
2025-03-11 11:12:23,260 - root - INFO - Token Token-9 started task 'Monthly' at 2025-03-11 08:46:47.107492, scheduled to end at 2025-03-11 08:46:47.107492 (processing time: 0.00 min)
2025-03-11 11:12:23,260 - root - INFO - Processing end event: Token Token-9 at node Monthly (Unknown)
2025-03-11 11:12:23,261 - root - INFO - Token Token-9 completed task 'Monthly' at 2025-03-11 08:46:47.107492.
2025-03-11 11:12:23,261 - root - INFO - Next nodes for Monthly: ['Review AM using Asset Change Tracker (5.5.13.1)']
2025-03-11 11:12:23,261 - root - INFO - Scheduling direct next node Review AM using Asset Change Tracker (5.5.13.1)
2025-03-11 11:12:23,261 - root - INFO - Token Token-9 waiting for resource 'Tech' at 2025-03-11 08:46:47.107492
2025-03-11 11:12:23,261 - root - INFO - Token Token-10 started task 'Monthly' at 2025-03-11 08:51:42.788519, scheduled to end at 2025-03-11 08:51:42.788519 (processing time: 0.00 min)
2025-03-11 11:12:23,262 - root - INFO - Processing end event: Token Token-10 at node Monthly (Unknown)
2025-03-11 11:12:23,262 - root - INFO - Token Token-10 completed task 'Monthly' at 2025-03-11 08:51:42.788519.
2025-03-11 11:12:23,262 - root - INFO - Next nodes for Monthly: ['Review AM using Asset Change Tracker (5.5.13.1)']
2025-03-11 11:12:23,262 - root - INFO - Scheduling direct next node Review AM using Asset Change Tracker (5.5.13.1)
2025-03-11 11:12:23,263 - root - INFO - Token Token-10 waiting for resource 'Tech' at 2025-03-11 08:51:42.788519
2025-03-11 11:12:23,263 - root - INFO - Token Token-11 started task 'Monthly' at 2025-03-11 08:56:24.958586, scheduled to end at 2025-03-11 08:56:24.958586 (processing time: 0.00 min)
2025-03-11 11:12:23,263 - root - INFO - Processing end event: Token Token-11 at node Monthly (Unknown)
2025-03-11 11:12:23,264 - root - INFO - Token Token-11 completed task 'Monthly' at 2025-03-11 08:56:24.958586.
2025-03-11 11:12:23,264 - root - INFO - Next nodes for Monthly: ['Review AM using Asset Change Tracker (5.5.13.1)']
2025-03-11 11:12:23,264 - root - INFO - Scheduling direct next node Review AM using Asset Change Tracker (5.5.13.1)
2025-03-11 11:12:23,264 - root - INFO - Token Token-11 waiting for resource 'Tech' at 2025-03-11 08:56:24.958586
2025-03-11 11:12:23,265 - root - INFO - Token Token-12 started task 'Monthly' at 2025-03-11 09:02:35.846982, scheduled to end at 2025-03-11 09:02:35.846982 (processing time: 0.00 min)
2025-03-11 11:12:23,266 - root - INFO - Processing end event: Token Token-12 at node Monthly (Unknown)
2025-03-11 11:12:23,266 - root - INFO - Token Token-12 completed task 'Monthly' at 2025-03-11 09:02:35.846982.
2025-03-11 11:12:23,266 - root - INFO - Next nodes for Monthly: ['Review AM using Asset Change Tracker (5.5.13.1)']
2025-03-11 11:12:23,266 - root - INFO - Scheduling direct next node Review AM using Asset Change Tracker (5.5.13.1)
2025-03-11 11:12:23,267 - root - INFO - Token Token-12 waiting for resource 'Tech' at 2025-03-11 09:02:35.846982
2025-03-11 11:12:23,267 - root - INFO - Token Token-13 started task 'Monthly' at 2025-03-11 09:08:54.654175, scheduled to end at 2025-03-11 09:08:54.654175 (processing time: 0.00 min)
2025-03-11 11:12:23,267 - root - INFO - Processing end event: Token Token-13 at node Monthly (Unknown)
2025-03-11 11:12:23,267 - root - INFO - Token Token-13 completed task 'Monthly' at 2025-03-11 09:08:54.654175.
2025-03-11 11:12:23,268 - root - INFO - Next nodes for Monthly: ['Review AM using Asset Change Tracker (5.5.13.1)']
2025-03-11 11:12:23,268 - root - INFO - Scheduling direct next node Review AM using Asset Change Tracker (5.5.13.1)
2025-03-11 11:12:23,268 - root - INFO - Token Token-13 waiting for resource 'Tech' at 2025-03-11 09:08:54.654175
2025-03-11 11:12:23,268 - root - INFO - Token Token-14 started task 'Monthly' at 2025-03-11 09:14:20.113374, scheduled to end at 2025-03-11 09:14:20.113374 (processing time: 0.00 min)
2025-03-11 11:12:23,268 - root - INFO - Processing end event: Token Token-14 at node Monthly (Unknown)
2025-03-11 11:12:23,269 - root - INFO - Token Token-14 completed task 'Monthly' at 2025-03-11 09:14:20.113374.
2025-03-11 11:12:23,269 - root - INFO - Next nodes for Monthly: ['Review AM using Asset Change Tracker (5.5.13.1)']
2025-03-11 11:12:23,269 - root - INFO - Scheduling direct next node Review AM using Asset Change Tracker (5.5.13.1)
2025-03-11 11:12:23,269 - root - INFO - Token Token-14 waiting for resource 'Tech' at 2025-03-11 09:14:20.113374
2025-03-11 11:12:23,269 - root - INFO - Token Token-15 started task 'Monthly' at 2025-03-11 09:19:36.818832, scheduled to end at 2025-03-11 09:19:36.818832 (processing time: 0.00 min)
2025-03-11 11:12:23,270 - root - INFO - Processing end event: Token Token-15 at node Monthly (Unknown)
2025-03-11 11:12:23,270 - root - INFO - Token Token-15 completed task 'Monthly' at 2025-03-11 09:19:36.818832.
2025-03-11 11:12:23,270 - root - INFO - Next nodes for Monthly: ['Review AM using Asset Change Tracker (5.5.13.1)']
2025-03-11 11:12:23,270 - root - INFO - Scheduling direct next node Review AM using Asset Change Tracker (5.5.13.1)
2025-03-11 11:12:23,271 - root - INFO - Token Token-15 waiting for resource 'Tech' at 2025-03-11 09:19:36.818832
2025-03-11 11:12:23,271 - root - INFO - Token Token-16 started task 'Monthly' at 2025-03-11 09:24:19.490155, scheduled to end at 2025-03-11 09:24:19.490155 (processing time: 0.00 min)
2025-03-11 11:12:23,271 - root - INFO - Processing end event: Token Token-16 at node Monthly (Unknown)
2025-03-11 11:12:23,271 - root - INFO - Token Token-16 completed task 'Monthly' at 2025-03-11 09:24:19.490155.
2025-03-11 11:12:23,272 - root - INFO - Next nodes for Monthly: ['Review AM using Asset Change Tracker (5.5.13.1)']
2025-03-11 11:12:23,272 - root - INFO - Scheduling direct next node Review AM using Asset Change Tracker (5.5.13.1)
2025-03-11 11:12:23,272 - root - INFO - Token Token-16 waiting for resource 'Tech' at 2025-03-11 09:24:19.490155
2025-03-11 11:12:23,272 - root - INFO - Token Token-17 started task 'Monthly' at 2025-03-11 09:30:29.765649, scheduled to end at 2025-03-11 09:30:29.765649 (processing time: 0.00 min)
2025-03-11 11:12:23,273 - root - INFO - Processing end event: Token Token-17 at node Monthly (Unknown)
2025-03-11 11:12:23,273 - root - INFO - Token Token-17 completed task 'Monthly' at 2025-03-11 09:30:29.765649.
2025-03-11 11:12:23,273 - root - INFO - Next nodes for Monthly: ['Review AM using Asset Change Tracker (5.5.13.1)']
2025-03-11 11:12:23,273 - root - INFO - Scheduling direct next node Review AM using Asset Change Tracker (5.5.13.1)
2025-03-11 11:12:23,273 - root - INFO - Token Token-17 waiting for resource 'Tech' at 2025-03-11 09:30:29.765649
2025-03-11 11:12:23,274 - root - INFO - Token Token-18 started task 'Monthly' at 2025-03-11 09:36:38.982487, scheduled to end at 2025-03-11 09:36:38.982487 (processing time: 0.00 min)
2025-03-11 11:12:23,274 - root - INFO - Processing end event: Token Token-18 at node Monthly (Unknown)
2025-03-11 11:12:23,274 - root - INFO - Token Token-18 completed task 'Monthly' at 2025-03-11 09:36:38.982487.
2025-03-11 11:12:23,276 - root - INFO - Next nodes for Monthly: ['Review AM using Asset Change Tracker (5.5.13.1)']
2025-03-11 11:12:23,276 - root - INFO - Scheduling direct next node Review AM using Asset Change Tracker (5.5.13.1)
2025-03-11 11:12:23,277 - root - INFO - Token Token-18 waiting for resource 'Tech' at 2025-03-11 09:36:38.982487
2025-03-11 11:12:23,277 - root - INFO - Token Token-19 started task 'Monthly' at 2025-03-11 09:41:49.532913, scheduled to end at 2025-03-11 09:41:49.532913 (processing time: 0.00 min)
2025-03-11 11:12:23,278 - root - INFO - Processing end event: Token Token-19 at node Monthly (Unknown)
2025-03-11 11:12:23,278 - root - INFO - Token Token-19 completed task 'Monthly' at 2025-03-11 09:41:49.532913.
2025-03-11 11:12:23,278 - root - INFO - Next nodes for Monthly: ['Review AM using Asset Change Tracker (5.5.13.1)']
2025-03-11 11:12:23,279 - root - INFO - Scheduling direct next node Review AM using Asset Change Tracker (5.5.13.1)
2025-03-11 11:12:23,279 - root - INFO - Token Token-19 waiting for resource 'Tech' at 2025-03-11 09:41:49.532913
2025-03-11 11:12:23,280 - root - INFO - Token Token-20 started task 'Monthly' at 2025-03-11 09:48:11.481719, scheduled to end at 2025-03-11 09:48:11.481719 (processing time: 0.00 min)
2025-03-11 11:12:23,280 - root - INFO - Processing end event: Token Token-20 at node Monthly (Unknown)
2025-03-11 11:12:23,280 - root - INFO - Token Token-20 completed task 'Monthly' at 2025-03-11 09:48:11.481719.
2025-03-11 11:12:23,281 - root - INFO - Next nodes for Monthly: ['Review AM using Asset Change Tracker (5.5.13.1)']
2025-03-11 11:12:23,281 - root - INFO - Scheduling direct next node Review AM using Asset Change Tracker (5.5.13.1)
2025-03-11 11:12:23,282 - root - INFO - Token Token-20 waiting for resource 'Tech' at 2025-03-11 09:48:11.481719
2025-03-11 11:12:23,282 - root - INFO - Token Token-21 started task 'Monthly' at 2025-03-11 09:54:19.042581, scheduled to end at 2025-03-11 09:54:19.042581 (processing time: 0.00 min)
2025-03-11 11:12:23,282 - root - INFO - Processing end event: Token Token-21 at node Monthly (Unknown)
2025-03-11 11:12:23,283 - root - INFO - Token Token-21 completed task 'Monthly' at 2025-03-11 09:54:19.042581.
2025-03-11 11:12:23,283 - root - INFO - Next nodes for Monthly: ['Review AM using Asset Change Tracker (5.5.13.1)']
2025-03-11 11:12:23,283 - root - INFO - Scheduling direct next node Review AM using Asset Change Tracker (5.5.13.1)
2025-03-11 11:12:23,284 - root - INFO - Token Token-21 waiting for resource 'Tech' at 2025-03-11 09:54:19.042581
2025-03-11 11:12:23,305 - root - INFO - Token Token-22 started task 'Monthly' at 2025-03-11 10:00:38.763995, scheduled to end at 2025-03-11 10:00:38.763995 (processing time: 0.00 min)
2025-03-11 11:12:23,306 - root - INFO - Processing end event: Token Token-22 at node Monthly (Unknown)
2025-03-11 11:12:23,307 - root - INFO - Token Token-22 completed task 'Monthly' at 2025-03-11 10:00:38.763995.
2025-03-11 11:12:23,307 - root - INFO - Next nodes for Monthly: ['Review AM using Asset Change Tracker (5.5.13.1)']
2025-03-11 11:12:23,307 - root - INFO - Scheduling direct next node Review AM using Asset Change Tracker (5.5.13.1)
2025-03-11 11:12:23,308 - root - INFO - Token Token-22 waiting for resource 'Tech' at 2025-03-11 10:00:38.763995
2025-03-11 11:12:23,308 - root - INFO - Token Token-23 started task 'Monthly' at 2025-03-11 10:05:36.240113, scheduled to end at 2025-03-11 10:05:36.240113 (processing time: 0.00 min)
2025-03-11 11:12:23,309 - root - INFO - Processing end event: Token Token-23 at node Monthly (Unknown)
2025-03-11 11:12:23,309 - root - INFO - Token Token-23 completed task 'Monthly' at 2025-03-11 10:05:36.240113.
2025-03-11 11:12:23,309 - root - INFO - Next nodes for Monthly: ['Review AM using Asset Change Tracker (5.5.13.1)']
2025-03-11 11:12:23,310 - root - INFO - Scheduling direct next node Review AM using Asset Change Tracker (5.5.13.1)
2025-03-11 11:12:23,310 - root - INFO - Token Token-23 waiting for resource 'Tech' at 2025-03-11 10:05:36.240113
2025-03-11 11:12:23,310 - root - INFO - Token Token-24 started task 'Monthly' at 2025-03-11 10:11:56.362407, scheduled to end at 2025-03-11 10:11:56.362407 (processing time: 0.00 min)
2025-03-11 11:12:23,311 - root - INFO - Processing end event: Token Token-24 at node Monthly (Unknown)
2025-03-11 11:12:23,312 - root - INFO - Token Token-24 completed task 'Monthly' at 2025-03-11 10:11:56.362407.
2025-03-11 11:12:23,312 - root - INFO - Next nodes for Monthly: ['Review AM using Asset Change Tracker (5.5.13.1)']
2025-03-11 11:12:23,312 - root - INFO - Scheduling direct next node Review AM using Asset Change Tracker (5.5.13.1)
2025-03-11 11:12:23,312 - root - INFO - Token Token-24 waiting for resource 'Tech' at 2025-03-11 10:11:56.362407
2025-03-11 11:12:23,312 - root - INFO - Token Token-25 started task 'Monthly' at 2025-03-11 10:18:01.592640, scheduled to end at 2025-03-11 10:18:01.592640 (processing time: 0.00 min)
2025-03-11 11:12:23,312 - root - INFO - Processing end event: Token Token-25 at node Monthly (Unknown)
2025-03-11 11:12:23,312 - root - INFO - Token Token-25 completed task 'Monthly' at 2025-03-11 10:18:01.592640.
2025-03-11 11:12:23,312 - root - INFO - Next nodes for Monthly: ['Review AM using Asset Change Tracker (5.5.13.1)']
2025-03-11 11:12:23,312 - root - INFO - Scheduling direct next node Review AM using Asset Change Tracker (5.5.13.1)
2025-03-11 11:12:23,312 - root - INFO - Token Token-25 waiting for resource 'Tech' at 2025-03-11 10:18:01.592640
2025-03-11 11:12:23,312 - root - INFO - Token Token-26 started task 'Monthly' at 2025-03-11 10:23:59.449904, scheduled to end at 2025-03-11 10:23:59.449904 (processing time: 0.00 min)
2025-03-11 11:12:23,312 - root - INFO - Processing end event: Token Token-26 at node Monthly (Unknown)
2025-03-11 11:12:23,312 - root - INFO - Token Token-26 completed task 'Monthly' at 2025-03-11 10:23:59.449904.
2025-03-11 11:12:23,312 - root - INFO - Next nodes for Monthly: ['Review AM using Asset Change Tracker (5.5.13.1)']
2025-03-11 11:12:23,312 - root - INFO - Scheduling direct next node Review AM using Asset Change Tracker (5.5.13.1)
2025-03-11 11:12:23,312 - root - INFO - Token Token-26 waiting for resource 'Tech' at 2025-03-11 10:23:59.449904
2025-03-11 11:12:23,312 - root - INFO - Token Token-27 started task 'Monthly' at 2025-03-11 10:29:33.654525, scheduled to end at 2025-03-11 10:29:33.654525 (processing time: 0.00 min)
2025-03-11 11:12:23,312 - root - INFO - Processing end event: Token Token-27 at node Monthly (Unknown)
2025-03-11 11:12:23,312 - root - INFO - Token Token-27 completed task 'Monthly' at 2025-03-11 10:29:33.654525.
2025-03-11 11:12:23,312 - root - INFO - Next nodes for Monthly: ['Review AM using Asset Change Tracker (5.5.13.1)']
2025-03-11 11:12:23,317 - root - INFO - Scheduling direct next node Review AM using Asset Change Tracker (5.5.13.1)
2025-03-11 11:12:23,317 - root - INFO - Token Token-27 waiting for resource 'Tech' at 2025-03-11 10:29:33.654525
2025-03-11 11:12:23,317 - root - INFO - Token Token-28 started task 'Monthly' at 2025-03-11 10:35:34.186428, scheduled to end at 2025-03-11 10:35:34.186428 (processing time: 0.00 min)
2025-03-11 11:12:23,317 - root - INFO - Processing end event: Token Token-28 at node Monthly (Unknown)
2025-03-11 11:12:23,318 - root - INFO - Token Token-28 completed task 'Monthly' at 2025-03-11 10:35:34.186428.
2025-03-11 11:12:23,318 - root - INFO - Next nodes for Monthly: ['Review AM using Asset Change Tracker (5.5.13.1)']
2025-03-11 11:12:23,318 - root - INFO - Scheduling direct next node Review AM using Asset Change Tracker (5.5.13.1)
2025-03-11 11:12:23,319 - root - INFO - Token Token-28 waiting for resource 'Tech' at 2025-03-11 10:35:34.186428
2025-03-11 11:12:23,319 - root - INFO - Token Token-29 started task 'Monthly' at 2025-03-11 10:41:29.652006, scheduled to end at 2025-03-11 10:41:29.652006 (processing time: 0.00 min)
2025-03-11 11:12:23,319 - root - INFO - Processing end event: Token Token-29 at node Monthly (Unknown)
2025-03-11 11:12:23,319 - root - INFO - Token Token-29 completed task 'Monthly' at 2025-03-11 10:41:29.652006.
2025-03-11 11:12:23,320 - root - INFO - Next nodes for Monthly: ['Review AM using Asset Change Tracker (5.5.13.1)']
2025-03-11 11:12:23,320 - root - INFO - Scheduling direct next node Review AM using Asset Change Tracker (5.5.13.1)
2025-03-11 11:12:23,320 - root - INFO - Token Token-29 waiting for resource 'Tech' at 2025-03-11 10:41:29.652006
2025-03-11 11:12:23,320 - root - INFO - Token Token-30 started task 'Monthly' at 2025-03-11 10:47:08.415758, scheduled to end at 2025-03-11 10:47:08.415758 (processing time: 0.00 min)
2025-03-11 11:12:23,320 - root - INFO - Processing end event: Token Token-30 at node Monthly (Unknown)
2025-03-11 11:12:23,321 - root - INFO - Token Token-30 completed task 'Monthly' at 2025-03-11 10:47:08.415758.
2025-03-11 11:12:23,321 - root - INFO - Next nodes for Monthly: ['Review AM using Asset Change Tracker (5.5.13.1)']
2025-03-11 11:12:23,321 - root - INFO - Scheduling direct next node Review AM using Asset Change Tracker (5.5.13.1)
2025-03-11 11:12:23,321 - root - INFO - Token Token-30 waiting for resource 'Tech' at 2025-03-11 10:47:08.415758
2025-03-11 11:12:23,322 - root - INFO - Token Token-31 started task 'Monthly' at 2025-03-11 10:53:12.620479, scheduled to end at 2025-03-11 10:53:12.620479 (processing time: 0.00 min)
2025-03-11 11:12:23,322 - root - INFO - Processing end event: Token Token-31 at node Monthly (Unknown)
2025-03-11 11:12:23,322 - root - INFO - Token Token-31 completed task 'Monthly' at 2025-03-11 10:53:12.620479.
2025-03-11 11:12:23,322 - root - INFO - Next nodes for Monthly: ['Review AM using Asset Change Tracker (5.5.13.1)']
2025-03-11 11:12:23,322 - root - INFO - Scheduling direct next node Review AM using Asset Change Tracker (5.5.13.1)
2025-03-11 11:12:23,323 - root - INFO - Token Token-31 waiting for resource 'Tech' at 2025-03-11 10:53:12.620479
2025-03-11 11:12:23,323 - root - INFO - Token Token-32 started task 'Monthly' at 2025-03-11 10:59:25.653091, scheduled to end at 2025-03-11 10:59:25.653091 (processing time: 0.00 min)
2025-03-11 11:12:23,323 - root - INFO - Processing end event: Token Token-32 at node Monthly (Unknown)
2025-03-11 11:12:23,323 - root - INFO - Token Token-32 completed task 'Monthly' at 2025-03-11 10:59:25.653091.
2025-03-11 11:12:23,323 - root - INFO - Next nodes for Monthly: ['Review AM using Asset Change Tracker (5.5.13.1)']
2025-03-11 11:12:23,323 - root - INFO - Scheduling direct next node Review AM using Asset Change Tracker (5.5.13.1)
2025-03-11 11:12:23,324 - root - INFO - Token Token-32 waiting for resource 'Tech' at 2025-03-11 10:59:25.653091
2025-03-11 11:12:23,324 - root - INFO - Token Token-33 started task 'Monthly' at 2025-03-11 11:05:27.792555, scheduled to end at 2025-03-11 11:05:27.792555 (processing time: 0.00 min)
2025-03-11 11:12:23,324 - root - INFO - Processing end event: Token Token-33 at node Monthly (Unknown)
2025-03-11 11:12:23,327 - root - INFO - Token Token-33 completed task 'Monthly' at 2025-03-11 11:05:27.792555.
2025-03-11 11:12:23,327 - root - INFO - Next nodes for Monthly: ['Review AM using Asset Change Tracker (5.5.13.1)']
2025-03-11 11:12:23,327 - root - INFO - Scheduling direct next node Review AM using Asset Change Tracker (5.5.13.1)
2025-03-11 11:12:23,327 - root - INFO - Token Token-33 waiting for resource 'Tech' at 2025-03-11 11:05:27.792555
2025-03-11 11:12:23,328 - root - INFO - Token Token-34 started task 'Monthly' at 2025-03-11 11:10:46.711200, scheduled to end at 2025-03-11 11:10:46.711200 (processing time: 0.00 min)
2025-03-11 11:12:23,328 - root - INFO - Processing end event: Token Token-34 at node Monthly (Unknown)
2025-03-11 11:12:23,329 - root - INFO - Token Token-34 completed task 'Monthly' at 2025-03-11 11:10:46.711200.
2025-03-11 11:12:23,329 - root - INFO - Next nodes for Monthly: ['Review AM using Asset Change Tracker (5.5.13.1)']
2025-03-11 11:12:23,330 - root - INFO - Scheduling direct next node Review AM using Asset Change Tracker (5.5.13.1)
2025-03-11 11:12:23,330 - root - INFO - Token Token-34 waiting for resource 'Tech' at 2025-03-11 11:10:46.711200
2025-03-11 11:12:23,330 - root - INFO - Token Token-35 started task 'Monthly' at 2025-03-11 11:15:44.729452, scheduled to end at 2025-03-11 11:15:44.729452 (processing time: 0.00 min)
2025-03-11 11:12:23,331 - root - INFO - Processing end event: Token Token-35 at node Monthly (Unknown)
2025-03-11 11:12:23,331 - root - INFO - Token Token-35 completed task 'Monthly' at 2025-03-11 11:15:44.729452.
2025-03-11 11:12:23,331 - root - INFO - Next nodes for Monthly: ['Review AM using Asset Change Tracker (5.5.13.1)']
2025-03-11 11:12:23,333 - root - INFO - Scheduling direct next node Review AM using Asset Change Tracker (5.5.13.1)
2025-03-11 11:12:23,333 - root - INFO - Token Token-35 waiting for resource 'Tech' at 2025-03-11 11:15:44.729452
2025-03-11 11:12:23,334 - root - INFO - Token Token-36 started task 'Monthly' at 2025-03-11 11:21:59.981615, scheduled to end at 2025-03-11 11:21:59.981615 (processing time: 0.00 min)
2025-03-11 11:12:23,334 - root - INFO - Processing end event: Token Token-36 at node Monthly (Unknown)
2025-03-11 11:12:23,335 - root - INFO - Token Token-36 completed task 'Monthly' at 2025-03-11 11:21:59.981615.
2025-03-11 11:12:23,335 - root - INFO - Next nodes for Monthly: ['Review AM using Asset Change Tracker (5.5.13.1)']
2025-03-11 11:12:23,336 - root - INFO - Scheduling direct next node Review AM using Asset Change Tracker (5.5.13.1)
2025-03-11 11:12:23,336 - root - INFO - Token Token-36 waiting for resource 'Tech' at 2025-03-11 11:21:59.981615
2025-03-11 11:12:23,337 - root - INFO - Token Token-37 started task 'Monthly' at 2025-03-11 11:27:45.333282, scheduled to end at 2025-03-11 11:27:45.333282 (processing time: 0.00 min)
2025-03-11 11:12:23,337 - root - INFO - Processing end event: Token Token-37 at node Monthly (Unknown)
2025-03-11 11:12:23,337 - root - INFO - Token Token-37 completed task 'Monthly' at 2025-03-11 11:27:45.333282.
2025-03-11 11:12:23,338 - root - INFO - Next nodes for Monthly: ['Review AM using Asset Change Tracker (5.5.13.1)']
2025-03-11 11:12:23,338 - root - INFO - Scheduling direct next node Review AM using Asset Change Tracker (5.5.13.1)
2025-03-11 11:12:23,339 - root - INFO - Token Token-37 waiting for resource 'Tech' at 2025-03-11 11:27:45.333282
2025-03-11 11:12:23,339 - root - INFO - Token Token-38 started task 'Monthly' at 2025-03-11 11:33:43.906727, scheduled to end at 2025-03-11 11:33:43.906727 (processing time: 0.00 min)
2025-03-11 11:12:23,340 - root - INFO - Processing end event: Token Token-38 at node Monthly (Unknown)
2025-03-11 11:12:23,340 - root - INFO - Token Token-38 completed task 'Monthly' at 2025-03-11 11:33:43.906727.
2025-03-11 11:12:23,341 - root - INFO - Next nodes for Monthly: ['Review AM using Asset Change Tracker (5.5.13.1)']
2025-03-11 11:12:23,341 - root - INFO - Scheduling direct next node Review AM using Asset Change Tracker (5.5.13.1)
2025-03-11 11:12:23,342 - root - INFO - Token Token-38 waiting for resource 'Tech' at 2025-03-11 11:33:43.906727
2025-03-11 11:12:23,342 - root - INFO - Token Token-39 started task 'Monthly' at 2025-03-11 11:38:27.723005, scheduled to end at 2025-03-11 11:38:27.723005 (processing time: 0.00 min)
2025-03-11 11:12:23,343 - root - INFO - Processing end event: Token Token-39 at node Monthly (Unknown)
2025-03-11 11:12:23,345 - root - INFO - Token Token-39 completed task 'Monthly' at 2025-03-11 11:38:27.723005.
2025-03-11 11:12:23,346 - root - INFO - Next nodes for Monthly: ['Review AM using Asset Change Tracker (5.5.13.1)']
2025-03-11 11:12:23,361 - root - INFO - Scheduling direct next node Review AM using Asset Change Tracker (5.5.13.1)
2025-03-11 11:12:23,361 - root - INFO - Token Token-39 waiting for resource 'Tech' at 2025-03-11 11:38:27.723005
2025-03-11 11:12:23,361 - root - INFO - Token Token-40 started task 'Monthly' at 2025-03-11 11:43:53.909128, scheduled to end at 2025-03-11 11:43:53.909128 (processing time: 0.00 min)
2025-03-11 11:12:23,361 - root - INFO - Processing end event: Token Token-40 at node Monthly (Unknown)
2025-03-11 11:12:23,361 - root - INFO - Token Token-40 completed task 'Monthly' at 2025-03-11 11:43:53.909128.
2025-03-11 11:12:23,361 - root - INFO - Next nodes for Monthly: ['Review AM using Asset Change Tracker (5.5.13.1)']
2025-03-11 11:12:23,361 - root - INFO - Scheduling direct next node Review AM using Asset Change Tracker (5.5.13.1)
2025-03-11 11:12:23,361 - root - INFO - Token Token-40 waiting for resource 'Tech' at 2025-03-11 11:43:53.909128
2025-03-11 11:12:23,367 - root - INFO - Token Token-41 started task 'Monthly' at 2025-03-11 11:49:04.952474, scheduled to end at 2025-03-11 11:49:04.952474 (processing time: 0.00 min)
2025-03-11 11:12:23,367 - root - INFO - Processing end event: Token Token-41 at node Monthly (Unknown)
2025-03-11 11:12:23,367 - root - INFO - Token Token-41 completed task 'Monthly' at 2025-03-11 11:49:04.952474.
2025-03-11 11:12:23,367 - root - INFO - Next nodes for Monthly: ['Review AM using Asset Change Tracker (5.5.13.1)']
2025-03-11 11:12:23,368 - root - INFO - Scheduling direct next node Review AM using Asset Change Tracker (5.5.13.1)
2025-03-11 11:12:23,368 - root - INFO - Token Token-41 waiting for resource 'Tech' at 2025-03-11 11:49:04.952474
2025-03-11 11:12:23,368 - root - INFO - Token Token-42 started task 'Monthly' at 2025-03-11 11:54:31.298888, scheduled to end at 2025-03-11 11:54:31.298888 (processing time: 0.00 min)
2025-03-11 11:12:23,368 - root - INFO - Processing end event: Token Token-42 at node Monthly (Unknown)
2025-03-11 11:12:23,369 - root - INFO - Token Token-42 completed task 'Monthly' at 2025-03-11 11:54:31.298888.
2025-03-11 11:12:23,369 - root - INFO - Next nodes for Monthly: ['Review AM using Asset Change Tracker (5.5.13.1)']
2025-03-11 11:12:23,369 - root - INFO - Scheduling direct next node Review AM using Asset Change Tracker (5.5.13.1)
2025-03-11 11:12:23,369 - root - INFO - Token Token-42 waiting for resource 'Tech' at 2025-03-11 11:54:31.298888
2025-03-11 11:12:23,369 - root - INFO - Token Token-43 started task 'Monthly' at 2025-03-11 12:00:44.279290, scheduled to end at 2025-03-11 12:00:44.279290 (processing time: 0.00 min)
2025-03-11 11:12:23,370 - root - INFO - Processing end event: Token Token-43 at node Monthly (Unknown)
2025-03-11 11:12:23,370 - root - INFO - Token Token-43 completed task 'Monthly' at 2025-03-11 12:00:44.279290.
2025-03-11 11:12:23,370 - root - INFO - Next nodes for Monthly: ['Review AM using Asset Change Tracker (5.5.13.1)']
2025-03-11 11:12:23,370 - root - INFO - Scheduling direct next node Review AM using Asset Change Tracker (5.5.13.1)
2025-03-11 11:12:23,371 - root - INFO - Token Token-43 waiting for resource 'Tech' at 2025-03-11 12:00:44.279290
2025-03-11 11:12:23,371 - root - INFO - Token Token-44 started task 'Monthly' at 2025-03-11 12:05:36.245308, scheduled to end at 2025-03-11 12:05:36.245308 (processing time: 0.00 min)
2025-03-11 11:12:23,372 - root - INFO - Processing end event: Token Token-44 at node Monthly (Unknown)
2025-03-11 11:12:23,372 - root - INFO - Token Token-44 completed task 'Monthly' at 2025-03-11 12:05:36.245308.
2025-03-11 11:12:23,372 - root - INFO - Next nodes for Monthly: ['Review AM using Asset Change Tracker (5.5.13.1)']
2025-03-11 11:12:23,372 - root - INFO - Scheduling direct next node Review AM using Asset Change Tracker (5.5.13.1)
2025-03-11 11:12:23,373 - root - INFO - Token Token-44 waiting for resource 'Tech' at 2025-03-11 12:05:36.245308
2025-03-11 11:12:23,373 - root - INFO - Token Token-45 started task 'Monthly' at 2025-03-11 12:11:59.261346, scheduled to end at 2025-03-11 12:11:59.261346 (processing time: 0.00 min)
2025-03-11 11:12:23,373 - root - INFO - Processing end event: Token Token-45 at node Monthly (Unknown)
2025-03-11 11:12:23,373 - root - INFO - Token Token-45 completed task 'Monthly' at 2025-03-11 12:11:59.261346.
2025-03-11 11:12:23,374 - root - INFO - Next nodes for Monthly: ['Review AM using Asset Change Tracker (5.5.13.1)']
2025-03-11 11:12:23,374 - root - INFO - Scheduling direct next node Review AM using Asset Change Tracker (5.5.13.1)
2025-03-11 11:12:23,374 - root - INFO - Token Token-45 waiting for resource 'Tech' at 2025-03-11 12:11:59.261346
2025-03-11 11:12:23,374 - root - INFO - Token Token-46 started task 'Monthly' at 2025-03-11 12:17:57.567191, scheduled to end at 2025-03-11 12:17:57.567191 (processing time: 0.00 min)
2025-03-11 11:12:23,375 - root - INFO - Processing end event: Token Token-46 at node Monthly (Unknown)
2025-03-11 11:12:23,375 - root - INFO - Token Token-46 completed task 'Monthly' at 2025-03-11 12:17:57.567191.
2025-03-11 11:12:23,375 - root - INFO - Next nodes for Monthly: ['Review AM using Asset Change Tracker (5.5.13.1)']
2025-03-11 11:12:23,375 - root - INFO - Scheduling direct next node Review AM using Asset Change Tracker (5.5.13.1)
2025-03-11 11:12:23,376 - root - INFO - Token Token-46 waiting for resource 'Tech' at 2025-03-11 12:17:57.567191
2025-03-11 11:12:23,376 - root - INFO - Token Token-47 started task 'Monthly' at 2025-03-11 12:24:08.588414, scheduled to end at 2025-03-11 12:24:08.588414 (processing time: 0.00 min)
2025-03-11 11:12:23,376 - root - INFO - Processing end event: Token Token-47 at node Monthly (Unknown)
2025-03-11 11:12:23,376 - root - INFO - Token Token-47 completed task 'Monthly' at 2025-03-11 12:24:08.588414.
2025-03-11 11:12:23,376 - root - INFO - Next nodes for Monthly: ['Review AM using Asset Change Tracker (5.5.13.1)']
2025-03-11 11:12:23,377 - root - INFO - Scheduling direct next node Review AM using Asset Change Tracker (5.5.13.1)
2025-03-11 11:12:23,377 - root - INFO - Token Token-47 waiting for resource 'Tech' at 2025-03-11 12:24:08.588414
2025-03-11 11:12:23,377 - root - INFO - Token Token-48 started task 'Monthly' at 2025-03-11 12:30:03.593139, scheduled to end at 2025-03-11 12:30:03.593139 (processing time: 0.00 min)
2025-03-11 11:12:23,377 - root - INFO - Processing end event: Token Token-48 at node Monthly (Unknown)
2025-03-11 11:12:23,378 - root - INFO - Token Token-48 completed task 'Monthly' at 2025-03-11 12:30:03.593139.
2025-03-11 11:12:23,378 - root - INFO - Next nodes for Monthly: ['Review AM using Asset Change Tracker (5.5.13.1)']
2025-03-11 11:12:23,378 - root - INFO - Scheduling direct next node Review AM using Asset Change Tracker (5.5.13.1)
2025-03-11 11:12:23,378 - root - INFO - Token Token-48 waiting for resource 'Tech' at 2025-03-11 12:30:03.593139
2025-03-11 11:12:23,378 - root - INFO - Token Token-49 started task 'Monthly' at 2025-03-11 12:34:26.953619, scheduled to end at 2025-03-11 12:34:26.953619 (processing time: 0.00 min)
2025-03-11 11:12:23,379 - root - INFO - Processing end event: Token Token-49 at node Monthly (Unknown)
2025-03-11 11:12:23,379 - root - INFO - Token Token-49 completed task 'Monthly' at 2025-03-11 12:34:26.953619.
2025-03-11 11:12:23,379 - root - INFO - Next nodes for Monthly: ['Review AM using Asset Change Tracker (5.5.13.1)']
2025-03-11 11:12:23,379 - root - INFO - Scheduling direct next node Review AM using Asset Change Tracker (5.5.13.1)
2025-03-11 11:12:23,380 - root - INFO - Token Token-49 waiting for resource 'Tech' at 2025-03-11 12:34:26.953619
2025-03-11 11:12:23,380 - root - INFO - Token Token-50 started task 'Monthly' at 2025-03-11 12:38:37.363783, scheduled to end at 2025-03-11 12:38:37.363783 (processing time: 0.00 min)
2025-03-11 11:12:23,380 - root - INFO - Processing end event: Token Token-50 at node Monthly (Unknown)
2025-03-11 11:12:23,380 - root - INFO - Token Token-50 completed task 'Monthly' at 2025-03-11 12:38:37.363783.
2025-03-11 11:12:23,381 - root - INFO - Next nodes for Monthly: ['Review AM using Asset Change Tracker (5.5.13.1)']
2025-03-11 11:12:23,381 - root - INFO - Scheduling direct next node Review AM using Asset Change Tracker (5.5.13.1)
2025-03-11 11:12:23,381 - root - INFO - Token Token-50 waiting for resource 'Tech' at 2025-03-11 12:38:37.363783
2025-03-11 11:12:23,381 - root - INFO - Token Token-51 started task 'Monthly' at 2025-03-11 12:43:36.352108, scheduled to end at 2025-03-11 12:43:36.352108 (processing time: 0.00 min)
2025-03-11 11:12:23,381 - root - INFO - Processing end event: Token Token-51 at node Monthly (Unknown)
2025-03-11 11:12:23,382 - root - INFO - Token Token-51 completed task 'Monthly' at 2025-03-11 12:43:36.352108.
2025-03-11 11:12:23,382 - root - INFO - Next nodes for Monthly: ['Review AM using Asset Change Tracker (5.5.13.1)']
2025-03-11 11:12:23,382 - root - INFO - Scheduling direct next node Review AM using Asset Change Tracker (5.5.13.1)
2025-03-11 11:12:23,382 - root - INFO - Token Token-51 waiting for resource 'Tech' at 2025-03-11 12:43:36.352108
2025-03-11 11:12:23,385 - root - INFO - Token Token-52 started task 'Monthly' at 2025-03-11 12:48:42.355552, scheduled to end at 2025-03-11 12:48:42.355552 (processing time: 0.00 min)
2025-03-11 11:12:23,385 - root - INFO - Processing end event: Token Token-52 at node Monthly (Unknown)
2025-03-11 11:12:23,386 - root - INFO - Token Token-52 completed task 'Monthly' at 2025-03-11 12:48:42.355552.
2025-03-11 11:12:23,386 - root - INFO - Next nodes for Monthly: ['Review AM using Asset Change Tracker (5.5.13.1)']
2025-03-11 11:12:23,386 - root - INFO - Scheduling direct next node Review AM using Asset Change Tracker (5.5.13.1)
2025-03-11 11:12:23,387 - root - INFO - Token Token-52 waiting for resource 'Tech' at 2025-03-11 12:48:42.355552
2025-03-11 11:12:23,387 - root - INFO - Token Token-53 started task 'Monthly' at 2025-03-11 12:54:16.222746, scheduled to end at 2025-03-11 12:54:16.222746 (processing time: 0.00 min)
2025-03-11 11:12:23,388 - root - INFO - Processing end event: Token Token-53 at node Monthly (Unknown)
2025-03-11 11:12:23,411 - root - INFO - Token Token-53 completed task 'Monthly' at 2025-03-11 12:54:16.222746.
2025-03-11 11:12:23,411 - root - INFO - Next nodes for Monthly: ['Review AM using Asset Change Tracker (5.5.13.1)']
2025-03-11 11:12:23,412 - root - INFO - Scheduling direct next node Review AM using Asset Change Tracker (5.5.13.1)
2025-03-11 11:12:23,412 - root - INFO - Token Token-53 waiting for resource 'Tech' at 2025-03-11 12:54:16.222746
2025-03-11 11:12:23,413 - root - INFO - Token Token-54 started task 'Monthly' at 2025-03-11 12:59:21.180666, scheduled to end at 2025-03-11 12:59:21.180666 (processing time: 0.00 min)
2025-03-11 11:12:23,413 - root - INFO - Processing end event: Token Token-54 at node Monthly (Unknown)
2025-03-11 11:12:23,413 - root - INFO - Token Token-54 completed task 'Monthly' at 2025-03-11 12:59:21.180666.
2025-03-11 11:12:23,414 - root - INFO - Next nodes for Monthly: ['Review AM using Asset Change Tracker (5.5.13.1)']
2025-03-11 11:12:23,414 - root - INFO - Scheduling direct next node Review AM using Asset Change Tracker (5.5.13.1)
2025-03-11 11:12:23,415 - root - INFO - Token Token-54 waiting for resource 'Tech' at 2025-03-11 12:59:21.180666
2025-03-11 11:12:23,415 - root - INFO - Token Token-55 started task 'Monthly' at 2025-03-11 13:05:01.632366, scheduled to end at 2025-03-11 13:05:01.632366 (processing time: 0.00 min)
2025-03-11 11:12:23,415 - root - INFO - Processing end event: Token Token-55 at node Monthly (Unknown)
2025-03-11 11:12:23,416 - root - INFO - Token Token-55 completed task 'Monthly' at 2025-03-11 13:05:01.632366.
2025-03-11 11:12:23,416 - root - INFO - Next nodes for Monthly: ['Review AM using Asset Change Tracker (5.5.13.1)']
2025-03-11 11:12:23,416 - root - INFO - Scheduling direct next node Review AM using Asset Change Tracker (5.5.13.1)
2025-03-11 11:12:23,417 - root - INFO - Token Token-55 waiting for resource 'Tech' at 2025-03-11 13:05:01.632366
2025-03-11 11:12:23,418 - root - INFO - Token Token-56 started task 'Monthly' at 2025-03-11 13:10:57.796658, scheduled to end at 2025-03-11 13:10:57.796658 (processing time: 0.00 min)
2025-03-11 11:12:23,419 - root - INFO - Processing end event: Token Token-56 at node Monthly (Unknown)
2025-03-11 11:12:23,419 - root - INFO - Token Token-56 completed task 'Monthly' at 2025-03-11 13:10:57.796658.
2025-03-11 11:12:23,420 - root - INFO - Next nodes for Monthly: ['Review AM using Asset Change Tracker (5.5.13.1)']
2025-03-11 11:12:23,420 - root - INFO - Scheduling direct next node Review AM using Asset Change Tracker (5.5.13.1)
2025-03-11 11:12:23,420 - root - INFO - Token Token-56 waiting for resource 'Tech' at 2025-03-11 13:10:57.796658
2025-03-11 11:12:23,420 - root - INFO - Token Token-57 started task 'Monthly' at 2025-03-11 13:17:14.526391, scheduled to end at 2025-03-11 13:17:14.526391 (processing time: 0.00 min)
2025-03-11 11:12:23,420 - root - INFO - Processing end event: Token Token-57 at node Monthly (Unknown)
2025-03-11 11:12:23,420 - root - INFO - Token Token-57 completed task 'Monthly' at 2025-03-11 13:17:14.526391.
2025-03-11 11:12:23,420 - root - INFO - Next nodes for Monthly: ['Review AM using Asset Change Tracker (5.5.13.1)']
2025-03-11 11:12:23,422 - root - INFO - Scheduling direct next node Review AM using Asset Change Tracker (5.5.13.1)
2025-03-11 11:12:23,422 - root - INFO - Token Token-57 waiting for resource 'Tech' at 2025-03-11 13:17:14.526391
2025-03-11 11:12:23,422 - root - INFO - Token Token-58 started task 'Monthly' at 2025-03-11 13:23:26.012261, scheduled to end at 2025-03-11 13:23:26.012261 (processing time: 0.00 min)
2025-03-11 11:12:23,422 - root - INFO - Processing end event: Token Token-58 at node Monthly (Unknown)
2025-03-11 11:12:23,422 - root - INFO - Token Token-58 completed task 'Monthly' at 2025-03-11 13:23:26.012261.
2025-03-11 11:12:23,422 - root - INFO - Next nodes for Monthly: ['Review AM using Asset Change Tracker (5.5.13.1)']
2025-03-11 11:12:23,422 - root - INFO - Scheduling direct next node Review AM using Asset Change Tracker (5.5.13.1)
2025-03-11 11:12:23,423 - root - INFO - Token Token-58 waiting for resource 'Tech' at 2025-03-11 13:23:26.012261
2025-03-11 11:12:23,423 - root - INFO - Token Token-59 started task 'Monthly' at 2025-03-11 13:29:07.113694, scheduled to end at 2025-03-11 13:29:07.113694 (processing time: 0.00 min)
2025-03-11 11:12:23,423 - root - INFO - Processing end event: Token Token-59 at node Monthly (Unknown)
2025-03-11 11:12:23,423 - root - INFO - Token Token-59 completed task 'Monthly' at 2025-03-11 13:29:07.113694.
2025-03-11 11:12:23,424 - root - INFO - Next nodes for Monthly: ['Review AM using Asset Change Tracker (5.5.13.1)']
2025-03-11 11:12:23,424 - root - INFO - Scheduling direct next node Review AM using Asset Change Tracker (5.5.13.1)
2025-03-11 11:12:23,424 - root - INFO - Token Token-59 waiting for resource 'Tech' at 2025-03-11 13:29:07.113694
2025-03-11 11:12:23,424 - root - INFO - Token Token-60 started task 'Monthly' at 2025-03-11 13:33:58.982950, scheduled to end at 2025-03-11 13:33:58.982950 (processing time: 0.00 min)
2025-03-11 11:12:23,425 - root - INFO - Processing end event: Token Token-60 at node Monthly (Unknown)
2025-03-11 11:12:23,425 - root - INFO - Token Token-60 completed task 'Monthly' at 2025-03-11 13:33:58.982950.
2025-03-11 11:12:23,425 - root - INFO - Next nodes for Monthly: ['Review AM using Asset Change Tracker (5.5.13.1)']
2025-03-11 11:12:23,425 - root - INFO - Scheduling direct next node Review AM using Asset Change Tracker (5.5.13.1)
2025-03-11 11:12:23,426 - root - INFO - Token Token-60 waiting for resource 'Tech' at 2025-03-11 13:33:58.982950
2025-03-11 11:12:23,426 - root - INFO - Token Token-61 started task 'Monthly' at 2025-03-11 13:38:59.943477, scheduled to end at 2025-03-11 13:38:59.943477 (processing time: 0.00 min)
2025-03-11 11:12:23,426 - root - INFO - Processing end event: Token Token-61 at node Monthly (Unknown)
2025-03-11 11:12:23,426 - root - INFO - Token Token-61 completed task 'Monthly' at 2025-03-11 13:38:59.943477.
2025-03-11 11:12:23,426 - root - INFO - Next nodes for Monthly: ['Review AM using Asset Change Tracker (5.5.13.1)']
2025-03-11 11:12:23,427 - root - INFO - Scheduling direct next node Review AM using Asset Change Tracker (5.5.13.1)
2025-03-11 11:12:23,427 - root - INFO - Token Token-61 waiting for resource 'Tech' at 2025-03-11 13:38:59.943477
2025-03-11 11:12:23,427 - root - INFO - Token Token-62 started task 'Monthly' at 2025-03-11 13:44:51.299315, scheduled to end at 2025-03-11 13:44:51.299315 (processing time: 0.00 min)
2025-03-11 11:12:23,428 - root - INFO - Processing end event: Token Token-62 at node Monthly (Unknown)
2025-03-11 11:12:23,428 - root - INFO - Token Token-62 completed task 'Monthly' at 2025-03-11 13:44:51.299315.
2025-03-11 11:12:23,428 - root - INFO - Next nodes for Monthly: ['Review AM using Asset Change Tracker (5.5.13.1)']
2025-03-11 11:12:23,428 - root - INFO - Scheduling direct next node Review AM using Asset Change Tracker (5.5.13.1)
2025-03-11 11:12:23,428 - root - INFO - Token Token-62 waiting for resource 'Tech' at 2025-03-11 13:44:51.299315
2025-03-11 11:12:23,429 - root - INFO - Token Token-63 started task 'Monthly' at 2025-03-11 13:50:19.215419, scheduled to end at 2025-03-11 13:50:19.215419 (processing time: 0.00 min)
2025-03-11 11:12:23,429 - root - INFO - Processing end event: Token Token-63 at node Monthly (Unknown)
2025-03-11 11:12:23,429 - root - INFO - Token Token-63 completed task 'Monthly' at 2025-03-11 13:50:19.215419.
2025-03-11 11:12:23,429 - root - INFO - Next nodes for Monthly: ['Review AM using Asset Change Tracker (5.5.13.1)']
2025-03-11 11:12:23,430 - root - INFO - Scheduling direct next node Review AM using Asset Change Tracker (5.5.13.1)
2025-03-11 11:12:23,430 - root - INFO - Token Token-63 waiting for resource 'Tech' at 2025-03-11 13:50:19.215419
2025-03-11 11:12:23,430 - root - INFO - Token Token-64 started task 'Monthly' at 2025-03-11 13:56:29.238483, scheduled to end at 2025-03-11 13:56:29.238483 (processing time: 0.00 min)
2025-03-11 11:12:23,430 - root - INFO - Processing end event: Token Token-64 at node Monthly (Unknown)
2025-03-11 11:12:23,430 - root - INFO - Token Token-64 completed task 'Monthly' at 2025-03-11 13:56:29.238483.
2025-03-11 11:12:23,431 - root - INFO - Next nodes for Monthly: ['Review AM using Asset Change Tracker (5.5.13.1)']
2025-03-11 11:12:23,431 - root - INFO - Scheduling direct next node Review AM using Asset Change Tracker (5.5.13.1)
2025-03-11 11:12:23,431 - root - INFO - Token Token-64 waiting for resource 'Tech' at 2025-03-11 13:56:29.238483
2025-03-11 11:12:23,431 - root - INFO - Token Token-65 started task 'Monthly' at 2025-03-12 08:00:00, scheduled to end at 2025-03-12 08:00:00 (processing time: 0.00 min)
2025-03-11 11:12:23,432 - root - INFO - Processing end event: Token Token-65 at node Monthly (Unknown)
2025-03-11 11:12:23,432 - root - INFO - Token Token-65 completed task 'Monthly' at 2025-03-12 08:00:00.
2025-03-11 11:12:23,432 - root - INFO - Next nodes for Monthly: ['Review AM using Asset Change Tracker (5.5.13.1)']
2025-03-11 11:12:23,432 - root - INFO - Scheduling direct next node Review AM using Asset Change Tracker (5.5.13.1)
2025-03-11 11:12:23,432 - root - INFO - Token Token-65 waiting for resource 'Tech' at 2025-03-12 08:00:00
2025-03-11 11:12:23,433 - root - INFO - Token Token-66 started task 'Monthly' at 2025-03-12 08:06:15.684931, scheduled to end at 2025-03-12 08:06:15.684931 (processing time: 0.00 min)
2025-03-11 11:12:23,434 - root - INFO - Processing end event: Token Token-66 at node Monthly (Unknown)
2025-03-11 11:12:23,434 - root - INFO - Token Token-66 completed task 'Monthly' at 2025-03-12 08:06:15.684931.
2025-03-11 11:12:23,434 - root - INFO - Next nodes for Monthly: ['Review AM using Asset Change Tracker (5.5.13.1)']
2025-03-11 11:12:23,434 - root - INFO - Scheduling direct next node Review AM using Asset Change Tracker (5.5.13.1)
2025-03-11 11:12:23,434 - root - INFO - Token Token-66 waiting for resource 'Tech' at 2025-03-12 08:06:15.684931
2025-03-11 11:12:23,434 - root - INFO - Token Token-67 started task 'Monthly' at 2025-03-12 08:11:02.906538, scheduled to end at 2025-03-12 08:11:02.906538 (processing time: 0.00 min)
2025-03-11 11:12:23,435 - root - INFO - Processing end event: Token Token-67 at node Monthly (Unknown)
2025-03-11 11:12:23,435 - root - INFO - Token Token-67 completed task 'Monthly' at 2025-03-12 08:11:02.906538.
2025-03-11 11:12:23,438 - root - INFO - Next nodes for Monthly: ['Review AM using Asset Change Tracker (5.5.13.1)']
2025-03-11 11:12:23,438 - root - INFO - Scheduling direct next node Review AM using Asset Change Tracker (5.5.13.1)
2025-03-11 11:12:23,438 - root - INFO - Token Token-67 waiting for resource 'Tech' at 2025-03-12 08:11:02.906538
2025-03-11 11:12:23,439 - root - INFO - Token Token-68 started task 'Monthly' at 2025-03-12 08:16:55.476466, scheduled to end at 2025-03-12 08:16:55.476466 (processing time: 0.00 min)
2025-03-11 11:12:23,441 - root - INFO - Processing end event: Token Token-68 at node Monthly (Unknown)
2025-03-11 11:12:23,442 - root - INFO - Token Token-68 completed task 'Monthly' at 2025-03-12 08:16:55.476466.
2025-03-11 11:12:23,462 - root - INFO - Next nodes for Monthly: ['Review AM using Asset Change Tracker (5.5.13.1)']
2025-03-11 11:12:23,462 - root - INFO - Scheduling direct next node Review AM using Asset Change Tracker (5.5.13.1)
2025-03-11 11:12:23,462 - root - INFO - Token Token-68 waiting for resource 'Tech' at 2025-03-12 08:16:55.476466
2025-03-11 11:12:23,464 - root - INFO - Token Token-69 started task 'Monthly' at 2025-03-12 08:23:07.971320, scheduled to end at 2025-03-12 08:23:07.971320 (processing time: 0.00 min)
2025-03-11 11:12:23,464 - root - INFO - Processing end event: Token Token-69 at node Monthly (Unknown)
2025-03-11 11:12:23,465 - root - INFO - Token Token-69 completed task 'Monthly' at 2025-03-12 08:23:07.971320.
2025-03-11 11:12:23,465 - root - INFO - Next nodes for Monthly: ['Review AM using Asset Change Tracker (5.5.13.1)']
2025-03-11 11:12:23,465 - root - INFO - Scheduling direct next node Review AM using Asset Change Tracker (5.5.13.1)
2025-03-11 11:12:23,466 - root - INFO - Token Token-69 waiting for resource 'Tech' at 2025-03-12 08:23:07.971320
2025-03-11 11:12:23,466 - root - INFO - Token Token-70 started task 'Monthly' at 2025-03-12 08:29:10.510538, scheduled to end at 2025-03-12 08:29:10.510538 (processing time: 0.00 min)
2025-03-11 11:12:23,468 - root - INFO - Processing end event: Token Token-70 at node Monthly (Unknown)
2025-03-11 11:12:23,468 - root - INFO - Token Token-70 completed task 'Monthly' at 2025-03-12 08:29:10.510538.
2025-03-11 11:12:23,470 - root - INFO - Next nodes for Monthly: ['Review AM using Asset Change Tracker (5.5.13.1)']
2025-03-11 11:12:23,471 - root - INFO - Scheduling direct next node Review AM using Asset Change Tracker (5.5.13.1)
2025-03-11 11:12:23,471 - root - INFO - Token Token-70 waiting for resource 'Tech' at 2025-03-12 08:29:10.510538
2025-03-11 11:12:23,471 - root - INFO - Token Token-71 started task 'Monthly' at 2025-03-12 08:34:24.815987, scheduled to end at 2025-03-12 08:34:24.815987 (processing time: 0.00 min)
2025-03-11 11:12:23,472 - root - INFO - Processing end event: Token Token-71 at node Monthly (Unknown)
2025-03-11 11:12:23,472 - root - INFO - Token Token-71 completed task 'Monthly' at 2025-03-12 08:34:24.815987.
2025-03-11 11:12:23,473 - root - INFO - Next nodes for Monthly: ['Review AM using Asset Change Tracker (5.5.13.1)']
2025-03-11 11:12:23,473 - root - INFO - Scheduling direct next node Review AM using Asset Change Tracker (5.5.13.1)
2025-03-11 11:12:23,473 - root - INFO - Token Token-71 waiting for resource 'Tech' at 2025-03-12 08:34:24.815987
2025-03-11 11:12:23,473 - root - INFO - Token Token-72 started task 'Monthly' at 2025-03-12 08:40:15.117902, scheduled to end at 2025-03-12 08:40:15.117902 (processing time: 0.00 min)
2025-03-11 11:12:23,473 - root - INFO - Processing end event: Token Token-72 at node Monthly (Unknown)
2025-03-11 11:12:23,473 - root - INFO - Token Token-72 completed task 'Monthly' at 2025-03-12 08:40:15.117902.
2025-03-11 11:12:23,473 - root - INFO - Next nodes for Monthly: ['Review AM using Asset Change Tracker (5.5.13.1)']
2025-03-11 11:12:23,473 - root - INFO - Scheduling direct next node Review AM using Asset Change Tracker (5.5.13.1)
2025-03-11 11:12:23,473 - root - INFO - Token Token-72 waiting for resource 'Tech' at 2025-03-12 08:40:15.117902
2025-03-11 11:12:23,473 - root - INFO - Token Token-73 started task 'Monthly' at 2025-03-12 08:45:18.209631, scheduled to end at 2025-03-12 08:45:18.209631 (processing time: 0.00 min)
2025-03-11 11:12:23,473 - root - INFO - Processing end event: Token Token-73 at node Monthly (Unknown)
2025-03-11 11:12:23,473 - root - INFO - Token Token-73 completed task 'Monthly' at 2025-03-12 08:45:18.209631.
2025-03-11 11:12:23,473 - root - INFO - Next nodes for Monthly: ['Review AM using Asset Change Tracker (5.5.13.1)']
2025-03-11 11:12:23,473 - root - INFO - Scheduling direct next node Review AM using Asset Change Tracker (5.5.13.1)
2025-03-11 11:12:23,473 - root - INFO - Token Token-73 waiting for resource 'Tech' at 2025-03-12 08:45:18.209631
2025-03-11 11:12:23,473 - root - INFO - Token Token-74 started task 'Monthly' at 2025-03-12 08:50:38.424993, scheduled to end at 2025-03-12 08:50:38.424993 (processing time: 0.00 min)
2025-03-11 11:12:23,473 - root - INFO - Processing end event: Token Token-74 at node Monthly (Unknown)
2025-03-11 11:12:23,473 - root - INFO - Token Token-74 completed task 'Monthly' at 2025-03-12 08:50:38.424993.
2025-03-11 11:12:23,473 - root - INFO - Next nodes for Monthly: ['Review AM using Asset Change Tracker (5.5.13.1)']
2025-03-11 11:12:23,473 - root - INFO - Scheduling direct next node Review AM using Asset Change Tracker (5.5.13.1)
2025-03-11 11:12:23,473 - root - INFO - Token Token-74 waiting for resource 'Tech' at 2025-03-12 08:50:38.424993
2025-03-11 11:12:23,473 - root - INFO - Token Token-75 started task 'Monthly' at 2025-03-12 08:56:19.766190, scheduled to end at 2025-03-12 08:56:19.766190 (processing time: 0.00 min)
2025-03-11 11:12:23,473 - root - INFO - Processing end event: Token Token-75 at node Monthly (Unknown)
2025-03-11 11:12:23,478 - root - INFO - Token Token-75 completed task 'Monthly' at 2025-03-12 08:56:19.766190.
2025-03-11 11:12:23,478 - root - INFO - Next nodes for Monthly: ['Review AM using Asset Change Tracker (5.5.13.1)']
2025-03-11 11:12:23,478 - root - INFO - Scheduling direct next node Review AM using Asset Change Tracker (5.5.13.1)
2025-03-11 11:12:23,479 - root - INFO - Token Token-75 waiting for resource 'Tech' at 2025-03-12 08:56:19.766190
2025-03-11 11:12:23,479 - root - INFO - Token Token-76 started task 'Monthly' at 2025-03-12 09:02:39.744698, scheduled to end at 2025-03-12 09:02:39.744698 (processing time: 0.00 min)
2025-03-11 11:12:23,479 - root - INFO - Processing end event: Token Token-76 at node Monthly (Unknown)
2025-03-11 11:12:23,479 - root - INFO - Token Token-76 completed task 'Monthly' at 2025-03-12 09:02:39.744698.
2025-03-11 11:12:23,480 - root - INFO - Next nodes for Monthly: ['Review AM using Asset Change Tracker (5.5.13.1)']
2025-03-11 11:12:23,480 - root - INFO - Scheduling direct next node Review AM using Asset Change Tracker (5.5.13.1)
2025-03-11 11:12:23,480 - root - INFO - Token Token-76 waiting for resource 'Tech' at 2025-03-12 09:02:39.744698
2025-03-11 11:12:23,481 - root - INFO - Token Token-77 started task 'Monthly' at 2025-03-12 09:07:33.505913, scheduled to end at 2025-03-12 09:07:33.505913 (processing time: 0.00 min)
2025-03-11 11:12:23,482 - root - INFO - Processing end event: Token Token-77 at node Monthly (Unknown)
2025-03-11 11:12:23,497 - root - INFO - Token Token-77 completed task 'Monthly' at 2025-03-12 09:07:33.505913.
2025-03-11 11:12:23,498 - root - INFO - Next nodes for Monthly: ['Review AM using Asset Change Tracker (5.5.13.1)']
2025-03-11 11:12:23,498 - root - INFO - Scheduling direct next node Review AM using Asset Change Tracker (5.5.13.1)
2025-03-11 11:12:23,499 - root - INFO - Token Token-77 waiting for resource 'Tech' at 2025-03-12 09:07:33.505913
2025-03-11 11:12:23,499 - root - INFO - Token Token-78 started task 'Monthly' at 2025-03-12 09:13:40.790244, scheduled to end at 2025-03-12 09:13:40.790244 (processing time: 0.00 min)
2025-03-11 11:12:23,499 - root - INFO - Processing end event: Token Token-78 at node Monthly (Unknown)
2025-03-11 11:12:23,500 - root - INFO - Token Token-78 completed task 'Monthly' at 2025-03-12 09:13:40.790244.
2025-03-11 11:12:23,500 - root - INFO - Next nodes for Monthly: ['Review AM using Asset Change Tracker (5.5.13.1)']
2025-03-11 11:12:23,500 - root - INFO - Scheduling direct next node Review AM using Asset Change Tracker (5.5.13.1)
2025-03-11 11:12:23,501 - root - INFO - Token Token-78 waiting for resource 'Tech' at 2025-03-12 09:13:40.790244
2025-03-11 11:12:23,501 - root - INFO - Token Token-79 started task 'Monthly' at 2025-03-12 09:19:59.371434, scheduled to end at 2025-03-12 09:19:59.371434 (processing time: 0.00 min)
2025-03-11 11:12:23,502 - root - INFO - Processing end event: Token Token-79 at node Monthly (Unknown)
2025-03-11 11:12:23,502 - root - INFO - Token Token-79 completed task 'Monthly' at 2025-03-12 09:19:59.371434.
2025-03-11 11:12:23,502 - root - INFO - Next nodes for Monthly: ['Review AM using Asset Change Tracker (5.5.13.1)']
2025-03-11 11:12:23,503 - root - INFO - Scheduling direct next node Review AM using Asset Change Tracker (5.5.13.1)
2025-03-11 11:12:23,503 - root - INFO - Token Token-79 waiting for resource 'Tech' at 2025-03-12 09:19:59.371434
2025-03-11 11:12:23,504 - root - INFO - Token Token-80 started task 'Monthly' at 2025-03-12 09:25:39.941609, scheduled to end at 2025-03-12 09:25:39.941609 (processing time: 0.00 min)
2025-03-11 11:12:23,505 - root - INFO - Processing end event: Token Token-80 at node Monthly (Unknown)
2025-03-11 11:12:23,505 - root - INFO - Token Token-80 completed task 'Monthly' at 2025-03-12 09:25:39.941609.
2025-03-11 11:12:23,505 - root - INFO - Next nodes for Monthly: ['Review AM using Asset Change Tracker (5.5.13.1)']
2025-03-11 11:12:23,506 - root - INFO - Scheduling direct next node Review AM using Asset Change Tracker (5.5.13.1)
2025-03-11 11:12:23,507 - root - INFO - Token Token-80 waiting for resource 'Tech' at 2025-03-12 09:25:39.941609
2025-03-11 11:12:23,508 - root - INFO - Token Token-81 started task 'Monthly' at 2025-03-12 09:30:57.387838, scheduled to end at 2025-03-12 09:30:57.387838 (processing time: 0.00 min)
2025-03-11 11:12:23,509 - root - INFO - Processing end event: Token Token-81 at node Monthly (Unknown)
2025-03-11 11:12:23,509 - root - INFO - Token Token-81 completed task 'Monthly' at 2025-03-12 09:30:57.387838.
2025-03-11 11:12:23,509 - root - INFO - Next nodes for Monthly: ['Review AM using Asset Change Tracker (5.5.13.1)']
2025-03-11 11:12:23,510 - root - INFO - Scheduling direct next node Review AM using Asset Change Tracker (5.5.13.1)
2025-03-11 11:12:23,510 - root - INFO - Token Token-81 waiting for resource 'Tech' at 2025-03-12 09:30:57.387838
2025-03-11 11:12:23,511 - root - INFO - Token Token-82 started task 'Monthly' at 2025-03-12 09:36:40.526468, scheduled to end at 2025-03-12 09:36:40.526468 (processing time: 0.00 min)
2025-03-11 11:12:23,511 - root - INFO - Processing end event: Token Token-82 at node Monthly (Unknown)
2025-03-11 11:12:23,511 - root - INFO - Token Token-82 completed task 'Monthly' at 2025-03-12 09:36:40.526468.
2025-03-11 11:12:23,512 - root - INFO - Next nodes for Monthly: ['Review AM using Asset Change Tracker (5.5.13.1)']
2025-03-11 11:12:23,512 - root - INFO - Scheduling direct next node Review AM using Asset Change Tracker (5.5.13.1)
2025-03-11 11:12:23,513 - root - INFO - Token Token-82 waiting for resource 'Tech' at 2025-03-12 09:36:40.526468
2025-03-11 11:12:23,513 - root - INFO - Token Token-83 started task 'Monthly' at 2025-03-12 09:42:00.741748, scheduled to end at 2025-03-12 09:42:00.741748 (processing time: 0.00 min)
2025-03-11 11:12:23,513 - root - INFO - Processing end event: Token Token-83 at node Monthly (Unknown)
2025-03-11 11:12:23,514 - root - INFO - Token Token-83 completed task 'Monthly' at 2025-03-12 09:42:00.741748.
2025-03-11 11:12:23,514 - root - INFO - Next nodes for Monthly: ['Review AM using Asset Change Tracker (5.5.13.1)']
2025-03-11 11:12:23,514 - root - INFO - Scheduling direct next node Review AM using Asset Change Tracker (5.5.13.1)
2025-03-11 11:12:23,515 - root - INFO - Token Token-83 waiting for resource 'Tech' at 2025-03-12 09:42:00.741748
2025-03-11 11:12:23,515 - root - INFO - Token Token-84 started task 'Monthly' at 2025-03-12 09:47:47.639067, scheduled to end at 2025-03-12 09:47:47.639067 (processing time: 0.00 min)
2025-03-11 11:12:23,516 - root - INFO - Processing end event: Token Token-84 at node Monthly (Unknown)
2025-03-11 11:12:23,516 - root - INFO - Token Token-84 completed task 'Monthly' at 2025-03-12 09:47:47.639067.
2025-03-11 11:12:23,516 - root - INFO - Next nodes for Monthly: ['Review AM using Asset Change Tracker (5.5.13.1)']
2025-03-11 11:12:23,518 - root - INFO - Scheduling direct next node Review AM using Asset Change Tracker (5.5.13.1)
2025-03-11 11:12:23,518 - root - INFO - Token Token-84 waiting for resource 'Tech' at 2025-03-12 09:47:47.639067
2025-03-11 11:12:23,519 - root - INFO - Token Token-85 started task 'Monthly' at 2025-03-12 09:53:44.473053, scheduled to end at 2025-03-12 09:53:44.473053 (processing time: 0.00 min)
2025-03-11 11:12:23,519 - root - INFO - Processing end event: Token Token-85 at node Monthly (Unknown)
2025-03-11 11:12:23,520 - root - INFO - Token Token-85 completed task 'Monthly' at 2025-03-12 09:53:44.473053.
2025-03-11 11:12:23,520 - root - INFO - Next nodes for Monthly: ['Review AM using Asset Change Tracker (5.5.13.1)']
2025-03-11 11:12:23,521 - root - INFO - Scheduling direct next node Review AM using Asset Change Tracker (5.5.13.1)
2025-03-11 11:12:23,521 - root - INFO - Token Token-85 waiting for resource 'Tech' at 2025-03-12 09:53:44.473053
2025-03-11 11:12:23,522 - root - INFO - Token Token-86 started task 'Monthly' at 2025-03-12 09:58:38.427168, scheduled to end at 2025-03-12 09:58:38.427168 (processing time: 0.00 min)
2025-03-11 11:12:23,522 - root - INFO - Processing end event: Token Token-86 at node Monthly (Unknown)
2025-03-11 11:12:23,522 - root - INFO - Token Token-86 completed task 'Monthly' at 2025-03-12 09:58:38.427168.
2025-03-11 11:12:23,523 - root - INFO - Next nodes for Monthly: ['Review AM using Asset Change Tracker (5.5.13.1)']
2025-03-11 11:12:23,523 - root - INFO - Scheduling direct next node Review AM using Asset Change Tracker (5.5.13.1)
2025-03-11 11:12:23,524 - root - INFO - Token Token-86 waiting for resource 'Tech' at 2025-03-12 09:58:38.427168
2025-03-11 11:12:23,524 - root - INFO - Token Token-87 started task 'Monthly' at 2025-03-12 10:03:47.380352, scheduled to end at 2025-03-12 10:03:47.380352 (processing time: 0.00 min)
2025-03-11 11:12:23,525 - root - INFO - Processing end event: Token Token-87 at node Monthly (Unknown)
2025-03-11 11:12:23,525 - root - INFO - Token Token-87 completed task 'Monthly' at 2025-03-12 10:03:47.380352.
2025-03-11 11:12:23,525 - root - INFO - Next nodes for Monthly: ['Review AM using Asset Change Tracker (5.5.13.1)']
2025-03-11 11:12:23,526 - root - INFO - Scheduling direct next node Review AM using Asset Change Tracker (5.5.13.1)
2025-03-11 11:12:23,526 - root - INFO - Token Token-87 waiting for resource 'Tech' at 2025-03-12 10:03:47.380352
2025-03-11 11:12:23,527 - root - INFO - Token Token-88 started task 'Monthly' at 2025-03-12 10:09:05.978242, scheduled to end at 2025-03-12 10:09:05.978242 (processing time: 0.00 min)
2025-03-11 11:12:23,527 - root - INFO - Processing end event: Token Token-88 at node Monthly (Unknown)
2025-03-11 11:12:23,527 - root - INFO - Token Token-88 completed task 'Monthly' at 2025-03-12 10:09:05.978242.
2025-03-11 11:12:23,528 - root - INFO - Next nodes for Monthly: ['Review AM using Asset Change Tracker (5.5.13.1)']
2025-03-11 11:12:23,528 - root - INFO - Scheduling direct next node Review AM using Asset Change Tracker (5.5.13.1)
2025-03-11 11:12:23,528 - root - INFO - Token Token-88 waiting for resource 'Tech' at 2025-03-12 10:09:05.978242
2025-03-11 11:12:23,528 - root - INFO - Token Token-89 started task 'Monthly' at 2025-03-12 10:15:23.797745, scheduled to end at 2025-03-12 10:15:23.797745 (processing time: 0.00 min)
2025-03-11 11:12:23,529 - root - INFO - Processing end event: Token Token-89 at node Monthly (Unknown)
2025-03-11 11:12:23,529 - root - INFO - Token Token-89 completed task 'Monthly' at 2025-03-12 10:15:23.797745.
2025-03-11 11:12:23,529 - root - INFO - Next nodes for Monthly: ['Review AM using Asset Change Tracker (5.5.13.1)']
2025-03-11 11:12:23,530 - root - INFO - Scheduling direct next node Review AM using Asset Change Tracker (5.5.13.1)
2025-03-11 11:12:23,530 - root - INFO - Token Token-89 waiting for resource 'Tech' at 2025-03-12 10:15:23.797745
2025-03-11 11:12:23,530 - root - INFO - Token Token-90 started task 'Monthly' at 2025-03-12 10:20:52.688554, scheduled to end at 2025-03-12 10:20:52.688554 (processing time: 0.00 min)
2025-03-11 11:12:23,530 - root - INFO - Processing end event: Token Token-90 at node Monthly (Unknown)
2025-03-11 11:12:23,530 - root - INFO - Token Token-90 completed task 'Monthly' at 2025-03-12 10:20:52.688554.
2025-03-11 11:12:23,530 - root - INFO - Next nodes for Monthly: ['Review AM using Asset Change Tracker (5.5.13.1)']
2025-03-11 11:12:23,532 - root - INFO - Scheduling direct next node Review AM using Asset Change Tracker (5.5.13.1)
2025-03-11 11:12:23,532 - root - INFO - Token Token-90 waiting for resource 'Tech' at 2025-03-12 10:20:52.688554
2025-03-11 11:12:23,532 - root - INFO - Token Token-91 started task 'Monthly' at 2025-03-12 10:27:04.758219, scheduled to end at 2025-03-12 10:27:04.758219 (processing time: 0.00 min)
2025-03-11 11:12:23,532 - root - INFO - Processing end event: Token Token-91 at node Monthly (Unknown)
2025-03-11 11:12:23,532 - root - INFO - Token Token-91 completed task 'Monthly' at 2025-03-12 10:27:04.758219.
2025-03-11 11:12:23,532 - root - INFO - Next nodes for Monthly: ['Review AM using Asset Change Tracker (5.5.13.1)']
2025-03-11 11:12:23,532 - root - INFO - Scheduling direct next node Review AM using Asset Change Tracker (5.5.13.1)
2025-03-11 11:12:23,533 - root - INFO - Token Token-91 waiting for resource 'Tech' at 2025-03-12 10:27:04.758219
2025-03-11 11:12:23,533 - root - INFO - Token Token-92 started task 'Monthly' at 2025-03-12 10:33:14.244126, scheduled to end at 2025-03-12 10:33:14.244126 (processing time: 0.00 min)
2025-03-11 11:12:23,553 - root - INFO - Processing end event: Token Token-92 at node Monthly (Unknown)
2025-03-11 11:12:23,553 - root - INFO - Token Token-92 completed task 'Monthly' at 2025-03-12 10:33:14.244126.
2025-03-11 11:12:23,554 - root - INFO - Next nodes for Monthly: ['Review AM using Asset Change Tracker (5.5.13.1)']
2025-03-11 11:12:23,554 - root - INFO - Scheduling direct next node Review AM using Asset Change Tracker (5.5.13.1)
2025-03-11 11:12:23,555 - root - INFO - Token Token-92 waiting for resource 'Tech' at 2025-03-12 10:33:14.244126
2025-03-11 11:12:23,555 - root - INFO - Token Token-93 started task 'Monthly' at 2025-03-12 10:38:06.499950, scheduled to end at 2025-03-12 10:38:06.499950 (processing time: 0.00 min)
2025-03-11 11:12:23,555 - root - INFO - Processing end event: Token Token-93 at node Monthly (Unknown)
2025-03-11 11:12:23,556 - root - INFO - Token Token-93 completed task 'Monthly' at 2025-03-12 10:38:06.499950.
2025-03-11 11:12:23,556 - root - INFO - Next nodes for Monthly: ['Review AM using Asset Change Tracker (5.5.13.1)']
2025-03-11 11:12:23,557 - root - INFO - Scheduling direct next node Review AM using Asset Change Tracker (5.5.13.1)
2025-03-11 11:12:23,557 - root - INFO - Token Token-93 waiting for resource 'Tech' at 2025-03-12 10:38:06.499950
2025-03-11 11:12:23,559 - root - INFO - Token Token-94 started task 'Monthly' at 2025-03-12 10:44:10.652618, scheduled to end at 2025-03-12 10:44:10.652618 (processing time: 0.00 min)
2025-03-11 11:12:23,559 - root - INFO - Processing end event: Token Token-94 at node Monthly (Unknown)
2025-03-11 11:12:23,560 - root - INFO - Token Token-94 completed task 'Monthly' at 2025-03-12 10:44:10.652618.
2025-03-11 11:12:23,560 - root - INFO - Next nodes for Monthly: ['Review AM using Asset Change Tracker (5.5.13.1)']
2025-03-11 11:12:23,561 - root - INFO - Scheduling direct next node Review AM using Asset Change Tracker (5.5.13.1)
2025-03-11 11:12:23,562 - root - INFO - Token Token-94 waiting for resource 'Tech' at 2025-03-12 10:44:10.652618
2025-03-11 11:12:23,562 - root - INFO - Token Token-95 started task 'Monthly' at 2025-03-12 10:50:00.185716, scheduled to end at 2025-03-12 10:50:00.185716 (processing time: 0.00 min)
2025-03-11 11:12:23,563 - root - INFO - Processing end event: Token Token-95 at node Monthly (Unknown)
2025-03-11 11:12:23,563 - root - INFO - Token Token-95 completed task 'Monthly' at 2025-03-12 10:50:00.185716.
2025-03-11 11:12:23,563 - root - INFO - Next nodes for Monthly: ['Review AM using Asset Change Tracker (5.5.13.1)']
2025-03-11 11:12:23,564 - root - INFO - Scheduling direct next node Review AM using Asset Change Tracker (5.5.13.1)
2025-03-11 11:12:23,564 - root - INFO - Token Token-95 waiting for resource 'Tech' at 2025-03-12 10:50:00.185716
2025-03-11 11:12:23,564 - root - INFO - Token Token-96 started task 'Monthly' at 2025-03-12 10:54:58.677401, scheduled to end at 2025-03-12 10:54:58.677401 (processing time: 0.00 min)
2025-03-11 11:12:23,565 - root - INFO - Processing end event: Token Token-96 at node Monthly (Unknown)
2025-03-11 11:12:23,565 - root - INFO - Token Token-96 completed task 'Monthly' at 2025-03-12 10:54:58.677401.
2025-03-11 11:12:23,566 - root - INFO - Next nodes for Monthly: ['Review AM using Asset Change Tracker (5.5.13.1)']
2025-03-11 11:12:23,566 - root - INFO - Scheduling direct next node Review AM using Asset Change Tracker (5.5.13.1)
2025-03-11 11:12:23,566 - root - INFO - Token Token-96 waiting for resource 'Tech' at 2025-03-12 10:54:58.677401
2025-03-11 11:12:23,568 - root - INFO - Token Token-97 started task 'Monthly' at 2025-03-12 11:00:08.117690, scheduled to end at 2025-03-12 11:00:08.117690 (processing time: 0.00 min)
2025-03-11 11:12:23,568 - root - INFO - Processing end event: Token Token-97 at node Monthly (Unknown)
2025-03-11 11:12:23,569 - root - INFO - Token Token-97 completed task 'Monthly' at 2025-03-12 11:00:08.117690.
2025-03-11 11:12:23,570 - root - INFO - Next nodes for Monthly: ['Review AM using Asset Change Tracker (5.5.13.1)']
2025-03-11 11:12:23,570 - root - INFO - Scheduling direct next node Review AM using Asset Change Tracker (5.5.13.1)
2025-03-11 11:12:23,570 - root - INFO - Token Token-97 waiting for resource 'Tech' at 2025-03-12 11:00:08.117690
2025-03-11 11:12:23,571 - root - INFO - Token Token-98 started task 'Monthly' at 2025-03-12 11:06:10.887750, scheduled to end at 2025-03-12 11:06:10.887750 (processing time: 0.00 min)
2025-03-11 11:12:23,571 - root - INFO - Processing end event: Token Token-98 at node Monthly (Unknown)
2025-03-11 11:12:23,572 - root - INFO - Token Token-98 completed task 'Monthly' at 2025-03-12 11:06:10.887750.
2025-03-11 11:12:23,572 - root - INFO - Next nodes for Monthly: ['Review AM using Asset Change Tracker (5.5.13.1)']
2025-03-11 11:12:23,572 - root - INFO - Scheduling direct next node Review AM using Asset Change Tracker (5.5.13.1)
2025-03-11 11:12:23,573 - root - INFO - Token Token-98 waiting for resource 'Tech' at 2025-03-12 11:06:10.887750
2025-03-11 11:12:23,573 - root - INFO - Token Token-99 started task 'Monthly' at 2025-03-12 11:11:24.859621, scheduled to end at 2025-03-12 11:11:24.859621 (processing time: 0.00 min)
2025-03-11 11:12:23,574 - root - INFO - Processing end event: Token Token-99 at node Monthly (Unknown)
2025-03-11 11:12:23,574 - root - INFO - Token Token-99 completed task 'Monthly' at 2025-03-12 11:11:24.859621.
2025-03-11 11:12:23,574 - root - INFO - Next nodes for Monthly: ['Review AM using Asset Change Tracker (5.5.13.1)']
2025-03-11 11:12:23,575 - root - INFO - Scheduling direct next node Review AM using Asset Change Tracker (5.5.13.1)
2025-03-11 11:12:23,575 - root - INFO - Token Token-99 waiting for resource 'Tech' at 2025-03-12 11:11:24.859621
2025-03-11 11:12:23,576 - root - INFO - Token Token-100 started task 'Monthly' at 2025-03-12 11:17:07.729277, scheduled to end at 2025-03-12 11:17:07.729277 (processing time: 0.00 min)
2025-03-11 11:12:23,576 - root - INFO - Processing end event: Token Token-100 at node Monthly (Unknown)
2025-03-11 11:12:23,577 - root - INFO - Token Token-100 completed task 'Monthly' at 2025-03-12 11:17:07.729277.
2025-03-11 11:12:23,577 - root - INFO - Next nodes for Monthly: ['Review AM using Asset Change Tracker (5.5.13.1)']
2025-03-11 11:12:23,577 - root - INFO - Scheduling direct next node Review AM using Asset Change Tracker (5.5.13.1)
2025-03-11 11:12:23,578 - root - INFO - Token Token-100 waiting for resource 'Tech' at 2025-03-12 11:17:07.729277
2025-03-11 11:12:23,578 - root - INFO - Token Token-101 started task 'Monthly' at 2025-03-12 11:21:53.800707, scheduled to end at 2025-03-12 11:21:53.800707 (processing time: 0.00 min)
2025-03-11 11:12:23,579 - root - INFO - Processing end event: Token Token-101 at node Monthly (Unknown)
2025-03-11 11:12:23,579 - root - INFO - Token Token-101 completed task 'Monthly' at 2025-03-12 11:21:53.800707.
2025-03-11 11:12:23,580 - root - INFO - Next nodes for Monthly: ['Review AM using Asset Change Tracker (5.5.13.1)']
2025-03-11 11:12:23,580 - root - INFO - Scheduling direct next node Review AM using Asset Change Tracker (5.5.13.1)
2025-03-11 11:12:23,580 - root - INFO - Token Token-101 waiting for resource 'Tech' at 2025-03-12 11:21:53.800707
2025-03-11 11:12:23,602 - root - INFO - Token Token-102 started task 'Monthly' at 2025-03-12 11:27:35.106628, scheduled to end at 2025-03-12 11:27:35.106628 (processing time: 0.00 min)
2025-03-11 11:12:23,602 - root - INFO - Processing end event: Token Token-102 at node Monthly (Unknown)
2025-03-11 11:12:23,603 - root - INFO - Token Token-102 completed task 'Monthly' at 2025-03-12 11:27:35.106628.
2025-03-11 11:12:23,603 - root - INFO - Next nodes for Monthly: ['Review AM using Asset Change Tracker (5.5.13.1)']
2025-03-11 11:12:23,604 - root - INFO - Scheduling direct next node Review AM using Asset Change Tracker (5.5.13.1)
2025-03-11 11:12:23,604 - root - INFO - Token Token-102 waiting for resource 'Tech' at 2025-03-12 11:27:35.106628
2025-03-11 11:12:23,605 - root - INFO - Token Token-103 started task 'Monthly' at 2025-03-12 11:33:37.422548, scheduled to end at 2025-03-12 11:33:37.422548 (processing time: 0.00 min)
2025-03-11 11:12:23,605 - root - INFO - Processing end event: Token Token-103 at node Monthly (Unknown)
2025-03-11 11:12:23,605 - root - INFO - Token Token-103 completed task 'Monthly' at 2025-03-12 11:33:37.422548.
2025-03-11 11:12:23,606 - root - INFO - Next nodes for Monthly: ['Review AM using Asset Change Tracker (5.5.13.1)']
2025-03-11 11:12:23,606 - root - INFO - Scheduling direct next node Review AM using Asset Change Tracker (5.5.13.1)
2025-03-11 11:12:23,606 - root - INFO - Token Token-103 waiting for resource 'Tech' at 2025-03-12 11:33:37.422548
2025-03-11 11:12:23,607 - root - INFO - Token Token-104 started task 'Monthly' at 2025-03-12 11:38:33.482086, scheduled to end at 2025-03-12 11:38:33.482086 (processing time: 0.00 min)
2025-03-11 11:12:23,607 - root - INFO - Processing end event: Token Token-104 at node Monthly (Unknown)
2025-03-11 11:12:23,608 - root - INFO - Token Token-104 completed task 'Monthly' at 2025-03-12 11:38:33.482086.
2025-03-11 11:12:23,609 - root - INFO - Next nodes for Monthly: ['Review AM using Asset Change Tracker (5.5.13.1)']
2025-03-11 11:12:23,610 - root - INFO - Scheduling direct next node Review AM using Asset Change Tracker (5.5.13.1)
2025-03-11 11:12:23,610 - root - INFO - Token Token-104 waiting for resource 'Tech' at 2025-03-12 11:38:33.482086
2025-03-11 11:12:23,611 - root - INFO - Token Token-105 started task 'Monthly' at 2025-03-12 11:44:50.830489, scheduled to end at 2025-03-12 11:44:50.830489 (processing time: 0.00 min)
2025-03-11 11:12:23,611 - root - INFO - Processing end event: Token Token-105 at node Monthly (Unknown)
2025-03-11 11:12:23,611 - root - INFO - Token Token-105 completed task 'Monthly' at 2025-03-12 11:44:50.830489.
2025-03-11 11:12:23,612 - root - INFO - Next nodes for Monthly: ['Review AM using Asset Change Tracker (5.5.13.1)']
2025-03-11 11:12:23,612 - root - INFO - Scheduling direct next node Review AM using Asset Change Tracker (5.5.13.1)
2025-03-11 11:12:23,612 - root - INFO - Token Token-105 waiting for resource 'Tech' at 2025-03-12 11:44:50.830489
2025-03-11 11:12:23,613 - root - INFO - Token Token-106 started task 'Monthly' at 2025-03-12 11:51:17.016552, scheduled to end at 2025-03-12 11:51:17.016552 (processing time: 0.00 min)
2025-03-11 11:12:23,615 - root - INFO - Processing end event: Token Token-106 at node Monthly (Unknown)
2025-03-11 11:12:23,616 - root - INFO - Token Token-106 completed task 'Monthly' at 2025-03-12 11:51:17.016552.
2025-03-11 11:12:23,617 - root - INFO - Next nodes for Monthly: ['Review AM using Asset Change Tracker (5.5.13.1)']
2025-03-11 11:12:23,619 - root - INFO - Scheduling direct next node Review AM using Asset Change Tracker (5.5.13.1)
2025-03-11 11:12:23,620 - root - INFO - Token Token-106 waiting for resource 'Tech' at 2025-03-12 11:51:17.016552
2025-03-11 11:12:23,621 - root - INFO - Token Token-107 started task 'Monthly' at 2025-03-12 11:56:36.436216, scheduled to end at 2025-03-12 11:56:36.436216 (processing time: 0.00 min)
2025-03-11 11:12:23,621 - root - INFO - Processing end event: Token Token-107 at node Monthly (Unknown)
2025-03-11 11:12:23,622 - root - INFO - Token Token-107 completed task 'Monthly' at 2025-03-12 11:56:36.436216.
2025-03-11 11:12:23,622 - root - INFO - Next nodes for Monthly: ['Review AM using Asset Change Tracker (5.5.13.1)']
2025-03-11 11:12:23,623 - root - INFO - Scheduling direct next node Review AM using Asset Change Tracker (5.5.13.1)
2025-03-11 11:12:23,623 - root - INFO - Token Token-107 waiting for resource 'Tech' at 2025-03-12 11:56:36.436216
2025-03-11 11:12:23,623 - root - INFO - Token Token-108 started task 'Monthly' at 2025-03-12 12:02:45.444073, scheduled to end at 2025-03-12 12:02:45.444073 (processing time: 0.00 min)
2025-03-11 11:12:23,624 - root - INFO - Processing end event: Token Token-108 at node Monthly (Unknown)
2025-03-11 11:12:23,624 - root - INFO - Token Token-108 completed task 'Monthly' at 2025-03-12 12:02:45.444073.
2025-03-11 11:12:23,625 - root - INFO - Next nodes for Monthly: ['Review AM using Asset Change Tracker (5.5.13.1)']
2025-03-11 11:12:23,625 - root - INFO - Scheduling direct next node Review AM using Asset Change Tracker (5.5.13.1)
2025-03-11 11:12:23,625 - root - INFO - Token Token-108 waiting for resource 'Tech' at 2025-03-12 12:02:45.444073
2025-03-11 11:12:23,626 - root - INFO - Token Token-109 started task 'Monthly' at 2025-03-12 12:08:02.984777, scheduled to end at 2025-03-12 12:08:02.984777 (processing time: 0.00 min)
2025-03-11 11:12:23,626 - root - INFO - Processing end event: Token Token-109 at node Monthly (Unknown)
2025-03-11 11:12:23,626 - root - INFO - Token Token-109 completed task 'Monthly' at 2025-03-12 12:08:02.984777.
2025-03-11 11:12:23,626 - root - INFO - Next nodes for Monthly: ['Review AM using Asset Change Tracker (5.5.13.1)']
2025-03-11 11:12:23,626 - root - INFO - Scheduling direct next node Review AM using Asset Change Tracker (5.5.13.1)
2025-03-11 11:12:23,626 - root - INFO - Token Token-109 waiting for resource 'Tech' at 2025-03-12 12:08:02.984777
2025-03-11 11:12:23,626 - root - INFO - Token Token-110 started task 'Monthly' at 2025-03-12 12:12:53.581109, scheduled to end at 2025-03-12 12:12:53.581109 (processing time: 0.00 min)
2025-03-11 11:12:23,626 - root - INFO - Processing end event: Token Token-110 at node Monthly (Unknown)
2025-03-11 11:12:23,626 - root - INFO - Token Token-110 completed task 'Monthly' at 2025-03-12 12:12:53.581109.
2025-03-11 11:12:23,626 - root - INFO - Next nodes for Monthly: ['Review AM using Asset Change Tracker (5.5.13.1)']
2025-03-11 11:12:23,628 - root - INFO - Scheduling direct next node Review AM using Asset Change Tracker (5.5.13.1)
2025-03-11 11:12:23,629 - root - INFO - Token Token-110 waiting for resource 'Tech' at 2025-03-12 12:12:53.581109
2025-03-11 11:12:23,629 - root - INFO - Token Token-111 started task 'Monthly' at 2025-03-12 12:18:36.576772, scheduled to end at 2025-03-12 12:18:36.576772 (processing time: 0.00 min)
2025-03-11 11:12:23,630 - root - INFO - Processing end event: Token Token-111 at node Monthly (Unknown)
2025-03-11 11:12:23,630 - root - INFO - Token Token-111 completed task 'Monthly' at 2025-03-12 12:18:36.576772.
2025-03-11 11:12:23,649 - root - INFO - Next nodes for Monthly: ['Review AM using Asset Change Tracker (5.5.13.1)']
2025-03-11 11:12:23,650 - root - INFO - Scheduling direct next node Review AM using Asset Change Tracker (5.5.13.1)
2025-03-11 11:12:23,650 - root - INFO - Token Token-111 waiting for resource 'Tech' at 2025-03-12 12:18:36.576772
2025-03-11 11:12:23,651 - root - INFO - Token Token-112 started task 'Monthly' at 2025-03-12 12:23:04.970785, scheduled to end at 2025-03-12 12:23:04.970785 (processing time: 0.00 min)
2025-03-11 11:12:23,651 - root - INFO - Processing end event: Token Token-112 at node Monthly (Unknown)
2025-03-11 11:12:23,652 - root - INFO - Token Token-112 completed task 'Monthly' at 2025-03-12 12:23:04.970785.
2025-03-11 11:12:23,652 - root - INFO - Next nodes for Monthly: ['Review AM using Asset Change Tracker (5.5.13.1)']
2025-03-11 11:12:23,652 - root - INFO - Scheduling direct next node Review AM using Asset Change Tracker (5.5.13.1)
2025-03-11 11:12:23,653 - root - INFO - Token Token-112 waiting for resource 'Tech' at 2025-03-12 12:23:04.970785
2025-03-11 11:12:23,653 - root - INFO - Token Token-113 started task 'Monthly' at 2025-03-12 12:29:23.599659, scheduled to end at 2025-03-12 12:29:23.599659 (processing time: 0.00 min)
2025-03-11 11:12:23,654 - root - INFO - Processing end event: Token Token-113 at node Monthly (Unknown)
2025-03-11 11:12:23,654 - root - INFO - Token Token-113 completed task 'Monthly' at 2025-03-12 12:29:23.599659.
2025-03-11 11:12:23,654 - root - INFO - Next nodes for Monthly: ['Review AM using Asset Change Tracker (5.5.13.1)']
2025-03-11 11:12:23,655 - root - INFO - Scheduling direct next node Review AM using Asset Change Tracker (5.5.13.1)
2025-03-11 11:12:23,655 - root - INFO - Token Token-113 waiting for resource 'Tech' at 2025-03-12 12:29:23.599659
2025-03-11 11:12:23,655 - root - INFO - Token Token-114 started task 'Monthly' at 2025-03-12 12:35:10.390567, scheduled to end at 2025-03-12 12:35:10.390567 (processing time: 0.00 min)
2025-03-11 11:12:23,656 - root - INFO - Processing end event: Token Token-114 at node Monthly (Unknown)
2025-03-11 11:12:23,656 - root - INFO - Token Token-114 completed task 'Monthly' at 2025-03-12 12:35:10.390567.
2025-03-11 11:12:23,658 - root - INFO - Next nodes for Monthly: ['Review AM using Asset Change Tracker (5.5.13.1)']
2025-03-11 11:12:23,658 - root - INFO - Scheduling direct next node Review AM using Asset Change Tracker (5.5.13.1)
2025-03-11 11:12:23,659 - root - INFO - Token Token-114 waiting for resource 'Tech' at 2025-03-12 12:35:10.390567
2025-03-11 11:12:23,659 - root - INFO - Token Token-115 started task 'Monthly' at 2025-03-12 12:41:32.536883, scheduled to end at 2025-03-12 12:41:32.536883 (processing time: 0.00 min)
2025-03-11 11:12:23,660 - root - INFO - Processing end event: Token Token-115 at node Monthly (Unknown)
2025-03-11 11:12:23,662 - root - INFO - Token Token-115 completed task 'Monthly' at 2025-03-12 12:41:32.536883.
2025-03-11 11:12:23,662 - root - INFO - Next nodes for Monthly: ['Review AM using Asset Change Tracker (5.5.13.1)']
2025-03-11 11:12:23,662 - root - INFO - Scheduling direct next node Review AM using Asset Change Tracker (5.5.13.1)
2025-03-11 11:12:23,663 - root - INFO - Token Token-115 waiting for resource 'Tech' at 2025-03-12 12:41:32.536883
2025-03-11 11:12:23,663 - root - INFO - Token Token-116 started task 'Monthly' at 2025-03-12 12:46:08.858440, scheduled to end at 2025-03-12 12:46:08.858440 (processing time: 0.00 min)
2025-03-11 11:12:23,664 - root - INFO - Processing end event: Token Token-116 at node Monthly (Unknown)
2025-03-11 11:12:23,664 - root - INFO - Token Token-116 completed task 'Monthly' at 2025-03-12 12:46:08.858440.
2025-03-11 11:12:23,664 - root - INFO - Next nodes for Monthly: ['Review AM using Asset Change Tracker (5.5.13.1)']
2025-03-11 11:12:23,665 - root - INFO - Scheduling direct next node Review AM using Asset Change Tracker (5.5.13.1)
2025-03-11 11:12:23,665 - root - INFO - Token Token-116 waiting for resource 'Tech' at 2025-03-12 12:46:08.858440
2025-03-11 11:12:23,665 - root - INFO - Token Token-117 started task 'Monthly' at 2025-03-12 12:50:52.051754, scheduled to end at 2025-03-12 12:50:52.051754 (processing time: 0.00 min)
2025-03-11 11:12:23,666 - root - INFO - Processing end event: Token Token-117 at node Monthly (Unknown)
2025-03-11 11:12:23,666 - root - INFO - Token Token-117 completed task 'Monthly' at 2025-03-12 12:50:52.051754.
2025-03-11 11:12:23,667 - root - INFO - Next nodes for Monthly: ['Review AM using Asset Change Tracker (5.5.13.1)']
2025-03-11 11:12:23,667 - root - INFO - Scheduling direct next node Review AM using Asset Change Tracker (5.5.13.1)
2025-03-11 11:12:23,667 - root - INFO - Token Token-117 waiting for resource 'Tech' at 2025-03-12 12:50:52.051754
2025-03-11 11:12:23,668 - root - INFO - Token Token-118 started task 'Monthly' at 2025-03-12 12:55:27.138949, scheduled to end at 2025-03-12 12:55:27.138949 (processing time: 0.00 min)
2025-03-11 11:12:23,668 - root - INFO - Processing end event: Token Token-118 at node Monthly (Unknown)
2025-03-11 11:12:23,669 - root - INFO - Token Token-118 completed task 'Monthly' at 2025-03-12 12:55:27.138949.
2025-03-11 11:12:23,669 - root - INFO - Next nodes for Monthly: ['Review AM using Asset Change Tracker (5.5.13.1)']
2025-03-11 11:12:23,669 - root - INFO - Scheduling direct next node Review AM using Asset Change Tracker (5.5.13.1)
2025-03-11 11:12:23,669 - root - INFO - Token Token-118 waiting for resource 'Tech' at 2025-03-12 12:55:27.138949
2025-03-11 11:12:23,670 - root - INFO - Token Token-119 started task 'Monthly' at 2025-03-12 13:01:42.263828, scheduled to end at 2025-03-12 13:01:42.263828 (processing time: 0.00 min)
2025-03-11 11:12:23,671 - root - INFO - Processing end event: Token Token-119 at node Monthly (Unknown)
2025-03-11 11:12:23,671 - root - INFO - Token Token-119 completed task 'Monthly' at 2025-03-12 13:01:42.263828.
2025-03-11 11:12:23,671 - root - INFO - Next nodes for Monthly: ['Review AM using Asset Change Tracker (5.5.13.1)']
2025-03-11 11:12:23,671 - root - INFO - Scheduling direct next node Review AM using Asset Change Tracker (5.5.13.1)
2025-03-11 11:12:23,671 - root - INFO - Token Token-119 waiting for resource 'Tech' at 2025-03-12 13:01:42.263828
2025-03-11 11:12:23,671 - root - INFO - Token Token-120 started task 'Monthly' at 2025-03-12 13:07:32.779718, scheduled to end at 2025-03-12 13:07:32.779718 (processing time: 0.00 min)
2025-03-11 11:12:23,671 - root - INFO - Processing end event: Token Token-120 at node Monthly (Unknown)
2025-03-11 11:12:23,671 - root - INFO - Token Token-120 completed task 'Monthly' at 2025-03-12 13:07:32.779718.
2025-03-11 11:12:23,671 - root - INFO - Next nodes for Monthly: ['Review AM using Asset Change Tracker (5.5.13.1)']
2025-03-11 11:12:23,673 - root - INFO - Scheduling direct next node Review AM using Asset Change Tracker (5.5.13.1)
2025-03-11 11:12:23,673 - root - INFO - Token Token-120 waiting for resource 'Tech' at 2025-03-12 13:07:32.779718
2025-03-11 11:12:23,673 - root - INFO - Token Token-121 started task 'Monthly' at 2025-03-12 13:13:42.166992, scheduled to end at 2025-03-12 13:13:42.166992 (processing time: 0.00 min)
2025-03-11 11:12:23,673 - root - INFO - Processing end event: Token Token-121 at node Monthly (Unknown)
2025-03-11 11:12:23,673 - root - INFO - Token Token-121 completed task 'Monthly' at 2025-03-12 13:13:42.166992.
2025-03-11 11:12:23,673 - root - INFO - Next nodes for Monthly: ['Review AM using Asset Change Tracker (5.5.13.1)']
2025-03-11 11:12:23,674 - root - INFO - Scheduling direct next node Review AM using Asset Change Tracker (5.5.13.1)
2025-03-11 11:12:23,674 - root - INFO - Token Token-121 waiting for resource 'Tech' at 2025-03-12 13:13:42.166992
2025-03-11 11:12:23,675 - root - INFO - Token Token-122 started task 'Monthly' at 2025-03-12 13:19:54.157682, scheduled to end at 2025-03-12 13:19:54.157682 (processing time: 0.00 min)
2025-03-11 11:12:23,676 - root - INFO - Processing end event: Token Token-122 at node Monthly (Unknown)
2025-03-11 11:12:23,676 - root - INFO - Token Token-122 completed task 'Monthly' at 2025-03-12 13:19:54.157682.
2025-03-11 11:12:23,694 - root - INFO - Next nodes for Monthly: ['Review AM using Asset Change Tracker (5.5.13.1)']
2025-03-11 11:12:23,694 - root - INFO - Scheduling direct next node Review AM using Asset Change Tracker (5.5.13.1)
2025-03-11 11:12:23,695 - root - INFO - Token Token-122 waiting for resource 'Tech' at 2025-03-12 13:19:54.157682
2025-03-11 11:12:23,695 - root - INFO - Token Token-123 started task 'Monthly' at 2025-03-12 13:25:28.849724, scheduled to end at 2025-03-12 13:25:28.849724 (processing time: 0.00 min)
2025-03-11 11:12:23,696 - root - INFO - Processing end event: Token Token-123 at node Monthly (Unknown)
2025-03-11 11:12:23,696 - root - INFO - Token Token-123 completed task 'Monthly' at 2025-03-12 13:25:28.849724.
2025-03-11 11:12:23,697 - root - INFO - Next nodes for Monthly: ['Review AM using Asset Change Tracker (5.5.13.1)']
2025-03-11 11:12:23,697 - root - INFO - Scheduling direct next node Review AM using Asset Change Tracker (5.5.13.1)
2025-03-11 11:12:23,697 - root - INFO - Token Token-123 waiting for resource 'Tech' at 2025-03-12 13:25:28.849724
2025-03-11 11:12:23,698 - root - INFO - Token Token-124 started task 'Monthly' at 2025-03-12 13:29:48.202282, scheduled to end at 2025-03-12 13:29:48.202282 (processing time: 0.00 min)
2025-03-11 11:12:23,698 - root - INFO - Processing end event: Token Token-124 at node Monthly (Unknown)
2025-03-11 11:12:23,699 - root - INFO - Token Token-124 completed task 'Monthly' at 2025-03-12 13:29:48.202282.
2025-03-11 11:12:23,699 - root - INFO - Next nodes for Monthly: ['Review AM using Asset Change Tracker (5.5.13.1)']
2025-03-11 11:12:23,699 - root - INFO - Scheduling direct next node Review AM using Asset Change Tracker (5.5.13.1)
2025-03-11 11:12:23,702 - root - INFO - Token Token-124 waiting for resource 'Tech' at 2025-03-12 13:29:48.202282
2025-03-11 11:12:23,702 - root - INFO - Token Token-125 started task 'Monthly' at 2025-03-12 13:35:52.532353, scheduled to end at 2025-03-12 13:35:52.532353 (processing time: 0.00 min)
2025-03-11 11:12:23,702 - root - INFO - Processing end event: Token Token-125 at node Monthly (Unknown)
2025-03-11 11:12:23,703 - root - INFO - Token Token-125 completed task 'Monthly' at 2025-03-12 13:35:52.532353.
2025-03-11 11:12:23,703 - root - INFO - Next nodes for Monthly: ['Review AM using Asset Change Tracker (5.5.13.1)']
2025-03-11 11:12:23,704 - root - INFO - Scheduling direct next node Review AM using Asset Change Tracker (5.5.13.1)
2025-03-11 11:12:23,704 - root - INFO - Token Token-125 waiting for resource 'Tech' at 2025-03-12 13:35:52.532353
2025-03-11 11:12:23,704 - root - INFO - Token Token-126 started task 'Monthly' at 2025-03-12 13:41:41.230324, scheduled to end at 2025-03-12 13:41:41.230324 (processing time: 0.00 min)
2025-03-11 11:12:23,705 - root - INFO - Processing end event: Token Token-126 at node Monthly (Unknown)
2025-03-11 11:12:23,706 - root - INFO - Token Token-126 completed task 'Monthly' at 2025-03-12 13:41:41.230324.
2025-03-11 11:12:23,706 - root - INFO - Next nodes for Monthly: ['Review AM using Asset Change Tracker (5.5.13.1)']
2025-03-11 11:12:23,707 - root - INFO - Scheduling direct next node Review AM using Asset Change Tracker (5.5.13.1)
2025-03-11 11:12:23,707 - root - INFO - Token Token-126 waiting for resource 'Tech' at 2025-03-12 13:41:41.230324
2025-03-11 11:12:23,708 - root - INFO - Token Token-127 started task 'Monthly' at 2025-03-12 13:46:40.173134, scheduled to end at 2025-03-12 13:46:40.173134 (processing time: 0.00 min)
2025-03-11 11:12:23,708 - root - INFO - Processing end event: Token Token-127 at node Monthly (Unknown)
2025-03-11 11:12:23,709 - root - INFO - Token Token-127 completed task 'Monthly' at 2025-03-12 13:46:40.173134.
2025-03-11 11:12:23,709 - root - INFO - Next nodes for Monthly: ['Review AM using Asset Change Tracker (5.5.13.1)']
2025-03-11 11:12:23,709 - root - INFO - Scheduling direct next node Review AM using Asset Change Tracker (5.5.13.1)
2025-03-11 11:12:23,710 - root - INFO - Token Token-127 waiting for resource 'Tech' at 2025-03-12 13:46:40.173134
2025-03-11 11:12:23,710 - root - INFO - Token Token-128 started task 'Monthly' at 2025-03-12 13:52:26.742824, scheduled to end at 2025-03-12 13:52:26.742824 (processing time: 0.00 min)
2025-03-11 11:12:23,711 - root - INFO - Processing end event: Token Token-128 at node Monthly (Unknown)
2025-03-11 11:12:23,711 - root - INFO - Token Token-128 completed task 'Monthly' at 2025-03-12 13:52:26.742824.
2025-03-11 11:12:23,712 - root - INFO - Next nodes for Monthly: ['Review AM using Asset Change Tracker (5.5.13.1)']
2025-03-11 11:12:23,712 - root - INFO - Scheduling direct next node Review AM using Asset Change Tracker (5.5.13.1)
2025-03-11 11:12:23,712 - root - INFO - Token Token-128 waiting for resource 'Tech' at 2025-03-12 13:52:26.742824
2025-03-11 11:12:23,713 - root - INFO - Token Token-129 started task 'Monthly' at 2025-03-12 13:57:45.528137, scheduled to end at 2025-03-12 13:57:45.528137 (processing time: 0.00 min)
2025-03-11 11:12:23,713 - root - INFO - Processing end event: Token Token-129 at node Monthly (Unknown)
2025-03-11 11:12:23,714 - root - INFO - Token Token-129 completed task 'Monthly' at 2025-03-12 13:57:45.528137.
2025-03-11 11:12:23,714 - root - INFO - Next nodes for Monthly: ['Review AM using Asset Change Tracker (5.5.13.1)']
2025-03-11 11:12:23,715 - root - INFO - Scheduling direct next node Review AM using Asset Change Tracker (5.5.13.1)
2025-03-11 11:12:23,715 - root - INFO - Token Token-129 waiting for resource 'Tech' at 2025-03-12 13:57:45.528137
2025-03-11 11:12:23,716 - root - INFO - Token Token-130 started task 'Monthly' at 2025-03-13 08:00:00, scheduled to end at 2025-03-13 08:00:00 (processing time: 0.00 min)
2025-03-11 11:12:23,716 - root - INFO - Processing end event: Token Token-130 at node Monthly (Unknown)
2025-03-11 11:12:23,716 - root - INFO - Token Token-130 completed task 'Monthly' at 2025-03-13 08:00:00.
2025-03-11 11:12:23,718 - root - INFO - Next nodes for Monthly: ['Review AM using Asset Change Tracker (5.5.13.1)']
2025-03-11 11:12:23,718 - root - INFO - Scheduling direct next node Review AM using Asset Change Tracker (5.5.13.1)
2025-03-11 11:12:23,719 - root - INFO - Token Token-130 waiting for resource 'Tech' at 2025-03-13 08:00:00
2025-03-11 11:12:23,719 - root - INFO - Token Token-131 started task 'Monthly' at 2025-03-13 08:06:03.705094, scheduled to end at 2025-03-13 08:06:03.705094 (processing time: 0.00 min)
2025-03-11 11:12:23,720 - root - INFO - Processing end event: Token Token-131 at node Monthly (Unknown)
2025-03-11 11:12:23,720 - root - INFO - Token Token-131 completed task 'Monthly' at 2025-03-13 08:06:03.705094.
2025-03-11 11:12:23,721 - root - INFO - Next nodes for Monthly: ['Review AM using Asset Change Tracker (5.5.13.1)']
2025-03-11 11:12:23,722 - root - INFO - Scheduling direct next node Review AM using Asset Change Tracker (5.5.13.1)
2025-03-11 11:12:23,729 - root - INFO - Token Token-131 waiting for resource 'Tech' at 2025-03-13 08:06:03.705094
2025-03-11 11:12:23,730 - root - INFO - Token Token-132 started task 'Monthly' at 2025-03-13 08:10:37.461971, scheduled to end at 2025-03-13 08:10:37.461971 (processing time: 0.00 min)
2025-03-11 11:12:23,733 - root - INFO - Processing end event: Token Token-132 at node Monthly (Unknown)
2025-03-11 11:12:23,733 - root - INFO - Token Token-132 completed task 'Monthly' at 2025-03-13 08:10:37.461971.
2025-03-11 11:12:23,734 - root - INFO - Next nodes for Monthly: ['Review AM using Asset Change Tracker (5.5.13.1)']
2025-03-11 11:12:23,734 - root - INFO - Scheduling direct next node Review AM using Asset Change Tracker (5.5.13.1)
2025-03-11 11:12:23,734 - root - INFO - Token Token-132 waiting for resource 'Tech' at 2025-03-13 08:10:37.461971
2025-03-11 11:12:23,735 - root - INFO - Token Token-133 started task 'Monthly' at 2025-03-13 08:15:55.023533, scheduled to end at 2025-03-13 08:15:55.023533 (processing time: 0.00 min)
2025-03-11 11:12:23,736 - root - INFO - Processing end event: Token Token-133 at node Monthly (Unknown)
2025-03-11 11:12:23,736 - root - INFO - Token Token-133 completed task 'Monthly' at 2025-03-13 08:15:55.023533.
2025-03-11 11:12:23,737 - root - INFO - Next nodes for Monthly: ['Review AM using Asset Change Tracker (5.5.13.1)']
2025-03-11 11:12:23,737 - root - INFO - Scheduling direct next node Review AM using Asset Change Tracker (5.5.13.1)
2025-03-11 11:12:23,737 - root - INFO - Token Token-133 waiting for resource 'Tech' at 2025-03-13 08:15:55.023533
2025-03-11 11:12:23,738 - root - INFO - Token Token-134 started task 'Monthly' at 2025-03-13 08:21:05.344884, scheduled to end at 2025-03-13 08:21:05.344884 (processing time: 0.00 min)
2025-03-11 11:12:23,738 - root - INFO - Processing end event: Token Token-134 at node Monthly (Unknown)
2025-03-11 11:12:23,738 - root - INFO - Token Token-134 completed task 'Monthly' at 2025-03-13 08:21:05.344884.
2025-03-11 11:12:23,739 - root - INFO - Next nodes for Monthly: ['Review AM using Asset Change Tracker (5.5.13.1)']
2025-03-11 11:12:23,739 - root - INFO - Scheduling direct next node Review AM using Asset Change Tracker (5.5.13.1)
2025-03-11 11:12:23,740 - root - INFO - Token Token-134 waiting for resource 'Tech' at 2025-03-13 08:21:05.344884
2025-03-11 11:12:23,740 - root - INFO - Token Token-135 started task 'Monthly' at 2025-03-13 08:27:15.725523, scheduled to end at 2025-03-13 08:27:15.725523 (processing time: 0.00 min)
2025-03-11 11:12:23,740 - root - INFO - Processing end event: Token Token-135 at node Monthly (Unknown)
2025-03-11 11:12:23,741 - root - INFO - Token Token-135 completed task 'Monthly' at 2025-03-13 08:27:15.725523.
2025-03-11 11:12:23,742 - root - INFO - Next nodes for Monthly: ['Review AM using Asset Change Tracker (5.5.13.1)']
2025-03-11 11:12:23,742 - root - INFO - Scheduling direct next node Review AM using Asset Change Tracker (5.5.13.1)
2025-03-11 11:12:23,742 - root - INFO - Token Token-135 waiting for resource 'Tech' at 2025-03-13 08:27:15.725523
2025-03-11 11:12:23,743 - root - INFO - Token Token-136 started task 'Monthly' at 2025-03-13 08:31:46.986462, scheduled to end at 2025-03-13 08:31:46.986462 (processing time: 0.00 min)
2025-03-11 11:12:23,743 - root - INFO - Processing end event: Token Token-136 at node Monthly (Unknown)
2025-03-11 11:12:23,744 - root - INFO - Token Token-136 completed task 'Monthly' at 2025-03-13 08:31:46.986462.
2025-03-11 11:12:23,744 - root - INFO - Next nodes for Monthly: ['Review AM using Asset Change Tracker (5.5.13.1)']
2025-03-11 11:12:23,744 - root - INFO - Scheduling direct next node Review AM using Asset Change Tracker (5.5.13.1)
2025-03-11 11:12:23,745 - root - INFO - Token Token-136 waiting for resource 'Tech' at 2025-03-13 08:31:46.986462
2025-03-11 11:12:23,745 - root - INFO - Token Token-137 started task 'Monthly' at 2025-03-13 08:37:56.520064, scheduled to end at 2025-03-13 08:37:56.520064 (processing time: 0.00 min)
2025-03-11 11:12:23,746 - root - INFO - Processing end event: Token Token-137 at node Monthly (Unknown)
2025-03-11 11:12:23,746 - root - INFO - Token Token-137 completed task 'Monthly' at 2025-03-13 08:37:56.520064.
2025-03-11 11:12:23,746 - root - INFO - Next nodes for Monthly: ['Review AM using Asset Change Tracker (5.5.13.1)']
2025-03-11 11:12:23,747 - root - INFO - Scheduling direct next node Review AM using Asset Change Tracker (5.5.13.1)
2025-03-11 11:12:23,747 - root - INFO - Token Token-137 waiting for resource 'Tech' at 2025-03-13 08:37:56.520064
2025-03-11 11:12:23,748 - root - INFO - Token Token-138 started task 'Monthly' at 2025-03-13 08:42:16.978377, scheduled to end at 2025-03-13 08:42:16.978377 (processing time: 0.00 min)
2025-03-11 11:12:23,748 - root - INFO - Processing end event: Token Token-138 at node Monthly (Unknown)
2025-03-11 11:12:23,748 - root - INFO - Token Token-138 completed task 'Monthly' at 2025-03-13 08:42:16.978377.
2025-03-11 11:12:23,749 - root - INFO - Next nodes for Monthly: ['Review AM using Asset Change Tracker (5.5.13.1)']
2025-03-11 11:12:23,749 - root - INFO - Scheduling direct next node Review AM using Asset Change Tracker (5.5.13.1)
2025-03-11 11:12:23,750 - root - INFO - Token Token-138 waiting for resource 'Tech' at 2025-03-13 08:42:16.978377
2025-03-11 11:12:23,750 - root - INFO - Token Token-139 started task 'Monthly' at 2025-03-13 08:48:10.009827, scheduled to end at 2025-03-13 08:48:10.009827 (processing time: 0.00 min)
2025-03-11 11:12:23,750 - root - INFO - Processing end event: Token Token-139 at node Monthly (Unknown)
2025-03-11 11:12:23,752 - root - INFO - Token Token-139 completed task 'Monthly' at 2025-03-13 08:48:10.009827.
2025-03-11 11:12:23,752 - root - INFO - Next nodes for Monthly: ['Review AM using Asset Change Tracker (5.5.13.1)']
2025-03-11 11:12:23,752 - root - INFO - Scheduling direct next node Review AM using Asset Change Tracker (5.5.13.1)
2025-03-11 11:12:23,753 - root - INFO - Token Token-139 waiting for resource 'Tech' at 2025-03-13 08:48:10.009827
2025-03-11 11:12:23,753 - root - INFO - Token Token-140 started task 'Monthly' at 2025-03-13 08:52:44.237812, scheduled to end at 2025-03-13 08:52:44.237812 (processing time: 0.00 min)
2025-03-11 11:12:23,754 - root - INFO - Processing end event: Token Token-140 at node Monthly (Unknown)
2025-03-11 11:12:23,754 - root - INFO - Token Token-140 completed task 'Monthly' at 2025-03-13 08:52:44.237812.
2025-03-11 11:12:23,754 - root - INFO - Next nodes for Monthly: ['Review AM using Asset Change Tracker (5.5.13.1)']
2025-03-11 11:12:23,754 - root - INFO - Scheduling direct next node Review AM using Asset Change Tracker (5.5.13.1)
2025-03-11 11:12:23,756 - root - INFO - Token Token-140 waiting for resource 'Tech' at 2025-03-13 08:52:44.237812
2025-03-11 11:12:23,756 - root - INFO - Token Token-141 started task 'Monthly' at 2025-03-13 08:58:30.098391, scheduled to end at 2025-03-13 08:58:30.098391 (processing time: 0.00 min)
2025-03-11 11:12:23,757 - root - INFO - Processing end event: Token Token-141 at node Monthly (Unknown)
2025-03-11 11:12:23,757 - root - INFO - Token Token-141 completed task 'Monthly' at 2025-03-13 08:58:30.098391.
2025-03-11 11:12:23,757 - root - INFO - Next nodes for Monthly: ['Review AM using Asset Change Tracker (5.5.13.1)']
2025-03-11 11:12:23,758 - root - INFO - Scheduling direct next node Review AM using Asset Change Tracker (5.5.13.1)
2025-03-11 11:12:23,758 - root - INFO - Token Token-141 waiting for resource 'Tech' at 2025-03-13 08:58:30.098391
2025-03-11 11:12:23,759 - root - INFO - Token Token-142 started task 'Monthly' at 2025-03-13 09:04:51.953952, scheduled to end at 2025-03-13 09:04:51.953952 (processing time: 0.00 min)
2025-03-11 11:12:23,759 - root - INFO - Processing end event: Token Token-142 at node Monthly (Unknown)
2025-03-11 11:12:23,759 - root - INFO - Token Token-142 completed task 'Monthly' at 2025-03-13 09:04:51.953952.
2025-03-11 11:12:23,760 - root - INFO - Next nodes for Monthly: ['Review AM using Asset Change Tracker (5.5.13.1)']
2025-03-11 11:12:23,760 - root - INFO - Scheduling direct next node Review AM using Asset Change Tracker (5.5.13.1)
2025-03-11 11:12:23,760 - root - INFO - Token Token-142 waiting for resource 'Tech' at 2025-03-13 09:04:51.953952
2025-03-11 11:12:23,761 - root - INFO - Token Token-143 started task 'Monthly' at 2025-03-13 09:10:39.066381, scheduled to end at 2025-03-13 09:10:39.066381 (processing time: 0.00 min)
2025-03-11 11:12:23,762 - root - INFO - Processing end event: Token Token-143 at node Monthly (Unknown)
2025-03-11 11:12:23,762 - root - INFO - Token Token-143 completed task 'Monthly' at 2025-03-13 09:10:39.066381.
2025-03-11 11:12:23,763 - root - INFO - Next nodes for Monthly: ['Review AM using Asset Change Tracker (5.5.13.1)']
2025-03-11 11:12:23,763 - root - INFO - Scheduling direct next node Review AM using Asset Change Tracker (5.5.13.1)
2025-03-11 11:12:23,763 - root - INFO - Token Token-143 waiting for resource 'Tech' at 2025-03-13 09:10:39.066381
2025-03-11 11:12:23,763 - root - INFO - Token Token-144 started task 'Monthly' at 2025-03-13 09:17:04.660733, scheduled to end at 2025-03-13 09:17:04.660733 (processing time: 0.00 min)
2025-03-11 11:12:23,763 - root - INFO - Processing end event: Token Token-144 at node Monthly (Unknown)
2025-03-11 11:12:23,765 - root - INFO - Token Token-144 completed task 'Monthly' at 2025-03-13 09:17:04.660733.
2025-03-11 11:12:23,766 - root - INFO - Next nodes for Monthly: ['Review AM using Asset Change Tracker (5.5.13.1)']
2025-03-11 11:12:23,767 - root - INFO - Scheduling direct next node Review AM using Asset Change Tracker (5.5.13.1)
2025-03-11 11:12:23,786 - root - INFO - Token Token-144 waiting for resource 'Tech' at 2025-03-13 09:17:04.660733
2025-03-11 11:12:23,787 - root - INFO - Token Token-145 started task 'Monthly' at 2025-03-13 09:21:58.523463, scheduled to end at 2025-03-13 09:21:58.523463 (processing time: 0.00 min)
2025-03-11 11:12:23,787 - root - INFO - Processing end event: Token Token-145 at node Monthly (Unknown)
2025-03-11 11:12:23,788 - root - INFO - Token Token-145 completed task 'Monthly' at 2025-03-13 09:21:58.523463.
2025-03-11 11:12:23,788 - root - INFO - Next nodes for Monthly: ['Review AM using Asset Change Tracker (5.5.13.1)']
2025-03-11 11:12:23,788 - root - INFO - Scheduling direct next node Review AM using Asset Change Tracker (5.5.13.1)
2025-03-11 11:12:23,789 - root - INFO - Token Token-145 waiting for resource 'Tech' at 2025-03-13 09:21:58.523463
2025-03-11 11:12:23,789 - root - INFO - Token Token-146 started task 'Monthly' at 2025-03-13 09:28:15.323088, scheduled to end at 2025-03-13 09:28:15.323088 (processing time: 0.00 min)
2025-03-11 11:12:23,790 - root - INFO - Processing end event: Token Token-146 at node Monthly (Unknown)
2025-03-11 11:12:23,790 - root - INFO - Token Token-146 completed task 'Monthly' at 2025-03-13 09:28:15.323088.
2025-03-11 11:12:23,790 - root - INFO - Next nodes for Monthly: ['Review AM using Asset Change Tracker (5.5.13.1)']
2025-03-11 11:12:23,791 - root - INFO - Scheduling direct next node Review AM using Asset Change Tracker (5.5.13.1)
2025-03-11 11:12:23,791 - root - INFO - Token Token-146 waiting for resource 'Tech' at 2025-03-13 09:28:15.323088
2025-03-11 11:12:23,792 - root - INFO - Token Token-147 started task 'Monthly' at 2025-03-13 09:34:09.507411, scheduled to end at 2025-03-13 09:34:09.507411 (processing time: 0.00 min)
2025-03-11 11:12:23,793 - root - INFO - Processing end event: Token Token-147 at node Monthly (Unknown)
2025-03-11 11:12:23,794 - root - INFO - Token Token-147 completed task 'Monthly' at 2025-03-13 09:34:09.507411.
2025-03-11 11:12:23,794 - root - INFO - Next nodes for Monthly: ['Review AM using Asset Change Tracker (5.5.13.1)']
2025-03-11 11:12:23,794 - root - INFO - Scheduling direct next node Review AM using Asset Change Tracker (5.5.13.1)
2025-03-11 11:12:23,795 - root - INFO - Token Token-147 waiting for resource 'Tech' at 2025-03-13 09:34:09.507411
2025-03-11 11:12:23,795 - root - INFO - Token Token-148 started task 'Monthly' at 2025-03-13 09:39:56.186545, scheduled to end at 2025-03-13 09:39:56.186545 (processing time: 0.00 min)
2025-03-11 11:12:23,795 - root - INFO - Processing end event: Token Token-148 at node Monthly (Unknown)
2025-03-11 11:12:23,796 - root - INFO - Token Token-148 completed task 'Monthly' at 2025-03-13 09:39:56.186545.
2025-03-11 11:12:23,796 - root - INFO - Next nodes for Monthly: ['Review AM using Asset Change Tracker (5.5.13.1)']
2025-03-11 11:12:23,797 - root - INFO - Scheduling direct next node Review AM using Asset Change Tracker (5.5.13.1)
2025-03-11 11:12:23,797 - root - INFO - Token Token-148 waiting for resource 'Tech' at 2025-03-13 09:39:56.186545
2025-03-11 11:12:23,798 - root - INFO - Token Token-149 started task 'Monthly' at 2025-03-13 09:45:46.647563, scheduled to end at 2025-03-13 09:45:46.647563 (processing time: 0.00 min)
2025-03-11 11:12:23,799 - root - INFO - Processing end event: Token Token-149 at node Monthly (Unknown)
2025-03-11 11:12:23,799 - root - INFO - Token Token-149 completed task 'Monthly' at 2025-03-13 09:45:46.647563.
2025-03-11 11:12:23,799 - root - INFO - Next nodes for Monthly: ['Review AM using Asset Change Tracker (5.5.13.1)']
2025-03-11 11:12:23,800 - root - INFO - Scheduling direct next node Review AM using Asset Change Tracker (5.5.13.1)
2025-03-11 11:12:23,800 - root - INFO - Token Token-149 waiting for resource 'Tech' at 2025-03-13 09:45:46.647563
2025-03-11 11:12:23,800 - root - INFO - Token Token-150 started task 'Monthly' at 2025-03-13 09:51:28.301667, scheduled to end at 2025-03-13 09:51:28.301667 (processing time: 0.00 min)
2025-03-11 11:12:23,801 - root - INFO - Processing end event: Token Token-150 at node Monthly (Unknown)
2025-03-11 11:12:23,801 - root - INFO - Token Token-150 completed task 'Monthly' at 2025-03-13 09:51:28.301667.
2025-03-11 11:12:23,802 - root - INFO - Next nodes for Monthly: ['Review AM using Asset Change Tracker (5.5.13.1)']
2025-03-11 11:12:23,802 - root - INFO - Scheduling direct next node Review AM using Asset Change Tracker (5.5.13.1)
2025-03-11 11:12:23,802 - root - INFO - Token Token-150 waiting for resource 'Tech' at 2025-03-13 09:51:28.301667
2025-03-11 11:12:23,803 - root - INFO - Token Token-151 started task 'Monthly' at 2025-03-13 09:56:56.670209, scheduled to end at 2025-03-13 09:56:56.670209 (processing time: 0.00 min)
2025-03-11 11:12:23,803 - root - INFO - Processing end event: Token Token-151 at node Monthly (Unknown)
2025-03-11 11:12:23,803 - root - INFO - Token Token-151 completed task 'Monthly' at 2025-03-13 09:56:56.670209.
2025-03-11 11:12:23,804 - root - INFO - Next nodes for Monthly: ['Review AM using Asset Change Tracker (5.5.13.1)']
2025-03-11 11:12:23,804 - root - INFO - Scheduling direct next node Review AM using Asset Change Tracker (5.5.13.1)
2025-03-11 11:12:23,804 - root - INFO - Token Token-151 waiting for resource 'Tech' at 2025-03-13 09:56:56.670209
2025-03-11 11:12:23,805 - root - INFO - Token Token-152 started task 'Monthly' at 2025-03-13 10:01:47.182565, scheduled to end at 2025-03-13 10:01:47.182565 (processing time: 0.00 min)
2025-03-11 11:12:23,805 - root - INFO - Processing end event: Token Token-152 at node Monthly (Unknown)
2025-03-11 11:12:23,806 - root - INFO - Token Token-152 completed task 'Monthly' at 2025-03-13 10:01:47.182565.
2025-03-11 11:12:23,806 - root - INFO - Next nodes for Monthly: ['Review AM using Asset Change Tracker (5.5.13.1)']
2025-03-11 11:12:23,806 - root - INFO - Scheduling direct next node Review AM using Asset Change Tracker (5.5.13.1)
2025-03-11 11:12:23,807 - root - INFO - Token Token-152 waiting for resource 'Tech' at 2025-03-13 10:01:47.182565
2025-03-11 11:12:23,807 - root - INFO - Token Token-153 started task 'Monthly' at 2025-03-13 10:08:10.125805, scheduled to end at 2025-03-13 10:08:10.125805 (processing time: 0.00 min)
2025-03-11 11:12:23,808 - root - INFO - Processing end event: Token Token-153 at node Monthly (Unknown)
2025-03-11 11:12:23,808 - root - INFO - Token Token-153 completed task 'Monthly' at 2025-03-13 10:08:10.125805.
2025-03-11 11:12:23,808 - root - INFO - Next nodes for Monthly: ['Review AM using Asset Change Tracker (5.5.13.1)']
2025-03-11 11:12:23,809 - root - INFO - Scheduling direct next node Review AM using Asset Change Tracker (5.5.13.1)
2025-03-11 11:12:23,809 - root - INFO - Token Token-153 waiting for resource 'Tech' at 2025-03-13 10:08:10.125805
2025-03-11 11:12:23,809 - root - INFO - Token Token-154 started task 'Monthly' at 2025-03-13 10:13:49.919007, scheduled to end at 2025-03-13 10:13:49.919007 (processing time: 0.00 min)
2025-03-11 11:12:23,810 - root - INFO - Processing end event: Token Token-154 at node Monthly (Unknown)
2025-03-11 11:12:23,810 - root - INFO - Token Token-154 completed task 'Monthly' at 2025-03-13 10:13:49.919007.
2025-03-11 11:12:23,810 - root - INFO - Next nodes for Monthly: ['Review AM using Asset Change Tracker (5.5.13.1)']
2025-03-11 11:12:23,811 - root - INFO - Scheduling direct next node Review AM using Asset Change Tracker (5.5.13.1)
2025-03-11 11:12:23,811 - root - INFO - Token Token-154 waiting for resource 'Tech' at 2025-03-13 10:13:49.919007
2025-03-11 11:12:23,812 - root - INFO - Token Token-155 started task 'Monthly' at 2025-03-13 10:20:01.251041, scheduled to end at 2025-03-13 10:20:01.251041 (processing time: 0.00 min)
2025-03-11 11:12:23,813 - root - INFO - Processing end event: Token Token-155 at node Monthly (Unknown)
2025-03-11 11:12:23,813 - root - INFO - Token Token-155 completed task 'Monthly' at 2025-03-13 10:20:01.251041.
2025-03-11 11:12:23,831 - root - INFO - Next nodes for Monthly: ['Review AM using Asset Change Tracker (5.5.13.1)']
2025-03-11 11:12:23,832 - root - INFO - Scheduling direct next node Review AM using Asset Change Tracker (5.5.13.1)
2025-03-11 11:12:23,833 - root - INFO - Token Token-155 waiting for resource 'Tech' at 2025-03-13 10:20:01.251041
2025-03-11 11:12:23,833 - root - INFO - Token Token-156 started task 'Monthly' at 2025-03-13 10:25:07.969149, scheduled to end at 2025-03-13 10:25:07.969149 (processing time: 0.00 min)
2025-03-11 11:12:23,834 - root - INFO - Processing end event: Token Token-156 at node Monthly (Unknown)
2025-03-11 11:12:23,834 - root - INFO - Token Token-156 completed task 'Monthly' at 2025-03-13 10:25:07.969149.
2025-03-11 11:12:23,835 - root - INFO - Next nodes for Monthly: ['Review AM using Asset Change Tracker (5.5.13.1)']
2025-03-11 11:12:23,835 - root - INFO - Scheduling direct next node Review AM using Asset Change Tracker (5.5.13.1)
2025-03-11 11:12:23,835 - root - INFO - Token Token-156 waiting for resource 'Tech' at 2025-03-13 10:25:07.969149
2025-03-11 11:12:23,836 - root - INFO - Token Token-157 started task 'Monthly' at 2025-03-13 10:31:31.898085, scheduled to end at 2025-03-13 10:31:31.898085 (processing time: 0.00 min)
2025-03-11 11:12:23,836 - root - INFO - Processing end event: Token Token-157 at node Monthly (Unknown)
2025-03-11 11:12:23,836 - root - INFO - Token Token-157 completed task 'Monthly' at 2025-03-13 10:31:31.898085.
2025-03-11 11:12:23,837 - root - INFO - Next nodes for Monthly: ['Review AM using Asset Change Tracker (5.5.13.1)']
2025-03-11 11:12:23,837 - root - INFO - Scheduling direct next node Review AM using Asset Change Tracker (5.5.13.1)
2025-03-11 11:12:23,837 - root - INFO - Token Token-157 waiting for resource 'Tech' at 2025-03-13 10:31:31.898085
2025-03-11 11:12:23,838 - root - INFO - Token Token-158 started task 'Monthly' at 2025-03-13 10:37:11.664985, scheduled to end at 2025-03-13 10:37:11.664985 (processing time: 0.00 min)
2025-03-11 11:12:23,838 - root - INFO - Processing end event: Token Token-158 at node Monthly (Unknown)
2025-03-11 11:12:23,839 - root - INFO - Token Token-158 completed task 'Monthly' at 2025-03-13 10:37:11.664985.
2025-03-11 11:12:23,839 - root - INFO - Next nodes for Monthly: ['Review AM using Asset Change Tracker (5.5.13.1)']
2025-03-11 11:12:23,841 - root - INFO - Scheduling direct next node Review AM using Asset Change Tracker (5.5.13.1)
2025-03-11 11:12:23,841 - root - INFO - Token Token-158 waiting for resource 'Tech' at 2025-03-13 10:37:11.664985
2025-03-11 11:12:23,842 - root - INFO - Token Token-159 started task 'Monthly' at 2025-03-13 10:42:45.535400, scheduled to end at 2025-03-13 10:42:45.535400 (processing time: 0.00 min)
2025-03-11 11:12:23,842 - root - INFO - Processing end event: Token Token-159 at node Monthly (Unknown)
2025-03-11 11:12:23,843 - root - INFO - Token Token-159 completed task 'Monthly' at 2025-03-13 10:42:45.535400.
2025-03-11 11:12:23,843 - root - INFO - Next nodes for Monthly: ['Review AM using Asset Change Tracker (5.5.13.1)']
2025-03-11 11:12:23,843 - root - INFO - Scheduling direct next node Review AM using Asset Change Tracker (5.5.13.1)
2025-03-11 11:12:23,844 - root - INFO - Token Token-159 waiting for resource 'Tech' at 2025-03-13 10:42:45.535400
2025-03-11 11:12:23,844 - root - INFO - Token Token-160 started task 'Monthly' at 2025-03-13 10:48:04.383607, scheduled to end at 2025-03-13 10:48:04.383607 (processing time: 0.00 min)
2025-03-11 11:12:23,845 - root - INFO - Processing end event: Token Token-160 at node Monthly (Unknown)
2025-03-11 11:12:23,845 - root - INFO - Token Token-160 completed task 'Monthly' at 2025-03-13 10:48:04.383607.
2025-03-11 11:12:23,845 - root - INFO - Next nodes for Monthly: ['Review AM using Asset Change Tracker (5.5.13.1)']
2025-03-11 11:12:23,846 - root - INFO - Scheduling direct next node Review AM using Asset Change Tracker (5.5.13.1)
2025-03-11 11:12:23,846 - root - INFO - Token Token-160 waiting for resource 'Tech' at 2025-03-13 10:48:04.383607
2025-03-11 11:12:23,846 - root - INFO - Token Token-161 started task 'Monthly' at 2025-03-13 10:53:29.389328, scheduled to end at 2025-03-13 10:53:29.389328 (processing time: 0.00 min)
2025-03-11 11:12:23,847 - root - INFO - Processing end event: Token Token-161 at node Monthly (Unknown)
2025-03-11 11:12:23,847 - root - INFO - Token Token-161 completed task 'Monthly' at 2025-03-13 10:53:29.389328.
2025-03-11 11:12:23,848 - root - INFO - Next nodes for Monthly: ['Review AM using Asset Change Tracker (5.5.13.1)']
2025-03-11 11:12:23,848 - root - INFO - Scheduling direct next node Review AM using Asset Change Tracker (5.5.13.1)
2025-03-11 11:12:23,848 - root - INFO - Token Token-161 waiting for resource 'Tech' at 2025-03-13 10:53:29.389328
2025-03-11 11:12:23,849 - root - INFO - Token Token-162 started task 'Monthly' at 2025-03-13 10:58:58.960472, scheduled to end at 2025-03-13 10:58:58.960472 (processing time: 0.00 min)
2025-03-11 11:12:23,849 - root - INFO - Processing end event: Token Token-162 at node Monthly (Unknown)
2025-03-11 11:12:23,850 - root - INFO - Token Token-162 completed task 'Monthly' at 2025-03-13 10:58:58.960472.
2025-03-11 11:12:23,850 - root - INFO - Next nodes for Monthly: ['Review AM using Asset Change Tracker (5.5.13.1)']
2025-03-11 11:12:23,850 - root - INFO - Scheduling direct next node Review AM using Asset Change Tracker (5.5.13.1)
2025-03-11 11:12:23,851 - root - INFO - Token Token-162 waiting for resource 'Tech' at 2025-03-13 10:58:58.960472
2025-03-11 11:12:23,851 - root - INFO - Token Token-163 started task 'Monthly' at 2025-03-13 11:03:56.801171, scheduled to end at 2025-03-13 11:03:56.801171 (processing time: 0.00 min)
2025-03-11 11:12:23,851 - root - INFO - Processing end event: Token Token-163 at node Monthly (Unknown)
2025-03-11 11:12:23,852 - root - INFO - Token Token-163 completed task 'Monthly' at 2025-03-13 11:03:56.801171.
2025-03-11 11:12:23,852 - root - INFO - Next nodes for Monthly: ['Review AM using Asset Change Tracker (5.5.13.1)']
2025-03-11 11:12:23,852 - root - INFO - Scheduling direct next node Review AM using Asset Change Tracker (5.5.13.1)
2025-03-11 11:12:23,853 - root - INFO - Token Token-163 waiting for resource 'Tech' at 2025-03-13 11:03:56.801171
2025-03-11 11:12:23,853 - root - INFO - Token Token-164 started task 'Monthly' at 2025-03-13 11:08:46.068245, scheduled to end at 2025-03-13 11:08:46.068245 (processing time: 0.00 min)
2025-03-11 11:12:23,854 - root - INFO - Processing end event: Token Token-164 at node Monthly (Unknown)
2025-03-11 11:12:23,854 - root - INFO - Token Token-164 completed task 'Monthly' at 2025-03-13 11:08:46.068245.
2025-03-11 11:12:23,854 - root - INFO - Next nodes for Monthly: ['Review AM using Asset Change Tracker (5.5.13.1)']
2025-03-11 11:12:23,855 - root - INFO - Scheduling direct next node Review AM using Asset Change Tracker (5.5.13.1)
2025-03-11 11:12:23,855 - root - INFO - Token Token-164 waiting for resource 'Tech' at 2025-03-13 11:08:46.068245
2025-03-11 11:12:23,856 - root - INFO - Token Token-165 started task 'Monthly' at 2025-03-13 11:14:46.890026, scheduled to end at 2025-03-13 11:14:46.890026 (processing time: 0.00 min)
2025-03-11 11:12:23,856 - root - INFO - Processing end event: Token Token-165 at node Monthly (Unknown)
2025-03-11 11:12:23,856 - root - INFO - Token Token-165 completed task 'Monthly' at 2025-03-13 11:14:46.890026.
2025-03-11 11:12:23,856 - root - INFO - Next nodes for Monthly: ['Review AM using Asset Change Tracker (5.5.13.1)']
2025-03-11 11:12:23,857 - root - INFO - Scheduling direct next node Review AM using Asset Change Tracker (5.5.13.1)
2025-03-11 11:12:23,858 - root - INFO - Token Token-165 waiting for resource 'Tech' at 2025-03-13 11:14:46.890026
2025-03-11 11:12:23,877 - root - INFO - Token Token-166 started task 'Monthly' at 2025-03-13 11:21:04.295430, scheduled to end at 2025-03-13 11:21:04.295430 (processing time: 0.00 min)
2025-03-11 11:12:23,878 - root - INFO - Processing end event: Token Token-166 at node Monthly (Unknown)
2025-03-11 11:12:23,878 - root - INFO - Token Token-166 completed task 'Monthly' at 2025-03-13 11:21:04.295430.
2025-03-11 11:12:23,879 - root - INFO - Next nodes for Monthly: ['Review AM using Asset Change Tracker (5.5.13.1)']
2025-03-11 11:12:23,879 - root - INFO - Scheduling direct next node Review AM using Asset Change Tracker (5.5.13.1)
2025-03-11 11:12:23,880 - root - INFO - Token Token-166 waiting for resource 'Tech' at 2025-03-13 11:21:04.295430
2025-03-11 11:12:23,880 - root - INFO - Token Token-167 started task 'Monthly' at 2025-03-13 11:25:14.877349, scheduled to end at 2025-03-13 11:25:14.877349 (processing time: 0.00 min)
2025-03-11 11:12:23,880 - root - INFO - Processing end event: Token Token-167 at node Monthly (Unknown)
2025-03-11 11:12:23,881 - root - INFO - Token Token-167 completed task 'Monthly' at 2025-03-13 11:25:14.877349.
2025-03-11 11:12:23,881 - root - INFO - Next nodes for Monthly: ['Review AM using Asset Change Tracker (5.5.13.1)']
2025-03-11 11:12:23,882 - root - INFO - Scheduling direct next node Review AM using Asset Change Tracker (5.5.13.1)
2025-03-11 11:12:23,882 - root - INFO - Token Token-167 waiting for resource 'Tech' at 2025-03-13 11:25:14.877349
2025-03-11 11:12:23,882 - root - INFO - Token Token-168 started task 'Monthly' at 2025-03-13 11:30:46.421934, scheduled to end at 2025-03-13 11:30:46.421934 (processing time: 0.00 min)
2025-03-11 11:12:23,884 - root - INFO - Processing end event: Token Token-168 at node Monthly (Unknown)
2025-03-11 11:12:23,884 - root - INFO - Token Token-168 completed task 'Monthly' at 2025-03-13 11:30:46.421934.
2025-03-11 11:12:23,885 - root - INFO - Next nodes for Monthly: ['Review AM using Asset Change Tracker (5.5.13.1)']
2025-03-11 11:12:23,885 - root - INFO - Scheduling direct next node Review AM using Asset Change Tracker (5.5.13.1)
2025-03-11 11:12:23,886 - root - INFO - Token Token-168 waiting for resource 'Tech' at 2025-03-13 11:30:46.421934
2025-03-11 11:12:23,886 - root - INFO - Token Token-169 started task 'Monthly' at 2025-03-13 11:36:02.053643, scheduled to end at 2025-03-13 11:36:02.053643 (processing time: 0.00 min)
2025-03-11 11:12:23,886 - root - INFO - Processing end event: Token Token-169 at node Monthly (Unknown)
2025-03-11 11:12:23,887 - root - INFO - Token Token-169 completed task 'Monthly' at 2025-03-13 11:36:02.053643.
2025-03-11 11:12:23,887 - root - INFO - Next nodes for Monthly: ['Review AM using Asset Change Tracker (5.5.13.1)']
2025-03-11 11:12:23,888 - root - INFO - Scheduling direct next node Review AM using Asset Change Tracker (5.5.13.1)
2025-03-11 11:12:23,888 - root - INFO - Token Token-169 waiting for resource 'Tech' at 2025-03-13 11:36:02.053643
2025-03-11 11:12:23,888 - root - INFO - Token Token-170 started task 'Monthly' at 2025-03-13 11:42:20.842012, scheduled to end at 2025-03-13 11:42:20.842012 (processing time: 0.00 min)
2025-03-11 11:12:23,889 - root - INFO - Processing end event: Token Token-170 at node Monthly (Unknown)
2025-03-11 11:12:23,889 - root - INFO - Token Token-170 completed task 'Monthly' at 2025-03-13 11:42:20.842012.
2025-03-11 11:12:23,889 - root - INFO - Next nodes for Monthly: ['Review AM using Asset Change Tracker (5.5.13.1)']
2025-03-11 11:12:23,890 - root - INFO - Scheduling direct next node Review AM using Asset Change Tracker (5.5.13.1)
2025-03-11 11:12:23,891 - root - INFO - Token Token-170 waiting for resource 'Tech' at 2025-03-13 11:42:20.842012
2025-03-11 11:12:23,891 - root - INFO - Token Token-171 started task 'Monthly' at 2025-03-13 11:48:46.298726, scheduled to end at 2025-03-13 11:48:46.298726 (processing time: 0.00 min)
2025-03-11 11:12:23,892 - root - INFO - Processing end event: Token Token-171 at node Monthly (Unknown)
2025-03-11 11:12:23,892 - root - INFO - Token Token-171 completed task 'Monthly' at 2025-03-13 11:48:46.298726.
2025-03-11 11:12:23,893 - root - INFO - Next nodes for Monthly: ['Review AM using Asset Change Tracker (5.5.13.1)']
2025-03-11 11:12:23,893 - root - INFO - Scheduling direct next node Review AM using Asset Change Tracker (5.5.13.1)
2025-03-11 11:12:23,894 - root - INFO - Token Token-171 waiting for resource 'Tech' at 2025-03-13 11:48:46.298726
2025-03-11 11:12:23,894 - root - INFO - Token Token-172 started task 'Monthly' at 2025-03-13 11:55:07.989957, scheduled to end at 2025-03-13 11:55:07.989957 (processing time: 0.00 min)
2025-03-11 11:12:23,894 - root - INFO - Processing end event: Token Token-172 at node Monthly (Unknown)
2025-03-11 11:12:23,895 - root - INFO - Token Token-172 completed task 'Monthly' at 2025-03-13 11:55:07.989957.
2025-03-11 11:12:23,895 - root - INFO - Next nodes for Monthly: ['Review AM using Asset Change Tracker (5.5.13.1)']
2025-03-11 11:12:23,895 - root - INFO - Scheduling direct next node Review AM using Asset Change Tracker (5.5.13.1)
2025-03-11 11:12:23,896 - root - INFO - Token Token-172 waiting for resource 'Tech' at 2025-03-13 11:55:07.989957
2025-03-11 11:12:23,896 - root - INFO - Token Token-173 started task 'Monthly' at 2025-03-13 12:01:11.724643, scheduled to end at 2025-03-13 12:01:11.724643 (processing time: 0.00 min)
2025-03-11 11:12:23,897 - root - INFO - Processing end event: Token Token-173 at node Monthly (Unknown)
2025-03-11 11:12:23,897 - root - INFO - Token Token-173 completed task 'Monthly' at 2025-03-13 12:01:11.724643.
2025-03-11 11:12:23,899 - root - INFO - Next nodes for Monthly: ['Review AM using Asset Change Tracker (5.5.13.1)']
2025-03-11 11:12:23,899 - root - INFO - Scheduling direct next node Review AM using Asset Change Tracker (5.5.13.1)
2025-03-11 11:12:23,900 - root - INFO - Token Token-173 waiting for resource 'Tech' at 2025-03-13 12:01:11.724643
2025-03-11 11:12:23,900 - root - INFO - Token Token-174 started task 'Monthly' at 2025-03-13 12:06:46.384251, scheduled to end at 2025-03-13 12:06:46.384251 (processing time: 0.00 min)
2025-03-11 11:12:23,901 - root - INFO - Processing end event: Token Token-174 at node Monthly (Unknown)
2025-03-11 11:12:23,901 - root - INFO - Token Token-174 completed task 'Monthly' at 2025-03-13 12:06:46.384251.
2025-03-11 11:12:23,901 - root - INFO - Next nodes for Monthly: ['Review AM using Asset Change Tracker (5.5.13.1)']
2025-03-11 11:12:23,902 - root - INFO - Scheduling direct next node Review AM using Asset Change Tracker (5.5.13.1)
2025-03-11 11:12:23,902 - root - INFO - Token Token-174 waiting for resource 'Tech' at 2025-03-13 12:06:46.384251
2025-03-11 11:12:23,902 - root - INFO - Token Token-175 started task 'Monthly' at 2025-03-13 12:11:59.739760, scheduled to end at 2025-03-13 12:11:59.739760 (processing time: 0.00 min)
2025-03-11 11:12:23,903 - root - INFO - Processing end event: Token Token-175 at node Monthly (Unknown)
2025-03-11 11:12:23,903 - root - INFO - Token Token-175 completed task 'Monthly' at 2025-03-13 12:11:59.739760.
2025-03-11 11:12:23,903 - root - INFO - Next nodes for Monthly: ['Review AM using Asset Change Tracker (5.5.13.1)']
2025-03-11 11:12:23,903 - root - INFO - Scheduling direct next node Review AM using Asset Change Tracker (5.5.13.1)
2025-03-11 11:12:23,903 - root - INFO - Token Token-175 waiting for resource 'Tech' at 2025-03-13 12:11:59.739760
2025-03-11 11:12:23,903 - root - INFO - Token Token-176 started task 'Monthly' at 2025-03-13 12:17:39.478172, scheduled to end at 2025-03-13 12:17:39.478172 (processing time: 0.00 min)
2025-03-11 11:12:23,903 - root - INFO - Processing end event: Token Token-176 at node Monthly (Unknown)
2025-03-11 11:12:23,903 - root - INFO - Token Token-176 completed task 'Monthly' at 2025-03-13 12:17:39.478172.
2025-03-11 11:12:23,903 - root - INFO - Next nodes for Monthly: ['Review AM using Asset Change Tracker (5.5.13.1)']
2025-03-11 11:12:23,903 - root - INFO - Scheduling direct next node Review AM using Asset Change Tracker (5.5.13.1)
2025-03-11 11:12:23,903 - root - INFO - Token Token-176 waiting for resource 'Tech' at 2025-03-13 12:17:39.478172
2025-03-11 11:12:23,903 - root - INFO - Token Token-177 started task 'Monthly' at 2025-03-13 12:23:34.651731, scheduled to end at 2025-03-13 12:23:34.651731 (processing time: 0.00 min)
2025-03-11 11:12:23,903 - root - INFO - Processing end event: Token Token-177 at node Monthly (Unknown)
2025-03-11 11:12:23,906 - root - INFO - Token Token-177 completed task 'Monthly' at 2025-03-13 12:23:34.651731.
2025-03-11 11:12:23,906 - root - INFO - Next nodes for Monthly: ['Review AM using Asset Change Tracker (5.5.13.1)']
2025-03-11 11:12:23,906 - root - INFO - Scheduling direct next node Review AM using Asset Change Tracker (5.5.13.1)
2025-03-11 11:12:23,907 - root - INFO - Token Token-177 waiting for resource 'Tech' at 2025-03-13 12:23:34.651731
2025-03-11 11:12:23,907 - root - INFO - Token Token-178 started task 'Monthly' at 2025-03-13 12:29:19.723636, scheduled to end at 2025-03-13 12:29:19.723636 (processing time: 0.00 min)
2025-03-11 11:12:23,929 - root - INFO - Processing end event: Token Token-178 at node Monthly (Unknown)
2025-03-11 11:12:23,930 - root - INFO - Token Token-178 completed task 'Monthly' at 2025-03-13 12:29:19.723636.
2025-03-11 11:12:23,930 - root - INFO - Next nodes for Monthly: ['Review AM using Asset Change Tracker (5.5.13.1)']
2025-03-11 11:12:23,931 - root - INFO - Scheduling direct next node Review AM using Asset Change Tracker (5.5.13.1)
2025-03-11 11:12:23,931 - root - INFO - Token Token-178 waiting for resource 'Tech' at 2025-03-13 12:29:19.723636
2025-03-11 11:12:23,932 - root - INFO - Token Token-179 started task 'Monthly' at 2025-03-13 12:34:37.474218, scheduled to end at 2025-03-13 12:34:37.474218 (processing time: 0.00 min)
2025-03-11 11:12:23,932 - root - INFO - Processing end event: Token Token-179 at node Monthly (Unknown)
2025-03-11 11:12:23,932 - root - INFO - Token Token-179 completed task 'Monthly' at 2025-03-13 12:34:37.474218.
2025-03-11 11:12:23,933 - root - INFO - Next nodes for Monthly: ['Review AM using Asset Change Tracker (5.5.13.1)']
2025-03-11 11:12:23,933 - root - INFO - Scheduling direct next node Review AM using Asset Change Tracker (5.5.13.1)
2025-03-11 11:12:23,934 - root - INFO - Token Token-179 waiting for resource 'Tech' at 2025-03-13 12:34:37.474218
2025-03-11 11:12:23,934 - root - INFO - Token Token-180 started task 'Monthly' at 2025-03-13 12:40:26.745977, scheduled to end at 2025-03-13 12:40:26.745977 (processing time: 0.00 min)
2025-03-11 11:12:23,934 - root - INFO - Processing end event: Token Token-180 at node Monthly (Unknown)
2025-03-11 11:12:23,935 - root - INFO - Token Token-180 completed task 'Monthly' at 2025-03-13 12:40:26.745977.
2025-03-11 11:12:23,935 - root - INFO - Next nodes for Monthly: ['Review AM using Asset Change Tracker (5.5.13.1)']
2025-03-11 11:12:23,935 - root - INFO - Scheduling direct next node Review AM using Asset Change Tracker (5.5.13.1)
2025-03-11 11:12:23,936 - root - INFO - Token Token-180 waiting for resource 'Tech' at 2025-03-13 12:40:26.745977
2025-03-11 11:12:23,936 - root - INFO - Token Token-181 started task 'Monthly' at 2025-03-13 12:46:05.408918, scheduled to end at 2025-03-13 12:46:05.408918 (processing time: 0.00 min)
2025-03-11 11:12:23,938 - root - INFO - Processing end event: Token Token-181 at node Monthly (Unknown)
2025-03-11 11:12:23,939 - root - INFO - Token Token-181 completed task 'Monthly' at 2025-03-13 12:46:05.408918.
2025-03-11 11:12:23,939 - root - INFO - Next nodes for Monthly: ['Review AM using Asset Change Tracker (5.5.13.1)']
2025-03-11 11:12:23,940 - root - INFO - Scheduling direct next node Review AM using Asset Change Tracker (5.5.13.1)
2025-03-11 11:12:23,942 - root - INFO - Token Token-181 waiting for resource 'Tech' at 2025-03-13 12:46:05.408918
2025-03-11 11:12:23,942 - root - INFO - Token Token-182 started task 'Monthly' at 2025-03-13 12:50:59.909132, scheduled to end at 2025-03-13 12:50:59.909132 (processing time: 0.00 min)
2025-03-11 11:12:23,943 - root - INFO - Processing end event: Token Token-182 at node Monthly (Unknown)
2025-03-11 11:12:23,943 - root - INFO - Token Token-182 completed task 'Monthly' at 2025-03-13 12:50:59.909132.
2025-03-11 11:12:23,944 - root - INFO - Next nodes for Monthly: ['Review AM using Asset Change Tracker (5.5.13.1)']
2025-03-11 11:12:23,944 - root - INFO - Scheduling direct next node Review AM using Asset Change Tracker (5.5.13.1)
2025-03-11 11:12:23,944 - root - INFO - Token Token-182 waiting for resource 'Tech' at 2025-03-13 12:50:59.909132
2025-03-11 11:12:23,945 - root - INFO - Token Token-183 started task 'Monthly' at 2025-03-13 12:56:31.459263, scheduled to end at 2025-03-13 12:56:31.459263 (processing time: 0.00 min)
2025-03-11 11:12:23,945 - root - INFO - Processing end event: Token Token-183 at node Monthly (Unknown)
2025-03-11 11:12:23,946 - root - INFO - Token Token-183 completed task 'Monthly' at 2025-03-13 12:56:31.459263.
2025-03-11 11:12:23,946 - root - INFO - Next nodes for Monthly: ['Review AM using Asset Change Tracker (5.5.13.1)']
2025-03-11 11:12:23,947 - root - INFO - Scheduling direct next node Review AM using Asset Change Tracker (5.5.13.1)
2025-03-11 11:12:23,947 - root - INFO - Token Token-183 waiting for resource 'Tech' at 2025-03-13 12:56:31.459263
2025-03-11 11:12:23,947 - root - INFO - Token Token-184 started task 'Monthly' at 2025-03-13 13:02:46.487929, scheduled to end at 2025-03-13 13:02:46.487929 (processing time: 0.00 min)
2025-03-11 11:12:23,948 - root - INFO - Processing end event: Token Token-184 at node Monthly (Unknown)
2025-03-11 11:12:23,948 - root - INFO - Token Token-184 completed task 'Monthly' at 2025-03-13 13:02:46.487929.
2025-03-11 11:12:23,948 - root - INFO - Next nodes for Monthly: ['Review AM using Asset Change Tracker (5.5.13.1)']
2025-03-11 11:12:23,948 - root - INFO - Scheduling direct next node Review AM using Asset Change Tracker (5.5.13.1)
2025-03-11 11:12:23,948 - root - INFO - Token Token-184 waiting for resource 'Tech' at 2025-03-13 13:02:46.487929
2025-03-11 11:12:23,948 - root - INFO - Token Token-185 started task 'Monthly' at 2025-03-13 13:08:39.464333, scheduled to end at 2025-03-13 13:08:39.464333 (processing time: 0.00 min)
2025-03-11 11:12:23,948 - root - INFO - Processing end event: Token Token-185 at node Monthly (Unknown)
2025-03-11 11:12:23,950 - root - INFO - Token Token-185 completed task 'Monthly' at 2025-03-13 13:08:39.464333.
2025-03-11 11:12:23,950 - root - INFO - Next nodes for Monthly: ['Review AM using Asset Change Tracker (5.5.13.1)']
2025-03-11 11:12:23,950 - root - INFO - Scheduling direct next node Review AM using Asset Change Tracker (5.5.13.1)
2025-03-11 11:12:23,950 - root - INFO - Token Token-185 waiting for resource 'Tech' at 2025-03-13 13:08:39.464333
2025-03-11 11:12:23,950 - root - INFO - Token Token-186 started task 'Monthly' at 2025-03-13 13:15:01.114306, scheduled to end at 2025-03-13 13:15:01.114306 (processing time: 0.00 min)
2025-03-11 11:12:23,950 - root - INFO - Processing end event: Token Token-186 at node Monthly (Unknown)
2025-03-11 11:12:23,951 - root - INFO - Token Token-186 completed task 'Monthly' at 2025-03-13 13:15:01.114306.
2025-03-11 11:12:23,951 - root - INFO - Next nodes for Monthly: ['Review AM using Asset Change Tracker (5.5.13.1)']
2025-03-11 11:12:23,951 - root - INFO - Scheduling direct next node Review AM using Asset Change Tracker (5.5.13.1)
2025-03-11 11:12:23,951 - root - INFO - Token Token-186 waiting for resource 'Tech' at 2025-03-13 13:15:01.114306
2025-03-11 11:12:23,952 - root - INFO - Token Token-187 started task 'Monthly' at 2025-03-13 13:21:22.955915, scheduled to end at 2025-03-13 13:21:22.955915 (processing time: 0.00 min)
2025-03-11 11:12:23,952 - root - INFO - Processing end event: Token Token-187 at node Monthly (Unknown)
2025-03-11 11:12:23,952 - root - INFO - Token Token-187 completed task 'Monthly' at 2025-03-13 13:21:22.955915.
2025-03-11 11:12:23,953 - root - INFO - Next nodes for Monthly: ['Review AM using Asset Change Tracker (5.5.13.1)']
2025-03-11 11:12:23,953 - root - INFO - Scheduling direct next node Review AM using Asset Change Tracker (5.5.13.1)
2025-03-11 11:12:23,953 - root - INFO - Token Token-187 waiting for resource 'Tech' at 2025-03-13 13:21:22.955915
2025-03-11 11:12:23,953 - root - INFO - Token Token-188 started task 'Monthly' at 2025-03-13 13:27:07.788329, scheduled to end at 2025-03-13 13:27:07.788329 (processing time: 0.00 min)
2025-03-11 11:12:23,954 - root - INFO - Processing end event: Token Token-188 at node Monthly (Unknown)
2025-03-11 11:12:23,954 - root - INFO - Token Token-188 completed task 'Monthly' at 2025-03-13 13:27:07.788329.
2025-03-11 11:12:23,955 - root - INFO - Next nodes for Monthly: ['Review AM using Asset Change Tracker (5.5.13.1)']
2025-03-11 11:12:23,956 - root - INFO - Scheduling direct next node Review AM using Asset Change Tracker (5.5.13.1)
2025-03-11 11:12:23,957 - root - INFO - Token Token-188 waiting for resource 'Tech' at 2025-03-13 13:27:07.788329
2025-03-11 11:12:23,977 - root - INFO - Token Token-189 started task 'Monthly' at 2025-03-13 13:33:06.754426, scheduled to end at 2025-03-13 13:33:06.754426 (processing time: 0.00 min)
2025-03-11 11:12:23,977 - root - INFO - Processing end event: Token Token-189 at node Monthly (Unknown)
2025-03-11 11:12:23,978 - root - INFO - Token Token-189 completed task 'Monthly' at 2025-03-13 13:33:06.754426.
2025-03-11 11:12:23,978 - root - INFO - Next nodes for Monthly: ['Review AM using Asset Change Tracker (5.5.13.1)']
2025-03-11 11:12:23,979 - root - INFO - Scheduling direct next node Review AM using Asset Change Tracker (5.5.13.1)
2025-03-11 11:12:23,979 - root - INFO - Token Token-189 waiting for resource 'Tech' at 2025-03-13 13:33:06.754426
2025-03-11 11:12:23,979 - root - INFO - Token Token-190 started task 'Monthly' at 2025-03-13 13:39:18.269389, scheduled to end at 2025-03-13 13:39:18.269389 (processing time: 0.00 min)
2025-03-11 11:12:23,980 - root - INFO - Processing end event: Token Token-190 at node Monthly (Unknown)
2025-03-11 11:12:23,980 - root - INFO - Token Token-190 completed task 'Monthly' at 2025-03-13 13:39:18.269389.
2025-03-11 11:12:23,981 - root - INFO - Next nodes for Monthly: ['Review AM using Asset Change Tracker (5.5.13.1)']
2025-03-11 11:12:23,981 - root - INFO - Scheduling direct next node Review AM using Asset Change Tracker (5.5.13.1)
2025-03-11 11:12:23,981 - root - INFO - Token Token-190 waiting for resource 'Tech' at 2025-03-13 13:39:18.269389
2025-03-11 11:12:23,982 - root - INFO - Token Token-191 started task 'Monthly' at 2025-03-13 13:44:12.092382, scheduled to end at 2025-03-13 13:44:12.092382 (processing time: 0.00 min)
2025-03-11 11:12:23,983 - root - INFO - Processing end event: Token Token-191 at node Monthly (Unknown)
2025-03-11 11:12:23,983 - root - INFO - Token Token-191 completed task 'Monthly' at 2025-03-13 13:44:12.092382.
2025-03-11 11:12:23,986 - root - INFO - Next nodes for Monthly: ['Review AM using Asset Change Tracker (5.5.13.1)']
2025-03-11 11:12:23,986 - root - INFO - Scheduling direct next node Review AM using Asset Change Tracker (5.5.13.1)
2025-03-11 11:12:23,987 - root - INFO - Token Token-191 waiting for resource 'Tech' at 2025-03-13 13:44:12.092382
2025-03-11 11:12:23,987 - root - INFO - Token Token-192 started task 'Monthly' at 2025-03-13 13:48:40.408048, scheduled to end at 2025-03-13 13:48:40.408048 (processing time: 0.00 min)
2025-03-11 11:12:23,988 - root - INFO - Processing end event: Token Token-192 at node Monthly (Unknown)
2025-03-11 11:12:23,988 - root - INFO - Token Token-192 completed task 'Monthly' at 2025-03-13 13:48:40.408048.
2025-03-11 11:12:23,989 - root - INFO - Next nodes for Monthly: ['Review AM using Asset Change Tracker (5.5.13.1)']
2025-03-11 11:12:23,989 - root - INFO - Scheduling direct next node Review AM using Asset Change Tracker (5.5.13.1)
2025-03-11 11:12:23,989 - root - INFO - Token Token-192 waiting for resource 'Tech' at 2025-03-13 13:48:40.408048
2025-03-11 11:12:23,990 - root - INFO - Token Token-193 started task 'Monthly' at 2025-03-13 13:54:32.830075, scheduled to end at 2025-03-13 13:54:32.830075 (processing time: 0.00 min)
2025-03-11 11:12:23,990 - root - INFO - Processing end event: Token Token-193 at node Monthly (Unknown)
2025-03-11 11:12:23,991 - root - INFO - Token Token-193 completed task 'Monthly' at 2025-03-13 13:54:32.830075.
2025-03-11 11:12:23,991 - root - INFO - Next nodes for Monthly: ['Review AM using Asset Change Tracker (5.5.13.1)']
2025-03-11 11:12:23,992 - root - INFO - Scheduling direct next node Review AM using Asset Change Tracker (5.5.13.1)
2025-03-11 11:12:23,992 - root - INFO - Token Token-193 waiting for resource 'Tech' at 2025-03-13 13:54:32.830075
2025-03-11 11:12:23,992 - root - INFO - Token Token-194 started task 'Monthly' at 2025-03-14 08:00:00, scheduled to end at 2025-03-14 08:00:00 (processing time: 0.00 min)
2025-03-11 11:12:23,993 - root - INFO - Processing end event: Token Token-194 at node Monthly (Unknown)
2025-03-11 11:12:23,993 - root - INFO - Token Token-194 completed task 'Monthly' at 2025-03-14 08:00:00.
2025-03-11 11:12:23,993 - root - INFO - Next nodes for Monthly: ['Review AM using Asset Change Tracker (5.5.13.1)']
2025-03-11 11:12:23,994 - root - INFO - Scheduling direct next node Review AM using Asset Change Tracker (5.5.13.1)
2025-03-11 11:12:23,994 - root - INFO - Token Token-194 waiting for resource 'Tech' at 2025-03-14 08:00:00
2025-03-11 11:12:23,995 - root - INFO - Token Token-195 started task 'Monthly' at 2025-03-14 08:04:45.876748, scheduled to end at 2025-03-14 08:04:45.876748 (processing time: 0.00 min)
2025-03-11 11:12:23,995 - root - INFO - Processing end event: Token Token-195 at node Monthly (Unknown)
2025-03-11 11:12:23,995 - root - INFO - Token Token-195 completed task 'Monthly' at 2025-03-14 08:04:45.876748.
2025-03-11 11:12:23,996 - root - INFO - Next nodes for Monthly: ['Review AM using Asset Change Tracker (5.5.13.1)']
2025-03-11 11:12:23,996 - root - INFO - Scheduling direct next node Review AM using Asset Change Tracker (5.5.13.1)
2025-03-11 11:12:23,996 - root - INFO - Token Token-195 waiting for resource 'Tech' at 2025-03-14 08:04:45.876748
2025-03-11 11:12:23,996 - root - INFO - Token Token-196 started task 'Monthly' at 2025-03-14 08:09:30.244078, scheduled to end at 2025-03-14 08:09:30.244078 (processing time: 0.00 min)
2025-03-11 11:12:23,997 - root - INFO - Processing end event: Token Token-196 at node Monthly (Unknown)
2025-03-11 11:12:23,997 - root - INFO - Token Token-196 completed task 'Monthly' at 2025-03-14 08:09:30.244078.
2025-03-11 11:12:23,997 - root - INFO - Next nodes for Monthly: ['Review AM using Asset Change Tracker (5.5.13.1)']
2025-03-11 11:12:23,997 - root - INFO - Scheduling direct next node Review AM using Asset Change Tracker (5.5.13.1)
2025-03-11 11:12:23,997 - root - INFO - Token Token-196 waiting for resource 'Tech' at 2025-03-14 08:09:30.244078
2025-03-11 11:12:23,997 - root - INFO - Token Token-197 started task 'Monthly' at 2025-03-14 08:15:44.681679, scheduled to end at 2025-03-14 08:15:44.681679 (processing time: 0.00 min)
2025-03-11 11:12:23,998 - root - INFO - Processing end event: Token Token-197 at node Monthly (Unknown)
2025-03-11 11:12:23,999 - root - INFO - Token Token-197 completed task 'Monthly' at 2025-03-14 08:15:44.681679.
2025-03-11 11:12:23,999 - root - INFO - Next nodes for Monthly: ['Review AM using Asset Change Tracker (5.5.13.1)']
2025-03-11 11:12:23,999 - root - INFO - Scheduling direct next node Review AM using Asset Change Tracker (5.5.13.1)
2025-03-11 11:12:23,999 - root - INFO - Token Token-197 waiting for resource 'Tech' at 2025-03-14 08:15:44.681679
2025-03-11 11:12:23,999 - root - INFO - Token Token-198 started task 'Monthly' at 2025-03-14 08:20:07.127605, scheduled to end at 2025-03-14 08:20:07.127605 (processing time: 0.00 min)
2025-03-11 11:12:24,000 - root - INFO - Processing end event: Token Token-198 at node Monthly (Unknown)
2025-03-11 11:12:24,000 - root - INFO - Token Token-198 completed task 'Monthly' at 2025-03-14 08:20:07.127605.
2025-03-11 11:12:24,000 - root - INFO - Next nodes for Monthly: ['Review AM using Asset Change Tracker (5.5.13.1)']
2025-03-11 11:12:24,000 - root - INFO - Scheduling direct next node Review AM using Asset Change Tracker (5.5.13.1)
2025-03-11 11:12:24,000 - root - INFO - Token Token-198 waiting for resource 'Tech' at 2025-03-14 08:20:07.127605
2025-03-11 11:12:24,001 - root - INFO - Token Token-199 started task 'Monthly' at 2025-03-14 08:24:58.225541, scheduled to end at 2025-03-14 08:24:58.225541 (processing time: 0.00 min)
2025-03-11 11:12:24,001 - root - INFO - Processing end event: Token Token-199 at node Monthly (Unknown)
2025-03-11 11:12:24,001 - root - INFO - Token Token-199 completed task 'Monthly' at 2025-03-14 08:24:58.225541.
2025-03-11 11:12:24,001 - root - INFO - Next nodes for Monthly: ['Review AM using Asset Change Tracker (5.5.13.1)']
2025-03-11 11:12:24,002 - root - INFO - Scheduling direct next node Review AM using Asset Change Tracker (5.5.13.1)
2025-03-11 11:12:24,002 - root - INFO - Token Token-199 waiting for resource 'Tech' at 2025-03-14 08:24:58.225541
2025-03-11 11:12:24,002 - root - INFO - Token Token-200 started task 'Monthly' at 2025-03-14 08:30:11.780933, scheduled to end at 2025-03-14 08:30:11.780933 (processing time: 0.00 min)
2025-03-11 11:12:24,003 - root - INFO - Processing end event: Token Token-200 at node Monthly (Unknown)
2025-03-11 11:12:24,003 - root - INFO - Token Token-200 completed task 'Monthly' at 2025-03-14 08:30:11.780933.
2025-03-11 11:12:24,006 - root - INFO - Next nodes for Monthly: ['Review AM using Asset Change Tracker (5.5.13.1)']
2025-03-11 11:12:24,026 - root - INFO - Scheduling direct next node Review AM using Asset Change Tracker (5.5.13.1)
2025-03-11 11:12:24,027 - root - INFO - Token Token-200 waiting for resource 'Tech' at 2025-03-14 08:30:11.780933
2025-03-11 11:12:24,027 - root - INFO - Token Token-201 started task 'Monthly' at 2025-03-14 08:34:54.258311, scheduled to end at 2025-03-14 08:34:54.258311 (processing time: 0.00 min)
2025-03-11 11:12:24,028 - root - INFO - Processing end event: Token Token-201 at node Monthly (Unknown)
2025-03-11 11:12:24,028 - root - INFO - Token Token-201 completed task 'Monthly' at 2025-03-14 08:34:54.258311.
2025-03-11 11:12:24,029 - root - INFO - Next nodes for Monthly: ['Review AM using Asset Change Tracker (5.5.13.1)']
2025-03-11 11:12:24,029 - root - INFO - Scheduling direct next node Review AM using Asset Change Tracker (5.5.13.1)
2025-03-11 11:12:24,030 - root - INFO - Token Token-201 waiting for resource 'Tech' at 2025-03-14 08:34:54.258311
2025-03-11 11:12:24,030 - root - INFO - Token Token-202 started task 'Monthly' at 2025-03-14 08:40:58.604192, scheduled to end at 2025-03-14 08:40:58.604192 (processing time: 0.00 min)
2025-03-11 11:12:24,030 - root - INFO - Processing end event: Token Token-202 at node Monthly (Unknown)
2025-03-11 11:12:24,031 - root - INFO - Token Token-202 completed task 'Monthly' at 2025-03-14 08:40:58.604192.
2025-03-11 11:12:24,031 - root - INFO - Next nodes for Monthly: ['Review AM using Asset Change Tracker (5.5.13.1)']
2025-03-11 11:12:24,031 - root - INFO - Scheduling direct next node Review AM using Asset Change Tracker (5.5.13.1)
2025-03-11 11:12:24,033 - root - INFO - Token Token-202 waiting for resource 'Tech' at 2025-03-14 08:40:58.604192
2025-03-11 11:12:24,034 - root - INFO - Token Token-203 started task 'Monthly' at 2025-03-14 08:47:01.210576, scheduled to end at 2025-03-14 08:47:01.210576 (processing time: 0.00 min)
2025-03-11 11:12:24,035 - root - INFO - Processing end event: Token Token-203 at node Monthly (Unknown)
2025-03-11 11:12:24,035 - root - INFO - Token Token-203 completed task 'Monthly' at 2025-03-14 08:47:01.210576.
2025-03-11 11:12:24,036 - root - INFO - Next nodes for Monthly: ['Review AM using Asset Change Tracker (5.5.13.1)']
2025-03-11 11:12:24,038 - root - INFO - Scheduling direct next node Review AM using Asset Change Tracker (5.5.13.1)
2025-03-11 11:12:24,038 - root - INFO - Token Token-203 waiting for resource 'Tech' at 2025-03-14 08:47:01.210576
2025-03-11 11:12:24,039 - root - INFO - Token Token-204 started task 'Monthly' at 2025-03-14 08:52:24.227949, scheduled to end at 2025-03-14 08:52:24.227949 (processing time: 0.00 min)
2025-03-11 11:12:24,039 - root - INFO - Processing end event: Token Token-204 at node Monthly (Unknown)
2025-03-11 11:12:24,039 - root - INFO - Token Token-204 completed task 'Monthly' at 2025-03-14 08:52:24.227949.
2025-03-11 11:12:24,039 - root - INFO - Next nodes for Monthly: ['Review AM using Asset Change Tracker (5.5.13.1)']
2025-03-11 11:12:24,040 - root - INFO - Scheduling direct next node Review AM using Asset Change Tracker (5.5.13.1)
2025-03-11 11:12:24,040 - root - INFO - Token Token-204 waiting for resource 'Tech' at 2025-03-14 08:52:24.227949
2025-03-11 11:12:24,040 - root - INFO - Token Token-205 started task 'Monthly' at 2025-03-14 08:57:22.313804, scheduled to end at 2025-03-14 08:57:22.313804 (processing time: 0.00 min)
2025-03-11 11:12:24,040 - root - INFO - Processing end event: Token Token-205 at node Monthly (Unknown)
2025-03-11 11:12:24,040 - root - INFO - Token Token-205 completed task 'Monthly' at 2025-03-14 08:57:22.313804.
2025-03-11 11:12:24,040 - root - INFO - Next nodes for Monthly: ['Review AM using Asset Change Tracker (5.5.13.1)']
2025-03-11 11:12:24,040 - root - INFO - Scheduling direct next node Review AM using Asset Change Tracker (5.5.13.1)
2025-03-11 11:12:24,040 - root - INFO - Token Token-205 waiting for resource 'Tech' at 2025-03-14 08:57:22.313804
2025-03-11 11:12:24,042 - root - INFO - Token Token-206 started task 'Monthly' at 2025-03-14 09:03:47.632568, scheduled to end at 2025-03-14 09:03:47.632568 (processing time: 0.00 min)
2025-03-11 11:12:24,042 - root - INFO - Processing end event: Token Token-206 at node Monthly (Unknown)
2025-03-11 11:12:24,042 - root - INFO - Token Token-206 completed task 'Monthly' at 2025-03-14 09:03:47.632568.
2025-03-11 11:12:24,042 - root - INFO - Next nodes for Monthly: ['Review AM using Asset Change Tracker (5.5.13.1)']
2025-03-11 11:12:24,042 - root - INFO - Scheduling direct next node Review AM using Asset Change Tracker (5.5.13.1)
2025-03-11 11:12:24,043 - root - INFO - Token Token-206 waiting for resource 'Tech' at 2025-03-14 09:03:47.632568
2025-03-11 11:12:24,043 - root - INFO - Token Token-207 started task 'Monthly' at 2025-03-14 09:09:35.856417, scheduled to end at 2025-03-14 09:09:35.856417 (processing time: 0.00 min)
2025-03-11 11:12:24,043 - root - INFO - Processing end event: Token Token-207 at node Monthly (Unknown)
2025-03-11 11:12:24,043 - root - INFO - Token Token-207 completed task 'Monthly' at 2025-03-14 09:09:35.856417.
2025-03-11 11:12:24,044 - root - INFO - Next nodes for Monthly: ['Review AM using Asset Change Tracker (5.5.13.1)']
2025-03-11 11:12:24,044 - root - INFO - Scheduling direct next node Review AM using Asset Change Tracker (5.5.13.1)
2025-03-11 11:12:24,044 - root - INFO - Token Token-207 waiting for resource 'Tech' at 2025-03-14 09:09:35.856417
2025-03-11 11:12:24,044 - root - INFO - Token Token-208 started task 'Monthly' at 2025-03-14 09:15:05.047694, scheduled to end at 2025-03-14 09:15:05.047694 (processing time: 0.00 min)
2025-03-11 11:12:24,045 - root - INFO - Processing end event: Token Token-208 at node Monthly (Unknown)
2025-03-11 11:12:24,045 - root - INFO - Token Token-208 completed task 'Monthly' at 2025-03-14 09:15:05.047694.
2025-03-11 11:12:24,045 - root - INFO - Next nodes for Monthly: ['Review AM using Asset Change Tracker (5.5.13.1)']
2025-03-11 11:12:24,045 - root - INFO - Scheduling direct next node Review AM using Asset Change Tracker (5.5.13.1)
2025-03-11 11:12:24,046 - root - INFO - Token Token-208 waiting for resource 'Tech' at 2025-03-14 09:15:05.047694
2025-03-11 11:12:24,046 - root - INFO - Token Token-209 started task 'Monthly' at 2025-03-14 09:20:58.825770, scheduled to end at 2025-03-14 09:20:58.825770 (processing time: 0.00 min)
2025-03-11 11:12:24,046 - root - INFO - Processing end event: Token Token-209 at node Monthly (Unknown)
2025-03-11 11:12:24,046 - root - INFO - Token Token-209 completed task 'Monthly' at 2025-03-14 09:20:58.825770.
2025-03-11 11:12:24,047 - root - INFO - Next nodes for Monthly: ['Review AM using Asset Change Tracker (5.5.13.1)']
2025-03-11 11:12:24,047 - root - INFO - Scheduling direct next node Review AM using Asset Change Tracker (5.5.13.1)
2025-03-11 11:12:24,047 - root - INFO - Token Token-209 waiting for resource 'Tech' at 2025-03-14 09:20:58.825770
2025-03-11 11:12:24,047 - root - INFO - Token Token-210 started task 'Monthly' at 2025-03-14 09:26:58.451232, scheduled to end at 2025-03-14 09:26:58.451232 (processing time: 0.00 min)
2025-03-11 11:12:24,048 - root - INFO - Processing end event: Token Token-210 at node Monthly (Unknown)
2025-03-11 11:12:24,048 - root - INFO - Token Token-210 completed task 'Monthly' at 2025-03-14 09:26:58.451232.
2025-03-11 11:12:24,048 - root - INFO - Next nodes for Monthly: ['Review AM using Asset Change Tracker (5.5.13.1)']
2025-03-11 11:12:24,048 - root - INFO - Scheduling direct next node Review AM using Asset Change Tracker (5.5.13.1)
2025-03-11 11:12:24,048 - root - INFO - Token Token-210 waiting for resource 'Tech' at 2025-03-14 09:26:58.451232
2025-03-11 11:12:24,049 - root - INFO - Token Token-211 started task 'Monthly' at 2025-03-14 09:32:10.207204, scheduled to end at 2025-03-14 09:32:10.207204 (processing time: 0.00 min)
2025-03-11 11:12:24,049 - root - INFO - Processing end event: Token Token-211 at node Monthly (Unknown)
2025-03-11 11:12:24,050 - root - INFO - Token Token-211 completed task 'Monthly' at 2025-03-14 09:32:10.207204.
2025-03-11 11:12:24,050 - root - INFO - Next nodes for Monthly: ['Review AM using Asset Change Tracker (5.5.13.1)']
2025-03-11 11:12:24,050 - root - INFO - Scheduling direct next node Review AM using Asset Change Tracker (5.5.13.1)
2025-03-11 11:12:24,051 - root - INFO - Token Token-211 waiting for resource 'Tech' at 2025-03-14 09:32:10.207204
2025-03-11 11:12:24,051 - root - INFO - Token Token-212 started task 'Monthly' at 2025-03-14 09:36:43.439090, scheduled to end at 2025-03-14 09:36:43.439090 (processing time: 0.00 min)
2025-03-11 11:12:24,054 - root - INFO - Processing end event: Token Token-212 at node Monthly (Unknown)
2025-03-11 11:12:24,054 - root - INFO - Token Token-212 completed task 'Monthly' at 2025-03-14 09:36:43.439090.
2025-03-11 11:12:24,054 - root - INFO - Next nodes for Monthly: ['Review AM using Asset Change Tracker (5.5.13.1)']
2025-03-11 11:12:24,055 - root - INFO - Scheduling direct next node Review AM using Asset Change Tracker (5.5.13.1)
2025-03-11 11:12:24,055 - root - INFO - Token Token-212 waiting for resource 'Tech' at 2025-03-14 09:36:43.439090
2025-03-11 11:12:24,055 - root - INFO - Token Token-213 started task 'Monthly' at 2025-03-14 09:42:59.760948, scheduled to end at 2025-03-14 09:42:59.760948 (processing time: 0.00 min)
2025-03-11 11:12:24,056 - root - INFO - Processing end event: Token Token-213 at node Monthly (Unknown)
2025-03-11 11:12:24,056 - root - INFO - Token Token-213 completed task 'Monthly' at 2025-03-14 09:42:59.760948.
2025-03-11 11:12:24,057 - root - INFO - Next nodes for Monthly: ['Review AM using Asset Change Tracker (5.5.13.1)']
2025-03-11 11:12:24,057 - root - INFO - Scheduling direct next node Review AM using Asset Change Tracker (5.5.13.1)
2025-03-11 11:12:24,057 - root - INFO - Token Token-213 waiting for resource 'Tech' at 2025-03-14 09:42:59.760948
2025-03-11 11:12:24,058 - root - INFO - Token Token-214 started task 'Monthly' at 2025-03-14 09:48:48.578581, scheduled to end at 2025-03-14 09:48:48.578581 (processing time: 0.00 min)
2025-03-11 11:12:24,058 - root - INFO - Processing end event: Token Token-214 at node Monthly (Unknown)
2025-03-11 11:12:24,058 - root - INFO - Token Token-214 completed task 'Monthly' at 2025-03-14 09:48:48.578581.
2025-03-11 11:12:24,059 - root - INFO - Next nodes for Monthly: ['Review AM using Asset Change Tracker (5.5.13.1)']
2025-03-11 11:12:24,059 - root - INFO - Scheduling direct next node Review AM using Asset Change Tracker (5.5.13.1)
2025-03-11 11:12:24,059 - root - INFO - Token Token-214 waiting for resource 'Tech' at 2025-03-14 09:48:48.578581
2025-03-11 11:12:24,059 - root - INFO - Token Token-215 started task 'Monthly' at 2025-03-14 09:54:57.525668, scheduled to end at 2025-03-14 09:54:57.525668 (processing time: 0.00 min)
2025-03-11 11:12:24,060 - root - INFO - Processing end event: Token Token-215 at node Monthly (Unknown)
2025-03-11 11:12:24,060 - root - INFO - Token Token-215 completed task 'Monthly' at 2025-03-14 09:54:57.525668.
2025-03-11 11:12:24,060 - root - INFO - Next nodes for Monthly: ['Review AM using Asset Change Tracker (5.5.13.1)']
2025-03-11 11:12:24,061 - root - INFO - Scheduling direct next node Review AM using Asset Change Tracker (5.5.13.1)
2025-03-11 11:12:24,061 - root - INFO - Token Token-215 waiting for resource 'Tech' at 2025-03-14 09:54:57.525668
2025-03-11 11:12:24,062 - root - INFO - Token Token-216 started task 'Monthly' at 2025-03-14 10:00:51.140309, scheduled to end at 2025-03-14 10:00:51.140309 (processing time: 0.00 min)
2025-03-11 11:12:24,062 - root - INFO - Processing end event: Token Token-216 at node Monthly (Unknown)
2025-03-11 11:12:24,062 - root - INFO - Token Token-216 completed task 'Monthly' at 2025-03-14 10:00:51.140309.
2025-03-11 11:12:24,063 - root - INFO - Next nodes for Monthly: ['Review AM using Asset Change Tracker (5.5.13.1)']
2025-03-11 11:12:24,063 - root - INFO - Scheduling direct next node Review AM using Asset Change Tracker (5.5.13.1)
2025-03-11 11:12:24,063 - root - INFO - Token Token-216 waiting for resource 'Tech' at 2025-03-14 10:00:51.140309
2025-03-11 11:12:24,064 - root - INFO - Token Token-217 started task 'Monthly' at 2025-03-14 10:07:12.275192, scheduled to end at 2025-03-14 10:07:12.275192 (processing time: 0.00 min)
2025-03-11 11:12:24,065 - root - INFO - Processing end event: Token Token-217 at node Monthly (Unknown)
2025-03-11 11:12:24,067 - root - INFO - Token Token-217 completed task 'Monthly' at 2025-03-14 10:07:12.275192.
2025-03-11 11:12:24,067 - root - INFO - Next nodes for Monthly: ['Review AM using Asset Change Tracker (5.5.13.1)']
2025-03-11 11:12:24,069 - root - INFO - Scheduling direct next node Review AM using Asset Change Tracker (5.5.13.1)
2025-03-11 11:12:24,080 - root - INFO - Token Token-217 waiting for resource 'Tech' at 2025-03-14 10:07:12.275192
2025-03-11 11:12:24,081 - root - INFO - Token Token-218 started task 'Monthly' at 2025-03-14 10:12:59.190112, scheduled to end at 2025-03-14 10:12:59.190112 (processing time: 0.00 min)
2025-03-11 11:12:24,081 - root - INFO - Processing end event: Token Token-218 at node Monthly (Unknown)
2025-03-11 11:12:24,082 - root - INFO - Token Token-218 completed task 'Monthly' at 2025-03-14 10:12:59.190112.
2025-03-11 11:12:24,082 - root - INFO - Next nodes for Monthly: ['Review AM using Asset Change Tracker (5.5.13.1)']
2025-03-11 11:12:24,083 - root - INFO - Scheduling direct next node Review AM using Asset Change Tracker (5.5.13.1)
2025-03-11 11:12:24,084 - root - INFO - Token Token-218 waiting for resource 'Tech' at 2025-03-14 10:12:59.190112
2025-03-11 11:12:24,085 - root - INFO - Token Token-219 started task 'Monthly' at 2025-03-14 10:18:02.462691, scheduled to end at 2025-03-14 10:18:02.462691 (processing time: 0.00 min)
2025-03-11 11:12:24,086 - root - INFO - Processing end event: Token Token-219 at node Monthly (Unknown)
2025-03-11 11:12:24,086 - root - INFO - Token Token-219 completed task 'Monthly' at 2025-03-14 10:18:02.462691.
2025-03-11 11:12:24,086 - root - INFO - Next nodes for Monthly: ['Review AM using Asset Change Tracker (5.5.13.1)']
2025-03-11 11:12:24,087 - root - INFO - Scheduling direct next node Review AM using Asset Change Tracker (5.5.13.1)
2025-03-11 11:12:24,087 - root - INFO - Token Token-219 waiting for resource 'Tech' at 2025-03-14 10:18:02.462691
2025-03-11 11:12:24,088 - root - INFO - Token Token-220 started task 'Monthly' at 2025-03-14 10:23:12.453327, scheduled to end at 2025-03-14 10:23:12.453327 (processing time: 0.00 min)
2025-03-11 11:12:24,088 - root - INFO - Processing end event: Token Token-220 at node Monthly (Unknown)
2025-03-11 11:12:24,088 - root - INFO - Token Token-220 completed task 'Monthly' at 2025-03-14 10:23:12.453327.
2025-03-11 11:12:24,088 - root - INFO - Next nodes for Monthly: ['Review AM using Asset Change Tracker (5.5.13.1)']
2025-03-11 11:12:24,089 - root - INFO - Scheduling direct next node Review AM using Asset Change Tracker (5.5.13.1)
2025-03-11 11:12:24,089 - root - INFO - Token Token-220 waiting for resource 'Tech' at 2025-03-14 10:23:12.453327
2025-03-11 11:12:24,089 - root - INFO - Token Token-221 started task 'Monthly' at 2025-03-14 10:29:23.288817, scheduled to end at 2025-03-14 10:29:23.288817 (processing time: 0.00 min)
2025-03-11 11:12:24,089 - root - INFO - Processing end event: Token Token-221 at node Monthly (Unknown)
2025-03-11 11:12:24,089 - root - INFO - Token Token-221 completed task 'Monthly' at 2025-03-14 10:29:23.288817.
2025-03-11 11:12:24,089 - root - INFO - Next nodes for Monthly: ['Review AM using Asset Change Tracker (5.5.13.1)']
2025-03-11 11:12:24,089 - root - INFO - Scheduling direct next node Review AM using Asset Change Tracker (5.5.13.1)
2025-03-11 11:12:24,089 - root - INFO - Token Token-221 waiting for resource 'Tech' at 2025-03-14 10:29:23.288817
2025-03-11 11:12:24,089 - root - INFO - Token Token-222 started task 'Monthly' at 2025-03-14 10:35:12.168142, scheduled to end at 2025-03-14 10:35:12.168142 (processing time: 0.00 min)
2025-03-11 11:12:24,089 - root - INFO - Processing end event: Token Token-222 at node Monthly (Unknown)
2025-03-11 11:12:24,089 - root - INFO - Token Token-222 completed task 'Monthly' at 2025-03-14 10:35:12.168142.
2025-03-11 11:12:24,089 - root - INFO - Next nodes for Monthly: ['Review AM using Asset Change Tracker (5.5.13.1)']
2025-03-11 11:12:24,089 - root - INFO - Scheduling direct next node Review AM using Asset Change Tracker (5.5.13.1)
2025-03-11 11:12:24,089 - root - INFO - Token Token-222 waiting for resource 'Tech' at 2025-03-14 10:35:12.168142
2025-03-11 11:12:24,089 - root - INFO - Token Token-223 started task 'Monthly' at 2025-03-14 10:40:41.674395, scheduled to end at 2025-03-14 10:40:41.674395 (processing time: 0.00 min)
2025-03-11 11:12:24,089 - root - INFO - Processing end event: Token Token-223 at node Monthly (Unknown)
2025-03-11 11:12:24,089 - root - INFO - Token Token-223 completed task 'Monthly' at 2025-03-14 10:40:41.674395.
2025-03-11 11:12:24,089 - root - INFO - Next nodes for Monthly: ['Review AM using Asset Change Tracker (5.5.13.1)']
2025-03-11 11:12:24,089 - root - INFO - Scheduling direct next node Review AM using Asset Change Tracker (5.5.13.1)
2025-03-11 11:12:24,089 - root - INFO - Token Token-223 waiting for resource 'Tech' at 2025-03-14 10:40:41.674395
2025-03-11 11:12:24,089 - root - INFO - Token Token-224 started task 'Monthly' at 2025-03-14 10:46:54.810288, scheduled to end at 2025-03-14 10:46:54.810288 (processing time: 0.00 min)
2025-03-11 11:12:24,093 - root - INFO - Processing end event: Token Token-224 at node Monthly (Unknown)
2025-03-11 11:12:24,095 - root - INFO - Token Token-224 completed task 'Monthly' at 2025-03-14 10:46:54.810288.
2025-03-11 11:12:24,095 - root - INFO - Next nodes for Monthly: ['Review AM using Asset Change Tracker (5.5.13.1)']
2025-03-11 11:12:24,096 - root - INFO - Scheduling direct next node Review AM using Asset Change Tracker (5.5.13.1)
2025-03-11 11:12:24,096 - root - INFO - Token Token-224 waiting for resource 'Tech' at 2025-03-14 10:46:54.810288
2025-03-11 11:12:24,096 - root - INFO - Token Token-225 started task 'Monthly' at 2025-03-14 10:53:11.703257, scheduled to end at 2025-03-14 10:53:11.703257 (processing time: 0.00 min)
2025-03-11 11:12:24,097 - root - INFO - Processing end event: Token Token-225 at node Monthly (Unknown)
2025-03-11 11:12:24,097 - root - INFO - Token Token-225 completed task 'Monthly' at 2025-03-14 10:53:11.703257.
2025-03-11 11:12:24,097 - root - INFO - Next nodes for Monthly: ['Review AM using Asset Change Tracker (5.5.13.1)']
2025-03-11 11:12:24,097 - root - INFO - Scheduling direct next node Review AM using Asset Change Tracker (5.5.13.1)
2025-03-11 11:12:24,097 - root - INFO - Token Token-225 waiting for resource 'Tech' at 2025-03-14 10:53:11.703257
2025-03-11 11:12:24,098 - root - INFO - Token Token-226 started task 'Monthly' at 2025-03-14 10:59:12.536974, scheduled to end at 2025-03-14 10:59:12.536974 (processing time: 0.00 min)
2025-03-11 11:12:24,098 - root - INFO - Processing end event: Token Token-226 at node Monthly (Unknown)
2025-03-11 11:12:24,098 - root - INFO - Token Token-226 completed task 'Monthly' at 2025-03-14 10:59:12.536974.
2025-03-11 11:12:24,098 - root - INFO - Next nodes for Monthly: ['Review AM using Asset Change Tracker (5.5.13.1)']
2025-03-11 11:12:24,099 - root - INFO - Scheduling direct next node Review AM using Asset Change Tracker (5.5.13.1)
2025-03-11 11:12:24,099 - root - INFO - Token Token-226 waiting for resource 'Tech' at 2025-03-14 10:59:12.536974
2025-03-11 11:12:24,099 - root - INFO - Token Token-227 started task 'Monthly' at 2025-03-14 11:04:13.442147, scheduled to end at 2025-03-14 11:04:13.442147 (processing time: 0.00 min)
2025-03-11 11:12:24,099 - root - INFO - Processing end event: Token Token-227 at node Monthly (Unknown)
2025-03-11 11:12:24,099 - root - INFO - Token Token-227 completed task 'Monthly' at 2025-03-14 11:04:13.442147.
2025-03-11 11:12:24,100 - root - INFO - Next nodes for Monthly: ['Review AM using Asset Change Tracker (5.5.13.1)']
2025-03-11 11:12:24,100 - root - INFO - Scheduling direct next node Review AM using Asset Change Tracker (5.5.13.1)
2025-03-11 11:12:24,100 - root - INFO - Token Token-227 waiting for resource 'Tech' at 2025-03-14 11:04:13.442147
2025-03-11 11:12:24,100 - root - INFO - Token Token-228 started task 'Monthly' at 2025-03-14 11:10:12.219897, scheduled to end at 2025-03-14 11:10:12.219897 (processing time: 0.00 min)
2025-03-11 11:12:24,100 - root - INFO - Processing end event: Token Token-228 at node Monthly (Unknown)
2025-03-11 11:12:24,101 - root - INFO - Token Token-228 completed task 'Monthly' at 2025-03-14 11:10:12.219897.
2025-03-11 11:12:24,101 - root - INFO - Next nodes for Monthly: ['Review AM using Asset Change Tracker (5.5.13.1)']
2025-03-11 11:12:24,101 - root - INFO - Scheduling direct next node Review AM using Asset Change Tracker (5.5.13.1)
2025-03-11 11:12:24,101 - root - INFO - Token Token-228 waiting for resource 'Tech' at 2025-03-14 11:10:12.219897
2025-03-11 11:12:24,102 - root - INFO - Token Token-229 started task 'Monthly' at 2025-03-14 11:16:35.536212, scheduled to end at 2025-03-14 11:16:35.536212 (processing time: 0.00 min)
2025-03-11 11:12:24,102 - root - INFO - Processing end event: Token Token-229 at node Monthly (Unknown)
2025-03-11 11:12:24,102 - root - INFO - Token Token-229 completed task 'Monthly' at 2025-03-14 11:16:35.536212.
2025-03-11 11:12:24,102 - root - INFO - Next nodes for Monthly: ['Review AM using Asset Change Tracker (5.5.13.1)']
2025-03-11 11:12:24,102 - root - INFO - Scheduling direct next node Review AM using Asset Change Tracker (5.5.13.1)
2025-03-11 11:12:24,103 - root - INFO - Token Token-229 waiting for resource 'Tech' at 2025-03-14 11:16:35.536212
2025-03-11 11:12:24,104 - root - INFO - Token Token-230 started task 'Monthly' at 2025-03-14 11:21:36.505845, scheduled to end at 2025-03-14 11:21:36.505845 (processing time: 0.00 min)
2025-03-11 11:12:24,104 - root - INFO - Processing end event: Token Token-230 at node Monthly (Unknown)
2025-03-11 11:12:24,104 - root - INFO - Token Token-230 completed task 'Monthly' at 2025-03-14 11:21:36.505845.
2025-03-11 11:12:24,104 - root - INFO - Next nodes for Monthly: ['Review AM using Asset Change Tracker (5.5.13.1)']
2025-03-11 11:12:24,105 - root - INFO - Scheduling direct next node Review AM using Asset Change Tracker (5.5.13.1)
2025-03-11 11:12:24,105 - root - INFO - Token Token-230 waiting for resource 'Tech' at 2025-03-14 11:21:36.505845
2025-03-11 11:12:24,105 - root - INFO - Token Token-231 started task 'Monthly' at 2025-03-14 11:26:08.201781, scheduled to end at 2025-03-14 11:26:08.201781 (processing time: 0.00 min)
2025-03-11 11:12:24,105 - root - INFO - Processing end event: Token Token-231 at node Monthly (Unknown)
2025-03-11 11:12:24,106 - root - INFO - Token Token-231 completed task 'Monthly' at 2025-03-14 11:26:08.201781.
2025-03-11 11:12:24,106 - root - INFO - Next nodes for Monthly: ['Review AM using Asset Change Tracker (5.5.13.1)']
2025-03-11 11:12:24,106 - root - INFO - Scheduling direct next node Review AM using Asset Change Tracker (5.5.13.1)
2025-03-11 11:12:24,119 - root - INFO - Token Token-231 waiting for resource 'Tech' at 2025-03-14 11:26:08.201781
2025-03-11 11:12:24,121 - root - INFO - Token Token-232 started task 'Monthly' at 2025-03-14 11:32:08.382510, scheduled to end at 2025-03-14 11:32:08.382510 (processing time: 0.00 min)
2025-03-11 11:12:24,121 - root - INFO - Processing end event: Token Token-232 at node Monthly (Unknown)
2025-03-11 11:12:24,122 - root - INFO - Token Token-232 completed task 'Monthly' at 2025-03-14 11:32:08.382510.
2025-03-11 11:12:24,122 - root - INFO - Next nodes for Monthly: ['Review AM using Asset Change Tracker (5.5.13.1)']
2025-03-11 11:12:24,123 - root - INFO - Scheduling direct next node Review AM using Asset Change Tracker (5.5.13.1)
2025-03-11 11:12:24,123 - root - INFO - Token Token-232 waiting for resource 'Tech' at 2025-03-14 11:32:08.382510
2025-03-11 11:12:24,124 - root - INFO - Token Token-233 started task 'Monthly' at 2025-03-14 11:38:00.734994, scheduled to end at 2025-03-14 11:38:00.734994 (processing time: 0.00 min)
2025-03-11 11:12:24,124 - root - INFO - Processing end event: Token Token-233 at node Monthly (Unknown)
2025-03-11 11:12:24,124 - root - INFO - Token Token-233 completed task 'Monthly' at 2025-03-14 11:38:00.734994.
2025-03-11 11:12:24,125 - root - INFO - Next nodes for Monthly: ['Review AM using Asset Change Tracker (5.5.13.1)']
2025-03-11 11:12:24,126 - root - INFO - Scheduling direct next node Review AM using Asset Change Tracker (5.5.13.1)
2025-03-11 11:12:24,127 - root - INFO - Token Token-233 waiting for resource 'Tech' at 2025-03-14 11:38:00.734994
2025-03-11 11:12:24,128 - root - INFO - Token Token-234 started task 'Monthly' at 2025-03-14 11:42:57.398010, scheduled to end at 2025-03-14 11:42:57.398010 (processing time: 0.00 min)
2025-03-11 11:12:24,128 - root - INFO - Processing end event: Token Token-234 at node Monthly (Unknown)
2025-03-11 11:12:24,129 - root - INFO - Token Token-234 completed task 'Monthly' at 2025-03-14 11:42:57.398010.
2025-03-11 11:12:24,131 - root - INFO - Next nodes for Monthly: ['Review AM using Asset Change Tracker (5.5.13.1)']
2025-03-11 11:12:24,131 - root - INFO - Scheduling direct next node Review AM using Asset Change Tracker (5.5.13.1)
2025-03-11 11:12:24,131 - root - INFO - Token Token-234 waiting for resource 'Tech' at 2025-03-14 11:42:57.398010
2025-03-11 11:12:24,131 - root - INFO - Token Token-235 started task 'Monthly' at 2025-03-14 11:47:18.633560, scheduled to end at 2025-03-14 11:47:18.633560 (processing time: 0.00 min)
2025-03-11 11:12:24,131 - root - INFO - Processing end event: Token Token-235 at node Monthly (Unknown)
2025-03-11 11:12:24,132 - root - INFO - Token Token-235 completed task 'Monthly' at 2025-03-14 11:47:18.633560.
2025-03-11 11:12:24,132 - root - INFO - Next nodes for Monthly: ['Review AM using Asset Change Tracker (5.5.13.1)']
2025-03-11 11:12:24,132 - root - INFO - Scheduling direct next node Review AM using Asset Change Tracker (5.5.13.1)
2025-03-11 11:12:24,133 - root - INFO - Token Token-235 waiting for resource 'Tech' at 2025-03-14 11:47:18.633560
2025-03-11 11:12:24,133 - root - INFO - Token Token-236 started task 'Monthly' at 2025-03-14 11:53:17.940719, scheduled to end at 2025-03-14 11:53:17.940719 (processing time: 0.00 min)
2025-03-11 11:12:24,134 - root - INFO - Processing end event: Token Token-236 at node Monthly (Unknown)
2025-03-11 11:12:24,135 - root - INFO - Token Token-236 completed task 'Monthly' at 2025-03-14 11:53:17.940719.
2025-03-11 11:12:24,136 - root - INFO - Next nodes for Monthly: ['Review AM using Asset Change Tracker (5.5.13.1)']
2025-03-11 11:12:24,136 - root - INFO - Scheduling direct next node Review AM using Asset Change Tracker (5.5.13.1)
2025-03-11 11:12:24,136 - root - INFO - Token Token-236 waiting for resource 'Tech' at 2025-03-14 11:53:17.940719
2025-03-11 11:12:24,137 - root - INFO - Token Token-237 started task 'Monthly' at 2025-03-14 11:59:37.500007, scheduled to end at 2025-03-14 11:59:37.500007 (processing time: 0.00 min)
2025-03-11 11:12:24,137 - root - INFO - Processing end event: Token Token-237 at node Monthly (Unknown)
2025-03-11 11:12:24,138 - root - INFO - Token Token-237 completed task 'Monthly' at 2025-03-14 11:59:37.500007.
2025-03-11 11:12:24,138 - root - INFO - Next nodes for Monthly: ['Review AM using Asset Change Tracker (5.5.13.1)']
2025-03-11 11:12:24,139 - root - INFO - Scheduling direct next node Review AM using Asset Change Tracker (5.5.13.1)
2025-03-11 11:12:24,141 - root - INFO - Token Token-237 waiting for resource 'Tech' at 2025-03-14 11:59:37.500007
2025-03-11 11:12:24,141 - root - INFO - Token Token-238 started task 'Monthly' at 2025-03-14 12:04:20.641035, scheduled to end at 2025-03-14 12:04:20.641035 (processing time: 0.00 min)
2025-03-11 11:12:24,142 - root - INFO - Processing end event: Token Token-238 at node Monthly (Unknown)
2025-03-11 11:12:24,142 - root - INFO - Token Token-238 completed task 'Monthly' at 2025-03-14 12:04:20.641035.
2025-03-11 11:12:24,143 - root - INFO - Next nodes for Monthly: ['Review AM using Asset Change Tracker (5.5.13.1)']
2025-03-11 11:12:24,143 - root - INFO - Scheduling direct next node Review AM using Asset Change Tracker (5.5.13.1)
2025-03-11 11:12:24,143 - root - INFO - Token Token-238 waiting for resource 'Tech' at 2025-03-14 12:04:20.641035
2025-03-11 11:12:24,144 - root - INFO - Token Token-239 started task 'Monthly' at 2025-03-14 12:09:45.983418, scheduled to end at 2025-03-14 12:09:45.983418 (processing time: 0.00 min)
2025-03-11 11:12:24,144 - root - INFO - Processing end event: Token Token-239 at node Monthly (Unknown)
2025-03-11 11:12:24,144 - root - INFO - Token Token-239 completed task 'Monthly' at 2025-03-14 12:09:45.983418.
2025-03-11 11:12:24,145 - root - INFO - Next nodes for Monthly: ['Review AM using Asset Change Tracker (5.5.13.1)']
2025-03-11 11:12:24,146 - root - INFO - Scheduling direct next node Review AM using Asset Change Tracker (5.5.13.1)
2025-03-11 11:12:24,146 - root - INFO - Token Token-239 waiting for resource 'Tech' at 2025-03-14 12:09:45.983418
2025-03-11 11:12:24,147 - root - INFO - Token Token-240 started task 'Monthly' at 2025-03-14 12:15:07.581637, scheduled to end at 2025-03-14 12:15:07.581637 (processing time: 0.00 min)
2025-03-11 11:12:24,163 - root - INFO - Processing end event: Token Token-240 at node Monthly (Unknown)
2025-03-11 11:12:24,163 - root - INFO - Token Token-240 completed task 'Monthly' at 2025-03-14 12:15:07.581637.
2025-03-11 11:12:24,171 - root - INFO - Next nodes for Monthly: ['Review AM using Asset Change Tracker (5.5.13.1)']
2025-03-11 11:12:24,173 - root - INFO - Scheduling direct next node Review AM using Asset Change Tracker (5.5.13.1)
2025-03-11 11:12:24,174 - root - INFO - Token Token-240 waiting for resource 'Tech' at 2025-03-14 12:15:07.581637
2025-03-11 11:12:24,175 - root - INFO - Token Token-241 started task 'Monthly' at 2025-03-14 12:19:21.163906, scheduled to end at 2025-03-14 12:19:21.163906 (processing time: 0.00 min)
2025-03-11 11:12:24,176 - root - INFO - Processing end event: Token Token-241 at node Monthly (Unknown)
2025-03-11 11:12:24,176 - root - INFO - Token Token-241 completed task 'Monthly' at 2025-03-14 12:19:21.163906.
2025-03-11 11:12:24,176 - root - INFO - Next nodes for Monthly: ['Review AM using Asset Change Tracker (5.5.13.1)']
2025-03-11 11:12:24,177 - root - INFO - Scheduling direct next node Review AM using Asset Change Tracker (5.5.13.1)
2025-03-11 11:12:24,177 - root - INFO - Token Token-241 waiting for resource 'Tech' at 2025-03-14 12:19:21.163906
2025-03-11 11:12:24,178 - root - INFO - Token Token-242 started task 'Monthly' at 2025-03-14 12:25:24.039152, scheduled to end at 2025-03-14 12:25:24.039152 (processing time: 0.00 min)
2025-03-11 11:12:24,178 - root - INFO - Processing end event: Token Token-242 at node Monthly (Unknown)
2025-03-11 11:12:24,178 - root - INFO - Token Token-242 completed task 'Monthly' at 2025-03-14 12:25:24.039152.
2025-03-11 11:12:24,179 - root - INFO - Next nodes for Monthly: ['Review AM using Asset Change Tracker (5.5.13.1)']
2025-03-11 11:12:24,179 - root - INFO - Scheduling direct next node Review AM using Asset Change Tracker (5.5.13.1)
2025-03-11 11:12:24,180 - root - INFO - Token Token-242 waiting for resource 'Tech' at 2025-03-14 12:25:24.039152
2025-03-11 11:12:24,181 - root - INFO - Token Token-243 started task 'Monthly' at 2025-03-14 12:31:45.419453, scheduled to end at 2025-03-14 12:31:45.419453 (processing time: 0.00 min)
2025-03-11 11:12:24,181 - root - INFO - Processing end event: Token Token-243 at node Monthly (Unknown)
2025-03-11 11:12:24,181 - root - INFO - Token Token-243 completed task 'Monthly' at 2025-03-14 12:31:45.419453.
2025-03-11 11:12:24,182 - root - INFO - Next nodes for Monthly: ['Review AM using Asset Change Tracker (5.5.13.1)']
2025-03-11 11:12:24,182 - root - INFO - Scheduling direct next node Review AM using Asset Change Tracker (5.5.13.1)
2025-03-11 11:12:24,183 - root - INFO - Token Token-243 waiting for resource 'Tech' at 2025-03-14 12:31:45.419453
2025-03-11 11:12:24,183 - root - INFO - Token Token-244 started task 'Monthly' at 2025-03-14 12:37:49.742204, scheduled to end at 2025-03-14 12:37:49.742204 (processing time: 0.00 min)
2025-03-11 11:12:24,183 - root - INFO - Processing end event: Token Token-244 at node Monthly (Unknown)
2025-03-11 11:12:24,184 - root - INFO - Token Token-244 completed task 'Monthly' at 2025-03-14 12:37:49.742204.
2025-03-11 11:12:24,185 - root - INFO - Next nodes for Monthly: ['Review AM using Asset Change Tracker (5.5.13.1)']
2025-03-11 11:12:24,185 - root - INFO - Scheduling direct next node Review AM using Asset Change Tracker (5.5.13.1)
2025-03-11 11:12:24,185 - root - INFO - Token Token-244 waiting for resource 'Tech' at 2025-03-14 12:37:49.742204
2025-03-11 11:12:24,186 - root - INFO - Token Token-245 started task 'Monthly' at 2025-03-14 12:42:43.923250, scheduled to end at 2025-03-14 12:42:43.923250 (processing time: 0.00 min)
2025-03-11 11:12:24,186 - root - INFO - Processing end event: Token Token-245 at node Monthly (Unknown)
2025-03-11 11:12:24,186 - root - INFO - Token Token-245 completed task 'Monthly' at 2025-03-14 12:42:43.923250.
2025-03-11 11:12:24,187 - root - INFO - Next nodes for Monthly: ['Review AM using Asset Change Tracker (5.5.13.1)']
2025-03-11 11:12:24,187 - root - INFO - Scheduling direct next node Review AM using Asset Change Tracker (5.5.13.1)
2025-03-11 11:12:24,187 - root - INFO - Token Token-245 waiting for resource 'Tech' at 2025-03-14 12:42:43.923250
2025-03-11 11:12:24,188 - root - INFO - Token Token-246 started task 'Monthly' at 2025-03-14 12:48:20.074082, scheduled to end at 2025-03-14 12:48:20.074082 (processing time: 0.00 min)
2025-03-11 11:12:24,188 - root - INFO - Processing end event: Token Token-246 at node Monthly (Unknown)
2025-03-11 11:12:24,189 - root - INFO - Token Token-246 completed task 'Monthly' at 2025-03-14 12:48:20.074082.
2025-03-11 11:12:24,189 - root - INFO - Next nodes for Monthly: ['Review AM using Asset Change Tracker (5.5.13.1)']
2025-03-11 11:12:24,190 - root - INFO - Scheduling direct next node Review AM using Asset Change Tracker (5.5.13.1)
2025-03-11 11:12:24,190 - root - INFO - Token Token-246 waiting for resource 'Tech' at 2025-03-14 12:48:20.074082
2025-03-11 11:12:24,190 - root - INFO - Token Token-247 started task 'Monthly' at 2025-03-14 12:54:40.965077, scheduled to end at 2025-03-14 12:54:40.965077 (processing time: 0.00 min)
2025-03-11 11:12:24,191 - root - INFO - Processing end event: Token Token-247 at node Monthly (Unknown)
2025-03-11 11:12:24,191 - root - INFO - Token Token-247 completed task 'Monthly' at 2025-03-14 12:54:40.965077.
2025-03-11 11:12:24,192 - root - INFO - Next nodes for Monthly: ['Review AM using Asset Change Tracker (5.5.13.1)']
2025-03-11 11:12:24,192 - root - INFO - Scheduling direct next node Review AM using Asset Change Tracker (5.5.13.1)
2025-03-11 11:12:24,192 - root - INFO - Token Token-247 waiting for resource 'Tech' at 2025-03-14 12:54:40.965077
2025-03-11 11:12:24,193 - root - INFO - Token Token-248 started task 'Monthly' at 2025-03-14 13:01:07.381924, scheduled to end at 2025-03-14 13:01:07.381924 (processing time: 0.00 min)
2025-03-11 11:12:24,194 - root - INFO - Processing end event: Token Token-248 at node Monthly (Unknown)
2025-03-11 11:12:24,194 - root - INFO - Token Token-248 completed task 'Monthly' at 2025-03-14 13:01:07.381924.
2025-03-11 11:12:24,195 - root - INFO - Next nodes for Monthly: ['Review AM using Asset Change Tracker (5.5.13.1)']
2025-03-11 11:12:24,202 - root - INFO - Scheduling direct next node Review AM using Asset Change Tracker (5.5.13.1)
2025-03-11 11:12:24,202 - root - INFO - Token Token-248 waiting for resource 'Tech' at 2025-03-14 13:01:07.381924
2025-03-11 11:12:24,205 - root - INFO - Token Token-249 started task 'Monthly' at 2025-03-14 13:06:47.922030, scheduled to end at 2025-03-14 13:06:47.922030 (processing time: 0.00 min)
2025-03-11 11:12:24,205 - root - INFO - Processing end event: Token Token-249 at node Monthly (Unknown)
2025-03-11 11:12:24,205 - root - INFO - Token Token-249 completed task 'Monthly' at 2025-03-14 13:06:47.922030.
2025-03-11 11:12:24,206 - root - INFO - Next nodes for Monthly: ['Review AM using Asset Change Tracker (5.5.13.1)']
2025-03-11 11:12:24,206 - root - INFO - Scheduling direct next node Review AM using Asset Change Tracker (5.5.13.1)
2025-03-11 11:12:24,207 - root - INFO - Token Token-249 waiting for resource 'Tech' at 2025-03-14 13:06:47.922030
2025-03-11 11:12:24,207 - root - INFO - Token Token-250 started task 'Monthly' at 2025-03-14 13:13:02.833312, scheduled to end at 2025-03-14 13:13:02.833312 (processing time: 0.00 min)
2025-03-11 11:12:24,208 - root - INFO - Processing end event: Token Token-250 at node Monthly (Unknown)
2025-03-11 11:12:24,208 - root - INFO - Token Token-250 completed task 'Monthly' at 2025-03-14 13:13:02.833312.
2025-03-11 11:12:24,209 - root - INFO - Next nodes for Monthly: ['Review AM using Asset Change Tracker (5.5.13.1)']
2025-03-11 11:12:24,209 - root - INFO - Scheduling direct next node Review AM using Asset Change Tracker (5.5.13.1)
2025-03-11 11:12:24,209 - root - INFO - Token Token-250 waiting for resource 'Tech' at 2025-03-14 13:13:02.833312
2025-03-11 11:12:24,211 - root - INFO - Token Token-251 started task 'Monthly' at 2025-03-14 13:18:04.103412, scheduled to end at 2025-03-14 13:18:04.103412 (processing time: 0.00 min)
2025-03-11 11:12:24,211 - root - INFO - Processing end event: Token Token-251 at node Monthly (Unknown)
2025-03-11 11:12:24,211 - root - INFO - Token Token-251 completed task 'Monthly' at 2025-03-14 13:18:04.103412.
2025-03-11 11:12:24,212 - root - INFO - Next nodes for Monthly: ['Review AM using Asset Change Tracker (5.5.13.1)']
2025-03-11 11:12:24,213 - root - INFO - Scheduling direct next node Review AM using Asset Change Tracker (5.5.13.1)
2025-03-11 11:12:24,213 - root - INFO - Token Token-251 waiting for resource 'Tech' at 2025-03-14 13:18:04.103412
2025-03-11 11:12:24,213 - root - INFO - Token Token-252 started task 'Monthly' at 2025-03-14 13:22:41.444730, scheduled to end at 2025-03-14 13:22:41.444730 (processing time: 0.00 min)
2025-03-11 11:12:24,214 - root - INFO - Processing end event: Token Token-252 at node Monthly (Unknown)
2025-03-11 11:12:24,214 - root - INFO - Token Token-252 completed task 'Monthly' at 2025-03-14 13:22:41.444730.
2025-03-11 11:12:24,215 - root - INFO - Next nodes for Monthly: ['Review AM using Asset Change Tracker (5.5.13.1)']
2025-03-11 11:12:24,215 - root - INFO - Scheduling direct next node Review AM using Asset Change Tracker (5.5.13.1)
2025-03-11 11:12:24,215 - root - INFO - Token Token-252 waiting for resource 'Tech' at 2025-03-14 13:22:41.444730
2025-03-11 11:12:24,216 - root - INFO - Token Token-253 started task 'Monthly' at 2025-03-14 13:28:02.142680, scheduled to end at 2025-03-14 13:28:02.142680 (processing time: 0.00 min)
2025-03-11 11:12:24,216 - root - INFO - Processing end event: Token Token-253 at node Monthly (Unknown)
2025-03-11 11:12:24,217 - root - INFO - Token Token-253 completed task 'Monthly' at 2025-03-14 13:28:02.142680.
2025-03-11 11:12:24,217 - root - INFO - Next nodes for Monthly: ['Review AM using Asset Change Tracker (5.5.13.1)']
2025-03-11 11:12:24,217 - root - INFO - Scheduling direct next node Review AM using Asset Change Tracker (5.5.13.1)
2025-03-11 11:12:24,218 - root - INFO - Processing: 0/454 tokens completed (0.0%) - Events: 762 - Current sim time: 2025-03-14 13:28:02.142680
2025-03-11 11:12:24,220 - root - INFO - Token Token-253 waiting for resource 'Tech' at 2025-03-14 13:28:02.142680
2025-03-11 11:12:24,220 - root - INFO - Token Token-254 started task 'Monthly' at 2025-03-14 13:33:06.170940, scheduled to end at 2025-03-14 13:33:06.170940 (processing time: 0.00 min)
2025-03-11 11:12:24,221 - root - INFO - Processing end event: Token Token-254 at node Monthly (Unknown)
2025-03-11 11:12:24,222 - root - INFO - Token Token-254 completed task 'Monthly' at 2025-03-14 13:33:06.170940.
2025-03-11 11:12:24,222 - root - INFO - Next nodes for Monthly: ['Review AM using Asset Change Tracker (5.5.13.1)']
2025-03-11 11:12:24,223 - root - INFO - Scheduling direct next node Review AM using Asset Change Tracker (5.5.13.1)
2025-03-11 11:12:24,223 - root - INFO - Token Token-254 waiting for resource 'Tech' at 2025-03-14 13:33:06.170940
2025-03-11 11:12:24,223 - root - INFO - Token Token-255 started task 'Monthly' at 2025-03-14 13:39:07.510021, scheduled to end at 2025-03-14 13:39:07.510021 (processing time: 0.00 min)
2025-03-11 11:12:24,224 - root - INFO - Processing end event: Token Token-255 at node Monthly (Unknown)
2025-03-11 11:12:24,224 - root - INFO - Token Token-255 completed task 'Monthly' at 2025-03-14 13:39:07.510021.
2025-03-11 11:12:24,224 - root - INFO - Next nodes for Monthly: ['Review AM using Asset Change Tracker (5.5.13.1)']
2025-03-11 11:12:24,225 - root - INFO - Scheduling direct next node Review AM using Asset Change Tracker (5.5.13.1)
2025-03-11 11:12:24,225 - root - INFO - Token Token-255 waiting for resource 'Tech' at 2025-03-14 13:39:07.510021
2025-03-11 11:12:24,226 - root - INFO - Token Token-256 started task 'Monthly' at 2025-03-14 13:44:20.409415, scheduled to end at 2025-03-14 13:44:20.409415 (processing time: 0.00 min)
2025-03-11 11:12:24,227 - root - INFO - Processing end event: Token Token-256 at node Monthly (Unknown)
2025-03-11 11:12:24,227 - root - INFO - Token Token-256 completed task 'Monthly' at 2025-03-14 13:44:20.409415.
2025-03-11 11:12:24,227 - root - INFO - Next nodes for Monthly: ['Review AM using Asset Change Tracker (5.5.13.1)']
2025-03-11 11:12:24,228 - root - INFO - Scheduling direct next node Review AM using Asset Change Tracker (5.5.13.1)
2025-03-11 11:12:24,228 - root - INFO - Token Token-256 waiting for resource 'Tech' at 2025-03-14 13:44:20.409415
2025-03-11 11:12:24,228 - root - INFO - Token Token-257 started task 'Monthly' at 2025-03-14 13:50:12.498923, scheduled to end at 2025-03-14 13:50:12.498923 (processing time: 0.00 min)
2025-03-11 11:12:24,229 - root - INFO - Processing end event: Token Token-257 at node Monthly (Unknown)
2025-03-11 11:12:24,229 - root - INFO - Token Token-257 completed task 'Monthly' at 2025-03-14 13:50:12.498923.
2025-03-11 11:12:24,230 - root - INFO - Next nodes for Monthly: ['Review AM using Asset Change Tracker (5.5.13.1)']
2025-03-11 11:12:24,230 - root - INFO - Scheduling direct next node Review AM using Asset Change Tracker (5.5.13.1)
2025-03-11 11:12:24,230 - root - INFO - Token Token-257 waiting for resource 'Tech' at 2025-03-14 13:50:12.498923
2025-03-11 11:12:24,231 - root - INFO - Token Token-258 started task 'Monthly' at 2025-03-14 13:56:21.049664, scheduled to end at 2025-03-14 13:56:21.049664 (processing time: 0.00 min)
2025-03-11 11:12:24,232 - root - INFO - Processing end event: Token Token-258 at node Monthly (Unknown)
2025-03-11 11:12:24,233 - root - INFO - Token Token-258 completed task 'Monthly' at 2025-03-14 13:56:21.049664.
2025-03-11 11:12:24,233 - root - INFO - Next nodes for Monthly: ['Review AM using Asset Change Tracker (5.5.13.1)']
2025-03-11 11:12:24,234 - root - INFO - Scheduling direct next node Review AM using Asset Change Tracker (5.5.13.1)
2025-03-11 11:12:24,234 - root - INFO - Token Token-258 waiting for resource 'Tech' at 2025-03-14 13:56:21.049664
2025-03-11 11:12:24,234 - root - INFO - Token Token-259 started task 'Monthly' at 2025-03-17 08:00:00, scheduled to end at 2025-03-17 08:00:00 (processing time: 0.00 min)
2025-03-11 11:12:24,235 - root - INFO - Processing end event: Token Token-259 at node Monthly (Unknown)
2025-03-11 11:12:24,235 - root - INFO - Token Token-259 completed task 'Monthly' at 2025-03-17 08:00:00.
2025-03-11 11:12:24,235 - root - INFO - Next nodes for Monthly: ['Review AM using Asset Change Tracker (5.5.13.1)']
2025-03-11 11:12:24,236 - root - INFO - Scheduling direct next node Review AM using Asset Change Tracker (5.5.13.1)
2025-03-11 11:12:24,236 - root - INFO - Token Token-259 waiting for resource 'Tech' at 2025-03-17 08:00:00
2025-03-11 11:12:24,236 - root - INFO - Token Token-260 started task 'Monthly' at 2025-03-17 08:05:39.954889, scheduled to end at 2025-03-17 08:05:39.954889 (processing time: 0.00 min)
2025-03-11 11:12:24,237 - root - INFO - Processing end event: Token Token-260 at node Monthly (Unknown)
2025-03-11 11:12:24,237 - root - INFO - Token Token-260 completed task 'Monthly' at 2025-03-17 08:05:39.954889.
2025-03-11 11:12:24,238 - root - INFO - Next nodes for Monthly: ['Review AM using Asset Change Tracker (5.5.13.1)']
2025-03-11 11:12:24,239 - root - INFO - Scheduling direct next node Review AM using Asset Change Tracker (5.5.13.1)
2025-03-11 11:12:24,240 - root - INFO - Token Token-260 waiting for resource 'Tech' at 2025-03-17 08:05:39.954889
2025-03-11 11:12:24,256 - root - INFO - Token Token-261 started task 'Monthly' at 2025-03-17 08:11:35.946607, scheduled to end at 2025-03-17 08:11:35.946607 (processing time: 0.00 min)
2025-03-11 11:12:24,263 - root - INFO - Processing end event: Token Token-261 at node Monthly (Unknown)
2025-03-11 11:12:24,267 - root - INFO - Token Token-261 completed task 'Monthly' at 2025-03-17 08:11:35.946607.
2025-03-11 11:12:24,268 - root - INFO - Next nodes for Monthly: ['Review AM using Asset Change Tracker (5.5.13.1)']
2025-03-11 11:12:24,268 - root - INFO - Scheduling direct next node Review AM using Asset Change Tracker (5.5.13.1)
2025-03-11 11:12:24,269 - root - INFO - Token Token-261 waiting for resource 'Tech' at 2025-03-17 08:11:35.946607
2025-03-11 11:12:24,269 - root - INFO - Token Token-262 started task 'Monthly' at 2025-03-17 08:16:06.224539, scheduled to end at 2025-03-17 08:16:06.224539 (processing time: 0.00 min)
2025-03-11 11:12:24,270 - root - INFO - Processing end event: Token Token-262 at node Monthly (Unknown)
2025-03-11 11:12:24,270 - root - INFO - Token Token-262 completed task 'Monthly' at 2025-03-17 08:16:06.224539.
2025-03-11 11:12:24,271 - root - INFO - Next nodes for Monthly: ['Review AM using Asset Change Tracker (5.5.13.1)']
2025-03-11 11:12:24,272 - root - INFO - Scheduling direct next node Review AM using Asset Change Tracker (5.5.13.1)
2025-03-11 11:12:24,272 - root - INFO - Token Token-262 waiting for resource 'Tech' at 2025-03-17 08:16:06.224539
2025-03-11 11:12:24,273 - root - INFO - Token Token-263 started task 'Monthly' at 2025-03-17 08:21:24.241174, scheduled to end at 2025-03-17 08:21:24.241174 (processing time: 0.00 min)
2025-03-11 11:12:24,273 - root - INFO - Processing end event: Token Token-263 at node Monthly (Unknown)
2025-03-11 11:12:24,274 - root - INFO - Token Token-263 completed task 'Monthly' at 2025-03-17 08:21:24.241174.
2025-03-11 11:12:24,274 - root - INFO - Next nodes for Monthly: ['Review AM using Asset Change Tracker (5.5.13.1)']
2025-03-11 11:12:24,274 - root - INFO - Scheduling direct next node Review AM using Asset Change Tracker (5.5.13.1)
2025-03-11 11:12:24,275 - root - INFO - Token Token-263 waiting for resource 'Tech' at 2025-03-17 08:21:24.241174
2025-03-11 11:12:24,275 - root - INFO - Token Token-264 started task 'Monthly' at 2025-03-17 08:27:25.739479, scheduled to end at 2025-03-17 08:27:25.739479 (processing time: 0.00 min)
2025-03-11 11:12:24,275 - root - INFO - Processing end event: Token Token-264 at node Monthly (Unknown)
2025-03-11 11:12:24,276 - root - INFO - Token Token-264 completed task 'Monthly' at 2025-03-17 08:27:25.739479.
2025-03-11 11:12:24,276 - root - INFO - Next nodes for Monthly: ['Review AM using Asset Change Tracker (5.5.13.1)']
2025-03-11 11:12:24,277 - root - INFO - Scheduling direct next node Review AM using Asset Change Tracker (5.5.13.1)
2025-03-11 11:12:24,277 - root - INFO - Token Token-264 waiting for resource 'Tech' at 2025-03-17 08:27:25.739479
2025-03-11 11:12:24,277 - root - INFO - Token Token-265 started task 'Monthly' at 2025-03-17 08:32:20.966438, scheduled to end at 2025-03-17 08:32:20.966438 (processing time: 0.00 min)
2025-03-11 11:12:24,278 - root - INFO - Processing end event: Token Token-265 at node Monthly (Unknown)
2025-03-11 11:12:24,278 - root - INFO - Token Token-265 completed task 'Monthly' at 2025-03-17 08:32:20.966438.
2025-03-11 11:12:24,279 - root - INFO - Next nodes for Monthly: ['Review AM using Asset Change Tracker (5.5.13.1)']
2025-03-11 11:12:24,280 - root - INFO - Scheduling direct next node Review AM using Asset Change Tracker (5.5.13.1)
2025-03-11 11:12:24,280 - root - INFO - Token Token-265 waiting for resource 'Tech' at 2025-03-17 08:32:20.966438
2025-03-11 11:12:24,280 - root - INFO - Token Token-266 started task 'Monthly' at 2025-03-17 08:37:45.015168, scheduled to end at 2025-03-17 08:37:45.015168 (processing time: 0.00 min)
2025-03-11 11:12:24,281 - root - INFO - Processing end event: Token Token-266 at node Monthly (Unknown)
2025-03-11 11:12:24,282 - root - INFO - Token Token-266 completed task 'Monthly' at 2025-03-17 08:37:45.015168.
2025-03-11 11:12:24,282 - root - INFO - Next nodes for Monthly: ['Review AM using Asset Change Tracker (5.5.13.1)']
2025-03-11 11:12:24,282 - root - INFO - Scheduling direct next node Review AM using Asset Change Tracker (5.5.13.1)
2025-03-11 11:12:24,283 - root - INFO - Token Token-266 waiting for resource 'Tech' at 2025-03-17 08:37:45.015168
2025-03-11 11:12:24,304 - root - INFO - Token Token-267 started task 'Monthly' at 2025-03-17 08:44:09.264760, scheduled to end at 2025-03-17 08:44:09.264760 (processing time: 0.00 min)
2025-03-11 11:12:24,304 - root - INFO - Processing end event: Token Token-267 at node Monthly (Unknown)
2025-03-11 11:12:24,304 - root - INFO - Token Token-267 completed task 'Monthly' at 2025-03-17 08:44:09.264760.
2025-03-11 11:12:24,305 - root - INFO - Next nodes for Monthly: ['Review AM using Asset Change Tracker (5.5.13.1)']
2025-03-11 11:12:24,305 - root - INFO - Scheduling direct next node Review AM using Asset Change Tracker (5.5.13.1)
2025-03-11 11:12:24,306 - root - INFO - Token Token-267 waiting for resource 'Tech' at 2025-03-17 08:44:09.264760
2025-03-11 11:12:24,306 - root - INFO - Token Token-268 started task 'Monthly' at 2025-03-17 08:48:28.539573, scheduled to end at 2025-03-17 08:48:28.539573 (processing time: 0.00 min)
2025-03-11 11:12:24,307 - root - INFO - Processing end event: Token Token-268 at node Monthly (Unknown)
2025-03-11 11:12:24,307 - root - INFO - Token Token-268 completed task 'Monthly' at 2025-03-17 08:48:28.539573.
2025-03-11 11:12:24,307 - root - INFO - Next nodes for Monthly: ['Review AM using Asset Change Tracker (5.5.13.1)']
2025-03-11 11:12:24,308 - root - INFO - Scheduling direct next node Review AM using Asset Change Tracker (5.5.13.1)
2025-03-11 11:12:24,308 - root - INFO - Token Token-268 waiting for resource 'Tech' at 2025-03-17 08:48:28.539573
2025-03-11 11:12:24,309 - root - INFO - Token Token-269 started task 'Monthly' at 2025-03-17 08:54:38.758077, scheduled to end at 2025-03-17 08:54:38.758077 (processing time: 0.00 min)
2025-03-11 11:12:24,309 - root - INFO - Processing end event: Token Token-269 at node Monthly (Unknown)
2025-03-11 11:12:24,310 - root - INFO - Token Token-269 completed task 'Monthly' at 2025-03-17 08:54:38.758077.
2025-03-11 11:12:24,310 - root - INFO - Next nodes for Monthly: ['Review AM using Asset Change Tracker (5.5.13.1)']
2025-03-11 11:12:24,311 - root - INFO - Scheduling direct next node Review AM using Asset Change Tracker (5.5.13.1)
2025-03-11 11:12:24,312 - root - INFO - Token Token-269 waiting for resource 'Tech' at 2025-03-17 08:54:38.758077
2025-03-11 11:12:24,312 - root - INFO - Token Token-270 started task 'Monthly' at 2025-03-17 09:00:09.393477, scheduled to end at 2025-03-17 09:00:09.393477 (processing time: 0.00 min)
2025-03-11 11:12:24,313 - root - INFO - Processing end event: Token Token-270 at node Monthly (Unknown)
2025-03-11 11:12:24,313 - root - INFO - Token Token-270 completed task 'Monthly' at 2025-03-17 09:00:09.393477.
2025-03-11 11:12:24,313 - root - INFO - Next nodes for Monthly: ['Review AM using Asset Change Tracker (5.5.13.1)']
2025-03-11 11:12:24,314 - root - INFO - Scheduling direct next node Review AM using Asset Change Tracker (5.5.13.1)
2025-03-11 11:12:24,314 - root - INFO - Token Token-270 waiting for resource 'Tech' at 2025-03-17 09:00:09.393477
2025-03-11 11:12:24,314 - root - INFO - Token Token-271 started task 'Monthly' at 2025-03-17 09:06:31.425368, scheduled to end at 2025-03-17 09:06:31.425368 (processing time: 0.00 min)
2025-03-11 11:12:24,315 - root - INFO - Processing end event: Token Token-271 at node Monthly (Unknown)
2025-03-11 11:12:24,315 - root - INFO - Token Token-271 completed task 'Monthly' at 2025-03-17 09:06:31.425368.
2025-03-11 11:12:24,316 - root - INFO - Next nodes for Monthly: ['Review AM using Asset Change Tracker (5.5.13.1)']
2025-03-11 11:12:24,316 - root - INFO - Scheduling direct next node Review AM using Asset Change Tracker (5.5.13.1)
2025-03-11 11:12:24,316 - root - INFO - Token Token-271 waiting for resource 'Tech' at 2025-03-17 09:06:31.425368
2025-03-11 11:12:24,317 - root - INFO - Token Token-272 started task 'Monthly' at 2025-03-17 09:11:15.841284, scheduled to end at 2025-03-17 09:11:15.841284 (processing time: 0.00 min)
2025-03-11 11:12:24,317 - root - INFO - Processing end event: Token Token-272 at node Monthly (Unknown)
2025-03-11 11:12:24,317 - root - INFO - Token Token-272 completed task 'Monthly' at 2025-03-17 09:11:15.841284.
2025-03-11 11:12:24,318 - root - INFO - Next nodes for Monthly: ['Review AM using Asset Change Tracker (5.5.13.1)']
2025-03-11 11:12:24,318 - root - INFO - Scheduling direct next node Review AM using Asset Change Tracker (5.5.13.1)
2025-03-11 11:12:24,319 - root - INFO - Token Token-272 waiting for resource 'Tech' at 2025-03-17 09:11:15.841284
2025-03-11 11:12:24,321 - root - INFO - Token Token-273 started task 'Monthly' at 2025-03-17 09:16:19.983142, scheduled to end at 2025-03-17 09:16:19.983142 (processing time: 0.00 min)
2025-03-11 11:12:24,321 - root - INFO - Processing end event: Token Token-273 at node Monthly (Unknown)
2025-03-11 11:12:24,322 - root - INFO - Token Token-273 completed task 'Monthly' at 2025-03-17 09:16:19.983142.
2025-03-11 11:12:24,322 - root - INFO - Next nodes for Monthly: ['Review AM using Asset Change Tracker (5.5.13.1)']
2025-03-11 11:12:24,322 - root - INFO - Scheduling direct next node Review AM using Asset Change Tracker (5.5.13.1)
2025-03-11 11:12:24,323 - root - INFO - Token Token-273 waiting for resource 'Tech' at 2025-03-17 09:16:19.983142
2025-03-11 11:12:24,323 - root - INFO - Token Token-274 started task 'Monthly' at 2025-03-17 09:22:16.483622, scheduled to end at 2025-03-17 09:22:16.483622 (processing time: 0.00 min)
2025-03-11 11:12:24,324 - root - INFO - Processing end event: Token Token-274 at node Monthly (Unknown)
2025-03-11 11:12:24,324 - root - INFO - Token Token-274 completed task 'Monthly' at 2025-03-17 09:22:16.483622.
2025-03-11 11:12:24,324 - root - INFO - Next nodes for Monthly: ['Review AM using Asset Change Tracker (5.5.13.1)']
2025-03-11 11:12:24,324 - root - INFO - Scheduling direct next node Review AM using Asset Change Tracker (5.5.13.1)
2025-03-11 11:12:24,325 - root - INFO - Token Token-274 waiting for resource 'Tech' at 2025-03-17 09:22:16.483622
2025-03-11 11:12:24,325 - root - INFO - Token Token-275 started task 'Monthly' at 2025-03-17 09:28:20.854125, scheduled to end at 2025-03-17 09:28:20.854125 (processing time: 0.00 min)
2025-03-11 11:12:24,326 - root - INFO - Processing end event: Token Token-275 at node Monthly (Unknown)
2025-03-11 11:12:24,326 - root - INFO - Token Token-275 completed task 'Monthly' at 2025-03-17 09:28:20.854125.
2025-03-11 11:12:24,326 - root - INFO - Next nodes for Monthly: ['Review AM using Asset Change Tracker (5.5.13.1)']
2025-03-11 11:12:24,327 - root - INFO - Scheduling direct next node Review AM using Asset Change Tracker (5.5.13.1)
2025-03-11 11:12:24,327 - root - INFO - Token Token-275 waiting for resource 'Tech' at 2025-03-17 09:28:20.854125
2025-03-11 11:12:24,327 - root - INFO - Token Token-276 started task 'Monthly' at 2025-03-17 09:34:07.545827, scheduled to end at 2025-03-17 09:34:07.545827 (processing time: 0.00 min)
2025-03-11 11:12:24,328 - root - INFO - Processing end event: Token Token-276 at node Monthly (Unknown)
2025-03-11 11:12:24,328 - root - INFO - Token Token-276 completed task 'Monthly' at 2025-03-17 09:34:07.545827.
2025-03-11 11:12:24,328 - root - INFO - Next nodes for Monthly: ['Review AM using Asset Change Tracker (5.5.13.1)']
2025-03-11 11:12:24,329 - root - INFO - Scheduling direct next node Review AM using Asset Change Tracker (5.5.13.1)
2025-03-11 11:12:24,330 - root - INFO - Token Token-276 waiting for resource 'Tech' at 2025-03-17 09:34:07.545827
2025-03-11 11:12:24,331 - root - INFO - Token Token-277 started task 'Monthly' at 2025-03-17 09:39:12.691966, scheduled to end at 2025-03-17 09:39:12.691966 (processing time: 0.00 min)
2025-03-11 11:12:24,331 - root - INFO - Processing end event: Token Token-277 at node Monthly (Unknown)
2025-03-11 11:12:24,339 - root - INFO - Token Token-277 completed task 'Monthly' at 2025-03-17 09:39:12.691966.
2025-03-11 11:12:24,341 - root - INFO - Next nodes for Monthly: ['Review AM using Asset Change Tracker (5.5.13.1)']
2025-03-11 11:12:24,341 - root - INFO - Scheduling direct next node Review AM using Asset Change Tracker (5.5.13.1)
2025-03-11 11:12:24,342 - root - INFO - Token Token-277 waiting for resource 'Tech' at 2025-03-17 09:39:12.691966
2025-03-11 11:12:24,342 - root - INFO - Token Token-278 started task 'Monthly' at 2025-03-17 09:45:22.678023, scheduled to end at 2025-03-17 09:45:22.678023 (processing time: 0.00 min)
2025-03-11 11:12:24,343 - root - INFO - Processing end event: Token Token-278 at node Monthly (Unknown)
2025-03-11 11:12:24,343 - root - INFO - Token Token-278 completed task 'Monthly' at 2025-03-17 09:45:22.678023.
2025-03-11 11:12:24,343 - root - INFO - Next nodes for Monthly: ['Review AM using Asset Change Tracker (5.5.13.1)']
2025-03-11 11:12:24,344 - root - INFO - Scheduling direct next node Review AM using Asset Change Tracker (5.5.13.1)
2025-03-11 11:12:24,344 - root - INFO - Token Token-278 waiting for resource 'Tech' at 2025-03-17 09:45:22.678023
2025-03-11 11:12:24,345 - root - INFO - Token Token-279 started task 'Monthly' at 2025-03-17 09:50:13.896621, scheduled to end at 2025-03-17 09:50:13.896621 (processing time: 0.00 min)
2025-03-11 11:12:24,345 - root - INFO - Processing end event: Token Token-279 at node Monthly (Unknown)
2025-03-11 11:12:24,345 - root - INFO - Token Token-279 completed task 'Monthly' at 2025-03-17 09:50:13.896621.
2025-03-11 11:12:24,346 - root - INFO - Next nodes for Monthly: ['Review AM using Asset Change Tracker (5.5.13.1)']
2025-03-11 11:12:24,346 - root - INFO - Scheduling direct next node Review AM using Asset Change Tracker (5.5.13.1)
2025-03-11 11:12:24,346 - root - INFO - Token Token-279 waiting for resource 'Tech' at 2025-03-17 09:50:13.896621
2025-03-11 11:12:24,347 - root - INFO - Token Token-280 started task 'Monthly' at 2025-03-17 09:56:07.043943, scheduled to end at 2025-03-17 09:56:07.043943 (processing time: 0.00 min)
2025-03-11 11:12:24,347 - root - INFO - Processing end event: Token Token-280 at node Monthly (Unknown)
2025-03-11 11:12:24,348 - root - INFO - Token Token-280 completed task 'Monthly' at 2025-03-17 09:56:07.043943.
2025-03-11 11:12:24,348 - root - INFO - Next nodes for Monthly: ['Review AM using Asset Change Tracker (5.5.13.1)']
2025-03-11 11:12:24,348 - root - INFO - Scheduling direct next node Review AM using Asset Change Tracker (5.5.13.1)
2025-03-11 11:12:24,349 - root - INFO - Token Token-280 waiting for resource 'Tech' at 2025-03-17 09:56:07.043943
2025-03-11 11:12:24,349 - root - INFO - Token Token-281 started task 'Monthly' at 2025-03-17 10:02:17.228294, scheduled to end at 2025-03-17 10:02:17.228294 (processing time: 0.00 min)
2025-03-11 11:12:24,350 - root - INFO - Processing end event: Token Token-281 at node Monthly (Unknown)
2025-03-11 11:12:24,351 - root - INFO - Token Token-281 completed task 'Monthly' at 2025-03-17 10:02:17.228294.
2025-03-11 11:12:24,351 - root - INFO - Next nodes for Monthly: ['Review AM using Asset Change Tracker (5.5.13.1)']
2025-03-11 11:12:24,352 - root - INFO - Scheduling direct next node Review AM using Asset Change Tracker (5.5.13.1)
2025-03-11 11:12:24,352 - root - INFO - Token Token-281 waiting for resource 'Tech' at 2025-03-17 10:02:17.228294
2025-03-11 11:12:24,353 - root - INFO - Token Token-282 started task 'Monthly' at 2025-03-17 10:08:33.507486, scheduled to end at 2025-03-17 10:08:33.507486 (processing time: 0.00 min)
2025-03-11 11:12:24,353 - root - INFO - Processing end event: Token Token-282 at node Monthly (Unknown)
2025-03-11 11:12:24,354 - root - INFO - Token Token-282 completed task 'Monthly' at 2025-03-17 10:08:33.507486.
2025-03-11 11:12:24,354 - root - INFO - Next nodes for Monthly: ['Review AM using Asset Change Tracker (5.5.13.1)']
2025-03-11 11:12:24,354 - root - INFO - Scheduling direct next node Review AM using Asset Change Tracker (5.5.13.1)
2025-03-11 11:12:24,355 - root - INFO - Token Token-282 waiting for resource 'Tech' at 2025-03-17 10:08:33.507486
2025-03-11 11:12:24,355 - root - INFO - Token Token-283 started task 'Monthly' at 2025-03-17 10:14:56.491712, scheduled to end at 2025-03-17 10:14:56.491712 (processing time: 0.00 min)
2025-03-11 11:12:24,356 - root - INFO - Processing end event: Token Token-283 at node Monthly (Unknown)
2025-03-11 11:12:24,356 - root - INFO - Token Token-283 completed task 'Monthly' at 2025-03-17 10:14:56.491712.
2025-03-11 11:12:24,356 - root - INFO - Next nodes for Monthly: ['Review AM using Asset Change Tracker (5.5.13.1)']
2025-03-11 11:12:24,357 - root - INFO - Scheduling direct next node Review AM using Asset Change Tracker (5.5.13.1)
2025-03-11 11:12:24,357 - root - INFO - Token Token-283 waiting for resource 'Tech' at 2025-03-17 10:14:56.491712
2025-03-11 11:12:24,358 - root - INFO - Token Token-284 started task 'Monthly' at 2025-03-17 10:20:51.799527, scheduled to end at 2025-03-17 10:20:51.799527 (processing time: 0.00 min)
2025-03-11 11:12:24,358 - root - INFO - Processing end event: Token Token-284 at node Monthly (Unknown)
2025-03-11 11:12:24,358 - root - INFO - Token Token-284 completed task 'Monthly' at 2025-03-17 10:20:51.799527.
2025-03-11 11:12:24,359 - root - INFO - Next nodes for Monthly: ['Review AM using Asset Change Tracker (5.5.13.1)']
2025-03-11 11:12:24,359 - root - INFO - Scheduling direct next node Review AM using Asset Change Tracker (5.5.13.1)
2025-03-11 11:12:24,360 - root - INFO - Token Token-284 waiting for resource 'Tech' at 2025-03-17 10:20:51.799527
2025-03-11 11:12:24,360 - root - INFO - Token Token-285 started task 'Monthly' at 2025-03-17 10:27:16.227574, scheduled to end at 2025-03-17 10:27:16.227574 (processing time: 0.00 min)
2025-03-11 11:12:24,360 - root - INFO - Processing end event: Token Token-285 at node Monthly (Unknown)
2025-03-11 11:12:24,361 - root - INFO - Token Token-285 completed task 'Monthly' at 2025-03-17 10:27:16.227574.
2025-03-11 11:12:24,361 - root - INFO - Next nodes for Monthly: ['Review AM using Asset Change Tracker (5.5.13.1)']
2025-03-11 11:12:24,362 - root - INFO - Scheduling direct next node Review AM using Asset Change Tracker (5.5.13.1)
2025-03-11 11:12:24,362 - root - INFO - Token Token-285 waiting for resource 'Tech' at 2025-03-17 10:27:16.227574
2025-03-11 11:12:24,363 - root - INFO - Token Token-286 started task 'Monthly' at 2025-03-17 10:32:50.809318, scheduled to end at 2025-03-17 10:32:50.809318 (processing time: 0.00 min)
2025-03-11 11:12:24,364 - root - INFO - Processing end event: Token Token-286 at node Monthly (Unknown)
2025-03-11 11:12:24,364 - root - INFO - Token Token-286 completed task 'Monthly' at 2025-03-17 10:32:50.809318.
2025-03-11 11:12:24,365 - root - INFO - Next nodes for Monthly: ['Review AM using Asset Change Tracker (5.5.13.1)']
2025-03-11 11:12:24,365 - root - INFO - Scheduling direct next node Review AM using Asset Change Tracker (5.5.13.1)
2025-03-11 11:12:24,366 - root - INFO - Token Token-286 waiting for resource 'Tech' at 2025-03-17 10:32:50.809318
2025-03-11 11:12:24,366 - root - INFO - Token Token-287 started task 'Monthly' at 2025-03-17 10:37:49.686838, scheduled to end at 2025-03-17 10:37:49.686838 (processing time: 0.00 min)
2025-03-11 11:12:24,366 - root - INFO - Processing end event: Token Token-287 at node Monthly (Unknown)
2025-03-11 11:12:24,367 - root - INFO - Token Token-287 completed task 'Monthly' at 2025-03-17 10:37:49.686838.
2025-03-11 11:12:24,367 - root - INFO - Next nodes for Monthly: ['Review AM using Asset Change Tracker (5.5.13.1)']
2025-03-11 11:12:24,368 - root - INFO - Scheduling direct next node Review AM using Asset Change Tracker (5.5.13.1)
2025-03-11 11:12:24,368 - root - INFO - Token Token-287 waiting for resource 'Tech' at 2025-03-17 10:37:49.686838
2025-03-11 11:12:24,368 - root - INFO - Token Token-288 started task 'Monthly' at 2025-03-17 10:42:29.528616, scheduled to end at 2025-03-17 10:42:29.528616 (processing time: 0.00 min)
2025-03-11 11:12:24,369 - root - INFO - Processing end event: Token Token-288 at node Monthly (Unknown)
2025-03-11 11:12:24,369 - root - INFO - Token Token-288 completed task 'Monthly' at 2025-03-17 10:42:29.528616.
2025-03-11 11:12:24,370 - root - INFO - Next nodes for Monthly: ['Review AM using Asset Change Tracker (5.5.13.1)']
2025-03-11 11:12:24,371 - root - INFO - Scheduling direct next node Review AM using Asset Change Tracker (5.5.13.1)
2025-03-11 11:12:24,371 - root - INFO - Token Token-288 waiting for resource 'Tech' at 2025-03-17 10:42:29.528616
2025-03-11 11:12:24,372 - root - INFO - Token Token-289 started task 'Monthly' at 2025-03-17 10:48:23.744514, scheduled to end at 2025-03-17 10:48:23.744514 (processing time: 0.00 min)
2025-03-11 11:12:24,372 - root - INFO - Processing end event: Token Token-289 at node Monthly (Unknown)
2025-03-11 11:12:24,373 - root - INFO - Token Token-289 completed task 'Monthly' at 2025-03-17 10:48:23.744514.
2025-03-11 11:12:24,373 - root - INFO - Next nodes for Monthly: ['Review AM using Asset Change Tracker (5.5.13.1)']
2025-03-11 11:12:24,373 - root - INFO - Scheduling direct next node Review AM using Asset Change Tracker (5.5.13.1)
2025-03-11 11:12:24,374 - root - INFO - Token Token-289 waiting for resource 'Tech' at 2025-03-17 10:48:23.744514
2025-03-11 11:12:24,375 - root - INFO - Token Token-290 started task 'Monthly' at 2025-03-17 10:54:21.974407, scheduled to end at 2025-03-17 10:54:21.974407 (processing time: 0.00 min)
2025-03-11 11:12:24,376 - root - INFO - Processing end event: Token Token-290 at node Monthly (Unknown)
2025-03-11 11:12:24,376 - root - INFO - Token Token-290 completed task 'Monthly' at 2025-03-17 10:54:21.974407.
2025-03-11 11:12:24,394 - root - INFO - Next nodes for Monthly: ['Review AM using Asset Change Tracker (5.5.13.1)']
2025-03-11 11:12:24,394 - root - INFO - Scheduling direct next node Review AM using Asset Change Tracker (5.5.13.1)
2025-03-11 11:12:24,395 - root - INFO - Token Token-290 waiting for resource 'Tech' at 2025-03-17 10:54:21.974407
2025-03-11 11:12:24,395 - root - INFO - Token Token-291 started task 'Monthly' at 2025-03-17 10:59:58.781495, scheduled to end at 2025-03-17 10:59:58.781495 (processing time: 0.00 min)
2025-03-11 11:12:24,396 - root - INFO - Processing end event: Token Token-291 at node Monthly (Unknown)
2025-03-11 11:12:24,396 - root - INFO - Token Token-291 completed task 'Monthly' at 2025-03-17 10:59:58.781495.
2025-03-11 11:12:24,396 - root - INFO - Next nodes for Monthly: ['Review AM using Asset Change Tracker (5.5.13.1)']
2025-03-11 11:12:24,397 - root - INFO - Scheduling direct next node Review AM using Asset Change Tracker (5.5.13.1)
2025-03-11 11:12:24,397 - root - INFO - Token Token-291 waiting for resource 'Tech' at 2025-03-17 10:59:58.781495
2025-03-11 11:12:24,397 - root - INFO - Token Token-292 started task 'Monthly' at 2025-03-17 11:06:13.045147, scheduled to end at 2025-03-17 11:06:13.045147 (processing time: 0.00 min)
2025-03-11 11:12:24,398 - root - INFO - Processing end event: Token Token-292 at node Monthly (Unknown)
2025-03-11 11:12:24,398 - root - INFO - Token Token-292 completed task 'Monthly' at 2025-03-17 11:06:13.045147.
2025-03-11 11:12:24,399 - root - INFO - Next nodes for Monthly: ['Review AM using Asset Change Tracker (5.5.13.1)']
2025-03-11 11:12:24,399 - root - INFO - Scheduling direct next node Review AM using Asset Change Tracker (5.5.13.1)
2025-03-11 11:12:24,399 - root - INFO - Token Token-292 waiting for resource 'Tech' at 2025-03-17 11:06:13.045147
2025-03-11 11:12:24,400 - root - INFO - Token Token-293 started task 'Monthly' at 2025-03-17 11:12:36.051023, scheduled to end at 2025-03-17 11:12:36.051023 (processing time: 0.00 min)
2025-03-11 11:12:24,400 - root - INFO - Processing end event: Token Token-293 at node Monthly (Unknown)
2025-03-11 11:12:24,401 - root - INFO - Token Token-293 completed task 'Monthly' at 2025-03-17 11:12:36.051023.
2025-03-11 11:12:24,401 - root - INFO - Next nodes for Monthly: ['Review AM using Asset Change Tracker (5.5.13.1)']
2025-03-11 11:12:24,401 - root - INFO - Scheduling direct next node Review AM using Asset Change Tracker (5.5.13.1)
2025-03-11 11:12:24,401 - root - INFO - Token Token-293 waiting for resource 'Tech' at 2025-03-17 11:12:36.051023
2025-03-11 11:12:24,403 - root - INFO - Token Token-294 started task 'Monthly' at 2025-03-17 11:17:47.135336, scheduled to end at 2025-03-17 11:17:47.135336 (processing time: 0.00 min)
2025-03-11 11:12:24,404 - root - INFO - Processing end event: Token Token-294 at node Monthly (Unknown)
2025-03-11 11:12:24,404 - root - INFO - Token Token-294 completed task 'Monthly' at 2025-03-17 11:17:47.135336.
2025-03-11 11:12:24,404 - root - INFO - Next nodes for Monthly: ['Review AM using Asset Change Tracker (5.5.13.1)']
2025-03-11 11:12:24,405 - root - INFO - Scheduling direct next node Review AM using Asset Change Tracker (5.5.13.1)
2025-03-11 11:12:24,405 - root - INFO - Token Token-294 waiting for resource 'Tech' at 2025-03-17 11:17:47.135336
2025-03-11 11:12:24,405 - root - INFO - Token Token-295 started task 'Monthly' at 2025-03-17 11:23:36.591195, scheduled to end at 2025-03-17 11:23:36.591195 (processing time: 0.00 min)
2025-03-11 11:12:24,406 - root - INFO - Processing end event: Token Token-295 at node Monthly (Unknown)
2025-03-11 11:12:24,406 - root - INFO - Token Token-295 completed task 'Monthly' at 2025-03-17 11:23:36.591195.
2025-03-11 11:12:24,406 - root - INFO - Next nodes for Monthly: ['Review AM using Asset Change Tracker (5.5.13.1)']
2025-03-11 11:12:24,407 - root - INFO - Scheduling direct next node Review AM using Asset Change Tracker (5.5.13.1)
2025-03-11 11:12:24,407 - root - INFO - Token Token-295 waiting for resource 'Tech' at 2025-03-17 11:23:36.591195
2025-03-11 11:12:24,408 - root - INFO - Token Token-296 started task 'Monthly' at 2025-03-17 11:29:38.590423, scheduled to end at 2025-03-17 11:29:38.590423 (processing time: 0.00 min)
2025-03-11 11:12:24,408 - root - INFO - Processing end event: Token Token-296 at node Monthly (Unknown)
2025-03-11 11:12:24,408 - root - INFO - Token Token-296 completed task 'Monthly' at 2025-03-17 11:29:38.590423.
2025-03-11 11:12:24,409 - root - INFO - Next nodes for Monthly: ['Review AM using Asset Change Tracker (5.5.13.1)']
2025-03-11 11:12:24,409 - root - INFO - Scheduling direct next node Review AM using Asset Change Tracker (5.5.13.1)
2025-03-11 11:12:24,410 - root - INFO - Token Token-296 waiting for resource 'Tech' at 2025-03-17 11:29:38.590423
2025-03-11 11:12:24,410 - root - INFO - Token Token-297 started task 'Monthly' at 2025-03-17 11:35:12.722794, scheduled to end at 2025-03-17 11:35:12.722794 (processing time: 0.00 min)
2025-03-11 11:12:24,412 - root - INFO - Processing end event: Token Token-297 at node Monthly (Unknown)
2025-03-11 11:12:24,412 - root - INFO - Token Token-297 completed task 'Monthly' at 2025-03-17 11:35:12.722794.
2025-03-11 11:12:24,413 - root - INFO - Next nodes for Monthly: ['Review AM using Asset Change Tracker (5.5.13.1)']
2025-03-11 11:12:24,413 - root - INFO - Scheduling direct next node Review AM using Asset Change Tracker (5.5.13.1)
2025-03-11 11:12:24,413 - root - INFO - Token Token-297 waiting for resource 'Tech' at 2025-03-17 11:35:12.722794
2025-03-11 11:12:24,414 - root - INFO - Token Token-298 started task 'Monthly' at 2025-03-17 11:41:30.113141, scheduled to end at 2025-03-17 11:41:30.113141 (processing time: 0.00 min)
2025-03-11 11:12:24,414 - root - INFO - Processing end event: Token Token-298 at node Monthly (Unknown)
2025-03-11 11:12:24,414 - root - INFO - Token Token-298 completed task 'Monthly' at 2025-03-17 11:41:30.113141.
2025-03-11 11:12:24,415 - root - INFO - Next nodes for Monthly: ['Review AM using Asset Change Tracker (5.5.13.1)']
2025-03-11 11:12:24,415 - root - INFO - Scheduling direct next node Review AM using Asset Change Tracker (5.5.13.1)
2025-03-11 11:12:24,416 - root - INFO - Token Token-298 waiting for resource 'Tech' at 2025-03-17 11:41:30.113141
2025-03-11 11:12:24,416 - root - INFO - Token Token-299 started task 'Monthly' at 2025-03-17 11:47:20.076557, scheduled to end at 2025-03-17 11:47:20.076557 (processing time: 0.00 min)
2025-03-11 11:12:24,416 - root - INFO - Processing end event: Token Token-299 at node Monthly (Unknown)
2025-03-11 11:12:24,417 - root - INFO - Token Token-299 completed task 'Monthly' at 2025-03-17 11:47:20.076557.
2025-03-11 11:12:24,417 - root - INFO - Next nodes for Monthly: ['Review AM using Asset Change Tracker (5.5.13.1)']
2025-03-11 11:12:24,418 - root - INFO - Scheduling direct next node Review AM using Asset Change Tracker (5.5.13.1)
2025-03-11 11:12:24,418 - root - INFO - Token Token-299 waiting for resource 'Tech' at 2025-03-17 11:47:20.076557
2025-03-11 11:12:24,418 - root - INFO - Token Token-300 started task 'Monthly' at 2025-03-17 11:53:07.931817, scheduled to end at 2025-03-17 11:53:07.931817 (processing time: 0.00 min)
2025-03-11 11:12:24,419 - root - INFO - Processing end event: Token Token-300 at node Monthly (Unknown)
2025-03-11 11:12:24,419 - root - INFO - Token Token-300 completed task 'Monthly' at 2025-03-17 11:53:07.931817.
2025-03-11 11:12:24,419 - root - INFO - Next nodes for Monthly: ['Review AM using Asset Change Tracker (5.5.13.1)']
2025-03-11 11:12:24,420 - root - INFO - Scheduling direct next node Review AM using Asset Change Tracker (5.5.13.1)
2025-03-11 11:12:24,420 - root - INFO - Token Token-300 waiting for resource 'Tech' at 2025-03-17 11:53:07.931817
2025-03-11 11:12:24,421 - root - INFO - Token Token-301 started task 'Monthly' at 2025-03-17 11:58:47.570461, scheduled to end at 2025-03-17 11:58:47.570461 (processing time: 0.00 min)
2025-03-11 11:12:24,421 - root - INFO - Processing end event: Token Token-301 at node Monthly (Unknown)
2025-03-11 11:12:24,422 - root - INFO - Token Token-301 completed task 'Monthly' at 2025-03-17 11:58:47.570461.
2025-03-11 11:12:24,422 - root - INFO - Next nodes for Monthly: ['Review AM using Asset Change Tracker (5.5.13.1)']
2025-03-11 11:12:24,422 - root - INFO - Scheduling direct next node Review AM using Asset Change Tracker (5.5.13.1)
2025-03-11 11:12:24,423 - root - INFO - Token Token-301 waiting for resource 'Tech' at 2025-03-17 11:58:47.570461
2025-03-11 11:12:24,423 - root - INFO - Token Token-302 started task 'Monthly' at 2025-03-17 12:04:13.377881, scheduled to end at 2025-03-17 12:04:13.377881 (processing time: 0.00 min)
2025-03-11 11:12:24,424 - root - INFO - Processing end event: Token Token-302 at node Monthly (Unknown)
2025-03-11 11:12:24,424 - root - INFO - Token Token-302 completed task 'Monthly' at 2025-03-17 12:04:13.377881.
2025-03-11 11:12:24,424 - root - INFO - Next nodes for Monthly: ['Review AM using Asset Change Tracker (5.5.13.1)']
2025-03-11 11:12:24,450 - root - INFO - Scheduling direct next node Review AM using Asset Change Tracker (5.5.13.1)
2025-03-11 11:12:24,451 - root - INFO - Token Token-302 waiting for resource 'Tech' at 2025-03-17 12:04:13.377881
2025-03-11 11:12:24,451 - root - INFO - Token Token-303 started task 'Monthly' at 2025-03-17 12:10:08.841277, scheduled to end at 2025-03-17 12:10:08.841277 (processing time: 0.00 min)
2025-03-11 11:12:24,452 - root - INFO - Processing end event: Token Token-303 at node Monthly (Unknown)
2025-03-11 11:12:24,454 - root - INFO - Token Token-303 completed task 'Monthly' at 2025-03-17 12:10:08.841277.
2025-03-11 11:12:24,454 - root - INFO - Next nodes for Monthly: ['Review AM using Asset Change Tracker (5.5.13.1)']
2025-03-11 11:12:24,455 - root - INFO - Scheduling direct next node Review AM using Asset Change Tracker (5.5.13.1)
2025-03-11 11:12:24,455 - root - INFO - Token Token-303 waiting for resource 'Tech' at 2025-03-17 12:10:08.841277
2025-03-11 11:12:24,455 - root - INFO - Token Token-304 started task 'Monthly' at 2025-03-17 12:16:10.447868, scheduled to end at 2025-03-17 12:16:10.447868 (processing time: 0.00 min)
2025-03-11 11:12:24,456 - root - INFO - Processing end event: Token Token-304 at node Monthly (Unknown)
2025-03-11 11:12:24,456 - root - INFO - Token Token-304 completed task 'Monthly' at 2025-03-17 12:16:10.447868.
2025-03-11 11:12:24,457 - root - INFO - Next nodes for Monthly: ['Review AM using Asset Change Tracker (5.5.13.1)']
2025-03-11 11:12:24,457 - root - INFO - Scheduling direct next node Review AM using Asset Change Tracker (5.5.13.1)
2025-03-11 11:12:24,457 - root - INFO - Token Token-304 waiting for resource 'Tech' at 2025-03-17 12:16:10.447868
2025-03-11 11:12:24,458 - root - INFO - Token Token-305 started task 'Monthly' at 2025-03-17 12:20:57.111386, scheduled to end at 2025-03-17 12:20:57.111386 (processing time: 0.00 min)
2025-03-11 11:12:24,458 - root - INFO - Processing end event: Token Token-305 at node Monthly (Unknown)
2025-03-11 11:12:24,459 - root - INFO - Token Token-305 completed task 'Monthly' at 2025-03-17 12:20:57.111386.
2025-03-11 11:12:24,459 - root - INFO - Next nodes for Monthly: ['Review AM using Asset Change Tracker (5.5.13.1)']
2025-03-11 11:12:24,459 - root - INFO - Scheduling direct next node Review AM using Asset Change Tracker (5.5.13.1)
2025-03-11 11:12:24,460 - root - INFO - Token Token-305 waiting for resource 'Tech' at 2025-03-17 12:20:57.111386
2025-03-11 11:12:24,460 - root - INFO - Token Token-306 started task 'Monthly' at 2025-03-17 12:27:14.437880, scheduled to end at 2025-03-17 12:27:14.437880 (processing time: 0.00 min)
2025-03-11 11:12:24,461 - root - INFO - Processing end event: Token Token-306 at node Monthly (Unknown)
2025-03-11 11:12:24,461 - root - INFO - Token Token-306 completed task 'Monthly' at 2025-03-17 12:27:14.437880.
2025-03-11 11:12:24,461 - root - INFO - Next nodes for Monthly: ['Review AM using Asset Change Tracker (5.5.13.1)']
2025-03-11 11:12:24,462 - root - INFO - Scheduling direct next node Review AM using Asset Change Tracker (5.5.13.1)
2025-03-11 11:12:24,462 - root - INFO - Token Token-306 waiting for resource 'Tech' at 2025-03-17 12:27:14.437880
2025-03-11 11:12:24,463 - root - INFO - Token Token-307 started task 'Monthly' at 2025-03-17 12:32:08.889236, scheduled to end at 2025-03-17 12:32:08.889236 (processing time: 0.00 min)
2025-03-11 11:12:24,463 - root - INFO - Processing end event: Token Token-307 at node Monthly (Unknown)
2025-03-11 11:12:24,463 - root - INFO - Token Token-307 completed task 'Monthly' at 2025-03-17 12:32:08.889236.
2025-03-11 11:12:24,464 - root - INFO - Next nodes for Monthly: ['Review AM using Asset Change Tracker (5.5.13.1)']
2025-03-11 11:12:24,464 - root - INFO - Scheduling direct next node Review AM using Asset Change Tracker (5.5.13.1)
2025-03-11 11:12:24,465 - root - INFO - Token Token-307 waiting for resource 'Tech' at 2025-03-17 12:32:08.889236
2025-03-11 11:12:24,465 - root - INFO - Token Token-308 started task 'Monthly' at 2025-03-17 12:38:15.271590, scheduled to end at 2025-03-17 12:38:15.271590 (processing time: 0.00 min)
2025-03-11 11:12:24,465 - root - INFO - Processing end event: Token Token-308 at node Monthly (Unknown)
2025-03-11 11:12:24,467 - root - INFO - Token Token-308 completed task 'Monthly' at 2025-03-17 12:38:15.271590.
2025-03-11 11:12:24,467 - root - INFO - Next nodes for Monthly: ['Review AM using Asset Change Tracker (5.5.13.1)']
2025-03-11 11:12:24,467 - root - INFO - Scheduling direct next node Review AM using Asset Change Tracker (5.5.13.1)
2025-03-11 11:12:24,467 - root - INFO - Token Token-308 waiting for resource 'Tech' at 2025-03-17 12:38:15.271590
2025-03-11 11:12:24,467 - root - INFO - Token Token-309 started task 'Monthly' at 2025-03-17 12:44:13.345995, scheduled to end at 2025-03-17 12:44:13.345995 (processing time: 0.00 min)
2025-03-11 11:12:24,468 - root - INFO - Processing end event: Token Token-309 at node Monthly (Unknown)
2025-03-11 11:12:24,468 - root - INFO - Token Token-309 completed task 'Monthly' at 2025-03-17 12:44:13.345995.
2025-03-11 11:12:24,468 - root - INFO - Next nodes for Monthly: ['Review AM using Asset Change Tracker (5.5.13.1)']
2025-03-11 11:12:24,469 - root - INFO - Scheduling direct next node Review AM using Asset Change Tracker (5.5.13.1)
2025-03-11 11:12:24,469 - root - INFO - Token Token-309 waiting for resource 'Tech' at 2025-03-17 12:44:13.345995
2025-03-11 11:12:24,469 - root - INFO - Token Token-310 started task 'Monthly' at 2025-03-17 12:49:02.652826, scheduled to end at 2025-03-17 12:49:02.652826 (processing time: 0.00 min)
2025-03-11 11:12:24,470 - root - INFO - Processing end event: Token Token-310 at node Monthly (Unknown)
2025-03-11 11:12:24,470 - root - INFO - Token Token-310 completed task 'Monthly' at 2025-03-17 12:49:02.652826.
2025-03-11 11:12:24,470 - root - INFO - Next nodes for Monthly: ['Review AM using Asset Change Tracker (5.5.13.1)']
2025-03-11 11:12:24,470 - root - INFO - Scheduling direct next node Review AM using Asset Change Tracker (5.5.13.1)
2025-03-11 11:12:24,470 - root - INFO - Token Token-310 waiting for resource 'Tech' at 2025-03-17 12:49:02.652826
2025-03-11 11:12:24,470 - root - INFO - Token Token-311 started task 'Monthly' at 2025-03-17 12:55:24.409478, scheduled to end at 2025-03-17 12:55:24.409478 (processing time: 0.00 min)
2025-03-11 11:12:24,470 - root - INFO - Processing end event: Token Token-311 at node Monthly (Unknown)
2025-03-11 11:12:24,470 - root - INFO - Token Token-311 completed task 'Monthly' at 2025-03-17 12:55:24.409478.
2025-03-11 11:12:24,470 - root - INFO - Next nodes for Monthly: ['Review AM using Asset Change Tracker (5.5.13.1)']
2025-03-11 11:12:24,470 - root - INFO - Scheduling direct next node Review AM using Asset Change Tracker (5.5.13.1)
2025-03-11 11:12:24,470 - root - INFO - Token Token-311 waiting for resource 'Tech' at 2025-03-17 12:55:24.409478
2025-03-11 11:12:24,470 - root - INFO - Token Token-312 started task 'Monthly' at 2025-03-17 13:01:38.663045, scheduled to end at 2025-03-17 13:01:38.663045 (processing time: 0.00 min)
2025-03-11 11:12:24,470 - root - INFO - Processing end event: Token Token-312 at node Monthly (Unknown)
2025-03-11 11:12:24,474 - root - INFO - Token Token-312 completed task 'Monthly' at 2025-03-17 13:01:38.663045.
2025-03-11 11:12:24,474 - root - INFO - Next nodes for Monthly: ['Review AM using Asset Change Tracker (5.5.13.1)']
2025-03-11 11:12:24,474 - root - INFO - Scheduling direct next node Review AM using Asset Change Tracker (5.5.13.1)
2025-03-11 11:12:24,474 - root - INFO - Token Token-312 waiting for resource 'Tech' at 2025-03-17 13:01:38.663045
2025-03-11 11:12:24,474 - root - INFO - Token Token-313 started task 'Monthly' at 2025-03-17 13:06:33.704434, scheduled to end at 2025-03-17 13:06:33.704434 (processing time: 0.00 min)
2025-03-11 11:12:24,475 - root - INFO - Processing end event: Token Token-313 at node Monthly (Unknown)
2025-03-11 11:12:24,475 - root - INFO - Token Token-313 completed task 'Monthly' at 2025-03-17 13:06:33.704434.
2025-03-11 11:12:24,475 - root - INFO - Next nodes for Monthly: ['Review AM using Asset Change Tracker (5.5.13.1)']
2025-03-11 11:12:24,475 - root - INFO - Scheduling direct next node Review AM using Asset Change Tracker (5.5.13.1)
2025-03-11 11:12:24,475 - root - INFO - Token Token-313 waiting for resource 'Tech' at 2025-03-17 13:06:33.704434
2025-03-11 11:12:24,476 - root - INFO - Token Token-314 started task 'Monthly' at 2025-03-17 13:11:55.514162, scheduled to end at 2025-03-17 13:11:55.514162 (processing time: 0.00 min)
2025-03-11 11:12:24,476 - root - INFO - Processing end event: Token Token-314 at node Monthly (Unknown)
2025-03-11 11:12:24,477 - root - INFO - Token Token-314 completed task 'Monthly' at 2025-03-17 13:11:55.514162.
2025-03-11 11:12:24,477 - root - INFO - Next nodes for Monthly: ['Review AM using Asset Change Tracker (5.5.13.1)']
2025-03-11 11:12:24,477 - root - INFO - Scheduling direct next node Review AM using Asset Change Tracker (5.5.13.1)
2025-03-11 11:12:24,477 - root - INFO - Token Token-314 waiting for resource 'Tech' at 2025-03-17 13:11:55.514162
2025-03-11 11:12:24,477 - root - INFO - Token Token-315 started task 'Monthly' at 2025-03-17 13:17:29.338643, scheduled to end at 2025-03-17 13:17:29.338643 (processing time: 0.00 min)
2025-03-11 11:12:24,477 - root - INFO - Processing end event: Token Token-315 at node Monthly (Unknown)
2025-03-11 11:12:24,477 - root - INFO - Token Token-315 completed task 'Monthly' at 2025-03-17 13:17:29.338643.
2025-03-11 11:12:24,477 - root - INFO - Next nodes for Monthly: ['Review AM using Asset Change Tracker (5.5.13.1)']
2025-03-11 11:12:24,479 - root - INFO - Scheduling direct next node Review AM using Asset Change Tracker (5.5.13.1)
2025-03-11 11:12:24,479 - root - INFO - Token Token-315 waiting for resource 'Tech' at 2025-03-17 13:17:29.338643
2025-03-11 11:12:24,479 - root - INFO - Token Token-316 started task 'Monthly' at 2025-03-17 13:23:41.021712, scheduled to end at 2025-03-17 13:23:41.021712 (processing time: 0.00 min)
2025-03-11 11:12:24,479 - root - INFO - Processing end event: Token Token-316 at node Monthly (Unknown)
2025-03-11 11:12:24,479 - root - INFO - Token Token-316 completed task 'Monthly' at 2025-03-17 13:23:41.021712.
2025-03-11 11:12:24,479 - root - INFO - Next nodes for Monthly: ['Review AM using Asset Change Tracker (5.5.13.1)']
2025-03-11 11:12:24,480 - root - INFO - Scheduling direct next node Review AM using Asset Change Tracker (5.5.13.1)
2025-03-11 11:12:24,480 - root - INFO - Token Token-316 waiting for resource 'Tech' at 2025-03-17 13:23:41.021712
2025-03-11 11:12:24,480 - root - INFO - Token Token-317 started task 'Monthly' at 2025-03-17 13:28:03.184090, scheduled to end at 2025-03-17 13:28:03.184090 (processing time: 0.00 min)
2025-03-11 11:12:24,481 - root - INFO - Processing end event: Token Token-317 at node Monthly (Unknown)
2025-03-11 11:12:24,481 - root - INFO - Token Token-317 completed task 'Monthly' at 2025-03-17 13:28:03.184090.
2025-03-11 11:12:24,483 - root - INFO - Next nodes for Monthly: ['Review AM using Asset Change Tracker (5.5.13.1)']
2025-03-11 11:12:24,483 - root - INFO - Scheduling direct next node Review AM using Asset Change Tracker (5.5.13.1)
2025-03-11 11:12:24,483 - root - INFO - Token Token-317 waiting for resource 'Tech' at 2025-03-17 13:28:03.184090
2025-03-11 11:12:24,483 - root - INFO - Token Token-318 started task 'Monthly' at 2025-03-17 13:34:23.110317, scheduled to end at 2025-03-17 13:34:23.110317 (processing time: 0.00 min)
2025-03-11 11:12:24,484 - root - INFO - Processing end event: Token Token-318 at node Monthly (Unknown)
2025-03-11 11:12:24,484 - root - INFO - Token Token-318 completed task 'Monthly' at 2025-03-17 13:34:23.110317.
2025-03-11 11:12:24,484 - root - INFO - Next nodes for Monthly: ['Review AM using Asset Change Tracker (5.5.13.1)']
2025-03-11 11:12:24,485 - root - INFO - Scheduling direct next node Review AM using Asset Change Tracker (5.5.13.1)
2025-03-11 11:12:24,485 - root - INFO - Token Token-318 waiting for resource 'Tech' at 2025-03-17 13:34:23.110317
2025-03-11 11:12:24,486 - root - INFO - Token Token-319 started task 'Monthly' at 2025-03-17 13:40:39.245702, scheduled to end at 2025-03-17 13:40:39.245702 (processing time: 0.00 min)
2025-03-11 11:12:24,486 - root - INFO - Processing end event: Token Token-319 at node Monthly (Unknown)
2025-03-11 11:12:24,487 - root - INFO - Token Token-319 completed task 'Monthly' at 2025-03-17 13:40:39.245702.
2025-03-11 11:12:24,489 - root - INFO - Next nodes for Monthly: ['Review AM using Asset Change Tracker (5.5.13.1)']
2025-03-11 11:12:24,490 - root - INFO - Scheduling direct next node Review AM using Asset Change Tracker (5.5.13.1)
2025-03-11 11:12:24,511 - root - INFO - Token Token-319 waiting for resource 'Tech' at 2025-03-17 13:40:39.245702
2025-03-11 11:12:24,512 - root - INFO - Token Token-320 started task 'Monthly' at 2025-03-17 13:47:00.687644, scheduled to end at 2025-03-17 13:47:00.687644 (processing time: 0.00 min)
2025-03-11 11:12:24,512 - root - INFO - Processing end event: Token Token-320 at node Monthly (Unknown)
2025-03-11 11:12:24,513 - root - INFO - Token Token-320 completed task 'Monthly' at 2025-03-17 13:47:00.687644.
2025-03-11 11:12:24,513 - root - INFO - Next nodes for Monthly: ['Review AM using Asset Change Tracker (5.5.13.1)']
2025-03-11 11:12:24,514 - root - INFO - Scheduling direct next node Review AM using Asset Change Tracker (5.5.13.1)
2025-03-11 11:12:24,514 - root - INFO - Token Token-320 waiting for resource 'Tech' at 2025-03-17 13:47:00.687644
2025-03-11 11:12:24,515 - root - INFO - Token Token-321 started task 'Monthly' at 2025-03-17 13:53:15.065107, scheduled to end at 2025-03-17 13:53:15.065107 (processing time: 0.00 min)
2025-03-11 11:12:24,515 - root - INFO - Processing end event: Token Token-321 at node Monthly (Unknown)
2025-03-11 11:12:24,515 - root - INFO - Token Token-321 completed task 'Monthly' at 2025-03-17 13:53:15.065107.
2025-03-11 11:12:24,515 - root - INFO - Next nodes for Monthly: ['Review AM using Asset Change Tracker (5.5.13.1)']
2025-03-11 11:12:24,516 - root - INFO - Scheduling direct next node Review AM using Asset Change Tracker (5.5.13.1)
2025-03-11 11:12:24,516 - root - INFO - Token Token-321 waiting for resource 'Tech' at 2025-03-17 13:53:15.065107
2025-03-11 11:12:24,516 - root - INFO - Token Token-322 started task 'Monthly' at 2025-03-17 13:57:46.323910, scheduled to end at 2025-03-17 13:57:46.323910 (processing time: 0.00 min)
2025-03-11 11:12:24,516 - root - INFO - Processing end event: Token Token-322 at node Monthly (Unknown)
2025-03-11 11:12:24,516 - root - INFO - Token Token-322 completed task 'Monthly' at 2025-03-17 13:57:46.323910.
2025-03-11 11:12:24,516 - root - INFO - Next nodes for Monthly: ['Review AM using Asset Change Tracker (5.5.13.1)']
2025-03-11 11:12:24,516 - root - INFO - Scheduling direct next node Review AM using Asset Change Tracker (5.5.13.1)
2025-03-11 11:12:24,516 - root - INFO - Token Token-322 waiting for resource 'Tech' at 2025-03-17 13:57:46.323910
2025-03-11 11:12:24,516 - root - INFO - Token Token-323 started task 'Monthly' at 2025-03-18 08:00:00, scheduled to end at 2025-03-18 08:00:00 (processing time: 0.00 min)
2025-03-11 11:12:24,516 - root - INFO - Processing end event: Token Token-323 at node Monthly (Unknown)
2025-03-11 11:12:24,516 - root - INFO - Token Token-323 completed task 'Monthly' at 2025-03-18 08:00:00.
2025-03-11 11:12:24,516 - root - INFO - Next nodes for Monthly: ['Review AM using Asset Change Tracker (5.5.13.1)']
2025-03-11 11:12:24,516 - root - INFO - Scheduling direct next node Review AM using Asset Change Tracker (5.5.13.1)
2025-03-11 11:12:24,516 - root - INFO - Token Token-323 waiting for resource 'Tech' at 2025-03-18 08:00:00
2025-03-11 11:12:24,516 - root - INFO - Token Token-324 started task 'Monthly' at 2025-03-18 08:05:22.627308, scheduled to end at 2025-03-18 08:05:22.627308 (processing time: 0.00 min)
2025-03-11 11:12:24,516 - root - INFO - Processing end event: Token Token-324 at node Monthly (Unknown)
2025-03-11 11:12:24,516 - root - INFO - Token Token-324 completed task 'Monthly' at 2025-03-18 08:05:22.627308.
2025-03-11 11:12:24,516 - root - INFO - Next nodes for Monthly: ['Review AM using Asset Change Tracker (5.5.13.1)']
2025-03-11 11:12:24,516 - root - INFO - Scheduling direct next node Review AM using Asset Change Tracker (5.5.13.1)
2025-03-11 11:12:24,516 - root - INFO - Token Token-324 waiting for resource 'Tech' at 2025-03-18 08:05:22.627308
2025-03-11 11:12:24,520 - root - INFO - Token Token-325 started task 'Monthly' at 2025-03-18 08:10:55.265792, scheduled to end at 2025-03-18 08:10:55.265792 (processing time: 0.00 min)
2025-03-11 11:12:24,520 - root - INFO - Processing end event: Token Token-325 at node Monthly (Unknown)
2025-03-11 11:12:24,521 - root - INFO - Token Token-325 completed task 'Monthly' at 2025-03-18 08:10:55.265792.
2025-03-11 11:12:24,521 - root - INFO - Next nodes for Monthly: ['Review AM using Asset Change Tracker (5.5.13.1)']
2025-03-11 11:12:24,521 - root - INFO - Scheduling direct next node Review AM using Asset Change Tracker (5.5.13.1)
2025-03-11 11:12:24,523 - root - INFO - Token Token-325 waiting for resource 'Tech' at 2025-03-18 08:10:55.265792
2025-03-11 11:12:24,523 - root - INFO - Token Token-326 started task 'Monthly' at 2025-03-18 08:15:52.840920, scheduled to end at 2025-03-18 08:15:52.840920 (processing time: 0.00 min)
2025-03-11 11:12:24,523 - root - INFO - Processing end event: Token Token-326 at node Monthly (Unknown)
2025-03-11 11:12:24,523 - root - INFO - Token Token-326 completed task 'Monthly' at 2025-03-18 08:15:52.840920.
2025-03-11 11:12:24,523 - root - INFO - Next nodes for Monthly: ['Review AM using Asset Change Tracker (5.5.13.1)']
2025-03-11 11:12:24,524 - root - INFO - Scheduling direct next node Review AM using Asset Change Tracker (5.5.13.1)
2025-03-11 11:12:24,524 - root - INFO - Token Token-326 waiting for resource 'Tech' at 2025-03-18 08:15:52.840920
2025-03-11 11:12:24,527 - root - INFO - Token Token-327 started task 'Monthly' at 2025-03-18 08:21:26.610486, scheduled to end at 2025-03-18 08:21:26.610486 (processing time: 0.00 min)
2025-03-11 11:12:24,527 - root - INFO - Processing end event: Token Token-327 at node Monthly (Unknown)
2025-03-11 11:12:24,527 - root - INFO - Token Token-327 completed task 'Monthly' at 2025-03-18 08:21:26.610486.
2025-03-11 11:12:24,528 - root - INFO - Next nodes for Monthly: ['Review AM using Asset Change Tracker (5.5.13.1)']
2025-03-11 11:12:24,528 - root - INFO - Scheduling direct next node Review AM using Asset Change Tracker (5.5.13.1)
2025-03-11 11:12:24,528 - root - INFO - Token Token-327 waiting for resource 'Tech' at 2025-03-18 08:21:26.610486
2025-03-11 11:12:24,529 - root - INFO - Token Token-328 started task 'Monthly' at 2025-03-18 08:26:33.726743, scheduled to end at 2025-03-18 08:26:33.726743 (processing time: 0.00 min)
2025-03-11 11:12:24,529 - root - INFO - Processing end event: Token Token-328 at node Monthly (Unknown)
2025-03-11 11:12:24,530 - root - INFO - Token Token-328 completed task 'Monthly' at 2025-03-18 08:26:33.726743.
2025-03-11 11:12:24,530 - root - INFO - Next nodes for Monthly: ['Review AM using Asset Change Tracker (5.5.13.1)']
2025-03-11 11:12:24,530 - root - INFO - Scheduling direct next node Review AM using Asset Change Tracker (5.5.13.1)
2025-03-11 11:12:24,531 - root - INFO - Token Token-328 waiting for resource 'Tech' at 2025-03-18 08:26:33.726743
2025-03-11 11:12:24,531 - root - INFO - Token Token-329 started task 'Monthly' at 2025-03-18 08:32:37.277657, scheduled to end at 2025-03-18 08:32:37.277657 (processing time: 0.00 min)
2025-03-11 11:12:24,532 - root - INFO - Processing end event: Token Token-329 at node Monthly (Unknown)
2025-03-11 11:12:24,532 - root - INFO - Token Token-329 completed task 'Monthly' at 2025-03-18 08:32:37.277657.
2025-03-11 11:12:24,532 - root - INFO - Next nodes for Monthly: ['Review AM using Asset Change Tracker (5.5.13.1)']
2025-03-11 11:12:24,532 - root - INFO - Scheduling direct next node Review AM using Asset Change Tracker (5.5.13.1)
2025-03-11 11:12:24,533 - root - INFO - Token Token-329 waiting for resource 'Tech' at 2025-03-18 08:32:37.277657
2025-03-11 11:12:24,533 - root - INFO - Token Token-330 started task 'Monthly' at 2025-03-18 08:37:14.143900, scheduled to end at 2025-03-18 08:37:14.143900 (processing time: 0.00 min)
2025-03-11 11:12:24,534 - root - INFO - Processing end event: Token Token-330 at node Monthly (Unknown)
2025-03-11 11:12:24,534 - root - INFO - Token Token-330 completed task 'Monthly' at 2025-03-18 08:37:14.143900.
2025-03-11 11:12:24,534 - root - INFO - Next nodes for Monthly: ['Review AM using Asset Change Tracker (5.5.13.1)']
2025-03-11 11:12:24,535 - root - INFO - Scheduling direct next node Review AM using Asset Change Tracker (5.5.13.1)
2025-03-11 11:12:24,535 - root - INFO - Token Token-330 waiting for resource 'Tech' at 2025-03-18 08:37:14.143900
2025-03-11 11:12:24,535 - root - INFO - Token Token-331 started task 'Monthly' at 2025-03-18 08:41:37.054351, scheduled to end at 2025-03-18 08:41:37.054351 (processing time: 0.00 min)
2025-03-11 11:12:24,536 - root - INFO - Processing end event: Token Token-331 at node Monthly (Unknown)
2025-03-11 11:12:24,537 - root - INFO - Token Token-331 completed task 'Monthly' at 2025-03-18 08:41:37.054351.
2025-03-11 11:12:24,537 - root - INFO - Next nodes for Monthly: ['Review AM using Asset Change Tracker (5.5.13.1)']
2025-03-11 11:12:24,537 - root - INFO - Scheduling direct next node Review AM using Asset Change Tracker (5.5.13.1)
2025-03-11 11:12:24,538 - root - INFO - Token Token-331 waiting for resource 'Tech' at 2025-03-18 08:41:37.054351
2025-03-11 11:12:24,538 - root - INFO - Token Token-332 started task 'Monthly' at 2025-03-18 08:46:40.182579, scheduled to end at 2025-03-18 08:46:40.182579 (processing time: 0.00 min)
2025-03-11 11:12:24,538 - root - INFO - Processing end event: Token Token-332 at node Monthly (Unknown)
2025-03-11 11:12:24,539 - root - INFO - Token Token-332 completed task 'Monthly' at 2025-03-18 08:46:40.182579.
2025-03-11 11:12:24,539 - root - INFO - Next nodes for Monthly: ['Review AM using Asset Change Tracker (5.5.13.1)']
2025-03-11 11:12:24,539 - root - INFO - Scheduling direct next node Review AM using Asset Change Tracker (5.5.13.1)
2025-03-11 11:12:24,540 - root - INFO - Token Token-332 waiting for resource 'Tech' at 2025-03-18 08:46:40.182579
2025-03-11 11:12:24,540 - root - INFO - Token Token-333 started task 'Monthly' at 2025-03-18 08:52:34.485349, scheduled to end at 2025-03-18 08:52:34.485349 (processing time: 0.00 min)
2025-03-11 11:12:24,541 - root - INFO - Processing end event: Token Token-333 at node Monthly (Unknown)
2025-03-11 11:12:24,541 - root - INFO - Token Token-333 completed task 'Monthly' at 2025-03-18 08:52:34.485349.
2025-03-11 11:12:24,542 - root - INFO - Next nodes for Monthly: ['Review AM using Asset Change Tracker (5.5.13.1)']
2025-03-11 11:12:24,542 - root - INFO - Scheduling direct next node Review AM using Asset Change Tracker (5.5.13.1)
2025-03-11 11:12:24,542 - root - INFO - Token Token-333 waiting for resource 'Tech' at 2025-03-18 08:52:34.485349
2025-03-11 11:12:24,543 - root - INFO - Token Token-334 started task 'Monthly' at 2025-03-18 08:58:19.180777, scheduled to end at 2025-03-18 08:58:19.180777 (processing time: 0.00 min)
2025-03-11 11:12:24,543 - root - INFO - Processing end event: Token Token-334 at node Monthly (Unknown)
2025-03-11 11:12:24,544 - root - INFO - Token Token-334 completed task 'Monthly' at 2025-03-18 08:58:19.180777.
2025-03-11 11:12:24,544 - root - INFO - Next nodes for Monthly: ['Review AM using Asset Change Tracker (5.5.13.1)']
2025-03-11 11:12:24,545 - root - INFO - Scheduling direct next node Review AM using Asset Change Tracker (5.5.13.1)
2025-03-11 11:12:24,545 - root - INFO - Token Token-334 waiting for resource 'Tech' at 2025-03-18 08:58:19.180777
2025-03-11 11:12:24,545 - root - INFO - Token Token-335 started task 'Monthly' at 2025-03-18 09:04:01.913734, scheduled to end at 2025-03-18 09:04:01.913734 (processing time: 0.00 min)
2025-03-11 11:12:24,546 - root - INFO - Processing end event: Token Token-335 at node Monthly (Unknown)
2025-03-11 11:12:24,546 - root - INFO - Token Token-335 completed task 'Monthly' at 2025-03-18 09:04:01.913734.
2025-03-11 11:12:24,547 - root - INFO - Next nodes for Monthly: ['Review AM using Asset Change Tracker (5.5.13.1)']
2025-03-11 11:12:24,547 - root - INFO - Scheduling direct next node Review AM using Asset Change Tracker (5.5.13.1)
2025-03-11 11:12:24,547 - root - INFO - Token Token-335 waiting for resource 'Tech' at 2025-03-18 09:04:01.913734
2025-03-11 11:12:24,548 - root - INFO - Token Token-336 started task 'Monthly' at 2025-03-18 09:09:50.017362, scheduled to end at 2025-03-18 09:09:50.017362 (processing time: 0.00 min)
2025-03-11 11:12:24,549 - root - INFO - Processing end event: Token Token-336 at node Monthly (Unknown)
2025-03-11 11:12:24,549 - root - INFO - Token Token-336 completed task 'Monthly' at 2025-03-18 09:09:50.017362.
2025-03-11 11:12:24,550 - root - INFO - Next nodes for Monthly: ['Review AM using Asset Change Tracker (5.5.13.1)']
2025-03-11 11:12:24,550 - root - INFO - Scheduling direct next node Review AM using Asset Change Tracker (5.5.13.1)
2025-03-11 11:12:24,551 - root - INFO - Token Token-336 waiting for resource 'Tech' at 2025-03-18 09:09:50.017362
2025-03-11 11:12:24,568 - root - INFO - Token Token-337 started task 'Monthly' at 2025-03-18 09:14:05.023279, scheduled to end at 2025-03-18 09:14:05.023279 (processing time: 0.00 min)
2025-03-11 11:12:24,569 - root - INFO - Processing end event: Token Token-337 at node Monthly (Unknown)
2025-03-11 11:12:24,569 - root - INFO - Token Token-337 completed task 'Monthly' at 2025-03-18 09:14:05.023279.
2025-03-11 11:12:24,569 - root - INFO - Next nodes for Monthly: ['Review AM using Asset Change Tracker (5.5.13.1)']
2025-03-11 11:12:24,570 - root - INFO - Scheduling direct next node Review AM using Asset Change Tracker (5.5.13.1)
2025-03-11 11:12:24,570 - root - INFO - Token Token-337 waiting for resource 'Tech' at 2025-03-18 09:14:05.023279
2025-03-11 11:12:24,570 - root - INFO - Token Token-338 started task 'Monthly' at 2025-03-18 09:20:07.374048, scheduled to end at 2025-03-18 09:20:07.374048 (processing time: 0.00 min)
2025-03-11 11:12:24,571 - root - INFO - Processing end event: Token Token-338 at node Monthly (Unknown)
2025-03-11 11:12:24,571 - root - INFO - Token Token-338 completed task 'Monthly' at 2025-03-18 09:20:07.374048.
2025-03-11 11:12:24,571 - root - INFO - Next nodes for Monthly: ['Review AM using Asset Change Tracker (5.5.13.1)']
2025-03-11 11:12:24,571 - root - INFO - Scheduling direct next node Review AM using Asset Change Tracker (5.5.13.1)
2025-03-11 11:12:24,571 - root - INFO - Token Token-338 waiting for resource 'Tech' at 2025-03-18 09:20:07.374048
2025-03-11 11:12:24,572 - root - INFO - Token Token-339 started task 'Monthly' at 2025-03-18 09:24:44.704482, scheduled to end at 2025-03-18 09:24:44.704482 (processing time: 0.00 min)
2025-03-11 11:12:24,572 - root - INFO - Processing end event: Token Token-339 at node Monthly (Unknown)
2025-03-11 11:12:24,572 - root - INFO - Token Token-339 completed task 'Monthly' at 2025-03-18 09:24:44.704482.
2025-03-11 11:12:24,572 - root - INFO - Next nodes for Monthly: ['Review AM using Asset Change Tracker (5.5.13.1)']
2025-03-11 11:12:24,573 - root - INFO - Scheduling direct next node Review AM using Asset Change Tracker (5.5.13.1)
2025-03-11 11:12:24,573 - root - INFO - Token Token-339 waiting for resource 'Tech' at 2025-03-18 09:24:44.704482
2025-03-11 11:12:24,574 - root - INFO - Token Token-340 started task 'Monthly' at 2025-03-18 09:30:48.440657, scheduled to end at 2025-03-18 09:30:48.440657 (processing time: 0.00 min)
2025-03-11 11:12:24,574 - root - INFO - Processing end event: Token Token-340 at node Monthly (Unknown)
2025-03-11 11:12:24,574 - root - INFO - Token Token-340 completed task 'Monthly' at 2025-03-18 09:30:48.440657.
2025-03-11 11:12:24,575 - root - INFO - Next nodes for Monthly: ['Review AM using Asset Change Tracker (5.5.13.1)']
2025-03-11 11:12:24,575 - root - INFO - Scheduling direct next node Review AM using Asset Change Tracker (5.5.13.1)
2025-03-11 11:12:24,576 - root - INFO - Token Token-340 waiting for resource 'Tech' at 2025-03-18 09:30:48.440657
2025-03-11 11:12:24,576 - root - INFO - Token Token-341 started task 'Monthly' at 2025-03-18 09:35:40.249701, scheduled to end at 2025-03-18 09:35:40.249701 (processing time: 0.00 min)
2025-03-11 11:12:24,576 - root - INFO - Processing end event: Token Token-341 at node Monthly (Unknown)
2025-03-11 11:12:24,576 - root - INFO - Token Token-341 completed task 'Monthly' at 2025-03-18 09:35:40.249701.
2025-03-11 11:12:24,577 - root - INFO - Next nodes for Monthly: ['Review AM using Asset Change Tracker (5.5.13.1)']
2025-03-11 11:12:24,577 - root - INFO - Scheduling direct next node Review AM using Asset Change Tracker (5.5.13.1)
2025-03-11 11:12:24,577 - root - INFO - Token Token-341 waiting for resource 'Tech' at 2025-03-18 09:35:40.249701
2025-03-11 11:12:24,577 - root - INFO - Token Token-342 started task 'Monthly' at 2025-03-18 09:41:33.653228, scheduled to end at 2025-03-18 09:41:33.653228 (processing time: 0.00 min)
2025-03-11 11:12:24,578 - root - INFO - Processing end event: Token Token-342 at node Monthly (Unknown)
2025-03-11 11:12:24,578 - root - INFO - Token Token-342 completed task 'Monthly' at 2025-03-18 09:41:33.653228.
2025-03-11 11:12:24,578 - root - INFO - Next nodes for Monthly: ['Review AM using Asset Change Tracker (5.5.13.1)']
2025-03-11 11:12:24,578 - root - INFO - Scheduling direct next node Review AM using Asset Change Tracker (5.5.13.1)
2025-03-11 11:12:24,578 - root - INFO - Token Token-342 waiting for resource 'Tech' at 2025-03-18 09:41:33.653228
2025-03-11 11:12:24,579 - root - INFO - Token Token-343 started task 'Monthly' at 2025-03-18 09:47:05.006734, scheduled to end at 2025-03-18 09:47:05.006734 (processing time: 0.00 min)
2025-03-11 11:12:24,579 - root - INFO - Processing end event: Token Token-343 at node Monthly (Unknown)
2025-03-11 11:12:24,579 - root - INFO - Token Token-343 completed task 'Monthly' at 2025-03-18 09:47:05.006734.
2025-03-11 11:12:24,579 - root - INFO - Next nodes for Monthly: ['Review AM using Asset Change Tracker (5.5.13.1)']
2025-03-11 11:12:24,580 - root - INFO - Scheduling direct next node Review AM using Asset Change Tracker (5.5.13.1)
2025-03-11 11:12:24,580 - root - INFO - Token Token-343 waiting for resource 'Tech' at 2025-03-18 09:47:05.006734
2025-03-11 11:12:24,580 - root - INFO - Token Token-344 started task 'Monthly' at 2025-03-18 09:51:51.741079, scheduled to end at 2025-03-18 09:51:51.741079 (processing time: 0.00 min)
2025-03-11 11:12:24,580 - root - INFO - Processing end event: Token Token-344 at node Monthly (Unknown)
2025-03-11 11:12:24,580 - root - INFO - Token Token-344 completed task 'Monthly' at 2025-03-18 09:51:51.741079.
2025-03-11 11:12:24,581 - root - INFO - Next nodes for Monthly: ['Review AM using Asset Change Tracker (5.5.13.1)']
2025-03-11 11:12:24,581 - root - INFO - Scheduling direct next node Review AM using Asset Change Tracker (5.5.13.1)
2025-03-11 11:12:24,581 - root - INFO - Token Token-344 waiting for resource 'Tech' at 2025-03-18 09:51:51.741079
2025-03-11 11:12:24,581 - root - INFO - Token Token-345 started task 'Monthly' at 2025-03-18 09:57:19.653088, scheduled to end at 2025-03-18 09:57:19.653088 (processing time: 0.00 min)
2025-03-11 11:12:24,582 - root - INFO - Processing end event: Token Token-345 at node Monthly (Unknown)
2025-03-11 11:12:24,582 - root - INFO - Token Token-345 completed task 'Monthly' at 2025-03-18 09:57:19.653088.
2025-03-11 11:12:24,582 - root - INFO - Next nodes for Monthly: ['Review AM using Asset Change Tracker (5.5.13.1)']
2025-03-11 11:12:24,582 - root - INFO - Scheduling direct next node Review AM using Asset Change Tracker (5.5.13.1)
2025-03-11 11:12:24,582 - root - INFO - Token Token-345 waiting for resource 'Tech' at 2025-03-18 09:57:19.653088
2025-03-11 11:12:24,583 - root - INFO - Token Token-346 started task 'Monthly' at 2025-03-18 10:01:56.671615, scheduled to end at 2025-03-18 10:01:56.671615 (processing time: 0.00 min)
2025-03-11 11:12:24,583 - root - INFO - Processing end event: Token Token-346 at node Monthly (Unknown)
2025-03-11 11:12:24,583 - root - INFO - Token Token-346 completed task 'Monthly' at 2025-03-18 10:01:56.671615.
2025-03-11 11:12:24,583 - root - INFO - Next nodes for Monthly: ['Review AM using Asset Change Tracker (5.5.13.1)']
2025-03-11 11:12:24,584 - root - INFO - Scheduling direct next node Review AM using Asset Change Tracker (5.5.13.1)
2025-03-11 11:12:24,584 - root - INFO - Token Token-346 waiting for resource 'Tech' at 2025-03-18 10:01:56.671615
2025-03-11 11:12:24,584 - root - INFO - Token Token-347 started task 'Monthly' at 2025-03-18 10:07:28.703767, scheduled to end at 2025-03-18 10:07:28.703767 (processing time: 0.00 min)
2025-03-11 11:12:24,584 - root - INFO - Processing end event: Token Token-347 at node Monthly (Unknown)
2025-03-11 11:12:24,584 - root - INFO - Token Token-347 completed task 'Monthly' at 2025-03-18 10:07:28.703767.
2025-03-11 11:12:24,585 - root - INFO - Next nodes for Monthly: ['Review AM using Asset Change Tracker (5.5.13.1)']
2025-03-11 11:12:24,585 - root - INFO - Scheduling direct next node Review AM using Asset Change Tracker (5.5.13.1)
2025-03-11 11:12:24,585 - root - INFO - Token Token-347 waiting for resource 'Tech' at 2025-03-18 10:07:28.703767
2025-03-11 11:12:24,587 - root - INFO - Token Token-348 started task 'Monthly' at 2025-03-18 10:13:23.418972, scheduled to end at 2025-03-18 10:13:23.418972 (processing time: 0.00 min)
2025-03-11 11:12:24,588 - root - INFO - Processing end event: Token Token-348 at node Monthly (Unknown)
2025-03-11 11:12:24,588 - root - INFO - Token Token-348 completed task 'Monthly' at 2025-03-18 10:13:23.418972.
2025-03-11 11:12:24,588 - root - INFO - Next nodes for Monthly: ['Review AM using Asset Change Tracker (5.5.13.1)']
2025-03-11 11:12:24,589 - root - INFO - Scheduling direct next node Review AM using Asset Change Tracker (5.5.13.1)
2025-03-11 11:12:24,589 - root - INFO - Token Token-348 waiting for resource 'Tech' at 2025-03-18 10:13:23.418972
2025-03-11 11:12:24,589 - root - INFO - Token Token-349 started task 'Monthly' at 2025-03-18 10:19:49.052083, scheduled to end at 2025-03-18 10:19:49.052083 (processing time: 0.00 min)
2025-03-11 11:12:24,590 - root - INFO - Processing end event: Token Token-349 at node Monthly (Unknown)
2025-03-11 11:12:24,590 - root - INFO - Token Token-349 completed task 'Monthly' at 2025-03-18 10:19:49.052083.
2025-03-11 11:12:24,591 - root - INFO - Next nodes for Monthly: ['Review AM using Asset Change Tracker (5.5.13.1)']
2025-03-11 11:12:24,591 - root - INFO - Scheduling direct next node Review AM using Asset Change Tracker (5.5.13.1)
2025-03-11 11:12:24,591 - root - INFO - Token Token-349 waiting for resource 'Tech' at 2025-03-18 10:19:49.052083
2025-03-11 11:12:24,592 - root - INFO - Token Token-350 started task 'Monthly' at 2025-03-18 10:26:00.385352, scheduled to end at 2025-03-18 10:26:00.385352 (processing time: 0.00 min)
2025-03-11 11:12:24,592 - root - INFO - Processing end event: Token Token-350 at node Monthly (Unknown)
2025-03-11 11:12:24,593 - root - INFO - Token Token-350 completed task 'Monthly' at 2025-03-18 10:26:00.385352.
2025-03-11 11:12:24,593 - root - INFO - Next nodes for Monthly: ['Review AM using Asset Change Tracker (5.5.13.1)']
2025-03-11 11:12:24,593 - root - INFO - Scheduling direct next node Review AM using Asset Change Tracker (5.5.13.1)
2025-03-11 11:12:24,594 - root - INFO - Token Token-350 waiting for resource 'Tech' at 2025-03-18 10:26:00.385352
2025-03-11 11:12:24,595 - root - INFO - Token Token-351 started task 'Monthly' at 2025-03-18 10:32:05.719689, scheduled to end at 2025-03-18 10:32:05.719689 (processing time: 0.00 min)
2025-03-11 11:12:24,596 - root - INFO - Processing end event: Token Token-351 at node Monthly (Unknown)
2025-03-11 11:12:24,597 - root - INFO - Token Token-351 completed task 'Monthly' at 2025-03-18 10:32:05.719689.
2025-03-11 11:12:24,598 - root - INFO - Next nodes for Monthly: ['Review AM using Asset Change Tracker (5.5.13.1)']
2025-03-11 11:12:24,619 - root - INFO - Scheduling direct next node Review AM using Asset Change Tracker (5.5.13.1)
2025-03-11 11:12:24,619 - root - INFO - Token Token-351 waiting for resource 'Tech' at 2025-03-18 10:32:05.719689
2025-03-11 11:12:24,620 - root - INFO - Token Token-352 started task 'Monthly' at 2025-03-18 10:37:18.092690, scheduled to end at 2025-03-18 10:37:18.092690 (processing time: 0.00 min)
2025-03-11 11:12:24,620 - root - INFO - Processing end event: Token Token-352 at node Monthly (Unknown)
2025-03-11 11:12:24,621 - root - INFO - Token Token-352 completed task 'Monthly' at 2025-03-18 10:37:18.092690.
2025-03-11 11:12:24,621 - root - INFO - Next nodes for Monthly: ['Review AM using Asset Change Tracker (5.5.13.1)']
2025-03-11 11:12:24,621 - root - INFO - Scheduling direct next node Review AM using Asset Change Tracker (5.5.13.1)
2025-03-11 11:12:24,621 - root - INFO - Token Token-352 waiting for resource 'Tech' at 2025-03-18 10:37:18.092690
2025-03-11 11:12:24,622 - root - INFO - Token Token-353 started task 'Monthly' at 2025-03-18 10:43:35.306202, scheduled to end at 2025-03-18 10:43:35.306202 (processing time: 0.00 min)
2025-03-11 11:12:24,622 - root - INFO - Processing end event: Token Token-353 at node Monthly (Unknown)
2025-03-11 11:12:24,622 - root - INFO - Token Token-353 completed task 'Monthly' at 2025-03-18 10:43:35.306202.
2025-03-11 11:12:24,622 - root - INFO - Next nodes for Monthly: ['Review AM using Asset Change Tracker (5.5.13.1)']
2025-03-11 11:12:24,622 - root - INFO - Scheduling direct next node Review AM using Asset Change Tracker (5.5.13.1)
2025-03-11 11:12:24,622 - root - INFO - Token Token-353 waiting for resource 'Tech' at 2025-03-18 10:43:35.306202
2025-03-11 11:12:24,622 - root - INFO - Token Token-354 started task 'Monthly' at 2025-03-18 10:49:59.733200, scheduled to end at 2025-03-18 10:49:59.733200 (processing time: 0.00 min)
2025-03-11 11:12:24,622 - root - INFO - Processing end event: Token Token-354 at node Monthly (Unknown)
2025-03-11 11:12:24,622 - root - INFO - Token Token-354 completed task 'Monthly' at 2025-03-18 10:49:59.733200.
2025-03-11 11:12:24,622 - root - INFO - Next nodes for Monthly: ['Review AM using Asset Change Tracker (5.5.13.1)']
2025-03-11 11:12:24,622 - root - INFO - Scheduling direct next node Review AM using Asset Change Tracker (5.5.13.1)
2025-03-11 11:12:24,622 - root - INFO - Token Token-354 waiting for resource 'Tech' at 2025-03-18 10:49:59.733200
2025-03-11 11:12:24,622 - root - INFO - Token Token-355 started task 'Monthly' at 2025-03-18 10:55:45.675683, scheduled to end at 2025-03-18 10:55:45.675683 (processing time: 0.00 min)
2025-03-11 11:12:24,622 - root - INFO - Processing end event: Token Token-355 at node Monthly (Unknown)
2025-03-11 11:12:24,622 - root - INFO - Token Token-355 completed task 'Monthly' at 2025-03-18 10:55:45.675683.
2025-03-11 11:12:24,622 - root - INFO - Next nodes for Monthly: ['Review AM using Asset Change Tracker (5.5.13.1)']
2025-03-11 11:12:24,622 - root - INFO - Scheduling direct next node Review AM using Asset Change Tracker (5.5.13.1)
2025-03-11 11:12:24,622 - root - INFO - Token Token-355 waiting for resource 'Tech' at 2025-03-18 10:55:45.675683
2025-03-11 11:12:24,622 - root - INFO - Token Token-356 started task 'Monthly' at 2025-03-18 11:02:11.519666, scheduled to end at 2025-03-18 11:02:11.519666 (processing time: 0.00 min)
2025-03-11 11:12:24,622 - root - INFO - Processing end event: Token Token-356 at node Monthly (Unknown)
2025-03-11 11:12:24,622 - root - INFO - Token Token-356 completed task 'Monthly' at 2025-03-18 11:02:11.519666.
2025-03-11 11:12:24,622 - root - INFO - Next nodes for Monthly: ['Review AM using Asset Change Tracker (5.5.13.1)']
2025-03-11 11:12:24,627 - root - INFO - Scheduling direct next node Review AM using Asset Change Tracker (5.5.13.1)
2025-03-11 11:12:24,627 - root - INFO - Token Token-356 waiting for resource 'Tech' at 2025-03-18 11:02:11.519666
2025-03-11 11:12:24,628 - root - INFO - Token Token-357 started task 'Monthly' at 2025-03-18 11:08:31.720411, scheduled to end at 2025-03-18 11:08:31.720411 (processing time: 0.00 min)
2025-03-11 11:12:24,628 - root - INFO - Processing end event: Token Token-357 at node Monthly (Unknown)
2025-03-11 11:12:24,629 - root - INFO - Token Token-357 completed task 'Monthly' at 2025-03-18 11:08:31.720411.
2025-03-11 11:12:24,629 - root - INFO - Next nodes for Monthly: ['Review AM using Asset Change Tracker (5.5.13.1)']
2025-03-11 11:12:24,629 - root - INFO - Scheduling direct next node Review AM using Asset Change Tracker (5.5.13.1)
2025-03-11 11:12:24,630 - root - INFO - Token Token-357 waiting for resource 'Tech' at 2025-03-18 11:08:31.720411
2025-03-11 11:12:24,630 - root - INFO - Token Token-358 started task 'Monthly' at 2025-03-18 11:14:58.402673, scheduled to end at 2025-03-18 11:14:58.402673 (processing time: 0.00 min)
2025-03-11 11:12:24,630 - root - INFO - Processing end event: Token Token-358 at node Monthly (Unknown)
2025-03-11 11:12:24,630 - root - INFO - Token Token-358 completed task 'Monthly' at 2025-03-18 11:14:58.402673.
2025-03-11 11:12:24,630 - root - INFO - Next nodes for Monthly: ['Review AM using Asset Change Tracker (5.5.13.1)']
2025-03-11 11:12:24,631 - root - INFO - Scheduling direct next node Review AM using Asset Change Tracker (5.5.13.1)
2025-03-11 11:12:24,631 - root - INFO - Token Token-358 waiting for resource 'Tech' at 2025-03-18 11:14:58.402673
2025-03-11 11:12:24,631 - root - INFO - Token Token-359 started task 'Monthly' at 2025-03-18 11:20:45.874952, scheduled to end at 2025-03-18 11:20:45.874952 (processing time: 0.00 min)
2025-03-11 11:12:24,631 - root - INFO - Processing end event: Token Token-359 at node Monthly (Unknown)
2025-03-11 11:12:24,631 - root - INFO - Token Token-359 completed task 'Monthly' at 2025-03-18 11:20:45.874952.
2025-03-11 11:12:24,631 - root - INFO - Next nodes for Monthly: ['Review AM using Asset Change Tracker (5.5.13.1)']
2025-03-11 11:12:24,631 - root - INFO - Scheduling direct next node Review AM using Asset Change Tracker (5.5.13.1)
2025-03-11 11:12:24,631 - root - INFO - Token Token-359 waiting for resource 'Tech' at 2025-03-18 11:20:45.874952
2025-03-11 11:12:24,632 - root - INFO - Token Token-360 started task 'Monthly' at 2025-03-18 11:26:53.147136, scheduled to end at 2025-03-18 11:26:53.147136 (processing time: 0.00 min)
2025-03-11 11:12:24,632 - root - INFO - Processing end event: Token Token-360 at node Monthly (Unknown)
2025-03-11 11:12:24,633 - root - INFO - Token Token-360 completed task 'Monthly' at 2025-03-18 11:26:53.147136.
2025-03-11 11:12:24,633 - root - INFO - Next nodes for Monthly: ['Review AM using Asset Change Tracker (5.5.13.1)']
2025-03-11 11:12:24,633 - root - INFO - Scheduling direct next node Review AM using Asset Change Tracker (5.5.13.1)
2025-03-11 11:12:24,634 - root - INFO - Token Token-360 waiting for resource 'Tech' at 2025-03-18 11:26:53.147136
2025-03-11 11:12:24,634 - root - INFO - Token Token-361 started task 'Monthly' at 2025-03-18 11:33:08.890956, scheduled to end at 2025-03-18 11:33:08.890956 (processing time: 0.00 min)
2025-03-11 11:12:24,636 - root - INFO - Processing end event: Token Token-361 at node Monthly (Unknown)
2025-03-11 11:12:24,637 - root - INFO - Token Token-361 completed task 'Monthly' at 2025-03-18 11:33:08.890956.
2025-03-11 11:12:24,637 - root - INFO - Next nodes for Monthly: ['Review AM using Asset Change Tracker (5.5.13.1)']
2025-03-11 11:12:24,637 - root - INFO - Scheduling direct next node Review AM using Asset Change Tracker (5.5.13.1)
2025-03-11 11:12:24,638 - root - INFO - Token Token-361 waiting for resource 'Tech' at 2025-03-18 11:33:08.890956
2025-03-11 11:12:24,638 - root - INFO - Token Token-362 started task 'Monthly' at 2025-03-18 11:38:24.195073, scheduled to end at 2025-03-18 11:38:24.195073 (processing time: 0.00 min)
2025-03-11 11:12:24,639 - root - INFO - Processing end event: Token Token-362 at node Monthly (Unknown)
2025-03-11 11:12:24,639 - root - INFO - Token Token-362 completed task 'Monthly' at 2025-03-18 11:38:24.195073.
2025-03-11 11:12:24,639 - root - INFO - Next nodes for Monthly: ['Review AM using Asset Change Tracker (5.5.13.1)']
2025-03-11 11:12:24,640 - root - INFO - Scheduling direct next node Review AM using Asset Change Tracker (5.5.13.1)
2025-03-11 11:12:24,640 - root - INFO - Token Token-362 waiting for resource 'Tech' at 2025-03-18 11:38:24.195073
2025-03-11 11:12:24,641 - root - INFO - Token Token-363 started task 'Monthly' at 2025-03-18 11:44:12.359511, scheduled to end at 2025-03-18 11:44:12.359511 (processing time: 0.00 min)
2025-03-11 11:12:24,641 - root - INFO - Processing end event: Token Token-363 at node Monthly (Unknown)
2025-03-11 11:12:24,642 - root - INFO - Token Token-363 completed task 'Monthly' at 2025-03-18 11:44:12.359511.
2025-03-11 11:12:24,642 - root - INFO - Next nodes for Monthly: ['Review AM using Asset Change Tracker (5.5.13.1)']
2025-03-11 11:12:24,642 - root - INFO - Scheduling direct next node Review AM using Asset Change Tracker (5.5.13.1)
2025-03-11 11:12:24,643 - root - INFO - Token Token-363 waiting for resource 'Tech' at 2025-03-18 11:44:12.359511
2025-03-11 11:12:24,643 - root - INFO - Token Token-364 started task 'Monthly' at 2025-03-18 11:50:23.965706, scheduled to end at 2025-03-18 11:50:23.965706 (processing time: 0.00 min)
2025-03-11 11:12:24,644 - root - INFO - Processing end event: Token Token-364 at node Monthly (Unknown)
2025-03-11 11:12:24,644 - root - INFO - Token Token-364 completed task 'Monthly' at 2025-03-18 11:50:23.965706.
2025-03-11 11:12:24,644 - root - INFO - Next nodes for Monthly: ['Review AM using Asset Change Tracker (5.5.13.1)']
2025-03-11 11:12:24,645 - root - INFO - Scheduling direct next node Review AM using Asset Change Tracker (5.5.13.1)
2025-03-11 11:12:24,646 - root - INFO - Token Token-364 waiting for resource 'Tech' at 2025-03-18 11:50:23.965706
2025-03-11 11:12:24,647 - root - INFO - Token Token-365 started task 'Monthly' at 2025-03-18 11:54:48.207939, scheduled to end at 2025-03-18 11:54:48.207939 (processing time: 0.00 min)
2025-03-11 11:12:24,669 - root - INFO - Processing end event: Token Token-365 at node Monthly (Unknown)
2025-03-11 11:12:24,669 - root - INFO - Token Token-365 completed task 'Monthly' at 2025-03-18 11:54:48.207939.
2025-03-11 11:12:24,670 - root - INFO - Next nodes for Monthly: ['Review AM using Asset Change Tracker (5.5.13.1)']
2025-03-11 11:12:24,670 - root - INFO - Scheduling direct next node Review AM using Asset Change Tracker (5.5.13.1)
2025-03-11 11:12:24,671 - root - INFO - Token Token-365 waiting for resource 'Tech' at 2025-03-18 11:54:48.207939
2025-03-11 11:12:24,671 - root - INFO - Token Token-366 started task 'Monthly' at 2025-03-18 11:59:52.619067, scheduled to end at 2025-03-18 11:59:52.619067 (processing time: 0.00 min)
2025-03-11 11:12:24,671 - root - INFO - Processing end event: Token Token-366 at node Monthly (Unknown)
2025-03-11 11:12:24,672 - root - INFO - Token Token-366 completed task 'Monthly' at 2025-03-18 11:59:52.619067.
2025-03-11 11:12:24,672 - root - INFO - Next nodes for Monthly: ['Review AM using Asset Change Tracker (5.5.13.1)']
2025-03-11 11:12:24,672 - root - INFO - Scheduling direct next node Review AM using Asset Change Tracker (5.5.13.1)
2025-03-11 11:12:24,672 - root - INFO - Token Token-366 waiting for resource 'Tech' at 2025-03-18 11:59:52.619067
2025-03-11 11:12:24,672 - root - INFO - Token Token-367 started task 'Monthly' at 2025-03-18 12:06:08.092352, scheduled to end at 2025-03-18 12:06:08.092352 (processing time: 0.00 min)
2025-03-11 11:12:24,672 - root - INFO - Processing end event: Token Token-367 at node Monthly (Unknown)
2025-03-11 11:12:24,672 - root - INFO - Token Token-367 completed task 'Monthly' at 2025-03-18 12:06:08.092352.
2025-03-11 11:12:24,672 - root - INFO - Next nodes for Monthly: ['Review AM using Asset Change Tracker (5.5.13.1)']
2025-03-11 11:12:24,672 - root - INFO - Scheduling direct next node Review AM using Asset Change Tracker (5.5.13.1)
2025-03-11 11:12:24,672 - root - INFO - Token Token-367 waiting for resource 'Tech' at 2025-03-18 12:06:08.092352
2025-03-11 11:12:24,672 - root - INFO - Token Token-368 started task 'Monthly' at 2025-03-18 12:12:19.623243, scheduled to end at 2025-03-18 12:12:19.623243 (processing time: 0.00 min)
2025-03-11 11:12:24,672 - root - INFO - Processing end event: Token Token-368 at node Monthly (Unknown)
2025-03-11 11:12:24,672 - root - INFO - Token Token-368 completed task 'Monthly' at 2025-03-18 12:12:19.623243.
2025-03-11 11:12:24,672 - root - INFO - Next nodes for Monthly: ['Review AM using Asset Change Tracker (5.5.13.1)']
2025-03-11 11:12:24,672 - root - INFO - Scheduling direct next node Review AM using Asset Change Tracker (5.5.13.1)
2025-03-11 11:12:24,672 - root - INFO - Token Token-368 waiting for resource 'Tech' at 2025-03-18 12:12:19.623243
2025-03-11 11:12:24,672 - root - INFO - Token Token-369 started task 'Monthly' at 2025-03-18 12:17:37.126344, scheduled to end at 2025-03-18 12:17:37.126344 (processing time: 0.00 min)
2025-03-11 11:12:24,672 - root - INFO - Processing end event: Token Token-369 at node Monthly (Unknown)
2025-03-11 11:12:24,672 - root - INFO - Token Token-369 completed task 'Monthly' at 2025-03-18 12:17:37.126344.
2025-03-11 11:12:24,672 - root - INFO - Next nodes for Monthly: ['Review AM using Asset Change Tracker (5.5.13.1)']
2025-03-11 11:12:24,672 - root - INFO - Scheduling direct next node Review AM using Asset Change Tracker (5.5.13.1)
2025-03-11 11:12:24,672 - root - INFO - Token Token-369 waiting for resource 'Tech' at 2025-03-18 12:17:37.126344
2025-03-11 11:12:24,672 - root - INFO - Token Token-370 started task 'Monthly' at 2025-03-18 12:23:03.871119, scheduled to end at 2025-03-18 12:23:03.871119 (processing time: 0.00 min)
2025-03-11 11:12:24,672 - root - INFO - Processing end event: Token Token-370 at node Monthly (Unknown)
2025-03-11 11:12:24,672 - root - INFO - Token Token-370 completed task 'Monthly' at 2025-03-18 12:23:03.871119.
2025-03-11 11:12:24,677 - root - INFO - Next nodes for Monthly: ['Review AM using Asset Change Tracker (5.5.13.1)']
2025-03-11 11:12:24,679 - root - INFO - Scheduling direct next node Review AM using Asset Change Tracker (5.5.13.1)
2025-03-11 11:12:24,679 - root - INFO - Token Token-370 waiting for resource 'Tech' at 2025-03-18 12:23:03.871119
2025-03-11 11:12:24,679 - root - INFO - Token Token-371 started task 'Monthly' at 2025-03-18 12:28:45.910111, scheduled to end at 2025-03-18 12:28:45.910111 (processing time: 0.00 min)
2025-03-11 11:12:24,680 - root - INFO - Processing end event: Token Token-371 at node Monthly (Unknown)
2025-03-11 11:12:24,680 - root - INFO - Token Token-371 completed task 'Monthly' at 2025-03-18 12:28:45.910111.
2025-03-11 11:12:24,680 - root - INFO - Next nodes for Monthly: ['Review AM using Asset Change Tracker (5.5.13.1)']
2025-03-11 11:12:24,680 - root - INFO - Scheduling direct next node Review AM using Asset Change Tracker (5.5.13.1)
2025-03-11 11:12:24,681 - root - INFO - Token Token-371 waiting for resource 'Tech' at 2025-03-18 12:28:45.910111
2025-03-11 11:12:24,681 - root - INFO - Token Token-372 started task 'Monthly' at 2025-03-18 12:34:22.388713, scheduled to end at 2025-03-18 12:34:22.388713 (processing time: 0.00 min)
2025-03-11 11:12:24,681 - root - INFO - Processing end event: Token Token-372 at node Monthly (Unknown)
2025-03-11 11:12:24,681 - root - INFO - Token Token-372 completed task 'Monthly' at 2025-03-18 12:34:22.388713.
2025-03-11 11:12:24,681 - root - INFO - Next nodes for Monthly: ['Review AM using Asset Change Tracker (5.5.13.1)']
2025-03-11 11:12:24,682 - root - INFO - Scheduling direct next node Review AM using Asset Change Tracker (5.5.13.1)
2025-03-11 11:12:24,682 - root - INFO - Token Token-372 waiting for resource 'Tech' at 2025-03-18 12:34:22.388713
2025-03-11 11:12:24,682 - root - INFO - Token Token-373 started task 'Monthly' at 2025-03-18 12:40:40.229810, scheduled to end at 2025-03-18 12:40:40.229810 (processing time: 0.00 min)
2025-03-11 11:12:24,682 - root - INFO - Processing end event: Token Token-373 at node Monthly (Unknown)
2025-03-11 11:12:24,683 - root - INFO - Token Token-373 completed task 'Monthly' at 2025-03-18 12:40:40.229810.
2025-03-11 11:12:24,683 - root - INFO - Next nodes for Monthly: ['Review AM using Asset Change Tracker (5.5.13.1)']
2025-03-11 11:12:24,683 - root - INFO - Scheduling direct next node Review AM using Asset Change Tracker (5.5.13.1)
2025-03-11 11:12:24,683 - root - INFO - Token Token-373 waiting for resource 'Tech' at 2025-03-18 12:40:40.229810
2025-03-11 11:12:24,683 - root - INFO - Token Token-374 started task 'Monthly' at 2025-03-18 12:45:47.515702, scheduled to end at 2025-03-18 12:45:47.515702 (processing time: 0.00 min)
2025-03-11 11:12:24,684 - root - INFO - Processing end event: Token Token-374 at node Monthly (Unknown)
2025-03-11 11:12:24,684 - root - INFO - Token Token-374 completed task 'Monthly' at 2025-03-18 12:45:47.515702.
2025-03-11 11:12:24,684 - root - INFO - Next nodes for Monthly: ['Review AM using Asset Change Tracker (5.5.13.1)']
2025-03-11 11:12:24,684 - root - INFO - Scheduling direct next node Review AM using Asset Change Tracker (5.5.13.1)
2025-03-11 11:12:24,685 - root - INFO - Token Token-374 waiting for resource 'Tech' at 2025-03-18 12:45:47.515702
2025-03-11 11:12:24,685 - root - INFO - Token Token-375 started task 'Monthly' at 2025-03-18 12:52:11.718841, scheduled to end at 2025-03-18 12:52:11.718841 (processing time: 0.00 min)
2025-03-11 11:12:24,685 - root - INFO - Processing end event: Token Token-375 at node Monthly (Unknown)
2025-03-11 11:12:24,685 - root - INFO - Token Token-375 completed task 'Monthly' at 2025-03-18 12:52:11.718841.
2025-03-11 11:12:24,686 - root - INFO - Next nodes for Monthly: ['Review AM using Asset Change Tracker (5.5.13.1)']
2025-03-11 11:12:24,686 - root - INFO - Scheduling direct next node Review AM using Asset Change Tracker (5.5.13.1)
2025-03-11 11:12:24,686 - root - INFO - Token Token-375 waiting for resource 'Tech' at 2025-03-18 12:52:11.718841
2025-03-11 11:12:24,686 - root - INFO - Token Token-376 started task 'Monthly' at 2025-03-18 12:57:20.763021, scheduled to end at 2025-03-18 12:57:20.763021 (processing time: 0.00 min)
2025-03-11 11:12:24,686 - root - INFO - Processing end event: Token Token-376 at node Monthly (Unknown)
2025-03-11 11:12:24,687 - root - INFO - Token Token-376 completed task 'Monthly' at 2025-03-18 12:57:20.763021.
2025-03-11 11:12:24,687 - root - INFO - Next nodes for Monthly: ['Review AM using Asset Change Tracker (5.5.13.1)']
2025-03-11 11:12:24,687 - root - INFO - Scheduling direct next node Review AM using Asset Change Tracker (5.5.13.1)
2025-03-11 11:12:24,687 - root - INFO - Token Token-376 waiting for resource 'Tech' at 2025-03-18 12:57:20.763021
2025-03-11 11:12:24,687 - root - INFO - Token Token-377 started task 'Monthly' at 2025-03-18 13:02:59.164388, scheduled to end at 2025-03-18 13:02:59.164388 (processing time: 0.00 min)
2025-03-11 11:12:24,688 - root - INFO - Processing end event: Token Token-377 at node Monthly (Unknown)
2025-03-11 11:12:24,688 - root - INFO - Token Token-377 completed task 'Monthly' at 2025-03-18 13:02:59.164388.
2025-03-11 11:12:24,688 - root - INFO - Next nodes for Monthly: ['Review AM using Asset Change Tracker (5.5.13.1)']
2025-03-11 11:12:24,688 - root - INFO - Scheduling direct next node Review AM using Asset Change Tracker (5.5.13.1)
2025-03-11 11:12:24,689 - root - INFO - Token Token-377 waiting for resource 'Tech' at 2025-03-18 13:02:59.164388
2025-03-11 11:12:24,689 - root - INFO - Token Token-378 started task 'Monthly' at 2025-03-18 13:09:02.025229, scheduled to end at 2025-03-18 13:09:02.025229 (processing time: 0.00 min)
2025-03-11 11:12:24,689 - root - INFO - Processing end event: Token Token-378 at node Monthly (Unknown)
2025-03-11 11:12:24,689 - root - INFO - Token Token-378 completed task 'Monthly' at 2025-03-18 13:09:02.025229.
2025-03-11 11:12:24,689 - root - INFO - Next nodes for Monthly: ['Review AM using Asset Change Tracker (5.5.13.1)']
2025-03-11 11:12:24,689 - root - INFO - Scheduling direct next node Review AM using Asset Change Tracker (5.5.13.1)
2025-03-11 11:12:24,690 - root - INFO - Token Token-378 waiting for resource 'Tech' at 2025-03-18 13:09:02.025229
2025-03-11 11:12:24,690 - root - INFO - Token Token-379 started task 'Monthly' at 2025-03-18 13:14:30.651152, scheduled to end at 2025-03-18 13:14:30.651152 (processing time: 0.00 min)
2025-03-11 11:12:24,690 - root - INFO - Processing end event: Token Token-379 at node Monthly (Unknown)
2025-03-11 11:12:24,690 - root - INFO - Token Token-379 completed task 'Monthly' at 2025-03-18 13:14:30.651152.
2025-03-11 11:12:24,691 - root - INFO - Next nodes for Monthly: ['Review AM using Asset Change Tracker (5.5.13.1)']
2025-03-11 11:12:24,691 - root - INFO - Scheduling direct next node Review AM using Asset Change Tracker (5.5.13.1)
2025-03-11 11:12:24,691 - root - INFO - Token Token-379 waiting for resource 'Tech' at 2025-03-18 13:14:30.651152
2025-03-11 11:12:24,691 - root - INFO - Token Token-380 started task 'Monthly' at 2025-03-18 13:20:54.422602, scheduled to end at 2025-03-18 13:20:54.422602 (processing time: 0.00 min)
2025-03-11 11:12:24,692 - root - INFO - Processing end event: Token Token-380 at node Monthly (Unknown)
2025-03-11 11:12:24,692 - root - INFO - Token Token-380 completed task 'Monthly' at 2025-03-18 13:20:54.422602.
2025-03-11 11:12:24,692 - root - INFO - Next nodes for Monthly: ['Review AM using Asset Change Tracker (5.5.13.1)']
2025-03-11 11:12:24,692 - root - INFO - Scheduling direct next node Review AM using Asset Change Tracker (5.5.13.1)
2025-03-11 11:12:24,693 - root - INFO - Token Token-380 waiting for resource 'Tech' at 2025-03-18 13:20:54.422602
2025-03-11 11:12:24,693 - root - INFO - Token Token-381 started task 'Monthly' at 2025-03-18 13:25:59.386667, scheduled to end at 2025-03-18 13:25:59.386667 (processing time: 0.00 min)
2025-03-11 11:12:24,693 - root - INFO - Processing end event: Token Token-381 at node Monthly (Unknown)
2025-03-11 11:12:24,696 - root - INFO - Token Token-381 completed task 'Monthly' at 2025-03-18 13:25:59.386667.
2025-03-11 11:12:24,696 - root - INFO - Next nodes for Monthly: ['Review AM using Asset Change Tracker (5.5.13.1)']
2025-03-11 11:12:24,697 - root - INFO - Scheduling direct next node Review AM using Asset Change Tracker (5.5.13.1)
2025-03-11 11:12:24,697 - root - INFO - Token Token-381 waiting for resource 'Tech' at 2025-03-18 13:25:59.386667
2025-03-11 11:12:24,699 - root - INFO - Token Token-382 started task 'Monthly' at 2025-03-18 13:32:06.624697, scheduled to end at 2025-03-18 13:32:06.624697 (processing time: 0.00 min)
2025-03-11 11:12:24,699 - root - INFO - Processing end event: Token Token-382 at node Monthly (Unknown)
2025-03-11 11:12:24,699 - root - INFO - Token Token-382 completed task 'Monthly' at 2025-03-18 13:32:06.624697.
2025-03-11 11:12:24,700 - root - INFO - Next nodes for Monthly: ['Review AM using Asset Change Tracker (5.5.13.1)']
2025-03-11 11:12:24,700 - root - INFO - Scheduling direct next node Review AM using Asset Change Tracker (5.5.13.1)
2025-03-11 11:12:24,700 - root - INFO - Token Token-382 waiting for resource 'Tech' at 2025-03-18 13:32:06.624697
2025-03-11 11:12:24,701 - root - INFO - Token Token-383 started task 'Monthly' at 2025-03-18 13:38:06.938030, scheduled to end at 2025-03-18 13:38:06.938030 (processing time: 0.00 min)
2025-03-11 11:12:24,701 - root - INFO - Processing end event: Token Token-383 at node Monthly (Unknown)
2025-03-11 11:12:24,701 - root - INFO - Token Token-383 completed task 'Monthly' at 2025-03-18 13:38:06.938030.
2025-03-11 11:12:24,701 - root - INFO - Next nodes for Monthly: ['Review AM using Asset Change Tracker (5.5.13.1)']
2025-03-11 11:12:24,701 - root - INFO - Scheduling direct next node Review AM using Asset Change Tracker (5.5.13.1)
2025-03-11 11:12:24,701 - root - INFO - Token Token-383 waiting for resource 'Tech' at 2025-03-18 13:38:06.938030
2025-03-11 11:12:24,702 - root - INFO - Token Token-384 started task 'Monthly' at 2025-03-18 13:44:26.028018, scheduled to end at 2025-03-18 13:44:26.028018 (processing time: 0.00 min)
2025-03-11 11:12:24,702 - root - INFO - Processing end event: Token Token-384 at node Monthly (Unknown)
2025-03-11 11:12:24,704 - root - INFO - Token Token-384 completed task 'Monthly' at 2025-03-18 13:44:26.028018.
2025-03-11 11:12:24,704 - root - INFO - Next nodes for Monthly: ['Review AM using Asset Change Tracker (5.5.13.1)']
2025-03-11 11:12:24,705 - root - INFO - Scheduling direct next node Review AM using Asset Change Tracker (5.5.13.1)
2025-03-11 11:12:24,705 - root - INFO - Token Token-384 waiting for resource 'Tech' at 2025-03-18 13:44:26.028018
2025-03-11 11:12:24,705 - root - INFO - Token Token-385 started task 'Monthly' at 2025-03-18 13:49:15.892264, scheduled to end at 2025-03-18 13:49:15.892264 (processing time: 0.00 min)
2025-03-11 11:12:24,706 - root - INFO - Processing end event: Token Token-385 at node Monthly (Unknown)
2025-03-11 11:12:24,706 - root - INFO - Token Token-385 completed task 'Monthly' at 2025-03-18 13:49:15.892264.
2025-03-11 11:12:24,707 - root - INFO - Next nodes for Monthly: ['Review AM using Asset Change Tracker (5.5.13.1)']
2025-03-11 11:12:24,718 - root - INFO - Scheduling direct next node Review AM using Asset Change Tracker (5.5.13.1)
2025-03-11 11:12:24,719 - root - INFO - Token Token-385 waiting for resource 'Tech' at 2025-03-18 13:49:15.892264
2025-03-11 11:12:24,719 - root - INFO - Token Token-386 started task 'Monthly' at 2025-03-18 13:55:26.129292, scheduled to end at 2025-03-18 13:55:26.129292 (processing time: 0.00 min)
2025-03-11 11:12:24,719 - root - INFO - Processing end event: Token Token-386 at node Monthly (Unknown)
2025-03-11 11:12:24,720 - root - INFO - Token Token-386 completed task 'Monthly' at 2025-03-18 13:55:26.129292.
2025-03-11 11:12:24,720 - root - INFO - Next nodes for Monthly: ['Review AM using Asset Change Tracker (5.5.13.1)']
2025-03-11 11:12:24,721 - root - INFO - Scheduling direct next node Review AM using Asset Change Tracker (5.5.13.1)
2025-03-11 11:12:24,723 - root - INFO - Token Token-386 waiting for resource 'Tech' at 2025-03-18 13:55:26.129292
2025-03-11 11:12:24,723 - root - INFO - Token Token-387 started task 'Monthly' at 2025-03-19 08:00:00, scheduled to end at 2025-03-19 08:00:00 (processing time: 0.00 min)
2025-03-11 11:12:24,723 - root - INFO - Processing end event: Token Token-387 at node Monthly (Unknown)
2025-03-11 11:12:24,724 - root - INFO - Token Token-387 completed task 'Monthly' at 2025-03-19 08:00:00.
2025-03-11 11:12:24,724 - root - INFO - Next nodes for Monthly: ['Review AM using Asset Change Tracker (5.5.13.1)']
2025-03-11 11:12:24,725 - root - INFO - Scheduling direct next node Review AM using Asset Change Tracker (5.5.13.1)
2025-03-11 11:12:24,725 - root - INFO - Token Token-387 waiting for resource 'Tech' at 2025-03-19 08:00:00
2025-03-11 11:12:24,725 - root - INFO - Token Token-388 started task 'Monthly' at 2025-03-19 08:05:52.579538, scheduled to end at 2025-03-19 08:05:52.579538 (processing time: 0.00 min)
2025-03-11 11:12:24,726 - root - INFO - Processing end event: Token Token-388 at node Monthly (Unknown)
2025-03-11 11:12:24,726 - root - INFO - Token Token-388 completed task 'Monthly' at 2025-03-19 08:05:52.579538.
2025-03-11 11:12:24,726 - root - INFO - Next nodes for Monthly: ['Review AM using Asset Change Tracker (5.5.13.1)']
2025-03-11 11:12:24,727 - root - INFO - Scheduling direct next node Review AM using Asset Change Tracker (5.5.13.1)
2025-03-11 11:12:24,728 - root - INFO - Token Token-388 waiting for resource 'Tech' at 2025-03-19 08:05:52.579538
2025-03-11 11:12:24,728 - root - INFO - Token Token-389 started task 'Monthly' at 2025-03-19 08:11:39.729945, scheduled to end at 2025-03-19 08:11:39.729945 (processing time: 0.00 min)
2025-03-11 11:12:24,729 - root - INFO - Processing end event: Token Token-389 at node Monthly (Unknown)
2025-03-11 11:12:24,730 - root - INFO - Token Token-389 completed task 'Monthly' at 2025-03-19 08:11:39.729945.
2025-03-11 11:12:24,730 - root - INFO - Next nodes for Monthly: ['Review AM using Asset Change Tracker (5.5.13.1)']
2025-03-11 11:12:24,730 - root - INFO - Scheduling direct next node Review AM using Asset Change Tracker (5.5.13.1)
2025-03-11 11:12:24,730 - root - INFO - Token Token-389 waiting for resource 'Tech' at 2025-03-19 08:11:39.729945
2025-03-11 11:12:24,731 - root - INFO - Token Token-390 started task 'Monthly' at 2025-03-19 08:16:03.832148, scheduled to end at 2025-03-19 08:16:03.832148 (processing time: 0.00 min)
2025-03-11 11:12:24,731 - root - INFO - Processing end event: Token Token-390 at node Monthly (Unknown)
2025-03-11 11:12:24,732 - root - INFO - Token Token-390 completed task 'Monthly' at 2025-03-19 08:16:03.832148.
2025-03-11 11:12:24,732 - root - INFO - Next nodes for Monthly: ['Review AM using Asset Change Tracker (5.5.13.1)']
2025-03-11 11:12:24,732 - root - INFO - Scheduling direct next node Review AM using Asset Change Tracker (5.5.13.1)
2025-03-11 11:12:24,733 - root - INFO - Token Token-390 waiting for resource 'Tech' at 2025-03-19 08:16:03.832148
2025-03-11 11:12:24,733 - root - INFO - Token Token-391 started task 'Monthly' at 2025-03-19 08:21:12.360464, scheduled to end at 2025-03-19 08:21:12.360464 (processing time: 0.00 min)
2025-03-11 11:12:24,733 - root - INFO - Processing end event: Token Token-391 at node Monthly (Unknown)
2025-03-11 11:12:24,733 - root - INFO - Token Token-391 completed task 'Monthly' at 2025-03-19 08:21:12.360464.
2025-03-11 11:12:24,733 - root - INFO - Next nodes for Monthly: ['Review AM using Asset Change Tracker (5.5.13.1)']
2025-03-11 11:12:24,733 - root - INFO - Scheduling direct next node Review AM using Asset Change Tracker (5.5.13.1)
2025-03-11 11:12:24,733 - root - INFO - Token Token-391 waiting for resource 'Tech' at 2025-03-19 08:21:12.360464
2025-03-11 11:12:24,733 - root - INFO - Token Token-392 started task 'Monthly' at 2025-03-19 08:26:43.202857, scheduled to end at 2025-03-19 08:26:43.202857 (processing time: 0.00 min)
2025-03-11 11:12:24,733 - root - INFO - Processing end event: Token Token-392 at node Monthly (Unknown)
2025-03-11 11:12:24,733 - root - INFO - Token Token-392 completed task 'Monthly' at 2025-03-19 08:26:43.202857.
2025-03-11 11:12:24,736 - root - INFO - Next nodes for Monthly: ['Review AM using Asset Change Tracker (5.5.13.1)']
2025-03-11 11:12:24,736 - root - INFO - Scheduling direct next node Review AM using Asset Change Tracker (5.5.13.1)
2025-03-11 11:12:24,736 - root - INFO - Token Token-392 waiting for resource 'Tech' at 2025-03-19 08:26:43.202857
2025-03-11 11:12:24,736 - root - INFO - Token Token-393 started task 'Monthly' at 2025-03-19 08:31:39.049416, scheduled to end at 2025-03-19 08:31:39.049416 (processing time: 0.00 min)
2025-03-11 11:12:24,737 - root - INFO - Processing end event: Token Token-393 at node Monthly (Unknown)
2025-03-11 11:12:24,737 - root - INFO - Token Token-393 completed task 'Monthly' at 2025-03-19 08:31:39.049416.
2025-03-11 11:12:24,737 - root - INFO - Next nodes for Monthly: ['Review AM using Asset Change Tracker (5.5.13.1)']
2025-03-11 11:12:24,737 - root - INFO - Scheduling direct next node Review AM using Asset Change Tracker (5.5.13.1)
2025-03-11 11:12:24,738 - root - INFO - Token Token-393 waiting for resource 'Tech' at 2025-03-19 08:31:39.049416
2025-03-11 11:12:24,738 - root - INFO - Token Token-394 started task 'Monthly' at 2025-03-19 08:36:46.516276, scheduled to end at 2025-03-19 08:36:46.516276 (processing time: 0.00 min)
2025-03-11 11:12:24,738 - root - INFO - Processing end event: Token Token-394 at node Monthly (Unknown)
2025-03-11 11:12:24,738 - root - INFO - Token Token-394 completed task 'Monthly' at 2025-03-19 08:36:46.516276.
2025-03-11 11:12:24,738 - root - INFO - Next nodes for Monthly: ['Review AM using Asset Change Tracker (5.5.13.1)']
2025-03-11 11:12:24,739 - root - INFO - Scheduling direct next node Review AM using Asset Change Tracker (5.5.13.1)
2025-03-11 11:12:24,739 - root - INFO - Token Token-394 waiting for resource 'Tech' at 2025-03-19 08:36:46.516276
2025-03-11 11:12:24,739 - root - INFO - Token Token-395 started task 'Monthly' at 2025-03-19 08:41:28.265291, scheduled to end at 2025-03-19 08:41:28.265291 (processing time: 0.00 min)
2025-03-11 11:12:24,739 - root - INFO - Processing end event: Token Token-395 at node Monthly (Unknown)
2025-03-11 11:12:24,739 - root - INFO - Token Token-395 completed task 'Monthly' at 2025-03-19 08:41:28.265291.
2025-03-11 11:12:24,740 - root - INFO - Next nodes for Monthly: ['Review AM using Asset Change Tracker (5.5.13.1)']
2025-03-11 11:12:24,740 - root - INFO - Scheduling direct next node Review AM using Asset Change Tracker (5.5.13.1)
2025-03-11 11:12:24,740 - root - INFO - Token Token-395 waiting for resource 'Tech' at 2025-03-19 08:41:28.265291
2025-03-11 11:12:24,740 - root - INFO - Token Token-396 started task 'Monthly' at 2025-03-19 08:47:32.767581, scheduled to end at 2025-03-19 08:47:32.767581 (processing time: 0.00 min)
2025-03-11 11:12:24,740 - root - INFO - Processing end event: Token Token-396 at node Monthly (Unknown)
2025-03-11 11:12:24,741 - root - INFO - Token Token-396 completed task 'Monthly' at 2025-03-19 08:47:32.767581.
2025-03-11 11:12:24,741 - root - INFO - Next nodes for Monthly: ['Review AM using Asset Change Tracker (5.5.13.1)']
2025-03-11 11:12:24,742 - root - INFO - Scheduling direct next node Review AM using Asset Change Tracker (5.5.13.1)
2025-03-11 11:12:24,742 - root - INFO - Token Token-396 waiting for resource 'Tech' at 2025-03-19 08:47:32.767581
2025-03-11 11:12:24,742 - root - INFO - Token Token-397 started task 'Monthly' at 2025-03-19 08:52:52.040169, scheduled to end at 2025-03-19 08:52:52.040169 (processing time: 0.00 min)
2025-03-11 11:12:24,742 - root - INFO - Processing end event: Token Token-397 at node Monthly (Unknown)
2025-03-11 11:12:24,742 - root - INFO - Token Token-397 completed task 'Monthly' at 2025-03-19 08:52:52.040169.
2025-03-11 11:12:24,742 - root - INFO - Next nodes for Monthly: ['Review AM using Asset Change Tracker (5.5.13.1)']
2025-03-11 11:12:24,743 - root - INFO - Scheduling direct next node Review AM using Asset Change Tracker (5.5.13.1)
2025-03-11 11:12:24,743 - root - INFO - Token Token-397 waiting for resource 'Tech' at 2025-03-19 08:52:52.040169
2025-03-11 11:12:24,745 - root - INFO - Token Token-398 started task 'Monthly' at 2025-03-19 08:58:09.590420, scheduled to end at 2025-03-19 08:58:09.590420 (processing time: 0.00 min)
2025-03-11 11:12:24,746 - root - INFO - Processing end event: Token Token-398 at node Monthly (Unknown)
2025-03-11 11:12:24,746 - root - INFO - Token Token-398 completed task 'Monthly' at 2025-03-19 08:58:09.590420.
2025-03-11 11:12:24,746 - root - INFO - Next nodes for Monthly: ['Review AM using Asset Change Tracker (5.5.13.1)']
2025-03-11 11:12:24,747 - root - INFO - Scheduling direct next node Review AM using Asset Change Tracker (5.5.13.1)
2025-03-11 11:12:24,747 - root - INFO - Token Token-398 waiting for resource 'Tech' at 2025-03-19 08:58:09.590420
2025-03-11 11:12:24,747 - root - INFO - Token Token-399 started task 'Monthly' at 2025-03-19 09:04:30.316082, scheduled to end at 2025-03-19 09:04:30.316082 (processing time: 0.00 min)
2025-03-11 11:12:24,748 - root - INFO - Processing end event: Token Token-399 at node Monthly (Unknown)
2025-03-11 11:12:24,748 - root - INFO - Token Token-399 completed task 'Monthly' at 2025-03-19 09:04:30.316082.
2025-03-11 11:12:24,749 - root - INFO - Next nodes for Monthly: ['Review AM using Asset Change Tracker (5.5.13.1)']
2025-03-11 11:12:24,749 - root - INFO - Scheduling direct next node Review AM using Asset Change Tracker (5.5.13.1)
2025-03-11 11:12:24,750 - root - INFO - Token Token-399 waiting for resource 'Tech' at 2025-03-19 09:04:30.316082
2025-03-11 11:12:24,751 - root - INFO - Token Token-400 started task 'Monthly' at 2025-03-19 09:09:49.574145, scheduled to end at 2025-03-19 09:09:49.574145 (processing time: 0.00 min)
2025-03-11 11:12:24,752 - root - INFO - Processing end event: Token Token-400 at node Monthly (Unknown)
2025-03-11 11:12:24,752 - root - INFO - Token Token-400 completed task 'Monthly' at 2025-03-19 09:09:49.574145.
2025-03-11 11:12:24,752 - root - INFO - Next nodes for Monthly: ['Review AM using Asset Change Tracker (5.5.13.1)']
2025-03-11 11:12:24,753 - root - INFO - Scheduling direct next node Review AM using Asset Change Tracker (5.5.13.1)
2025-03-11 11:12:24,753 - root - INFO - Token Token-400 waiting for resource 'Tech' at 2025-03-19 09:09:49.574145
2025-03-11 11:12:24,753 - root - INFO - Token Token-401 started task 'Monthly' at 2025-03-19 09:15:41.326028, scheduled to end at 2025-03-19 09:15:41.326028 (processing time: 0.00 min)
2025-03-11 11:12:24,754 - root - INFO - Processing end event: Token Token-401 at node Monthly (Unknown)
2025-03-11 11:12:24,754 - root - INFO - Token Token-401 completed task 'Monthly' at 2025-03-19 09:15:41.326028.
2025-03-11 11:12:24,755 - root - INFO - Next nodes for Monthly: ['Review AM using Asset Change Tracker (5.5.13.1)']
2025-03-11 11:12:24,757 - root - INFO - Scheduling direct next node Review AM using Asset Change Tracker (5.5.13.1)
2025-03-11 11:12:24,758 - root - INFO - Token Token-401 waiting for resource 'Tech' at 2025-03-19 09:15:41.326028
2025-03-11 11:12:24,778 - root - INFO - Token Token-402 started task 'Monthly' at 2025-03-19 09:22:01.690619, scheduled to end at 2025-03-19 09:22:01.690619 (processing time: 0.00 min)
2025-03-11 11:12:24,778 - root - INFO - Processing end event: Token Token-402 at node Monthly (Unknown)
2025-03-11 11:12:24,779 - root - INFO - Token Token-402 completed task 'Monthly' at 2025-03-19 09:22:01.690619.
2025-03-11 11:12:24,779 - root - INFO - Next nodes for Monthly: ['Review AM using Asset Change Tracker (5.5.13.1)']
2025-03-11 11:12:24,780 - root - INFO - Scheduling direct next node Review AM using Asset Change Tracker (5.5.13.1)
2025-03-11 11:12:24,780 - root - INFO - Token Token-402 waiting for resource 'Tech' at 2025-03-19 09:22:01.690619
2025-03-11 11:12:24,780 - root - INFO - Token Token-403 started task 'Monthly' at 2025-03-19 09:28:18.438688, scheduled to end at 2025-03-19 09:28:18.438688 (processing time: 0.00 min)
2025-03-11 11:12:24,781 - root - INFO - Processing end event: Token Token-403 at node Monthly (Unknown)
2025-03-11 11:12:24,781 - root - INFO - Token Token-403 completed task 'Monthly' at 2025-03-19 09:28:18.438688.
2025-03-11 11:12:24,781 - root - INFO - Next nodes for Monthly: ['Review AM using Asset Change Tracker (5.5.13.1)']
2025-03-11 11:12:24,782 - root - INFO - Scheduling direct next node Review AM using Asset Change Tracker (5.5.13.1)
2025-03-11 11:12:24,782 - root - INFO - Token Token-403 waiting for resource 'Tech' at 2025-03-19 09:28:18.438688
2025-03-11 11:12:24,782 - root - INFO - Token Token-404 started task 'Monthly' at 2025-03-19 09:33:22.639142, scheduled to end at 2025-03-19 09:33:22.639142 (processing time: 0.00 min)
2025-03-11 11:12:24,782 - root - INFO - Processing end event: Token Token-404 at node Monthly (Unknown)
2025-03-11 11:12:24,783 - root - INFO - Token Token-404 completed task 'Monthly' at 2025-03-19 09:33:22.639142.
2025-03-11 11:12:24,783 - root - INFO - Next nodes for Monthly: ['Review AM using Asset Change Tracker (5.5.13.1)']
2025-03-11 11:12:24,783 - root - INFO - Scheduling direct next node Review AM using Asset Change Tracker (5.5.13.1)
2025-03-11 11:12:24,783 - root - INFO - Token Token-404 waiting for resource 'Tech' at 2025-03-19 09:33:22.639142
2025-03-11 11:12:24,783 - root - INFO - Token Token-405 started task 'Monthly' at 2025-03-19 09:39:07.791242, scheduled to end at 2025-03-19 09:39:07.791242 (processing time: 0.00 min)
2025-03-11 11:12:24,784 - root - INFO - Processing end event: Token Token-405 at node Monthly (Unknown)
2025-03-11 11:12:24,785 - root - INFO - Token Token-405 completed task 'Monthly' at 2025-03-19 09:39:07.791242.
2025-03-11 11:12:24,785 - root - INFO - Next nodes for Monthly: ['Review AM using Asset Change Tracker (5.5.13.1)']
2025-03-11 11:12:24,785 - root - INFO - Scheduling direct next node Review AM using Asset Change Tracker (5.5.13.1)
2025-03-11 11:12:24,786 - root - INFO - Token Token-405 waiting for resource 'Tech' at 2025-03-19 09:39:07.791242
2025-03-11 11:12:24,786 - root - INFO - Token Token-406 started task 'Monthly' at 2025-03-19 09:43:26.201051, scheduled to end at 2025-03-19 09:43:26.201051 (processing time: 0.00 min)
2025-03-11 11:12:24,786 - root - INFO - Processing end event: Token Token-406 at node Monthly (Unknown)
2025-03-11 11:12:24,786 - root - INFO - Token Token-406 completed task 'Monthly' at 2025-03-19 09:43:26.201051.
2025-03-11 11:12:24,786 - root - INFO - Next nodes for Monthly: ['Review AM using Asset Change Tracker (5.5.13.1)']
2025-03-11 11:12:24,787 - root - INFO - Scheduling direct next node Review AM using Asset Change Tracker (5.5.13.1)
2025-03-11 11:12:24,787 - root - INFO - Token Token-406 waiting for resource 'Tech' at 2025-03-19 09:43:26.201051
2025-03-11 11:12:24,787 - root - INFO - Token Token-407 started task 'Monthly' at 2025-03-19 09:49:37.961891, scheduled to end at 2025-03-19 09:49:37.961891 (processing time: 0.00 min)
2025-03-11 11:12:24,787 - root - INFO - Processing end event: Token Token-407 at node Monthly (Unknown)
2025-03-11 11:12:24,788 - root - INFO - Token Token-407 completed task 'Monthly' at 2025-03-19 09:49:37.961891.
2025-03-11 11:12:24,788 - root - INFO - Next nodes for Monthly: ['Review AM using Asset Change Tracker (5.5.13.1)']
2025-03-11 11:12:24,788 - root - INFO - Scheduling direct next node Review AM using Asset Change Tracker (5.5.13.1)
2025-03-11 11:12:24,788 - root - INFO - Token Token-407 waiting for resource 'Tech' at 2025-03-19 09:49:37.961891
2025-03-11 11:12:24,789 - root - INFO - Token Token-408 started task 'Monthly' at 2025-03-19 09:55:45.941426, scheduled to end at 2025-03-19 09:55:45.941426 (processing time: 0.00 min)
2025-03-11 11:12:24,789 - root - INFO - Processing end event: Token Token-408 at node Monthly (Unknown)
2025-03-11 11:12:24,790 - root - INFO - Token Token-408 completed task 'Monthly' at 2025-03-19 09:55:45.941426.
2025-03-11 11:12:24,790 - root - INFO - Next nodes for Monthly: ['Review AM using Asset Change Tracker (5.5.13.1)']
2025-03-11 11:12:24,790 - root - INFO - Scheduling direct next node Review AM using Asset Change Tracker (5.5.13.1)
2025-03-11 11:12:24,790 - root - INFO - Token Token-408 waiting for resource 'Tech' at 2025-03-19 09:55:45.941426
2025-03-11 11:12:24,791 - root - INFO - Token Token-409 started task 'Monthly' at 2025-03-19 10:01:30.342635, scheduled to end at 2025-03-19 10:01:30.342635 (processing time: 0.00 min)
2025-03-11 11:12:24,791 - root - INFO - Processing end event: Token Token-409 at node Monthly (Unknown)
2025-03-11 11:12:24,791 - root - INFO - Token Token-409 completed task 'Monthly' at 2025-03-19 10:01:30.342635.
2025-03-11 11:12:24,791 - root - INFO - Next nodes for Monthly: ['Review AM using Asset Change Tracker (5.5.13.1)']
2025-03-11 11:12:24,792 - root - INFO - Scheduling direct next node Review AM using Asset Change Tracker (5.5.13.1)
2025-03-11 11:12:24,792 - root - INFO - Token Token-409 waiting for resource 'Tech' at 2025-03-19 10:01:30.342635
2025-03-11 11:12:24,792 - root - INFO - Token Token-410 started task 'Monthly' at 2025-03-19 10:06:50.924521, scheduled to end at 2025-03-19 10:06:50.924521 (processing time: 0.00 min)
2025-03-11 11:12:24,792 - root - INFO - Processing end event: Token Token-410 at node Monthly (Unknown)
2025-03-11 11:12:24,792 - root - INFO - Token Token-410 completed task 'Monthly' at 2025-03-19 10:06:50.924521.
2025-03-11 11:12:24,792 - root - INFO - Next nodes for Monthly: ['Review AM using Asset Change Tracker (5.5.13.1)']
2025-03-11 11:12:24,792 - root - INFO - Scheduling direct next node Review AM using Asset Change Tracker (5.5.13.1)
2025-03-11 11:12:24,792 - root - INFO - Token Token-410 waiting for resource 'Tech' at 2025-03-19 10:06:50.924521
2025-03-11 11:12:24,792 - root - INFO - Token Token-411 started task 'Monthly' at 2025-03-19 10:12:31.357056, scheduled to end at 2025-03-19 10:12:31.357056 (processing time: 0.00 min)
2025-03-11 11:12:24,792 - root - INFO - Processing end event: Token Token-411 at node Monthly (Unknown)
2025-03-11 11:12:24,792 - root - INFO - Token Token-411 completed task 'Monthly' at 2025-03-19 10:12:31.357056.
2025-03-11 11:12:24,794 - root - INFO - Next nodes for Monthly: ['Review AM using Asset Change Tracker (5.5.13.1)']
2025-03-11 11:12:24,795 - root - INFO - Scheduling direct next node Review AM using Asset Change Tracker (5.5.13.1)
2025-03-11 11:12:24,795 - root - INFO - Token Token-411 waiting for resource 'Tech' at 2025-03-19 10:12:31.357056
2025-03-11 11:12:24,795 - root - INFO - Token Token-412 started task 'Monthly' at 2025-03-19 10:17:53.731323, scheduled to end at 2025-03-19 10:17:53.731323 (processing time: 0.00 min)
2025-03-11 11:12:24,795 - root - INFO - Processing end event: Token Token-412 at node Monthly (Unknown)
2025-03-11 11:12:24,795 - root - INFO - Token Token-412 completed task 'Monthly' at 2025-03-19 10:17:53.731323.
2025-03-11 11:12:24,795 - root - INFO - Next nodes for Monthly: ['Review AM using Asset Change Tracker (5.5.13.1)']
2025-03-11 11:12:24,798 - root - INFO - Scheduling direct next node Review AM using Asset Change Tracker (5.5.13.1)
2025-03-11 11:12:24,798 - root - INFO - Token Token-412 waiting for resource 'Tech' at 2025-03-19 10:17:53.731323
2025-03-11 11:12:24,798 - root - INFO - Token Token-413 started task 'Monthly' at 2025-03-19 10:23:19.219921, scheduled to end at 2025-03-19 10:23:19.219921 (processing time: 0.00 min)
2025-03-11 11:12:24,799 - root - INFO - Processing end event: Token Token-413 at node Monthly (Unknown)
2025-03-11 11:12:24,799 - root - INFO - Token Token-413 completed task 'Monthly' at 2025-03-19 10:23:19.219921.
2025-03-11 11:12:24,800 - root - INFO - Next nodes for Monthly: ['Review AM using Asset Change Tracker (5.5.13.1)']
2025-03-11 11:12:24,801 - root - INFO - Scheduling direct next node Review AM using Asset Change Tracker (5.5.13.1)
2025-03-11 11:12:24,801 - root - INFO - Token Token-413 waiting for resource 'Tech' at 2025-03-19 10:23:19.219921
2025-03-11 11:12:24,802 - root - INFO - Token Token-414 started task 'Monthly' at 2025-03-19 10:29:33.388767, scheduled to end at 2025-03-19 10:29:33.388767 (processing time: 0.00 min)
2025-03-11 11:12:24,802 - root - INFO - Processing end event: Token Token-414 at node Monthly (Unknown)
2025-03-11 11:12:24,802 - root - INFO - Token Token-414 completed task 'Monthly' at 2025-03-19 10:29:33.388767.
2025-03-11 11:12:24,803 - root - INFO - Next nodes for Monthly: ['Review AM using Asset Change Tracker (5.5.13.1)']
2025-03-11 11:12:24,803 - root - INFO - Scheduling direct next node Review AM using Asset Change Tracker (5.5.13.1)
2025-03-11 11:12:24,803 - root - INFO - Token Token-414 waiting for resource 'Tech' at 2025-03-19 10:29:33.388767
2025-03-11 11:12:24,804 - root - INFO - Token Token-415 started task 'Monthly' at 2025-03-19 10:35:50.984104, scheduled to end at 2025-03-19 10:35:50.984104 (processing time: 0.00 min)
2025-03-11 11:12:24,804 - root - INFO - Processing end event: Token Token-415 at node Monthly (Unknown)
2025-03-11 11:12:24,805 - root - INFO - Token Token-415 completed task 'Monthly' at 2025-03-19 10:35:50.984104.
2025-03-11 11:12:24,805 - root - INFO - Next nodes for Monthly: ['Review AM using Asset Change Tracker (5.5.13.1)']
2025-03-11 11:12:24,805 - root - INFO - Scheduling direct next node Review AM using Asset Change Tracker (5.5.13.1)
2025-03-11 11:12:24,805 - root - INFO - Token Token-415 waiting for resource 'Tech' at 2025-03-19 10:35:50.984104
2025-03-11 11:12:24,806 - root - INFO - Token Token-416 started task 'Monthly' at 2025-03-19 10:40:29.644702, scheduled to end at 2025-03-19 10:40:29.644702 (processing time: 0.00 min)
2025-03-11 11:12:24,806 - root - INFO - Processing end event: Token Token-416 at node Monthly (Unknown)
2025-03-11 11:12:24,807 - root - INFO - Token Token-416 completed task 'Monthly' at 2025-03-19 10:40:29.644702.
2025-03-11 11:12:24,807 - root - INFO - Next nodes for Monthly: ['Review AM using Asset Change Tracker (5.5.13.1)']
2025-03-11 11:12:24,807 - root - INFO - Scheduling direct next node Review AM using Asset Change Tracker (5.5.13.1)
2025-03-11 11:12:24,808 - root - INFO - Token Token-416 waiting for resource 'Tech' at 2025-03-19 10:40:29.644702
2025-03-11 11:12:24,808 - root - INFO - Token Token-417 started task 'Monthly' at 2025-03-19 10:45:44.417232, scheduled to end at 2025-03-19 10:45:44.417232 (processing time: 0.00 min)
2025-03-11 11:12:24,809 - root - INFO - Processing end event: Token Token-417 at node Monthly (Unknown)
2025-03-11 11:12:24,809 - root - INFO - Token Token-417 completed task 'Monthly' at 2025-03-19 10:45:44.417232.
2025-03-11 11:12:24,809 - root - INFO - Next nodes for Monthly: ['Review AM using Asset Change Tracker (5.5.13.1)']
2025-03-11 11:12:24,810 - root - INFO - Scheduling direct next node Review AM using Asset Change Tracker (5.5.13.1)
2025-03-11 11:12:24,810 - root - INFO - Token Token-417 waiting for resource 'Tech' at 2025-03-19 10:45:44.417232
2025-03-11 11:12:24,810 - root - INFO - Token Token-418 started task 'Monthly' at 2025-03-19 10:51:28.005269, scheduled to end at 2025-03-19 10:51:28.005269 (processing time: 0.00 min)
2025-03-11 11:12:24,811 - root - INFO - Processing end event: Token Token-418 at node Monthly (Unknown)
2025-03-11 11:12:24,811 - root - INFO - Token Token-418 completed task 'Monthly' at 2025-03-19 10:51:28.005269.
2025-03-11 11:12:24,812 - root - INFO - Next nodes for Monthly: ['Review AM using Asset Change Tracker (5.5.13.1)']
2025-03-11 11:12:24,812 - root - INFO - Scheduling direct next node Review AM using Asset Change Tracker (5.5.13.1)
2025-03-11 11:12:24,813 - root - INFO - Token Token-418 waiting for resource 'Tech' at 2025-03-19 10:51:28.005269
2025-03-11 11:12:24,813 - root - INFO - Token Token-419 started task 'Monthly' at 2025-03-19 10:56:57.029937, scheduled to end at 2025-03-19 10:56:57.029937 (processing time: 0.00 min)
2025-03-11 11:12:24,814 - root - INFO - Processing end event: Token Token-419 at node Monthly (Unknown)
2025-03-11 11:12:24,833 - root - INFO - Token Token-419 completed task 'Monthly' at 2025-03-19 10:56:57.029937.
2025-03-11 11:12:24,833 - root - INFO - Next nodes for Monthly: ['Review AM using Asset Change Tracker (5.5.13.1)']
2025-03-11 11:12:24,833 - root - INFO - Scheduling direct next node Review AM using Asset Change Tracker (5.5.13.1)
2025-03-11 11:12:24,833 - root - INFO - Token Token-419 waiting for resource 'Tech' at 2025-03-19 10:56:57.029937
2025-03-11 11:12:24,833 - root - INFO - Token Token-420 started task 'Monthly' at 2025-03-19 11:02:45.694933, scheduled to end at 2025-03-19 11:02:45.694933 (processing time: 0.00 min)
2025-03-11 11:12:24,833 - root - INFO - Processing end event: Token Token-420 at node Monthly (Unknown)
2025-03-11 11:12:24,833 - root - INFO - Token Token-420 completed task 'Monthly' at 2025-03-19 11:02:45.694933.
2025-03-11 11:12:24,833 - root - INFO - Next nodes for Monthly: ['Review AM using Asset Change Tracker (5.5.13.1)']
2025-03-11 11:12:24,833 - root - INFO - Scheduling direct next node Review AM using Asset Change Tracker (5.5.13.1)
2025-03-11 11:12:24,833 - root - INFO - Token Token-420 waiting for resource 'Tech' at 2025-03-19 11:02:45.694933
2025-03-11 11:12:24,833 - root - INFO - Token Token-421 started task 'Monthly' at 2025-03-19 11:07:30.493896, scheduled to end at 2025-03-19 11:07:30.493896 (processing time: 0.00 min)
2025-03-11 11:12:24,833 - root - INFO - Processing end event: Token Token-421 at node Monthly (Unknown)
2025-03-11 11:12:24,833 - root - INFO - Token Token-421 completed task 'Monthly' at 2025-03-19 11:07:30.493896.
2025-03-11 11:12:24,833 - root - INFO - Next nodes for Monthly: ['Review AM using Asset Change Tracker (5.5.13.1)']
2025-03-11 11:12:24,833 - root - INFO - Scheduling direct next node Review AM using Asset Change Tracker (5.5.13.1)
2025-03-11 11:12:24,833 - root - INFO - Token Token-421 waiting for resource 'Tech' at 2025-03-19 11:07:30.493896
2025-03-11 11:12:24,833 - root - INFO - Token Token-422 started task 'Monthly' at 2025-03-19 11:13:28.762109, scheduled to end at 2025-03-19 11:13:28.762109 (processing time: 0.00 min)
2025-03-11 11:12:24,838 - root - INFO - Processing end event: Token Token-422 at node Monthly (Unknown)
2025-03-11 11:12:24,838 - root - INFO - Token Token-422 completed task 'Monthly' at 2025-03-19 11:13:28.762109.
2025-03-11 11:12:24,838 - root - INFO - Next nodes for Monthly: ['Review AM using Asset Change Tracker (5.5.13.1)']
2025-03-11 11:12:24,838 - root - INFO - Scheduling direct next node Review AM using Asset Change Tracker (5.5.13.1)
2025-03-11 11:12:24,839 - root - INFO - Token Token-422 waiting for resource 'Tech' at 2025-03-19 11:13:28.762109
2025-03-11 11:12:24,839 - root - INFO - Token Token-423 started task 'Monthly' at 2025-03-19 11:19:33.771599, scheduled to end at 2025-03-19 11:19:33.771599 (processing time: 0.00 min)
2025-03-11 11:12:24,839 - root - INFO - Processing end event: Token Token-423 at node Monthly (Unknown)
2025-03-11 11:12:24,839 - root - INFO - Token Token-423 completed task 'Monthly' at 2025-03-19 11:19:33.771599.
2025-03-11 11:12:24,840 - root - INFO - Next nodes for Monthly: ['Review AM using Asset Change Tracker (5.5.13.1)']
2025-03-11 11:12:24,840 - root - INFO - Scheduling direct next node Review AM using Asset Change Tracker (5.5.13.1)
2025-03-11 11:12:24,840 - root - INFO - Token Token-423 waiting for resource 'Tech' at 2025-03-19 11:19:33.771599
2025-03-11 11:12:24,841 - root - INFO - Token Token-424 started task 'Monthly' at 2025-03-19 11:25:01.954446, scheduled to end at 2025-03-19 11:25:01.954446 (processing time: 0.00 min)
2025-03-11 11:12:24,841 - root - INFO - Processing end event: Token Token-424 at node Monthly (Unknown)
2025-03-11 11:12:24,842 - root - INFO - Token Token-424 completed task 'Monthly' at 2025-03-19 11:25:01.954446.
2025-03-11 11:12:24,842 - root - INFO - Next nodes for Monthly: ['Review AM using Asset Change Tracker (5.5.13.1)']
2025-03-11 11:12:24,842 - root - INFO - Scheduling direct next node Review AM using Asset Change Tracker (5.5.13.1)
2025-03-11 11:12:24,842 - root - INFO - Token Token-424 waiting for resource 'Tech' at 2025-03-19 11:25:01.954446
2025-03-11 11:12:24,843 - root - INFO - Token Token-425 started task 'Monthly' at 2025-03-19 11:31:20.295133, scheduled to end at 2025-03-19 11:31:20.295133 (processing time: 0.00 min)
2025-03-11 11:12:24,843 - root - INFO - Processing end event: Token Token-425 at node Monthly (Unknown)
2025-03-11 11:12:24,843 - root - INFO - Token Token-425 completed task 'Monthly' at 2025-03-19 11:31:20.295133.
2025-03-11 11:12:24,843 - root - INFO - Next nodes for Monthly: ['Review AM using Asset Change Tracker (5.5.13.1)']
2025-03-11 11:12:24,844 - root - INFO - Scheduling direct next node Review AM using Asset Change Tracker (5.5.13.1)
2025-03-11 11:12:24,844 - root - INFO - Token Token-425 waiting for resource 'Tech' at 2025-03-19 11:31:20.295133
2025-03-11 11:12:24,844 - root - INFO - Token Token-426 started task 'Monthly' at 2025-03-19 11:36:10.575923, scheduled to end at 2025-03-19 11:36:10.575923 (processing time: 0.00 min)
2025-03-11 11:12:24,844 - root - INFO - Processing end event: Token Token-426 at node Monthly (Unknown)
2025-03-11 11:12:24,845 - root - INFO - Token Token-426 completed task 'Monthly' at 2025-03-19 11:36:10.575923.
2025-03-11 11:12:24,845 - root - INFO - Next nodes for Monthly: ['Review AM using Asset Change Tracker (5.5.13.1)']
2025-03-11 11:12:24,846 - root - INFO - Scheduling direct next node Review AM using Asset Change Tracker (5.5.13.1)
2025-03-11 11:12:24,846 - root - INFO - Token Token-426 waiting for resource 'Tech' at 2025-03-19 11:36:10.575923
2025-03-11 11:12:24,846 - root - INFO - Token Token-427 started task 'Monthly' at 2025-03-19 11:42:15.658189, scheduled to end at 2025-03-19 11:42:15.658189 (processing time: 0.00 min)
2025-03-11 11:12:24,847 - root - INFO - Processing end event: Token Token-427 at node Monthly (Unknown)
2025-03-11 11:12:24,847 - root - INFO - Token Token-427 completed task 'Monthly' at 2025-03-19 11:42:15.658189.
2025-03-11 11:12:24,849 - root - INFO - Next nodes for Monthly: ['Review AM using Asset Change Tracker (5.5.13.1)']
2025-03-11 11:12:24,850 - root - INFO - Scheduling direct next node Review AM using Asset Change Tracker (5.5.13.1)
2025-03-11 11:12:24,850 - root - INFO - Token Token-427 waiting for resource 'Tech' at 2025-03-19 11:42:15.658189
2025-03-11 11:12:24,850 - root - INFO - Token Token-428 started task 'Monthly' at 2025-03-19 11:47:58.023227, scheduled to end at 2025-03-19 11:47:58.023227 (processing time: 0.00 min)
2025-03-11 11:12:24,851 - root - INFO - Processing end event: Token Token-428 at node Monthly (Unknown)
2025-03-11 11:12:24,851 - root - INFO - Token Token-428 completed task 'Monthly' at 2025-03-19 11:47:58.023227.
2025-03-11 11:12:24,851 - root - INFO - Next nodes for Monthly: ['Review AM using Asset Change Tracker (5.5.13.1)']
2025-03-11 11:12:24,852 - root - INFO - Scheduling direct next node Review AM using Asset Change Tracker (5.5.13.1)
2025-03-11 11:12:24,852 - root - INFO - Token Token-428 waiting for resource 'Tech' at 2025-03-19 11:47:58.023227
2025-03-11 11:12:24,853 - root - INFO - Token Token-429 started task 'Monthly' at 2025-03-19 11:53:32.541857, scheduled to end at 2025-03-19 11:53:32.541857 (processing time: 0.00 min)
2025-03-11 11:12:24,853 - root - INFO - Processing end event: Token Token-429 at node Monthly (Unknown)
2025-03-11 11:12:24,853 - root - INFO - Token Token-429 completed task 'Monthly' at 2025-03-19 11:53:32.541857.
2025-03-11 11:12:24,854 - root - INFO - Next nodes for Monthly: ['Review AM using Asset Change Tracker (5.5.13.1)']
2025-03-11 11:12:24,854 - root - INFO - Scheduling direct next node Review AM using Asset Change Tracker (5.5.13.1)
2025-03-11 11:12:24,855 - root - INFO - Token Token-429 waiting for resource 'Tech' at 2025-03-19 11:53:32.541857
2025-03-11 11:12:24,855 - root - INFO - Token Token-430 started task 'Monthly' at 2025-03-19 11:59:35.232161, scheduled to end at 2025-03-19 11:59:35.232161 (processing time: 0.00 min)
2025-03-11 11:12:24,855 - root - INFO - Processing end event: Token Token-430 at node Monthly (Unknown)
2025-03-11 11:12:24,856 - root - INFO - Token Token-430 completed task 'Monthly' at 2025-03-19 11:59:35.232161.
2025-03-11 11:12:24,856 - root - INFO - Next nodes for Monthly: ['Review AM using Asset Change Tracker (5.5.13.1)']
2025-03-11 11:12:24,856 - root - INFO - Scheduling direct next node Review AM using Asset Change Tracker (5.5.13.1)
2025-03-11 11:12:24,857 - root - INFO - Token Token-430 waiting for resource 'Tech' at 2025-03-19 11:59:35.232161
2025-03-11 11:12:24,857 - root - INFO - Token Token-431 started task 'Monthly' at 2025-03-19 12:05:39.672857, scheduled to end at 2025-03-19 12:05:39.672857 (processing time: 0.00 min)
2025-03-11 11:12:24,858 - root - INFO - Processing end event: Token Token-431 at node Monthly (Unknown)
2025-03-11 11:12:24,858 - root - INFO - Token Token-431 completed task 'Monthly' at 2025-03-19 12:05:39.672857.
2025-03-11 11:12:24,858 - root - INFO - Next nodes for Monthly: ['Review AM using Asset Change Tracker (5.5.13.1)']
2025-03-11 11:12:24,859 - root - INFO - Scheduling direct next node Review AM using Asset Change Tracker (5.5.13.1)
2025-03-11 11:12:24,859 - root - INFO - Token Token-431 waiting for resource 'Tech' at 2025-03-19 12:05:39.672857
2025-03-11 11:12:24,859 - root - INFO - Token Token-432 started task 'Monthly' at 2025-03-19 12:10:22.579620, scheduled to end at 2025-03-19 12:10:22.579620 (processing time: 0.00 min)
2025-03-11 11:12:24,860 - root - INFO - Processing end event: Token Token-432 at node Monthly (Unknown)
2025-03-11 11:12:24,861 - root - INFO - Token Token-432 completed task 'Monthly' at 2025-03-19 12:10:22.579620.
2025-03-11 11:12:24,862 - root - INFO - Next nodes for Monthly: ['Review AM using Asset Change Tracker (5.5.13.1)']
2025-03-11 11:12:24,863 - root - INFO - Scheduling direct next node Review AM using Asset Change Tracker (5.5.13.1)
2025-03-11 11:12:24,884 - root - INFO - Token Token-432 waiting for resource 'Tech' at 2025-03-19 12:10:22.579620
2025-03-11 11:12:24,884 - root - INFO - Token Token-433 started task 'Monthly' at 2025-03-19 12:15:28.749228, scheduled to end at 2025-03-19 12:15:28.749228 (processing time: 0.00 min)
2025-03-11 11:12:24,884 - root - INFO - Processing end event: Token Token-433 at node Monthly (Unknown)
2025-03-11 11:12:24,885 - root - INFO - Token Token-433 completed task 'Monthly' at 2025-03-19 12:15:28.749228.
2025-03-11 11:12:24,885 - root - INFO - Next nodes for Monthly: ['Review AM using Asset Change Tracker (5.5.13.1)']
2025-03-11 11:12:24,885 - root - INFO - Scheduling direct next node Review AM using Asset Change Tracker (5.5.13.1)
2025-03-11 11:12:24,886 - root - INFO - Token Token-433 waiting for resource 'Tech' at 2025-03-19 12:15:28.749228
2025-03-11 11:12:24,886 - root - INFO - Token Token-434 started task 'Monthly' at 2025-03-19 12:19:49.349188, scheduled to end at 2025-03-19 12:19:49.349188 (processing time: 0.00 min)
2025-03-11 11:12:24,886 - root - INFO - Processing end event: Token Token-434 at node Monthly (Unknown)
2025-03-11 11:12:24,886 - root - INFO - Token Token-434 completed task 'Monthly' at 2025-03-19 12:19:49.349188.
2025-03-11 11:12:24,886 - root - INFO - Next nodes for Monthly: ['Review AM using Asset Change Tracker (5.5.13.1)']
2025-03-11 11:12:24,886 - root - INFO - Scheduling direct next node Review AM using Asset Change Tracker (5.5.13.1)
2025-03-11 11:12:24,886 - root - INFO - Token Token-434 waiting for resource 'Tech' at 2025-03-19 12:19:49.349188
2025-03-11 11:12:24,886 - root - INFO - Token Token-435 started task 'Monthly' at 2025-03-19 12:25:02.091910, scheduled to end at 2025-03-19 12:25:02.091910 (processing time: 0.00 min)
2025-03-11 11:12:24,886 - root - INFO - Processing end event: Token Token-435 at node Monthly (Unknown)
2025-03-11 11:12:24,886 - root - INFO - Token Token-435 completed task 'Monthly' at 2025-03-19 12:25:02.091910.
2025-03-11 11:12:24,886 - root - INFO - Next nodes for Monthly: ['Review AM using Asset Change Tracker (5.5.13.1)']
2025-03-11 11:12:24,886 - root - INFO - Scheduling direct next node Review AM using Asset Change Tracker (5.5.13.1)
2025-03-11 11:12:24,886 - root - INFO - Token Token-435 waiting for resource 'Tech' at 2025-03-19 12:25:02.091910
2025-03-11 11:12:24,886 - root - INFO - Token Token-436 started task 'Monthly' at 2025-03-19 12:29:17.443610, scheduled to end at 2025-03-19 12:29:17.443610 (processing time: 0.00 min)
2025-03-11 11:12:24,886 - root - INFO - Processing end event: Token Token-436 at node Monthly (Unknown)
2025-03-11 11:12:24,886 - root - INFO - Token Token-436 completed task 'Monthly' at 2025-03-19 12:29:17.443610.
2025-03-11 11:12:24,886 - root - INFO - Next nodes for Monthly: ['Review AM using Asset Change Tracker (5.5.13.1)']
2025-03-11 11:12:24,886 - root - INFO - Scheduling direct next node Review AM using Asset Change Tracker (5.5.13.1)
2025-03-11 11:12:24,886 - root - INFO - Token Token-436 waiting for resource 'Tech' at 2025-03-19 12:29:17.443610
2025-03-11 11:12:24,890 - root - INFO - Token Token-437 started task 'Monthly' at 2025-03-19 12:34:41.496854, scheduled to end at 2025-03-19 12:34:41.496854 (processing time: 0.00 min)
2025-03-11 11:12:24,891 - root - INFO - Processing end event: Token Token-437 at node Monthly (Unknown)
2025-03-11 11:12:24,892 - root - INFO - Token Token-437 completed task 'Monthly' at 2025-03-19 12:34:41.496854.
2025-03-11 11:12:24,892 - root - INFO - Next nodes for Monthly: ['Review AM using Asset Change Tracker (5.5.13.1)']
2025-03-11 11:12:24,892 - root - INFO - Scheduling direct next node Review AM using Asset Change Tracker (5.5.13.1)
2025-03-11 11:12:24,892 - root - INFO - Token Token-437 waiting for resource 'Tech' at 2025-03-19 12:34:41.496854
2025-03-11 11:12:24,893 - root - INFO - Token Token-438 started task 'Monthly' at 2025-03-19 12:41:05.411120, scheduled to end at 2025-03-19 12:41:05.411120 (processing time: 0.00 min)
2025-03-11 11:12:24,893 - root - INFO - Processing end event: Token Token-438 at node Monthly (Unknown)
2025-03-11 11:12:24,893 - root - INFO - Token Token-438 completed task 'Monthly' at 2025-03-19 12:41:05.411120.
2025-03-11 11:12:24,893 - root - INFO - Next nodes for Monthly: ['Review AM using Asset Change Tracker (5.5.13.1)']
2025-03-11 11:12:24,894 - root - INFO - Scheduling direct next node Review AM using Asset Change Tracker (5.5.13.1)
2025-03-11 11:12:24,894 - root - INFO - Token Token-438 waiting for resource 'Tech' at 2025-03-19 12:41:05.411120
2025-03-11 11:12:24,894 - root - INFO - Token Token-439 started task 'Monthly' at 2025-03-19 12:45:47.904268, scheduled to end at 2025-03-19 12:45:47.904268 (processing time: 0.00 min)
2025-03-11 11:12:24,894 - root - INFO - Processing end event: Token Token-439 at node Monthly (Unknown)
2025-03-11 11:12:24,895 - root - INFO - Token Token-439 completed task 'Monthly' at 2025-03-19 12:45:47.904268.
2025-03-11 11:12:24,895 - root - INFO - Next nodes for Monthly: ['Review AM using Asset Change Tracker (5.5.13.1)']
2025-03-11 11:12:24,895 - root - INFO - Scheduling direct next node Review AM using Asset Change Tracker (5.5.13.1)
2025-03-11 11:12:24,895 - root - INFO - Token Token-439 waiting for resource 'Tech' at 2025-03-19 12:45:47.904268
2025-03-11 11:12:24,895 - root - INFO - Token Token-440 started task 'Monthly' at 2025-03-19 12:51:46.310890, scheduled to end at 2025-03-19 12:51:46.310890 (processing time: 0.00 min)
2025-03-11 11:12:24,896 - root - INFO - Processing end event: Token Token-440 at node Monthly (Unknown)
2025-03-11 11:12:24,896 - root - INFO - Token Token-440 completed task 'Monthly' at 2025-03-19 12:51:46.310890.
2025-03-11 11:12:24,896 - root - INFO - Next nodes for Monthly: ['Review AM using Asset Change Tracker (5.5.13.1)']
2025-03-11 11:12:24,896 - root - INFO - Scheduling direct next node Review AM using Asset Change Tracker (5.5.13.1)
2025-03-11 11:12:24,896 - root - INFO - Token Token-440 waiting for resource 'Tech' at 2025-03-19 12:51:46.310890
2025-03-11 11:12:24,897 - root - INFO - Token Token-441 started task 'Monthly' at 2025-03-19 12:57:26.841835, scheduled to end at 2025-03-19 12:57:26.841835 (processing time: 0.00 min)
2025-03-11 11:12:24,897 - root - INFO - Processing end event: Token Token-441 at node Monthly (Unknown)
2025-03-11 11:12:24,897 - root - INFO - Token Token-441 completed task 'Monthly' at 2025-03-19 12:57:26.841835.
2025-03-11 11:12:24,897 - root - INFO - Next nodes for Monthly: ['Review AM using Asset Change Tracker (5.5.13.1)']
2025-03-11 11:12:24,898 - root - INFO - Scheduling direct next node Review AM using Asset Change Tracker (5.5.13.1)
2025-03-11 11:12:24,898 - root - INFO - Token Token-441 waiting for resource 'Tech' at 2025-03-19 12:57:26.841835
2025-03-11 11:12:24,898 - root - INFO - Token Token-442 started task 'Monthly' at 2025-03-19 13:02:54.432270, scheduled to end at 2025-03-19 13:02:54.432270 (processing time: 0.00 min)
2025-03-11 11:12:24,898 - root - INFO - Processing end event: Token Token-442 at node Monthly (Unknown)
2025-03-11 11:12:24,899 - root - INFO - Token Token-442 completed task 'Monthly' at 2025-03-19 13:02:54.432270.
2025-03-11 11:12:24,899 - root - INFO - Next nodes for Monthly: ['Review AM using Asset Change Tracker (5.5.13.1)']
2025-03-11 11:12:24,899 - root - INFO - Scheduling direct next node Review AM using Asset Change Tracker (5.5.13.1)
2025-03-11 11:12:24,899 - root - INFO - Token Token-442 waiting for resource 'Tech' at 2025-03-19 13:02:54.432270
2025-03-11 11:12:24,900 - root - INFO - Token Token-443 started task 'Monthly' at 2025-03-19 13:08:08.304215, scheduled to end at 2025-03-19 13:08:08.304215 (processing time: 0.00 min)
2025-03-11 11:12:24,900 - root - INFO - Processing end event: Token Token-443 at node Monthly (Unknown)
2025-03-11 11:12:24,900 - root - INFO - Token Token-443 completed task 'Monthly' at 2025-03-19 13:08:08.304215.
2025-03-11 11:12:24,900 - root - INFO - Next nodes for Monthly: ['Review AM using Asset Change Tracker (5.5.13.1)']
2025-03-11 11:12:24,900 - root - INFO - Scheduling direct next node Review AM using Asset Change Tracker (5.5.13.1)
2025-03-11 11:12:24,901 - root - INFO - Token Token-443 waiting for resource 'Tech' at 2025-03-19 13:08:08.304215
2025-03-11 11:12:24,901 - root - INFO - Token Token-444 started task 'Monthly' at 2025-03-19 13:14:24.919201, scheduled to end at 2025-03-19 13:14:24.919201 (processing time: 0.00 min)
2025-03-11 11:12:24,901 - root - INFO - Processing end event: Token Token-444 at node Monthly (Unknown)
2025-03-11 11:12:24,901 - root - INFO - Token Token-444 completed task 'Monthly' at 2025-03-19 13:14:24.919201.
2025-03-11 11:12:24,902 - root - INFO - Next nodes for Monthly: ['Review AM using Asset Change Tracker (5.5.13.1)']
2025-03-11 11:12:24,902 - root - INFO - Scheduling direct next node Review AM using Asset Change Tracker (5.5.13.1)
2025-03-11 11:12:24,902 - root - INFO - Token Token-444 waiting for resource 'Tech' at 2025-03-19 13:14:24.919201
2025-03-11 11:12:24,902 - root - INFO - Token Token-445 started task 'Monthly' at 2025-03-19 13:20:09.141830, scheduled to end at 2025-03-19 13:20:09.141830 (processing time: 0.00 min)
2025-03-11 11:12:24,903 - root - INFO - Processing end event: Token Token-445 at node Monthly (Unknown)
2025-03-11 11:12:24,903 - root - INFO - Token Token-445 completed task 'Monthly' at 2025-03-19 13:20:09.141830.
2025-03-11 11:12:24,903 - root - INFO - Next nodes for Monthly: ['Review AM using Asset Change Tracker (5.5.13.1)']
2025-03-11 11:12:24,903 - root - INFO - Scheduling direct next node Review AM using Asset Change Tracker (5.5.13.1)
2025-03-11 11:12:24,904 - root - INFO - Token Token-445 waiting for resource 'Tech' at 2025-03-19 13:20:09.141830
2025-03-11 11:12:24,904 - root - INFO - Token Token-446 started task 'Monthly' at 2025-03-19 13:26:07.709458, scheduled to end at 2025-03-19 13:26:07.709458 (processing time: 0.00 min)
2025-03-11 11:12:24,904 - root - INFO - Processing end event: Token Token-446 at node Monthly (Unknown)
2025-03-11 11:12:24,904 - root - INFO - Token Token-446 completed task 'Monthly' at 2025-03-19 13:26:07.709458.
2025-03-11 11:12:24,904 - root - INFO - Next nodes for Monthly: ['Review AM using Asset Change Tracker (5.5.13.1)']
2025-03-11 11:12:24,905 - root - INFO - Scheduling direct next node Review AM using Asset Change Tracker (5.5.13.1)
2025-03-11 11:12:24,905 - root - INFO - Token Token-446 waiting for resource 'Tech' at 2025-03-19 13:26:07.709458
2025-03-11 11:12:24,906 - root - INFO - Token Token-447 started task 'Monthly' at 2025-03-19 13:31:48.764103, scheduled to end at 2025-03-19 13:31:48.764103 (processing time: 0.00 min)
2025-03-11 11:12:24,907 - root - INFO - Processing end event: Token Token-447 at node Monthly (Unknown)
2025-03-11 11:12:24,907 - root - INFO - Token Token-447 completed task 'Monthly' at 2025-03-19 13:31:48.764103.
2025-03-11 11:12:24,908 - root - INFO - Next nodes for Monthly: ['Review AM using Asset Change Tracker (5.5.13.1)']
2025-03-11 11:12:24,908 - root - INFO - Scheduling direct next node Review AM using Asset Change Tracker (5.5.13.1)
2025-03-11 11:12:24,908 - root - INFO - Token Token-447 waiting for resource 'Tech' at 2025-03-19 13:31:48.764103
2025-03-11 11:12:24,909 - root - INFO - Token Token-448 started task 'Monthly' at 2025-03-19 13:38:10.748008, scheduled to end at 2025-03-19 13:38:10.748008 (processing time: 0.00 min)
2025-03-11 11:12:24,909 - root - INFO - Processing end event: Token Token-448 at node Monthly (Unknown)
2025-03-11 11:12:24,910 - root - INFO - Token Token-448 completed task 'Monthly' at 2025-03-19 13:38:10.748008.
2025-03-11 11:12:24,910 - root - INFO - Next nodes for Monthly: ['Review AM using Asset Change Tracker (5.5.13.1)']
2025-03-11 11:12:24,910 - root - INFO - Scheduling direct next node Review AM using Asset Change Tracker (5.5.13.1)
2025-03-11 11:12:24,911 - root - INFO - Token Token-448 waiting for resource 'Tech' at 2025-03-19 13:38:10.748008
2025-03-11 11:12:24,912 - root - INFO - Token Token-449 started task 'Monthly' at 2025-03-19 13:44:32.953831, scheduled to end at 2025-03-19 13:44:32.953831 (processing time: 0.00 min)
2025-03-11 11:12:24,913 - root - INFO - Processing end event: Token Token-449 at node Monthly (Unknown)
2025-03-11 11:12:24,914 - root - INFO - Token Token-449 completed task 'Monthly' at 2025-03-19 13:44:32.953831.
2025-03-11 11:12:24,935 - root - INFO - Next nodes for Monthly: ['Review AM using Asset Change Tracker (5.5.13.1)']
2025-03-11 11:12:24,936 - root - INFO - Scheduling direct next node Review AM using Asset Change Tracker (5.5.13.1)
2025-03-11 11:12:24,936 - root - INFO - Token Token-449 waiting for resource 'Tech' at 2025-03-19 13:44:32.953831
2025-03-11 11:12:24,937 - root - INFO - Token Token-450 started task 'Monthly' at 2025-03-19 13:50:17.226525, scheduled to end at 2025-03-19 13:50:17.226525 (processing time: 0.00 min)
2025-03-11 11:12:24,937 - root - INFO - Processing end event: Token Token-450 at node Monthly (Unknown)
2025-03-11 11:12:24,937 - root - INFO - Token Token-450 completed task 'Monthly' at 2025-03-19 13:50:17.226525.
2025-03-11 11:12:24,938 - root - INFO - Next nodes for Monthly: ['Review AM using Asset Change Tracker (5.5.13.1)']
2025-03-11 11:12:24,938 - root - INFO - Scheduling direct next node Review AM using Asset Change Tracker (5.5.13.1)
2025-03-11 11:12:24,939 - root - INFO - Token Token-450 waiting for resource 'Tech' at 2025-03-19 13:50:17.226525
2025-03-11 11:12:24,939 - root - INFO - Token Token-451 started task 'Monthly' at 2025-03-19 13:56:05.906954, scheduled to end at 2025-03-19 13:56:05.906954 (processing time: 0.00 min)
2025-03-11 11:12:24,940 - root - INFO - Processing end event: Token Token-451 at node Monthly (Unknown)
2025-03-11 11:12:24,940 - root - INFO - Token Token-451 completed task 'Monthly' at 2025-03-19 13:56:05.906954.
2025-03-11 11:12:24,940 - root - INFO - Next nodes for Monthly: ['Review AM using Asset Change Tracker (5.5.13.1)']
2025-03-11 11:12:24,941 - root - INFO - Scheduling direct next node Review AM using Asset Change Tracker (5.5.13.1)
2025-03-11 11:12:24,941 - root - INFO - Token Token-451 waiting for resource 'Tech' at 2025-03-19 13:56:05.906954
2025-03-11 11:12:24,941 - root - INFO - Token Token-452 started task 'Monthly' at 2025-03-20 08:00:00, scheduled to end at 2025-03-20 08:00:00 (processing time: 0.00 min)
2025-03-11 11:12:24,942 - root - INFO - Processing end event: Token Token-452 at node Monthly (Unknown)
2025-03-11 11:12:24,943 - root - INFO - Token Token-452 completed task 'Monthly' at 2025-03-20 08:00:00.
2025-03-11 11:12:24,943 - root - INFO - Next nodes for Monthly: ['Review AM using Asset Change Tracker (5.5.13.1)']
2025-03-11 11:12:24,943 - root - INFO - Scheduling direct next node Review AM using Asset Change Tracker (5.5.13.1)
2025-03-11 11:12:24,944 - root - INFO - Token Token-452 waiting for resource 'Tech' at 2025-03-20 08:00:00
2025-03-11 11:12:24,944 - root - INFO - Token Token-453 started task 'Monthly' at 2025-03-20 08:05:10.851479, scheduled to end at 2025-03-20 08:05:10.851479 (processing time: 0.00 min)
2025-03-11 11:12:24,944 - root - INFO - Processing end event: Token Token-453 at node Monthly (Unknown)
2025-03-11 11:12:24,944 - root - INFO - Token Token-453 completed task 'Monthly' at 2025-03-20 08:05:10.851479.
2025-03-11 11:12:24,944 - root - INFO - Next nodes for Monthly: ['Review AM using Asset Change Tracker (5.5.13.1)']
2025-03-11 11:12:24,945 - root - INFO - Scheduling direct next node Review AM using Asset Change Tracker (5.5.13.1)
2025-03-11 11:12:24,945 - root - INFO - Token Token-453 waiting for resource 'Tech' at 2025-03-20 08:05:10.851479
2025-03-11 11:12:24,945 - root - INFO - Token Token-454 started task 'Monthly' at 2025-03-20 08:11:37.295356, scheduled to end at 2025-03-20 08:11:37.295356 (processing time: 0.00 min)
2025-03-11 11:12:24,945 - root - INFO - Processing end event: Token Token-454 at node Monthly (Unknown)
2025-03-11 11:12:24,945 - root - INFO - Token Token-454 completed task 'Monthly' at 2025-03-20 08:11:37.295356.
2025-03-11 11:12:24,945 - root - INFO - Next nodes for Monthly: ['Review AM using Asset Change Tracker (5.5.13.1)']
2025-03-11 11:12:24,945 - root - INFO - Scheduling direct next node Review AM using Asset Change Tracker (5.5.13.1)
2025-03-11 11:12:24,945 - root - INFO - Token Token-454 waiting for resource 'Tech' at 2025-03-20 08:11:37.295356
2025-03-11 11:12:24,945 - root - INFO - Simulation complete. Collecting results...
2025-03-11 11:12:24,945 - root - INFO - Processing results...
2025-03-11 11:12:25,055 - root - INFO - Results exported to 5.5.13 Real Property-Monthly Reviews-Inclusive_results.xlsx
2025-03-11 11:12:57,956 - root - INFO - Application exited normally
