2025-03-08 19:59:45,300 - root - INFO - Logging initialized
2025-03-08 19:59:45,300 - root - INFO - Starting Bizagi Process Simulator
2025-03-08 19:59:45,300 - root - INFO - NetworkX compatibility patch applied
2025-03-08 19:59:45,300 - root - INFO - Settings loaded from bizagi_simulator_settings.json
2025-03-08 19:59:45,300 - root - INFO - Configuration loaded
2025-03-08 19:59:46,027 - root - INFO - Application UI initialized
2025-03-08 20:01:58,806 - root - INFO - XPDL parsed into sequences: 5.5.13 Real Property-Monthly Reviews-2_sequences.txt
2025-03-08 20:01:58,806 - root - INFO - Process model built with 8 nodes and 9 edges
2025-03-08 20:01:58,806 - root - INFO - Process paths written to: 5.5.13 Real Property-Monthly Reviews-2_process_paths.txt
2025-03-08 20:02:12,062 - root - INFO - Loading data...
2025-03-08 20:02:12,093 - root - INFO - Successfully loaded XPDL file: C:/Users/kcmclau.EVOFORGE/Repos/bizagi_simulations/Bizagi/5.5_1/5.5.13 Real Property-Monthly Reviews-2.xpdl
2025-03-08 20:02:12,093 - root - INFO - Successfully loaded metrics from C:/Users/kcmclau.EVOFORGE/Repos/bizagi_simulations/Bizagi/simulation_metrics-2_modified.xlsx
2025-03-08 20:02:12,093 - root - INFO - Loaded 7 rows with columns: name, type, resource, available resources, avg time, min time, max time, yes, no, arrival interval, max arrival count
2025-03-08 20:02:12,093 - root - INFO - Preprocessed simulation metrics data
2025-03-08 20:02:12,093 - root - INFO - Building process model from XPDL...
2025-03-08 20:02:12,121 - root - INFO - Converting graph to ProcessModel...
2025-03-08 20:02:12,122 - root - INFO - Built process model with 8 nodes and 9 links
2025-03-08 20:02:12,123 - root - INFO - Found 1 start nodes: ['Monthly']
2025-03-08 20:02:12,126 - root - INFO - Found 1 start nodes: ['Monthly']
2025-03-08 20:02:12,129 - root - INFO - Setting up simulation...
2025-03-08 20:02:12,131 - root - INFO - Found 2 resources in process model: {'Tech': 1, 'Certifier': 1}
2025-03-08 20:02:12,146 - root - INFO - Scheduling tokens...
2025-03-08 20:02:12,146 - root - INFO - Scheduling 500 tokens with triangular distribution...
2025-03-08 20:02:12,146 - root - INFO - Found 1 start nodes: ['Monthly']
2025-03-08 20:02:12,329 - root - INFO - Scheduling up to 500 tokens over 77041 available minutes
2025-03-08 20:02:12,329 - root - INFO - Scheduled Token-1 to start at 2025-03-10 08:00:00.
2025-03-08 20:02:12,329 - root - INFO - Scheduled Token-2 to start at 2025-03-10 08:05:58.378382.
2025-03-08 20:02:12,329 - root - INFO - Scheduled Token-3 to start at 2025-03-10 08:12:08.600421.
2025-03-08 20:02:12,329 - root - INFO - Scheduled Token-4 to start at 2025-03-10 08:17:02.680284.
2025-03-08 20:02:12,339 - root - INFO - Scheduled Token-5 to start at 2025-03-10 08:21:40.634593.
2025-03-08 20:02:12,339 - root - INFO - Scheduled Token-6 to start at 2025-03-10 08:26:51.756418.
2025-03-08 20:02:12,339 - root - INFO - Scheduled Token-7 to start at 2025-03-10 08:32:18.609801.
2025-03-08 20:02:12,339 - root - INFO - Scheduled Token-8 to start at 2025-03-10 08:38:27.587341.
2025-03-08 20:02:12,339 - root - INFO - Scheduled Token-9 to start at 2025-03-10 08:42:41.786479.
2025-03-08 20:02:12,339 - root - INFO - Scheduled Token-10 to start at 2025-03-10 08:48:38.311666.
2025-03-08 20:02:12,339 - root - INFO - Scheduled Token-11 to start at 2025-03-10 08:54:11.408650.
2025-03-08 20:02:12,339 - root - INFO - Scheduled Token-12 to start at 2025-03-10 08:58:52.582205.
2025-03-08 20:02:12,339 - root - INFO - Scheduled Token-13 to start at 2025-03-10 09:05:05.302698.
2025-03-08 20:02:12,339 - root - INFO - Scheduled Token-14 to start at 2025-03-10 09:10:39.738185.
2025-03-08 20:02:12,339 - root - INFO - Scheduled Token-15 to start at 2025-03-10 09:17:03.867453.
2025-03-08 20:02:12,339 - root - INFO - Scheduled Token-16 to start at 2025-03-10 09:22:56.402325.
2025-03-08 20:02:12,339 - root - INFO - Scheduled Token-17 to start at 2025-03-10 09:28:40.572955.
2025-03-08 20:02:12,339 - root - INFO - Scheduled Token-18 to start at 2025-03-10 09:34:40.362896.
2025-03-08 20:02:12,339 - root - INFO - Scheduled Token-19 to start at 2025-03-10 09:40:06.108324.
2025-03-08 20:02:12,339 - root - INFO - Scheduled Token-20 to start at 2025-03-10 09:46:16.273425.
2025-03-08 20:02:12,339 - root - INFO - Scheduled Token-21 to start at 2025-03-10 09:51:07.391516.
2025-03-08 20:02:12,339 - root - INFO - Scheduled Token-22 to start at 2025-03-10 09:55:54.274973.
2025-03-08 20:02:12,339 - root - INFO - Scheduled Token-23 to start at 2025-03-10 10:00:42.705295.
2025-03-08 20:02:12,339 - root - INFO - Scheduled Token-24 to start at 2025-03-10 10:07:07.209886.
2025-03-08 20:02:12,339 - root - INFO - Scheduled Token-25 to start at 2025-03-10 10:11:55.430296.
2025-03-08 20:02:12,339 - root - INFO - Scheduled Token-26 to start at 2025-03-10 10:18:19.211774.
2025-03-08 20:02:12,339 - root - INFO - Scheduled Token-27 to start at 2025-03-10 10:24:12.782727.
2025-03-08 20:02:12,339 - root - INFO - Scheduled Token-28 to start at 2025-03-10 10:30:07.193428.
2025-03-08 20:02:12,339 - root - INFO - Scheduled Token-29 to start at 2025-03-10 10:34:49.353211.
2025-03-08 20:02:12,339 - root - INFO - Scheduled Token-30 to start at 2025-03-10 10:39:28.979539.
2025-03-08 20:02:12,339 - root - INFO - Scheduled Token-31 to start at 2025-03-10 10:45:40.437696.
2025-03-08 20:02:12,339 - root - INFO - Scheduled Token-32 to start at 2025-03-10 10:51:05.164424.
2025-03-08 20:02:12,339 - root - INFO - Scheduled Token-33 to start at 2025-03-10 10:57:11.619310.
2025-03-08 20:02:12,339 - root - INFO - Scheduled Token-34 to start at 2025-03-10 11:02:52.674362.
2025-03-08 20:02:12,339 - root - INFO - Scheduled Token-35 to start at 2025-03-10 11:09:13.843849.
2025-03-08 20:02:12,339 - root - INFO - Scheduled Token-36 to start at 2025-03-10 11:15:33.922597.
2025-03-08 20:02:12,339 - root - INFO - Scheduled Token-37 to start at 2025-03-10 11:20:58.231545.
2025-03-08 20:02:12,339 - root - INFO - Scheduled Token-38 to start at 2025-03-10 11:26:26.317591.
2025-03-08 20:02:12,339 - root - INFO - Scheduled Token-39 to start at 2025-03-10 11:32:14.592830.
2025-03-08 20:02:12,339 - root - INFO - Scheduled Token-40 to start at 2025-03-10 11:38:07.214818.
2025-03-08 20:02:12,339 - root - INFO - Scheduled Token-41 to start at 2025-03-10 11:44:29.381943.
2025-03-08 20:02:12,339 - root - INFO - Scheduled Token-42 to start at 2025-03-10 11:50:49.801927.
2025-03-08 20:02:12,339 - root - INFO - Scheduled Token-43 to start at 2025-03-10 11:55:09.218342.
2025-03-08 20:02:12,339 - root - INFO - Scheduled Token-44 to start at 2025-03-10 11:59:48.544163.
2025-03-08 20:02:12,339 - root - INFO - Scheduled Token-45 to start at 2025-03-10 12:05:53.893817.
2025-03-08 20:02:12,339 - root - INFO - Scheduled Token-46 to start at 2025-03-10 12:12:00.316491.
2025-03-08 20:02:12,339 - root - INFO - Scheduled Token-47 to start at 2025-03-10 12:17:40.372128.
2025-03-08 20:02:12,339 - root - INFO - Scheduled Token-48 to start at 2025-03-10 12:22:46.887247.
2025-03-08 20:02:12,339 - root - INFO - Scheduled Token-49 to start at 2025-03-10 12:28:53.223497.
2025-03-08 20:02:12,339 - root - INFO - Scheduled Token-50 to start at 2025-03-10 12:34:19.194493.
2025-03-08 20:02:12,339 - root - INFO - Scheduled Token-51 to start at 2025-03-10 12:38:32.168702.
2025-03-08 20:02:12,339 - root - INFO - Scheduled Token-52 to start at 2025-03-10 12:43:49.836997.
2025-03-08 20:02:12,339 - root - INFO - Scheduled Token-53 to start at 2025-03-10 12:49:48.068968.
2025-03-08 20:02:12,339 - root - INFO - Scheduled Token-54 to start at 2025-03-10 12:55:24.851786.
2025-03-08 20:02:12,339 - root - INFO - Scheduled Token-55 to start at 2025-03-10 13:01:21.485244.
2025-03-08 20:02:12,339 - root - INFO - Scheduled Token-56 to start at 2025-03-10 13:06:48.913877.
2025-03-08 20:02:12,349 - root - INFO - Scheduled Token-57 to start at 2025-03-10 13:11:39.776385.
2025-03-08 20:02:12,349 - root - INFO - Scheduled Token-58 to start at 2025-03-10 13:17:58.302752.
2025-03-08 20:02:12,349 - root - INFO - Scheduled Token-59 to start at 2025-03-10 13:24:11.829792.
2025-03-08 20:02:12,349 - root - INFO - Scheduled Token-60 to start at 2025-03-10 13:30:36.789975.
2025-03-08 20:02:12,349 - root - INFO - Scheduled Token-61 to start at 2025-03-10 13:36:26.785064.
2025-03-08 20:02:12,349 - root - INFO - Scheduled Token-62 to start at 2025-03-10 13:42:05.288684.
2025-03-08 20:02:12,349 - root - INFO - Scheduled Token-63 to start at 2025-03-10 13:46:48.169890.
2025-03-08 20:02:12,349 - root - INFO - Scheduled Token-64 to start at 2025-03-10 13:52:16.254346.
2025-03-08 20:02:12,349 - root - INFO - Scheduled Token-65 to start at 2025-03-10 13:57:27.715482.
2025-03-08 20:02:12,349 - root - INFO - Scheduled Token-66 to start at 2025-03-11 08:00:00.
2025-03-08 20:02:12,349 - root - INFO - Scheduled Token-67 to start at 2025-03-11 08:05:33.642955.
2025-03-08 20:02:12,349 - root - INFO - Scheduled Token-68 to start at 2025-03-11 08:11:41.424483.
2025-03-08 20:02:12,349 - root - INFO - Scheduled Token-69 to start at 2025-03-11 08:17:41.099683.
2025-03-08 20:02:12,349 - root - INFO - Scheduled Token-70 to start at 2025-03-11 08:23:46.582366.
2025-03-08 20:02:12,349 - root - INFO - Scheduled Token-71 to start at 2025-03-11 08:29:48.194569.
2025-03-08 20:02:12,349 - root - INFO - Scheduled Token-72 to start at 2025-03-11 08:34:20.347421.
2025-03-08 20:02:12,349 - root - INFO - Scheduled Token-73 to start at 2025-03-11 08:38:41.665081.
2025-03-08 20:02:12,349 - root - INFO - Scheduled Token-74 to start at 2025-03-11 08:44:37.700735.
2025-03-08 20:02:12,349 - root - INFO - Scheduled Token-75 to start at 2025-03-11 08:49:53.736110.
2025-03-08 20:02:12,349 - root - INFO - Scheduled Token-76 to start at 2025-03-11 08:55:33.117873.
2025-03-08 20:02:12,349 - root - INFO - Scheduled Token-77 to start at 2025-03-11 09:01:34.030117.
2025-03-08 20:02:12,349 - root - INFO - Scheduled Token-78 to start at 2025-03-11 09:06:14.460616.
2025-03-08 20:02:12,349 - root - INFO - Scheduled Token-79 to start at 2025-03-11 09:11:53.030560.
2025-03-08 20:02:12,349 - root - INFO - Scheduled Token-80 to start at 2025-03-11 09:17:34.591103.
2025-03-08 20:02:12,349 - root - INFO - Scheduled Token-81 to start at 2025-03-11 09:23:18.517885.
2025-03-08 20:02:12,349 - root - INFO - Scheduled Token-82 to start at 2025-03-11 09:29:17.379211.
2025-03-08 20:02:12,349 - root - INFO - Scheduled Token-83 to start at 2025-03-11 09:35:40.231781.
2025-03-08 20:02:12,349 - root - INFO - Scheduled Token-84 to start at 2025-03-11 09:40:48.218536.
2025-03-08 20:02:12,349 - root - INFO - Scheduled Token-85 to start at 2025-03-11 09:46:00.506509.
2025-03-08 20:02:12,349 - root - INFO - Scheduled Token-86 to start at 2025-03-11 09:51:27.921989.
2025-03-08 20:02:12,349 - root - INFO - Scheduled Token-87 to start at 2025-03-11 09:57:46.499947.
2025-03-08 20:02:12,349 - root - INFO - Scheduled Token-88 to start at 2025-03-11 10:03:18.498025.
2025-03-08 20:02:12,349 - root - INFO - Scheduled Token-89 to start at 2025-03-11 10:08:50.017997.
2025-03-08 20:02:12,349 - root - INFO - Scheduled Token-90 to start at 2025-03-11 10:14:14.827302.
2025-03-08 20:02:12,349 - root - INFO - Scheduled Token-91 to start at 2025-03-11 10:19:54.659835.
2025-03-08 20:02:12,349 - root - INFO - Scheduled Token-92 to start at 2025-03-11 10:26:15.540279.
2025-03-08 20:02:12,349 - root - INFO - Scheduled Token-93 to start at 2025-03-11 10:32:23.646619.
2025-03-08 20:02:12,349 - root - INFO - Scheduled Token-94 to start at 2025-03-11 10:38:34.177530.
2025-03-08 20:02:12,349 - root - INFO - Scheduled Token-95 to start at 2025-03-11 10:44:31.607265.
2025-03-08 20:02:12,349 - root - INFO - Scheduled Token-96 to start at 2025-03-11 10:50:13.223813.
2025-03-08 20:02:12,349 - root - INFO - Scheduled Token-97 to start at 2025-03-11 10:56:01.272787.
2025-03-08 20:02:12,349 - root - INFO - Scheduled Token-98 to start at 2025-03-11 11:00:32.486466.
2025-03-08 20:02:12,349 - root - INFO - Scheduled Token-99 to start at 2025-03-11 11:05:06.602683.
2025-03-08 20:02:12,365 - root - INFO - Scheduled Token-100 to start at 2025-03-11 11:11:09.307674.
2025-03-08 20:02:12,366 - root - INFO - Scheduled Token-101 to start at 2025-03-11 11:16:30.245827.
2025-03-08 20:02:12,366 - root - INFO - Scheduled Token-102 to start at 2025-03-11 11:22:45.630329.
2025-03-08 20:02:12,366 - root - INFO - Scheduled Token-103 to start at 2025-03-11 11:27:51.832177.
2025-03-08 20:02:12,366 - root - INFO - Scheduled Token-104 to start at 2025-03-11 11:34:10.572314.
2025-03-08 20:02:12,366 - root - INFO - Scheduled Token-105 to start at 2025-03-11 11:39:47.398446.
2025-03-08 20:02:12,367 - root - INFO - Scheduled Token-106 to start at 2025-03-11 11:45:55.702495.
2025-03-08 20:02:12,367 - root - INFO - Scheduled Token-107 to start at 2025-03-11 11:51:50.632910.
2025-03-08 20:02:12,367 - root - INFO - Scheduled Token-108 to start at 2025-03-11 11:58:03.930368.
2025-03-08 20:02:12,368 - root - INFO - Scheduled Token-109 to start at 2025-03-11 12:04:05.165533.
2025-03-08 20:02:12,368 - root - INFO - Scheduled Token-110 to start at 2025-03-11 12:09:38.726271.
2025-03-08 20:02:12,368 - root - INFO - Scheduled Token-111 to start at 2025-03-11 12:15:27.059555.
2025-03-08 20:02:12,368 - root - INFO - Scheduled Token-112 to start at 2025-03-11 12:20:46.446636.
2025-03-08 20:02:12,369 - root - INFO - Scheduled Token-113 to start at 2025-03-11 12:27:10.604672.
2025-03-08 20:02:12,369 - root - INFO - Scheduled Token-114 to start at 2025-03-11 12:32:28.060235.
2025-03-08 20:02:12,369 - root - INFO - Scheduled Token-115 to start at 2025-03-11 12:38:38.187424.
2025-03-08 20:02:12,370 - root - INFO - Scheduled Token-116 to start at 2025-03-11 12:42:57.858465.
2025-03-08 20:02:12,370 - root - INFO - Scheduled Token-117 to start at 2025-03-11 12:48:02.155898.
2025-03-08 20:02:12,371 - root - INFO - Scheduled Token-118 to start at 2025-03-11 12:54:20.087845.
2025-03-08 20:02:12,371 - root - INFO - Scheduled Token-119 to start at 2025-03-11 13:00:30.112989.
2025-03-08 20:02:12,371 - root - INFO - Scheduled Token-120 to start at 2025-03-11 13:06:12.138814.
2025-03-08 20:02:12,372 - root - INFO - Scheduled Token-121 to start at 2025-03-11 13:12:24.349136.
2025-03-08 20:02:12,372 - root - INFO - Scheduled Token-122 to start at 2025-03-11 13:18:11.075155.
2025-03-08 20:02:12,372 - root - INFO - Scheduled Token-123 to start at 2025-03-11 13:24:15.301352.
2025-03-08 20:02:12,373 - root - INFO - Scheduled Token-124 to start at 2025-03-11 13:29:18.860132.
2025-03-08 20:02:12,373 - root - INFO - Scheduled Token-125 to start at 2025-03-11 13:35:20.910264.
2025-03-08 20:02:12,373 - root - INFO - Scheduled Token-126 to start at 2025-03-11 13:41:36.220600.
2025-03-08 20:02:12,374 - root - INFO - Scheduled Token-127 to start at 2025-03-11 13:47:29.722384.
2025-03-08 20:02:12,375 - root - INFO - Scheduled Token-128 to start at 2025-03-11 13:53:42.612359.
2025-03-08 20:02:12,375 - root - INFO - Scheduled Token-129 to start at 2025-03-11 13:59:24.337048.
2025-03-08 20:02:12,375 - root - INFO - Scheduled Token-130 to start at 2025-03-12 08:00:00.
2025-03-08 20:02:12,376 - root - INFO - Scheduled Token-131 to start at 2025-03-12 08:05:06.057186.
2025-03-08 20:02:12,378 - root - INFO - Scheduled Token-132 to start at 2025-03-12 08:10:26.259495.
2025-03-08 20:02:12,378 - root - INFO - Scheduled Token-133 to start at 2025-03-12 08:15:47.069738.
2025-03-08 20:02:12,397 - root - INFO - Scheduled Token-134 to start at 2025-03-12 08:21:03.150950.
2025-03-08 20:02:12,398 - root - INFO - Scheduled Token-135 to start at 2025-03-12 08:26:47.073585.
2025-03-08 20:02:12,398 - root - INFO - Scheduled Token-136 to start at 2025-03-12 08:32:55.854364.
2025-03-08 20:02:12,399 - root - INFO - Scheduled Token-137 to start at 2025-03-12 08:39:00.936639.
2025-03-08 20:02:12,399 - root - INFO - Scheduled Token-138 to start at 2025-03-12 08:45:22.135050.
2025-03-08 20:02:12,399 - root - INFO - Scheduled Token-139 to start at 2025-03-12 08:51:09.312222.
2025-03-08 20:02:12,400 - root - INFO - Scheduled Token-140 to start at 2025-03-12 08:56:58.861504.
2025-03-08 20:02:12,400 - root - INFO - Scheduled Token-141 to start at 2025-03-12 09:02:23.630963.
2025-03-08 20:02:12,401 - root - INFO - Scheduled Token-142 to start at 2025-03-12 09:06:46.923920.
2025-03-08 20:02:12,401 - root - INFO - Scheduled Token-143 to start at 2025-03-12 09:12:11.930270.
2025-03-08 20:02:12,402 - root - INFO - Scheduled Token-144 to start at 2025-03-12 09:17:58.238153.
2025-03-08 20:02:12,402 - root - INFO - Scheduled Token-145 to start at 2025-03-12 09:22:42.749831.
2025-03-08 20:02:12,402 - root - INFO - Scheduled Token-146 to start at 2025-03-12 09:27:32.034745.
2025-03-08 20:02:12,403 - root - INFO - Scheduled Token-147 to start at 2025-03-12 09:32:51.791870.
2025-03-08 20:02:12,403 - root - INFO - Scheduled Token-148 to start at 2025-03-12 09:38:36.403563.
2025-03-08 20:02:12,403 - root - INFO - Scheduled Token-149 to start at 2025-03-12 09:44:45.855043.
2025-03-08 20:02:12,405 - root - INFO - Scheduled Token-150 to start at 2025-03-12 09:51:08.544391.
2025-03-08 20:02:12,405 - root - INFO - Scheduled Token-151 to start at 2025-03-12 09:55:39.763786.
2025-03-08 20:02:12,405 - root - INFO - Scheduled Token-152 to start at 2025-03-12 10:00:48.420320.
2025-03-08 20:02:12,405 - root - INFO - Scheduled Token-153 to start at 2025-03-12 10:07:05.550691.
2025-03-08 20:02:12,406 - root - INFO - Scheduled Token-154 to start at 2025-03-12 10:12:57.134399.
2025-03-08 20:02:12,406 - root - INFO - Scheduled Token-155 to start at 2025-03-12 10:18:47.230944.
2025-03-08 20:02:12,406 - root - INFO - Scheduled Token-156 to start at 2025-03-12 10:24:42.374642.
2025-03-08 20:02:12,406 - root - INFO - Scheduled Token-157 to start at 2025-03-12 10:29:16.691967.
2025-03-08 20:02:12,406 - root - INFO - Scheduled Token-158 to start at 2025-03-12 10:35:30.400762.
2025-03-08 20:02:12,406 - root - INFO - Scheduled Token-159 to start at 2025-03-12 10:40:05.208361.
2025-03-08 20:02:12,406 - root - INFO - Scheduled Token-160 to start at 2025-03-12 10:44:50.372972.
2025-03-08 20:02:12,406 - root - INFO - Scheduled Token-161 to start at 2025-03-12 10:50:18.749755.
2025-03-08 20:02:12,406 - root - INFO - Scheduled Token-162 to start at 2025-03-12 10:56:14.093207.
2025-03-08 20:02:12,406 - root - INFO - Scheduled Token-163 to start at 2025-03-12 11:02:00.021408.
2025-03-08 20:02:12,406 - root - INFO - Scheduled Token-164 to start at 2025-03-12 11:08:07.109910.
2025-03-08 20:02:12,409 - root - INFO - Scheduled Token-165 to start at 2025-03-12 11:13:57.573997.
2025-03-08 20:02:12,409 - root - INFO - Scheduled Token-166 to start at 2025-03-12 11:20:21.036525.
2025-03-08 20:02:12,409 - root - INFO - Scheduled Token-167 to start at 2025-03-12 11:25:24.634048.
2025-03-08 20:02:12,409 - root - INFO - Scheduled Token-168 to start at 2025-03-12 11:30:35.261729.
2025-03-08 20:02:12,409 - root - INFO - Scheduled Token-169 to start at 2025-03-12 11:36:30.024121.
2025-03-08 20:02:12,410 - root - INFO - Scheduled Token-170 to start at 2025-03-12 11:42:47.921128.
2025-03-08 20:02:12,410 - root - INFO - Scheduled Token-171 to start at 2025-03-12 11:48:22.522155.
2025-03-08 20:02:12,410 - root - INFO - Scheduled Token-172 to start at 2025-03-12 11:54:21.828767.
2025-03-08 20:02:12,410 - root - INFO - Scheduled Token-173 to start at 2025-03-12 12:00:34.136853.
2025-03-08 20:02:12,411 - root - INFO - Scheduled Token-174 to start at 2025-03-12 12:06:54.766216.
2025-03-08 20:02:12,411 - root - INFO - Scheduled Token-175 to start at 2025-03-12 12:13:19.949433.
2025-03-08 20:02:12,411 - root - INFO - Scheduled Token-176 to start at 2025-03-12 12:18:29.950455.
2025-03-08 20:02:12,411 - root - INFO - Scheduled Token-177 to start at 2025-03-12 12:24:54.857404.
2025-03-08 20:02:12,412 - root - INFO - Scheduled Token-178 to start at 2025-03-12 12:30:42.177521.
2025-03-08 20:02:12,412 - root - INFO - Scheduled Token-179 to start at 2025-03-12 12:36:08.529974.
2025-03-08 20:02:12,412 - root - INFO - Scheduled Token-180 to start at 2025-03-12 12:42:13.932101.
2025-03-08 20:02:12,412 - root - INFO - Scheduled Token-181 to start at 2025-03-12 12:46:59.692413.
2025-03-08 20:02:12,412 - root - INFO - Scheduled Token-182 to start at 2025-03-12 12:51:59.824297.
2025-03-08 20:02:12,413 - root - INFO - Scheduled Token-183 to start at 2025-03-12 12:57:37.586322.
2025-03-08 20:02:12,413 - root - INFO - Scheduled Token-184 to start at 2025-03-12 13:02:36.625966.
2025-03-08 20:02:12,413 - root - INFO - Scheduled Token-185 to start at 2025-03-12 13:07:48.662835.
2025-03-08 20:02:12,413 - root - INFO - Scheduled Token-186 to start at 2025-03-12 13:12:49.168381.
2025-03-08 20:02:12,413 - root - INFO - Scheduled Token-187 to start at 2025-03-12 13:18:48.483685.
2025-03-08 20:02:12,414 - root - INFO - Scheduled Token-188 to start at 2025-03-12 13:24:02.924948.
2025-03-08 20:02:12,414 - root - INFO - Scheduled Token-189 to start at 2025-03-12 13:29:48.000063.
2025-03-08 20:02:12,414 - root - INFO - Scheduled Token-190 to start at 2025-03-12 13:35:18.392274.
2025-03-08 20:02:12,414 - root - INFO - Scheduled Token-191 to start at 2025-03-12 13:41:30.241455.
2025-03-08 20:02:12,414 - root - INFO - Scheduled Token-192 to start at 2025-03-12 13:47:55.335283.
2025-03-08 20:02:12,415 - root - INFO - Scheduled Token-193 to start at 2025-03-12 13:54:20.488415.
2025-03-08 20:02:12,415 - root - INFO - Scheduled Token-194 to start at 2025-03-12 13:59:25.439625.
2025-03-08 20:02:12,415 - root - INFO - Scheduled Token-195 to start at 2025-03-13 08:00:00.
2025-03-08 20:02:12,415 - root - INFO - Scheduled Token-196 to start at 2025-03-13 08:05:19.811485.
2025-03-08 20:02:12,415 - root - INFO - Scheduled Token-197 to start at 2025-03-13 08:11:27.929984.
2025-03-08 20:02:12,416 - root - INFO - Scheduled Token-198 to start at 2025-03-13 08:15:50.079279.
2025-03-08 20:02:12,416 - root - INFO - Scheduled Token-199 to start at 2025-03-13 08:20:14.825593.
2025-03-08 20:02:12,418 - root - INFO - Scheduled Token-200 to start at 2025-03-13 08:25:03.113243.
2025-03-08 20:02:12,420 - root - INFO - Scheduled Token-201 to start at 2025-03-13 08:31:04.076286.
2025-03-08 20:02:12,420 - root - INFO - Scheduled Token-202 to start at 2025-03-13 08:37:16.934321.
2025-03-08 20:02:12,420 - root - INFO - Scheduled Token-203 to start at 2025-03-13 08:42:48.441371.
2025-03-08 20:02:12,420 - root - INFO - Scheduled Token-204 to start at 2025-03-13 08:47:19.832162.
2025-03-08 20:02:12,421 - root - INFO - Scheduled Token-205 to start at 2025-03-13 08:53:44.939469.
2025-03-08 20:02:12,421 - root - INFO - Scheduled Token-206 to start at 2025-03-13 08:58:35.577666.
2025-03-08 20:02:12,421 - root - INFO - Scheduled Token-207 to start at 2025-03-13 09:03:07.339551.
2025-03-08 20:02:12,422 - root - INFO - Scheduled Token-208 to start at 2025-03-13 09:07:17.204252.
2025-03-08 20:02:12,422 - root - INFO - Scheduled Token-209 to start at 2025-03-13 09:12:36.257745.
2025-03-08 20:02:12,422 - root - INFO - Scheduled Token-210 to start at 2025-03-13 09:18:56.658475.
2025-03-08 20:02:12,423 - root - INFO - Scheduled Token-211 to start at 2025-03-13 09:24:26.859284.
2025-03-08 20:02:12,423 - root - INFO - Scheduled Token-212 to start at 2025-03-13 09:29:57.942292.
2025-03-08 20:02:12,424 - root - INFO - Scheduled Token-213 to start at 2025-03-13 09:36:11.789844.
2025-03-08 20:02:12,424 - root - INFO - Scheduled Token-214 to start at 2025-03-13 09:42:20.584341.
2025-03-08 20:02:12,444 - root - INFO - Scheduled Token-215 to start at 2025-03-13 09:48:33.113274.
2025-03-08 20:02:12,445 - root - INFO - Scheduled Token-216 to start at 2025-03-13 09:54:40.040564.
2025-03-08 20:02:12,445 - root - INFO - Scheduled Token-217 to start at 2025-03-13 09:59:53.457881.
2025-03-08 20:02:12,446 - root - INFO - Scheduled Token-218 to start at 2025-03-13 10:06:13.406445.
2025-03-08 20:02:12,446 - root - INFO - Scheduled Token-219 to start at 2025-03-13 10:11:48.088886.
2025-03-08 20:02:12,446 - root - INFO - Scheduled Token-220 to start at 2025-03-13 10:18:04.158662.
2025-03-08 20:02:12,447 - root - INFO - Scheduled Token-221 to start at 2025-03-13 10:23:09.666042.
2025-03-08 20:02:12,447 - root - INFO - Scheduled Token-222 to start at 2025-03-13 10:29:14.171732.
2025-03-08 20:02:12,447 - root - INFO - Scheduled Token-223 to start at 2025-03-13 10:34:58.984235.
2025-03-08 20:02:12,449 - root - INFO - Scheduled Token-224 to start at 2025-03-13 10:41:17.506777.
2025-03-08 20:02:12,449 - root - INFO - Scheduled Token-225 to start at 2025-03-13 10:46:11.181821.
2025-03-08 20:02:12,449 - root - INFO - Scheduled Token-226 to start at 2025-03-13 10:52:35.756056.
2025-03-08 20:02:12,450 - root - INFO - Scheduled Token-227 to start at 2025-03-13 10:58:06.096070.
2025-03-08 20:02:12,450 - root - INFO - Scheduled Token-228 to start at 2025-03-13 11:04:24.320562.
2025-03-08 20:02:12,450 - root - INFO - Scheduled Token-229 to start at 2025-03-13 11:10:32.140857.
2025-03-08 20:02:12,453 - root - INFO - Scheduled Token-230 to start at 2025-03-13 11:16:19.496339.
2025-03-08 20:02:12,453 - root - INFO - Scheduled Token-231 to start at 2025-03-13 11:22:46.021136.
2025-03-08 20:02:12,453 - root - INFO - Scheduled Token-232 to start at 2025-03-13 11:27:52.049175.
2025-03-08 20:02:12,453 - root - INFO - Scheduled Token-233 to start at 2025-03-13 11:33:30.226521.
2025-03-08 20:02:12,453 - root - INFO - Scheduled Token-234 to start at 2025-03-13 11:39:43.011478.
2025-03-08 20:02:12,453 - root - INFO - Scheduled Token-235 to start at 2025-03-13 11:46:01.273388.
2025-03-08 20:02:12,453 - root - INFO - Scheduled Token-236 to start at 2025-03-13 11:52:25.679492.
2025-03-08 20:02:12,453 - root - INFO - Scheduled Token-237 to start at 2025-03-13 11:58:13.064598.
2025-03-08 20:02:12,455 - root - INFO - Scheduled Token-238 to start at 2025-03-13 12:03:55.932081.
2025-03-08 20:02:12,455 - root - INFO - Scheduled Token-239 to start at 2025-03-13 12:08:19.083206.
2025-03-08 20:02:12,455 - root - INFO - Scheduled Token-240 to start at 2025-03-13 12:13:27.295810.
2025-03-08 20:02:12,455 - root - INFO - Scheduled Token-241 to start at 2025-03-13 12:18:54.867238.
2025-03-08 20:02:12,455 - root - INFO - Scheduled Token-242 to start at 2025-03-13 12:23:28.441197.
2025-03-08 20:02:12,455 - root - INFO - Scheduled Token-243 to start at 2025-03-13 12:29:23.660708.
2025-03-08 20:02:12,455 - root - INFO - Scheduled Token-244 to start at 2025-03-13 12:35:02.129413.
2025-03-08 20:02:12,455 - root - INFO - Scheduled Token-245 to start at 2025-03-13 12:41:14.594234.
2025-03-08 20:02:12,455 - root - INFO - Scheduled Token-246 to start at 2025-03-13 12:47:06.014177.
2025-03-08 20:02:12,455 - root - INFO - Scheduled Token-247 to start at 2025-03-13 12:53:08.835432.
2025-03-08 20:02:12,457 - root - INFO - Scheduled Token-248 to start at 2025-03-13 12:58:07.832573.
2025-03-08 20:02:12,457 - root - INFO - Scheduled Token-249 to start at 2025-03-13 13:04:05.654491.
2025-03-08 20:02:12,457 - root - INFO - Scheduled Token-250 to start at 2025-03-13 13:10:13.603720.
2025-03-08 20:02:12,457 - root - INFO - Scheduled Token-251 to start at 2025-03-13 13:15:56.848796.
2025-03-08 20:02:12,457 - root - INFO - Scheduled Token-252 to start at 2025-03-13 13:22:22.072677.
2025-03-08 20:02:12,457 - root - INFO - Scheduled Token-253 to start at 2025-03-13 13:27:33.307327.
2025-03-08 20:02:12,457 - root - INFO - Scheduled Token-254 to start at 2025-03-13 13:33:22.429797.
2025-03-08 20:02:12,458 - root - INFO - Scheduled Token-255 to start at 2025-03-13 13:39:10.397029.
2025-03-08 20:02:12,458 - root - INFO - Scheduled Token-256 to start at 2025-03-13 13:45:37.220670.
2025-03-08 20:02:12,458 - root - INFO - Scheduled Token-257 to start at 2025-03-13 13:52:02.118855.
2025-03-08 20:02:12,458 - root - INFO - Scheduled Token-258 to start at 2025-03-13 13:58:14.162699.
2025-03-08 20:02:12,458 - root - INFO - Scheduled Token-259 to start at 2025-03-14 08:00:00.
2025-03-08 20:02:12,459 - root - INFO - Scheduled Token-260 to start at 2025-03-14 08:06:13.602832.
2025-03-08 20:02:12,459 - root - INFO - Scheduled Token-261 to start at 2025-03-14 08:11:10.749673.
2025-03-08 20:02:12,459 - root - INFO - Scheduled Token-262 to start at 2025-03-14 08:16:39.389108.
2025-03-08 20:02:12,459 - root - INFO - Scheduled Token-263 to start at 2025-03-14 08:21:52.162246.
2025-03-08 20:02:12,459 - root - INFO - Scheduled Token-264 to start at 2025-03-14 08:27:45.302138.
2025-03-08 20:02:12,460 - root - INFO - Scheduled Token-265 to start at 2025-03-14 08:33:35.055568.
2025-03-08 20:02:12,460 - root - INFO - Scheduled Token-266 to start at 2025-03-14 08:38:59.759269.
2025-03-08 20:02:12,460 - root - INFO - Scheduled Token-267 to start at 2025-03-14 08:45:13.186154.
2025-03-08 20:02:12,460 - root - INFO - Scheduled Token-268 to start at 2025-03-14 08:51:21.411478.
2025-03-08 20:02:12,460 - root - INFO - Scheduled Token-269 to start at 2025-03-14 08:57:10.159312.
2025-03-08 20:02:12,461 - root - INFO - Scheduled Token-270 to start at 2025-03-14 09:03:02.112251.
2025-03-08 20:02:12,461 - root - INFO - Scheduled Token-271 to start at 2025-03-14 09:08:58.732628.
2025-03-08 20:02:12,461 - root - INFO - Scheduled Token-272 to start at 2025-03-14 09:14:26.636903.
2025-03-08 20:02:12,461 - root - INFO - Scheduled Token-273 to start at 2025-03-14 09:20:22.898180.
2025-03-08 20:02:12,462 - root - INFO - Scheduled Token-274 to start at 2025-03-14 09:25:22.691669.
2025-03-08 20:02:12,462 - root - INFO - Scheduled Token-275 to start at 2025-03-14 09:30:23.688915.
2025-03-08 20:02:12,462 - root - INFO - Scheduled Token-276 to start at 2025-03-14 09:35:11.532169.
2025-03-08 20:02:12,462 - root - INFO - Scheduled Token-277 to start at 2025-03-14 09:41:17.754066.
2025-03-08 20:02:12,462 - root - INFO - Scheduled Token-278 to start at 2025-03-14 09:47:18.887826.
2025-03-08 20:02:12,463 - root - INFO - Scheduled Token-279 to start at 2025-03-14 09:53:24.676440.
2025-03-08 20:02:12,463 - root - INFO - Scheduled Token-280 to start at 2025-03-14 09:58:06.682480.
2025-03-08 20:02:12,463 - root - INFO - Scheduled Token-281 to start at 2025-03-14 10:04:26.430290.
2025-03-08 20:02:12,464 - root - INFO - Scheduled Token-282 to start at 2025-03-14 10:09:59.297895.
2025-03-08 20:02:12,464 - root - INFO - Scheduled Token-283 to start at 2025-03-14 10:15:32.242717.
2025-03-08 20:02:12,465 - root - INFO - Scheduled Token-284 to start at 2025-03-14 10:19:59.024233.
2025-03-08 20:02:12,467 - root - INFO - Scheduled Token-285 to start at 2025-03-14 10:26:07.054639.
2025-03-08 20:02:12,468 - root - INFO - Scheduled Token-286 to start at 2025-03-14 10:31:54.229390.
2025-03-08 20:02:12,469 - root - INFO - Scheduled Token-287 to start at 2025-03-14 10:37:26.959524.
2025-03-08 20:02:12,469 - root - INFO - Scheduled Token-288 to start at 2025-03-14 10:42:54.109830.
2025-03-08 20:02:12,469 - root - INFO - Scheduled Token-289 to start at 2025-03-14 10:47:05.214714.
2025-03-08 20:02:12,470 - root - INFO - Scheduled Token-290 to start at 2025-03-14 10:52:53.880930.
2025-03-08 20:02:12,470 - root - INFO - Scheduled Token-291 to start at 2025-03-14 10:57:25.227713.
2025-03-08 20:02:12,470 - root - INFO - Scheduled Token-292 to start at 2025-03-14 11:03:51.356261.
2025-03-08 20:02:12,471 - root - INFO - Scheduled Token-293 to start at 2025-03-14 11:10:07.235781.
2025-03-08 20:02:12,471 - root - INFO - Scheduled Token-294 to start at 2025-03-14 11:15:43.870351.
2025-03-08 20:02:12,473 - root - INFO - Scheduled Token-295 to start at 2025-03-14 11:21:29.914229.
2025-03-08 20:02:12,473 - root - INFO - Scheduled Token-296 to start at 2025-03-14 11:26:36.457403.
2025-03-08 20:02:12,474 - root - INFO - Scheduled Token-297 to start at 2025-03-14 11:31:23.310189.
2025-03-08 20:02:12,493 - root - INFO - Scheduled Token-298 to start at 2025-03-14 11:37:48.854771.
2025-03-08 20:02:12,493 - root - INFO - Scheduled Token-299 to start at 2025-03-14 11:43:03.581883.
2025-03-08 20:02:12,494 - root - INFO - Scheduled Token-300 to start at 2025-03-14 11:48:59.809670.
2025-03-08 20:02:12,494 - root - INFO - Scheduled Token-301 to start at 2025-03-14 11:54:41.887659.
2025-03-08 20:02:12,495 - root - INFO - Scheduled Token-302 to start at 2025-03-14 12:00:30.326085.
2025-03-08 20:02:12,495 - root - INFO - Scheduled Token-303 to start at 2025-03-14 12:06:23.297785.
2025-03-08 20:02:12,496 - root - INFO - Scheduled Token-304 to start at 2025-03-14 12:12:42.239664.
2025-03-08 20:02:12,496 - root - INFO - Scheduled Token-305 to start at 2025-03-14 12:18:52.143124.
2025-03-08 20:02:12,496 - root - INFO - Scheduled Token-306 to start at 2025-03-14 12:25:05.374410.
2025-03-08 20:02:12,497 - root - INFO - Scheduled Token-307 to start at 2025-03-14 12:31:13.910578.
2025-03-08 20:02:12,497 - root - INFO - Scheduled Token-308 to start at 2025-03-14 12:36:09.195191.
2025-03-08 20:02:12,497 - root - INFO - Scheduled Token-309 to start at 2025-03-14 12:42:29.350020.
2025-03-08 20:02:12,498 - root - INFO - Scheduled Token-310 to start at 2025-03-14 12:48:39.034394.
2025-03-08 20:02:12,498 - root - INFO - Scheduled Token-311 to start at 2025-03-14 12:52:59.299008.
2025-03-08 20:02:12,498 - root - INFO - Scheduled Token-312 to start at 2025-03-14 12:59:21.454267.
2025-03-08 20:02:12,500 - root - INFO - Scheduled Token-313 to start at 2025-03-14 13:04:20.523562.
2025-03-08 20:02:12,501 - root - INFO - Scheduled Token-314 to start at 2025-03-14 13:08:50.178852.
2025-03-08 20:02:12,501 - root - INFO - Scheduled Token-315 to start at 2025-03-14 13:14:01.589024.
2025-03-08 20:02:12,501 - root - INFO - Scheduled Token-316 to start at 2025-03-14 13:18:53.597174.
2025-03-08 20:02:12,501 - root - INFO - Scheduled Token-317 to start at 2025-03-14 13:23:54.029091.
2025-03-08 20:02:12,502 - root - INFO - Scheduled Token-318 to start at 2025-03-14 13:28:53.010801.
2025-03-08 20:02:12,502 - root - INFO - Scheduled Token-319 to start at 2025-03-14 13:34:16.585642.
2025-03-08 20:02:12,502 - root - INFO - Scheduled Token-320 to start at 2025-03-14 13:40:26.051973.
2025-03-08 20:02:12,502 - root - INFO - Scheduled Token-321 to start at 2025-03-14 13:46:08.102868.
2025-03-08 20:02:12,502 - root - INFO - Scheduled Token-322 to start at 2025-03-14 13:51:35.062985.
2025-03-08 20:02:12,502 - root - INFO - Scheduled Token-323 to start at 2025-03-14 13:57:24.349325.
2025-03-08 20:02:12,502 - root - INFO - Scheduled Token-324 to start at 2025-03-17 08:00:00.
2025-03-08 20:02:12,502 - root - INFO - Scheduled Token-325 to start at 2025-03-17 08:06:14.345202.
2025-03-08 20:02:12,502 - root - INFO - Scheduled Token-326 to start at 2025-03-17 08:12:38.452159.
2025-03-08 20:02:12,502 - root - INFO - Scheduled Token-327 to start at 2025-03-17 08:18:21.583292.
2025-03-08 20:02:12,502 - root - INFO - Scheduled Token-328 to start at 2025-03-17 08:23:31.429567.
2025-03-08 20:02:12,502 - root - INFO - Scheduled Token-329 to start at 2025-03-17 08:29:26.028887.
2025-03-08 20:02:12,502 - root - INFO - Scheduled Token-330 to start at 2025-03-17 08:35:32.219508.
2025-03-08 20:02:12,502 - root - INFO - Scheduled Token-331 to start at 2025-03-17 08:40:58.921129.
2025-03-08 20:02:12,502 - root - INFO - Scheduled Token-332 to start at 2025-03-17 08:47:22.623327.
2025-03-08 20:02:12,502 - root - INFO - Scheduled Token-333 to start at 2025-03-17 08:52:38.216345.
2025-03-08 20:02:12,506 - root - INFO - Scheduled Token-334 to start at 2025-03-17 08:57:52.806140.
2025-03-08 20:02:12,506 - root - INFO - Scheduled Token-335 to start at 2025-03-17 09:04:16.976687.
2025-03-08 20:02:12,506 - root - INFO - Scheduled Token-336 to start at 2025-03-17 09:10:30.239385.
2025-03-08 20:02:12,506 - root - INFO - Scheduled Token-337 to start at 2025-03-17 09:15:01.486375.
2025-03-08 20:02:12,507 - root - INFO - Scheduled Token-338 to start at 2025-03-17 09:19:52.362062.
2025-03-08 20:02:12,507 - root - INFO - Scheduled Token-339 to start at 2025-03-17 09:26:03.613751.
2025-03-08 20:02:12,507 - root - INFO - Scheduled Token-340 to start at 2025-03-17 09:31:44.436017.
2025-03-08 20:02:12,507 - root - INFO - Scheduled Token-341 to start at 2025-03-17 09:37:32.428334.
2025-03-08 20:02:12,507 - root - INFO - Scheduled Token-342 to start at 2025-03-17 09:43:37.661606.
2025-03-08 20:02:12,508 - root - INFO - Scheduled Token-343 to start at 2025-03-17 09:49:01.479918.
2025-03-08 20:02:12,508 - root - INFO - Scheduled Token-344 to start at 2025-03-17 09:54:06.572509.
2025-03-08 20:02:12,508 - root - INFO - Scheduled Token-345 to start at 2025-03-17 10:00:15.671062.
2025-03-08 20:02:12,508 - root - INFO - Scheduled Token-346 to start at 2025-03-17 10:06:18.991950.
2025-03-08 20:02:12,509 - root - INFO - Scheduled Token-347 to start at 2025-03-17 10:12:24.336413.
2025-03-08 20:02:12,509 - root - INFO - Scheduled Token-348 to start at 2025-03-17 10:18:12.686625.
2025-03-08 20:02:12,509 - root - INFO - Scheduled Token-349 to start at 2025-03-17 10:24:20.823596.
2025-03-08 20:02:12,509 - root - INFO - Scheduled Token-350 to start at 2025-03-17 10:30:08.886607.
2025-03-08 20:02:12,509 - root - INFO - Scheduled Token-351 to start at 2025-03-17 10:35:23.186914.
2025-03-08 20:02:12,510 - root - INFO - Scheduled Token-352 to start at 2025-03-17 10:41:26.178100.
2025-03-08 20:02:12,510 - root - INFO - Scheduled Token-353 to start at 2025-03-17 10:47:43.778826.
2025-03-08 20:02:12,510 - root - INFO - Scheduled Token-354 to start at 2025-03-17 10:53:37.065380.
2025-03-08 20:02:12,510 - root - INFO - Scheduled Token-355 to start at 2025-03-17 10:58:16.013668.
2025-03-08 20:02:12,511 - root - INFO - Scheduled Token-356 to start at 2025-03-17 11:04:40.759562.
2025-03-08 20:02:12,511 - root - INFO - Scheduled Token-357 to start at 2025-03-17 11:09:28.253183.
2025-03-08 20:02:12,511 - root - INFO - Scheduled Token-358 to start at 2025-03-17 11:13:48.292776.
2025-03-08 20:02:12,512 - root - INFO - Scheduled Token-359 to start at 2025-03-17 11:20:12.455198.
2025-03-08 20:02:12,512 - root - INFO - Scheduled Token-360 to start at 2025-03-17 11:25:59.235111.
2025-03-08 20:02:12,512 - root - INFO - Scheduled Token-361 to start at 2025-03-17 11:32:06.625081.
2025-03-08 20:02:12,513 - root - INFO - Scheduled Token-362 to start at 2025-03-17 11:37:06.201930.
2025-03-08 20:02:12,515 - root - INFO - Scheduled Token-363 to start at 2025-03-17 11:42:40.082318.
2025-03-08 20:02:12,516 - root - INFO - Scheduled Token-364 to start at 2025-03-17 11:47:43.456966.
2025-03-08 20:02:12,517 - root - INFO - Scheduled Token-365 to start at 2025-03-17 11:53:28.216330.
2025-03-08 20:02:12,517 - root - INFO - Scheduled Token-366 to start at 2025-03-17 11:59:33.098592.
2025-03-08 20:02:12,517 - root - INFO - Scheduled Token-367 to start at 2025-03-17 12:05:53.819887.
2025-03-08 20:02:12,518 - root - INFO - Scheduled Token-368 to start at 2025-03-17 12:12:16.210842.
2025-03-08 20:02:12,518 - root - INFO - Scheduled Token-369 to start at 2025-03-17 12:17:49.615028.
2025-03-08 20:02:12,518 - root - INFO - Scheduled Token-370 to start at 2025-03-17 12:24:13.300679.
2025-03-08 20:02:12,519 - root - INFO - Scheduled Token-371 to start at 2025-03-17 12:30:27.168900.
2025-03-08 20:02:12,519 - root - INFO - Scheduled Token-372 to start at 2025-03-17 12:36:15.379154.
2025-03-08 20:02:12,519 - root - INFO - Scheduled Token-373 to start at 2025-03-17 12:42:25.591333.
2025-03-08 20:02:12,520 - root - INFO - Scheduled Token-374 to start at 2025-03-17 12:48:51.464372.
2025-03-08 20:02:12,520 - root - INFO - Scheduled Token-375 to start at 2025-03-17 12:54:46.478136.
2025-03-08 20:02:12,520 - root - INFO - Scheduled Token-376 to start at 2025-03-17 12:59:46.164858.
2025-03-08 20:02:12,521 - root - INFO - Scheduled Token-377 to start at 2025-03-17 13:06:06.099766.
2025-03-08 20:02:12,521 - root - INFO - Scheduled Token-378 to start at 2025-03-17 13:12:29.157999.
2025-03-08 20:02:12,522 - root - INFO - Scheduled Token-379 to start at 2025-03-17 13:17:06.006893.
2025-03-08 20:02:12,522 - root - INFO - Scheduled Token-380 to start at 2025-03-17 13:22:19.511737.
2025-03-08 20:02:12,522 - root - INFO - Scheduled Token-381 to start at 2025-03-17 13:26:37.497377.
2025-03-08 20:02:12,523 - root - INFO - Scheduled Token-382 to start at 2025-03-17 13:32:38.525664.
2025-03-08 20:02:12,523 - root - INFO - Scheduled Token-383 to start at 2025-03-17 13:38:52.892956.
2025-03-08 20:02:12,523 - root - INFO - Scheduled Token-384 to start at 2025-03-17 13:44:42.275485.
2025-03-08 20:02:12,524 - root - INFO - Scheduled Token-385 to start at 2025-03-17 13:49:50.697074.
2025-03-08 20:02:12,524 - root - INFO - Scheduled Token-386 to start at 2025-03-17 13:56:15.654256.
2025-03-08 20:02:12,524 - root - INFO - Scheduled Token-387 to start at 2025-03-18 08:00:00.
2025-03-08 20:02:12,525 - root - INFO - Scheduled Token-388 to start at 2025-03-18 08:05:21.727235.
2025-03-08 20:02:12,525 - root - INFO - Scheduled Token-389 to start at 2025-03-18 08:11:09.643127.
2025-03-08 20:02:12,525 - root - INFO - Scheduled Token-390 to start at 2025-03-18 08:17:34.575696.
2025-03-08 20:02:12,525 - root - INFO - Scheduled Token-391 to start at 2025-03-18 08:23:41.518924.
2025-03-08 20:02:12,526 - root - INFO - Scheduled Token-392 to start at 2025-03-18 08:28:54.917395.
2025-03-08 20:02:12,526 - root - INFO - Scheduled Token-393 to start at 2025-03-18 08:35:00.381173.
2025-03-08 20:02:12,526 - root - INFO - Scheduled Token-394 to start at 2025-03-18 08:40:50.316608.
2025-03-08 20:02:12,527 - root - INFO - Scheduled Token-395 to start at 2025-03-18 08:47:14.747362.
2025-03-08 20:02:12,527 - root - INFO - Scheduled Token-396 to start at 2025-03-18 08:52:49.339069.
2025-03-08 20:02:12,528 - root - INFO - Scheduled Token-397 to start at 2025-03-18 08:58:56.117489.
2025-03-08 20:02:12,528 - root - INFO - Scheduled Token-398 to start at 2025-03-18 09:04:40.868901.
2025-03-08 20:02:12,529 - root - INFO - Scheduled Token-399 to start at 2025-03-18 09:10:30.406417.
2025-03-08 20:02:12,531 - root - INFO - Scheduled Token-400 to start at 2025-03-18 09:15:19.843796.
2025-03-08 20:02:12,531 - root - INFO - Scheduled Token-401 to start at 2025-03-18 09:20:50.355273.
2025-03-08 20:02:12,551 - root - INFO - Scheduled Token-402 to start at 2025-03-18 09:27:00.806693.
2025-03-08 20:02:12,551 - root - INFO - Scheduled Token-403 to start at 2025-03-18 09:33:05.913948.
2025-03-08 20:02:12,551 - root - INFO - Scheduled Token-404 to start at 2025-03-18 09:39:02.131436.
2025-03-08 20:02:12,551 - root - INFO - Scheduled Token-405 to start at 2025-03-18 09:44:54.085251.
2025-03-08 20:02:12,551 - root - INFO - Scheduled Token-406 to start at 2025-03-18 09:49:27.668298.
2025-03-08 20:02:12,551 - root - INFO - Scheduled Token-407 to start at 2025-03-18 09:54:18.383820.
2025-03-08 20:02:12,551 - root - INFO - Scheduled Token-408 to start at 2025-03-18 10:00:23.155821.
2025-03-08 20:02:12,551 - root - INFO - Scheduled Token-409 to start at 2025-03-18 10:04:54.155094.
2025-03-08 20:02:12,551 - root - INFO - Scheduled Token-410 to start at 2025-03-18 10:10:58.493351.
2025-03-08 20:02:12,551 - root - INFO - Scheduled Token-411 to start at 2025-03-18 10:16:52.599990.
2025-03-08 20:02:12,551 - root - INFO - Scheduled Token-412 to start at 2025-03-18 10:22:59.397017.
2025-03-08 20:02:12,551 - root - INFO - Scheduled Token-413 to start at 2025-03-18 10:28:19.006081.
2025-03-08 20:02:12,551 - root - INFO - Scheduled Token-414 to start at 2025-03-18 10:34:33.785979.
2025-03-08 20:02:12,551 - root - INFO - Scheduled Token-415 to start at 2025-03-18 10:40:50.785780.
2025-03-08 20:02:12,551 - root - INFO - Scheduled Token-416 to start at 2025-03-18 10:46:57.179077.
2025-03-08 20:02:12,551 - root - INFO - Scheduled Token-417 to start at 2025-03-18 10:52:49.928019.
2025-03-08 20:02:12,551 - root - INFO - Scheduled Token-418 to start at 2025-03-18 10:57:52.605146.
2025-03-08 20:02:12,551 - root - INFO - Scheduled Token-419 to start at 2025-03-18 11:04:07.204955.
2025-03-08 20:02:12,551 - root - INFO - Scheduled Token-420 to start at 2025-03-18 11:09:05.352266.
2025-03-08 20:02:12,551 - root - INFO - Scheduled Token-421 to start at 2025-03-18 11:13:46.767203.
2025-03-08 20:02:12,551 - root - INFO - Scheduled Token-422 to start at 2025-03-18 11:19:49.903384.
2025-03-08 20:02:12,551 - root - INFO - Scheduled Token-423 to start at 2025-03-18 11:24:37.428360.
2025-03-08 20:02:12,551 - root - INFO - Scheduled Token-424 to start at 2025-03-18 11:29:00.754121.
2025-03-08 20:02:12,551 - root - INFO - Scheduled Token-425 to start at 2025-03-18 11:34:35.754769.
2025-03-08 20:02:12,551 - root - INFO - Scheduled Token-426 to start at 2025-03-18 11:40:31.157455.
2025-03-08 20:02:12,556 - root - INFO - Scheduled Token-427 to start at 2025-03-18 11:46:25.813227.
2025-03-08 20:02:12,556 - root - INFO - Scheduled Token-428 to start at 2025-03-18 11:52:09.881324.
2025-03-08 20:02:12,556 - root - INFO - Scheduled Token-429 to start at 2025-03-18 11:57:48.168407.
2025-03-08 20:02:12,556 - root - INFO - Scheduled Token-430 to start at 2025-03-18 12:03:39.000536.
2025-03-08 20:02:12,558 - root - INFO - Scheduled Token-431 to start at 2025-03-18 12:08:15.736553.
2025-03-08 20:02:12,558 - root - INFO - Scheduled Token-432 to start at 2025-03-18 12:13:19.705882.
2025-03-08 20:02:12,559 - root - INFO - Scheduled Token-433 to start at 2025-03-18 12:19:00.425281.
2025-03-08 20:02:12,559 - root - INFO - Scheduled Token-434 to start at 2025-03-18 12:24:57.967272.
2025-03-08 20:02:12,559 - root - INFO - Scheduled Token-435 to start at 2025-03-18 12:31:22.919582.
2025-03-08 20:02:12,559 - root - INFO - Scheduled Token-436 to start at 2025-03-18 12:36:23.776013.
2025-03-08 20:02:12,560 - root - INFO - Scheduled Token-437 to start at 2025-03-18 12:42:31.543954.
2025-03-08 20:02:12,560 - root - INFO - Scheduled Token-438 to start at 2025-03-18 12:48:36.923432.
2025-03-08 20:02:12,560 - root - INFO - Scheduled Token-439 to start at 2025-03-18 12:54:07.697349.
2025-03-08 20:02:12,560 - root - INFO - Scheduled Token-440 to start at 2025-03-18 13:00:20.517641.
2025-03-08 20:02:12,561 - root - INFO - Scheduled Token-441 to start at 2025-03-18 13:05:44.098776.
2025-03-08 20:02:12,561 - root - INFO - Scheduled Token-442 to start at 2025-03-18 13:10:20.575953.
2025-03-08 20:02:12,561 - root - INFO - Scheduled Token-443 to start at 2025-03-18 13:15:53.498983.
2025-03-08 20:02:12,561 - root - INFO - Scheduled Token-444 to start at 2025-03-18 13:20:15.880595.
2025-03-08 20:02:12,561 - root - INFO - Scheduled Token-445 to start at 2025-03-18 13:26:14.962434.
2025-03-08 20:02:12,562 - root - INFO - Scheduled Token-446 to start at 2025-03-18 13:30:42.026367.
2025-03-08 20:02:12,562 - root - INFO - Scheduled Token-447 to start at 2025-03-18 13:36:00.477874.
2025-03-08 20:02:12,562 - root - INFO - Scheduled Token-448 to start at 2025-03-18 13:42:22.213424.
2025-03-08 20:02:12,562 - root - INFO - Scheduled Token-449 to start at 2025-03-18 13:48:45.572307.
2025-03-08 20:02:12,562 - root - INFO - Scheduled Token-450 to start at 2025-03-18 13:55:05.199696.
2025-03-08 20:02:12,563 - root - INFO - Scheduled Token-451 to start at 2025-03-18 13:59:58.983385.
2025-03-08 20:02:12,563 - root - INFO - Scheduled Token-452 to start at 2025-03-19 08:00:00.
2025-03-08 20:02:12,563 - root - INFO - Scheduled Token-453 to start at 2025-03-19 08:05:10.413254.
2025-03-08 20:02:12,563 - root - INFO - Scheduled Token-454 to start at 2025-03-19 08:11:11.235799.
2025-03-08 20:02:12,563 - root - INFO - Scheduled Token-455 to start at 2025-03-19 08:17:04.276160.
2025-03-08 20:02:12,564 - root - INFO - Scheduled Token-456 to start at 2025-03-19 08:22:53.241473.
2025-03-08 20:02:12,564 - root - INFO - Scheduled Token-457 to start at 2025-03-19 08:29:10.430269.
2025-03-08 20:02:12,564 - root - INFO - Scheduled Token-458 to start at 2025-03-19 08:34:01.871574.
2025-03-08 20:02:12,564 - root - INFO - Scheduled Token-459 to start at 2025-03-19 08:39:10.044084.
2025-03-08 20:02:12,564 - root - INFO - Scheduled Token-460 to start at 2025-03-19 08:43:59.995700.
2025-03-08 20:02:12,564 - root - INFO - Scheduled Token-461 to start at 2025-03-19 08:49:53.588788.
2025-03-08 20:02:12,565 - root - INFO - Scheduled Token-462 to start at 2025-03-19 08:56:00.879421.
2025-03-08 20:02:12,565 - root - INFO - Scheduled Token-463 to start at 2025-03-19 09:02:13.953299.
2025-03-08 20:02:12,565 - root - INFO - Scheduled Token-464 to start at 2025-03-19 09:08:35.212143.
2025-03-08 20:02:12,565 - root - INFO - Scheduled Token-465 to start at 2025-03-19 09:13:54.636635.
2025-03-08 20:02:12,565 - root - INFO - Scheduled Token-466 to start at 2025-03-19 09:19:23.196122.
2025-03-08 20:02:12,566 - root - INFO - Scheduled Token-467 to start at 2025-03-19 09:25:09.847616.
2025-03-08 20:02:12,566 - root - INFO - Scheduled Token-468 to start at 2025-03-19 09:29:58.078059.
2025-03-08 20:02:12,566 - root - INFO - Scheduled Token-469 to start at 2025-03-19 09:36:14.478257.
2025-03-08 20:02:12,566 - root - INFO - Scheduled Token-470 to start at 2025-03-19 09:40:58.114600.
2025-03-08 20:02:12,566 - root - INFO - Scheduled Token-471 to start at 2025-03-19 09:47:16.231954.
2025-03-08 20:02:12,567 - root - INFO - Scheduled Token-472 to start at 2025-03-19 09:53:20.438784.
2025-03-08 20:02:12,567 - root - INFO - Scheduled Token-473 to start at 2025-03-19 09:58:59.340213.
2025-03-08 20:02:12,567 - root - INFO - Scheduled Token-474 to start at 2025-03-19 10:04:58.779749.
2025-03-08 20:02:12,567 - root - INFO - Scheduled Token-475 to start at 2025-03-19 10:10:08.455402.
2025-03-08 20:02:12,567 - root - INFO - Scheduled Token-476 to start at 2025-03-19 10:16:03.918144.
2025-03-08 20:02:12,568 - root - INFO - Scheduled Token-477 to start at 2025-03-19 10:22:30.564562.
2025-03-08 20:02:12,568 - root - INFO - Scheduled Token-478 to start at 2025-03-19 10:28:49.472219.
2025-03-08 20:02:12,568 - root - INFO - Scheduled Token-479 to start at 2025-03-19 10:35:00.723714.
2025-03-08 20:02:12,568 - root - INFO - Scheduled Token-480 to start at 2025-03-19 10:41:06.646937.
2025-03-08 20:02:12,569 - root - INFO - Scheduled Token-481 to start at 2025-03-19 10:47:21.079998.
2025-03-08 20:02:12,569 - root - INFO - Scheduled Token-482 to start at 2025-03-19 10:52:19.497400.
2025-03-08 20:02:12,569 - root - INFO - Scheduled Token-483 to start at 2025-03-19 10:58:36.959093.
2025-03-08 20:02:12,569 - root - INFO - Scheduled Token-484 to start at 2025-03-19 11:05:02.306743.
2025-03-08 20:02:12,570 - root - INFO - Scheduled Token-485 to start at 2025-03-19 11:10:41.954575.
2025-03-08 20:02:12,570 - root - INFO - Scheduled Token-486 to start at 2025-03-19 11:16:20.129367.
2025-03-08 20:02:12,570 - root - INFO - Scheduled Token-487 to start at 2025-03-19 11:22:18.549356.
2025-03-08 20:02:12,570 - root - INFO - Scheduled Token-488 to start at 2025-03-19 11:27:30.389509.
2025-03-08 20:02:12,570 - root - INFO - Scheduled Token-489 to start at 2025-03-19 11:32:48.092873.
2025-03-08 20:02:12,571 - root - INFO - Scheduled Token-490 to start at 2025-03-19 11:38:14.505538.
2025-03-08 20:02:12,571 - root - INFO - Scheduled Token-491 to start at 2025-03-19 11:44:23.132496.
2025-03-08 20:02:12,571 - root - INFO - Scheduled Token-492 to start at 2025-03-19 11:49:51.542509.
2025-03-08 20:02:12,571 - root - INFO - Scheduled Token-493 to start at 2025-03-19 11:56:03.525952.
2025-03-08 20:02:12,571 - root - INFO - Scheduled Token-494 to start at 2025-03-19 12:01:42.926573.
2025-03-08 20:02:12,572 - root - INFO - Scheduled Token-495 to start at 2025-03-19 12:07:39.356755.
2025-03-08 20:02:12,572 - root - INFO - Scheduled Token-496 to start at 2025-03-19 12:12:57.511168.
2025-03-08 20:02:12,572 - root - INFO - Scheduled Token-497 to start at 2025-03-19 12:17:38.975547.
2025-03-08 20:02:12,572 - root - INFO - Scheduled Token-498 to start at 2025-03-19 12:22:46.270152.
2025-03-08 20:02:12,572 - root - INFO - Scheduled Token-499 to start at 2025-03-19 12:27:49.470336.
2025-03-08 20:02:12,573 - root - INFO - Scheduled Token-500 to start at 2025-03-19 12:34:01.580574.
2025-03-08 20:02:12,573 - root - INFO - Scheduled 500 tokens. Running simulation...
2025-03-08 20:02:12,577 - root - INFO - Starting simulation...
2025-03-08 20:02:12,579 - root - INFO - Token Token-1 started task 'Monthly' at 2025-03-10 08:00:00, scheduled to end at 2025-03-10 08:00:00 (processing time: 0.00 min)
2025-03-08 20:02:12,580 - root - INFO - Token Token-1 completed task 'Monthly' at 2025-03-10 08:00:00.
2025-03-08 20:02:12,599 - root - INFO - Token Token-1 started task 'Review AM using Asset Change Tracker (5.5.13.1)' at 2025-03-10 08:00:00, scheduled to end at 2025-03-10 08:08:40.826497 (processing time: 8.68 min)
2025-03-08 20:02:12,600 - root - INFO - Token Token-2 started task 'Monthly' at 2025-03-10 08:05:58.378382, scheduled to end at 2025-03-10 08:05:58.378382 (processing time: 0.00 min)
2025-03-08 20:02:12,601 - root - INFO - Token Token-2 completed task 'Monthly' at 2025-03-10 08:05:58.378382.
2025-03-08 20:02:12,601 - root - INFO - Token Token-2 waiting for resource 'Tech' at 2025-03-10 08:05:58.378382
2025-03-08 20:02:12,602 - root - INFO - Token Token-1 completed task 'Review AM using Asset Change Tracker (5.5.13.1)' at 2025-03-10 08:08:40.826497.
2025-03-08 20:02:12,602 - root - INFO - Token Token-2 released from wait queue for 'Tech'
2025-03-08 20:02:12,602 - root - INFO - Token Token-2 waited 2.71 minutes for resource
2025-03-08 20:02:12,603 - root - INFO - Token Token-2 started task 'Review AM using Asset Change Tracker (5.5.13.1)' at 2025-03-10 08:08:40.826497, scheduled to end at 2025-03-10 08:17:05.837085 (processing time: 8.42 min)
2025-03-08 20:02:12,603 - root - INFO - Token Token-1 started task 'Complete /Accurate?' at 2025-03-10 08:08:40.826497, scheduled to end at 2025-03-10 08:08:40.826497 (processing time: 0.00 min)
2025-03-08 20:02:12,604 - root - INFO - Token Token-1 completed task 'Complete /Accurate?' at 2025-03-10 08:08:40.826497.
2025-03-08 20:02:12,605 - root - INFO - Token Token-1 waiting for resource 'Tech' at 2025-03-10 08:08:40.826497
2025-03-08 20:02:12,605 - root - INFO - Token Token-1 waiting for resource 'Tech' at 2025-03-10 08:08:40.826497
2025-03-08 20:02:12,607 - root - INFO - Token Token-3 started task 'Monthly' at 2025-03-10 08:12:08.600421, scheduled to end at 2025-03-10 08:12:08.600421 (processing time: 0.00 min)
2025-03-08 20:02:12,607 - root - INFO - Token Token-3 completed task 'Monthly' at 2025-03-10 08:12:08.600421.
2025-03-08 20:02:12,607 - root - INFO - Token Token-3 waiting for resource 'Tech' at 2025-03-10 08:12:08.600421
2025-03-08 20:02:12,608 - root - INFO - Token Token-4 started task 'Monthly' at 2025-03-10 08:17:02.680284, scheduled to end at 2025-03-10 08:17:02.680284 (processing time: 0.00 min)
2025-03-08 20:02:12,609 - root - INFO - Token Token-4 completed task 'Monthly' at 2025-03-10 08:17:02.680284.
2025-03-08 20:02:12,609 - root - INFO - Token Token-4 waiting for resource 'Tech' at 2025-03-10 08:17:02.680284
2025-03-08 20:02:12,610 - root - INFO - Token Token-2 completed task 'Review AM using Asset Change Tracker (5.5.13.1)' at 2025-03-10 08:17:05.837085.
2025-03-08 20:02:12,610 - root - INFO - Token Token-1 released from wait queue for 'Tech'
2025-03-08 20:02:12,610 - root - INFO - Token Token-1 waited 8.42 minutes for resource
2025-03-08 20:02:12,611 - root - INFO - Token Token-1 started task 'Note Accuracy in Asset Change Tracker (5.5.13.2)' at 2025-03-10 08:17:05.837085, scheduled to end at 2025-03-10 08:22:28.382504 (processing time: 5.38 min)
2025-03-08 20:02:12,611 - root - INFO - Token Token-2 started task 'Complete /Accurate?' at 2025-03-10 08:17:05.837085, scheduled to end at 2025-03-10 08:17:05.837085 (processing time: 0.00 min)
2025-03-08 20:02:12,612 - root - INFO - Token Token-2 completed task 'Complete /Accurate?' at 2025-03-10 08:17:05.837085.
2025-03-08 20:02:12,612 - root - INFO - Token Token-2 waiting for resource 'Tech' at 2025-03-10 08:17:05.837085
2025-03-08 20:02:12,612 - root - INFO - Token Token-2 waiting for resource 'Tech' at 2025-03-10 08:17:05.837085
2025-03-08 20:02:12,612 - root - INFO - Token Token-5 started task 'Monthly' at 2025-03-10 08:21:40.634593, scheduled to end at 2025-03-10 08:21:40.634593 (processing time: 0.00 min)
2025-03-08 20:02:12,613 - root - INFO - Token Token-5 completed task 'Monthly' at 2025-03-10 08:21:40.634593.
2025-03-08 20:02:12,613 - root - INFO - Token Token-5 waiting for resource 'Tech' at 2025-03-10 08:21:40.634593
2025-03-08 20:02:12,613 - root - INFO - Token Token-1 completed task 'Note Accuracy in Asset Change Tracker (5.5.13.2)' at 2025-03-10 08:22:28.382504.
2025-03-08 20:02:12,613 - root - INFO - Token Token-1 released from wait queue for 'Tech'
2025-03-08 20:02:12,613 - root - INFO - Token Token-1 started task 'Work with REO RPO to Correct (5.5.13.3)' at 2025-03-10 08:22:28.382504, scheduled to end at 2025-03-10 11:00:13.018922 (processing time: 157.74 min)
2025-03-08 20:02:12,613 - root - INFO - Token Token-1 started task 'Unknown' at 2025-03-10 08:22:28.382504, scheduled to end at 2025-03-10 08:22:28.382504 (processing time: 0.00 min)
2025-03-08 20:02:12,613 - root - INFO - Token Token-1 completed task 'Unknown' at 2025-03-10 08:22:28.382504.
2025-03-08 20:02:12,613 - root - INFO - Token Token-1 has completed the entire process at 2025-03-10 08:22:28.382504.
2025-03-08 20:02:12,613 - root - INFO - Token Token-6 started task 'Monthly' at 2025-03-10 08:26:51.756418, scheduled to end at 2025-03-10 08:26:51.756418 (processing time: 0.00 min)
2025-03-08 20:02:12,613 - root - INFO - Token Token-6 completed task 'Monthly' at 2025-03-10 08:26:51.756418.
2025-03-08 20:02:12,615 - root - INFO - Token Token-6 waiting for resource 'Tech' at 2025-03-10 08:26:51.756418
2025-03-08 20:02:12,616 - root - INFO - Token Token-7 started task 'Monthly' at 2025-03-10 08:32:18.609801, scheduled to end at 2025-03-10 08:32:18.609801 (processing time: 0.00 min)
2025-03-08 20:02:12,616 - root - INFO - Token Token-7 completed task 'Monthly' at 2025-03-10 08:32:18.609801.
2025-03-08 20:02:12,616 - root - INFO - Token Token-7 waiting for resource 'Tech' at 2025-03-10 08:32:18.609801
2025-03-08 20:02:12,616 - root - INFO - Token Token-8 started task 'Monthly' at 2025-03-10 08:38:27.587341, scheduled to end at 2025-03-10 08:38:27.587341 (processing time: 0.00 min)
2025-03-08 20:02:12,616 - root - INFO - Token Token-8 completed task 'Monthly' at 2025-03-10 08:38:27.587341.
2025-03-08 20:02:12,617 - root - INFO - Token Token-8 waiting for resource 'Tech' at 2025-03-10 08:38:27.587341
2025-03-08 20:02:12,617 - root - INFO - Token Token-9 started task 'Monthly' at 2025-03-10 08:42:41.786479, scheduled to end at 2025-03-10 08:42:41.786479 (processing time: 0.00 min)
2025-03-08 20:02:12,618 - root - INFO - Token Token-9 completed task 'Monthly' at 2025-03-10 08:42:41.786479.
2025-03-08 20:02:12,618 - root - INFO - Token Token-9 waiting for resource 'Tech' at 2025-03-10 08:42:41.786479
2025-03-08 20:02:12,618 - root - INFO - Token Token-10 started task 'Monthly' at 2025-03-10 08:48:38.311666, scheduled to end at 2025-03-10 08:48:38.311666 (processing time: 0.00 min)
2025-03-08 20:02:12,619 - root - INFO - Token Token-10 completed task 'Monthly' at 2025-03-10 08:48:38.311666.
2025-03-08 20:02:12,619 - root - INFO - Token Token-10 waiting for resource 'Tech' at 2025-03-10 08:48:38.311666
2025-03-08 20:02:12,619 - root - INFO - Token Token-11 started task 'Monthly' at 2025-03-10 08:54:11.408650, scheduled to end at 2025-03-10 08:54:11.408650 (processing time: 0.00 min)
2025-03-08 20:02:12,619 - root - INFO - Token Token-11 completed task 'Monthly' at 2025-03-10 08:54:11.408650.
2025-03-08 20:02:12,620 - root - INFO - Token Token-11 waiting for resource 'Tech' at 2025-03-10 08:54:11.408650
2025-03-08 20:02:12,620 - root - INFO - Token Token-12 started task 'Monthly' at 2025-03-10 08:58:52.582205, scheduled to end at 2025-03-10 08:58:52.582205 (processing time: 0.00 min)
2025-03-08 20:02:12,620 - root - INFO - Token Token-12 completed task 'Monthly' at 2025-03-10 08:58:52.582205.
2025-03-08 20:02:12,620 - root - INFO - Token Token-12 waiting for resource 'Tech' at 2025-03-10 08:58:52.582205
2025-03-08 20:02:12,621 - root - INFO - Token Token-13 started task 'Monthly' at 2025-03-10 09:05:05.302698, scheduled to end at 2025-03-10 09:05:05.302698 (processing time: 0.00 min)
2025-03-08 20:02:12,621 - root - INFO - Token Token-13 completed task 'Monthly' at 2025-03-10 09:05:05.302698.
2025-03-08 20:02:12,621 - root - INFO - Token Token-13 waiting for resource 'Tech' at 2025-03-10 09:05:05.302698
2025-03-08 20:02:12,621 - root - INFO - Token Token-14 started task 'Monthly' at 2025-03-10 09:10:39.738185, scheduled to end at 2025-03-10 09:10:39.738185 (processing time: 0.00 min)
2025-03-08 20:02:12,622 - root - INFO - Token Token-14 completed task 'Monthly' at 2025-03-10 09:10:39.738185.
2025-03-08 20:02:12,622 - root - INFO - Token Token-14 waiting for resource 'Tech' at 2025-03-10 09:10:39.738185
2025-03-08 20:02:12,622 - root - INFO - Token Token-15 started task 'Monthly' at 2025-03-10 09:17:03.867453, scheduled to end at 2025-03-10 09:17:03.867453 (processing time: 0.00 min)
2025-03-08 20:02:12,622 - root - INFO - Token Token-15 completed task 'Monthly' at 2025-03-10 09:17:03.867453.
2025-03-08 20:02:12,623 - root - INFO - Token Token-15 waiting for resource 'Tech' at 2025-03-10 09:17:03.867453
2025-03-08 20:02:12,623 - root - INFO - Token Token-16 started task 'Monthly' at 2025-03-10 09:22:56.402325, scheduled to end at 2025-03-10 09:22:56.402325 (processing time: 0.00 min)
2025-03-08 20:02:12,623 - root - INFO - Token Token-16 completed task 'Monthly' at 2025-03-10 09:22:56.402325.
2025-03-08 20:02:12,623 - root - INFO - Token Token-16 waiting for resource 'Tech' at 2025-03-10 09:22:56.402325
2025-03-08 20:02:12,624 - root - INFO - Token Token-17 started task 'Monthly' at 2025-03-10 09:28:40.572955, scheduled to end at 2025-03-10 09:28:40.572955 (processing time: 0.00 min)
2025-03-08 20:02:12,624 - root - INFO - Token Token-17 completed task 'Monthly' at 2025-03-10 09:28:40.572955.
2025-03-08 20:02:12,624 - root - INFO - Token Token-17 waiting for resource 'Tech' at 2025-03-10 09:28:40.572955
2025-03-08 20:02:12,624 - root - INFO - Token Token-18 started task 'Monthly' at 2025-03-10 09:34:40.362896, scheduled to end at 2025-03-10 09:34:40.362896 (processing time: 0.00 min)
2025-03-08 20:02:12,624 - root - INFO - Token Token-18 completed task 'Monthly' at 2025-03-10 09:34:40.362896.
2025-03-08 20:02:12,624 - root - INFO - Token Token-18 waiting for resource 'Tech' at 2025-03-10 09:34:40.362896
2025-03-08 20:02:12,626 - root - INFO - Token Token-19 started task 'Monthly' at 2025-03-10 09:40:06.108324, scheduled to end at 2025-03-10 09:40:06.108324 (processing time: 0.00 min)
2025-03-08 20:02:12,627 - root - INFO - Token Token-19 completed task 'Monthly' at 2025-03-10 09:40:06.108324.
2025-03-08 20:02:12,628 - root - INFO - Token Token-19 waiting for resource 'Tech' at 2025-03-10 09:40:06.108324
2025-03-08 20:02:12,628 - root - INFO - Token Token-20 started task 'Monthly' at 2025-03-10 09:46:16.273425, scheduled to end at 2025-03-10 09:46:16.273425 (processing time: 0.00 min)
2025-03-08 20:02:12,629 - root - INFO - Token Token-20 completed task 'Monthly' at 2025-03-10 09:46:16.273425.
2025-03-08 20:02:12,631 - root - INFO - Token Token-20 waiting for resource 'Tech' at 2025-03-10 09:46:16.273425
2025-03-08 20:02:12,632 - root - INFO - Token Token-21 started task 'Monthly' at 2025-03-10 09:51:07.391516, scheduled to end at 2025-03-10 09:51:07.391516 (processing time: 0.00 min)
2025-03-08 20:02:12,651 - root - INFO - Token Token-21 completed task 'Monthly' at 2025-03-10 09:51:07.391516.
2025-03-08 20:02:12,652 - root - INFO - Token Token-21 waiting for resource 'Tech' at 2025-03-10 09:51:07.391516
2025-03-08 20:02:12,652 - root - INFO - Token Token-22 started task 'Monthly' at 2025-03-10 09:55:54.274973, scheduled to end at 2025-03-10 09:55:54.274973 (processing time: 0.00 min)
2025-03-08 20:02:12,652 - root - INFO - Token Token-22 completed task 'Monthly' at 2025-03-10 09:55:54.274973.
2025-03-08 20:02:12,653 - root - INFO - Token Token-22 waiting for resource 'Tech' at 2025-03-10 09:55:54.274973
2025-03-08 20:02:12,653 - root - INFO - Token Token-23 started task 'Monthly' at 2025-03-10 10:00:42.705295, scheduled to end at 2025-03-10 10:00:42.705295 (processing time: 0.00 min)
2025-03-08 20:02:12,654 - root - INFO - Token Token-23 completed task 'Monthly' at 2025-03-10 10:00:42.705295.
2025-03-08 20:02:12,654 - root - INFO - Token Token-23 waiting for resource 'Tech' at 2025-03-10 10:00:42.705295
2025-03-08 20:02:12,654 - root - INFO - Token Token-24 started task 'Monthly' at 2025-03-10 10:07:07.209886, scheduled to end at 2025-03-10 10:07:07.209886 (processing time: 0.00 min)
2025-03-08 20:02:12,655 - root - INFO - Token Token-24 completed task 'Monthly' at 2025-03-10 10:07:07.209886.
2025-03-08 20:02:12,655 - root - INFO - Token Token-24 waiting for resource 'Tech' at 2025-03-10 10:07:07.209886
2025-03-08 20:02:12,656 - root - INFO - Token Token-25 started task 'Monthly' at 2025-03-10 10:11:55.430296, scheduled to end at 2025-03-10 10:11:55.430296 (processing time: 0.00 min)
2025-03-08 20:02:12,656 - root - INFO - Token Token-25 completed task 'Monthly' at 2025-03-10 10:11:55.430296.
2025-03-08 20:02:12,657 - root - INFO - Token Token-25 waiting for resource 'Tech' at 2025-03-10 10:11:55.430296
2025-03-08 20:02:12,657 - root - INFO - Token Token-26 started task 'Monthly' at 2025-03-10 10:18:19.211774, scheduled to end at 2025-03-10 10:18:19.211774 (processing time: 0.00 min)
2025-03-08 20:02:12,657 - root - INFO - Token Token-26 completed task 'Monthly' at 2025-03-10 10:18:19.211774.
2025-03-08 20:02:12,658 - root - INFO - Token Token-26 waiting for resource 'Tech' at 2025-03-10 10:18:19.211774
2025-03-08 20:02:12,658 - root - INFO - Token Token-27 started task 'Monthly' at 2025-03-10 10:24:12.782727, scheduled to end at 2025-03-10 10:24:12.782727 (processing time: 0.00 min)
2025-03-08 20:02:12,658 - root - INFO - Token Token-27 completed task 'Monthly' at 2025-03-10 10:24:12.782727.
2025-03-08 20:02:12,659 - root - INFO - Token Token-27 waiting for resource 'Tech' at 2025-03-10 10:24:12.782727
2025-03-08 20:02:12,660 - root - INFO - Token Token-28 started task 'Monthly' at 2025-03-10 10:30:07.193428, scheduled to end at 2025-03-10 10:30:07.193428 (processing time: 0.00 min)
2025-03-08 20:02:12,660 - root - INFO - Token Token-28 completed task 'Monthly' at 2025-03-10 10:30:07.193428.
2025-03-08 20:02:12,662 - root - INFO - Token Token-28 waiting for resource 'Tech' at 2025-03-10 10:30:07.193428
2025-03-08 20:02:12,662 - root - INFO - Token Token-29 started task 'Monthly' at 2025-03-10 10:34:49.353211, scheduled to end at 2025-03-10 10:34:49.353211 (processing time: 0.00 min)
2025-03-08 20:02:12,663 - root - INFO - Token Token-29 completed task 'Monthly' at 2025-03-10 10:34:49.353211.
2025-03-08 20:02:12,663 - root - INFO - Token Token-29 waiting for resource 'Tech' at 2025-03-10 10:34:49.353211
2025-03-08 20:02:12,663 - root - INFO - Token Token-30 started task 'Monthly' at 2025-03-10 10:39:28.979539, scheduled to end at 2025-03-10 10:39:28.979539 (processing time: 0.00 min)
2025-03-08 20:02:12,663 - root - INFO - Token Token-30 completed task 'Monthly' at 2025-03-10 10:39:28.979539.
2025-03-08 20:02:12,663 - root - INFO - Token Token-30 waiting for resource 'Tech' at 2025-03-10 10:39:28.979539
2025-03-08 20:02:12,663 - root - INFO - Token Token-31 started task 'Monthly' at 2025-03-10 10:45:40.437696, scheduled to end at 2025-03-10 10:45:40.437696 (processing time: 0.00 min)
2025-03-08 20:02:12,663 - root - INFO - Token Token-31 completed task 'Monthly' at 2025-03-10 10:45:40.437696.
2025-03-08 20:02:12,663 - root - INFO - Token Token-31 waiting for resource 'Tech' at 2025-03-10 10:45:40.437696
2025-03-08 20:02:12,663 - root - INFO - Token Token-32 started task 'Monthly' at 2025-03-10 10:51:05.164424, scheduled to end at 2025-03-10 10:51:05.164424 (processing time: 0.00 min)
2025-03-08 20:02:12,665 - root - INFO - Token Token-32 completed task 'Monthly' at 2025-03-10 10:51:05.164424.
2025-03-08 20:02:12,666 - root - INFO - Token Token-32 waiting for resource 'Tech' at 2025-03-10 10:51:05.164424
2025-03-08 20:02:12,666 - root - INFO - Token Token-33 started task 'Monthly' at 2025-03-10 10:57:11.619310, scheduled to end at 2025-03-10 10:57:11.619310 (processing time: 0.00 min)
2025-03-08 20:02:12,666 - root - INFO - Token Token-33 completed task 'Monthly' at 2025-03-10 10:57:11.619310.
2025-03-08 20:02:12,666 - root - INFO - Token Token-33 waiting for resource 'Tech' at 2025-03-10 10:57:11.619310
2025-03-08 20:02:12,667 - root - INFO - Token Token-34 started task 'Monthly' at 2025-03-10 11:02:52.674362, scheduled to end at 2025-03-10 11:02:52.674362 (processing time: 0.00 min)
2025-03-08 20:02:12,667 - root - INFO - Token Token-34 completed task 'Monthly' at 2025-03-10 11:02:52.674362.
2025-03-08 20:02:12,667 - root - INFO - Token Token-34 waiting for resource 'Tech' at 2025-03-10 11:02:52.674362
2025-03-08 20:02:12,667 - root - INFO - Token Token-35 started task 'Monthly' at 2025-03-10 11:09:13.843849, scheduled to end at 2025-03-10 11:09:13.843849 (processing time: 0.00 min)
2025-03-08 20:02:12,668 - root - INFO - Token Token-35 completed task 'Monthly' at 2025-03-10 11:09:13.843849.
2025-03-08 20:02:12,668 - root - INFO - Token Token-35 waiting for resource 'Tech' at 2025-03-10 11:09:13.843849
2025-03-08 20:02:12,668 - root - INFO - Token Token-36 started task 'Monthly' at 2025-03-10 11:15:33.922597, scheduled to end at 2025-03-10 11:15:33.922597 (processing time: 0.00 min)
2025-03-08 20:02:12,668 - root - INFO - Token Token-36 completed task 'Monthly' at 2025-03-10 11:15:33.922597.
2025-03-08 20:02:12,668 - root - INFO - Token Token-36 waiting for resource 'Tech' at 2025-03-10 11:15:33.922597
2025-03-08 20:02:12,669 - root - INFO - Token Token-37 started task 'Monthly' at 2025-03-10 11:20:58.231545, scheduled to end at 2025-03-10 11:20:58.231545 (processing time: 0.00 min)
2025-03-08 20:02:12,669 - root - INFO - Token Token-37 completed task 'Monthly' at 2025-03-10 11:20:58.231545.
2025-03-08 20:02:12,669 - root - INFO - Token Token-37 waiting for resource 'Tech' at 2025-03-10 11:20:58.231545
2025-03-08 20:02:12,669 - root - INFO - Token Token-38 started task 'Monthly' at 2025-03-10 11:26:26.317591, scheduled to end at 2025-03-10 11:26:26.317591 (processing time: 0.00 min)
2025-03-08 20:02:12,670 - root - INFO - Token Token-38 completed task 'Monthly' at 2025-03-10 11:26:26.317591.
2025-03-08 20:02:12,670 - root - INFO - Token Token-38 waiting for resource 'Tech' at 2025-03-10 11:26:26.317591
2025-03-08 20:02:12,670 - root - INFO - Token Token-39 started task 'Monthly' at 2025-03-10 11:32:14.592830, scheduled to end at 2025-03-10 11:32:14.592830 (processing time: 0.00 min)
2025-03-08 20:02:12,670 - root - INFO - Token Token-39 completed task 'Monthly' at 2025-03-10 11:32:14.592830.
2025-03-08 20:02:12,671 - root - INFO - Token Token-39 waiting for resource 'Tech' at 2025-03-10 11:32:14.592830
2025-03-08 20:02:12,671 - root - INFO - Token Token-40 started task 'Monthly' at 2025-03-10 11:38:07.214818, scheduled to end at 2025-03-10 11:38:07.214818 (processing time: 0.00 min)
2025-03-08 20:02:12,671 - root - INFO - Token Token-40 completed task 'Monthly' at 2025-03-10 11:38:07.214818.
2025-03-08 20:02:12,673 - root - INFO - Token Token-40 waiting for resource 'Tech' at 2025-03-10 11:38:07.214818
2025-03-08 20:02:12,675 - root - INFO - Token Token-41 started task 'Monthly' at 2025-03-10 11:44:29.381943, scheduled to end at 2025-03-10 11:44:29.381943 (processing time: 0.00 min)
2025-03-08 20:02:12,675 - root - INFO - Token Token-41 completed task 'Monthly' at 2025-03-10 11:44:29.381943.
2025-03-08 20:02:12,676 - root - INFO - Token Token-41 waiting for resource 'Tech' at 2025-03-10 11:44:29.381943
2025-03-08 20:02:12,676 - root - INFO - Token Token-42 started task 'Monthly' at 2025-03-10 11:50:49.801927, scheduled to end at 2025-03-10 11:50:49.801927 (processing time: 0.00 min)
2025-03-08 20:02:12,676 - root - INFO - Token Token-42 completed task 'Monthly' at 2025-03-10 11:50:49.801927.
2025-03-08 20:02:12,677 - root - INFO - Token Token-42 waiting for resource 'Tech' at 2025-03-10 11:50:49.801927
2025-03-08 20:02:12,677 - root - INFO - Token Token-43 started task 'Monthly' at 2025-03-10 11:55:09.218342, scheduled to end at 2025-03-10 11:55:09.218342 (processing time: 0.00 min)
2025-03-08 20:02:12,678 - root - INFO - Token Token-43 completed task 'Monthly' at 2025-03-10 11:55:09.218342.
2025-03-08 20:02:12,678 - root - INFO - Token Token-43 waiting for resource 'Tech' at 2025-03-10 11:55:09.218342
2025-03-08 20:02:12,678 - root - INFO - Token Token-44 started task 'Monthly' at 2025-03-10 11:59:48.544163, scheduled to end at 2025-03-10 11:59:48.544163 (processing time: 0.00 min)
2025-03-08 20:02:12,679 - root - INFO - Token Token-44 completed task 'Monthly' at 2025-03-10 11:59:48.544163.
2025-03-08 20:02:12,679 - root - INFO - Token Token-44 waiting for resource 'Tech' at 2025-03-10 11:59:48.544163
2025-03-08 20:02:12,679 - root - INFO - Token Token-45 started task 'Monthly' at 2025-03-10 12:05:53.893817, scheduled to end at 2025-03-10 12:05:53.893817 (processing time: 0.00 min)
2025-03-08 20:02:12,680 - root - INFO - Token Token-45 completed task 'Monthly' at 2025-03-10 12:05:53.893817.
2025-03-08 20:02:12,680 - root - INFO - Token Token-45 waiting for resource 'Tech' at 2025-03-10 12:05:53.893817
2025-03-08 20:02:12,680 - root - INFO - Token Token-46 started task 'Monthly' at 2025-03-10 12:12:00.316491, scheduled to end at 2025-03-10 12:12:00.316491 (processing time: 0.00 min)
2025-03-08 20:02:12,681 - root - INFO - Token Token-46 completed task 'Monthly' at 2025-03-10 12:12:00.316491.
2025-03-08 20:02:12,681 - root - INFO - Token Token-46 waiting for resource 'Tech' at 2025-03-10 12:12:00.316491
2025-03-08 20:02:12,682 - root - INFO - Token Token-47 started task 'Monthly' at 2025-03-10 12:17:40.372128, scheduled to end at 2025-03-10 12:17:40.372128 (processing time: 0.00 min)
2025-03-08 20:02:12,682 - root - INFO - Token Token-47 completed task 'Monthly' at 2025-03-10 12:17:40.372128.
2025-03-08 20:02:12,683 - root - INFO - Token Token-47 waiting for resource 'Tech' at 2025-03-10 12:17:40.372128
2025-03-08 20:02:12,683 - root - INFO - Token Token-48 started task 'Monthly' at 2025-03-10 12:22:46.887247, scheduled to end at 2025-03-10 12:22:46.887247 (processing time: 0.00 min)
2025-03-08 20:02:12,683 - root - INFO - Token Token-48 completed task 'Monthly' at 2025-03-10 12:22:46.887247.
2025-03-08 20:02:12,684 - root - INFO - Token Token-48 waiting for resource 'Tech' at 2025-03-10 12:22:46.887247
2025-03-08 20:02:12,684 - root - INFO - Token Token-49 started task 'Monthly' at 2025-03-10 12:28:53.223497, scheduled to end at 2025-03-10 12:28:53.223497 (processing time: 0.00 min)
2025-03-08 20:02:12,685 - root - INFO - Token Token-49 completed task 'Monthly' at 2025-03-10 12:28:53.223497.
2025-03-08 20:02:12,685 - root - INFO - Token Token-49 waiting for resource 'Tech' at 2025-03-10 12:28:53.223497
2025-03-08 20:02:12,685 - root - INFO - Token Token-50 started task 'Monthly' at 2025-03-10 12:34:19.194493, scheduled to end at 2025-03-10 12:34:19.194493 (processing time: 0.00 min)
2025-03-08 20:02:12,686 - root - INFO - Token Token-50 completed task 'Monthly' at 2025-03-10 12:34:19.194493.
2025-03-08 20:02:12,686 - root - INFO - Token Token-50 waiting for resource 'Tech' at 2025-03-10 12:34:19.194493
2025-03-08 20:02:12,687 - root - INFO - Token Token-51 started task 'Monthly' at 2025-03-10 12:38:32.168702, scheduled to end at 2025-03-10 12:38:32.168702 (processing time: 0.00 min)
2025-03-08 20:02:12,687 - root - INFO - Token Token-51 completed task 'Monthly' at 2025-03-10 12:38:32.168702.
2025-03-08 20:02:12,688 - root - INFO - Token Token-51 waiting for resource 'Tech' at 2025-03-10 12:38:32.168702
2025-03-08 20:02:12,690 - root - INFO - Token Token-52 started task 'Monthly' at 2025-03-10 12:43:49.836997, scheduled to end at 2025-03-10 12:43:49.836997 (processing time: 0.00 min)
2025-03-08 20:02:12,691 - root - INFO - Token Token-52 completed task 'Monthly' at 2025-03-10 12:43:49.836997.
2025-03-08 20:02:12,691 - root - INFO - Token Token-52 waiting for resource 'Tech' at 2025-03-10 12:43:49.836997
2025-03-08 20:02:12,709 - root - INFO - Token Token-53 started task 'Monthly' at 2025-03-10 12:49:48.068968, scheduled to end at 2025-03-10 12:49:48.068968 (processing time: 0.00 min)
2025-03-08 20:02:12,709 - root - INFO - Token Token-53 completed task 'Monthly' at 2025-03-10 12:49:48.068968.
2025-03-08 20:02:12,710 - root - INFO - Token Token-53 waiting for resource 'Tech' at 2025-03-10 12:49:48.068968
2025-03-08 20:02:12,710 - root - INFO - Token Token-54 started task 'Monthly' at 2025-03-10 12:55:24.851786, scheduled to end at 2025-03-10 12:55:24.851786 (processing time: 0.00 min)
2025-03-08 20:02:12,711 - root - INFO - Token Token-54 completed task 'Monthly' at 2025-03-10 12:55:24.851786.
2025-03-08 20:02:12,711 - root - INFO - Token Token-54 waiting for resource 'Tech' at 2025-03-10 12:55:24.851786
2025-03-08 20:02:12,711 - root - INFO - Token Token-55 started task 'Monthly' at 2025-03-10 13:01:21.485244, scheduled to end at 2025-03-10 13:01:21.485244 (processing time: 0.00 min)
2025-03-08 20:02:12,712 - root - INFO - Token Token-55 completed task 'Monthly' at 2025-03-10 13:01:21.485244.
2025-03-08 20:02:12,712 - root - INFO - Token Token-55 waiting for resource 'Tech' at 2025-03-10 13:01:21.485244
2025-03-08 20:02:12,713 - root - INFO - Token Token-56 started task 'Monthly' at 2025-03-10 13:06:48.913877, scheduled to end at 2025-03-10 13:06:48.913877 (processing time: 0.00 min)
2025-03-08 20:02:12,713 - root - INFO - Token Token-56 completed task 'Monthly' at 2025-03-10 13:06:48.913877.
2025-03-08 20:02:12,713 - root - INFO - Token Token-56 waiting for resource 'Tech' at 2025-03-10 13:06:48.913877
2025-03-08 20:02:12,714 - root - INFO - Token Token-57 started task 'Monthly' at 2025-03-10 13:11:39.776385, scheduled to end at 2025-03-10 13:11:39.776385 (processing time: 0.00 min)
2025-03-08 20:02:12,715 - root - INFO - Token Token-57 completed task 'Monthly' at 2025-03-10 13:11:39.776385.
2025-03-08 20:02:12,715 - root - INFO - Token Token-57 waiting for resource 'Tech' at 2025-03-10 13:11:39.776385
2025-03-08 20:02:12,716 - root - INFO - Token Token-58 started task 'Monthly' at 2025-03-10 13:17:58.302752, scheduled to end at 2025-03-10 13:17:58.302752 (processing time: 0.00 min)
2025-03-08 20:02:12,716 - root - INFO - Token Token-58 completed task 'Monthly' at 2025-03-10 13:17:58.302752.
2025-03-08 20:02:12,716 - root - INFO - Token Token-58 waiting for resource 'Tech' at 2025-03-10 13:17:58.302752
2025-03-08 20:02:12,718 - root - INFO - Token Token-59 started task 'Monthly' at 2025-03-10 13:24:11.829792, scheduled to end at 2025-03-10 13:24:11.829792 (processing time: 0.00 min)
2025-03-08 20:02:12,718 - root - INFO - Token Token-59 completed task 'Monthly' at 2025-03-10 13:24:11.829792.
2025-03-08 20:02:12,719 - root - INFO - Token Token-59 waiting for resource 'Tech' at 2025-03-10 13:24:11.829792
2025-03-08 20:02:12,719 - root - INFO - Token Token-60 started task 'Monthly' at 2025-03-10 13:30:36.789975, scheduled to end at 2025-03-10 13:30:36.789975 (processing time: 0.00 min)
2025-03-08 20:02:12,719 - root - INFO - Token Token-60 completed task 'Monthly' at 2025-03-10 13:30:36.789975.
2025-03-08 20:02:12,719 - root - INFO - Token Token-60 waiting for resource 'Tech' at 2025-03-10 13:30:36.789975
2025-03-08 20:02:12,721 - root - INFO - Token Token-61 started task 'Monthly' at 2025-03-10 13:36:26.785064, scheduled to end at 2025-03-10 13:36:26.785064 (processing time: 0.00 min)
2025-03-08 20:02:12,721 - root - INFO - Token Token-61 completed task 'Monthly' at 2025-03-10 13:36:26.785064.
2025-03-08 20:02:12,721 - root - INFO - Token Token-61 waiting for resource 'Tech' at 2025-03-10 13:36:26.785064
2025-03-08 20:02:12,721 - root - INFO - Token Token-62 started task 'Monthly' at 2025-03-10 13:42:05.288684, scheduled to end at 2025-03-10 13:42:05.288684 (processing time: 0.00 min)
2025-03-08 20:02:12,721 - root - INFO - Token Token-62 completed task 'Monthly' at 2025-03-10 13:42:05.288684.
2025-03-08 20:02:12,721 - root - INFO - Token Token-62 waiting for resource 'Tech' at 2025-03-10 13:42:05.288684
2025-03-08 20:02:12,721 - root - INFO - Token Token-63 started task 'Monthly' at 2025-03-10 13:46:48.169890, scheduled to end at 2025-03-10 13:46:48.169890 (processing time: 0.00 min)
2025-03-08 20:02:12,721 - root - INFO - Token Token-63 completed task 'Monthly' at 2025-03-10 13:46:48.169890.
2025-03-08 20:02:12,721 - root - INFO - Token Token-63 waiting for resource 'Tech' at 2025-03-10 13:46:48.169890
2025-03-08 20:02:12,721 - root - INFO - Token Token-64 started task 'Monthly' at 2025-03-10 13:52:16.254346, scheduled to end at 2025-03-10 13:52:16.254346 (processing time: 0.00 min)
2025-03-08 20:02:12,721 - root - INFO - Token Token-64 completed task 'Monthly' at 2025-03-10 13:52:16.254346.
2025-03-08 20:02:12,721 - root - INFO - Token Token-64 waiting for resource 'Tech' at 2025-03-10 13:52:16.254346
2025-03-08 20:02:12,724 - root - INFO - Token Token-65 started task 'Monthly' at 2025-03-10 13:57:27.715482, scheduled to end at 2025-03-10 13:57:27.715482 (processing time: 0.00 min)
2025-03-08 20:02:12,724 - root - INFO - Token Token-65 completed task 'Monthly' at 2025-03-10 13:57:27.715482.
2025-03-08 20:02:12,724 - root - INFO - Token Token-65 waiting for resource 'Tech' at 2025-03-10 13:57:27.715482
2025-03-08 20:02:12,724 - root - INFO - Token Token-66 started task 'Monthly' at 2025-03-11 08:00:00, scheduled to end at 2025-03-11 08:00:00 (processing time: 0.00 min)
2025-03-08 20:02:12,725 - root - INFO - Token Token-66 completed task 'Monthly' at 2025-03-11 08:00:00.
2025-03-08 20:02:12,725 - root - INFO - Token Token-66 waiting for resource 'Tech' at 2025-03-11 08:00:00
2025-03-08 20:02:12,725 - root - INFO - Token Token-67 started task 'Monthly' at 2025-03-11 08:05:33.642955, scheduled to end at 2025-03-11 08:05:33.642955 (processing time: 0.00 min)
2025-03-08 20:02:12,725 - root - INFO - Token Token-67 completed task 'Monthly' at 2025-03-11 08:05:33.642955.
2025-03-08 20:02:12,726 - root - INFO - Token Token-67 waiting for resource 'Tech' at 2025-03-11 08:05:33.642955
2025-03-08 20:02:12,726 - root - INFO - Token Token-68 started task 'Monthly' at 2025-03-11 08:11:41.424483, scheduled to end at 2025-03-11 08:11:41.424483 (processing time: 0.00 min)
2025-03-08 20:02:12,726 - root - INFO - Token Token-68 completed task 'Monthly' at 2025-03-11 08:11:41.424483.
2025-03-08 20:02:12,726 - root - INFO - Token Token-68 waiting for resource 'Tech' at 2025-03-11 08:11:41.424483
2025-03-08 20:02:12,727 - root - INFO - Token Token-69 started task 'Monthly' at 2025-03-11 08:17:41.099683, scheduled to end at 2025-03-11 08:17:41.099683 (processing time: 0.00 min)
2025-03-08 20:02:12,727 - root - INFO - Token Token-69 completed task 'Monthly' at 2025-03-11 08:17:41.099683.
2025-03-08 20:02:12,727 - root - INFO - Token Token-69 waiting for resource 'Tech' at 2025-03-11 08:17:41.099683
2025-03-08 20:02:12,727 - root - INFO - Token Token-70 started task 'Monthly' at 2025-03-11 08:23:46.582366, scheduled to end at 2025-03-11 08:23:46.582366 (processing time: 0.00 min)
2025-03-08 20:02:12,727 - root - INFO - Token Token-70 completed task 'Monthly' at 2025-03-11 08:23:46.582366.
2025-03-08 20:02:12,728 - root - INFO - Token Token-70 waiting for resource 'Tech' at 2025-03-11 08:23:46.582366
2025-03-08 20:02:12,728 - root - INFO - Token Token-71 started task 'Monthly' at 2025-03-11 08:29:48.194569, scheduled to end at 2025-03-11 08:29:48.194569 (processing time: 0.00 min)
2025-03-08 20:02:12,728 - root - INFO - Token Token-71 completed task 'Monthly' at 2025-03-11 08:29:48.194569.
2025-03-08 20:02:12,729 - root - INFO - Token Token-71 waiting for resource 'Tech' at 2025-03-11 08:29:48.194569
2025-03-08 20:02:12,729 - root - INFO - Token Token-72 started task 'Monthly' at 2025-03-11 08:34:20.347421, scheduled to end at 2025-03-11 08:34:20.347421 (processing time: 0.00 min)
2025-03-08 20:02:12,729 - root - INFO - Token Token-72 completed task 'Monthly' at 2025-03-11 08:34:20.347421.
2025-03-08 20:02:12,730 - root - INFO - Token Token-72 waiting for resource 'Tech' at 2025-03-11 08:34:20.347421
2025-03-08 20:02:12,730 - root - INFO - Token Token-73 started task 'Monthly' at 2025-03-11 08:38:41.665081, scheduled to end at 2025-03-11 08:38:41.665081 (processing time: 0.00 min)
2025-03-08 20:02:12,730 - root - INFO - Token Token-73 completed task 'Monthly' at 2025-03-11 08:38:41.665081.
2025-03-08 20:02:12,730 - root - INFO - Token Token-73 waiting for resource 'Tech' at 2025-03-11 08:38:41.665081
2025-03-08 20:02:12,730 - root - INFO - Token Token-74 started task 'Monthly' at 2025-03-11 08:44:37.700735, scheduled to end at 2025-03-11 08:44:37.700735 (processing time: 0.00 min)
2025-03-08 20:02:12,732 - root - INFO - Token Token-74 completed task 'Monthly' at 2025-03-11 08:44:37.700735.
2025-03-08 20:02:12,733 - root - INFO - Token Token-74 waiting for resource 'Tech' at 2025-03-11 08:44:37.700735
2025-03-08 20:02:12,733 - root - INFO - Token Token-75 started task 'Monthly' at 2025-03-11 08:49:53.736110, scheduled to end at 2025-03-11 08:49:53.736110 (processing time: 0.00 min)
2025-03-08 20:02:12,734 - root - INFO - Token Token-75 completed task 'Monthly' at 2025-03-11 08:49:53.736110.
2025-03-08 20:02:12,735 - root - INFO - Token Token-75 waiting for resource 'Tech' at 2025-03-11 08:49:53.736110
2025-03-08 20:02:12,735 - root - INFO - Token Token-76 started task 'Monthly' at 2025-03-11 08:55:33.117873, scheduled to end at 2025-03-11 08:55:33.117873 (processing time: 0.00 min)
2025-03-08 20:02:12,755 - root - INFO - Token Token-76 completed task 'Monthly' at 2025-03-11 08:55:33.117873.
2025-03-08 20:02:12,756 - root - INFO - Token Token-76 waiting for resource 'Tech' at 2025-03-11 08:55:33.117873
2025-03-08 20:02:12,756 - root - INFO - Token Token-77 started task 'Monthly' at 2025-03-11 09:01:34.030117, scheduled to end at 2025-03-11 09:01:34.030117 (processing time: 0.00 min)
2025-03-08 20:02:12,757 - root - INFO - Token Token-77 completed task 'Monthly' at 2025-03-11 09:01:34.030117.
2025-03-08 20:02:12,757 - root - INFO - Token Token-77 waiting for resource 'Tech' at 2025-03-11 09:01:34.030117
2025-03-08 20:02:12,758 - root - INFO - Token Token-78 started task 'Monthly' at 2025-03-11 09:06:14.460616, scheduled to end at 2025-03-11 09:06:14.460616 (processing time: 0.00 min)
2025-03-08 20:02:12,758 - root - INFO - Token Token-78 completed task 'Monthly' at 2025-03-11 09:06:14.460616.
2025-03-08 20:02:12,758 - root - INFO - Token Token-78 waiting for resource 'Tech' at 2025-03-11 09:06:14.460616
2025-03-08 20:02:12,759 - root - INFO - Token Token-79 started task 'Monthly' at 2025-03-11 09:11:53.030560, scheduled to end at 2025-03-11 09:11:53.030560 (processing time: 0.00 min)
2025-03-08 20:02:12,759 - root - INFO - Token Token-79 completed task 'Monthly' at 2025-03-11 09:11:53.030560.
2025-03-08 20:02:12,759 - root - INFO - Token Token-79 waiting for resource 'Tech' at 2025-03-11 09:11:53.030560
2025-03-08 20:02:12,760 - root - INFO - Token Token-80 started task 'Monthly' at 2025-03-11 09:17:34.591103, scheduled to end at 2025-03-11 09:17:34.591103 (processing time: 0.00 min)
2025-03-08 20:02:12,760 - root - INFO - Token Token-80 completed task 'Monthly' at 2025-03-11 09:17:34.591103.
2025-03-08 20:02:12,761 - root - INFO - Token Token-80 waiting for resource 'Tech' at 2025-03-11 09:17:34.591103
2025-03-08 20:02:12,761 - root - INFO - Token Token-81 started task 'Monthly' at 2025-03-11 09:23:18.517885, scheduled to end at 2025-03-11 09:23:18.517885 (processing time: 0.00 min)
2025-03-08 20:02:12,761 - root - INFO - Token Token-81 completed task 'Monthly' at 2025-03-11 09:23:18.517885.
2025-03-08 20:02:12,763 - root - INFO - Token Token-81 waiting for resource 'Tech' at 2025-03-11 09:23:18.517885
2025-03-08 20:02:12,764 - root - INFO - Token Token-82 started task 'Monthly' at 2025-03-11 09:29:17.379211, scheduled to end at 2025-03-11 09:29:17.379211 (processing time: 0.00 min)
2025-03-08 20:02:12,764 - root - INFO - Token Token-82 completed task 'Monthly' at 2025-03-11 09:29:17.379211.
2025-03-08 20:02:12,765 - root - INFO - Token Token-82 waiting for resource 'Tech' at 2025-03-11 09:29:17.379211
2025-03-08 20:02:12,765 - root - INFO - Token Token-83 started task 'Monthly' at 2025-03-11 09:35:40.231781, scheduled to end at 2025-03-11 09:35:40.231781 (processing time: 0.00 min)
2025-03-08 20:02:12,765 - root - INFO - Token Token-83 completed task 'Monthly' at 2025-03-11 09:35:40.231781.
2025-03-08 20:02:12,766 - root - INFO - Token Token-83 waiting for resource 'Tech' at 2025-03-11 09:35:40.231781
2025-03-08 20:02:12,766 - root - INFO - Token Token-84 started task 'Monthly' at 2025-03-11 09:40:48.218536, scheduled to end at 2025-03-11 09:40:48.218536 (processing time: 0.00 min)
2025-03-08 20:02:12,767 - root - INFO - Token Token-84 completed task 'Monthly' at 2025-03-11 09:40:48.218536.
2025-03-08 20:02:12,767 - root - INFO - Token Token-84 waiting for resource 'Tech' at 2025-03-11 09:40:48.218536
2025-03-08 20:02:12,767 - root - INFO - Token Token-85 started task 'Monthly' at 2025-03-11 09:46:00.506509, scheduled to end at 2025-03-11 09:46:00.506509 (processing time: 0.00 min)
2025-03-08 20:02:12,768 - root - INFO - Token Token-85 completed task 'Monthly' at 2025-03-11 09:46:00.506509.
2025-03-08 20:02:12,768 - root - INFO - Token Token-85 waiting for resource 'Tech' at 2025-03-11 09:46:00.506509
2025-03-08 20:02:12,769 - root - INFO - Token Token-86 started task 'Monthly' at 2025-03-11 09:51:27.921989, scheduled to end at 2025-03-11 09:51:27.921989 (processing time: 0.00 min)
2025-03-08 20:02:12,769 - root - INFO - Token Token-86 completed task 'Monthly' at 2025-03-11 09:51:27.921989.
2025-03-08 20:02:12,769 - root - INFO - Token Token-86 waiting for resource 'Tech' at 2025-03-11 09:51:27.921989
2025-03-08 20:02:12,770 - root - INFO - Token Token-87 started task 'Monthly' at 2025-03-11 09:57:46.499947, scheduled to end at 2025-03-11 09:57:46.499947 (processing time: 0.00 min)
2025-03-08 20:02:12,770 - root - INFO - Token Token-87 completed task 'Monthly' at 2025-03-11 09:57:46.499947.
2025-03-08 20:02:12,770 - root - INFO - Token Token-87 waiting for resource 'Tech' at 2025-03-11 09:57:46.499947
2025-03-08 20:02:12,771 - root - INFO - Token Token-88 started task 'Monthly' at 2025-03-11 10:03:18.498025, scheduled to end at 2025-03-11 10:03:18.498025 (processing time: 0.00 min)
2025-03-08 20:02:12,771 - root - INFO - Token Token-88 completed task 'Monthly' at 2025-03-11 10:03:18.498025.
2025-03-08 20:02:12,772 - root - INFO - Token Token-88 waiting for resource 'Tech' at 2025-03-11 10:03:18.498025
2025-03-08 20:02:12,772 - root - INFO - Token Token-89 started task 'Monthly' at 2025-03-11 10:08:50.017997, scheduled to end at 2025-03-11 10:08:50.017997 (processing time: 0.00 min)
2025-03-08 20:02:12,772 - root - INFO - Token Token-89 completed task 'Monthly' at 2025-03-11 10:08:50.017997.
2025-03-08 20:02:12,773 - root - INFO - Token Token-89 waiting for resource 'Tech' at 2025-03-11 10:08:50.017997
2025-03-08 20:02:12,773 - root - INFO - Token Token-90 started task 'Monthly' at 2025-03-11 10:14:14.827302, scheduled to end at 2025-03-11 10:14:14.827302 (processing time: 0.00 min)
2025-03-08 20:02:12,773 - root - INFO - Token Token-90 completed task 'Monthly' at 2025-03-11 10:14:14.827302.
2025-03-08 20:02:12,775 - root - INFO - Token Token-90 waiting for resource 'Tech' at 2025-03-11 10:14:14.827302
2025-03-08 20:02:12,775 - root - INFO - Token Token-91 started task 'Monthly' at 2025-03-11 10:19:54.659835, scheduled to end at 2025-03-11 10:19:54.659835 (processing time: 0.00 min)
2025-03-08 20:02:12,775 - root - INFO - Token Token-91 completed task 'Monthly' at 2025-03-11 10:19:54.659835.
2025-03-08 20:02:12,776 - root - INFO - Token Token-91 waiting for resource 'Tech' at 2025-03-11 10:19:54.659835
2025-03-08 20:02:12,776 - root - INFO - Token Token-92 started task 'Monthly' at 2025-03-11 10:26:15.540279, scheduled to end at 2025-03-11 10:26:15.540279 (processing time: 0.00 min)
2025-03-08 20:02:12,777 - root - INFO - Token Token-92 completed task 'Monthly' at 2025-03-11 10:26:15.540279.
2025-03-08 20:02:12,777 - root - INFO - Token Token-92 waiting for resource 'Tech' at 2025-03-11 10:26:15.540279
2025-03-08 20:02:12,778 - root - INFO - Token Token-93 started task 'Monthly' at 2025-03-11 10:32:23.646619, scheduled to end at 2025-03-11 10:32:23.646619 (processing time: 0.00 min)
2025-03-08 20:02:12,778 - root - INFO - Token Token-93 completed task 'Monthly' at 2025-03-11 10:32:23.646619.
2025-03-08 20:02:12,778 - root - INFO - Token Token-93 waiting for resource 'Tech' at 2025-03-11 10:32:23.646619
2025-03-08 20:02:12,779 - root - INFO - Token Token-94 started task 'Monthly' at 2025-03-11 10:38:34.177530, scheduled to end at 2025-03-11 10:38:34.177530 (processing time: 0.00 min)
2025-03-08 20:02:12,779 - root - INFO - Token Token-94 completed task 'Monthly' at 2025-03-11 10:38:34.177530.
2025-03-08 20:02:12,779 - root - INFO - Token Token-94 waiting for resource 'Tech' at 2025-03-11 10:38:34.177530
2025-03-08 20:02:12,779 - root - INFO - Token Token-95 started task 'Monthly' at 2025-03-11 10:44:31.607265, scheduled to end at 2025-03-11 10:44:31.607265 (processing time: 0.00 min)
2025-03-08 20:02:12,780 - root - INFO - Token Token-95 completed task 'Monthly' at 2025-03-11 10:44:31.607265.
2025-03-08 20:02:12,780 - root - INFO - Token Token-95 waiting for resource 'Tech' at 2025-03-11 10:44:31.607265
2025-03-08 20:02:12,780 - root - INFO - Token Token-96 started task 'Monthly' at 2025-03-11 10:50:13.223813, scheduled to end at 2025-03-11 10:50:13.223813 (processing time: 0.00 min)
2025-03-08 20:02:12,780 - root - INFO - Token Token-96 completed task 'Monthly' at 2025-03-11 10:50:13.223813.
2025-03-08 20:02:12,780 - root - INFO - Token Token-96 waiting for resource 'Tech' at 2025-03-11 10:50:13.223813
2025-03-08 20:02:12,780 - root - INFO - Token Token-97 started task 'Monthly' at 2025-03-11 10:56:01.272787, scheduled to end at 2025-03-11 10:56:01.272787 (processing time: 0.00 min)
2025-03-08 20:02:12,780 - root - INFO - Token Token-97 completed task 'Monthly' at 2025-03-11 10:56:01.272787.
2025-03-08 20:02:12,780 - root - INFO - Token Token-97 waiting for resource 'Tech' at 2025-03-11 10:56:01.272787
2025-03-08 20:02:12,782 - root - INFO - Token Token-98 started task 'Monthly' at 2025-03-11 11:00:32.486466, scheduled to end at 2025-03-11 11:00:32.486466 (processing time: 0.00 min)
2025-03-08 20:02:12,782 - root - INFO - Token Token-98 completed task 'Monthly' at 2025-03-11 11:00:32.486466.
2025-03-08 20:02:12,783 - root - INFO - Token Token-98 waiting for resource 'Tech' at 2025-03-11 11:00:32.486466
2025-03-08 20:02:12,783 - root - INFO - Token Token-99 started task 'Monthly' at 2025-03-11 11:05:06.602683, scheduled to end at 2025-03-11 11:05:06.602683 (processing time: 0.00 min)
2025-03-08 20:02:12,798 - root - INFO - Token Token-99 completed task 'Monthly' at 2025-03-11 11:05:06.602683.
2025-03-08 20:02:12,798 - root - INFO - Token Token-99 waiting for resource 'Tech' at 2025-03-11 11:05:06.602683
2025-03-08 20:02:12,799 - root - INFO - Token Token-100 started task 'Monthly' at 2025-03-11 11:11:09.307674, scheduled to end at 2025-03-11 11:11:09.307674 (processing time: 0.00 min)
2025-03-08 20:02:12,799 - root - INFO - Token Token-100 completed task 'Monthly' at 2025-03-11 11:11:09.307674.
2025-03-08 20:02:12,799 - root - INFO - Token Token-100 waiting for resource 'Tech' at 2025-03-11 11:11:09.307674
2025-03-08 20:02:12,800 - root - INFO - Token Token-101 started task 'Monthly' at 2025-03-11 11:16:30.245827, scheduled to end at 2025-03-11 11:16:30.245827 (processing time: 0.00 min)
2025-03-08 20:02:12,800 - root - INFO - Token Token-101 completed task 'Monthly' at 2025-03-11 11:16:30.245827.
2025-03-08 20:02:12,801 - root - INFO - Token Token-101 waiting for resource 'Tech' at 2025-03-11 11:16:30.245827
2025-03-08 20:02:12,801 - root - INFO - Token Token-102 started task 'Monthly' at 2025-03-11 11:22:45.630329, scheduled to end at 2025-03-11 11:22:45.630329 (processing time: 0.00 min)
2025-03-08 20:02:12,802 - root - INFO - Token Token-102 completed task 'Monthly' at 2025-03-11 11:22:45.630329.
2025-03-08 20:02:12,802 - root - INFO - Token Token-102 waiting for resource 'Tech' at 2025-03-11 11:22:45.630329
2025-03-08 20:02:12,802 - root - INFO - Token Token-103 started task 'Monthly' at 2025-03-11 11:27:51.832177, scheduled to end at 2025-03-11 11:27:51.832177 (processing time: 0.00 min)
2025-03-08 20:02:12,803 - root - INFO - Token Token-103 completed task 'Monthly' at 2025-03-11 11:27:51.832177.
2025-03-08 20:02:12,803 - root - INFO - Token Token-103 waiting for resource 'Tech' at 2025-03-11 11:27:51.832177
2025-03-08 20:02:12,803 - root - INFO - Token Token-104 started task 'Monthly' at 2025-03-11 11:34:10.572314, scheduled to end at 2025-03-11 11:34:10.572314 (processing time: 0.00 min)
2025-03-08 20:02:12,804 - root - INFO - Token Token-104 completed task 'Monthly' at 2025-03-11 11:34:10.572314.
2025-03-08 20:02:12,804 - root - INFO - Token Token-104 waiting for resource 'Tech' at 2025-03-11 11:34:10.572314
2025-03-08 20:02:12,805 - root - INFO - Token Token-105 started task 'Monthly' at 2025-03-11 11:39:47.398446, scheduled to end at 2025-03-11 11:39:47.398446 (processing time: 0.00 min)
2025-03-08 20:02:12,805 - root - INFO - Token Token-105 completed task 'Monthly' at 2025-03-11 11:39:47.398446.
2025-03-08 20:02:12,805 - root - INFO - Token Token-105 waiting for resource 'Tech' at 2025-03-11 11:39:47.398446
2025-03-08 20:02:12,806 - root - INFO - Token Token-106 started task 'Monthly' at 2025-03-11 11:45:55.702495, scheduled to end at 2025-03-11 11:45:55.702495 (processing time: 0.00 min)
2025-03-08 20:02:12,808 - root - INFO - Token Token-106 completed task 'Monthly' at 2025-03-11 11:45:55.702495.
2025-03-08 20:02:12,808 - root - INFO - Token Token-106 waiting for resource 'Tech' at 2025-03-11 11:45:55.702495
2025-03-08 20:02:12,809 - root - INFO - Token Token-107 started task 'Monthly' at 2025-03-11 11:51:50.632910, scheduled to end at 2025-03-11 11:51:50.632910 (processing time: 0.00 min)
2025-03-08 20:02:12,809 - root - INFO - Token Token-107 completed task 'Monthly' at 2025-03-11 11:51:50.632910.
2025-03-08 20:02:12,809 - root - INFO - Token Token-107 waiting for resource 'Tech' at 2025-03-11 11:51:50.632910
2025-03-08 20:02:12,810 - root - INFO - Token Token-108 started task 'Monthly' at 2025-03-11 11:58:03.930368, scheduled to end at 2025-03-11 11:58:03.930368 (processing time: 0.00 min)
2025-03-08 20:02:12,810 - root - INFO - Token Token-108 completed task 'Monthly' at 2025-03-11 11:58:03.930368.
2025-03-08 20:02:12,811 - root - INFO - Token Token-108 waiting for resource 'Tech' at 2025-03-11 11:58:03.930368
2025-03-08 20:02:12,811 - root - INFO - Token Token-109 started task 'Monthly' at 2025-03-11 12:04:05.165533, scheduled to end at 2025-03-11 12:04:05.165533 (processing time: 0.00 min)
2025-03-08 20:02:12,811 - root - INFO - Token Token-109 completed task 'Monthly' at 2025-03-11 12:04:05.165533.
2025-03-08 20:02:12,812 - root - INFO - Token Token-109 waiting for resource 'Tech' at 2025-03-11 12:04:05.165533
2025-03-08 20:02:12,812 - root - INFO - Token Token-110 started task 'Monthly' at 2025-03-11 12:09:38.726271, scheduled to end at 2025-03-11 12:09:38.726271 (processing time: 0.00 min)
2025-03-08 20:02:12,813 - root - INFO - Token Token-110 completed task 'Monthly' at 2025-03-11 12:09:38.726271.
2025-03-08 20:02:12,813 - root - INFO - Token Token-110 waiting for resource 'Tech' at 2025-03-11 12:09:38.726271
2025-03-08 20:02:12,813 - root - INFO - Token Token-111 started task 'Monthly' at 2025-03-11 12:15:27.059555, scheduled to end at 2025-03-11 12:15:27.059555 (processing time: 0.00 min)
2025-03-08 20:02:12,814 - root - INFO - Token Token-111 completed task 'Monthly' at 2025-03-11 12:15:27.059555.
2025-03-08 20:02:12,814 - root - INFO - Token Token-111 waiting for resource 'Tech' at 2025-03-11 12:15:27.059555
2025-03-08 20:02:12,814 - root - INFO - Token Token-112 started task 'Monthly' at 2025-03-11 12:20:46.446636, scheduled to end at 2025-03-11 12:20:46.446636 (processing time: 0.00 min)
2025-03-08 20:02:12,815 - root - INFO - Token Token-112 completed task 'Monthly' at 2025-03-11 12:20:46.446636.
2025-03-08 20:02:12,815 - root - INFO - Token Token-112 waiting for resource 'Tech' at 2025-03-11 12:20:46.446636
2025-03-08 20:02:12,816 - root - INFO - Token Token-113 started task 'Monthly' at 2025-03-11 12:27:10.604672, scheduled to end at 2025-03-11 12:27:10.604672 (processing time: 0.00 min)
2025-03-08 20:02:12,816 - root - INFO - Token Token-113 completed task 'Monthly' at 2025-03-11 12:27:10.604672.
2025-03-08 20:02:12,817 - root - INFO - Token Token-113 waiting for resource 'Tech' at 2025-03-11 12:27:10.604672
2025-03-08 20:02:12,817 - root - INFO - Token Token-114 started task 'Monthly' at 2025-03-11 12:32:28.060235, scheduled to end at 2025-03-11 12:32:28.060235 (processing time: 0.00 min)
2025-03-08 20:02:12,818 - root - INFO - Token Token-114 completed task 'Monthly' at 2025-03-11 12:32:28.060235.
2025-03-08 20:02:12,818 - root - INFO - Token Token-114 waiting for resource 'Tech' at 2025-03-11 12:32:28.060235
2025-03-08 20:02:12,818 - root - INFO - Token Token-115 started task 'Monthly' at 2025-03-11 12:38:38.187424, scheduled to end at 2025-03-11 12:38:38.187424 (processing time: 0.00 min)
2025-03-08 20:02:12,819 - root - INFO - Token Token-115 completed task 'Monthly' at 2025-03-11 12:38:38.187424.
2025-03-08 20:02:12,819 - root - INFO - Token Token-115 waiting for resource 'Tech' at 2025-03-11 12:38:38.187424
2025-03-08 20:02:12,820 - root - INFO - Token Token-116 started task 'Monthly' at 2025-03-11 12:42:57.858465, scheduled to end at 2025-03-11 12:42:57.858465 (processing time: 0.00 min)
2025-03-08 20:02:12,820 - root - INFO - Token Token-116 completed task 'Monthly' at 2025-03-11 12:42:57.858465.
2025-03-08 20:02:12,820 - root - INFO - Token Token-116 waiting for resource 'Tech' at 2025-03-11 12:42:57.858465
2025-03-08 20:02:12,821 - root - INFO - Token Token-117 started task 'Monthly' at 2025-03-11 12:48:02.155898, scheduled to end at 2025-03-11 12:48:02.155898 (processing time: 0.00 min)
2025-03-08 20:02:12,821 - root - INFO - Token Token-117 completed task 'Monthly' at 2025-03-11 12:48:02.155898.
2025-03-08 20:02:12,821 - root - INFO - Token Token-117 waiting for resource 'Tech' at 2025-03-11 12:48:02.155898
2025-03-08 20:02:12,822 - root - INFO - Token Token-118 started task 'Monthly' at 2025-03-11 12:54:20.087845, scheduled to end at 2025-03-11 12:54:20.087845 (processing time: 0.00 min)
2025-03-08 20:02:12,822 - root - INFO - Token Token-118 completed task 'Monthly' at 2025-03-11 12:54:20.087845.
2025-03-08 20:02:12,823 - root - INFO - Token Token-118 waiting for resource 'Tech' at 2025-03-11 12:54:20.087845
2025-03-08 20:02:12,823 - root - INFO - Token Token-119 started task 'Monthly' at 2025-03-11 13:00:30.112989, scheduled to end at 2025-03-11 13:00:30.112989 (processing time: 0.00 min)
2025-03-08 20:02:12,823 - root - INFO - Token Token-119 completed task 'Monthly' at 2025-03-11 13:00:30.112989.
2025-03-08 20:02:12,824 - root - INFO - Token Token-119 waiting for resource 'Tech' at 2025-03-11 13:00:30.112989
2025-03-08 20:02:12,824 - root - INFO - Token Token-120 started task 'Monthly' at 2025-03-11 13:06:12.138814, scheduled to end at 2025-03-11 13:06:12.138814 (processing time: 0.00 min)
2025-03-08 20:02:12,825 - root - INFO - Token Token-120 completed task 'Monthly' at 2025-03-11 13:06:12.138814.
2025-03-08 20:02:12,825 - root - INFO - Token Token-120 waiting for resource 'Tech' at 2025-03-11 13:06:12.138814
2025-03-08 20:02:12,825 - root - INFO - Token Token-121 started task 'Monthly' at 2025-03-11 13:12:24.349136, scheduled to end at 2025-03-11 13:12:24.349136 (processing time: 0.00 min)
2025-03-08 20:02:12,826 - root - INFO - Token Token-121 completed task 'Monthly' at 2025-03-11 13:12:24.349136.
2025-03-08 20:02:12,826 - root - INFO - Token Token-121 waiting for resource 'Tech' at 2025-03-11 13:12:24.349136
2025-03-08 20:02:12,827 - root - INFO - Token Token-122 started task 'Monthly' at 2025-03-11 13:18:11.075155, scheduled to end at 2025-03-11 13:18:11.075155 (processing time: 0.00 min)
2025-03-08 20:02:12,827 - root - INFO - Token Token-122 completed task 'Monthly' at 2025-03-11 13:18:11.075155.
2025-03-08 20:02:12,827 - root - INFO - Token Token-122 waiting for resource 'Tech' at 2025-03-11 13:18:11.075155
2025-03-08 20:02:12,828 - root - INFO - Token Token-123 started task 'Monthly' at 2025-03-11 13:24:15.301352, scheduled to end at 2025-03-11 13:24:15.301352 (processing time: 0.00 min)
2025-03-08 20:02:12,828 - root - INFO - Token Token-123 completed task 'Monthly' at 2025-03-11 13:24:15.301352.
2025-03-08 20:02:12,829 - root - INFO - Token Token-123 waiting for resource 'Tech' at 2025-03-11 13:24:15.301352
2025-03-08 20:02:12,829 - root - INFO - Token Token-124 started task 'Monthly' at 2025-03-11 13:29:18.860132, scheduled to end at 2025-03-11 13:29:18.860132 (processing time: 0.00 min)
2025-03-08 20:02:12,829 - root - INFO - Token Token-124 completed task 'Monthly' at 2025-03-11 13:29:18.860132.
2025-03-08 20:02:12,830 - root - INFO - Token Token-124 waiting for resource 'Tech' at 2025-03-11 13:29:18.860132
2025-03-08 20:02:12,830 - root - INFO - Token Token-125 started task 'Monthly' at 2025-03-11 13:35:20.910264, scheduled to end at 2025-03-11 13:35:20.910264 (processing time: 0.00 min)
2025-03-08 20:02:12,831 - root - INFO - Token Token-125 completed task 'Monthly' at 2025-03-11 13:35:20.910264.
2025-03-08 20:02:12,831 - root - INFO - Token Token-125 waiting for resource 'Tech' at 2025-03-11 13:35:20.910264
2025-03-08 20:02:12,831 - root - INFO - Token Token-126 started task 'Monthly' at 2025-03-11 13:41:36.220600, scheduled to end at 2025-03-11 13:41:36.220600 (processing time: 0.00 min)
2025-03-08 20:02:12,832 - root - INFO - Token Token-126 completed task 'Monthly' at 2025-03-11 13:41:36.220600.
2025-03-08 20:02:12,832 - root - INFO - Token Token-126 waiting for resource 'Tech' at 2025-03-11 13:41:36.220600
2025-03-08 20:02:12,832 - root - INFO - Token Token-127 started task 'Monthly' at 2025-03-11 13:47:29.722384, scheduled to end at 2025-03-11 13:47:29.722384 (processing time: 0.00 min)
2025-03-08 20:02:12,833 - root - INFO - Token Token-127 completed task 'Monthly' at 2025-03-11 13:47:29.722384.
2025-03-08 20:02:12,833 - root - INFO - Token Token-127 waiting for resource 'Tech' at 2025-03-11 13:47:29.722384
2025-03-08 20:02:12,834 - root - INFO - Token Token-128 started task 'Monthly' at 2025-03-11 13:53:42.612359, scheduled to end at 2025-03-11 13:53:42.612359 (processing time: 0.00 min)
2025-03-08 20:02:12,834 - root - INFO - Token Token-128 completed task 'Monthly' at 2025-03-11 13:53:42.612359.
2025-03-08 20:02:12,834 - root - INFO - Token Token-128 waiting for resource 'Tech' at 2025-03-11 13:53:42.612359
2025-03-08 20:02:12,836 - root - INFO - Token Token-129 started task 'Monthly' at 2025-03-11 13:59:24.337048, scheduled to end at 2025-03-11 13:59:24.337048 (processing time: 0.00 min)
2025-03-08 20:02:12,837 - root - INFO - Token Token-129 completed task 'Monthly' at 2025-03-11 13:59:24.337048.
2025-03-08 20:02:12,837 - root - INFO - Token Token-129 waiting for resource 'Tech' at 2025-03-11 13:59:24.337048
2025-03-08 20:02:12,839 - root - INFO - Token Token-130 started task 'Monthly' at 2025-03-12 08:00:00, scheduled to end at 2025-03-12 08:00:00 (processing time: 0.00 min)
2025-03-08 20:02:12,839 - root - INFO - Token Token-130 completed task 'Monthly' at 2025-03-12 08:00:00.
2025-03-08 20:02:12,840 - root - INFO - Token Token-130 waiting for resource 'Tech' at 2025-03-12 08:00:00
2025-03-08 20:02:12,840 - root - INFO - Token Token-131 started task 'Monthly' at 2025-03-12 08:05:06.057186, scheduled to end at 2025-03-12 08:05:06.057186 (processing time: 0.00 min)
2025-03-08 20:02:12,841 - root - INFO - Token Token-131 completed task 'Monthly' at 2025-03-12 08:05:06.057186.
2025-03-08 20:02:12,841 - root - INFO - Token Token-131 waiting for resource 'Tech' at 2025-03-12 08:05:06.057186
2025-03-08 20:02:12,856 - root - INFO - Token Token-132 started task 'Monthly' at 2025-03-12 08:10:26.259495, scheduled to end at 2025-03-12 08:10:26.259495 (processing time: 0.00 min)
2025-03-08 20:02:12,857 - root - INFO - Token Token-132 completed task 'Monthly' at 2025-03-12 08:10:26.259495.
2025-03-08 20:02:12,858 - root - INFO - Token Token-132 waiting for resource 'Tech' at 2025-03-12 08:10:26.259495
2025-03-08 20:02:12,858 - root - INFO - Token Token-133 started task 'Monthly' at 2025-03-12 08:15:47.069738, scheduled to end at 2025-03-12 08:15:47.069738 (processing time: 0.00 min)
2025-03-08 20:02:12,858 - root - INFO - Token Token-133 completed task 'Monthly' at 2025-03-12 08:15:47.069738.
2025-03-08 20:02:12,859 - root - INFO - Token Token-133 waiting for resource 'Tech' at 2025-03-12 08:15:47.069738
2025-03-08 20:02:12,859 - root - INFO - Token Token-134 started task 'Monthly' at 2025-03-12 08:21:03.150950, scheduled to end at 2025-03-12 08:21:03.150950 (processing time: 0.00 min)
2025-03-08 20:02:12,860 - root - INFO - Token Token-134 completed task 'Monthly' at 2025-03-12 08:21:03.150950.
2025-03-08 20:02:12,860 - root - INFO - Token Token-134 waiting for resource 'Tech' at 2025-03-12 08:21:03.150950
2025-03-08 20:02:12,860 - root - INFO - Token Token-135 started task 'Monthly' at 2025-03-12 08:26:47.073585, scheduled to end at 2025-03-12 08:26:47.073585 (processing time: 0.00 min)
2025-03-08 20:02:12,861 - root - INFO - Token Token-135 completed task 'Monthly' at 2025-03-12 08:26:47.073585.
2025-03-08 20:02:12,862 - root - INFO - Token Token-135 waiting for resource 'Tech' at 2025-03-12 08:26:47.073585
2025-03-08 20:02:12,863 - root - INFO - Token Token-136 started task 'Monthly' at 2025-03-12 08:32:55.854364, scheduled to end at 2025-03-12 08:32:55.854364 (processing time: 0.00 min)
2025-03-08 20:02:12,864 - root - INFO - Token Token-136 completed task 'Monthly' at 2025-03-12 08:32:55.854364.
2025-03-08 20:02:12,864 - root - INFO - Token Token-136 waiting for resource 'Tech' at 2025-03-12 08:32:55.854364
2025-03-08 20:02:12,864 - root - INFO - Token Token-137 started task 'Monthly' at 2025-03-12 08:39:00.936639, scheduled to end at 2025-03-12 08:39:00.936639 (processing time: 0.00 min)
2025-03-08 20:02:12,865 - root - INFO - Token Token-137 completed task 'Monthly' at 2025-03-12 08:39:00.936639.
2025-03-08 20:02:12,865 - root - INFO - Token Token-137 waiting for resource 'Tech' at 2025-03-12 08:39:00.936639
2025-03-08 20:02:12,866 - root - INFO - Token Token-138 started task 'Monthly' at 2025-03-12 08:45:22.135050, scheduled to end at 2025-03-12 08:45:22.135050 (processing time: 0.00 min)
2025-03-08 20:02:12,866 - root - INFO - Token Token-138 completed task 'Monthly' at 2025-03-12 08:45:22.135050.
2025-03-08 20:02:12,866 - root - INFO - Token Token-138 waiting for resource 'Tech' at 2025-03-12 08:45:22.135050
2025-03-08 20:02:12,867 - root - INFO - Token Token-139 started task 'Monthly' at 2025-03-12 08:51:09.312222, scheduled to end at 2025-03-12 08:51:09.312222 (processing time: 0.00 min)
2025-03-08 20:02:12,867 - root - INFO - Token Token-139 completed task 'Monthly' at 2025-03-12 08:51:09.312222.
2025-03-08 20:02:12,868 - root - INFO - Token Token-139 waiting for resource 'Tech' at 2025-03-12 08:51:09.312222
2025-03-08 20:02:12,868 - root - INFO - Token Token-140 started task 'Monthly' at 2025-03-12 08:56:58.861504, scheduled to end at 2025-03-12 08:56:58.861504 (processing time: 0.00 min)
2025-03-08 20:02:12,869 - root - INFO - Token Token-140 completed task 'Monthly' at 2025-03-12 08:56:58.861504.
2025-03-08 20:02:12,869 - root - INFO - Token Token-140 waiting for resource 'Tech' at 2025-03-12 08:56:58.861504
2025-03-08 20:02:12,869 - root - INFO - Token Token-141 started task 'Monthly' at 2025-03-12 09:02:23.630963, scheduled to end at 2025-03-12 09:02:23.630963 (processing time: 0.00 min)
2025-03-08 20:02:12,870 - root - INFO - Token Token-141 completed task 'Monthly' at 2025-03-12 09:02:23.630963.
2025-03-08 20:02:12,870 - root - INFO - Token Token-141 waiting for resource 'Tech' at 2025-03-12 09:02:23.630963
2025-03-08 20:02:12,870 - root - INFO - Token Token-142 started task 'Monthly' at 2025-03-12 09:06:46.923920, scheduled to end at 2025-03-12 09:06:46.923920 (processing time: 0.00 min)
2025-03-08 20:02:12,871 - root - INFO - Token Token-142 completed task 'Monthly' at 2025-03-12 09:06:46.923920.
2025-03-08 20:02:12,871 - root - INFO - Token Token-142 waiting for resource 'Tech' at 2025-03-12 09:06:46.923920
2025-03-08 20:02:12,872 - root - INFO - Token Token-143 started task 'Monthly' at 2025-03-12 09:12:11.930270, scheduled to end at 2025-03-12 09:12:11.930270 (processing time: 0.00 min)
2025-03-08 20:02:12,872 - root - INFO - Token Token-143 completed task 'Monthly' at 2025-03-12 09:12:11.930270.
2025-03-08 20:02:12,872 - root - INFO - Token Token-143 waiting for resource 'Tech' at 2025-03-12 09:12:11.930270
2025-03-08 20:02:12,873 - root - INFO - Token Token-144 started task 'Monthly' at 2025-03-12 09:17:58.238153, scheduled to end at 2025-03-12 09:17:58.238153 (processing time: 0.00 min)
2025-03-08 20:02:12,873 - root - INFO - Token Token-144 completed task 'Monthly' at 2025-03-12 09:17:58.238153.
2025-03-08 20:02:12,873 - root - INFO - Token Token-144 waiting for resource 'Tech' at 2025-03-12 09:17:58.238153
2025-03-08 20:02:12,874 - root - INFO - Token Token-145 started task 'Monthly' at 2025-03-12 09:22:42.749831, scheduled to end at 2025-03-12 09:22:42.749831 (processing time: 0.00 min)
2025-03-08 20:02:12,874 - root - INFO - Token Token-145 completed task 'Monthly' at 2025-03-12 09:22:42.749831.
2025-03-08 20:02:12,874 - root - INFO - Token Token-145 waiting for resource 'Tech' at 2025-03-12 09:22:42.749831
2025-03-08 20:02:12,875 - root - INFO - Token Token-146 started task 'Monthly' at 2025-03-12 09:27:32.034745, scheduled to end at 2025-03-12 09:27:32.034745 (processing time: 0.00 min)
2025-03-08 20:02:12,875 - root - INFO - Token Token-146 completed task 'Monthly' at 2025-03-12 09:27:32.034745.
2025-03-08 20:02:12,876 - root - INFO - Token Token-146 waiting for resource 'Tech' at 2025-03-12 09:27:32.034745
2025-03-08 20:02:12,876 - root - INFO - Token Token-147 started task 'Monthly' at 2025-03-12 09:32:51.791870, scheduled to end at 2025-03-12 09:32:51.791870 (processing time: 0.00 min)
2025-03-08 20:02:12,876 - root - INFO - Token Token-147 completed task 'Monthly' at 2025-03-12 09:32:51.791870.
2025-03-08 20:02:12,877 - root - INFO - Token Token-147 waiting for resource 'Tech' at 2025-03-12 09:32:51.791870
2025-03-08 20:02:12,877 - root - INFO - Token Token-148 started task 'Monthly' at 2025-03-12 09:38:36.403563, scheduled to end at 2025-03-12 09:38:36.403563 (processing time: 0.00 min)
2025-03-08 20:02:12,878 - root - INFO - Token Token-148 completed task 'Monthly' at 2025-03-12 09:38:36.403563.
2025-03-08 20:02:12,878 - root - INFO - Token Token-148 waiting for resource 'Tech' at 2025-03-12 09:38:36.403563
2025-03-08 20:02:12,878 - root - INFO - Token Token-149 started task 'Monthly' at 2025-03-12 09:44:45.855043, scheduled to end at 2025-03-12 09:44:45.855043 (processing time: 0.00 min)
2025-03-08 20:02:12,879 - root - INFO - Token Token-149 completed task 'Monthly' at 2025-03-12 09:44:45.855043.
2025-03-08 20:02:12,879 - root - INFO - Token Token-149 waiting for resource 'Tech' at 2025-03-12 09:44:45.855043
2025-03-08 20:02:12,880 - root - INFO - Token Token-150 started task 'Monthly' at 2025-03-12 09:51:08.544391, scheduled to end at 2025-03-12 09:51:08.544391 (processing time: 0.00 min)
2025-03-08 20:02:12,880 - root - INFO - Token Token-150 completed task 'Monthly' at 2025-03-12 09:51:08.544391.
2025-03-08 20:02:12,880 - root - INFO - Token Token-150 waiting for resource 'Tech' at 2025-03-12 09:51:08.544391
2025-03-08 20:02:12,881 - root - INFO - Token Token-151 started task 'Monthly' at 2025-03-12 09:55:39.763786, scheduled to end at 2025-03-12 09:55:39.763786 (processing time: 0.00 min)
2025-03-08 20:02:12,881 - root - INFO - Token Token-151 completed task 'Monthly' at 2025-03-12 09:55:39.763786.
2025-03-08 20:02:12,881 - root - INFO - Token Token-151 waiting for resource 'Tech' at 2025-03-12 09:55:39.763786
2025-03-08 20:02:12,882 - root - INFO - Token Token-152 started task 'Monthly' at 2025-03-12 10:00:48.420320, scheduled to end at 2025-03-12 10:00:48.420320 (processing time: 0.00 min)
2025-03-08 20:02:12,882 - root - INFO - Token Token-152 completed task 'Monthly' at 2025-03-12 10:00:48.420320.
2025-03-08 20:02:12,883 - root - INFO - Token Token-152 waiting for resource 'Tech' at 2025-03-12 10:00:48.420320
2025-03-08 20:02:12,883 - root - INFO - Token Token-153 started task 'Monthly' at 2025-03-12 10:07:05.550691, scheduled to end at 2025-03-12 10:07:05.550691 (processing time: 0.00 min)
2025-03-08 20:02:12,883 - root - INFO - Token Token-153 completed task 'Monthly' at 2025-03-12 10:07:05.550691.
2025-03-08 20:02:12,884 - root - INFO - Token Token-153 waiting for resource 'Tech' at 2025-03-12 10:07:05.550691
2025-03-08 20:02:12,884 - root - INFO - Token Token-154 started task 'Monthly' at 2025-03-12 10:12:57.134399, scheduled to end at 2025-03-12 10:12:57.134399 (processing time: 0.00 min)
2025-03-08 20:02:12,885 - root - INFO - Token Token-154 completed task 'Monthly' at 2025-03-12 10:12:57.134399.
2025-03-08 20:02:12,885 - root - INFO - Token Token-154 waiting for resource 'Tech' at 2025-03-12 10:12:57.134399
2025-03-08 20:02:12,885 - root - INFO - Token Token-155 started task 'Monthly' at 2025-03-12 10:18:47.230944, scheduled to end at 2025-03-12 10:18:47.230944 (processing time: 0.00 min)
2025-03-08 20:02:12,886 - root - INFO - Token Token-155 completed task 'Monthly' at 2025-03-12 10:18:47.230944.
2025-03-08 20:02:12,886 - root - INFO - Token Token-155 waiting for resource 'Tech' at 2025-03-12 10:18:47.230944
2025-03-08 20:02:12,887 - root - INFO - Token Token-156 started task 'Monthly' at 2025-03-12 10:24:42.374642, scheduled to end at 2025-03-12 10:24:42.374642 (processing time: 0.00 min)
2025-03-08 20:02:12,887 - root - INFO - Token Token-156 completed task 'Monthly' at 2025-03-12 10:24:42.374642.
2025-03-08 20:02:12,887 - root - INFO - Token Token-156 waiting for resource 'Tech' at 2025-03-12 10:24:42.374642
2025-03-08 20:02:12,888 - root - INFO - Token Token-157 started task 'Monthly' at 2025-03-12 10:29:16.691967, scheduled to end at 2025-03-12 10:29:16.691967 (processing time: 0.00 min)
2025-03-08 20:02:12,888 - root - INFO - Token Token-157 completed task 'Monthly' at 2025-03-12 10:29:16.691967.
2025-03-08 20:02:12,889 - root - INFO - Token Token-157 waiting for resource 'Tech' at 2025-03-12 10:29:16.691967
2025-03-08 20:02:12,889 - root - INFO - Token Token-158 started task 'Monthly' at 2025-03-12 10:35:30.400762, scheduled to end at 2025-03-12 10:35:30.400762 (processing time: 0.00 min)
2025-03-08 20:02:12,889 - root - INFO - Token Token-158 completed task 'Monthly' at 2025-03-12 10:35:30.400762.
2025-03-08 20:02:12,890 - root - INFO - Token Token-158 waiting for resource 'Tech' at 2025-03-12 10:35:30.400762
2025-03-08 20:02:12,890 - root - INFO - Token Token-159 started task 'Monthly' at 2025-03-12 10:40:05.208361, scheduled to end at 2025-03-12 10:40:05.208361 (processing time: 0.00 min)
2025-03-08 20:02:12,890 - root - INFO - Token Token-159 completed task 'Monthly' at 2025-03-12 10:40:05.208361.
2025-03-08 20:02:12,891 - root - INFO - Token Token-159 waiting for resource 'Tech' at 2025-03-12 10:40:05.208361
2025-03-08 20:02:12,892 - root - INFO - Token Token-160 started task 'Monthly' at 2025-03-12 10:44:50.372972, scheduled to end at 2025-03-12 10:44:50.372972 (processing time: 0.00 min)
2025-03-08 20:02:12,892 - root - INFO - Token Token-160 completed task 'Monthly' at 2025-03-12 10:44:50.372972.
2025-03-08 20:02:12,909 - root - INFO - Token Token-160 waiting for resource 'Tech' at 2025-03-12 10:44:50.372972
2025-03-08 20:02:12,909 - root - INFO - Token Token-161 started task 'Monthly' at 2025-03-12 10:50:18.749755, scheduled to end at 2025-03-12 10:50:18.749755 (processing time: 0.00 min)
2025-03-08 20:02:12,910 - root - INFO - Token Token-161 completed task 'Monthly' at 2025-03-12 10:50:18.749755.
2025-03-08 20:02:12,910 - root - INFO - Token Token-161 waiting for resource 'Tech' at 2025-03-12 10:50:18.749755
2025-03-08 20:02:12,910 - root - INFO - Token Token-162 started task 'Monthly' at 2025-03-12 10:56:14.093207, scheduled to end at 2025-03-12 10:56:14.093207 (processing time: 0.00 min)
2025-03-08 20:02:12,911 - root - INFO - Token Token-162 completed task 'Monthly' at 2025-03-12 10:56:14.093207.
2025-03-08 20:02:12,911 - root - INFO - Token Token-162 waiting for resource 'Tech' at 2025-03-12 10:56:14.093207
2025-03-08 20:02:12,911 - root - INFO - Token Token-163 started task 'Monthly' at 2025-03-12 11:02:00.021408, scheduled to end at 2025-03-12 11:02:00.021408 (processing time: 0.00 min)
2025-03-08 20:02:12,911 - root - INFO - Token Token-163 completed task 'Monthly' at 2025-03-12 11:02:00.021408.
2025-03-08 20:02:12,912 - root - INFO - Token Token-163 waiting for resource 'Tech' at 2025-03-12 11:02:00.021408
2025-03-08 20:02:12,912 - root - INFO - Token Token-164 started task 'Monthly' at 2025-03-12 11:08:07.109910, scheduled to end at 2025-03-12 11:08:07.109910 (processing time: 0.00 min)
2025-03-08 20:02:12,912 - root - INFO - Token Token-164 completed task 'Monthly' at 2025-03-12 11:08:07.109910.
2025-03-08 20:02:12,912 - root - INFO - Token Token-164 waiting for resource 'Tech' at 2025-03-12 11:08:07.109910
2025-03-08 20:02:12,913 - root - INFO - Token Token-165 started task 'Monthly' at 2025-03-12 11:13:57.573997, scheduled to end at 2025-03-12 11:13:57.573997 (processing time: 0.00 min)
2025-03-08 20:02:12,913 - root - INFO - Token Token-165 completed task 'Monthly' at 2025-03-12 11:13:57.573997.
2025-03-08 20:02:12,913 - root - INFO - Token Token-165 waiting for resource 'Tech' at 2025-03-12 11:13:57.573997
2025-03-08 20:02:12,913 - root - INFO - Token Token-166 started task 'Monthly' at 2025-03-12 11:20:21.036525, scheduled to end at 2025-03-12 11:20:21.036525 (processing time: 0.00 min)
2025-03-08 20:02:12,913 - root - INFO - Token Token-166 completed task 'Monthly' at 2025-03-12 11:20:21.036525.
2025-03-08 20:02:12,914 - root - INFO - Token Token-166 waiting for resource 'Tech' at 2025-03-12 11:20:21.036525
2025-03-08 20:02:12,914 - root - INFO - Token Token-167 started task 'Monthly' at 2025-03-12 11:25:24.634048, scheduled to end at 2025-03-12 11:25:24.634048 (processing time: 0.00 min)
2025-03-08 20:02:12,914 - root - INFO - Token Token-167 completed task 'Monthly' at 2025-03-12 11:25:24.634048.
2025-03-08 20:02:12,914 - root - INFO - Token Token-167 waiting for resource 'Tech' at 2025-03-12 11:25:24.634048
2025-03-08 20:02:12,914 - root - INFO - Token Token-168 started task 'Monthly' at 2025-03-12 11:30:35.261729, scheduled to end at 2025-03-12 11:30:35.261729 (processing time: 0.00 min)
2025-03-08 20:02:12,919 - root - INFO - Token Token-168 completed task 'Monthly' at 2025-03-12 11:30:35.261729.
2025-03-08 20:02:12,920 - root - INFO - Token Token-168 waiting for resource 'Tech' at 2025-03-12 11:30:35.261729
2025-03-08 20:02:12,920 - root - INFO - Token Token-169 started task 'Monthly' at 2025-03-12 11:36:30.024121, scheduled to end at 2025-03-12 11:36:30.024121 (processing time: 0.00 min)
2025-03-08 20:02:12,920 - root - INFO - Token Token-169 completed task 'Monthly' at 2025-03-12 11:36:30.024121.
2025-03-08 20:02:12,921 - root - INFO - Token Token-169 waiting for resource 'Tech' at 2025-03-12 11:36:30.024121
2025-03-08 20:02:12,921 - root - INFO - Token Token-170 started task 'Monthly' at 2025-03-12 11:42:47.921128, scheduled to end at 2025-03-12 11:42:47.921128 (processing time: 0.00 min)
2025-03-08 20:02:12,922 - root - INFO - Token Token-170 completed task 'Monthly' at 2025-03-12 11:42:47.921128.
2025-03-08 20:02:12,922 - root - INFO - Token Token-170 waiting for resource 'Tech' at 2025-03-12 11:42:47.921128
2025-03-08 20:02:12,922 - root - INFO - Token Token-171 started task 'Monthly' at 2025-03-12 11:48:22.522155, scheduled to end at 2025-03-12 11:48:22.522155 (processing time: 0.00 min)
2025-03-08 20:02:12,923 - root - INFO - Token Token-171 completed task 'Monthly' at 2025-03-12 11:48:22.522155.
2025-03-08 20:02:12,923 - root - INFO - Token Token-171 waiting for resource 'Tech' at 2025-03-12 11:48:22.522155
2025-03-08 20:02:12,923 - root - INFO - Token Token-172 started task 'Monthly' at 2025-03-12 11:54:21.828767, scheduled to end at 2025-03-12 11:54:21.828767 (processing time: 0.00 min)
2025-03-08 20:02:12,924 - root - INFO - Token Token-172 completed task 'Monthly' at 2025-03-12 11:54:21.828767.
2025-03-08 20:02:12,924 - root - INFO - Token Token-172 waiting for resource 'Tech' at 2025-03-12 11:54:21.828767
2025-03-08 20:02:12,924 - root - INFO - Token Token-173 started task 'Monthly' at 2025-03-12 12:00:34.136853, scheduled to end at 2025-03-12 12:00:34.136853 (processing time: 0.00 min)
2025-03-08 20:02:12,925 - root - INFO - Token Token-173 completed task 'Monthly' at 2025-03-12 12:00:34.136853.
2025-03-08 20:02:12,925 - root - INFO - Token Token-173 waiting for resource 'Tech' at 2025-03-12 12:00:34.136853
2025-03-08 20:02:12,925 - root - INFO - Token Token-174 started task 'Monthly' at 2025-03-12 12:06:54.766216, scheduled to end at 2025-03-12 12:06:54.766216 (processing time: 0.00 min)
2025-03-08 20:02:12,926 - root - INFO - Token Token-174 completed task 'Monthly' at 2025-03-12 12:06:54.766216.
2025-03-08 20:02:12,926 - root - INFO - Token Token-174 waiting for resource 'Tech' at 2025-03-12 12:06:54.766216
2025-03-08 20:02:12,927 - root - INFO - Token Token-175 started task 'Monthly' at 2025-03-12 12:13:19.949433, scheduled to end at 2025-03-12 12:13:19.949433 (processing time: 0.00 min)
2025-03-08 20:02:12,927 - root - INFO - Token Token-175 completed task 'Monthly' at 2025-03-12 12:13:19.949433.
2025-03-08 20:02:12,927 - root - INFO - Token Token-175 waiting for resource 'Tech' at 2025-03-12 12:13:19.949433
2025-03-08 20:02:12,928 - root - INFO - Token Token-176 started task 'Monthly' at 2025-03-12 12:18:29.950455, scheduled to end at 2025-03-12 12:18:29.950455 (processing time: 0.00 min)
2025-03-08 20:02:12,928 - root - INFO - Token Token-176 completed task 'Monthly' at 2025-03-12 12:18:29.950455.
2025-03-08 20:02:12,929 - root - INFO - Token Token-176 waiting for resource 'Tech' at 2025-03-12 12:18:29.950455
2025-03-08 20:02:12,929 - root - INFO - Token Token-177 started task 'Monthly' at 2025-03-12 12:24:54.857404, scheduled to end at 2025-03-12 12:24:54.857404 (processing time: 0.00 min)
2025-03-08 20:02:12,930 - root - INFO - Token Token-177 completed task 'Monthly' at 2025-03-12 12:24:54.857404.
2025-03-08 20:02:12,930 - root - INFO - Token Token-177 waiting for resource 'Tech' at 2025-03-12 12:24:54.857404
2025-03-08 20:02:12,930 - root - INFO - Token Token-178 started task 'Monthly' at 2025-03-12 12:30:42.177521, scheduled to end at 2025-03-12 12:30:42.177521 (processing time: 0.00 min)
2025-03-08 20:02:12,931 - root - INFO - Token Token-178 completed task 'Monthly' at 2025-03-12 12:30:42.177521.
2025-03-08 20:02:12,931 - root - INFO - Token Token-178 waiting for resource 'Tech' at 2025-03-12 12:30:42.177521
2025-03-08 20:02:12,931 - root - INFO - Token Token-179 started task 'Monthly' at 2025-03-12 12:36:08.529974, scheduled to end at 2025-03-12 12:36:08.529974 (processing time: 0.00 min)
2025-03-08 20:02:12,932 - root - INFO - Token Token-179 completed task 'Monthly' at 2025-03-12 12:36:08.529974.
2025-03-08 20:02:12,932 - root - INFO - Token Token-179 waiting for resource 'Tech' at 2025-03-12 12:36:08.529974
2025-03-08 20:02:12,932 - root - INFO - Token Token-180 started task 'Monthly' at 2025-03-12 12:42:13.932101, scheduled to end at 2025-03-12 12:42:13.932101 (processing time: 0.00 min)
2025-03-08 20:02:12,933 - root - INFO - Token Token-180 completed task 'Monthly' at 2025-03-12 12:42:13.932101.
2025-03-08 20:02:12,933 - root - INFO - Token Token-180 waiting for resource 'Tech' at 2025-03-12 12:42:13.932101
2025-03-08 20:02:12,934 - root - INFO - Token Token-181 started task 'Monthly' at 2025-03-12 12:46:59.692413, scheduled to end at 2025-03-12 12:46:59.692413 (processing time: 0.00 min)
2025-03-08 20:02:12,935 - root - INFO - Token Token-181 completed task 'Monthly' at 2025-03-12 12:46:59.692413.
2025-03-08 20:02:12,935 - root - INFO - Token Token-181 waiting for resource 'Tech' at 2025-03-12 12:46:59.692413
2025-03-08 20:02:12,935 - root - INFO - Token Token-182 started task 'Monthly' at 2025-03-12 12:51:59.824297, scheduled to end at 2025-03-12 12:51:59.824297 (processing time: 0.00 min)
2025-03-08 20:02:12,937 - root - INFO - Token Token-182 completed task 'Monthly' at 2025-03-12 12:51:59.824297.
2025-03-08 20:02:12,937 - root - INFO - Token Token-182 waiting for resource 'Tech' at 2025-03-12 12:51:59.824297
2025-03-08 20:02:12,956 - root - INFO - Token Token-183 started task 'Monthly' at 2025-03-12 12:57:37.586322, scheduled to end at 2025-03-12 12:57:37.586322 (processing time: 0.00 min)
2025-03-08 20:02:12,956 - root - INFO - Token Token-183 completed task 'Monthly' at 2025-03-12 12:57:37.586322.
2025-03-08 20:02:12,957 - root - INFO - Token Token-183 waiting for resource 'Tech' at 2025-03-12 12:57:37.586322
2025-03-08 20:02:12,957 - root - INFO - Token Token-184 started task 'Monthly' at 2025-03-12 13:02:36.625966, scheduled to end at 2025-03-12 13:02:36.625966 (processing time: 0.00 min)
2025-03-08 20:02:12,958 - root - INFO - Token Token-184 completed task 'Monthly' at 2025-03-12 13:02:36.625966.
2025-03-08 20:02:12,958 - root - INFO - Token Token-184 waiting for resource 'Tech' at 2025-03-12 13:02:36.625966
2025-03-08 20:02:12,958 - root - INFO - Token Token-185 started task 'Monthly' at 2025-03-12 13:07:48.662835, scheduled to end at 2025-03-12 13:07:48.662835 (processing time: 0.00 min)
2025-03-08 20:02:12,959 - root - INFO - Token Token-185 completed task 'Monthly' at 2025-03-12 13:07:48.662835.
2025-03-08 20:02:12,959 - root - INFO - Token Token-185 waiting for resource 'Tech' at 2025-03-12 13:07:48.662835
2025-03-08 20:02:12,960 - root - INFO - Token Token-186 started task 'Monthly' at 2025-03-12 13:12:49.168381, scheduled to end at 2025-03-12 13:12:49.168381 (processing time: 0.00 min)
2025-03-08 20:02:12,960 - root - INFO - Token Token-186 completed task 'Monthly' at 2025-03-12 13:12:49.168381.
2025-03-08 20:02:12,961 - root - INFO - Token Token-186 waiting for resource 'Tech' at 2025-03-12 13:12:49.168381
2025-03-08 20:02:12,961 - root - INFO - Token Token-187 started task 'Monthly' at 2025-03-12 13:18:48.483685, scheduled to end at 2025-03-12 13:18:48.483685 (processing time: 0.00 min)
2025-03-08 20:02:12,961 - root - INFO - Token Token-187 completed task 'Monthly' at 2025-03-12 13:18:48.483685.
2025-03-08 20:02:12,962 - root - INFO - Token Token-187 waiting for resource 'Tech' at 2025-03-12 13:18:48.483685
2025-03-08 20:02:12,962 - root - INFO - Token Token-188 started task 'Monthly' at 2025-03-12 13:24:02.924948, scheduled to end at 2025-03-12 13:24:02.924948 (processing time: 0.00 min)
2025-03-08 20:02:12,962 - root - INFO - Token Token-188 completed task 'Monthly' at 2025-03-12 13:24:02.924948.
2025-03-08 20:02:12,963 - root - INFO - Token Token-188 waiting for resource 'Tech' at 2025-03-12 13:24:02.924948
2025-03-08 20:02:12,963 - root - INFO - Token Token-189 started task 'Monthly' at 2025-03-12 13:29:48.000063, scheduled to end at 2025-03-12 13:29:48.000063 (processing time: 0.00 min)
2025-03-08 20:02:12,963 - root - INFO - Token Token-189 completed task 'Monthly' at 2025-03-12 13:29:48.000063.
2025-03-08 20:02:12,963 - root - INFO - Token Token-189 waiting for resource 'Tech' at 2025-03-12 13:29:48.000063
2025-03-08 20:02:12,964 - root - INFO - Token Token-190 started task 'Monthly' at 2025-03-12 13:35:18.392274, scheduled to end at 2025-03-12 13:35:18.392274 (processing time: 0.00 min)
2025-03-08 20:02:12,964 - root - INFO - Token Token-190 completed task 'Monthly' at 2025-03-12 13:35:18.392274.
2025-03-08 20:02:12,964 - root - INFO - Token Token-190 waiting for resource 'Tech' at 2025-03-12 13:35:18.392274
2025-03-08 20:02:12,964 - root - INFO - Token Token-191 started task 'Monthly' at 2025-03-12 13:41:30.241455, scheduled to end at 2025-03-12 13:41:30.241455 (processing time: 0.00 min)
2025-03-08 20:02:12,964 - root - INFO - Token Token-191 completed task 'Monthly' at 2025-03-12 13:41:30.241455.
2025-03-08 20:02:12,964 - root - INFO - Token Token-191 waiting for resource 'Tech' at 2025-03-12 13:41:30.241455
2025-03-08 20:02:12,964 - root - INFO - Token Token-192 started task 'Monthly' at 2025-03-12 13:47:55.335283, scheduled to end at 2025-03-12 13:47:55.335283 (processing time: 0.00 min)
2025-03-08 20:02:12,964 - root - INFO - Token Token-192 completed task 'Monthly' at 2025-03-12 13:47:55.335283.
2025-03-08 20:02:12,964 - root - INFO - Token Token-192 waiting for resource 'Tech' at 2025-03-12 13:47:55.335283
2025-03-08 20:02:12,967 - root - INFO - Token Token-193 started task 'Monthly' at 2025-03-12 13:54:20.488415, scheduled to end at 2025-03-12 13:54:20.488415 (processing time: 0.00 min)
2025-03-08 20:02:12,967 - root - INFO - Token Token-193 completed task 'Monthly' at 2025-03-12 13:54:20.488415.
2025-03-08 20:02:12,968 - root - INFO - Token Token-193 waiting for resource 'Tech' at 2025-03-12 13:54:20.488415
2025-03-08 20:02:12,968 - root - INFO - Token Token-194 started task 'Monthly' at 2025-03-12 13:59:25.439625, scheduled to end at 2025-03-12 13:59:25.439625 (processing time: 0.00 min)
2025-03-08 20:02:12,968 - root - INFO - Token Token-194 completed task 'Monthly' at 2025-03-12 13:59:25.439625.
2025-03-08 20:02:12,968 - root - INFO - Token Token-194 waiting for resource 'Tech' at 2025-03-12 13:59:25.439625
2025-03-08 20:02:12,969 - root - INFO - Token Token-195 started task 'Monthly' at 2025-03-13 08:00:00, scheduled to end at 2025-03-13 08:00:00 (processing time: 0.00 min)
2025-03-08 20:02:12,969 - root - INFO - Token Token-195 completed task 'Monthly' at 2025-03-13 08:00:00.
2025-03-08 20:02:12,969 - root - INFO - Token Token-195 waiting for resource 'Tech' at 2025-03-13 08:00:00
2025-03-08 20:02:12,970 - root - INFO - Token Token-196 started task 'Monthly' at 2025-03-13 08:05:19.811485, scheduled to end at 2025-03-13 08:05:19.811485 (processing time: 0.00 min)
2025-03-08 20:02:12,970 - root - INFO - Token Token-196 completed task 'Monthly' at 2025-03-13 08:05:19.811485.
2025-03-08 20:02:12,970 - root - INFO - Token Token-196 waiting for resource 'Tech' at 2025-03-13 08:05:19.811485
2025-03-08 20:02:12,970 - root - INFO - Token Token-197 started task 'Monthly' at 2025-03-13 08:11:27.929984, scheduled to end at 2025-03-13 08:11:27.929984 (processing time: 0.00 min)
2025-03-08 20:02:12,970 - root - INFO - Token Token-197 completed task 'Monthly' at 2025-03-13 08:11:27.929984.
2025-03-08 20:02:12,971 - root - INFO - Token Token-197 waiting for resource 'Tech' at 2025-03-13 08:11:27.929984
2025-03-08 20:02:12,971 - root - INFO - Token Token-198 started task 'Monthly' at 2025-03-13 08:15:50.079279, scheduled to end at 2025-03-13 08:15:50.079279 (processing time: 0.00 min)
2025-03-08 20:02:12,971 - root - INFO - Token Token-198 completed task 'Monthly' at 2025-03-13 08:15:50.079279.
2025-03-08 20:02:12,971 - root - INFO - Token Token-198 waiting for resource 'Tech' at 2025-03-13 08:15:50.079279
2025-03-08 20:02:12,972 - root - INFO - Token Token-199 started task 'Monthly' at 2025-03-13 08:20:14.825593, scheduled to end at 2025-03-13 08:20:14.825593 (processing time: 0.00 min)
2025-03-08 20:02:12,972 - root - INFO - Token Token-199 completed task 'Monthly' at 2025-03-13 08:20:14.825593.
2025-03-08 20:02:12,972 - root - INFO - Token Token-199 waiting for resource 'Tech' at 2025-03-13 08:20:14.825593
2025-03-08 20:02:12,972 - root - INFO - Token Token-200 started task 'Monthly' at 2025-03-13 08:25:03.113243, scheduled to end at 2025-03-13 08:25:03.113243 (processing time: 0.00 min)
2025-03-08 20:02:12,973 - root - INFO - Token Token-200 completed task 'Monthly' at 2025-03-13 08:25:03.113243.
2025-03-08 20:02:12,973 - root - INFO - Token Token-200 waiting for resource 'Tech' at 2025-03-13 08:25:03.113243
2025-03-08 20:02:12,973 - root - INFO - Token Token-201 started task 'Monthly' at 2025-03-13 08:31:04.076286, scheduled to end at 2025-03-13 08:31:04.076286 (processing time: 0.00 min)
2025-03-08 20:02:12,973 - root - INFO - Token Token-201 completed task 'Monthly' at 2025-03-13 08:31:04.076286.
2025-03-08 20:02:12,974 - root - INFO - Token Token-201 waiting for resource 'Tech' at 2025-03-13 08:31:04.076286
2025-03-08 20:02:12,974 - root - INFO - Token Token-202 started task 'Monthly' at 2025-03-13 08:37:16.934321, scheduled to end at 2025-03-13 08:37:16.934321 (processing time: 0.00 min)
2025-03-08 20:02:12,974 - root - INFO - Token Token-202 completed task 'Monthly' at 2025-03-13 08:37:16.934321.
2025-03-08 20:02:12,974 - root - INFO - Token Token-202 waiting for resource 'Tech' at 2025-03-13 08:37:16.934321
2025-03-08 20:02:12,975 - root - INFO - Token Token-203 started task 'Monthly' at 2025-03-13 08:42:48.441371, scheduled to end at 2025-03-13 08:42:48.441371 (processing time: 0.00 min)
2025-03-08 20:02:12,975 - root - INFO - Token Token-203 completed task 'Monthly' at 2025-03-13 08:42:48.441371.
2025-03-08 20:02:12,976 - root - INFO - Token Token-203 waiting for resource 'Tech' at 2025-03-13 08:42:48.441371
2025-03-08 20:02:12,976 - root - INFO - Token Token-204 started task 'Monthly' at 2025-03-13 08:47:19.832162, scheduled to end at 2025-03-13 08:47:19.832162 (processing time: 0.00 min)
2025-03-08 20:02:12,976 - root - INFO - Token Token-204 completed task 'Monthly' at 2025-03-13 08:47:19.832162.
2025-03-08 20:02:12,976 - root - INFO - Token Token-204 waiting for resource 'Tech' at 2025-03-13 08:47:19.832162
2025-03-08 20:02:12,979 - root - INFO - Token Token-205 started task 'Monthly' at 2025-03-13 08:53:44.939469, scheduled to end at 2025-03-13 08:53:44.939469 (processing time: 0.00 min)
2025-03-08 20:02:12,980 - root - INFO - Token Token-205 completed task 'Monthly' at 2025-03-13 08:53:44.939469.
2025-03-08 20:02:12,980 - root - INFO - Token Token-205 waiting for resource 'Tech' at 2025-03-13 08:53:44.939469
2025-03-08 20:02:12,981 - root - INFO - Token Token-206 started task 'Monthly' at 2025-03-13 08:58:35.577666, scheduled to end at 2025-03-13 08:58:35.577666 (processing time: 0.00 min)
2025-03-08 20:02:12,981 - root - INFO - Token Token-206 completed task 'Monthly' at 2025-03-13 08:58:35.577666.
2025-03-08 20:02:12,981 - root - INFO - Token Token-206 waiting for resource 'Tech' at 2025-03-13 08:58:35.577666
2025-03-08 20:02:12,982 - root - INFO - Token Token-207 started task 'Monthly' at 2025-03-13 09:03:07.339551, scheduled to end at 2025-03-13 09:03:07.339551 (processing time: 0.00 min)
2025-03-08 20:02:12,984 - root - INFO - Token Token-207 completed task 'Monthly' at 2025-03-13 09:03:07.339551.
2025-03-08 20:02:13,004 - root - INFO - Token Token-207 waiting for resource 'Tech' at 2025-03-13 09:03:07.339551
2025-03-08 20:02:13,004 - root - INFO - Token Token-208 started task 'Monthly' at 2025-03-13 09:07:17.204252, scheduled to end at 2025-03-13 09:07:17.204252 (processing time: 0.00 min)
2025-03-08 20:02:13,005 - root - INFO - Token Token-208 completed task 'Monthly' at 2025-03-13 09:07:17.204252.
2025-03-08 20:02:13,005 - root - INFO - Token Token-208 waiting for resource 'Tech' at 2025-03-13 09:07:17.204252
2025-03-08 20:02:13,006 - root - INFO - Token Token-209 started task 'Monthly' at 2025-03-13 09:12:36.257745, scheduled to end at 2025-03-13 09:12:36.257745 (processing time: 0.00 min)
2025-03-08 20:02:13,006 - root - INFO - Token Token-209 completed task 'Monthly' at 2025-03-13 09:12:36.257745.
2025-03-08 20:02:13,007 - root - INFO - Token Token-209 waiting for resource 'Tech' at 2025-03-13 09:12:36.257745
2025-03-08 20:02:13,007 - root - INFO - Token Token-210 started task 'Monthly' at 2025-03-13 09:18:56.658475, scheduled to end at 2025-03-13 09:18:56.658475 (processing time: 0.00 min)
2025-03-08 20:02:13,008 - root - INFO - Token Token-210 completed task 'Monthly' at 2025-03-13 09:18:56.658475.
2025-03-08 20:02:13,008 - root - INFO - Token Token-210 waiting for resource 'Tech' at 2025-03-13 09:18:56.658475
2025-03-08 20:02:13,008 - root - INFO - Token Token-211 started task 'Monthly' at 2025-03-13 09:24:26.859284, scheduled to end at 2025-03-13 09:24:26.859284 (processing time: 0.00 min)
2025-03-08 20:02:13,009 - root - INFO - Token Token-211 completed task 'Monthly' at 2025-03-13 09:24:26.859284.
2025-03-08 20:02:13,009 - root - INFO - Token Token-211 waiting for resource 'Tech' at 2025-03-13 09:24:26.859284
2025-03-08 20:02:13,009 - root - INFO - Token Token-212 started task 'Monthly' at 2025-03-13 09:29:57.942292, scheduled to end at 2025-03-13 09:29:57.942292 (processing time: 0.00 min)
2025-03-08 20:02:13,010 - root - INFO - Token Token-212 completed task 'Monthly' at 2025-03-13 09:29:57.942292.
2025-03-08 20:02:13,010 - root - INFO - Token Token-212 waiting for resource 'Tech' at 2025-03-13 09:29:57.942292
2025-03-08 20:02:13,011 - root - INFO - Token Token-213 started task 'Monthly' at 2025-03-13 09:36:11.789844, scheduled to end at 2025-03-13 09:36:11.789844 (processing time: 0.00 min)
2025-03-08 20:02:13,011 - root - INFO - Token Token-213 completed task 'Monthly' at 2025-03-13 09:36:11.789844.
2025-03-08 20:02:13,012 - root - INFO - Token Token-213 waiting for resource 'Tech' at 2025-03-13 09:36:11.789844
2025-03-08 20:02:13,014 - root - INFO - Token Token-214 started task 'Monthly' at 2025-03-13 09:42:20.584341, scheduled to end at 2025-03-13 09:42:20.584341 (processing time: 0.00 min)
2025-03-08 20:02:13,014 - root - INFO - Token Token-214 completed task 'Monthly' at 2025-03-13 09:42:20.584341.
2025-03-08 20:02:13,015 - root - INFO - Token Token-214 waiting for resource 'Tech' at 2025-03-13 09:42:20.584341
2025-03-08 20:02:13,015 - root - INFO - Token Token-215 started task 'Monthly' at 2025-03-13 09:48:33.113274, scheduled to end at 2025-03-13 09:48:33.113274 (processing time: 0.00 min)
2025-03-08 20:02:13,015 - root - INFO - Token Token-215 completed task 'Monthly' at 2025-03-13 09:48:33.113274.
2025-03-08 20:02:13,016 - root - INFO - Token Token-215 waiting for resource 'Tech' at 2025-03-13 09:48:33.113274
2025-03-08 20:02:13,016 - root - INFO - Token Token-216 started task 'Monthly' at 2025-03-13 09:54:40.040564, scheduled to end at 2025-03-13 09:54:40.040564 (processing time: 0.00 min)
2025-03-08 20:02:13,017 - root - INFO - Token Token-216 completed task 'Monthly' at 2025-03-13 09:54:40.040564.
2025-03-08 20:02:13,017 - root - INFO - Token Token-216 waiting for resource 'Tech' at 2025-03-13 09:54:40.040564
2025-03-08 20:02:13,017 - root - INFO - Token Token-217 started task 'Monthly' at 2025-03-13 09:59:53.457881, scheduled to end at 2025-03-13 09:59:53.457881 (processing time: 0.00 min)
2025-03-08 20:02:13,018 - root - INFO - Token Token-217 completed task 'Monthly' at 2025-03-13 09:59:53.457881.
2025-03-08 20:02:13,018 - root - INFO - Token Token-217 waiting for resource 'Tech' at 2025-03-13 09:59:53.457881
2025-03-08 20:02:13,018 - root - INFO - Token Token-218 started task 'Monthly' at 2025-03-13 10:06:13.406445, scheduled to end at 2025-03-13 10:06:13.406445 (processing time: 0.00 min)
2025-03-08 20:02:13,019 - root - INFO - Token Token-218 completed task 'Monthly' at 2025-03-13 10:06:13.406445.
2025-03-08 20:02:13,019 - root - INFO - Token Token-218 waiting for resource 'Tech' at 2025-03-13 10:06:13.406445
2025-03-08 20:02:13,020 - root - INFO - Token Token-219 started task 'Monthly' at 2025-03-13 10:11:48.088886, scheduled to end at 2025-03-13 10:11:48.088886 (processing time: 0.00 min)
2025-03-08 20:02:13,020 - root - INFO - Token Token-219 completed task 'Monthly' at 2025-03-13 10:11:48.088886.
2025-03-08 20:02:13,020 - root - INFO - Token Token-219 waiting for resource 'Tech' at 2025-03-13 10:11:48.088886
2025-03-08 20:02:13,021 - root - INFO - Token Token-220 started task 'Monthly' at 2025-03-13 10:18:04.158662, scheduled to end at 2025-03-13 10:18:04.158662 (processing time: 0.00 min)
2025-03-08 20:02:13,021 - root - INFO - Token Token-220 completed task 'Monthly' at 2025-03-13 10:18:04.158662.
2025-03-08 20:02:13,021 - root - INFO - Token Token-220 waiting for resource 'Tech' at 2025-03-13 10:18:04.158662
2025-03-08 20:02:13,021 - root - INFO - Token Token-221 started task 'Monthly' at 2025-03-13 10:23:09.666042, scheduled to end at 2025-03-13 10:23:09.666042 (processing time: 0.00 min)
2025-03-08 20:02:13,022 - root - INFO - Token Token-221 completed task 'Monthly' at 2025-03-13 10:23:09.666042.
2025-03-08 20:02:13,022 - root - INFO - Token Token-221 waiting for resource 'Tech' at 2025-03-13 10:23:09.666042
2025-03-08 20:02:13,023 - root - INFO - Token Token-222 started task 'Monthly' at 2025-03-13 10:29:14.171732, scheduled to end at 2025-03-13 10:29:14.171732 (processing time: 0.00 min)
2025-03-08 20:02:13,023 - root - INFO - Token Token-222 completed task 'Monthly' at 2025-03-13 10:29:14.171732.
2025-03-08 20:02:13,023 - root - INFO - Token Token-222 waiting for resource 'Tech' at 2025-03-13 10:29:14.171732
2025-03-08 20:02:13,023 - root - INFO - Token Token-223 started task 'Monthly' at 2025-03-13 10:34:58.984235, scheduled to end at 2025-03-13 10:34:58.984235 (processing time: 0.00 min)
2025-03-08 20:02:13,024 - root - INFO - Token Token-223 completed task 'Monthly' at 2025-03-13 10:34:58.984235.
2025-03-08 20:02:13,024 - root - INFO - Token Token-223 waiting for resource 'Tech' at 2025-03-13 10:34:58.984235
2025-03-08 20:02:13,025 - root - INFO - Token Token-224 started task 'Monthly' at 2025-03-13 10:41:17.506777, scheduled to end at 2025-03-13 10:41:17.506777 (processing time: 0.00 min)
2025-03-08 20:02:13,025 - root - INFO - Token Token-224 completed task 'Monthly' at 2025-03-13 10:41:17.506777.
2025-03-08 20:02:13,025 - root - INFO - Token Token-224 waiting for resource 'Tech' at 2025-03-13 10:41:17.506777
2025-03-08 20:02:13,025 - root - INFO - Token Token-225 started task 'Monthly' at 2025-03-13 10:46:11.181821, scheduled to end at 2025-03-13 10:46:11.181821 (processing time: 0.00 min)
2025-03-08 20:02:13,025 - root - INFO - Token Token-225 completed task 'Monthly' at 2025-03-13 10:46:11.181821.
2025-03-08 20:02:13,026 - root - INFO - Token Token-225 waiting for resource 'Tech' at 2025-03-13 10:46:11.181821
2025-03-08 20:02:13,027 - root - INFO - Token Token-226 started task 'Monthly' at 2025-03-13 10:52:35.756056, scheduled to end at 2025-03-13 10:52:35.756056 (processing time: 0.00 min)
2025-03-08 20:02:13,027 - root - INFO - Token Token-226 completed task 'Monthly' at 2025-03-13 10:52:35.756056.
2025-03-08 20:02:13,027 - root - INFO - Token Token-226 waiting for resource 'Tech' at 2025-03-13 10:52:35.756056
2025-03-08 20:02:13,027 - root - INFO - Token Token-227 started task 'Monthly' at 2025-03-13 10:58:06.096070, scheduled to end at 2025-03-13 10:58:06.096070 (processing time: 0.00 min)
2025-03-08 20:02:13,027 - root - INFO - Token Token-227 completed task 'Monthly' at 2025-03-13 10:58:06.096070.
2025-03-08 20:02:13,028 - root - INFO - Token Token-227 waiting for resource 'Tech' at 2025-03-13 10:58:06.096070
2025-03-08 20:02:13,028 - root - INFO - Token Token-228 started task 'Monthly' at 2025-03-13 11:04:24.320562, scheduled to end at 2025-03-13 11:04:24.320562 (processing time: 0.00 min)
2025-03-08 20:02:13,028 - root - INFO - Token Token-228 completed task 'Monthly' at 2025-03-13 11:04:24.320562.
2025-03-08 20:02:13,028 - root - INFO - Token Token-228 waiting for resource 'Tech' at 2025-03-13 11:04:24.320562
2025-03-08 20:02:13,029 - root - INFO - Token Token-229 started task 'Monthly' at 2025-03-13 11:10:32.140857, scheduled to end at 2025-03-13 11:10:32.140857 (processing time: 0.00 min)
2025-03-08 20:02:13,029 - root - INFO - Token Token-229 completed task 'Monthly' at 2025-03-13 11:10:32.140857.
2025-03-08 20:02:13,029 - root - INFO - Token Token-229 waiting for resource 'Tech' at 2025-03-13 11:10:32.140857
2025-03-08 20:02:13,030 - root - INFO - Token Token-230 started task 'Monthly' at 2025-03-13 11:16:19.496339, scheduled to end at 2025-03-13 11:16:19.496339 (processing time: 0.00 min)
2025-03-08 20:02:13,031 - root - INFO - Token Token-230 completed task 'Monthly' at 2025-03-13 11:16:19.496339.
2025-03-08 20:02:13,048 - root - INFO - Token Token-230 waiting for resource 'Tech' at 2025-03-13 11:16:19.496339
2025-03-08 20:02:13,048 - root - INFO - Token Token-231 started task 'Monthly' at 2025-03-13 11:22:46.021136, scheduled to end at 2025-03-13 11:22:46.021136 (processing time: 0.00 min)
2025-03-08 20:02:13,049 - root - INFO - Token Token-231 completed task 'Monthly' at 2025-03-13 11:22:46.021136.
2025-03-08 20:02:13,049 - root - INFO - Token Token-231 waiting for resource 'Tech' at 2025-03-13 11:22:46.021136
2025-03-08 20:02:13,050 - root - INFO - Token Token-232 started task 'Monthly' at 2025-03-13 11:27:52.049175, scheduled to end at 2025-03-13 11:27:52.049175 (processing time: 0.00 min)
2025-03-08 20:02:13,050 - root - INFO - Token Token-232 completed task 'Monthly' at 2025-03-13 11:27:52.049175.
2025-03-08 20:02:13,051 - root - INFO - Token Token-232 waiting for resource 'Tech' at 2025-03-13 11:27:52.049175
2025-03-08 20:02:13,051 - root - INFO - Token Token-233 started task 'Monthly' at 2025-03-13 11:33:30.226521, scheduled to end at 2025-03-13 11:33:30.226521 (processing time: 0.00 min)
2025-03-08 20:02:13,052 - root - INFO - Token Token-233 completed task 'Monthly' at 2025-03-13 11:33:30.226521.
2025-03-08 20:02:13,052 - root - INFO - Token Token-233 waiting for resource 'Tech' at 2025-03-13 11:33:30.226521
2025-03-08 20:02:13,052 - root - INFO - Token Token-234 started task 'Monthly' at 2025-03-13 11:39:43.011478, scheduled to end at 2025-03-13 11:39:43.011478 (processing time: 0.00 min)
2025-03-08 20:02:13,053 - root - INFO - Token Token-234 completed task 'Monthly' at 2025-03-13 11:39:43.011478.
2025-03-08 20:02:13,053 - root - INFO - Token Token-234 waiting for resource 'Tech' at 2025-03-13 11:39:43.011478
2025-03-08 20:02:13,053 - root - INFO - Token Token-235 started task 'Monthly' at 2025-03-13 11:46:01.273388, scheduled to end at 2025-03-13 11:46:01.273388 (processing time: 0.00 min)
2025-03-08 20:02:13,054 - root - INFO - Token Token-235 completed task 'Monthly' at 2025-03-13 11:46:01.273388.
2025-03-08 20:02:13,054 - root - INFO - Token Token-235 waiting for resource 'Tech' at 2025-03-13 11:46:01.273388
2025-03-08 20:02:13,055 - root - INFO - Token Token-236 started task 'Monthly' at 2025-03-13 11:52:25.679492, scheduled to end at 2025-03-13 11:52:25.679492 (processing time: 0.00 min)
2025-03-08 20:02:13,055 - root - INFO - Token Token-236 completed task 'Monthly' at 2025-03-13 11:52:25.679492.
2025-03-08 20:02:13,056 - root - INFO - Token Token-236 waiting for resource 'Tech' at 2025-03-13 11:52:25.679492
2025-03-08 20:02:13,057 - root - INFO - Token Token-237 started task 'Monthly' at 2025-03-13 11:58:13.064598, scheduled to end at 2025-03-13 11:58:13.064598 (processing time: 0.00 min)
2025-03-08 20:02:13,058 - root - INFO - Token Token-237 completed task 'Monthly' at 2025-03-13 11:58:13.064598.
2025-03-08 20:02:13,058 - root - INFO - Token Token-237 waiting for resource 'Tech' at 2025-03-13 11:58:13.064598
2025-03-08 20:02:13,059 - root - INFO - Token Token-238 started task 'Monthly' at 2025-03-13 12:03:55.932081, scheduled to end at 2025-03-13 12:03:55.932081 (processing time: 0.00 min)
2025-03-08 20:02:13,059 - root - INFO - Token Token-238 completed task 'Monthly' at 2025-03-13 12:03:55.932081.
2025-03-08 20:02:13,059 - root - INFO - Token Token-238 waiting for resource 'Tech' at 2025-03-13 12:03:55.932081
2025-03-08 20:02:13,060 - root - INFO - Token Token-239 started task 'Monthly' at 2025-03-13 12:08:19.083206, scheduled to end at 2025-03-13 12:08:19.083206 (processing time: 0.00 min)
2025-03-08 20:02:13,060 - root - INFO - Token Token-239 completed task 'Monthly' at 2025-03-13 12:08:19.083206.
2025-03-08 20:02:13,060 - root - INFO - Token Token-239 waiting for resource 'Tech' at 2025-03-13 12:08:19.083206
2025-03-08 20:02:13,061 - root - INFO - Token Token-240 started task 'Monthly' at 2025-03-13 12:13:27.295810, scheduled to end at 2025-03-13 12:13:27.295810 (processing time: 0.00 min)
2025-03-08 20:02:13,061 - root - INFO - Token Token-240 completed task 'Monthly' at 2025-03-13 12:13:27.295810.
2025-03-08 20:02:13,062 - root - INFO - Token Token-240 waiting for resource 'Tech' at 2025-03-13 12:13:27.295810
2025-03-08 20:02:13,062 - root - INFO - Token Token-241 started task 'Monthly' at 2025-03-13 12:18:54.867238, scheduled to end at 2025-03-13 12:18:54.867238 (processing time: 0.00 min)
2025-03-08 20:02:13,063 - root - INFO - Token Token-241 completed task 'Monthly' at 2025-03-13 12:18:54.867238.
2025-03-08 20:02:13,064 - root - INFO - Token Token-241 waiting for resource 'Tech' at 2025-03-13 12:18:54.867238
2025-03-08 20:02:13,064 - root - INFO - Token Token-242 started task 'Monthly' at 2025-03-13 12:23:28.441197, scheduled to end at 2025-03-13 12:23:28.441197 (processing time: 0.00 min)
2025-03-08 20:02:13,065 - root - INFO - Token Token-242 completed task 'Monthly' at 2025-03-13 12:23:28.441197.
2025-03-08 20:02:13,065 - root - INFO - Token Token-242 waiting for resource 'Tech' at 2025-03-13 12:23:28.441197
2025-03-08 20:02:13,065 - root - INFO - Token Token-243 started task 'Monthly' at 2025-03-13 12:29:23.660708, scheduled to end at 2025-03-13 12:29:23.660708 (processing time: 0.00 min)
2025-03-08 20:02:13,066 - root - INFO - Token Token-243 completed task 'Monthly' at 2025-03-13 12:29:23.660708.
2025-03-08 20:02:13,066 - root - INFO - Token Token-243 waiting for resource 'Tech' at 2025-03-13 12:29:23.660708
2025-03-08 20:02:13,066 - root - INFO - Token Token-244 started task 'Monthly' at 2025-03-13 12:35:02.129413, scheduled to end at 2025-03-13 12:35:02.129413 (processing time: 0.00 min)
2025-03-08 20:02:13,067 - root - INFO - Token Token-244 completed task 'Monthly' at 2025-03-13 12:35:02.129413.
2025-03-08 20:02:13,067 - root - INFO - Token Token-244 waiting for resource 'Tech' at 2025-03-13 12:35:02.129413
2025-03-08 20:02:13,068 - root - INFO - Token Token-245 started task 'Monthly' at 2025-03-13 12:41:14.594234, scheduled to end at 2025-03-13 12:41:14.594234 (processing time: 0.00 min)
2025-03-08 20:02:13,068 - root - INFO - Token Token-245 completed task 'Monthly' at 2025-03-13 12:41:14.594234.
2025-03-08 20:02:13,068 - root - INFO - Token Token-245 waiting for resource 'Tech' at 2025-03-13 12:41:14.594234
2025-03-08 20:02:13,069 - root - INFO - Token Token-246 started task 'Monthly' at 2025-03-13 12:47:06.014177, scheduled to end at 2025-03-13 12:47:06.014177 (processing time: 0.00 min)
2025-03-08 20:02:13,069 - root - INFO - Token Token-246 completed task 'Monthly' at 2025-03-13 12:47:06.014177.
2025-03-08 20:02:13,070 - root - INFO - Token Token-246 waiting for resource 'Tech' at 2025-03-13 12:47:06.014177
2025-03-08 20:02:13,070 - root - INFO - Token Token-247 started task 'Monthly' at 2025-03-13 12:53:08.835432, scheduled to end at 2025-03-13 12:53:08.835432 (processing time: 0.00 min)
2025-03-08 20:02:13,070 - root - INFO - Token Token-247 completed task 'Monthly' at 2025-03-13 12:53:08.835432.
2025-03-08 20:02:13,071 - root - INFO - Token Token-247 waiting for resource 'Tech' at 2025-03-13 12:53:08.835432
2025-03-08 20:02:13,071 - root - INFO - Token Token-248 started task 'Monthly' at 2025-03-13 12:58:07.832573, scheduled to end at 2025-03-13 12:58:07.832573 (processing time: 0.00 min)
2025-03-08 20:02:13,071 - root - INFO - Token Token-248 completed task 'Monthly' at 2025-03-13 12:58:07.832573.
2025-03-08 20:02:13,072 - root - INFO - Token Token-248 waiting for resource 'Tech' at 2025-03-13 12:58:07.832573
2025-03-08 20:02:13,072 - root - INFO - Token Token-249 started task 'Monthly' at 2025-03-13 13:04:05.654491, scheduled to end at 2025-03-13 13:04:05.654491 (processing time: 0.00 min)
2025-03-08 20:02:13,073 - root - INFO - Token Token-249 completed task 'Monthly' at 2025-03-13 13:04:05.654491.
2025-03-08 20:02:13,073 - root - INFO - Token Token-249 waiting for resource 'Tech' at 2025-03-13 13:04:05.654491
2025-03-08 20:02:13,073 - root - INFO - Token Token-250 started task 'Monthly' at 2025-03-13 13:10:13.603720, scheduled to end at 2025-03-13 13:10:13.603720 (processing time: 0.00 min)
2025-03-08 20:02:13,074 - root - INFO - Token Token-250 completed task 'Monthly' at 2025-03-13 13:10:13.603720.
2025-03-08 20:02:13,074 - root - INFO - Token Token-250 waiting for resource 'Tech' at 2025-03-13 13:10:13.603720
2025-03-08 20:02:13,075 - root - INFO - Token Token-251 started task 'Monthly' at 2025-03-13 13:15:56.848796, scheduled to end at 2025-03-13 13:15:56.848796 (processing time: 0.00 min)
2025-03-08 20:02:13,075 - root - INFO - Token Token-251 completed task 'Monthly' at 2025-03-13 13:15:56.848796.
2025-03-08 20:02:13,092 - root - INFO - Token Token-251 waiting for resource 'Tech' at 2025-03-13 13:15:56.848796
2025-03-08 20:02:13,092 - root - INFO - Token Token-252 started task 'Monthly' at 2025-03-13 13:22:22.072677, scheduled to end at 2025-03-13 13:22:22.072677 (processing time: 0.00 min)
2025-03-08 20:02:13,092 - root - INFO - Token Token-252 completed task 'Monthly' at 2025-03-13 13:22:22.072677.
2025-03-08 20:02:13,092 - root - INFO - Token Token-252 waiting for resource 'Tech' at 2025-03-13 13:22:22.072677
2025-03-08 20:02:13,093 - root - INFO - Token Token-253 started task 'Monthly' at 2025-03-13 13:27:33.307327, scheduled to end at 2025-03-13 13:27:33.307327 (processing time: 0.00 min)
2025-03-08 20:02:13,093 - root - INFO - Token Token-253 completed task 'Monthly' at 2025-03-13 13:27:33.307327.
2025-03-08 20:02:13,093 - root - INFO - Token Token-253 waiting for resource 'Tech' at 2025-03-13 13:27:33.307327
2025-03-08 20:02:13,093 - root - INFO - Token Token-254 started task 'Monthly' at 2025-03-13 13:33:22.429797, scheduled to end at 2025-03-13 13:33:22.429797 (processing time: 0.00 min)
2025-03-08 20:02:13,094 - root - INFO - Token Token-254 completed task 'Monthly' at 2025-03-13 13:33:22.429797.
2025-03-08 20:02:13,094 - root - INFO - Token Token-254 waiting for resource 'Tech' at 2025-03-13 13:33:22.429797
2025-03-08 20:02:13,094 - root - INFO - Token Token-255 started task 'Monthly' at 2025-03-13 13:39:10.397029, scheduled to end at 2025-03-13 13:39:10.397029 (processing time: 0.00 min)
2025-03-08 20:02:13,094 - root - INFO - Token Token-255 completed task 'Monthly' at 2025-03-13 13:39:10.397029.
2025-03-08 20:02:13,094 - root - INFO - Token Token-255 waiting for resource 'Tech' at 2025-03-13 13:39:10.397029
2025-03-08 20:02:13,095 - root - INFO - Token Token-256 started task 'Monthly' at 2025-03-13 13:45:37.220670, scheduled to end at 2025-03-13 13:45:37.220670 (processing time: 0.00 min)
2025-03-08 20:02:13,095 - root - INFO - Token Token-256 completed task 'Monthly' at 2025-03-13 13:45:37.220670.
2025-03-08 20:02:13,095 - root - INFO - Token Token-256 waiting for resource 'Tech' at 2025-03-13 13:45:37.220670
2025-03-08 20:02:13,096 - root - INFO - Token Token-257 started task 'Monthly' at 2025-03-13 13:52:02.118855, scheduled to end at 2025-03-13 13:52:02.118855 (processing time: 0.00 min)
2025-03-08 20:02:13,096 - root - INFO - Token Token-257 completed task 'Monthly' at 2025-03-13 13:52:02.118855.
2025-03-08 20:02:13,096 - root - INFO - Token Token-257 waiting for resource 'Tech' at 2025-03-13 13:52:02.118855
2025-03-08 20:02:13,096 - root - INFO - Token Token-258 started task 'Monthly' at 2025-03-13 13:58:14.162699, scheduled to end at 2025-03-13 13:58:14.162699 (processing time: 0.00 min)
2025-03-08 20:02:13,097 - root - INFO - Token Token-258 completed task 'Monthly' at 2025-03-13 13:58:14.162699.
2025-03-08 20:02:13,097 - root - INFO - Token Token-258 waiting for resource 'Tech' at 2025-03-13 13:58:14.162699
2025-03-08 20:02:13,097 - root - INFO - Token Token-259 started task 'Monthly' at 2025-03-14 08:00:00, scheduled to end at 2025-03-14 08:00:00 (processing time: 0.00 min)
2025-03-08 20:02:13,098 - root - INFO - Token Token-259 completed task 'Monthly' at 2025-03-14 08:00:00.
2025-03-08 20:02:13,098 - root - INFO - Token Token-259 waiting for resource 'Tech' at 2025-03-14 08:00:00
2025-03-08 20:02:13,099 - root - INFO - Token Token-260 started task 'Monthly' at 2025-03-14 08:06:13.602832, scheduled to end at 2025-03-14 08:06:13.602832 (processing time: 0.00 min)
2025-03-08 20:02:13,103 - root - INFO - Token Token-260 completed task 'Monthly' at 2025-03-14 08:06:13.602832.
2025-03-08 20:02:13,104 - root - INFO - Token Token-260 waiting for resource 'Tech' at 2025-03-14 08:06:13.602832
2025-03-08 20:02:13,104 - root - INFO - Token Token-261 started task 'Monthly' at 2025-03-14 08:11:10.749673, scheduled to end at 2025-03-14 08:11:10.749673 (processing time: 0.00 min)
2025-03-08 20:02:13,104 - root - INFO - Token Token-261 completed task 'Monthly' at 2025-03-14 08:11:10.749673.
2025-03-08 20:02:13,105 - root - INFO - Token Token-261 waiting for resource 'Tech' at 2025-03-14 08:11:10.749673
2025-03-08 20:02:13,105 - root - INFO - Token Token-262 started task 'Monthly' at 2025-03-14 08:16:39.389108, scheduled to end at 2025-03-14 08:16:39.389108 (processing time: 0.00 min)
2025-03-08 20:02:13,106 - root - INFO - Token Token-262 completed task 'Monthly' at 2025-03-14 08:16:39.389108.
2025-03-08 20:02:13,106 - root - INFO - Token Token-262 waiting for resource 'Tech' at 2025-03-14 08:16:39.389108
2025-03-08 20:02:13,107 - root - INFO - Token Token-263 started task 'Monthly' at 2025-03-14 08:21:52.162246, scheduled to end at 2025-03-14 08:21:52.162246 (processing time: 0.00 min)
2025-03-08 20:02:13,107 - root - INFO - Token Token-263 completed task 'Monthly' at 2025-03-14 08:21:52.162246.
2025-03-08 20:02:13,107 - root - INFO - Token Token-263 waiting for resource 'Tech' at 2025-03-14 08:21:52.162246
2025-03-08 20:02:13,108 - root - INFO - Token Token-264 started task 'Monthly' at 2025-03-14 08:27:45.302138, scheduled to end at 2025-03-14 08:27:45.302138 (processing time: 0.00 min)
2025-03-08 20:02:13,108 - root - INFO - Token Token-264 completed task 'Monthly' at 2025-03-14 08:27:45.302138.
2025-03-08 20:02:13,109 - root - INFO - Token Token-264 waiting for resource 'Tech' at 2025-03-14 08:27:45.302138
2025-03-08 20:02:13,109 - root - INFO - Token Token-265 started task 'Monthly' at 2025-03-14 08:33:35.055568, scheduled to end at 2025-03-14 08:33:35.055568 (processing time: 0.00 min)
2025-03-08 20:02:13,110 - root - INFO - Token Token-265 completed task 'Monthly' at 2025-03-14 08:33:35.055568.
2025-03-08 20:02:13,110 - root - INFO - Token Token-265 waiting for resource 'Tech' at 2025-03-14 08:33:35.055568
2025-03-08 20:02:13,110 - root - INFO - Token Token-266 started task 'Monthly' at 2025-03-14 08:38:59.759269, scheduled to end at 2025-03-14 08:38:59.759269 (processing time: 0.00 min)
2025-03-08 20:02:13,111 - root - INFO - Token Token-266 completed task 'Monthly' at 2025-03-14 08:38:59.759269.
2025-03-08 20:02:13,111 - root - INFO - Token Token-266 waiting for resource 'Tech' at 2025-03-14 08:38:59.759269
2025-03-08 20:02:13,112 - root - INFO - Token Token-267 started task 'Monthly' at 2025-03-14 08:45:13.186154, scheduled to end at 2025-03-14 08:45:13.186154 (processing time: 0.00 min)
2025-03-08 20:02:13,112 - root - INFO - Token Token-267 completed task 'Monthly' at 2025-03-14 08:45:13.186154.
2025-03-08 20:02:13,113 - root - INFO - Token Token-267 waiting for resource 'Tech' at 2025-03-14 08:45:13.186154
2025-03-08 20:02:13,113 - root - INFO - Token Token-268 started task 'Monthly' at 2025-03-14 08:51:21.411478, scheduled to end at 2025-03-14 08:51:21.411478 (processing time: 0.00 min)
2025-03-08 20:02:13,114 - root - INFO - Token Token-268 completed task 'Monthly' at 2025-03-14 08:51:21.411478.
2025-03-08 20:02:13,114 - root - INFO - Token Token-268 waiting for resource 'Tech' at 2025-03-14 08:51:21.411478
2025-03-08 20:02:13,114 - root - INFO - Token Token-269 started task 'Monthly' at 2025-03-14 08:57:10.159312, scheduled to end at 2025-03-14 08:57:10.159312 (processing time: 0.00 min)
2025-03-08 20:02:13,115 - root - INFO - Token Token-269 completed task 'Monthly' at 2025-03-14 08:57:10.159312.
2025-03-08 20:02:13,115 - root - INFO - Token Token-269 waiting for resource 'Tech' at 2025-03-14 08:57:10.159312
2025-03-08 20:02:13,116 - root - INFO - Token Token-270 started task 'Monthly' at 2025-03-14 09:03:02.112251, scheduled to end at 2025-03-14 09:03:02.112251 (processing time: 0.00 min)
2025-03-08 20:02:13,116 - root - INFO - Token Token-270 completed task 'Monthly' at 2025-03-14 09:03:02.112251.
2025-03-08 20:02:13,116 - root - INFO - Token Token-270 waiting for resource 'Tech' at 2025-03-14 09:03:02.112251
2025-03-08 20:02:13,117 - root - INFO - Token Token-271 started task 'Monthly' at 2025-03-14 09:08:58.732628, scheduled to end at 2025-03-14 09:08:58.732628 (processing time: 0.00 min)
2025-03-08 20:02:13,117 - root - INFO - Token Token-271 completed task 'Monthly' at 2025-03-14 09:08:58.732628.
2025-03-08 20:02:13,118 - root - INFO - Token Token-271 waiting for resource 'Tech' at 2025-03-14 09:08:58.732628
2025-03-08 20:02:13,118 - root - INFO - Token Token-272 started task 'Monthly' at 2025-03-14 09:14:26.636903, scheduled to end at 2025-03-14 09:14:26.636903 (processing time: 0.00 min)
2025-03-08 20:02:13,118 - root - INFO - Token Token-272 completed task 'Monthly' at 2025-03-14 09:14:26.636903.
2025-03-08 20:02:13,119 - root - INFO - Token Token-272 waiting for resource 'Tech' at 2025-03-14 09:14:26.636903
2025-03-08 20:02:13,119 - root - INFO - Token Token-273 started task 'Monthly' at 2025-03-14 09:20:22.898180, scheduled to end at 2025-03-14 09:20:22.898180 (processing time: 0.00 min)
2025-03-08 20:02:13,120 - root - INFO - Token Token-273 completed task 'Monthly' at 2025-03-14 09:20:22.898180.
2025-03-08 20:02:13,120 - root - INFO - Token Token-273 waiting for resource 'Tech' at 2025-03-14 09:20:22.898180
2025-03-08 20:02:13,120 - root - INFO - Token Token-274 started task 'Monthly' at 2025-03-14 09:25:22.691669, scheduled to end at 2025-03-14 09:25:22.691669 (processing time: 0.00 min)
2025-03-08 20:02:13,121 - root - INFO - Token Token-274 completed task 'Monthly' at 2025-03-14 09:25:22.691669.
2025-03-08 20:02:13,122 - root - INFO - Token Token-274 waiting for resource 'Tech' at 2025-03-14 09:25:22.691669
2025-03-08 20:02:13,123 - root - INFO - Token Token-275 started task 'Monthly' at 2025-03-14 09:30:23.688915, scheduled to end at 2025-03-14 09:30:23.688915 (processing time: 0.00 min)
2025-03-08 20:02:13,124 - root - INFO - Token Token-275 completed task 'Monthly' at 2025-03-14 09:30:23.688915.
2025-03-08 20:02:13,143 - root - INFO - Token Token-275 waiting for resource 'Tech' at 2025-03-14 09:30:23.688915
2025-03-08 20:02:13,144 - root - INFO - Token Token-276 started task 'Monthly' at 2025-03-14 09:35:11.532169, scheduled to end at 2025-03-14 09:35:11.532169 (processing time: 0.00 min)
2025-03-08 20:02:13,144 - root - INFO - Token Token-276 completed task 'Monthly' at 2025-03-14 09:35:11.532169.
2025-03-08 20:02:13,145 - root - INFO - Token Token-276 waiting for resource 'Tech' at 2025-03-14 09:35:11.532169
2025-03-08 20:02:13,145 - root - INFO - Token Token-277 started task 'Monthly' at 2025-03-14 09:41:17.754066, scheduled to end at 2025-03-14 09:41:17.754066 (processing time: 0.00 min)
2025-03-08 20:02:13,145 - root - INFO - Token Token-277 completed task 'Monthly' at 2025-03-14 09:41:17.754066.
2025-03-08 20:02:13,146 - root - INFO - Token Token-277 waiting for resource 'Tech' at 2025-03-14 09:41:17.754066
2025-03-08 20:02:13,146 - root - INFO - Token Token-278 started task 'Monthly' at 2025-03-14 09:47:18.887826, scheduled to end at 2025-03-14 09:47:18.887826 (processing time: 0.00 min)
2025-03-08 20:02:13,147 - root - INFO - Token Token-278 completed task 'Monthly' at 2025-03-14 09:47:18.887826.
2025-03-08 20:02:13,147 - root - INFO - Token Token-278 waiting for resource 'Tech' at 2025-03-14 09:47:18.887826
2025-03-08 20:02:13,147 - root - INFO - Token Token-279 started task 'Monthly' at 2025-03-14 09:53:24.676440, scheduled to end at 2025-03-14 09:53:24.676440 (processing time: 0.00 min)
2025-03-08 20:02:13,147 - root - INFO - Token Token-279 completed task 'Monthly' at 2025-03-14 09:53:24.676440.
2025-03-08 20:02:13,148 - root - INFO - Token Token-279 waiting for resource 'Tech' at 2025-03-14 09:53:24.676440
2025-03-08 20:02:13,148 - root - INFO - Token Token-280 started task 'Monthly' at 2025-03-14 09:58:06.682480, scheduled to end at 2025-03-14 09:58:06.682480 (processing time: 0.00 min)
2025-03-08 20:02:13,148 - root - INFO - Token Token-280 completed task 'Monthly' at 2025-03-14 09:58:06.682480.
2025-03-08 20:02:13,149 - root - INFO - Token Token-280 waiting for resource 'Tech' at 2025-03-14 09:58:06.682480
2025-03-08 20:02:13,149 - root - INFO - Token Token-281 started task 'Monthly' at 2025-03-14 10:04:26.430290, scheduled to end at 2025-03-14 10:04:26.430290 (processing time: 0.00 min)
2025-03-08 20:02:13,149 - root - INFO - Token Token-281 completed task 'Monthly' at 2025-03-14 10:04:26.430290.
2025-03-08 20:02:13,149 - root - INFO - Token Token-281 waiting for resource 'Tech' at 2025-03-14 10:04:26.430290
2025-03-08 20:02:13,149 - root - INFO - Token Token-282 started task 'Monthly' at 2025-03-14 10:09:59.297895, scheduled to end at 2025-03-14 10:09:59.297895 (processing time: 0.00 min)
2025-03-08 20:02:13,149 - root - INFO - Token Token-282 completed task 'Monthly' at 2025-03-14 10:09:59.297895.
2025-03-08 20:02:13,149 - root - INFO - Token Token-282 waiting for resource 'Tech' at 2025-03-14 10:09:59.297895
2025-03-08 20:02:13,152 - root - INFO - Token Token-283 started task 'Monthly' at 2025-03-14 10:15:32.242717, scheduled to end at 2025-03-14 10:15:32.242717 (processing time: 0.00 min)
2025-03-08 20:02:13,152 - root - INFO - Token Token-283 completed task 'Monthly' at 2025-03-14 10:15:32.242717.
2025-03-08 20:02:13,152 - root - INFO - Token Token-283 waiting for resource 'Tech' at 2025-03-14 10:15:32.242717
2025-03-08 20:02:13,153 - root - INFO - Token Token-284 started task 'Monthly' at 2025-03-14 10:19:59.024233, scheduled to end at 2025-03-14 10:19:59.024233 (processing time: 0.00 min)
2025-03-08 20:02:13,153 - root - INFO - Token Token-284 completed task 'Monthly' at 2025-03-14 10:19:59.024233.
2025-03-08 20:02:13,153 - root - INFO - Token Token-284 waiting for resource 'Tech' at 2025-03-14 10:19:59.024233
2025-03-08 20:02:13,153 - root - INFO - Token Token-285 started task 'Monthly' at 2025-03-14 10:26:07.054639, scheduled to end at 2025-03-14 10:26:07.054639 (processing time: 0.00 min)
2025-03-08 20:02:13,154 - root - INFO - Token Token-285 completed task 'Monthly' at 2025-03-14 10:26:07.054639.
2025-03-08 20:02:13,154 - root - INFO - Token Token-285 waiting for resource 'Tech' at 2025-03-14 10:26:07.054639
2025-03-08 20:02:13,154 - root - INFO - Token Token-286 started task 'Monthly' at 2025-03-14 10:31:54.229390, scheduled to end at 2025-03-14 10:31:54.229390 (processing time: 0.00 min)
2025-03-08 20:02:13,154 - root - INFO - Token Token-286 completed task 'Monthly' at 2025-03-14 10:31:54.229390.
2025-03-08 20:02:13,155 - root - INFO - Token Token-286 waiting for resource 'Tech' at 2025-03-14 10:31:54.229390
2025-03-08 20:02:13,155 - root - INFO - Token Token-287 started task 'Monthly' at 2025-03-14 10:37:26.959524, scheduled to end at 2025-03-14 10:37:26.959524 (processing time: 0.00 min)
2025-03-08 20:02:13,155 - root - INFO - Token Token-287 completed task 'Monthly' at 2025-03-14 10:37:26.959524.
2025-03-08 20:02:13,156 - root - INFO - Token Token-287 waiting for resource 'Tech' at 2025-03-14 10:37:26.959524
2025-03-08 20:02:13,156 - root - INFO - Token Token-288 started task 'Monthly' at 2025-03-14 10:42:54.109830, scheduled to end at 2025-03-14 10:42:54.109830 (processing time: 0.00 min)
2025-03-08 20:02:13,156 - root - INFO - Token Token-288 completed task 'Monthly' at 2025-03-14 10:42:54.109830.
2025-03-08 20:02:13,156 - root - INFO - Token Token-288 waiting for resource 'Tech' at 2025-03-14 10:42:54.109830
2025-03-08 20:02:13,156 - root - INFO - Token Token-289 started task 'Monthly' at 2025-03-14 10:47:05.214714, scheduled to end at 2025-03-14 10:47:05.214714 (processing time: 0.00 min)
2025-03-08 20:02:13,157 - root - INFO - Token Token-289 completed task 'Monthly' at 2025-03-14 10:47:05.214714.
2025-03-08 20:02:13,157 - root - INFO - Token Token-289 waiting for resource 'Tech' at 2025-03-14 10:47:05.214714
2025-03-08 20:02:13,157 - root - INFO - Token Token-290 started task 'Monthly' at 2025-03-14 10:52:53.880930, scheduled to end at 2025-03-14 10:52:53.880930 (processing time: 0.00 min)
2025-03-08 20:02:13,158 - root - INFO - Token Token-290 completed task 'Monthly' at 2025-03-14 10:52:53.880930.
2025-03-08 20:02:13,158 - root - INFO - Token Token-290 waiting for resource 'Tech' at 2025-03-14 10:52:53.880930
2025-03-08 20:02:13,158 - root - INFO - Token Token-291 started task 'Monthly' at 2025-03-14 10:57:25.227713, scheduled to end at 2025-03-14 10:57:25.227713 (processing time: 0.00 min)
2025-03-08 20:02:13,159 - root - INFO - Token Token-291 completed task 'Monthly' at 2025-03-14 10:57:25.227713.
2025-03-08 20:02:13,159 - root - INFO - Token Token-291 waiting for resource 'Tech' at 2025-03-14 10:57:25.227713
2025-03-08 20:02:13,159 - root - INFO - Token Token-292 started task 'Monthly' at 2025-03-14 11:03:51.356261, scheduled to end at 2025-03-14 11:03:51.356261 (processing time: 0.00 min)
2025-03-08 20:02:13,162 - root - INFO - Token Token-292 completed task 'Monthly' at 2025-03-14 11:03:51.356261.
2025-03-08 20:02:13,163 - root - INFO - Token Token-292 waiting for resource 'Tech' at 2025-03-14 11:03:51.356261
2025-03-08 20:02:13,163 - root - INFO - Token Token-293 started task 'Monthly' at 2025-03-14 11:10:07.235781, scheduled to end at 2025-03-14 11:10:07.235781 (processing time: 0.00 min)
2025-03-08 20:02:13,163 - root - INFO - Token Token-293 completed task 'Monthly' at 2025-03-14 11:10:07.235781.
2025-03-08 20:02:13,164 - root - INFO - Token Token-293 waiting for resource 'Tech' at 2025-03-14 11:10:07.235781
2025-03-08 20:02:13,164 - root - INFO - Token Token-294 started task 'Monthly' at 2025-03-14 11:15:43.870351, scheduled to end at 2025-03-14 11:15:43.870351 (processing time: 0.00 min)
2025-03-08 20:02:13,165 - root - INFO - Token Token-294 completed task 'Monthly' at 2025-03-14 11:15:43.870351.
2025-03-08 20:02:13,165 - root - INFO - Token Token-294 waiting for resource 'Tech' at 2025-03-14 11:15:43.870351
2025-03-08 20:02:13,165 - root - INFO - Token Token-295 started task 'Monthly' at 2025-03-14 11:21:29.914229, scheduled to end at 2025-03-14 11:21:29.914229 (processing time: 0.00 min)
2025-03-08 20:02:13,166 - root - INFO - Token Token-295 completed task 'Monthly' at 2025-03-14 11:21:29.914229.
2025-03-08 20:02:13,166 - root - INFO - Token Token-295 waiting for resource 'Tech' at 2025-03-14 11:21:29.914229
2025-03-08 20:02:13,166 - root - INFO - Token Token-296 started task 'Monthly' at 2025-03-14 11:26:36.457403, scheduled to end at 2025-03-14 11:26:36.457403 (processing time: 0.00 min)
2025-03-08 20:02:13,167 - root - INFO - Token Token-296 completed task 'Monthly' at 2025-03-14 11:26:36.457403.
2025-03-08 20:02:13,167 - root - INFO - Token Token-296 waiting for resource 'Tech' at 2025-03-14 11:26:36.457403
2025-03-08 20:02:13,168 - root - INFO - Token Token-297 started task 'Monthly' at 2025-03-14 11:31:23.310189, scheduled to end at 2025-03-14 11:31:23.310189 (processing time: 0.00 min)
2025-03-08 20:02:13,168 - root - INFO - Token Token-297 completed task 'Monthly' at 2025-03-14 11:31:23.310189.
2025-03-08 20:02:13,169 - root - INFO - Token Token-297 waiting for resource 'Tech' at 2025-03-14 11:31:23.310189
2025-03-08 20:02:13,169 - root - INFO - Token Token-298 started task 'Monthly' at 2025-03-14 11:37:48.854771, scheduled to end at 2025-03-14 11:37:48.854771 (processing time: 0.00 min)
2025-03-08 20:02:13,172 - root - INFO - Token Token-298 completed task 'Monthly' at 2025-03-14 11:37:48.854771.
2025-03-08 20:02:13,172 - root - INFO - Token Token-298 waiting for resource 'Tech' at 2025-03-14 11:37:48.854771
2025-03-08 20:02:13,192 - root - INFO - Token Token-299 started task 'Monthly' at 2025-03-14 11:43:03.581883, scheduled to end at 2025-03-14 11:43:03.581883 (processing time: 0.00 min)
2025-03-08 20:02:13,193 - root - INFO - Token Token-299 completed task 'Monthly' at 2025-03-14 11:43:03.581883.
2025-03-08 20:02:13,193 - root - INFO - Token Token-299 waiting for resource 'Tech' at 2025-03-14 11:43:03.581883
2025-03-08 20:02:13,193 - root - INFO - Token Token-300 started task 'Monthly' at 2025-03-14 11:48:59.809670, scheduled to end at 2025-03-14 11:48:59.809670 (processing time: 0.00 min)
2025-03-08 20:02:13,194 - root - INFO - Token Token-300 completed task 'Monthly' at 2025-03-14 11:48:59.809670.
2025-03-08 20:02:13,194 - root - INFO - Token Token-300 waiting for resource 'Tech' at 2025-03-14 11:48:59.809670
2025-03-08 20:02:13,195 - root - INFO - Token Token-301 started task 'Monthly' at 2025-03-14 11:54:41.887659, scheduled to end at 2025-03-14 11:54:41.887659 (processing time: 0.00 min)
2025-03-08 20:02:13,197 - root - INFO - Token Token-301 completed task 'Monthly' at 2025-03-14 11:54:41.887659.
2025-03-08 20:02:13,197 - root - INFO - Token Token-301 waiting for resource 'Tech' at 2025-03-14 11:54:41.887659
2025-03-08 20:02:13,198 - root - INFO - Token Token-302 started task 'Monthly' at 2025-03-14 12:00:30.326085, scheduled to end at 2025-03-14 12:00:30.326085 (processing time: 0.00 min)
2025-03-08 20:02:13,198 - root - INFO - Token Token-302 completed task 'Monthly' at 2025-03-14 12:00:30.326085.
2025-03-08 20:02:13,198 - root - INFO - Token Token-302 waiting for resource 'Tech' at 2025-03-14 12:00:30.326085
2025-03-08 20:02:13,199 - root - INFO - Token Token-303 started task 'Monthly' at 2025-03-14 12:06:23.297785, scheduled to end at 2025-03-14 12:06:23.297785 (processing time: 0.00 min)
2025-03-08 20:02:13,199 - root - INFO - Token Token-303 completed task 'Monthly' at 2025-03-14 12:06:23.297785.
2025-03-08 20:02:13,200 - root - INFO - Token Token-303 waiting for resource 'Tech' at 2025-03-14 12:06:23.297785
2025-03-08 20:02:13,200 - root - INFO - Token Token-304 started task 'Monthly' at 2025-03-14 12:12:42.239664, scheduled to end at 2025-03-14 12:12:42.239664 (processing time: 0.00 min)
2025-03-08 20:02:13,200 - root - INFO - Token Token-304 completed task 'Monthly' at 2025-03-14 12:12:42.239664.
2025-03-08 20:02:13,201 - root - INFO - Token Token-304 waiting for resource 'Tech' at 2025-03-14 12:12:42.239664
2025-03-08 20:02:13,201 - root - INFO - Token Token-305 started task 'Monthly' at 2025-03-14 12:18:52.143124, scheduled to end at 2025-03-14 12:18:52.143124 (processing time: 0.00 min)
2025-03-08 20:02:13,202 - root - INFO - Token Token-305 completed task 'Monthly' at 2025-03-14 12:18:52.143124.
2025-03-08 20:02:13,202 - root - INFO - Token Token-305 waiting for resource 'Tech' at 2025-03-14 12:18:52.143124
2025-03-08 20:02:13,204 - root - INFO - Token Token-306 started task 'Monthly' at 2025-03-14 12:25:05.374410, scheduled to end at 2025-03-14 12:25:05.374410 (processing time: 0.00 min)
2025-03-08 20:02:13,204 - root - INFO - Token Token-306 completed task 'Monthly' at 2025-03-14 12:25:05.374410.
2025-03-08 20:02:13,205 - root - INFO - Token Token-306 waiting for resource 'Tech' at 2025-03-14 12:25:05.374410
2025-03-08 20:02:13,205 - root - INFO - Token Token-307 started task 'Monthly' at 2025-03-14 12:31:13.910578, scheduled to end at 2025-03-14 12:31:13.910578 (processing time: 0.00 min)
2025-03-08 20:02:13,205 - root - INFO - Token Token-307 completed task 'Monthly' at 2025-03-14 12:31:13.910578.
2025-03-08 20:02:13,206 - root - INFO - Token Token-307 waiting for resource 'Tech' at 2025-03-14 12:31:13.910578
2025-03-08 20:02:13,206 - root - INFO - Token Token-308 started task 'Monthly' at 2025-03-14 12:36:09.195191, scheduled to end at 2025-03-14 12:36:09.195191 (processing time: 0.00 min)
2025-03-08 20:02:13,206 - root - INFO - Token Token-308 completed task 'Monthly' at 2025-03-14 12:36:09.195191.
2025-03-08 20:02:13,207 - root - INFO - Token Token-308 waiting for resource 'Tech' at 2025-03-14 12:36:09.195191
2025-03-08 20:02:13,207 - root - INFO - Token Token-309 started task 'Monthly' at 2025-03-14 12:42:29.350020, scheduled to end at 2025-03-14 12:42:29.350020 (processing time: 0.00 min)
2025-03-08 20:02:13,207 - root - INFO - Token Token-309 completed task 'Monthly' at 2025-03-14 12:42:29.350020.
2025-03-08 20:02:13,207 - root - INFO - Token Token-309 waiting for resource 'Tech' at 2025-03-14 12:42:29.350020
2025-03-08 20:02:13,208 - root - INFO - Token Token-310 started task 'Monthly' at 2025-03-14 12:48:39.034394, scheduled to end at 2025-03-14 12:48:39.034394 (processing time: 0.00 min)
2025-03-08 20:02:13,208 - root - INFO - Token Token-310 completed task 'Monthly' at 2025-03-14 12:48:39.034394.
2025-03-08 20:02:13,208 - root - INFO - Token Token-310 waiting for resource 'Tech' at 2025-03-14 12:48:39.034394
2025-03-08 20:02:13,209 - root - INFO - Token Token-311 started task 'Monthly' at 2025-03-14 12:52:59.299008, scheduled to end at 2025-03-14 12:52:59.299008 (processing time: 0.00 min)
2025-03-08 20:02:13,209 - root - INFO - Token Token-311 completed task 'Monthly' at 2025-03-14 12:52:59.299008.
2025-03-08 20:02:13,209 - root - INFO - Token Token-311 waiting for resource 'Tech' at 2025-03-14 12:52:59.299008
2025-03-08 20:02:13,209 - root - INFO - Token Token-312 started task 'Monthly' at 2025-03-14 12:59:21.454267, scheduled to end at 2025-03-14 12:59:21.454267 (processing time: 0.00 min)
2025-03-08 20:02:13,209 - root - INFO - Token Token-312 completed task 'Monthly' at 2025-03-14 12:59:21.454267.
2025-03-08 20:02:13,211 - root - INFO - Token Token-312 waiting for resource 'Tech' at 2025-03-14 12:59:21.454267
2025-03-08 20:02:13,211 - root - INFO - Token Token-313 started task 'Monthly' at 2025-03-14 13:04:20.523562, scheduled to end at 2025-03-14 13:04:20.523562 (processing time: 0.00 min)
2025-03-08 20:02:13,211 - root - INFO - Token Token-313 completed task 'Monthly' at 2025-03-14 13:04:20.523562.
2025-03-08 20:02:13,211 - root - INFO - Token Token-313 waiting for resource 'Tech' at 2025-03-14 13:04:20.523562
2025-03-08 20:02:13,211 - root - INFO - Token Token-314 started task 'Monthly' at 2025-03-14 13:08:50.178852, scheduled to end at 2025-03-14 13:08:50.178852 (processing time: 0.00 min)
2025-03-08 20:02:13,212 - root - INFO - Token Token-314 completed task 'Monthly' at 2025-03-14 13:08:50.178852.
2025-03-08 20:02:13,212 - root - INFO - Token Token-314 waiting for resource 'Tech' at 2025-03-14 13:08:50.178852
2025-03-08 20:02:13,212 - root - INFO - Token Token-315 started task 'Monthly' at 2025-03-14 13:14:01.589024, scheduled to end at 2025-03-14 13:14:01.589024 (processing time: 0.00 min)
2025-03-08 20:02:13,212 - root - INFO - Token Token-315 completed task 'Monthly' at 2025-03-14 13:14:01.589024.
2025-03-08 20:02:13,212 - root - INFO - Token Token-315 waiting for resource 'Tech' at 2025-03-14 13:14:01.589024
2025-03-08 20:02:13,213 - root - INFO - Token Token-316 started task 'Monthly' at 2025-03-14 13:18:53.597174, scheduled to end at 2025-03-14 13:18:53.597174 (processing time: 0.00 min)
2025-03-08 20:02:13,213 - root - INFO - Token Token-316 completed task 'Monthly' at 2025-03-14 13:18:53.597174.
2025-03-08 20:02:13,213 - root - INFO - Token Token-316 waiting for resource 'Tech' at 2025-03-14 13:18:53.597174
2025-03-08 20:02:13,213 - root - INFO - Token Token-317 started task 'Monthly' at 2025-03-14 13:23:54.029091, scheduled to end at 2025-03-14 13:23:54.029091 (processing time: 0.00 min)
2025-03-08 20:02:13,214 - root - INFO - Token Token-317 completed task 'Monthly' at 2025-03-14 13:23:54.029091.
2025-03-08 20:02:13,214 - root - INFO - Token Token-317 waiting for resource 'Tech' at 2025-03-14 13:23:54.029091
2025-03-08 20:02:13,214 - root - INFO - Token Token-318 started task 'Monthly' at 2025-03-14 13:28:53.010801, scheduled to end at 2025-03-14 13:28:53.010801 (processing time: 0.00 min)
2025-03-08 20:02:13,214 - root - INFO - Token Token-318 completed task 'Monthly' at 2025-03-14 13:28:53.010801.
2025-03-08 20:02:13,215 - root - INFO - Token Token-318 waiting for resource 'Tech' at 2025-03-14 13:28:53.010801
2025-03-08 20:02:13,215 - root - INFO - Token Token-319 started task 'Monthly' at 2025-03-14 13:34:16.585642, scheduled to end at 2025-03-14 13:34:16.585642 (processing time: 0.00 min)
2025-03-08 20:02:13,215 - root - INFO - Token Token-319 completed task 'Monthly' at 2025-03-14 13:34:16.585642.
2025-03-08 20:02:13,216 - root - INFO - Token Token-319 waiting for resource 'Tech' at 2025-03-14 13:34:16.585642
2025-03-08 20:02:13,216 - root - INFO - Token Token-320 started task 'Monthly' at 2025-03-14 13:40:26.051973, scheduled to end at 2025-03-14 13:40:26.051973 (processing time: 0.00 min)
2025-03-08 20:02:13,216 - root - INFO - Token Token-320 completed task 'Monthly' at 2025-03-14 13:40:26.051973.
2025-03-08 20:02:13,216 - root - INFO - Token Token-320 waiting for resource 'Tech' at 2025-03-14 13:40:26.051973
2025-03-08 20:02:13,216 - root - INFO - Token Token-321 started task 'Monthly' at 2025-03-14 13:46:08.102868, scheduled to end at 2025-03-14 13:46:08.102868 (processing time: 0.00 min)
2025-03-08 20:02:13,217 - root - INFO - Token Token-321 completed task 'Monthly' at 2025-03-14 13:46:08.102868.
2025-03-08 20:02:13,217 - root - INFO - Token Token-321 waiting for resource 'Tech' at 2025-03-14 13:46:08.102868
2025-03-08 20:02:13,217 - root - INFO - Token Token-322 started task 'Monthly' at 2025-03-14 13:51:35.062985, scheduled to end at 2025-03-14 13:51:35.062985 (processing time: 0.00 min)
2025-03-08 20:02:13,218 - root - INFO - Token Token-322 completed task 'Monthly' at 2025-03-14 13:51:35.062985.
2025-03-08 20:02:13,218 - root - INFO - Token Token-322 waiting for resource 'Tech' at 2025-03-14 13:51:35.062985
2025-03-08 20:02:13,218 - root - INFO - Token Token-323 started task 'Monthly' at 2025-03-14 13:57:24.349325, scheduled to end at 2025-03-14 13:57:24.349325 (processing time: 0.00 min)
2025-03-08 20:02:13,218 - root - INFO - Token Token-323 completed task 'Monthly' at 2025-03-14 13:57:24.349325.
2025-03-08 20:02:13,219 - root - INFO - Token Token-323 waiting for resource 'Tech' at 2025-03-14 13:57:24.349325
2025-03-08 20:02:13,219 - root - INFO - Token Token-324 started task 'Monthly' at 2025-03-17 08:00:00, scheduled to end at 2025-03-17 08:00:00 (processing time: 0.00 min)
2025-03-08 20:02:13,219 - root - INFO - Token Token-324 completed task 'Monthly' at 2025-03-17 08:00:00.
2025-03-08 20:02:13,219 - root - INFO - Token Token-324 waiting for resource 'Tech' at 2025-03-17 08:00:00
2025-03-08 20:02:13,219 - root - INFO - Token Token-325 started task 'Monthly' at 2025-03-17 08:06:14.345202, scheduled to end at 2025-03-17 08:06:14.345202 (processing time: 0.00 min)
2025-03-08 20:02:13,220 - root - INFO - Token Token-325 completed task 'Monthly' at 2025-03-17 08:06:14.345202.
2025-03-08 20:02:13,220 - root - INFO - Token Token-325 waiting for resource 'Tech' at 2025-03-17 08:06:14.345202
2025-03-08 20:02:13,220 - root - INFO - Token Token-326 started task 'Monthly' at 2025-03-17 08:12:38.452159, scheduled to end at 2025-03-17 08:12:38.452159 (processing time: 0.00 min)
2025-03-08 20:02:13,220 - root - INFO - Token Token-326 completed task 'Monthly' at 2025-03-17 08:12:38.452159.
2025-03-08 20:02:13,220 - root - INFO - Token Token-326 waiting for resource 'Tech' at 2025-03-17 08:12:38.452159
2025-03-08 20:02:13,221 - root - INFO - Token Token-327 started task 'Monthly' at 2025-03-17 08:18:21.583292, scheduled to end at 2025-03-17 08:18:21.583292 (processing time: 0.00 min)
2025-03-08 20:02:13,221 - root - INFO - Token Token-327 completed task 'Monthly' at 2025-03-17 08:18:21.583292.
2025-03-08 20:02:13,242 - root - INFO - Token Token-327 waiting for resource 'Tech' at 2025-03-17 08:18:21.583292
2025-03-08 20:02:13,243 - root - INFO - Token Token-328 started task 'Monthly' at 2025-03-17 08:23:31.429567, scheduled to end at 2025-03-17 08:23:31.429567 (processing time: 0.00 min)
2025-03-08 20:02:13,244 - root - INFO - Token Token-328 completed task 'Monthly' at 2025-03-17 08:23:31.429567.
2025-03-08 20:02:13,244 - root - INFO - Token Token-328 waiting for resource 'Tech' at 2025-03-17 08:23:31.429567
2025-03-08 20:02:13,244 - root - INFO - Token Token-329 started task 'Monthly' at 2025-03-17 08:29:26.028887, scheduled to end at 2025-03-17 08:29:26.028887 (processing time: 0.00 min)
2025-03-08 20:02:13,245 - root - INFO - Token Token-329 completed task 'Monthly' at 2025-03-17 08:29:26.028887.
2025-03-08 20:02:13,245 - root - INFO - Token Token-329 waiting for resource 'Tech' at 2025-03-17 08:29:26.028887
2025-03-08 20:02:13,246 - root - INFO - Token Token-330 started task 'Monthly' at 2025-03-17 08:35:32.219508, scheduled to end at 2025-03-17 08:35:32.219508 (processing time: 0.00 min)
2025-03-08 20:02:13,246 - root - INFO - Token Token-330 completed task 'Monthly' at 2025-03-17 08:35:32.219508.
2025-03-08 20:02:13,247 - root - INFO - Token Token-330 waiting for resource 'Tech' at 2025-03-17 08:35:32.219508
2025-03-08 20:02:13,247 - root - INFO - Token Token-331 started task 'Monthly' at 2025-03-17 08:40:58.921129, scheduled to end at 2025-03-17 08:40:58.921129 (processing time: 0.00 min)
2025-03-08 20:02:13,247 - root - INFO - Token Token-331 completed task 'Monthly' at 2025-03-17 08:40:58.921129.
2025-03-08 20:02:13,248 - root - INFO - Token Token-331 waiting for resource 'Tech' at 2025-03-17 08:40:58.921129
2025-03-08 20:02:13,248 - root - INFO - Token Token-332 started task 'Monthly' at 2025-03-17 08:47:22.623327, scheduled to end at 2025-03-17 08:47:22.623327 (processing time: 0.00 min)
2025-03-08 20:02:13,249 - root - INFO - Token Token-332 completed task 'Monthly' at 2025-03-17 08:47:22.623327.
2025-03-08 20:02:13,250 - root - INFO - Token Token-332 waiting for resource 'Tech' at 2025-03-17 08:47:22.623327
2025-03-08 20:02:13,250 - root - INFO - Token Token-333 started task 'Monthly' at 2025-03-17 08:52:38.216345, scheduled to end at 2025-03-17 08:52:38.216345 (processing time: 0.00 min)
2025-03-08 20:02:13,251 - root - INFO - Token Token-333 completed task 'Monthly' at 2025-03-17 08:52:38.216345.
2025-03-08 20:02:13,251 - root - INFO - Token Token-333 waiting for resource 'Tech' at 2025-03-17 08:52:38.216345
2025-03-08 20:02:13,252 - root - INFO - Token Token-334 started task 'Monthly' at 2025-03-17 08:57:52.806140, scheduled to end at 2025-03-17 08:57:52.806140 (processing time: 0.00 min)
2025-03-08 20:02:13,252 - root - INFO - Token Token-334 completed task 'Monthly' at 2025-03-17 08:57:52.806140.
2025-03-08 20:02:13,252 - root - INFO - Token Token-334 waiting for resource 'Tech' at 2025-03-17 08:57:52.806140
2025-03-08 20:02:13,253 - root - INFO - Token Token-335 started task 'Monthly' at 2025-03-17 09:04:16.976687, scheduled to end at 2025-03-17 09:04:16.976687 (processing time: 0.00 min)
2025-03-08 20:02:13,253 - root - INFO - Token Token-335 completed task 'Monthly' at 2025-03-17 09:04:16.976687.
2025-03-08 20:02:13,254 - root - INFO - Token Token-335 waiting for resource 'Tech' at 2025-03-17 09:04:16.976687
2025-03-08 20:02:13,254 - root - INFO - Token Token-336 started task 'Monthly' at 2025-03-17 09:10:30.239385, scheduled to end at 2025-03-17 09:10:30.239385 (processing time: 0.00 min)
2025-03-08 20:02:13,254 - root - INFO - Token Token-336 completed task 'Monthly' at 2025-03-17 09:10:30.239385.
2025-03-08 20:02:13,255 - root - INFO - Token Token-336 waiting for resource 'Tech' at 2025-03-17 09:10:30.239385
2025-03-08 20:02:13,255 - root - INFO - Token Token-337 started task 'Monthly' at 2025-03-17 09:15:01.486375, scheduled to end at 2025-03-17 09:15:01.486375 (processing time: 0.00 min)
2025-03-08 20:02:13,255 - root - INFO - Token Token-337 completed task 'Monthly' at 2025-03-17 09:15:01.486375.
2025-03-08 20:02:13,256 - root - INFO - Token Token-337 waiting for resource 'Tech' at 2025-03-17 09:15:01.486375
2025-03-08 20:02:13,256 - root - INFO - Token Token-338 started task 'Monthly' at 2025-03-17 09:19:52.362062, scheduled to end at 2025-03-17 09:19:52.362062 (processing time: 0.00 min)
2025-03-08 20:02:13,256 - root - INFO - Token Token-338 completed task 'Monthly' at 2025-03-17 09:19:52.362062.
2025-03-08 20:02:13,257 - root - INFO - Token Token-338 waiting for resource 'Tech' at 2025-03-17 09:19:52.362062
2025-03-08 20:02:13,257 - root - INFO - Token Token-339 started task 'Monthly' at 2025-03-17 09:26:03.613751, scheduled to end at 2025-03-17 09:26:03.613751 (processing time: 0.00 min)
2025-03-08 20:02:13,258 - root - INFO - Token Token-339 completed task 'Monthly' at 2025-03-17 09:26:03.613751.
2025-03-08 20:02:13,258 - root - INFO - Token Token-339 waiting for resource 'Tech' at 2025-03-17 09:26:03.613751
2025-03-08 20:02:13,258 - root - INFO - Token Token-340 started task 'Monthly' at 2025-03-17 09:31:44.436017, scheduled to end at 2025-03-17 09:31:44.436017 (processing time: 0.00 min)
2025-03-08 20:02:13,259 - root - INFO - Token Token-340 completed task 'Monthly' at 2025-03-17 09:31:44.436017.
2025-03-08 20:02:13,259 - root - INFO - Token Token-340 waiting for resource 'Tech' at 2025-03-17 09:31:44.436017
2025-03-08 20:02:13,259 - root - INFO - Token Token-341 started task 'Monthly' at 2025-03-17 09:37:32.428334, scheduled to end at 2025-03-17 09:37:32.428334 (processing time: 0.00 min)
2025-03-08 20:02:13,260 - root - INFO - Token Token-341 completed task 'Monthly' at 2025-03-17 09:37:32.428334.
2025-03-08 20:02:13,260 - root - INFO - Token Token-341 waiting for resource 'Tech' at 2025-03-17 09:37:32.428334
2025-03-08 20:02:13,261 - root - INFO - Token Token-342 started task 'Monthly' at 2025-03-17 09:43:37.661606, scheduled to end at 2025-03-17 09:43:37.661606 (processing time: 0.00 min)
2025-03-08 20:02:13,261 - root - INFO - Token Token-342 completed task 'Monthly' at 2025-03-17 09:43:37.661606.
2025-03-08 20:02:13,261 - root - INFO - Token Token-342 waiting for resource 'Tech' at 2025-03-17 09:43:37.661606
2025-03-08 20:02:13,262 - root - INFO - Token Token-343 started task 'Monthly' at 2025-03-17 09:49:01.479918, scheduled to end at 2025-03-17 09:49:01.479918 (processing time: 0.00 min)
2025-03-08 20:02:13,262 - root - INFO - Token Token-343 completed task 'Monthly' at 2025-03-17 09:49:01.479918.
2025-03-08 20:02:13,263 - root - INFO - Token Token-343 waiting for resource 'Tech' at 2025-03-17 09:49:01.479918
2025-03-08 20:02:13,263 - root - INFO - Token Token-344 started task 'Monthly' at 2025-03-17 09:54:06.572509, scheduled to end at 2025-03-17 09:54:06.572509 (processing time: 0.00 min)
2025-03-08 20:02:13,263 - root - INFO - Token Token-344 completed task 'Monthly' at 2025-03-17 09:54:06.572509.
2025-03-08 20:02:13,265 - root - INFO - Token Token-344 waiting for resource 'Tech' at 2025-03-17 09:54:06.572509
2025-03-08 20:02:13,265 - root - INFO - Token Token-345 started task 'Monthly' at 2025-03-17 10:00:15.671062, scheduled to end at 2025-03-17 10:00:15.671062 (processing time: 0.00 min)
2025-03-08 20:02:13,266 - root - INFO - Token Token-345 completed task 'Monthly' at 2025-03-17 10:00:15.671062.
2025-03-08 20:02:13,266 - root - INFO - Token Token-345 waiting for resource 'Tech' at 2025-03-17 10:00:15.671062
2025-03-08 20:02:13,266 - root - INFO - Token Token-346 started task 'Monthly' at 2025-03-17 10:06:18.991950, scheduled to end at 2025-03-17 10:06:18.991950 (processing time: 0.00 min)
2025-03-08 20:02:13,267 - root - INFO - Token Token-346 completed task 'Monthly' at 2025-03-17 10:06:18.991950.
2025-03-08 20:02:13,267 - root - INFO - Token Token-346 waiting for resource 'Tech' at 2025-03-17 10:06:18.991950
2025-03-08 20:02:13,267 - root - INFO - Token Token-347 started task 'Monthly' at 2025-03-17 10:12:24.336413, scheduled to end at 2025-03-17 10:12:24.336413 (processing time: 0.00 min)
2025-03-08 20:02:13,268 - root - INFO - Token Token-347 completed task 'Monthly' at 2025-03-17 10:12:24.336413.
2025-03-08 20:02:13,268 - root - INFO - Token Token-347 waiting for resource 'Tech' at 2025-03-17 10:12:24.336413
2025-03-08 20:02:13,268 - root - INFO - Token Token-348 started task 'Monthly' at 2025-03-17 10:18:12.686625, scheduled to end at 2025-03-17 10:18:12.686625 (processing time: 0.00 min)
2025-03-08 20:02:13,269 - root - INFO - Token Token-348 completed task 'Monthly' at 2025-03-17 10:18:12.686625.
2025-03-08 20:02:13,271 - root - INFO - Token Token-348 waiting for resource 'Tech' at 2025-03-17 10:18:12.686625
2025-03-08 20:02:13,271 - root - INFO - Token Token-349 started task 'Monthly' at 2025-03-17 10:24:20.823596, scheduled to end at 2025-03-17 10:24:20.823596 (processing time: 0.00 min)
2025-03-08 20:02:13,283 - root - INFO - Token Token-349 completed task 'Monthly' at 2025-03-17 10:24:20.823596.
2025-03-08 20:02:13,283 - root - INFO - Token Token-349 waiting for resource 'Tech' at 2025-03-17 10:24:20.823596
2025-03-08 20:02:13,284 - root - INFO - Token Token-350 started task 'Monthly' at 2025-03-17 10:30:08.886607, scheduled to end at 2025-03-17 10:30:08.886607 (processing time: 0.00 min)
2025-03-08 20:02:13,284 - root - INFO - Token Token-350 completed task 'Monthly' at 2025-03-17 10:30:08.886607.
2025-03-08 20:02:13,284 - root - INFO - Token Token-350 waiting for resource 'Tech' at 2025-03-17 10:30:08.886607
2025-03-08 20:02:13,285 - root - INFO - Token Token-351 started task 'Monthly' at 2025-03-17 10:35:23.186914, scheduled to end at 2025-03-17 10:35:23.186914 (processing time: 0.00 min)
2025-03-08 20:02:13,285 - root - INFO - Token Token-351 completed task 'Monthly' at 2025-03-17 10:35:23.186914.
2025-03-08 20:02:13,286 - root - INFO - Token Token-351 waiting for resource 'Tech' at 2025-03-17 10:35:23.186914
2025-03-08 20:02:13,286 - root - INFO - Token Token-352 started task 'Monthly' at 2025-03-17 10:41:26.178100, scheduled to end at 2025-03-17 10:41:26.178100 (processing time: 0.00 min)
2025-03-08 20:02:13,286 - root - INFO - Token Token-352 completed task 'Monthly' at 2025-03-17 10:41:26.178100.
2025-03-08 20:02:13,287 - root - INFO - Token Token-352 waiting for resource 'Tech' at 2025-03-17 10:41:26.178100
2025-03-08 20:02:13,287 - root - INFO - Token Token-353 started task 'Monthly' at 2025-03-17 10:47:43.778826, scheduled to end at 2025-03-17 10:47:43.778826 (processing time: 0.00 min)
2025-03-08 20:02:13,288 - root - INFO - Token Token-353 completed task 'Monthly' at 2025-03-17 10:47:43.778826.
2025-03-08 20:02:13,288 - root - INFO - Token Token-353 waiting for resource 'Tech' at 2025-03-17 10:47:43.778826
2025-03-08 20:02:13,288 - root - INFO - Token Token-354 started task 'Monthly' at 2025-03-17 10:53:37.065380, scheduled to end at 2025-03-17 10:53:37.065380 (processing time: 0.00 min)
2025-03-08 20:02:13,289 - root - INFO - Token Token-354 completed task 'Monthly' at 2025-03-17 10:53:37.065380.
2025-03-08 20:02:13,289 - root - INFO - Token Token-354 waiting for resource 'Tech' at 2025-03-17 10:53:37.065380
2025-03-08 20:02:13,289 - root - INFO - Token Token-355 started task 'Monthly' at 2025-03-17 10:58:16.013668, scheduled to end at 2025-03-17 10:58:16.013668 (processing time: 0.00 min)
2025-03-08 20:02:13,290 - root - INFO - Token Token-355 completed task 'Monthly' at 2025-03-17 10:58:16.013668.
2025-03-08 20:02:13,290 - root - INFO - Token Token-355 waiting for resource 'Tech' at 2025-03-17 10:58:16.013668
2025-03-08 20:02:13,290 - root - INFO - Token Token-356 started task 'Monthly' at 2025-03-17 11:04:40.759562, scheduled to end at 2025-03-17 11:04:40.759562 (processing time: 0.00 min)
2025-03-08 20:02:13,292 - root - INFO - Token Token-356 completed task 'Monthly' at 2025-03-17 11:04:40.759562.
2025-03-08 20:02:13,293 - root - INFO - Token Token-356 waiting for resource 'Tech' at 2025-03-17 11:04:40.759562
2025-03-08 20:02:13,293 - root - INFO - Token Token-357 started task 'Monthly' at 2025-03-17 11:09:28.253183, scheduled to end at 2025-03-17 11:09:28.253183 (processing time: 0.00 min)
2025-03-08 20:02:13,294 - root - INFO - Token Token-357 completed task 'Monthly' at 2025-03-17 11:09:28.253183.
2025-03-08 20:02:13,294 - root - INFO - Token Token-357 waiting for resource 'Tech' at 2025-03-17 11:09:28.253183
2025-03-08 20:02:13,295 - root - INFO - Token Token-358 started task 'Monthly' at 2025-03-17 11:13:48.292776, scheduled to end at 2025-03-17 11:13:48.292776 (processing time: 0.00 min)
2025-03-08 20:02:13,295 - root - INFO - Token Token-358 completed task 'Monthly' at 2025-03-17 11:13:48.292776.
2025-03-08 20:02:13,295 - root - INFO - Token Token-358 waiting for resource 'Tech' at 2025-03-17 11:13:48.292776
2025-03-08 20:02:13,296 - root - INFO - Token Token-359 started task 'Monthly' at 2025-03-17 11:20:12.455198, scheduled to end at 2025-03-17 11:20:12.455198 (processing time: 0.00 min)
2025-03-08 20:02:13,296 - root - INFO - Token Token-359 completed task 'Monthly' at 2025-03-17 11:20:12.455198.
2025-03-08 20:02:13,296 - root - INFO - Token Token-359 waiting for resource 'Tech' at 2025-03-17 11:20:12.455198
2025-03-08 20:02:13,297 - root - INFO - Token Token-360 started task 'Monthly' at 2025-03-17 11:25:59.235111, scheduled to end at 2025-03-17 11:25:59.235111 (processing time: 0.00 min)
2025-03-08 20:02:13,297 - root - INFO - Token Token-360 completed task 'Monthly' at 2025-03-17 11:25:59.235111.
2025-03-08 20:02:13,298 - root - INFO - Token Token-360 waiting for resource 'Tech' at 2025-03-17 11:25:59.235111
2025-03-08 20:02:13,298 - root - INFO - Token Token-361 started task 'Monthly' at 2025-03-17 11:32:06.625081, scheduled to end at 2025-03-17 11:32:06.625081 (processing time: 0.00 min)
2025-03-08 20:02:13,298 - root - INFO - Token Token-361 completed task 'Monthly' at 2025-03-17 11:32:06.625081.
2025-03-08 20:02:13,299 - root - INFO - Token Token-361 waiting for resource 'Tech' at 2025-03-17 11:32:06.625081
2025-03-08 20:02:13,299 - root - INFO - Token Token-362 started task 'Monthly' at 2025-03-17 11:37:06.201930, scheduled to end at 2025-03-17 11:37:06.201930 (processing time: 0.00 min)
2025-03-08 20:02:13,300 - root - INFO - Token Token-362 completed task 'Monthly' at 2025-03-17 11:37:06.201930.
2025-03-08 20:02:13,300 - root - INFO - Token Token-362 waiting for resource 'Tech' at 2025-03-17 11:37:06.201930
2025-03-08 20:02:13,301 - root - INFO - Token Token-363 started task 'Monthly' at 2025-03-17 11:42:40.082318, scheduled to end at 2025-03-17 11:42:40.082318 (processing time: 0.00 min)
2025-03-08 20:02:13,301 - root - INFO - Token Token-363 completed task 'Monthly' at 2025-03-17 11:42:40.082318.
2025-03-08 20:02:13,301 - root - INFO - Token Token-363 waiting for resource 'Tech' at 2025-03-17 11:42:40.082318
2025-03-08 20:02:13,302 - root - INFO - Token Token-364 started task 'Monthly' at 2025-03-17 11:47:43.456966, scheduled to end at 2025-03-17 11:47:43.456966 (processing time: 0.00 min)
2025-03-08 20:02:13,302 - root - INFO - Token Token-364 completed task 'Monthly' at 2025-03-17 11:47:43.456966.
2025-03-08 20:02:13,303 - root - INFO - Token Token-364 waiting for resource 'Tech' at 2025-03-17 11:47:43.456966
2025-03-08 20:02:13,303 - root - INFO - Token Token-365 started task 'Monthly' at 2025-03-17 11:53:28.216330, scheduled to end at 2025-03-17 11:53:28.216330 (processing time: 0.00 min)
2025-03-08 20:02:13,303 - root - INFO - Token Token-365 completed task 'Monthly' at 2025-03-17 11:53:28.216330.
2025-03-08 20:02:13,304 - root - INFO - Token Token-365 waiting for resource 'Tech' at 2025-03-17 11:53:28.216330
2025-03-08 20:02:13,304 - root - INFO - Token Token-366 started task 'Monthly' at 2025-03-17 11:59:33.098592, scheduled to end at 2025-03-17 11:59:33.098592 (processing time: 0.00 min)
2025-03-08 20:02:13,305 - root - INFO - Token Token-366 completed task 'Monthly' at 2025-03-17 11:59:33.098592.
2025-03-08 20:02:13,305 - root - INFO - Token Token-366 waiting for resource 'Tech' at 2025-03-17 11:59:33.098592
2025-03-08 20:02:13,305 - root - INFO - Token Token-367 started task 'Monthly' at 2025-03-17 12:05:53.819887, scheduled to end at 2025-03-17 12:05:53.819887 (processing time: 0.00 min)
2025-03-08 20:02:13,306 - root - INFO - Token Token-367 completed task 'Monthly' at 2025-03-17 12:05:53.819887.
2025-03-08 20:02:13,306 - root - INFO - Token Token-367 waiting for resource 'Tech' at 2025-03-17 12:05:53.819887
2025-03-08 20:02:13,307 - root - INFO - Token Token-368 started task 'Monthly' at 2025-03-17 12:12:16.210842, scheduled to end at 2025-03-17 12:12:16.210842 (processing time: 0.00 min)
2025-03-08 20:02:13,307 - root - INFO - Token Token-368 completed task 'Monthly' at 2025-03-17 12:12:16.210842.
2025-03-08 20:02:13,307 - root - INFO - Token Token-368 waiting for resource 'Tech' at 2025-03-17 12:12:16.210842
2025-03-08 20:02:13,308 - root - INFO - Token Token-369 started task 'Monthly' at 2025-03-17 12:17:49.615028, scheduled to end at 2025-03-17 12:17:49.615028 (processing time: 0.00 min)
2025-03-08 20:02:13,308 - root - INFO - Token Token-369 completed task 'Monthly' at 2025-03-17 12:17:49.615028.
2025-03-08 20:02:13,309 - root - INFO - Token Token-369 waiting for resource 'Tech' at 2025-03-17 12:17:49.615028
2025-03-08 20:02:13,310 - root - INFO - Token Token-370 started task 'Monthly' at 2025-03-17 12:24:13.300679, scheduled to end at 2025-03-17 12:24:13.300679 (processing time: 0.00 min)
2025-03-08 20:02:13,310 - root - INFO - Token Token-370 completed task 'Monthly' at 2025-03-17 12:24:13.300679.
2025-03-08 20:02:13,311 - root - INFO - Token Token-370 waiting for resource 'Tech' at 2025-03-17 12:24:13.300679
2025-03-08 20:02:13,311 - root - INFO - Token Token-371 started task 'Monthly' at 2025-03-17 12:30:27.168900, scheduled to end at 2025-03-17 12:30:27.168900 (processing time: 0.00 min)
2025-03-08 20:02:13,312 - root - INFO - Token Token-371 completed task 'Monthly' at 2025-03-17 12:30:27.168900.
2025-03-08 20:02:13,312 - root - INFO - Token Token-371 waiting for resource 'Tech' at 2025-03-17 12:30:27.168900
2025-03-08 20:02:13,312 - root - INFO - Token Token-372 started task 'Monthly' at 2025-03-17 12:36:15.379154, scheduled to end at 2025-03-17 12:36:15.379154 (processing time: 0.00 min)
2025-03-08 20:02:13,313 - root - INFO - Token Token-372 completed task 'Monthly' at 2025-03-17 12:36:15.379154.
2025-03-08 20:02:13,314 - root - INFO - Token Token-372 waiting for resource 'Tech' at 2025-03-17 12:36:15.379154
2025-03-08 20:02:13,315 - root - INFO - Token Token-373 started task 'Monthly' at 2025-03-17 12:42:25.591333, scheduled to end at 2025-03-17 12:42:25.591333 (processing time: 0.00 min)
2025-03-08 20:02:13,315 - root - INFO - Token Token-373 completed task 'Monthly' at 2025-03-17 12:42:25.591333.
2025-03-08 20:02:13,315 - root - INFO - Token Token-373 waiting for resource 'Tech' at 2025-03-17 12:42:25.591333
2025-03-08 20:02:13,316 - root - INFO - Token Token-374 started task 'Monthly' at 2025-03-17 12:48:51.464372, scheduled to end at 2025-03-17 12:48:51.464372 (processing time: 0.00 min)
2025-03-08 20:02:13,316 - root - INFO - Token Token-374 completed task 'Monthly' at 2025-03-17 12:48:51.464372.
2025-03-08 20:02:13,317 - root - INFO - Token Token-374 waiting for resource 'Tech' at 2025-03-17 12:48:51.464372
2025-03-08 20:02:13,317 - root - INFO - Token Token-375 started task 'Monthly' at 2025-03-17 12:54:46.478136, scheduled to end at 2025-03-17 12:54:46.478136 (processing time: 0.00 min)
2025-03-08 20:02:13,318 - root - INFO - Token Token-375 completed task 'Monthly' at 2025-03-17 12:54:46.478136.
2025-03-08 20:02:13,319 - root - INFO - Token Token-375 waiting for resource 'Tech' at 2025-03-17 12:54:46.478136
2025-03-08 20:02:13,335 - root - INFO - Token Token-376 started task 'Monthly' at 2025-03-17 12:59:46.164858, scheduled to end at 2025-03-17 12:59:46.164858 (processing time: 0.00 min)
2025-03-08 20:02:13,335 - root - INFO - Token Token-376 completed task 'Monthly' at 2025-03-17 12:59:46.164858.
2025-03-08 20:02:13,335 - root - INFO - Token Token-376 waiting for resource 'Tech' at 2025-03-17 12:59:46.164858
2025-03-08 20:02:13,335 - root - INFO - Token Token-377 started task 'Monthly' at 2025-03-17 13:06:06.099766, scheduled to end at 2025-03-17 13:06:06.099766 (processing time: 0.00 min)
2025-03-08 20:02:13,335 - root - INFO - Token Token-377 completed task 'Monthly' at 2025-03-17 13:06:06.099766.
2025-03-08 20:02:13,338 - root - INFO - Token Token-377 waiting for resource 'Tech' at 2025-03-17 13:06:06.099766
2025-03-08 20:02:13,338 - root - INFO - Token Token-378 started task 'Monthly' at 2025-03-17 13:12:29.157999, scheduled to end at 2025-03-17 13:12:29.157999 (processing time: 0.00 min)
2025-03-08 20:02:13,338 - root - INFO - Token Token-378 completed task 'Monthly' at 2025-03-17 13:12:29.157999.
2025-03-08 20:02:13,338 - root - INFO - Token Token-378 waiting for resource 'Tech' at 2025-03-17 13:12:29.157999
2025-03-08 20:02:13,339 - root - INFO - Token Token-379 started task 'Monthly' at 2025-03-17 13:17:06.006893, scheduled to end at 2025-03-17 13:17:06.006893 (processing time: 0.00 min)
2025-03-08 20:02:13,339 - root - INFO - Token Token-379 completed task 'Monthly' at 2025-03-17 13:17:06.006893.
2025-03-08 20:02:13,339 - root - INFO - Token Token-379 waiting for resource 'Tech' at 2025-03-17 13:17:06.006893
2025-03-08 20:02:13,340 - root - INFO - Token Token-380 started task 'Monthly' at 2025-03-17 13:22:19.511737, scheduled to end at 2025-03-17 13:22:19.511737 (processing time: 0.00 min)
2025-03-08 20:02:13,340 - root - INFO - Token Token-380 completed task 'Monthly' at 2025-03-17 13:22:19.511737.
2025-03-08 20:02:13,340 - root - INFO - Token Token-380 waiting for resource 'Tech' at 2025-03-17 13:22:19.511737
2025-03-08 20:02:13,340 - root - INFO - Token Token-381 started task 'Monthly' at 2025-03-17 13:26:37.497377, scheduled to end at 2025-03-17 13:26:37.497377 (processing time: 0.00 min)
2025-03-08 20:02:13,341 - root - INFO - Token Token-381 completed task 'Monthly' at 2025-03-17 13:26:37.497377.
2025-03-08 20:02:13,341 - root - INFO - Token Token-381 waiting for resource 'Tech' at 2025-03-17 13:26:37.497377
2025-03-08 20:02:13,341 - root - INFO - Token Token-382 started task 'Monthly' at 2025-03-17 13:32:38.525664, scheduled to end at 2025-03-17 13:32:38.525664 (processing time: 0.00 min)
2025-03-08 20:02:13,341 - root - INFO - Token Token-382 completed task 'Monthly' at 2025-03-17 13:32:38.525664.
2025-03-08 20:02:13,342 - root - INFO - Token Token-382 waiting for resource 'Tech' at 2025-03-17 13:32:38.525664
2025-03-08 20:02:13,342 - root - INFO - Token Token-383 started task 'Monthly' at 2025-03-17 13:38:52.892956, scheduled to end at 2025-03-17 13:38:52.892956 (processing time: 0.00 min)
2025-03-08 20:02:13,342 - root - INFO - Token Token-383 completed task 'Monthly' at 2025-03-17 13:38:52.892956.
2025-03-08 20:02:13,342 - root - INFO - Token Token-383 waiting for resource 'Tech' at 2025-03-17 13:38:52.892956
2025-03-08 20:02:13,342 - root - INFO - Token Token-384 started task 'Monthly' at 2025-03-17 13:44:42.275485, scheduled to end at 2025-03-17 13:44:42.275485 (processing time: 0.00 min)
2025-03-08 20:02:13,343 - root - INFO - Token Token-384 completed task 'Monthly' at 2025-03-17 13:44:42.275485.
2025-03-08 20:02:13,343 - root - INFO - Token Token-384 waiting for resource 'Tech' at 2025-03-17 13:44:42.275485
2025-03-08 20:02:13,344 - root - INFO - Token Token-385 started task 'Monthly' at 2025-03-17 13:49:50.697074, scheduled to end at 2025-03-17 13:49:50.697074 (processing time: 0.00 min)
2025-03-08 20:02:13,344 - root - INFO - Token Token-385 completed task 'Monthly' at 2025-03-17 13:49:50.697074.
2025-03-08 20:02:13,345 - root - INFO - Token Token-385 waiting for resource 'Tech' at 2025-03-17 13:49:50.697074
2025-03-08 20:02:13,349 - root - INFO - Token Token-386 started task 'Monthly' at 2025-03-17 13:56:15.654256, scheduled to end at 2025-03-17 13:56:15.654256 (processing time: 0.00 min)
2025-03-08 20:02:13,349 - root - INFO - Token Token-386 completed task 'Monthly' at 2025-03-17 13:56:15.654256.
2025-03-08 20:02:13,349 - root - INFO - Token Token-386 waiting for resource 'Tech' at 2025-03-17 13:56:15.654256
2025-03-08 20:02:13,350 - root - INFO - Token Token-387 started task 'Monthly' at 2025-03-18 08:00:00, scheduled to end at 2025-03-18 08:00:00 (processing time: 0.00 min)
2025-03-08 20:02:13,350 - root - INFO - Token Token-387 completed task 'Monthly' at 2025-03-18 08:00:00.
2025-03-08 20:02:13,350 - root - INFO - Token Token-387 waiting for resource 'Tech' at 2025-03-18 08:00:00
2025-03-08 20:02:13,351 - root - INFO - Token Token-388 started task 'Monthly' at 2025-03-18 08:05:21.727235, scheduled to end at 2025-03-18 08:05:21.727235 (processing time: 0.00 min)
2025-03-08 20:02:13,351 - root - INFO - Token Token-388 completed task 'Monthly' at 2025-03-18 08:05:21.727235.
2025-03-08 20:02:13,352 - root - INFO - Token Token-388 waiting for resource 'Tech' at 2025-03-18 08:05:21.727235
2025-03-08 20:02:13,352 - root - INFO - Token Token-389 started task 'Monthly' at 2025-03-18 08:11:09.643127, scheduled to end at 2025-03-18 08:11:09.643127 (processing time: 0.00 min)
2025-03-08 20:02:13,353 - root - INFO - Token Token-389 completed task 'Monthly' at 2025-03-18 08:11:09.643127.
2025-03-08 20:02:13,353 - root - INFO - Token Token-389 waiting for resource 'Tech' at 2025-03-18 08:11:09.643127
2025-03-08 20:02:13,353 - root - INFO - Token Token-390 started task 'Monthly' at 2025-03-18 08:17:34.575696, scheduled to end at 2025-03-18 08:17:34.575696 (processing time: 0.00 min)
2025-03-08 20:02:13,354 - root - INFO - Token Token-390 completed task 'Monthly' at 2025-03-18 08:17:34.575696.
2025-03-08 20:02:13,354 - root - INFO - Token Token-390 waiting for resource 'Tech' at 2025-03-18 08:17:34.575696
2025-03-08 20:02:13,355 - root - INFO - Token Token-391 started task 'Monthly' at 2025-03-18 08:23:41.518924, scheduled to end at 2025-03-18 08:23:41.518924 (processing time: 0.00 min)
2025-03-08 20:02:13,356 - root - INFO - Token Token-391 completed task 'Monthly' at 2025-03-18 08:23:41.518924.
2025-03-08 20:02:13,356 - root - INFO - Token Token-391 waiting for resource 'Tech' at 2025-03-18 08:23:41.518924
2025-03-08 20:02:13,356 - root - INFO - Token Token-392 started task 'Monthly' at 2025-03-18 08:28:54.917395, scheduled to end at 2025-03-18 08:28:54.917395 (processing time: 0.00 min)
2025-03-08 20:02:13,357 - root - INFO - Token Token-392 completed task 'Monthly' at 2025-03-18 08:28:54.917395.
2025-03-08 20:02:13,357 - root - INFO - Token Token-392 waiting for resource 'Tech' at 2025-03-18 08:28:54.917395
2025-03-08 20:02:13,358 - root - INFO - Token Token-393 started task 'Monthly' at 2025-03-18 08:35:00.381173, scheduled to end at 2025-03-18 08:35:00.381173 (processing time: 0.00 min)
2025-03-08 20:02:13,358 - root - INFO - Token Token-393 completed task 'Monthly' at 2025-03-18 08:35:00.381173.
2025-03-08 20:02:13,358 - root - INFO - Token Token-393 waiting for resource 'Tech' at 2025-03-18 08:35:00.381173
2025-03-08 20:02:13,359 - root - INFO - Token Token-394 started task 'Monthly' at 2025-03-18 08:40:50.316608, scheduled to end at 2025-03-18 08:40:50.316608 (processing time: 0.00 min)
2025-03-08 20:02:13,359 - root - INFO - Token Token-394 completed task 'Monthly' at 2025-03-18 08:40:50.316608.
2025-03-08 20:02:13,359 - root - INFO - Token Token-394 waiting for resource 'Tech' at 2025-03-18 08:40:50.316608
2025-03-08 20:02:13,360 - root - INFO - Token Token-395 started task 'Monthly' at 2025-03-18 08:47:14.747362, scheduled to end at 2025-03-18 08:47:14.747362 (processing time: 0.00 min)
2025-03-08 20:02:13,360 - root - INFO - Token Token-395 completed task 'Monthly' at 2025-03-18 08:47:14.747362.
2025-03-08 20:02:13,361 - root - INFO - Token Token-395 waiting for resource 'Tech' at 2025-03-18 08:47:14.747362
2025-03-08 20:02:13,361 - root - INFO - Token Token-396 started task 'Monthly' at 2025-03-18 08:52:49.339069, scheduled to end at 2025-03-18 08:52:49.339069 (processing time: 0.00 min)
2025-03-08 20:02:13,361 - root - INFO - Token Token-396 completed task 'Monthly' at 2025-03-18 08:52:49.339069.
2025-03-08 20:02:13,362 - root - INFO - Token Token-396 waiting for resource 'Tech' at 2025-03-18 08:52:49.339069
2025-03-08 20:02:13,363 - root - INFO - Token Token-397 started task 'Monthly' at 2025-03-18 08:58:56.117489, scheduled to end at 2025-03-18 08:58:56.117489 (processing time: 0.00 min)
2025-03-08 20:02:13,364 - root - INFO - Token Token-397 completed task 'Monthly' at 2025-03-18 08:58:56.117489.
2025-03-08 20:02:13,365 - root - INFO - Token Token-397 waiting for resource 'Tech' at 2025-03-18 08:58:56.117489
2025-03-08 20:02:13,374 - root - INFO - Token Token-398 started task 'Monthly' at 2025-03-18 09:04:40.868901, scheduled to end at 2025-03-18 09:04:40.868901 (processing time: 0.00 min)
2025-03-08 20:02:13,375 - root - INFO - Token Token-398 completed task 'Monthly' at 2025-03-18 09:04:40.868901.
2025-03-08 20:02:13,375 - root - INFO - Token Token-398 waiting for resource 'Tech' at 2025-03-18 09:04:40.868901
2025-03-08 20:02:13,376 - root - INFO - Token Token-399 started task 'Monthly' at 2025-03-18 09:10:30.406417, scheduled to end at 2025-03-18 09:10:30.406417 (processing time: 0.00 min)
2025-03-08 20:02:13,377 - root - INFO - Token Token-399 completed task 'Monthly' at 2025-03-18 09:10:30.406417.
2025-03-08 20:02:13,378 - root - INFO - Token Token-399 waiting for resource 'Tech' at 2025-03-18 09:10:30.406417
2025-03-08 20:02:13,378 - root - INFO - Token Token-400 started task 'Monthly' at 2025-03-18 09:15:19.843796, scheduled to end at 2025-03-18 09:15:19.843796 (processing time: 0.00 min)
2025-03-08 20:02:13,379 - root - INFO - Token Token-400 completed task 'Monthly' at 2025-03-18 09:15:19.843796.
2025-03-08 20:02:13,379 - root - INFO - Token Token-400 waiting for resource 'Tech' at 2025-03-18 09:15:19.843796
2025-03-08 20:02:13,379 - root - INFO - Token Token-401 started task 'Monthly' at 2025-03-18 09:20:50.355273, scheduled to end at 2025-03-18 09:20:50.355273 (processing time: 0.00 min)
2025-03-08 20:02:13,380 - root - INFO - Token Token-401 completed task 'Monthly' at 2025-03-18 09:20:50.355273.
2025-03-08 20:02:13,380 - root - INFO - Token Token-401 waiting for resource 'Tech' at 2025-03-18 09:20:50.355273
2025-03-08 20:02:13,381 - root - INFO - Token Token-402 started task 'Monthly' at 2025-03-18 09:27:00.806693, scheduled to end at 2025-03-18 09:27:00.806693 (processing time: 0.00 min)
2025-03-08 20:02:13,381 - root - INFO - Token Token-402 completed task 'Monthly' at 2025-03-18 09:27:00.806693.
2025-03-08 20:02:13,381 - root - INFO - Token Token-402 waiting for resource 'Tech' at 2025-03-18 09:27:00.806693
2025-03-08 20:02:13,382 - root - INFO - Token Token-403 started task 'Monthly' at 2025-03-18 09:33:05.913948, scheduled to end at 2025-03-18 09:33:05.913948 (processing time: 0.00 min)
2025-03-08 20:02:13,382 - root - INFO - Token Token-403 completed task 'Monthly' at 2025-03-18 09:33:05.913948.
2025-03-08 20:02:13,382 - root - INFO - Token Token-403 waiting for resource 'Tech' at 2025-03-18 09:33:05.913948
2025-03-08 20:02:13,383 - root - INFO - Token Token-404 started task 'Monthly' at 2025-03-18 09:39:02.131436, scheduled to end at 2025-03-18 09:39:02.131436 (processing time: 0.00 min)
2025-03-08 20:02:13,384 - root - INFO - Token Token-404 completed task 'Monthly' at 2025-03-18 09:39:02.131436.
2025-03-08 20:02:13,384 - root - INFO - Token Token-404 waiting for resource 'Tech' at 2025-03-18 09:39:02.131436
2025-03-08 20:02:13,384 - root - INFO - Token Token-405 started task 'Monthly' at 2025-03-18 09:44:54.085251, scheduled to end at 2025-03-18 09:44:54.085251 (processing time: 0.00 min)
2025-03-08 20:02:13,385 - root - INFO - Token Token-405 completed task 'Monthly' at 2025-03-18 09:44:54.085251.
2025-03-08 20:02:13,385 - root - INFO - Token Token-405 waiting for resource 'Tech' at 2025-03-18 09:44:54.085251
2025-03-08 20:02:13,386 - root - INFO - Token Token-406 started task 'Monthly' at 2025-03-18 09:49:27.668298, scheduled to end at 2025-03-18 09:49:27.668298 (processing time: 0.00 min)
2025-03-08 20:02:13,387 - root - INFO - Token Token-406 completed task 'Monthly' at 2025-03-18 09:49:27.668298.
2025-03-08 20:02:13,387 - root - INFO - Token Token-406 waiting for resource 'Tech' at 2025-03-18 09:49:27.668298
2025-03-08 20:02:13,388 - root - INFO - Token Token-407 started task 'Monthly' at 2025-03-18 09:54:18.383820, scheduled to end at 2025-03-18 09:54:18.383820 (processing time: 0.00 min)
2025-03-08 20:02:13,388 - root - INFO - Token Token-407 completed task 'Monthly' at 2025-03-18 09:54:18.383820.
2025-03-08 20:02:13,388 - root - INFO - Token Token-407 waiting for resource 'Tech' at 2025-03-18 09:54:18.383820
2025-03-08 20:02:13,389 - root - INFO - Token Token-408 started task 'Monthly' at 2025-03-18 10:00:23.155821, scheduled to end at 2025-03-18 10:00:23.155821 (processing time: 0.00 min)
2025-03-08 20:02:13,389 - root - INFO - Token Token-408 completed task 'Monthly' at 2025-03-18 10:00:23.155821.
2025-03-08 20:02:13,390 - root - INFO - Token Token-408 waiting for resource 'Tech' at 2025-03-18 10:00:23.155821
2025-03-08 20:02:13,390 - root - INFO - Token Token-409 started task 'Monthly' at 2025-03-18 10:04:54.155094, scheduled to end at 2025-03-18 10:04:54.155094 (processing time: 0.00 min)
2025-03-08 20:02:13,390 - root - INFO - Token Token-409 completed task 'Monthly' at 2025-03-18 10:04:54.155094.
2025-03-08 20:02:13,391 - root - INFO - Token Token-409 waiting for resource 'Tech' at 2025-03-18 10:04:54.155094
2025-03-08 20:02:13,391 - root - INFO - Token Token-410 started task 'Monthly' at 2025-03-18 10:10:58.493351, scheduled to end at 2025-03-18 10:10:58.493351 (processing time: 0.00 min)
2025-03-08 20:02:13,391 - root - INFO - Token Token-410 completed task 'Monthly' at 2025-03-18 10:10:58.493351.
2025-03-08 20:02:13,392 - root - INFO - Token Token-410 waiting for resource 'Tech' at 2025-03-18 10:10:58.493351
2025-03-08 20:02:13,392 - root - INFO - Token Token-411 started task 'Monthly' at 2025-03-18 10:16:52.599990, scheduled to end at 2025-03-18 10:16:52.599990 (processing time: 0.00 min)
2025-03-08 20:02:13,392 - root - INFO - Token Token-411 completed task 'Monthly' at 2025-03-18 10:16:52.599990.
2025-03-08 20:02:13,392 - root - INFO - Token Token-411 waiting for resource 'Tech' at 2025-03-18 10:16:52.599990
2025-03-08 20:02:13,393 - root - INFO - Token Token-412 started task 'Monthly' at 2025-03-18 10:22:59.397017, scheduled to end at 2025-03-18 10:22:59.397017 (processing time: 0.00 min)
2025-03-08 20:02:13,394 - root - INFO - Token Token-412 completed task 'Monthly' at 2025-03-18 10:22:59.397017.
2025-03-08 20:02:13,394 - root - INFO - Token Token-412 waiting for resource 'Tech' at 2025-03-18 10:22:59.397017
2025-03-08 20:02:13,394 - root - INFO - Token Token-413 started task 'Monthly' at 2025-03-18 10:28:19.006081, scheduled to end at 2025-03-18 10:28:19.006081 (processing time: 0.00 min)
2025-03-08 20:02:13,394 - root - INFO - Token Token-413 completed task 'Monthly' at 2025-03-18 10:28:19.006081.
2025-03-08 20:02:13,394 - root - INFO - Token Token-413 waiting for resource 'Tech' at 2025-03-18 10:28:19.006081
2025-03-08 20:02:13,394 - root - INFO - Token Token-414 started task 'Monthly' at 2025-03-18 10:34:33.785979, scheduled to end at 2025-03-18 10:34:33.785979 (processing time: 0.00 min)
2025-03-08 20:02:13,394 - root - INFO - Token Token-414 completed task 'Monthly' at 2025-03-18 10:34:33.785979.
2025-03-08 20:02:13,394 - root - INFO - Token Token-414 waiting for resource 'Tech' at 2025-03-18 10:34:33.785979
2025-03-08 20:02:13,394 - root - INFO - Token Token-415 started task 'Monthly' at 2025-03-18 10:40:50.785780, scheduled to end at 2025-03-18 10:40:50.785780 (processing time: 0.00 min)
2025-03-08 20:02:13,394 - root - INFO - Token Token-415 completed task 'Monthly' at 2025-03-18 10:40:50.785780.
2025-03-08 20:02:13,397 - root - INFO - Token Token-415 waiting for resource 'Tech' at 2025-03-18 10:40:50.785780
2025-03-08 20:02:13,397 - root - INFO - Token Token-416 started task 'Monthly' at 2025-03-18 10:46:57.179077, scheduled to end at 2025-03-18 10:46:57.179077 (processing time: 0.00 min)
2025-03-08 20:02:13,398 - root - INFO - Token Token-416 completed task 'Monthly' at 2025-03-18 10:46:57.179077.
2025-03-08 20:02:13,398 - root - INFO - Token Token-416 waiting for resource 'Tech' at 2025-03-18 10:46:57.179077
2025-03-08 20:02:13,398 - root - INFO - Token Token-417 started task 'Monthly' at 2025-03-18 10:52:49.928019, scheduled to end at 2025-03-18 10:52:49.928019 (processing time: 0.00 min)
2025-03-08 20:02:13,398 - root - INFO - Token Token-417 completed task 'Monthly' at 2025-03-18 10:52:49.928019.
2025-03-08 20:02:13,398 - root - INFO - Token Token-417 waiting for resource 'Tech' at 2025-03-18 10:52:49.928019
2025-03-08 20:02:13,399 - root - INFO - Token Token-418 started task 'Monthly' at 2025-03-18 10:57:52.605146, scheduled to end at 2025-03-18 10:57:52.605146 (processing time: 0.00 min)
2025-03-08 20:02:13,399 - root - INFO - Token Token-418 completed task 'Monthly' at 2025-03-18 10:57:52.605146.
2025-03-08 20:02:13,399 - root - INFO - Token Token-418 waiting for resource 'Tech' at 2025-03-18 10:57:52.605146
2025-03-08 20:02:13,400 - root - INFO - Token Token-419 started task 'Monthly' at 2025-03-18 11:04:07.204955, scheduled to end at 2025-03-18 11:04:07.204955 (processing time: 0.00 min)
2025-03-08 20:02:13,400 - root - INFO - Token Token-419 completed task 'Monthly' at 2025-03-18 11:04:07.204955.
2025-03-08 20:02:13,400 - root - INFO - Token Token-419 waiting for resource 'Tech' at 2025-03-18 11:04:07.204955
2025-03-08 20:02:13,400 - root - INFO - Token Token-420 started task 'Monthly' at 2025-03-18 11:09:05.352266, scheduled to end at 2025-03-18 11:09:05.352266 (processing time: 0.00 min)
2025-03-08 20:02:13,401 - root - INFO - Token Token-420 completed task 'Monthly' at 2025-03-18 11:09:05.352266.
2025-03-08 20:02:13,401 - root - INFO - Token Token-420 waiting for resource 'Tech' at 2025-03-18 11:09:05.352266
2025-03-08 20:02:13,401 - root - INFO - Token Token-421 started task 'Monthly' at 2025-03-18 11:13:46.767203, scheduled to end at 2025-03-18 11:13:46.767203 (processing time: 0.00 min)
2025-03-08 20:02:13,401 - root - INFO - Token Token-421 completed task 'Monthly' at 2025-03-18 11:13:46.767203.
2025-03-08 20:02:13,402 - root - INFO - Token Token-421 waiting for resource 'Tech' at 2025-03-18 11:13:46.767203
2025-03-08 20:02:13,402 - root - INFO - Token Token-422 started task 'Monthly' at 2025-03-18 11:19:49.903384, scheduled to end at 2025-03-18 11:19:49.903384 (processing time: 0.00 min)
2025-03-08 20:02:13,423 - root - INFO - Token Token-422 completed task 'Monthly' at 2025-03-18 11:19:49.903384.
2025-03-08 20:02:13,423 - root - INFO - Token Token-422 waiting for resource 'Tech' at 2025-03-18 11:19:49.903384
2025-03-08 20:02:13,424 - root - INFO - Token Token-423 started task 'Monthly' at 2025-03-18 11:24:37.428360, scheduled to end at 2025-03-18 11:24:37.428360 (processing time: 0.00 min)
2025-03-08 20:02:13,425 - root - INFO - Token Token-423 completed task 'Monthly' at 2025-03-18 11:24:37.428360.
2025-03-08 20:02:13,425 - root - INFO - Token Token-423 waiting for resource 'Tech' at 2025-03-18 11:24:37.428360
2025-03-08 20:02:13,425 - root - INFO - Token Token-424 started task 'Monthly' at 2025-03-18 11:29:00.754121, scheduled to end at 2025-03-18 11:29:00.754121 (processing time: 0.00 min)
2025-03-08 20:02:13,426 - root - INFO - Token Token-424 completed task 'Monthly' at 2025-03-18 11:29:00.754121.
2025-03-08 20:02:13,426 - root - INFO - Token Token-424 waiting for resource 'Tech' at 2025-03-18 11:29:00.754121
2025-03-08 20:02:13,426 - root - INFO - Token Token-425 started task 'Monthly' at 2025-03-18 11:34:35.754769, scheduled to end at 2025-03-18 11:34:35.754769 (processing time: 0.00 min)
2025-03-08 20:02:13,427 - root - INFO - Token Token-425 completed task 'Monthly' at 2025-03-18 11:34:35.754769.
2025-03-08 20:02:13,427 - root - INFO - Token Token-425 waiting for resource 'Tech' at 2025-03-18 11:34:35.754769
2025-03-08 20:02:13,428 - root - INFO - Token Token-426 started task 'Monthly' at 2025-03-18 11:40:31.157455, scheduled to end at 2025-03-18 11:40:31.157455 (processing time: 0.00 min)
2025-03-08 20:02:13,428 - root - INFO - Token Token-426 completed task 'Monthly' at 2025-03-18 11:40:31.157455.
2025-03-08 20:02:13,429 - root - INFO - Token Token-426 waiting for resource 'Tech' at 2025-03-18 11:40:31.157455
2025-03-08 20:02:13,429 - root - INFO - Token Token-427 started task 'Monthly' at 2025-03-18 11:46:25.813227, scheduled to end at 2025-03-18 11:46:25.813227 (processing time: 0.00 min)
2025-03-08 20:02:13,431 - root - INFO - Token Token-427 completed task 'Monthly' at 2025-03-18 11:46:25.813227.
2025-03-08 20:02:13,432 - root - INFO - Token Token-427 waiting for resource 'Tech' at 2025-03-18 11:46:25.813227
2025-03-08 20:02:13,432 - root - INFO - Token Token-428 started task 'Monthly' at 2025-03-18 11:52:09.881324, scheduled to end at 2025-03-18 11:52:09.881324 (processing time: 0.00 min)
2025-03-08 20:02:13,433 - root - INFO - Token Token-428 completed task 'Monthly' at 2025-03-18 11:52:09.881324.
2025-03-08 20:02:13,433 - root - INFO - Token Token-428 waiting for resource 'Tech' at 2025-03-18 11:52:09.881324
2025-03-08 20:02:13,433 - root - INFO - Token Token-429 started task 'Monthly' at 2025-03-18 11:57:48.168407, scheduled to end at 2025-03-18 11:57:48.168407 (processing time: 0.00 min)
2025-03-08 20:02:13,434 - root - INFO - Token Token-429 completed task 'Monthly' at 2025-03-18 11:57:48.168407.
2025-03-08 20:02:13,434 - root - INFO - Token Token-429 waiting for resource 'Tech' at 2025-03-18 11:57:48.168407
2025-03-08 20:02:13,435 - root - INFO - Token Token-430 started task 'Monthly' at 2025-03-18 12:03:39.000536, scheduled to end at 2025-03-18 12:03:39.000536 (processing time: 0.00 min)
2025-03-08 20:02:13,435 - root - INFO - Token Token-430 completed task 'Monthly' at 2025-03-18 12:03:39.000536.
2025-03-08 20:02:13,435 - root - INFO - Token Token-430 waiting for resource 'Tech' at 2025-03-18 12:03:39.000536
2025-03-08 20:02:13,436 - root - INFO - Token Token-431 started task 'Monthly' at 2025-03-18 12:08:15.736553, scheduled to end at 2025-03-18 12:08:15.736553 (processing time: 0.00 min)
2025-03-08 20:02:13,436 - root - INFO - Token Token-431 completed task 'Monthly' at 2025-03-18 12:08:15.736553.
2025-03-08 20:02:13,437 - root - INFO - Token Token-431 waiting for resource 'Tech' at 2025-03-18 12:08:15.736553
2025-03-08 20:02:13,437 - root - INFO - Token Token-432 started task 'Monthly' at 2025-03-18 12:13:19.705882, scheduled to end at 2025-03-18 12:13:19.705882 (processing time: 0.00 min)
2025-03-08 20:02:13,437 - root - INFO - Token Token-432 completed task 'Monthly' at 2025-03-18 12:13:19.705882.
2025-03-08 20:02:13,438 - root - INFO - Token Token-432 waiting for resource 'Tech' at 2025-03-18 12:13:19.705882
2025-03-08 20:02:13,438 - root - INFO - Token Token-433 started task 'Monthly' at 2025-03-18 12:19:00.425281, scheduled to end at 2025-03-18 12:19:00.425281 (processing time: 0.00 min)
2025-03-08 20:02:13,439 - root - INFO - Token Token-433 completed task 'Monthly' at 2025-03-18 12:19:00.425281.
2025-03-08 20:02:13,439 - root - INFO - Token Token-433 waiting for resource 'Tech' at 2025-03-18 12:19:00.425281
2025-03-08 20:02:13,439 - root - INFO - Token Token-434 started task 'Monthly' at 2025-03-18 12:24:57.967272, scheduled to end at 2025-03-18 12:24:57.967272 (processing time: 0.00 min)
2025-03-08 20:02:13,440 - root - INFO - Token Token-434 completed task 'Monthly' at 2025-03-18 12:24:57.967272.
2025-03-08 20:02:13,440 - root - INFO - Token Token-434 waiting for resource 'Tech' at 2025-03-18 12:24:57.967272
2025-03-08 20:02:13,440 - root - INFO - Token Token-435 started task 'Monthly' at 2025-03-18 12:31:22.919582, scheduled to end at 2025-03-18 12:31:22.919582 (processing time: 0.00 min)
2025-03-08 20:02:13,441 - root - INFO - Token Token-435 completed task 'Monthly' at 2025-03-18 12:31:22.919582.
2025-03-08 20:02:13,441 - root - INFO - Token Token-435 waiting for resource 'Tech' at 2025-03-18 12:31:22.919582
2025-03-08 20:02:13,442 - root - INFO - Token Token-436 started task 'Monthly' at 2025-03-18 12:36:23.776013, scheduled to end at 2025-03-18 12:36:23.776013 (processing time: 0.00 min)
2025-03-08 20:02:13,442 - root - INFO - Token Token-436 completed task 'Monthly' at 2025-03-18 12:36:23.776013.
2025-03-08 20:02:13,442 - root - INFO - Token Token-436 waiting for resource 'Tech' at 2025-03-18 12:36:23.776013
2025-03-08 20:02:13,443 - root - INFO - Token Token-437 started task 'Monthly' at 2025-03-18 12:42:31.543954, scheduled to end at 2025-03-18 12:42:31.543954 (processing time: 0.00 min)
2025-03-08 20:02:13,443 - root - INFO - Token Token-437 completed task 'Monthly' at 2025-03-18 12:42:31.543954.
2025-03-08 20:02:13,444 - root - INFO - Token Token-437 waiting for resource 'Tech' at 2025-03-18 12:42:31.543954
2025-03-08 20:02:13,444 - root - INFO - Token Token-438 started task 'Monthly' at 2025-03-18 12:48:36.923432, scheduled to end at 2025-03-18 12:48:36.923432 (processing time: 0.00 min)
2025-03-08 20:02:13,444 - root - INFO - Token Token-438 completed task 'Monthly' at 2025-03-18 12:48:36.923432.
2025-03-08 20:02:13,445 - root - INFO - Token Token-438 waiting for resource 'Tech' at 2025-03-18 12:48:36.923432
2025-03-08 20:02:13,445 - root - INFO - Token Token-439 started task 'Monthly' at 2025-03-18 12:54:07.697349, scheduled to end at 2025-03-18 12:54:07.697349 (processing time: 0.00 min)
2025-03-08 20:02:13,446 - root - INFO - Token Token-439 completed task 'Monthly' at 2025-03-18 12:54:07.697349.
2025-03-08 20:02:13,446 - root - INFO - Token Token-439 waiting for resource 'Tech' at 2025-03-18 12:54:07.697349
2025-03-08 20:02:13,446 - root - INFO - Token Token-440 started task 'Monthly' at 2025-03-18 13:00:20.517641, scheduled to end at 2025-03-18 13:00:20.517641 (processing time: 0.00 min)
2025-03-08 20:02:13,447 - root - INFO - Token Token-440 completed task 'Monthly' at 2025-03-18 13:00:20.517641.
2025-03-08 20:02:13,447 - root - INFO - Token Token-440 waiting for resource 'Tech' at 2025-03-18 13:00:20.517641
2025-03-08 20:02:13,448 - root - INFO - Token Token-441 started task 'Monthly' at 2025-03-18 13:05:44.098776, scheduled to end at 2025-03-18 13:05:44.098776 (processing time: 0.00 min)
2025-03-08 20:02:13,448 - root - INFO - Token Token-441 completed task 'Monthly' at 2025-03-18 13:05:44.098776.
2025-03-08 20:02:13,448 - root - INFO - Token Token-441 waiting for resource 'Tech' at 2025-03-18 13:05:44.098776
2025-03-08 20:02:13,450 - root - INFO - Token Token-442 started task 'Monthly' at 2025-03-18 13:10:20.575953, scheduled to end at 2025-03-18 13:10:20.575953 (processing time: 0.00 min)
2025-03-08 20:02:13,452 - root - INFO - Token Token-442 completed task 'Monthly' at 2025-03-18 13:10:20.575953.
2025-03-08 20:02:13,453 - root - INFO - Token Token-442 waiting for resource 'Tech' at 2025-03-18 13:10:20.575953
2025-03-08 20:02:13,465 - root - INFO - Token Token-443 started task 'Monthly' at 2025-03-18 13:15:53.498983, scheduled to end at 2025-03-18 13:15:53.498983 (processing time: 0.00 min)
2025-03-08 20:02:13,465 - root - INFO - Token Token-443 completed task 'Monthly' at 2025-03-18 13:15:53.498983.
2025-03-08 20:02:13,465 - root - INFO - Token Token-443 waiting for resource 'Tech' at 2025-03-18 13:15:53.498983
2025-03-08 20:02:13,466 - root - INFO - Token Token-444 started task 'Monthly' at 2025-03-18 13:20:15.880595, scheduled to end at 2025-03-18 13:20:15.880595 (processing time: 0.00 min)
2025-03-08 20:02:13,467 - root - INFO - Token Token-444 completed task 'Monthly' at 2025-03-18 13:20:15.880595.
2025-03-08 20:02:13,467 - root - INFO - Token Token-444 waiting for resource 'Tech' at 2025-03-18 13:20:15.880595
2025-03-08 20:02:13,467 - root - INFO - Token Token-445 started task 'Monthly' at 2025-03-18 13:26:14.962434, scheduled to end at 2025-03-18 13:26:14.962434 (processing time: 0.00 min)
2025-03-08 20:02:13,467 - root - INFO - Token Token-445 completed task 'Monthly' at 2025-03-18 13:26:14.962434.
2025-03-08 20:02:13,468 - root - INFO - Token Token-445 waiting for resource 'Tech' at 2025-03-18 13:26:14.962434
2025-03-08 20:02:13,468 - root - INFO - Token Token-446 started task 'Monthly' at 2025-03-18 13:30:42.026367, scheduled to end at 2025-03-18 13:30:42.026367 (processing time: 0.00 min)
2025-03-08 20:02:13,471 - root - INFO - Token Token-446 completed task 'Monthly' at 2025-03-18 13:30:42.026367.
2025-03-08 20:02:13,472 - root - INFO - Token Token-446 waiting for resource 'Tech' at 2025-03-18 13:30:42.026367
2025-03-08 20:02:13,472 - root - INFO - Token Token-447 started task 'Monthly' at 2025-03-18 13:36:00.477874, scheduled to end at 2025-03-18 13:36:00.477874 (processing time: 0.00 min)
2025-03-08 20:02:13,473 - root - INFO - Token Token-447 completed task 'Monthly' at 2025-03-18 13:36:00.477874.
2025-03-08 20:02:13,474 - root - INFO - Token Token-447 waiting for resource 'Tech' at 2025-03-18 13:36:00.477874
2025-03-08 20:02:13,475 - root - INFO - Token Token-448 started task 'Monthly' at 2025-03-18 13:42:22.213424, scheduled to end at 2025-03-18 13:42:22.213424 (processing time: 0.00 min)
2025-03-08 20:02:13,476 - root - INFO - Token Token-448 completed task 'Monthly' at 2025-03-18 13:42:22.213424.
2025-03-08 20:02:13,476 - root - INFO - Token Token-448 waiting for resource 'Tech' at 2025-03-18 13:42:22.213424
2025-03-08 20:02:13,476 - root - INFO - Token Token-449 started task 'Monthly' at 2025-03-18 13:48:45.572307, scheduled to end at 2025-03-18 13:48:45.572307 (processing time: 0.00 min)
2025-03-08 20:02:13,477 - root - INFO - Token Token-449 completed task 'Monthly' at 2025-03-18 13:48:45.572307.
2025-03-08 20:02:13,477 - root - INFO - Token Token-449 waiting for resource 'Tech' at 2025-03-18 13:48:45.572307
2025-03-08 20:02:13,477 - root - INFO - Token Token-450 started task 'Monthly' at 2025-03-18 13:55:05.199696, scheduled to end at 2025-03-18 13:55:05.199696 (processing time: 0.00 min)
2025-03-08 20:02:13,478 - root - INFO - Token Token-450 completed task 'Monthly' at 2025-03-18 13:55:05.199696.
2025-03-08 20:02:13,478 - root - INFO - Token Token-450 waiting for resource 'Tech' at 2025-03-18 13:55:05.199696
2025-03-08 20:02:13,479 - root - INFO - Token Token-451 started task 'Monthly' at 2025-03-18 13:59:58.983385, scheduled to end at 2025-03-18 13:59:58.983385 (processing time: 0.00 min)
2025-03-08 20:02:13,479 - root - INFO - Token Token-451 completed task 'Monthly' at 2025-03-18 13:59:58.983385.
2025-03-08 20:02:13,480 - root - INFO - Token Token-451 waiting for resource 'Tech' at 2025-03-18 13:59:58.983385
2025-03-08 20:02:13,480 - root - INFO - Token Token-452 started task 'Monthly' at 2025-03-19 08:00:00, scheduled to end at 2025-03-19 08:00:00 (processing time: 0.00 min)
2025-03-08 20:02:13,480 - root - INFO - Token Token-452 completed task 'Monthly' at 2025-03-19 08:00:00.
2025-03-08 20:02:13,481 - root - INFO - Token Token-452 waiting for resource 'Tech' at 2025-03-19 08:00:00
2025-03-08 20:02:13,481 - root - INFO - Token Token-453 started task 'Monthly' at 2025-03-19 08:05:10.413254, scheduled to end at 2025-03-19 08:05:10.413254 (processing time: 0.00 min)
2025-03-08 20:02:13,482 - root - INFO - Token Token-453 completed task 'Monthly' at 2025-03-19 08:05:10.413254.
2025-03-08 20:02:13,482 - root - INFO - Token Token-453 waiting for resource 'Tech' at 2025-03-19 08:05:10.413254
2025-03-08 20:02:13,482 - root - INFO - Token Token-454 started task 'Monthly' at 2025-03-19 08:11:11.235799, scheduled to end at 2025-03-19 08:11:11.235799 (processing time: 0.00 min)
2025-03-08 20:02:13,483 - root - INFO - Token Token-454 completed task 'Monthly' at 2025-03-19 08:11:11.235799.
2025-03-08 20:02:13,483 - root - INFO - Token Token-454 waiting for resource 'Tech' at 2025-03-19 08:11:11.235799
2025-03-08 20:02:13,484 - root - INFO - Token Token-455 started task 'Monthly' at 2025-03-19 08:17:04.276160, scheduled to end at 2025-03-19 08:17:04.276160 (processing time: 0.00 min)
2025-03-08 20:02:13,484 - root - INFO - Token Token-455 completed task 'Monthly' at 2025-03-19 08:17:04.276160.
2025-03-08 20:02:13,484 - root - INFO - Token Token-455 waiting for resource 'Tech' at 2025-03-19 08:17:04.276160
2025-03-08 20:02:13,485 - root - INFO - Token Token-456 started task 'Monthly' at 2025-03-19 08:22:53.241473, scheduled to end at 2025-03-19 08:22:53.241473 (processing time: 0.00 min)
2025-03-08 20:02:13,485 - root - INFO - Token Token-456 completed task 'Monthly' at 2025-03-19 08:22:53.241473.
2025-03-08 20:02:13,486 - root - INFO - Token Token-456 waiting for resource 'Tech' at 2025-03-19 08:22:53.241473
2025-03-08 20:02:13,486 - root - INFO - Token Token-457 started task 'Monthly' at 2025-03-19 08:29:10.430269, scheduled to end at 2025-03-19 08:29:10.430269 (processing time: 0.00 min)
2025-03-08 20:02:13,486 - root - INFO - Token Token-457 completed task 'Monthly' at 2025-03-19 08:29:10.430269.
2025-03-08 20:02:13,487 - root - INFO - Token Token-457 waiting for resource 'Tech' at 2025-03-19 08:29:10.430269
2025-03-08 20:02:13,487 - root - INFO - Token Token-458 started task 'Monthly' at 2025-03-19 08:34:01.871574, scheduled to end at 2025-03-19 08:34:01.871574 (processing time: 0.00 min)
2025-03-08 20:02:13,488 - root - INFO - Token Token-458 completed task 'Monthly' at 2025-03-19 08:34:01.871574.
2025-03-08 20:02:13,488 - root - INFO - Token Token-458 waiting for resource 'Tech' at 2025-03-19 08:34:01.871574
2025-03-08 20:02:13,488 - root - INFO - Token Token-459 started task 'Monthly' at 2025-03-19 08:39:10.044084, scheduled to end at 2025-03-19 08:39:10.044084 (processing time: 0.00 min)
2025-03-08 20:02:13,489 - root - INFO - Token Token-459 completed task 'Monthly' at 2025-03-19 08:39:10.044084.
2025-03-08 20:02:13,489 - root - INFO - Token Token-459 waiting for resource 'Tech' at 2025-03-19 08:39:10.044084
2025-03-08 20:02:13,490 - root - INFO - Token Token-460 started task 'Monthly' at 2025-03-19 08:43:59.995700, scheduled to end at 2025-03-19 08:43:59.995700 (processing time: 0.00 min)
2025-03-08 20:02:13,490 - root - INFO - Token Token-460 completed task 'Monthly' at 2025-03-19 08:43:59.995700.
2025-03-08 20:02:13,491 - root - INFO - Token Token-460 waiting for resource 'Tech' at 2025-03-19 08:43:59.995700
2025-03-08 20:02:13,491 - root - INFO - Token Token-461 started task 'Monthly' at 2025-03-19 08:49:53.588788, scheduled to end at 2025-03-19 08:49:53.588788 (processing time: 0.00 min)
2025-03-08 20:02:13,492 - root - INFO - Token Token-461 completed task 'Monthly' at 2025-03-19 08:49:53.588788.
2025-03-08 20:02:13,492 - root - INFO - Token Token-461 waiting for resource 'Tech' at 2025-03-19 08:49:53.588788
2025-03-08 20:02:13,494 - root - INFO - Token Token-462 started task 'Monthly' at 2025-03-19 08:56:00.879421, scheduled to end at 2025-03-19 08:56:00.879421 (processing time: 0.00 min)
2025-03-08 20:02:13,494 - root - INFO - Token Token-462 completed task 'Monthly' at 2025-03-19 08:56:00.879421.
2025-03-08 20:02:13,494 - root - INFO - Token Token-462 waiting for resource 'Tech' at 2025-03-19 08:56:00.879421
2025-03-08 20:02:13,495 - root - INFO - Token Token-463 started task 'Monthly' at 2025-03-19 09:02:13.953299, scheduled to end at 2025-03-19 09:02:13.953299 (processing time: 0.00 min)
2025-03-08 20:02:13,495 - root - INFO - Token Token-463 completed task 'Monthly' at 2025-03-19 09:02:13.953299.
2025-03-08 20:02:13,496 - root - INFO - Token Token-463 waiting for resource 'Tech' at 2025-03-19 09:02:13.953299
2025-03-08 20:02:13,496 - root - INFO - Token Token-464 started task 'Monthly' at 2025-03-19 09:08:35.212143, scheduled to end at 2025-03-19 09:08:35.212143 (processing time: 0.00 min)
2025-03-08 20:02:13,496 - root - INFO - Token Token-464 completed task 'Monthly' at 2025-03-19 09:08:35.212143.
2025-03-08 20:02:13,497 - root - INFO - Token Token-464 waiting for resource 'Tech' at 2025-03-19 09:08:35.212143
2025-03-08 20:02:13,497 - root - INFO - Token Token-465 started task 'Monthly' at 2025-03-19 09:13:54.636635, scheduled to end at 2025-03-19 09:13:54.636635 (processing time: 0.00 min)
2025-03-08 20:02:13,498 - root - INFO - Token Token-465 completed task 'Monthly' at 2025-03-19 09:13:54.636635.
2025-03-08 20:02:13,498 - root - INFO - Token Token-465 waiting for resource 'Tech' at 2025-03-19 09:13:54.636635
2025-03-08 20:02:13,498 - root - INFO - Token Token-466 started task 'Monthly' at 2025-03-19 09:19:23.196122, scheduled to end at 2025-03-19 09:19:23.196122 (processing time: 0.00 min)
2025-03-08 20:02:13,499 - root - INFO - Token Token-466 completed task 'Monthly' at 2025-03-19 09:19:23.196122.
2025-03-08 20:02:13,499 - root - INFO - Token Token-466 waiting for resource 'Tech' at 2025-03-19 09:19:23.196122
2025-03-08 20:02:13,499 - root - INFO - Token Token-467 started task 'Monthly' at 2025-03-19 09:25:09.847616, scheduled to end at 2025-03-19 09:25:09.847616 (processing time: 0.00 min)
2025-03-08 20:02:13,500 - root - INFO - Token Token-467 completed task 'Monthly' at 2025-03-19 09:25:09.847616.
2025-03-08 20:02:13,500 - root - INFO - Token Token-467 waiting for resource 'Tech' at 2025-03-19 09:25:09.847616
2025-03-08 20:02:13,501 - root - INFO - Token Token-468 started task 'Monthly' at 2025-03-19 09:29:58.078059, scheduled to end at 2025-03-19 09:29:58.078059 (processing time: 0.00 min)
2025-03-08 20:02:13,501 - root - INFO - Token Token-468 completed task 'Monthly' at 2025-03-19 09:29:58.078059.
2025-03-08 20:02:13,501 - root - INFO - Token Token-468 waiting for resource 'Tech' at 2025-03-19 09:29:58.078059
2025-03-08 20:02:13,503 - root - INFO - Token Token-469 started task 'Monthly' at 2025-03-19 09:36:14.478257, scheduled to end at 2025-03-19 09:36:14.478257 (processing time: 0.00 min)
2025-03-08 20:02:13,504 - root - INFO - Token Token-469 completed task 'Monthly' at 2025-03-19 09:36:14.478257.
2025-03-08 20:02:13,520 - root - INFO - Token Token-469 waiting for resource 'Tech' at 2025-03-19 09:36:14.478257
2025-03-08 20:02:13,521 - root - INFO - Token Token-470 started task 'Monthly' at 2025-03-19 09:40:58.114600, scheduled to end at 2025-03-19 09:40:58.114600 (processing time: 0.00 min)
2025-03-08 20:02:13,521 - root - INFO - Token Token-470 completed task 'Monthly' at 2025-03-19 09:40:58.114600.
2025-03-08 20:02:13,521 - root - INFO - Token Token-470 waiting for resource 'Tech' at 2025-03-19 09:40:58.114600
2025-03-08 20:02:13,522 - root - INFO - Token Token-471 started task 'Monthly' at 2025-03-19 09:47:16.231954, scheduled to end at 2025-03-19 09:47:16.231954 (processing time: 0.00 min)
2025-03-08 20:02:13,522 - root - INFO - Token Token-471 completed task 'Monthly' at 2025-03-19 09:47:16.231954.
2025-03-08 20:02:13,522 - root - INFO - Token Token-471 waiting for resource 'Tech' at 2025-03-19 09:47:16.231954
2025-03-08 20:02:13,522 - root - INFO - Token Token-472 started task 'Monthly' at 2025-03-19 09:53:20.438784, scheduled to end at 2025-03-19 09:53:20.438784 (processing time: 0.00 min)
2025-03-08 20:02:13,523 - root - INFO - Token Token-472 completed task 'Monthly' at 2025-03-19 09:53:20.438784.
2025-03-08 20:02:13,523 - root - INFO - Token Token-472 waiting for resource 'Tech' at 2025-03-19 09:53:20.438784
2025-03-08 20:02:13,523 - root - INFO - Token Token-473 started task 'Monthly' at 2025-03-19 09:58:59.340213, scheduled to end at 2025-03-19 09:58:59.340213 (processing time: 0.00 min)
2025-03-08 20:02:13,523 - root - INFO - Token Token-473 completed task 'Monthly' at 2025-03-19 09:58:59.340213.
2025-03-08 20:02:13,524 - root - INFO - Token Token-473 waiting for resource 'Tech' at 2025-03-19 09:58:59.340213
2025-03-08 20:02:13,524 - root - INFO - Token Token-474 started task 'Monthly' at 2025-03-19 10:04:58.779749, scheduled to end at 2025-03-19 10:04:58.779749 (processing time: 0.00 min)
2025-03-08 20:02:13,524 - root - INFO - Token Token-474 completed task 'Monthly' at 2025-03-19 10:04:58.779749.
2025-03-08 20:02:13,524 - root - INFO - Token Token-474 waiting for resource 'Tech' at 2025-03-19 10:04:58.779749
2025-03-08 20:02:13,525 - root - INFO - Token Token-475 started task 'Monthly' at 2025-03-19 10:10:08.455402, scheduled to end at 2025-03-19 10:10:08.455402 (processing time: 0.00 min)
2025-03-08 20:02:13,525 - root - INFO - Token Token-475 completed task 'Monthly' at 2025-03-19 10:10:08.455402.
2025-03-08 20:02:13,525 - root - INFO - Token Token-475 waiting for resource 'Tech' at 2025-03-19 10:10:08.455402
2025-03-08 20:02:13,525 - root - INFO - Token Token-476 started task 'Monthly' at 2025-03-19 10:16:03.918144, scheduled to end at 2025-03-19 10:16:03.918144 (processing time: 0.00 min)
2025-03-08 20:02:13,526 - root - INFO - Token Token-476 completed task 'Monthly' at 2025-03-19 10:16:03.918144.
2025-03-08 20:02:13,526 - root - INFO - Token Token-476 waiting for resource 'Tech' at 2025-03-19 10:16:03.918144
2025-03-08 20:02:13,526 - root - INFO - Token Token-477 started task 'Monthly' at 2025-03-19 10:22:30.564562, scheduled to end at 2025-03-19 10:22:30.564562 (processing time: 0.00 min)
2025-03-08 20:02:13,526 - root - INFO - Token Token-477 completed task 'Monthly' at 2025-03-19 10:22:30.564562.
2025-03-08 20:02:13,526 - root - INFO - Token Token-477 waiting for resource 'Tech' at 2025-03-19 10:22:30.564562
2025-03-08 20:02:13,527 - root - INFO - Token Token-478 started task 'Monthly' at 2025-03-19 10:28:49.472219, scheduled to end at 2025-03-19 10:28:49.472219 (processing time: 0.00 min)
2025-03-08 20:02:13,527 - root - INFO - Token Token-478 completed task 'Monthly' at 2025-03-19 10:28:49.472219.
2025-03-08 20:02:13,527 - root - INFO - Token Token-478 waiting for resource 'Tech' at 2025-03-19 10:28:49.472219
2025-03-08 20:02:13,528 - root - INFO - Token Token-479 started task 'Monthly' at 2025-03-19 10:35:00.723714, scheduled to end at 2025-03-19 10:35:00.723714 (processing time: 0.00 min)
2025-03-08 20:02:13,528 - root - INFO - Token Token-479 completed task 'Monthly' at 2025-03-19 10:35:00.723714.
2025-03-08 20:02:13,528 - root - INFO - Token Token-479 waiting for resource 'Tech' at 2025-03-19 10:35:00.723714
2025-03-08 20:02:13,532 - root - INFO - Token Token-480 started task 'Monthly' at 2025-03-19 10:41:06.646937, scheduled to end at 2025-03-19 10:41:06.646937 (processing time: 0.00 min)
2025-03-08 20:02:13,533 - root - INFO - Token Token-480 completed task 'Monthly' at 2025-03-19 10:41:06.646937.
2025-03-08 20:02:13,533 - root - INFO - Token Token-480 waiting for resource 'Tech' at 2025-03-19 10:41:06.646937
2025-03-08 20:02:13,534 - root - INFO - Token Token-481 started task 'Monthly' at 2025-03-19 10:47:21.079998, scheduled to end at 2025-03-19 10:47:21.079998 (processing time: 0.00 min)
2025-03-08 20:02:13,534 - root - INFO - Token Token-481 completed task 'Monthly' at 2025-03-19 10:47:21.079998.
2025-03-08 20:02:13,534 - root - INFO - Token Token-481 waiting for resource 'Tech' at 2025-03-19 10:47:21.079998
2025-03-08 20:02:13,535 - root - INFO - Token Token-482 started task 'Monthly' at 2025-03-19 10:52:19.497400, scheduled to end at 2025-03-19 10:52:19.497400 (processing time: 0.00 min)
2025-03-08 20:02:13,535 - root - INFO - Token Token-482 completed task 'Monthly' at 2025-03-19 10:52:19.497400.
2025-03-08 20:02:13,536 - root - INFO - Token Token-482 waiting for resource 'Tech' at 2025-03-19 10:52:19.497400
2025-03-08 20:02:13,536 - root - INFO - Token Token-483 started task 'Monthly' at 2025-03-19 10:58:36.959093, scheduled to end at 2025-03-19 10:58:36.959093 (processing time: 0.00 min)
2025-03-08 20:02:13,536 - root - INFO - Token Token-483 completed task 'Monthly' at 2025-03-19 10:58:36.959093.
2025-03-08 20:02:13,537 - root - INFO - Token Token-483 waiting for resource 'Tech' at 2025-03-19 10:58:36.959093
2025-03-08 20:02:13,537 - root - INFO - Token Token-484 started task 'Monthly' at 2025-03-19 11:05:02.306743, scheduled to end at 2025-03-19 11:05:02.306743 (processing time: 0.00 min)
2025-03-08 20:02:13,537 - root - INFO - Token Token-484 completed task 'Monthly' at 2025-03-19 11:05:02.306743.
2025-03-08 20:02:13,538 - root - INFO - Token Token-484 waiting for resource 'Tech' at 2025-03-19 11:05:02.306743
2025-03-08 20:02:13,538 - root - INFO - Token Token-485 started task 'Monthly' at 2025-03-19 11:10:41.954575, scheduled to end at 2025-03-19 11:10:41.954575 (processing time: 0.00 min)
2025-03-08 20:02:13,539 - root - INFO - Token Token-485 completed task 'Monthly' at 2025-03-19 11:10:41.954575.
2025-03-08 20:02:13,539 - root - INFO - Token Token-485 waiting for resource 'Tech' at 2025-03-19 11:10:41.954575
2025-03-08 20:02:13,539 - root - INFO - Token Token-486 started task 'Monthly' at 2025-03-19 11:16:20.129367, scheduled to end at 2025-03-19 11:16:20.129367 (processing time: 0.00 min)
2025-03-08 20:02:13,540 - root - INFO - Token Token-486 completed task 'Monthly' at 2025-03-19 11:16:20.129367.
2025-03-08 20:02:13,540 - root - INFO - Token Token-486 waiting for resource 'Tech' at 2025-03-19 11:16:20.129367
2025-03-08 20:02:13,540 - root - INFO - Token Token-487 started task 'Monthly' at 2025-03-19 11:22:18.549356, scheduled to end at 2025-03-19 11:22:18.549356 (processing time: 0.00 min)
2025-03-08 20:02:13,541 - root - INFO - Token Token-487 completed task 'Monthly' at 2025-03-19 11:22:18.549356.
2025-03-08 20:02:13,541 - root - INFO - Token Token-487 waiting for resource 'Tech' at 2025-03-19 11:22:18.549356
2025-03-08 20:02:13,541 - root - INFO - Token Token-488 started task 'Monthly' at 2025-03-19 11:27:30.389509, scheduled to end at 2025-03-19 11:27:30.389509 (processing time: 0.00 min)
2025-03-08 20:02:13,542 - root - INFO - Token Token-488 completed task 'Monthly' at 2025-03-19 11:27:30.389509.
2025-03-08 20:02:13,542 - root - INFO - Token Token-488 waiting for resource 'Tech' at 2025-03-19 11:27:30.389509
2025-03-08 20:02:13,543 - root - INFO - Token Token-489 started task 'Monthly' at 2025-03-19 11:32:48.092873, scheduled to end at 2025-03-19 11:32:48.092873 (processing time: 0.00 min)
2025-03-08 20:02:13,543 - root - INFO - Token Token-489 completed task 'Monthly' at 2025-03-19 11:32:48.092873.
2025-03-08 20:02:13,544 - root - INFO - Token Token-489 waiting for resource 'Tech' at 2025-03-19 11:32:48.092873
2025-03-08 20:02:13,544 - root - INFO - Token Token-490 started task 'Monthly' at 2025-03-19 11:38:14.505538, scheduled to end at 2025-03-19 11:38:14.505538 (processing time: 0.00 min)
2025-03-08 20:02:13,545 - root - INFO - Token Token-490 completed task 'Monthly' at 2025-03-19 11:38:14.505538.
2025-03-08 20:02:13,545 - root - INFO - Token Token-490 waiting for resource 'Tech' at 2025-03-19 11:38:14.505538
2025-03-08 20:02:13,546 - root - INFO - Token Token-491 started task 'Monthly' at 2025-03-19 11:44:23.132496, scheduled to end at 2025-03-19 11:44:23.132496 (processing time: 0.00 min)
2025-03-08 20:02:13,547 - root - INFO - Token Token-491 completed task 'Monthly' at 2025-03-19 11:44:23.132496.
2025-03-08 20:02:13,548 - root - INFO - Token Token-491 waiting for resource 'Tech' at 2025-03-19 11:44:23.132496
2025-03-08 20:02:13,567 - root - INFO - Token Token-492 started task 'Monthly' at 2025-03-19 11:49:51.542509, scheduled to end at 2025-03-19 11:49:51.542509 (processing time: 0.00 min)
2025-03-08 20:02:13,568 - root - INFO - Token Token-492 completed task 'Monthly' at 2025-03-19 11:49:51.542509.
2025-03-08 20:02:13,568 - root - INFO - Token Token-492 waiting for resource 'Tech' at 2025-03-19 11:49:51.542509
2025-03-08 20:02:13,569 - root - INFO - Token Token-493 started task 'Monthly' at 2025-03-19 11:56:03.525952, scheduled to end at 2025-03-19 11:56:03.525952 (processing time: 0.00 min)
2025-03-08 20:02:13,569 - root - INFO - Token Token-493 completed task 'Monthly' at 2025-03-19 11:56:03.525952.
2025-03-08 20:02:13,570 - root - INFO - Token Token-493 waiting for resource 'Tech' at 2025-03-19 11:56:03.525952
2025-03-08 20:02:13,570 - root - INFO - Token Token-494 started task 'Monthly' at 2025-03-19 12:01:42.926573, scheduled to end at 2025-03-19 12:01:42.926573 (processing time: 0.00 min)
2025-03-08 20:02:13,570 - root - INFO - Token Token-494 completed task 'Monthly' at 2025-03-19 12:01:42.926573.
2025-03-08 20:02:13,571 - root - INFO - Token Token-494 waiting for resource 'Tech' at 2025-03-19 12:01:42.926573
2025-03-08 20:02:13,571 - root - INFO - Token Token-495 started task 'Monthly' at 2025-03-19 12:07:39.356755, scheduled to end at 2025-03-19 12:07:39.356755 (processing time: 0.00 min)
2025-03-08 20:02:13,571 - root - INFO - Token Token-495 completed task 'Monthly' at 2025-03-19 12:07:39.356755.
2025-03-08 20:02:13,572 - root - INFO - Token Token-495 waiting for resource 'Tech' at 2025-03-19 12:07:39.356755
2025-03-08 20:02:13,572 - root - INFO - Token Token-496 started task 'Monthly' at 2025-03-19 12:12:57.511168, scheduled to end at 2025-03-19 12:12:57.511168 (processing time: 0.00 min)
2025-03-08 20:02:13,573 - root - INFO - Token Token-496 completed task 'Monthly' at 2025-03-19 12:12:57.511168.
2025-03-08 20:02:13,573 - root - INFO - Token Token-496 waiting for resource 'Tech' at 2025-03-19 12:12:57.511168
2025-03-08 20:02:13,573 - root - INFO - Token Token-497 started task 'Monthly' at 2025-03-19 12:17:38.975547, scheduled to end at 2025-03-19 12:17:38.975547 (processing time: 0.00 min)
2025-03-08 20:02:13,574 - root - INFO - Token Token-497 completed task 'Monthly' at 2025-03-19 12:17:38.975547.
2025-03-08 20:02:13,576 - root - INFO - Token Token-497 waiting for resource 'Tech' at 2025-03-19 12:17:38.975547
2025-03-08 20:02:13,576 - root - INFO - Token Token-498 started task 'Monthly' at 2025-03-19 12:22:46.270152, scheduled to end at 2025-03-19 12:22:46.270152 (processing time: 0.00 min)
2025-03-08 20:02:13,576 - root - INFO - Token Token-498 completed task 'Monthly' at 2025-03-19 12:22:46.270152.
2025-03-08 20:02:13,576 - root - INFO - Token Token-498 waiting for resource 'Tech' at 2025-03-19 12:22:46.270152
2025-03-08 20:02:13,577 - root - INFO - Processing: 1/500 tokens completed (0.2%) - Events: 1511 - Current sim time: 2025-03-19 12:22:46.270152
2025-03-08 20:02:13,578 - root - INFO - Token Token-499 started task 'Monthly' at 2025-03-19 12:27:49.470336, scheduled to end at 2025-03-19 12:27:49.470336 (processing time: 0.00 min)
2025-03-08 20:02:13,578 - root - INFO - Token Token-499 completed task 'Monthly' at 2025-03-19 12:27:49.470336.
2025-03-08 20:02:13,578 - root - INFO - Token Token-499 waiting for resource 'Tech' at 2025-03-19 12:27:49.470336
2025-03-08 20:02:13,578 - root - INFO - Token Token-500 started task 'Monthly' at 2025-03-19 12:34:01.580574, scheduled to end at 2025-03-19 12:34:01.580574 (processing time: 0.00 min)
2025-03-08 20:02:13,578 - root - INFO - Token Token-500 completed task 'Monthly' at 2025-03-19 12:34:01.580574.
2025-03-08 20:02:13,580 - root - INFO - Token Token-500 waiting for resource 'Tech' at 2025-03-19 12:34:01.580574
2025-03-08 20:02:13,581 - root - INFO - Simulation complete. Collecting results...
2025-03-08 20:02:13,583 - root - INFO - Processing results...
2025-03-08 20:02:13,633 - root - INFO - Results exported to 5.5.13 Real Property-Monthly Reviews-2_results.xlsx
2025-03-08 20:04:12,465 - root - INFO - Application exited normally
