2025-03-08 20:18:49,375 - root - INFO - Logging initialized
2025-03-08 20:18:49,375 - root - INFO - Starting Bizagi Process Simulator
2025-03-08 20:18:49,375 - root - INFO - NetworkX compatibility patch applied
2025-03-08 20:18:49,376 - root - INFO - Settings loaded from bizagi_simulator_settings.json
2025-03-08 20:18:49,376 - root - INFO - Configuration loaded
2025-03-08 20:18:50,275 - root - INFO - Application UI initialized
2025-03-08 20:18:59,960 - root - INFO - Loading data...
2025-03-08 20:18:59,972 - root - INFO - Successfully loaded XPDL file: C:/Users/kcmclau.EVOFORGE/Repos/bizagi_simulations/Bizagi/5.5_1/5.5.13 Real Property-Monthly Reviews-Inclusive.xpdl
2025-03-08 20:18:59,994 - root - INFO - Successfully loaded metrics from C:/Users/kcmclau.EVOFORGE/Repos/bizagi_simulations/Bizagi/simulation_metrics-inclusive.xlsx
2025-03-08 20:18:59,994 - root - INFO - Loaded 8 rows with columns: name, type, resource, available resources, avg time, min time, max time, yes, no, arrival interval, max arrival count
2025-03-08 20:19:00,004 - root - INFO - Preprocessed simulation metrics data
2025-03-08 20:19:00,007 - root - INFO - Building process model from XPDL...
2025-03-08 20:19:00,024 - root - INFO - Converting graph to ProcessModel...
2025-03-08 20:19:00,026 - root - INFO - Built process model with 9 nodes and 11 links
2025-03-08 20:19:00,027 - root - INFO - Found 1 start nodes: ['Monthly']
2025-03-08 20:19:00,028 - root - INFO - Found 1 start nodes: ['Monthly']
2025-03-08 20:19:00,029 - root - INFO - Setting up simulation...
2025-03-08 20:19:00,029 - root - INFO - Found 2 resources in process model: {'Tech': 1, 'Certifier': 1}
2025-03-08 20:19:00,029 - root - INFO - Scheduling tokens...
2025-03-08 20:19:00,029 - root - INFO - Scheduling 500 tokens with triangular distribution...
2025-03-08 20:19:00,029 - root - INFO - Found 1 start nodes: ['Monthly']
2025-03-08 20:19:00,208 - root - INFO - Scheduling up to 500 tokens over 77041 available minutes
2025-03-08 20:19:00,208 - root - INFO - Scheduled Token-1 to start at 2025-03-10 08:00:00.
2025-03-08 20:19:00,208 - root - INFO - Scheduled Token-2 to start at 2025-03-10 08:05:28.746814.
2025-03-08 20:19:00,208 - root - INFO - Scheduled Token-3 to start at 2025-03-10 08:09:55.314266.
2025-03-08 20:19:00,208 - root - INFO - Scheduled Token-4 to start at 2025-03-10 08:15:49.110701.
2025-03-08 20:19:00,208 - root - INFO - Scheduled Token-5 to start at 2025-03-10 08:21:52.252895.
2025-03-08 20:19:00,208 - root - INFO - Scheduled Token-6 to start at 2025-03-10 08:27:25.761279.
2025-03-08 20:19:00,208 - root - INFO - Scheduled Token-7 to start at 2025-03-10 08:33:04.462724.
2025-03-08 20:19:00,208 - root - INFO - Scheduled Token-8 to start at 2025-03-10 08:39:28.524569.
2025-03-08 20:19:00,208 - root - INFO - Scheduled Token-9 to start at 2025-03-10 08:44:11.278589.
2025-03-08 20:19:00,208 - root - INFO - Scheduled Token-10 to start at 2025-03-10 08:50:20.008539.
2025-03-08 20:19:00,208 - root - INFO - Scheduled Token-11 to start at 2025-03-10 08:55:47.593283.
2025-03-08 20:19:00,208 - root - INFO - Scheduled Token-12 to start at 2025-03-10 09:01:15.452159.
2025-03-08 20:19:00,208 - root - INFO - Scheduled Token-13 to start at 2025-03-10 09:06:43.642730.
2025-03-08 20:19:00,208 - root - INFO - Scheduled Token-14 to start at 2025-03-10 09:13:06.283903.
2025-03-08 20:19:00,208 - root - INFO - Scheduled Token-15 to start at 2025-03-10 09:19:09.135738.
2025-03-08 20:19:00,208 - root - INFO - Scheduled Token-16 to start at 2025-03-10 09:25:05.442304.
2025-03-08 20:19:00,208 - root - INFO - Scheduled Token-17 to start at 2025-03-10 09:30:47.389472.
2025-03-08 20:19:00,208 - root - INFO - Scheduled Token-18 to start at 2025-03-10 09:37:05.257696.
2025-03-08 20:19:00,208 - root - INFO - Scheduled Token-19 to start at 2025-03-10 09:41:58.178530.
2025-03-08 20:19:00,208 - root - INFO - Scheduled Token-20 to start at 2025-03-10 09:47:42.793040.
2025-03-08 20:19:00,208 - root - INFO - Scheduled Token-21 to start at 2025-03-10 09:53:19.489524.
2025-03-08 20:19:00,208 - root - INFO - Scheduled Token-22 to start at 2025-03-10 09:59:44.575655.
2025-03-08 20:19:00,208 - root - INFO - Scheduled Token-23 to start at 2025-03-10 10:05:26.908390.
2025-03-08 20:19:00,208 - root - INFO - Scheduled Token-24 to start at 2025-03-10 10:10:54.534696.
2025-03-08 20:19:00,208 - root - INFO - Scheduled Token-25 to start at 2025-03-10 10:17:00.754191.
2025-03-08 20:19:00,208 - root - INFO - Scheduled Token-26 to start at 2025-03-10 10:23:02.626417.
2025-03-08 20:19:00,208 - root - INFO - Scheduled Token-27 to start at 2025-03-10 10:27:09.498885.
2025-03-08 20:19:00,208 - root - INFO - Scheduled Token-28 to start at 2025-03-10 10:33:02.842121.
2025-03-08 20:19:00,208 - root - INFO - Scheduled Token-29 to start at 2025-03-10 10:39:10.765344.
2025-03-08 20:19:00,218 - root - INFO - Scheduled Token-30 to start at 2025-03-10 10:43:52.897917.
2025-03-08 20:19:00,218 - root - INFO - Scheduled Token-31 to start at 2025-03-10 10:49:43.700048.
2025-03-08 20:19:00,218 - root - INFO - Scheduled Token-32 to start at 2025-03-10 10:55:36.579804.
2025-03-08 20:19:00,218 - root - INFO - Scheduled Token-33 to start at 2025-03-10 11:00:50.936984.
2025-03-08 20:19:00,218 - root - INFO - Scheduled Token-34 to start at 2025-03-10 11:07:12.833959.
2025-03-08 20:19:00,218 - root - INFO - Scheduled Token-35 to start at 2025-03-10 11:13:34.996970.
2025-03-08 20:19:00,218 - root - INFO - Scheduled Token-36 to start at 2025-03-10 11:19:29.975146.
2025-03-08 20:19:00,218 - root - INFO - Scheduled Token-37 to start at 2025-03-10 11:24:56.270423.
2025-03-08 20:19:00,218 - root - INFO - Scheduled Token-38 to start at 2025-03-10 11:30:33.154904.
2025-03-08 20:19:00,218 - root - INFO - Scheduled Token-39 to start at 2025-03-10 11:36:42.177668.
2025-03-08 20:19:00,218 - root - INFO - Scheduled Token-40 to start at 2025-03-10 11:42:38.243977.
2025-03-08 20:19:00,218 - root - INFO - Scheduled Token-41 to start at 2025-03-10 11:48:20.091590.
2025-03-08 20:19:00,218 - root - INFO - Scheduled Token-42 to start at 2025-03-10 11:54:26.444746.
2025-03-08 20:19:00,218 - root - INFO - Scheduled Token-43 to start at 2025-03-10 12:00:37.852582.
2025-03-08 20:19:00,218 - root - INFO - Scheduled Token-44 to start at 2025-03-10 12:06:40.936950.
2025-03-08 20:19:00,218 - root - INFO - Scheduled Token-45 to start at 2025-03-10 12:12:03.786725.
2025-03-08 20:19:00,218 - root - INFO - Scheduled Token-46 to start at 2025-03-10 12:18:08.420082.
2025-03-08 20:19:00,218 - root - INFO - Scheduled Token-47 to start at 2025-03-10 12:23:12.305098.
2025-03-08 20:19:00,218 - root - INFO - Scheduled Token-48 to start at 2025-03-10 12:29:27.896131.
2025-03-08 20:19:00,218 - root - INFO - Scheduled Token-49 to start at 2025-03-10 12:35:41.490262.
2025-03-08 20:19:00,218 - root - INFO - Scheduled Token-50 to start at 2025-03-10 12:42:03.648306.
2025-03-08 20:19:00,218 - root - INFO - Scheduled Token-51 to start at 2025-03-10 12:48:11.946436.
2025-03-08 20:19:00,218 - root - INFO - Scheduled Token-52 to start at 2025-03-10 12:54:29.750425.
2025-03-08 20:19:00,218 - root - INFO - Scheduled Token-53 to start at 2025-03-10 12:58:40.678466.
2025-03-08 20:19:00,218 - root - INFO - Scheduled Token-54 to start at 2025-03-10 13:05:03.404765.
2025-03-08 20:19:00,218 - root - INFO - Scheduled Token-55 to start at 2025-03-10 13:09:52.700281.
2025-03-08 20:19:00,218 - root - INFO - Scheduled Token-56 to start at 2025-03-10 13:15:31.783716.
2025-03-08 20:19:00,218 - root - INFO - Scheduled Token-57 to start at 2025-03-10 13:21:00.040948.
2025-03-08 20:19:00,218 - root - INFO - Scheduled Token-58 to start at 2025-03-10 13:25:44.895067.
2025-03-08 20:19:00,218 - root - INFO - Scheduled Token-59 to start at 2025-03-10 13:32:05.545131.
2025-03-08 20:19:00,218 - root - INFO - Scheduled Token-60 to start at 2025-03-10 13:37:57.336854.
2025-03-08 20:19:00,218 - root - INFO - Scheduled Token-61 to start at 2025-03-10 13:42:57.822300.
2025-03-08 20:19:00,218 - root - INFO - Scheduled Token-62 to start at 2025-03-10 13:48:44.031220.
2025-03-08 20:19:00,218 - root - INFO - Scheduled Token-63 to start at 2025-03-10 13:54:30.922359.
2025-03-08 20:19:00,218 - root - INFO - Scheduled Token-64 to start at 2025-03-11 08:00:00.
2025-03-08 20:19:00,218 - root - INFO - Scheduled Token-65 to start at 2025-03-11 08:05:08.784879.
2025-03-08 20:19:00,218 - root - INFO - Scheduled Token-66 to start at 2025-03-11 08:11:16.988352.
2025-03-08 20:19:00,218 - root - INFO - Scheduled Token-67 to start at 2025-03-11 08:16:46.633721.
2025-03-08 20:19:00,218 - root - INFO - Scheduled Token-68 to start at 2025-03-11 08:23:12.685958.
2025-03-08 20:19:00,218 - root - INFO - Scheduled Token-69 to start at 2025-03-11 08:27:43.599507.
2025-03-08 20:19:00,218 - root - INFO - Scheduled Token-70 to start at 2025-03-11 08:33:38.190493.
2025-03-08 20:19:00,218 - root - INFO - Scheduled Token-71 to start at 2025-03-11 08:39:32.435050.
2025-03-08 20:19:00,218 - root - INFO - Scheduled Token-72 to start at 2025-03-11 08:45:20.291582.
2025-03-08 20:19:00,218 - root - INFO - Scheduled Token-73 to start at 2025-03-11 08:50:19.437569.
2025-03-08 20:19:00,218 - root - INFO - Scheduled Token-74 to start at 2025-03-11 08:56:26.506800.
2025-03-08 20:19:00,218 - root - INFO - Scheduled Token-75 to start at 2025-03-11 09:02:45.388271.
2025-03-08 20:19:00,218 - root - INFO - Scheduled Token-76 to start at 2025-03-11 09:08:41.487658.
2025-03-08 20:19:00,218 - root - INFO - Scheduled Token-77 to start at 2025-03-11 09:15:04.677554.
2025-03-08 20:19:00,218 - root - INFO - Scheduled Token-78 to start at 2025-03-11 09:20:32.471823.
2025-03-08 20:19:00,218 - root - INFO - Scheduled Token-79 to start at 2025-03-11 09:24:55.757071.
2025-03-08 20:19:00,218 - root - INFO - Scheduled Token-80 to start at 2025-03-11 09:29:26.666907.
2025-03-08 20:19:00,218 - root - INFO - Scheduled Token-81 to start at 2025-03-11 09:33:59.896008.
2025-03-08 20:19:00,218 - root - INFO - Scheduled Token-82 to start at 2025-03-11 09:39:22.195321.
2025-03-08 20:19:00,218 - root - INFO - Scheduled Token-83 to start at 2025-03-11 09:45:10.112055.
2025-03-08 20:19:00,218 - root - INFO - Scheduled Token-84 to start at 2025-03-11 09:51:25.778696.
2025-03-08 20:19:00,218 - root - INFO - Scheduled Token-85 to start at 2025-03-11 09:57:21.066713.
2025-03-08 20:19:00,228 - root - INFO - Scheduled Token-86 to start at 2025-03-11 10:03:06.025834.
2025-03-08 20:19:00,228 - root - INFO - Scheduled Token-87 to start at 2025-03-11 10:08:45.227840.
2025-03-08 20:19:00,228 - root - INFO - Scheduled Token-88 to start at 2025-03-11 10:14:22.034764.
2025-03-08 20:19:00,228 - root - INFO - Scheduled Token-89 to start at 2025-03-11 10:19:03.681830.
2025-03-08 20:19:00,228 - root - INFO - Scheduled Token-90 to start at 2025-03-11 10:24:19.391700.
2025-03-08 20:19:00,228 - root - INFO - Scheduled Token-91 to start at 2025-03-11 10:30:00.212500.
2025-03-08 20:19:00,228 - root - INFO - Scheduled Token-92 to start at 2025-03-11 10:35:33.389210.
2025-03-08 20:19:00,228 - root - INFO - Scheduled Token-93 to start at 2025-03-11 10:41:54.011762.
2025-03-08 20:19:00,228 - root - INFO - Scheduled Token-94 to start at 2025-03-11 10:48:16.354436.
2025-03-08 20:19:00,228 - root - INFO - Scheduled Token-95 to start at 2025-03-11 10:53:34.940679.
2025-03-08 20:19:00,228 - root - INFO - Scheduled Token-96 to start at 2025-03-11 10:59:46.305748.
2025-03-08 20:19:00,228 - root - INFO - Scheduled Token-97 to start at 2025-03-11 11:05:24.330701.
2025-03-08 20:19:00,228 - root - INFO - Scheduled Token-98 to start at 2025-03-11 11:11:19.598753.
2025-03-08 20:19:00,228 - root - INFO - Scheduled Token-99 to start at 2025-03-11 11:17:01.814700.
2025-03-08 20:19:00,228 - root - INFO - Scheduled Token-100 to start at 2025-03-11 11:23:01.120756.
2025-03-08 20:19:00,228 - root - INFO - Scheduled Token-101 to start at 2025-03-11 11:29:03.620352.
2025-03-08 20:19:00,228 - root - INFO - Scheduled Token-102 to start at 2025-03-11 11:33:49.319610.
2025-03-08 20:19:00,228 - root - INFO - Scheduled Token-103 to start at 2025-03-11 11:39:59.250977.
2025-03-08 20:19:00,228 - root - INFO - Scheduled Token-104 to start at 2025-03-11 11:45:57.031477.
2025-03-08 20:19:00,228 - root - INFO - Scheduled Token-105 to start at 2025-03-11 11:51:42.193792.
2025-03-08 20:19:00,228 - root - INFO - Scheduled Token-106 to start at 2025-03-11 11:58:05.280561.
2025-03-08 20:19:00,228 - root - INFO - Scheduled Token-107 to start at 2025-03-11 12:04:00.811535.
2025-03-08 20:19:00,228 - root - INFO - Scheduled Token-108 to start at 2025-03-11 12:10:16.279741.
2025-03-08 20:19:00,228 - root - INFO - Scheduled Token-109 to start at 2025-03-11 12:16:39.299003.
2025-03-08 20:19:00,228 - root - INFO - Scheduled Token-110 to start at 2025-03-11 12:23:05.536970.
2025-03-08 20:19:00,228 - root - INFO - Scheduled Token-111 to start at 2025-03-11 12:29:09.946258.
2025-03-08 20:19:00,228 - root - INFO - Scheduled Token-112 to start at 2025-03-11 12:35:19.463010.
2025-03-08 20:19:00,228 - root - INFO - Scheduled Token-113 to start at 2025-03-11 12:41:46.269094.
2025-03-08 20:19:00,228 - root - INFO - Scheduled Token-114 to start at 2025-03-11 12:47:12.495256.
2025-03-08 20:19:00,228 - root - INFO - Scheduled Token-115 to start at 2025-03-11 12:53:32.038992.
2025-03-08 20:19:00,228 - root - INFO - Scheduled Token-116 to start at 2025-03-11 12:57:54.509252.
2025-03-08 20:19:00,228 - root - INFO - Scheduled Token-117 to start at 2025-03-11 13:02:24.302715.
2025-03-08 20:19:00,228 - root - INFO - Scheduled Token-118 to start at 2025-03-11 13:07:21.636652.
2025-03-08 20:19:00,228 - root - INFO - Scheduled Token-119 to start at 2025-03-11 13:12:16.353850.
2025-03-08 20:19:00,228 - root - INFO - Scheduled Token-120 to start at 2025-03-11 13:17:36.072087.
2025-03-08 20:19:00,228 - root - INFO - Scheduled Token-121 to start at 2025-03-11 13:23:49.084225.
2025-03-08 20:19:00,228 - root - INFO - Scheduled Token-122 to start at 2025-03-11 13:29:22.262494.
2025-03-08 20:19:00,228 - root - INFO - Scheduled Token-123 to start at 2025-03-11 13:35:35.019299.
2025-03-08 20:19:00,228 - root - INFO - Scheduled Token-124 to start at 2025-03-11 13:41:49.950625.
2025-03-08 20:19:00,228 - root - INFO - Scheduled Token-125 to start at 2025-03-11 13:47:18.536873.
2025-03-08 20:19:00,228 - root - INFO - Scheduled Token-126 to start at 2025-03-11 13:52:04.417051.
2025-03-08 20:19:00,228 - root - INFO - Scheduled Token-127 to start at 2025-03-11 13:57:30.562781.
2025-03-08 20:19:00,228 - root - INFO - Scheduled Token-128 to start at 2025-03-12 08:00:00.
2025-03-08 20:19:00,228 - root - INFO - Scheduled Token-129 to start at 2025-03-12 08:05:58.760051.
2025-03-08 20:19:00,228 - root - INFO - Scheduled Token-130 to start at 2025-03-12 08:11:04.023193.
2025-03-08 20:19:00,228 - root - INFO - Scheduled Token-131 to start at 2025-03-12 08:17:19.074611.
2025-03-08 20:19:00,228 - root - INFO - Scheduled Token-132 to start at 2025-03-12 08:23:44.951994.
2025-03-08 20:19:00,228 - root - INFO - Scheduled Token-133 to start at 2025-03-12 08:28:27.733832.
2025-03-08 20:19:00,228 - root - INFO - Scheduled Token-134 to start at 2025-03-12 08:34:43.121570.
2025-03-08 20:19:00,228 - root - INFO - Scheduled Token-135 to start at 2025-03-12 08:40:55.163777.
2025-03-08 20:19:00,228 - root - INFO - Scheduled Token-136 to start at 2025-03-12 08:46:05.203998.
2025-03-08 20:19:00,228 - root - INFO - Scheduled Token-137 to start at 2025-03-12 08:52:22.547014.
2025-03-08 20:19:00,228 - root - INFO - Scheduled Token-138 to start at 2025-03-12 08:58:09.339183.
2025-03-08 20:19:00,228 - root - INFO - Scheduled Token-139 to start at 2025-03-12 09:04:27.859684.
2025-03-08 20:19:00,228 - root - INFO - Scheduled Token-140 to start at 2025-03-12 09:09:16.424524.
2025-03-08 20:19:00,228 - root - INFO - Scheduled Token-141 to start at 2025-03-12 09:14:30.490164.
2025-03-08 20:19:00,228 - root - INFO - Scheduled Token-142 to start at 2025-03-12 09:19:38.250766.
2025-03-08 20:19:00,228 - root - INFO - Scheduled Token-143 to start at 2025-03-12 09:25:49.672500.
2025-03-08 20:19:00,228 - root - INFO - Scheduled Token-144 to start at 2025-03-12 09:30:24.483412.
2025-03-08 20:19:00,228 - root - INFO - Scheduled Token-145 to start at 2025-03-12 09:35:17.405855.
2025-03-08 20:19:00,228 - root - INFO - Scheduled Token-146 to start at 2025-03-12 09:39:25.244157.
2025-03-08 20:19:00,228 - root - INFO - Scheduled Token-147 to start at 2025-03-12 09:43:55.736678.
2025-03-08 20:19:00,228 - root - INFO - Scheduled Token-148 to start at 2025-03-12 09:49:48.941834.
2025-03-08 20:19:00,228 - root - INFO - Scheduled Token-149 to start at 2025-03-12 09:56:13.285645.
2025-03-08 20:19:00,228 - root - INFO - Scheduled Token-150 to start at 2025-03-12 10:02:22.046826.
2025-03-08 20:19:00,228 - root - INFO - Scheduled Token-151 to start at 2025-03-12 10:07:22.616365.
2025-03-08 20:19:00,228 - root - INFO - Scheduled Token-152 to start at 2025-03-12 10:13:42.652850.
2025-03-08 20:19:00,228 - root - INFO - Scheduled Token-153 to start at 2025-03-12 10:18:32.484564.
2025-03-08 20:19:00,228 - root - INFO - Scheduled Token-154 to start at 2025-03-12 10:23:23.822421.
2025-03-08 20:19:00,228 - root - INFO - Scheduled Token-155 to start at 2025-03-12 10:29:20.958795.
2025-03-08 20:19:00,228 - root - INFO - Scheduled Token-156 to start at 2025-03-12 10:35:29.333367.
2025-03-08 20:19:00,228 - root - INFO - Scheduled Token-157 to start at 2025-03-12 10:40:56.092248.
2025-03-08 20:19:00,228 - root - INFO - Scheduled Token-158 to start at 2025-03-12 10:47:21.800490.
2025-03-08 20:19:00,228 - root - INFO - Scheduled Token-159 to start at 2025-03-12 10:52:21.161418.
2025-03-08 20:19:00,228 - root - INFO - Scheduled Token-160 to start at 2025-03-12 10:58:06.930739.
2025-03-08 20:19:00,228 - root - INFO - Scheduled Token-161 to start at 2025-03-12 11:04:28.113216.
2025-03-08 20:19:00,228 - root - INFO - Scheduled Token-162 to start at 2025-03-12 11:09:57.480926.
2025-03-08 20:19:00,228 - root - INFO - Scheduled Token-163 to start at 2025-03-12 11:16:19.394074.
2025-03-08 20:19:00,228 - root - INFO - Scheduled Token-164 to start at 2025-03-12 11:22:25.997236.
2025-03-08 20:19:00,228 - root - INFO - Scheduled Token-165 to start at 2025-03-12 11:28:06.090166.
2025-03-08 20:19:00,228 - root - INFO - Scheduled Token-166 to start at 2025-03-12 11:34:17.488400.
2025-03-08 20:19:00,228 - root - INFO - Scheduled Token-167 to start at 2025-03-12 11:40:27.549483.
2025-03-08 20:19:00,228 - root - INFO - Scheduled Token-168 to start at 2025-03-12 11:46:42.035140.
2025-03-08 20:19:00,244 - root - INFO - Scheduled Token-169 to start at 2025-03-12 11:52:36.138579.
2025-03-08 20:19:00,244 - root - INFO - Scheduled Token-170 to start at 2025-03-12 11:59:02.243504.
2025-03-08 20:19:00,244 - root - INFO - Scheduled Token-171 to start at 2025-03-12 12:05:12.339085.
2025-03-08 20:19:00,244 - root - INFO - Scheduled Token-172 to start at 2025-03-12 12:10:28.500234.
2025-03-08 20:19:00,244 - root - INFO - Scheduled Token-173 to start at 2025-03-12 12:16:05.833298.
2025-03-08 20:19:00,254 - root - INFO - Scheduled Token-174 to start at 2025-03-12 12:22:30.999639.
2025-03-08 20:19:00,254 - root - INFO - Scheduled Token-175 to start at 2025-03-12 12:28:50.991403.
2025-03-08 20:19:00,254 - root - INFO - Scheduled Token-176 to start at 2025-03-12 12:35:17.319089.
2025-03-08 20:19:00,254 - root - INFO - Scheduled Token-177 to start at 2025-03-12 12:41:26.038483.
2025-03-08 20:19:00,254 - root - INFO - Scheduled Token-178 to start at 2025-03-12 12:46:42.440397.
2025-03-08 20:19:00,254 - root - INFO - Scheduled Token-179 to start at 2025-03-12 12:52:55.548400.
2025-03-08 20:19:00,254 - root - INFO - Scheduled Token-180 to start at 2025-03-12 12:59:04.447331.
2025-03-08 20:19:00,254 - root - INFO - Scheduled Token-181 to start at 2025-03-12 13:04:41.912138.
2025-03-08 20:19:00,254 - root - INFO - Scheduled Token-182 to start at 2025-03-12 13:10:43.784225.
2025-03-08 20:19:00,254 - root - INFO - Scheduled Token-183 to start at 2025-03-12 13:16:01.046589.
2025-03-08 20:19:00,254 - root - INFO - Scheduled Token-184 to start at 2025-03-12 13:21:40.854656.
2025-03-08 20:19:00,254 - root - INFO - Scheduled Token-185 to start at 2025-03-12 13:26:50.240077.
2025-03-08 20:19:00,254 - root - INFO - Scheduled Token-186 to start at 2025-03-12 13:32:25.913064.
2025-03-08 20:19:00,254 - root - INFO - Scheduled Token-187 to start at 2025-03-12 13:37:56.808537.
2025-03-08 20:19:00,254 - root - INFO - Scheduled Token-188 to start at 2025-03-12 13:44:15.656059.
2025-03-08 20:19:00,254 - root - INFO - Scheduled Token-189 to start at 2025-03-12 13:49:48.098533.
2025-03-08 20:19:00,254 - root - INFO - Scheduled Token-190 to start at 2025-03-12 13:55:40.022874.
2025-03-08 20:19:00,254 - root - INFO - Scheduled Token-191 to start at 2025-03-13 08:00:00.
2025-03-08 20:19:00,254 - root - INFO - Scheduled Token-192 to start at 2025-03-13 08:05:30.485628.
2025-03-08 20:19:00,254 - root - INFO - Scheduled Token-193 to start at 2025-03-13 08:11:15.909057.
2025-03-08 20:19:00,254 - root - INFO - Scheduled Token-194 to start at 2025-03-13 08:17:25.940396.
2025-03-08 20:19:00,254 - root - INFO - Scheduled Token-195 to start at 2025-03-13 08:21:57.599740.
2025-03-08 20:19:00,254 - root - INFO - Scheduled Token-196 to start at 2025-03-13 08:27:38.680378.
2025-03-08 20:19:00,254 - root - INFO - Scheduled Token-197 to start at 2025-03-13 08:33:44.178801.
2025-03-08 20:19:00,254 - root - INFO - Scheduled Token-198 to start at 2025-03-13 08:40:09.994871.
2025-03-08 20:19:00,254 - root - INFO - Scheduled Token-199 to start at 2025-03-13 08:46:30.367155.
2025-03-08 20:19:00,254 - root - INFO - Scheduled Token-200 to start at 2025-03-13 08:51:45.545006.
2025-03-08 20:19:00,254 - root - INFO - Scheduled Token-201 to start at 2025-03-13 08:57:58.481655.
2025-03-08 20:19:00,254 - root - INFO - Scheduled Token-202 to start at 2025-03-13 09:03:43.039018.
2025-03-08 20:19:00,254 - root - INFO - Scheduled Token-203 to start at 2025-03-13 09:09:18.268335.
2025-03-08 20:19:00,254 - root - INFO - Scheduled Token-204 to start at 2025-03-13 09:14:07.885466.
2025-03-08 20:19:00,254 - root - INFO - Scheduled Token-205 to start at 2025-03-13 09:19:47.107293.
2025-03-08 20:19:00,254 - root - INFO - Scheduled Token-206 to start at 2025-03-13 09:25:33.982948.
2025-03-08 20:19:00,254 - root - INFO - Scheduled Token-207 to start at 2025-03-13 09:30:09.726574.
2025-03-08 20:19:00,254 - root - INFO - Scheduled Token-208 to start at 2025-03-13 09:36:12.083670.
2025-03-08 20:19:00,254 - root - INFO - Scheduled Token-209 to start at 2025-03-13 09:41:36.722211.
2025-03-08 20:19:00,254 - root - INFO - Scheduled Token-210 to start at 2025-03-13 09:47:43.723748.
2025-03-08 20:19:00,254 - root - INFO - Scheduled Token-211 to start at 2025-03-13 09:53:20.014557.
2025-03-08 20:19:00,254 - root - INFO - Scheduled Token-212 to start at 2025-03-13 09:58:56.970949.
2025-03-08 20:19:00,254 - root - INFO - Scheduled Token-213 to start at 2025-03-13 10:04:40.382276.
2025-03-08 20:19:00,254 - root - INFO - Scheduled Token-214 to start at 2025-03-13 10:09:21.166570.
2025-03-08 20:19:00,254 - root - INFO - Scheduled Token-215 to start at 2025-03-13 10:14:28.975780.
2025-03-08 20:19:00,254 - root - INFO - Scheduled Token-216 to start at 2025-03-13 10:20:42.729794.
2025-03-08 20:19:00,254 - root - INFO - Scheduled Token-217 to start at 2025-03-13 10:27:09.504447.
2025-03-08 20:19:00,254 - root - INFO - Scheduled Token-218 to start at 2025-03-13 10:31:51.110212.
2025-03-08 20:19:00,254 - root - INFO - Scheduled Token-219 to start at 2025-03-13 10:37:59.953871.
2025-03-08 20:19:00,254 - root - INFO - Scheduled Token-220 to start at 2025-03-13 10:43:28.962928.
2025-03-08 20:19:00,254 - root - INFO - Scheduled Token-221 to start at 2025-03-13 10:49:12.795861.
2025-03-08 20:19:00,254 - root - INFO - Scheduled Token-222 to start at 2025-03-13 10:54:42.378441.
2025-03-08 20:19:00,254 - root - INFO - Scheduled Token-223 to start at 2025-03-13 10:59:05.393527.
2025-03-08 20:19:00,254 - root - INFO - Scheduled Token-224 to start at 2025-03-13 11:05:18.812953.
2025-03-08 20:19:00,254 - root - INFO - Scheduled Token-225 to start at 2025-03-13 11:11:33.099189.
2025-03-08 20:19:00,254 - root - INFO - Scheduled Token-226 to start at 2025-03-13 11:17:00.998964.
2025-03-08 20:19:00,254 - root - INFO - Scheduled Token-227 to start at 2025-03-13 11:22:26.287639.
2025-03-08 20:19:00,254 - root - INFO - Scheduled Token-228 to start at 2025-03-13 11:28:33.893046.
2025-03-08 20:19:00,254 - root - INFO - Scheduled Token-229 to start at 2025-03-13 11:34:02.953427.
2025-03-08 20:19:00,254 - root - INFO - Scheduled Token-230 to start at 2025-03-13 11:39:31.636184.
2025-03-08 20:19:00,254 - root - INFO - Scheduled Token-231 to start at 2025-03-13 11:44:03.198050.
2025-03-08 20:19:00,254 - root - INFO - Scheduled Token-232 to start at 2025-03-13 11:49:53.524390.
2025-03-08 20:19:00,254 - root - INFO - Scheduled Token-233 to start at 2025-03-13 11:56:17.976206.
2025-03-08 20:19:00,254 - root - INFO - Scheduled Token-234 to start at 2025-03-13 12:02:40.300281.
2025-03-08 20:19:00,254 - root - INFO - Scheduled Token-235 to start at 2025-03-13 12:08:40.132580.
2025-03-08 20:19:00,254 - root - INFO - Scheduled Token-236 to start at 2025-03-13 12:14:20.701969.
2025-03-08 20:19:00,254 - root - INFO - Scheduled Token-237 to start at 2025-03-13 12:20:44.926192.
2025-03-08 20:19:00,254 - root - INFO - Scheduled Token-238 to start at 2025-03-13 12:26:56.847203.
2025-03-08 20:19:00,254 - root - INFO - Scheduled Token-239 to start at 2025-03-13 12:32:48.285123.
2025-03-08 20:19:00,254 - root - INFO - Scheduled Token-240 to start at 2025-03-13 12:37:40.610468.
2025-03-08 20:19:00,254 - root - INFO - Scheduled Token-241 to start at 2025-03-13 12:44:00.686892.
2025-03-08 20:19:00,254 - root - INFO - Scheduled Token-242 to start at 2025-03-13 12:50:22.855203.
2025-03-08 20:19:00,254 - root - INFO - Scheduled Token-243 to start at 2025-03-13 12:56:30.553052.
2025-03-08 20:19:00,254 - root - INFO - Scheduled Token-244 to start at 2025-03-13 13:02:25.341874.
2025-03-08 20:19:00,254 - root - INFO - Scheduled Token-245 to start at 2025-03-13 13:07:26.676737.
2025-03-08 20:19:00,254 - root - INFO - Scheduled Token-246 to start at 2025-03-13 13:13:22.106649.
2025-03-08 20:19:00,254 - root - INFO - Scheduled Token-247 to start at 2025-03-13 13:18:23.120114.
2025-03-08 20:19:00,254 - root - INFO - Scheduled Token-248 to start at 2025-03-13 13:24:15.381383.
2025-03-08 20:19:00,254 - root - INFO - Scheduled Token-249 to start at 2025-03-13 13:30:06.973213.
2025-03-08 20:19:00,254 - root - INFO - Scheduled Token-250 to start at 2025-03-13 13:36:24.009221.
2025-03-08 20:19:00,254 - root - INFO - Scheduled Token-251 to start at 2025-03-13 13:41:26.470627.
2025-03-08 20:19:00,254 - root - INFO - Scheduled Token-252 to start at 2025-03-13 13:46:52.508522.
2025-03-08 20:19:00,254 - root - INFO - Scheduled Token-253 to start at 2025-03-13 13:53:03.011959.
2025-03-08 20:19:00,270 - root - INFO - Scheduled Token-254 to start at 2025-03-13 13:57:31.974299.
2025-03-08 20:19:00,270 - root - INFO - Scheduled Token-255 to start at 2025-03-14 08:00:00.
2025-03-08 20:19:00,271 - root - INFO - Scheduled Token-256 to start at 2025-03-14 08:05:03.232308.
2025-03-08 20:19:00,271 - root - INFO - Scheduled Token-257 to start at 2025-03-14 08:09:39.756353.
2025-03-08 20:19:00,271 - root - INFO - Scheduled Token-258 to start at 2025-03-14 08:15:42.787509.
2025-03-08 20:19:00,271 - root - INFO - Scheduled Token-259 to start at 2025-03-14 08:19:57.816868.
2025-03-08 20:19:00,272 - root - INFO - Scheduled Token-260 to start at 2025-03-14 08:25:13.909566.
2025-03-08 20:19:00,272 - root - INFO - Scheduled Token-261 to start at 2025-03-14 08:30:17.902708.
2025-03-08 20:19:00,272 - root - INFO - Scheduled Token-262 to start at 2025-03-14 08:36:37.978623.
2025-03-08 20:19:00,273 - root - INFO - Scheduled Token-263 to start at 2025-03-14 08:40:53.484566.
2025-03-08 20:19:00,273 - root - INFO - Scheduled Token-264 to start at 2025-03-14 08:46:47.197031.
2025-03-08 20:19:00,273 - root - INFO - Scheduled Token-265 to start at 2025-03-14 08:53:00.396068.
2025-03-08 20:19:00,274 - root - INFO - Scheduled Token-266 to start at 2025-03-14 08:59:09.581834.
2025-03-08 20:19:00,274 - root - INFO - Scheduled Token-267 to start at 2025-03-14 09:03:31.583928.
2025-03-08 20:19:00,279 - root - INFO - Scheduled Token-268 to start at 2025-03-14 09:09:33.870435.
2025-03-08 20:19:00,280 - root - INFO - Scheduled Token-269 to start at 2025-03-14 09:16:00.606263.
2025-03-08 20:19:00,280 - root - INFO - Scheduled Token-270 to start at 2025-03-14 09:20:38.950301.
2025-03-08 20:19:00,281 - root - INFO - Scheduled Token-271 to start at 2025-03-14 09:25:59.869078.
2025-03-08 20:19:00,281 - root - INFO - Scheduled Token-272 to start at 2025-03-14 09:30:15.165198.
2025-03-08 20:19:00,281 - root - INFO - Scheduled Token-273 to start at 2025-03-14 09:36:23.372803.
2025-03-08 20:19:00,282 - root - INFO - Scheduled Token-274 to start at 2025-03-14 09:42:18.957025.
2025-03-08 20:19:00,283 - root - INFO - Scheduled Token-275 to start at 2025-03-14 09:48:09.211306.
2025-03-08 20:19:00,303 - root - INFO - Scheduled Token-276 to start at 2025-03-14 09:53:35.649112.
2025-03-08 20:19:00,303 - root - INFO - Scheduled Token-277 to start at 2025-03-14 09:59:35.241450.
2025-03-08 20:19:00,304 - root - INFO - Scheduled Token-278 to start at 2025-03-14 10:04:41.448885.
2025-03-08 20:19:00,305 - root - INFO - Scheduled Token-279 to start at 2025-03-14 10:10:14.072486.
2025-03-08 20:19:00,305 - root - INFO - Scheduled Token-280 to start at 2025-03-14 10:15:30.077187.
2025-03-08 20:19:00,306 - root - INFO - Scheduled Token-281 to start at 2025-03-14 10:20:07.650710.
2025-03-08 20:19:00,306 - root - INFO - Scheduled Token-282 to start at 2025-03-14 10:26:10.231245.
2025-03-08 20:19:00,306 - root - INFO - Scheduled Token-283 to start at 2025-03-14 10:32:21.889619.
2025-03-08 20:19:00,307 - root - INFO - Scheduled Token-284 to start at 2025-03-14 10:38:23.410860.
2025-03-08 20:19:00,307 - root - INFO - Scheduled Token-285 to start at 2025-03-14 10:44:17.779128.
2025-03-08 20:19:00,307 - root - INFO - Scheduled Token-286 to start at 2025-03-14 10:49:55.207523.
2025-03-08 20:19:00,309 - root - INFO - Scheduled Token-287 to start at 2025-03-14 10:54:39.888919.
2025-03-08 20:19:00,310 - root - INFO - Scheduled Token-288 to start at 2025-03-14 11:00:10.768277.
2025-03-08 20:19:00,310 - root - INFO - Scheduled Token-289 to start at 2025-03-14 11:05:23.411950.
2025-03-08 20:19:00,310 - root - INFO - Scheduled Token-290 to start at 2025-03-14 11:11:32.942149.
2025-03-08 20:19:00,310 - root - INFO - Scheduled Token-291 to start at 2025-03-14 11:16:43.274717.
2025-03-08 20:19:00,311 - root - INFO - Scheduled Token-292 to start at 2025-03-14 11:23:04.853315.
2025-03-08 20:19:00,311 - root - INFO - Scheduled Token-293 to start at 2025-03-14 11:28:17.215586.
2025-03-08 20:19:00,311 - root - INFO - Scheduled Token-294 to start at 2025-03-14 11:33:18.712108.
2025-03-08 20:19:00,312 - root - INFO - Scheduled Token-295 to start at 2025-03-14 11:39:43.344477.
2025-03-08 20:19:00,312 - root - INFO - Scheduled Token-296 to start at 2025-03-14 11:45:46.963899.
2025-03-08 20:19:00,312 - root - INFO - Scheduled Token-297 to start at 2025-03-14 11:51:42.642213.
2025-03-08 20:19:00,313 - root - INFO - Scheduled Token-298 to start at 2025-03-14 11:57:24.479161.
2025-03-08 20:19:00,313 - root - INFO - Scheduled Token-299 to start at 2025-03-14 12:03:41.884576.
2025-03-08 20:19:00,314 - root - INFO - Scheduled Token-300 to start at 2025-03-14 12:09:12.421764.
2025-03-08 20:19:00,314 - root - INFO - Scheduled Token-301 to start at 2025-03-14 12:14:52.532975.
2025-03-08 20:19:00,314 - root - INFO - Scheduled Token-302 to start at 2025-03-14 12:20:10.620956.
2025-03-08 20:19:00,314 - root - INFO - Scheduled Token-303 to start at 2025-03-14 12:26:35.855655.
2025-03-08 20:19:00,314 - root - INFO - Scheduled Token-304 to start at 2025-03-14 12:31:26.308322.
2025-03-08 20:19:00,314 - root - INFO - Scheduled Token-305 to start at 2025-03-14 12:36:09.972146.
2025-03-08 20:19:00,314 - root - INFO - Scheduled Token-306 to start at 2025-03-14 12:42:24.592636.
2025-03-08 20:19:00,314 - root - INFO - Scheduled Token-307 to start at 2025-03-14 12:48:43.428312.
2025-03-08 20:19:00,316 - root - INFO - Scheduled Token-308 to start at 2025-03-14 12:53:40.851129.
2025-03-08 20:19:00,316 - root - INFO - Scheduled Token-309 to start at 2025-03-14 12:59:41.608376.
2025-03-08 20:19:00,316 - root - INFO - Scheduled Token-310 to start at 2025-03-14 13:04:41.182070.
2025-03-08 20:19:00,316 - root - INFO - Scheduled Token-311 to start at 2025-03-14 13:09:55.590155.
2025-03-08 20:19:00,316 - root - INFO - Scheduled Token-312 to start at 2025-03-14 13:16:13.378076.
2025-03-08 20:19:00,317 - root - INFO - Scheduled Token-313 to start at 2025-03-14 13:21:19.879730.
2025-03-08 20:19:00,317 - root - INFO - Scheduled Token-314 to start at 2025-03-14 13:27:40.438216.
2025-03-08 20:19:00,317 - root - INFO - Scheduled Token-315 to start at 2025-03-14 13:33:32.355552.
2025-03-08 20:19:00,317 - root - INFO - Scheduled Token-316 to start at 2025-03-14 13:39:02.539643.
2025-03-08 20:19:00,317 - root - INFO - Scheduled Token-317 to start at 2025-03-14 13:45:13.091421.
2025-03-08 20:19:00,318 - root - INFO - Scheduled Token-318 to start at 2025-03-14 13:51:11.683326.
2025-03-08 20:19:00,318 - root - INFO - Scheduled Token-319 to start at 2025-03-14 13:57:14.026923.
2025-03-08 20:19:00,318 - root - INFO - Scheduled Token-320 to start at 2025-03-17 08:00:00.
2025-03-08 20:19:00,318 - root - INFO - Scheduled Token-321 to start at 2025-03-17 08:05:57.089665.
2025-03-08 20:19:00,318 - root - INFO - Scheduled Token-322 to start at 2025-03-17 08:11:28.980864.
2025-03-08 20:19:00,319 - root - INFO - Scheduled Token-323 to start at 2025-03-17 08:17:53.085913.
2025-03-08 20:19:00,319 - root - INFO - Scheduled Token-324 to start at 2025-03-17 08:23:17.412353.
2025-03-08 20:19:00,319 - root - INFO - Scheduled Token-325 to start at 2025-03-17 08:29:24.859977.
2025-03-08 20:19:00,319 - root - INFO - Scheduled Token-326 to start at 2025-03-17 08:35:18.683011.
2025-03-08 20:19:00,319 - root - INFO - Scheduled Token-327 to start at 2025-03-17 08:40:27.323031.
2025-03-08 20:19:00,320 - root - INFO - Scheduled Token-328 to start at 2025-03-17 08:45:09.253385.
2025-03-08 20:19:00,320 - root - INFO - Scheduled Token-329 to start at 2025-03-17 08:51:04.229094.
2025-03-08 20:19:00,320 - root - INFO - Scheduled Token-330 to start at 2025-03-17 08:57:13.646062.
2025-03-08 20:19:00,320 - root - INFO - Scheduled Token-331 to start at 2025-03-17 09:02:35.964110.
2025-03-08 20:19:00,321 - root - INFO - Scheduled Token-332 to start at 2025-03-17 09:08:10.960583.
2025-03-08 20:19:00,321 - root - INFO - Scheduled Token-333 to start at 2025-03-17 09:13:41.533188.
2025-03-08 20:19:00,321 - root - INFO - Scheduled Token-334 to start at 2025-03-17 09:20:02.661346.
2025-03-08 20:19:00,321 - root - INFO - Scheduled Token-335 to start at 2025-03-17 09:24:56.728105.
2025-03-08 20:19:00,322 - root - INFO - Scheduled Token-336 to start at 2025-03-17 09:30:58.842888.
2025-03-08 20:19:00,322 - root - INFO - Scheduled Token-337 to start at 2025-03-17 09:36:40.275003.
2025-03-08 20:19:00,322 - root - INFO - Scheduled Token-338 to start at 2025-03-17 09:43:06.037225.
2025-03-08 20:19:00,322 - root - INFO - Scheduled Token-339 to start at 2025-03-17 09:47:55.909929.
2025-03-08 20:19:00,323 - root - INFO - Scheduled Token-340 to start at 2025-03-17 09:53:28.572140.
2025-03-08 20:19:00,323 - root - INFO - Scheduled Token-341 to start at 2025-03-17 09:58:22.566746.
2025-03-08 20:19:00,323 - root - INFO - Scheduled Token-342 to start at 2025-03-17 10:04:31.347460.
2025-03-08 20:19:00,323 - root - INFO - Scheduled Token-343 to start at 2025-03-17 10:09:13.433519.
2025-03-08 20:19:00,323 - root - INFO - Scheduled Token-344 to start at 2025-03-17 10:14:42.512674.
2025-03-08 20:19:00,324 - root - INFO - Scheduled Token-345 to start at 2025-03-17 10:20:38.692164.
2025-03-08 20:19:00,324 - root - INFO - Scheduled Token-346 to start at 2025-03-17 10:26:22.293682.
2025-03-08 20:19:00,324 - root - INFO - Scheduled Token-347 to start at 2025-03-17 10:32:08.700397.
2025-03-08 20:19:00,324 - root - INFO - Scheduled Token-348 to start at 2025-03-17 10:38:00.822501.
2025-03-08 20:19:00,324 - root - INFO - Scheduled Token-349 to start at 2025-03-17 10:44:11.354865.
2025-03-08 20:19:00,325 - root - INFO - Scheduled Token-350 to start at 2025-03-17 10:50:15.013988.
2025-03-08 20:19:00,325 - root - INFO - Scheduled Token-351 to start at 2025-03-17 10:54:59.669417.
2025-03-08 20:19:00,325 - root - INFO - Scheduled Token-352 to start at 2025-03-17 10:59:57.886187.
2025-03-08 20:19:00,325 - root - INFO - Scheduled Token-353 to start at 2025-03-17 11:06:23.257080.
2025-03-08 20:19:00,325 - root - INFO - Scheduled Token-354 to start at 2025-03-17 11:12:36.170872.
2025-03-08 20:19:00,326 - root - INFO - Scheduled Token-355 to start at 2025-03-17 11:18:44.736903.
2025-03-08 20:19:00,326 - root - INFO - Scheduled Token-356 to start at 2025-03-17 11:24:16.030046.
2025-03-08 20:19:00,326 - root - INFO - Scheduled Token-357 to start at 2025-03-17 11:30:41.766263.
2025-03-08 20:19:00,326 - root - INFO - Scheduled Token-358 to start at 2025-03-17 11:36:14.938740.
2025-03-08 20:19:00,326 - root - INFO - Scheduled Token-359 to start at 2025-03-17 11:42:16.406676.
2025-03-08 20:19:00,326 - root - INFO - Scheduled Token-360 to start at 2025-03-17 11:48:38.701022.
2025-03-08 20:19:00,327 - root - INFO - Scheduled Token-361 to start at 2025-03-17 11:54:55.558195.
2025-03-08 20:19:00,327 - root - INFO - Scheduled Token-362 to start at 2025-03-17 12:01:05.097059.
2025-03-08 20:19:00,327 - root - INFO - Scheduled Token-363 to start at 2025-03-17 12:07:09.026980.
2025-03-08 20:19:00,327 - root - INFO - Scheduled Token-364 to start at 2025-03-17 12:11:56.876953.
2025-03-08 20:19:00,327 - root - INFO - Scheduled Token-365 to start at 2025-03-17 12:17:13.941082.
2025-03-08 20:19:00,328 - root - INFO - Scheduled Token-366 to start at 2025-03-17 12:23:23.504125.
2025-03-08 20:19:00,328 - root - INFO - Scheduled Token-367 to start at 2025-03-17 12:29:21.766714.
2025-03-08 20:19:00,328 - root - INFO - Scheduled Token-368 to start at 2025-03-17 12:35:06.450383.
2025-03-08 20:19:00,329 - root - INFO - Scheduled Token-369 to start at 2025-03-17 12:40:38.526310.
2025-03-08 20:19:00,329 - root - INFO - Scheduled Token-370 to start at 2025-03-17 12:46:12.230951.
2025-03-08 20:19:00,329 - root - INFO - Scheduled Token-371 to start at 2025-03-17 12:50:19.114943.
2025-03-08 20:19:00,330 - root - INFO - Scheduled Token-372 to start at 2025-03-17 12:56:44.276648.
2025-03-08 20:19:00,330 - root - INFO - Scheduled Token-373 to start at 2025-03-17 13:01:40.424953.
2025-03-08 20:19:00,332 - root - INFO - Scheduled Token-374 to start at 2025-03-17 13:07:04.771402.
2025-03-08 20:19:00,333 - root - INFO - Scheduled Token-375 to start at 2025-03-17 13:13:24.214870.
2025-03-08 20:19:00,333 - root - INFO - Scheduled Token-376 to start at 2025-03-17 13:19:24.713219.
2025-03-08 20:19:00,334 - root - INFO - Scheduled Token-377 to start at 2025-03-17 13:25:18.077684.
2025-03-08 20:19:00,334 - root - INFO - Scheduled Token-378 to start at 2025-03-17 13:30:24.651425.
2025-03-08 20:19:00,334 - root - INFO - Scheduled Token-379 to start at 2025-03-17 13:36:22.659119.
2025-03-08 20:19:00,335 - root - INFO - Scheduled Token-380 to start at 2025-03-17 13:42:48.217611.
2025-03-08 20:19:00,335 - root - INFO - Scheduled Token-381 to start at 2025-03-17 13:47:17.456759.
2025-03-08 20:19:00,335 - root - INFO - Scheduled Token-382 to start at 2025-03-17 13:52:53.858551.
2025-03-08 20:19:00,336 - root - INFO - Scheduled Token-383 to start at 2025-03-17 13:58:51.382448.
2025-03-08 20:19:00,336 - root - INFO - Scheduled Token-384 to start at 2025-03-18 08:00:00.
2025-03-08 20:19:00,336 - root - INFO - Scheduled Token-385 to start at 2025-03-18 08:06:00.764054.
2025-03-08 20:19:00,337 - root - INFO - Scheduled Token-386 to start at 2025-03-18 08:10:19.867235.
2025-03-08 20:19:00,337 - root - INFO - Scheduled Token-387 to start at 2025-03-18 08:16:19.525320.
2025-03-08 20:19:00,337 - root - INFO - Scheduled Token-388 to start at 2025-03-18 08:22:42.899909.
2025-03-08 20:19:00,338 - root - INFO - Scheduled Token-389 to start at 2025-03-18 08:28:00.411379.
2025-03-08 20:19:00,338 - root - INFO - Scheduled Token-390 to start at 2025-03-18 08:33:57.674595.
2025-03-08 20:19:00,339 - root - INFO - Scheduled Token-391 to start at 2025-03-18 08:40:18.424135.
2025-03-08 20:19:00,339 - root - INFO - Scheduled Token-392 to start at 2025-03-18 08:45:59.322892.
2025-03-08 20:19:00,339 - root - INFO - Scheduled Token-393 to start at 2025-03-18 08:52:04.212005.
2025-03-08 20:19:00,340 - root - INFO - Scheduled Token-394 to start at 2025-03-18 08:58:30.465584.
2025-03-08 20:19:00,340 - root - INFO - Scheduled Token-395 to start at 2025-03-18 09:04:20.541023.
2025-03-08 20:19:00,341 - root - INFO - Scheduled Token-396 to start at 2025-03-18 09:10:26.828746.
2025-03-08 20:19:00,343 - root - INFO - Scheduled Token-397 to start at 2025-03-18 09:16:15.160768.
2025-03-08 20:19:00,344 - root - INFO - Scheduled Token-398 to start at 2025-03-18 09:22:16.370433.
2025-03-08 20:19:00,364 - root - INFO - Scheduled Token-399 to start at 2025-03-18 09:26:31.632996.
2025-03-08 20:19:00,365 - root - INFO - Scheduled Token-400 to start at 2025-03-18 09:31:53.335491.
2025-03-08 20:19:00,365 - root - INFO - Scheduled Token-401 to start at 2025-03-18 09:36:45.642234.
2025-03-08 20:19:00,366 - root - INFO - Scheduled Token-402 to start at 2025-03-18 09:42:25.025163.
2025-03-08 20:19:00,367 - root - INFO - Scheduled Token-403 to start at 2025-03-18 09:48:13.380279.
2025-03-08 20:19:00,367 - root - INFO - Scheduled Token-404 to start at 2025-03-18 09:53:04.853046.
2025-03-08 20:19:00,367 - root - INFO - Scheduled Token-405 to start at 2025-03-18 09:58:44.189067.
2025-03-08 20:19:00,368 - root - INFO - Scheduled Token-406 to start at 2025-03-18 10:04:52.765482.
2025-03-08 20:19:00,368 - root - INFO - Scheduled Token-407 to start at 2025-03-18 10:11:05.268583.
2025-03-08 20:19:00,368 - root - INFO - Scheduled Token-408 to start at 2025-03-18 10:17:25.514455.
2025-03-08 20:19:00,368 - root - INFO - Scheduled Token-409 to start at 2025-03-18 10:22:08.396821.
2025-03-08 20:19:00,369 - root - INFO - Scheduled Token-410 to start at 2025-03-18 10:28:33.174849.
2025-03-08 20:19:00,369 - root - INFO - Scheduled Token-411 to start at 2025-03-18 10:33:33.254651.
2025-03-08 20:19:00,369 - root - INFO - Scheduled Token-412 to start at 2025-03-18 10:38:27.022345.
2025-03-08 20:19:00,369 - root - INFO - Scheduled Token-413 to start at 2025-03-18 10:43:41.410312.
2025-03-08 20:19:00,369 - root - INFO - Scheduled Token-414 to start at 2025-03-18 10:50:01.703405.
2025-03-08 20:19:00,369 - root - INFO - Scheduled Token-415 to start at 2025-03-18 10:56:11.510791.
2025-03-08 20:19:00,369 - root - INFO - Scheduled Token-416 to start at 2025-03-18 11:02:26.567376.
2025-03-08 20:19:00,369 - root - INFO - Scheduled Token-417 to start at 2025-03-18 11:08:12.217010.
2025-03-08 20:19:00,369 - root - INFO - Scheduled Token-418 to start at 2025-03-18 11:14:27.965482.
2025-03-08 20:19:00,369 - root - INFO - Scheduled Token-419 to start at 2025-03-18 11:20:51.644302.
2025-03-08 20:19:00,369 - root - INFO - Scheduled Token-420 to start at 2025-03-18 11:26:27.449272.
2025-03-08 20:19:00,369 - root - INFO - Scheduled Token-421 to start at 2025-03-18 11:32:46.929119.
2025-03-08 20:19:00,369 - root - INFO - Scheduled Token-422 to start at 2025-03-18 11:37:42.237454.
2025-03-08 20:19:00,369 - root - INFO - Scheduled Token-423 to start at 2025-03-18 11:43:10.409877.
2025-03-08 20:19:00,369 - root - INFO - Scheduled Token-424 to start at 2025-03-18 11:48:00.107247.
2025-03-08 20:19:00,369 - root - INFO - Scheduled Token-425 to start at 2025-03-18 11:52:24.537053.
2025-03-08 20:19:00,369 - root - INFO - Scheduled Token-426 to start at 2025-03-18 11:57:11.357002.
2025-03-08 20:19:00,369 - root - INFO - Scheduled Token-427 to start at 2025-03-18 12:03:18.771374.
2025-03-08 20:19:00,369 - root - INFO - Scheduled Token-428 to start at 2025-03-18 12:09:00.267589.
2025-03-08 20:19:00,369 - root - INFO - Scheduled Token-429 to start at 2025-03-18 12:13:25.911035.
2025-03-08 20:19:00,369 - root - INFO - Scheduled Token-430 to start at 2025-03-18 12:19:52.014582.
2025-03-08 20:19:00,369 - root - INFO - Scheduled Token-431 to start at 2025-03-18 12:24:55.876942.
2025-03-08 20:19:00,369 - root - INFO - Scheduled Token-432 to start at 2025-03-18 12:30:28.470726.
2025-03-08 20:19:00,369 - root - INFO - Scheduled Token-433 to start at 2025-03-18 12:36:49.134300.
2025-03-08 20:19:00,369 - root - INFO - Scheduled Token-434 to start at 2025-03-18 12:43:05.305757.
2025-03-08 20:19:00,369 - root - INFO - Scheduled Token-435 to start at 2025-03-18 12:48:33.352641.
2025-03-08 20:19:00,369 - root - INFO - Scheduled Token-436 to start at 2025-03-18 12:54:12.784014.
2025-03-08 20:19:00,374 - root - INFO - Scheduled Token-437 to start at 2025-03-18 13:00:26.765739.
2025-03-08 20:19:00,375 - root - INFO - Scheduled Token-438 to start at 2025-03-18 13:06:46.682081.
2025-03-08 20:19:00,375 - root - INFO - Scheduled Token-439 to start at 2025-03-18 13:12:44.697078.
2025-03-08 20:19:00,375 - root - INFO - Scheduled Token-440 to start at 2025-03-18 13:18:18.182340.
2025-03-08 20:19:00,376 - root - INFO - Scheduled Token-441 to start at 2025-03-18 13:23:48.099944.
2025-03-08 20:19:00,376 - root - INFO - Scheduled Token-442 to start at 2025-03-18 13:29:59.789464.
2025-03-08 20:19:00,376 - root - INFO - Scheduled Token-443 to start at 2025-03-18 13:35:52.972773.
2025-03-08 20:19:00,376 - root - INFO - Scheduled Token-444 to start at 2025-03-18 13:41:25.875428.
2025-03-08 20:19:00,376 - root - INFO - Scheduled Token-445 to start at 2025-03-18 13:47:47.094929.
2025-03-08 20:19:00,377 - root - INFO - Scheduled Token-446 to start at 2025-03-18 13:54:13.668318.
2025-03-08 20:19:00,377 - root - INFO - Scheduled Token-447 to start at 2025-03-19 08:00:00.
2025-03-08 20:19:00,377 - root - INFO - Scheduled Token-448 to start at 2025-03-19 08:06:13.367654.
2025-03-08 20:19:00,377 - root - INFO - Scheduled Token-449 to start at 2025-03-19 08:12:12.809838.
2025-03-08 20:19:00,378 - root - INFO - Scheduled Token-450 to start at 2025-03-19 08:18:38.342916.
2025-03-08 20:19:00,378 - root - INFO - Scheduled Token-451 to start at 2025-03-19 08:24:17.766873.
2025-03-08 20:19:00,378 - root - INFO - Scheduled Token-452 to start at 2025-03-19 08:30:18.681964.
2025-03-08 20:19:00,378 - root - INFO - Scheduled Token-453 to start at 2025-03-19 08:36:26.067372.
2025-03-08 20:19:00,379 - root - INFO - Scheduled Token-454 to start at 2025-03-19 08:41:33.065392.
2025-03-08 20:19:00,379 - root - INFO - Scheduled Token-455 to start at 2025-03-19 08:47:21.655898.
2025-03-08 20:19:00,379 - root - INFO - Scheduled Token-456 to start at 2025-03-19 08:52:24.455345.
2025-03-08 20:19:00,379 - root - INFO - Scheduled Token-457 to start at 2025-03-19 08:57:57.457594.
2025-03-08 20:19:00,379 - root - INFO - Scheduled Token-458 to start at 2025-03-19 09:02:56.725481.
2025-03-08 20:19:00,380 - root - INFO - Scheduled Token-459 to start at 2025-03-19 09:08:16.203206.
2025-03-08 20:19:00,380 - root - INFO - Scheduled Token-460 to start at 2025-03-19 09:14:21.458466.
2025-03-08 20:19:00,380 - root - INFO - Scheduled Token-461 to start at 2025-03-19 09:19:54.785086.
2025-03-08 20:19:00,380 - root - INFO - Scheduled Token-462 to start at 2025-03-19 09:25:44.290959.
2025-03-08 20:19:00,381 - root - INFO - Scheduled Token-463 to start at 2025-03-19 09:31:56.086820.
2025-03-08 20:19:00,381 - root - INFO - Scheduled Token-464 to start at 2025-03-19 09:37:53.228254.
2025-03-08 20:19:00,381 - root - INFO - Scheduled Token-465 to start at 2025-03-19 09:43:24.038529.
2025-03-08 20:19:00,381 - root - INFO - Scheduled Token-466 to start at 2025-03-19 09:48:01.280199.
2025-03-08 20:19:00,381 - root - INFO - Scheduled Token-467 to start at 2025-03-19 09:54:07.034023.
2025-03-08 20:19:00,382 - root - INFO - Scheduled Token-468 to start at 2025-03-19 09:59:16.589356.
2025-03-08 20:19:00,383 - root - INFO - Scheduled Token-469 to start at 2025-03-19 10:05:26.925802.
2025-03-08 20:19:00,383 - root - INFO - Scheduled Token-470 to start at 2025-03-19 10:11:27.668675.
2025-03-08 20:19:00,383 - root - INFO - Scheduled Token-471 to start at 2025-03-19 10:17:37.778482.
2025-03-08 20:19:00,383 - root - INFO - Scheduled Token-472 to start at 2025-03-19 10:22:56.393437.
2025-03-08 20:19:00,383 - root - INFO - Scheduled Token-473 to start at 2025-03-19 10:29:02.515876.
2025-03-08 20:19:00,384 - root - INFO - Scheduled Token-474 to start at 2025-03-19 10:34:40.888717.
2025-03-08 20:19:00,384 - root - INFO - Scheduled Token-475 to start at 2025-03-19 10:39:36.429688.
2025-03-08 20:19:00,384 - root - INFO - Scheduled Token-476 to start at 2025-03-19 10:45:55.738287.
2025-03-08 20:19:00,384 - root - INFO - Scheduled Token-477 to start at 2025-03-19 10:52:21.905783.
2025-03-08 20:19:00,385 - root - INFO - Scheduled Token-478 to start at 2025-03-19 10:58:02.288712.
2025-03-08 20:19:00,387 - root - INFO - Scheduled Token-479 to start at 2025-03-19 11:03:13.098519.
2025-03-08 20:19:00,388 - root - INFO - Scheduled Token-480 to start at 2025-03-19 11:09:02.412378.
2025-03-08 20:19:00,389 - root - INFO - Scheduled Token-481 to start at 2025-03-19 11:14:55.778602.
2025-03-08 20:19:00,391 - root - INFO - Scheduled Token-482 to start at 2025-03-19 11:20:30.268897.
2025-03-08 20:19:00,391 - root - INFO - Scheduled Token-483 to start at 2025-03-19 11:25:20.720565.
2025-03-08 20:19:00,411 - root - INFO - Scheduled Token-484 to start at 2025-03-19 11:31:29.203874.
2025-03-08 20:19:00,412 - root - INFO - Scheduled Token-485 to start at 2025-03-19 11:36:06.527566.
2025-03-08 20:19:00,412 - root - INFO - Scheduled Token-486 to start at 2025-03-19 11:41:30.364225.
2025-03-08 20:19:00,413 - root - INFO - Scheduled Token-487 to start at 2025-03-19 11:47:18.139594.
2025-03-08 20:19:00,413 - root - INFO - Scheduled Token-488 to start at 2025-03-19 11:53:34.425236.
2025-03-08 20:19:00,413 - root - INFO - Scheduled Token-489 to start at 2025-03-19 11:59:22.136006.
2025-03-08 20:19:00,414 - root - INFO - Scheduled Token-490 to start at 2025-03-19 12:05:03.606424.
2025-03-08 20:19:00,414 - root - INFO - Scheduled Token-491 to start at 2025-03-19 12:11:29.712405.
2025-03-08 20:19:00,414 - root - INFO - Scheduled Token-492 to start at 2025-03-19 12:17:49.099873.
2025-03-08 20:19:00,415 - root - INFO - Scheduled Token-493 to start at 2025-03-19 12:23:27.239832.
2025-03-08 20:19:00,415 - root - INFO - Scheduled Token-494 to start at 2025-03-19 12:29:36.815383.
2025-03-08 20:19:00,415 - root - INFO - Scheduled Token-495 to start at 2025-03-19 12:35:33.096173.
2025-03-08 20:19:00,415 - root - INFO - Scheduled Token-496 to start at 2025-03-19 12:40:40.371427.
2025-03-08 20:19:00,417 - root - INFO - Scheduled Token-497 to start at 2025-03-19 12:46:55.645717.
2025-03-08 20:19:00,417 - root - INFO - Scheduled Token-498 to start at 2025-03-19 12:52:16.387201.
2025-03-08 20:19:00,417 - root - INFO - Scheduled Token-499 to start at 2025-03-19 12:58:28.341673.
2025-03-08 20:19:00,419 - root - INFO - Scheduled Token-500 to start at 2025-03-19 13:04:26.944320.
2025-03-08 20:19:00,420 - root - INFO - Scheduled 500 tokens. Running simulation...
2025-03-08 20:19:00,421 - root - INFO - Starting simulation...
2025-03-08 20:19:00,423 - root - INFO - Token Token-1 started task 'Monthly' at 2025-03-10 08:00:00, scheduled to end at 2025-03-10 08:00:00 (processing time: 0.00 min)
2025-03-08 20:19:00,423 - root - INFO - Token Token-1 completed task 'Monthly' at 2025-03-10 08:00:00.
2025-03-08 20:19:00,423 - root - INFO - Token Token-1 started task 'Review AM using Asset Change Tracker (5.5.13.1)' at 2025-03-10 08:00:00, scheduled to end at 2025-03-10 08:08:49.227529 (processing time: 8.82 min)
2025-03-08 20:19:00,423 - root - INFO - Token Token-2 started task 'Monthly' at 2025-03-10 08:05:28.746814, scheduled to end at 2025-03-10 08:05:28.746814 (processing time: 0.00 min)
2025-03-08 20:19:00,423 - root - INFO - Token Token-2 completed task 'Monthly' at 2025-03-10 08:05:28.746814.
2025-03-08 20:19:00,423 - root - INFO - Token Token-2 waiting for resource 'Tech' at 2025-03-10 08:05:28.746814
2025-03-08 20:19:00,425 - root - INFO - Token Token-1 completed task 'Review AM using Asset Change Tracker (5.5.13.1)' at 2025-03-10 08:08:49.227529.
2025-03-08 20:19:00,426 - root - INFO - Token Token-2 released from wait queue for 'Tech'
2025-03-08 20:19:00,426 - root - INFO - Token Token-2 waited 3.34 minutes for resource
2025-03-08 20:19:00,426 - root - INFO - Token Token-2 started task 'Review AM using Asset Change Tracker (5.5.13.1)' at 2025-03-10 08:08:49.227529, scheduled to end at 2025-03-10 08:18:11.766866 (processing time: 9.38 min)
2025-03-08 20:19:00,426 - root - INFO - Token Token-1 started task 'Complete /Accurate?' at 2025-03-10 08:08:49.227529, scheduled to end at 2025-03-10 08:08:49.227529 (processing time: 0.00 min)
2025-03-08 20:19:00,426 - root - INFO - Token Token-1 completed task 'Complete /Accurate?' at 2025-03-10 08:08:49.227529.
2025-03-08 20:19:00,427 - root - INFO - Token Token-1 waiting for resource 'Tech' at 2025-03-10 08:08:49.227529
2025-03-08 20:19:00,427 - root - INFO - Token Token-1 waiting for resource 'Tech' at 2025-03-10 08:08:49.227529
2025-03-08 20:19:00,427 - root - INFO - Token Token-3 started task 'Monthly' at 2025-03-10 08:09:55.314266, scheduled to end at 2025-03-10 08:09:55.314266 (processing time: 0.00 min)
2025-03-08 20:19:00,427 - root - INFO - Token Token-3 completed task 'Monthly' at 2025-03-10 08:09:55.314266.
2025-03-08 20:19:00,428 - root - INFO - Token Token-3 waiting for resource 'Tech' at 2025-03-10 08:09:55.314266
2025-03-08 20:19:00,428 - root - INFO - Token Token-4 started task 'Monthly' at 2025-03-10 08:15:49.110701, scheduled to end at 2025-03-10 08:15:49.110701 (processing time: 0.00 min)
2025-03-08 20:19:00,428 - root - INFO - Token Token-4 completed task 'Monthly' at 2025-03-10 08:15:49.110701.
2025-03-08 20:19:00,428 - root - INFO - Token Token-4 waiting for resource 'Tech' at 2025-03-10 08:15:49.110701
2025-03-08 20:19:00,429 - root - INFO - Token Token-2 completed task 'Review AM using Asset Change Tracker (5.5.13.1)' at 2025-03-10 08:18:11.766866.
2025-03-08 20:19:00,429 - root - INFO - Token Token-1 released from wait queue for 'Tech'
2025-03-08 20:19:00,429 - root - INFO - Token Token-1 waited 9.38 minutes for resource
2025-03-08 20:19:00,430 - root - INFO - Token Token-1 started task 'Note Accuracy in Asset Change Tracker (5.5.13.2)' at 2025-03-10 08:18:11.766866, scheduled to end at 2025-03-10 08:24:14.950769 (processing time: 6.05 min)
2025-03-08 20:19:00,430 - root - INFO - Token Token-2 started task 'Complete /Accurate?' at 2025-03-10 08:18:11.766866, scheduled to end at 2025-03-10 08:18:11.766866 (processing time: 0.00 min)
2025-03-08 20:19:00,430 - root - INFO - Token Token-2 completed task 'Complete /Accurate?' at 2025-03-10 08:18:11.766866.
2025-03-08 20:19:00,432 - root - INFO - Token Token-2 waiting for resource 'Tech' at 2025-03-10 08:18:11.766866
2025-03-08 20:19:00,434 - root - INFO - Token Token-2 waiting for resource 'Tech' at 2025-03-10 08:18:11.766866
2025-03-08 20:19:00,434 - root - INFO - Token Token-5 started task 'Monthly' at 2025-03-10 08:21:52.252895, scheduled to end at 2025-03-10 08:21:52.252895 (processing time: 0.00 min)
2025-03-08 20:19:00,435 - root - INFO - Token Token-5 completed task 'Monthly' at 2025-03-10 08:21:52.252895.
2025-03-08 20:19:00,435 - root - INFO - Token Token-5 waiting for resource 'Tech' at 2025-03-10 08:21:52.252895
2025-03-08 20:19:00,435 - root - INFO - Token Token-1 completed task 'Note Accuracy in Asset Change Tracker (5.5.13.2)' at 2025-03-10 08:24:14.950769.
2025-03-08 20:19:00,436 - root - INFO - Token Token-1 released from wait queue for 'Tech'
2025-03-08 20:19:00,436 - root - INFO - Token Token-1 started task 'Work with REO RPO to Correct (5.5.13.3)' at 2025-03-10 08:24:14.950769, scheduled to end at 2025-03-10 11:05:44.087707 (processing time: 161.49 min)
2025-03-08 20:19:00,437 - root - INFO - Token Token-1 started task 'Unknown' at 2025-03-10 08:24:14.950769, scheduled to end at 2025-03-10 08:24:14.950769 (processing time: 0.00 min)
2025-03-08 20:19:00,437 - root - INFO - Token Token-1 completed task 'Unknown' at 2025-03-10 08:24:14.950769.
2025-03-08 20:19:00,438 - root - INFO - Token Token-1 has completed the entire process at 2025-03-10 08:24:14.950769.
2025-03-08 20:19:00,438 - root - INFO - Token Token-6 started task 'Monthly' at 2025-03-10 08:27:25.761279, scheduled to end at 2025-03-10 08:27:25.761279 (processing time: 0.00 min)
2025-03-08 20:19:00,439 - root - INFO - Token Token-6 completed task 'Monthly' at 2025-03-10 08:27:25.761279.
2025-03-08 20:19:00,462 - root - INFO - Token Token-6 waiting for resource 'Tech' at 2025-03-10 08:27:25.761279
2025-03-08 20:19:00,463 - root - INFO - Token Token-7 started task 'Monthly' at 2025-03-10 08:33:04.462724, scheduled to end at 2025-03-10 08:33:04.462724 (processing time: 0.00 min)
2025-03-08 20:19:00,463 - root - INFO - Token Token-7 completed task 'Monthly' at 2025-03-10 08:33:04.462724.
2025-03-08 20:19:00,464 - root - INFO - Token Token-7 waiting for resource 'Tech' at 2025-03-10 08:33:04.462724
2025-03-08 20:19:00,464 - root - INFO - Token Token-8 started task 'Monthly' at 2025-03-10 08:39:28.524569, scheduled to end at 2025-03-10 08:39:28.524569 (processing time: 0.00 min)
2025-03-08 20:19:00,464 - root - INFO - Token Token-8 completed task 'Monthly' at 2025-03-10 08:39:28.524569.
2025-03-08 20:19:00,465 - root - INFO - Token Token-8 waiting for resource 'Tech' at 2025-03-10 08:39:28.524569
2025-03-08 20:19:00,465 - root - INFO - Token Token-9 started task 'Monthly' at 2025-03-10 08:44:11.278589, scheduled to end at 2025-03-10 08:44:11.278589 (processing time: 0.00 min)
2025-03-08 20:19:00,466 - root - INFO - Token Token-9 completed task 'Monthly' at 2025-03-10 08:44:11.278589.
2025-03-08 20:19:00,467 - root - INFO - Token Token-9 waiting for resource 'Tech' at 2025-03-10 08:44:11.278589
2025-03-08 20:19:00,468 - root - INFO - Token Token-10 started task 'Monthly' at 2025-03-10 08:50:20.008539, scheduled to end at 2025-03-10 08:50:20.008539 (processing time: 0.00 min)
2025-03-08 20:19:00,469 - root - INFO - Token Token-10 completed task 'Monthly' at 2025-03-10 08:50:20.008539.
2025-03-08 20:19:00,469 - root - INFO - Token Token-10 waiting for resource 'Tech' at 2025-03-10 08:50:20.008539
2025-03-08 20:19:00,469 - root - INFO - Token Token-11 started task 'Monthly' at 2025-03-10 08:55:47.593283, scheduled to end at 2025-03-10 08:55:47.593283 (processing time: 0.00 min)
2025-03-08 20:19:00,469 - root - INFO - Token Token-11 completed task 'Monthly' at 2025-03-10 08:55:47.593283.
2025-03-08 20:19:00,469 - root - INFO - Token Token-11 waiting for resource 'Tech' at 2025-03-10 08:55:47.593283
2025-03-08 20:19:00,471 - root - INFO - Token Token-12 started task 'Monthly' at 2025-03-10 09:01:15.452159, scheduled to end at 2025-03-10 09:01:15.452159 (processing time: 0.00 min)
2025-03-08 20:19:00,471 - root - INFO - Token Token-12 completed task 'Monthly' at 2025-03-10 09:01:15.452159.
2025-03-08 20:19:00,471 - root - INFO - Token Token-12 waiting for resource 'Tech' at 2025-03-10 09:01:15.452159
2025-03-08 20:19:00,471 - root - INFO - Token Token-13 started task 'Monthly' at 2025-03-10 09:06:43.642730, scheduled to end at 2025-03-10 09:06:43.642730 (processing time: 0.00 min)
2025-03-08 20:19:00,471 - root - INFO - Token Token-13 completed task 'Monthly' at 2025-03-10 09:06:43.642730.
2025-03-08 20:19:00,472 - root - INFO - Token Token-13 waiting for resource 'Tech' at 2025-03-10 09:06:43.642730
2025-03-08 20:19:00,472 - root - INFO - Token Token-14 started task 'Monthly' at 2025-03-10 09:13:06.283903, scheduled to end at 2025-03-10 09:13:06.283903 (processing time: 0.00 min)
2025-03-08 20:19:00,472 - root - INFO - Token Token-14 completed task 'Monthly' at 2025-03-10 09:13:06.283903.
2025-03-08 20:19:00,472 - root - INFO - Token Token-14 waiting for resource 'Tech' at 2025-03-10 09:13:06.283903
2025-03-08 20:19:00,472 - root - INFO - Token Token-15 started task 'Monthly' at 2025-03-10 09:19:09.135738, scheduled to end at 2025-03-10 09:19:09.135738 (processing time: 0.00 min)
2025-03-08 20:19:00,473 - root - INFO - Token Token-15 completed task 'Monthly' at 2025-03-10 09:19:09.135738.
2025-03-08 20:19:00,473 - root - INFO - Token Token-15 waiting for resource 'Tech' at 2025-03-10 09:19:09.135738
2025-03-08 20:19:00,473 - root - INFO - Token Token-16 started task 'Monthly' at 2025-03-10 09:25:05.442304, scheduled to end at 2025-03-10 09:25:05.442304 (processing time: 0.00 min)
2025-03-08 20:19:00,473 - root - INFO - Token Token-16 completed task 'Monthly' at 2025-03-10 09:25:05.442304.
2025-03-08 20:19:00,474 - root - INFO - Token Token-16 waiting for resource 'Tech' at 2025-03-10 09:25:05.442304
2025-03-08 20:19:00,474 - root - INFO - Token Token-17 started task 'Monthly' at 2025-03-10 09:30:47.389472, scheduled to end at 2025-03-10 09:30:47.389472 (processing time: 0.00 min)
2025-03-08 20:19:00,474 - root - INFO - Token Token-17 completed task 'Monthly' at 2025-03-10 09:30:47.389472.
2025-03-08 20:19:00,475 - root - INFO - Token Token-17 waiting for resource 'Tech' at 2025-03-10 09:30:47.389472
2025-03-08 20:19:00,475 - root - INFO - Token Token-18 started task 'Monthly' at 2025-03-10 09:37:05.257696, scheduled to end at 2025-03-10 09:37:05.257696 (processing time: 0.00 min)
2025-03-08 20:19:00,475 - root - INFO - Token Token-18 completed task 'Monthly' at 2025-03-10 09:37:05.257696.
2025-03-08 20:19:00,476 - root - INFO - Token Token-18 waiting for resource 'Tech' at 2025-03-10 09:37:05.257696
2025-03-08 20:19:00,476 - root - INFO - Token Token-19 started task 'Monthly' at 2025-03-10 09:41:58.178530, scheduled to end at 2025-03-10 09:41:58.178530 (processing time: 0.00 min)
2025-03-08 20:19:00,476 - root - INFO - Token Token-19 completed task 'Monthly' at 2025-03-10 09:41:58.178530.
2025-03-08 20:19:00,480 - root - INFO - Token Token-19 waiting for resource 'Tech' at 2025-03-10 09:41:58.178530
2025-03-08 20:19:00,480 - root - INFO - Token Token-20 started task 'Monthly' at 2025-03-10 09:47:42.793040, scheduled to end at 2025-03-10 09:47:42.793040 (processing time: 0.00 min)
2025-03-08 20:19:00,481 - root - INFO - Token Token-20 completed task 'Monthly' at 2025-03-10 09:47:42.793040.
2025-03-08 20:19:00,481 - root - INFO - Token Token-20 waiting for resource 'Tech' at 2025-03-10 09:47:42.793040
2025-03-08 20:19:00,481 - root - INFO - Token Token-21 started task 'Monthly' at 2025-03-10 09:53:19.489524, scheduled to end at 2025-03-10 09:53:19.489524 (processing time: 0.00 min)
2025-03-08 20:19:00,481 - root - INFO - Token Token-21 completed task 'Monthly' at 2025-03-10 09:53:19.489524.
2025-03-08 20:19:00,482 - root - INFO - Token Token-21 waiting for resource 'Tech' at 2025-03-10 09:53:19.489524
2025-03-08 20:19:00,482 - root - INFO - Token Token-22 started task 'Monthly' at 2025-03-10 09:59:44.575655, scheduled to end at 2025-03-10 09:59:44.575655 (processing time: 0.00 min)
2025-03-08 20:19:00,483 - root - INFO - Token Token-22 completed task 'Monthly' at 2025-03-10 09:59:44.575655.
2025-03-08 20:19:00,483 - root - INFO - Token Token-22 waiting for resource 'Tech' at 2025-03-10 09:59:44.575655
2025-03-08 20:19:00,483 - root - INFO - Token Token-23 started task 'Monthly' at 2025-03-10 10:05:26.908390, scheduled to end at 2025-03-10 10:05:26.908390 (processing time: 0.00 min)
2025-03-08 20:19:00,484 - root - INFO - Token Token-23 completed task 'Monthly' at 2025-03-10 10:05:26.908390.
2025-03-08 20:19:00,484 - root - INFO - Token Token-23 waiting for resource 'Tech' at 2025-03-10 10:05:26.908390
2025-03-08 20:19:00,484 - root - INFO - Token Token-24 started task 'Monthly' at 2025-03-10 10:10:54.534696, scheduled to end at 2025-03-10 10:10:54.534696 (processing time: 0.00 min)
2025-03-08 20:19:00,485 - root - INFO - Token Token-24 completed task 'Monthly' at 2025-03-10 10:10:54.534696.
2025-03-08 20:19:00,485 - root - INFO - Token Token-24 waiting for resource 'Tech' at 2025-03-10 10:10:54.534696
2025-03-08 20:19:00,485 - root - INFO - Token Token-25 started task 'Monthly' at 2025-03-10 10:17:00.754191, scheduled to end at 2025-03-10 10:17:00.754191 (processing time: 0.00 min)
2025-03-08 20:19:00,486 - root - INFO - Token Token-25 completed task 'Monthly' at 2025-03-10 10:17:00.754191.
2025-03-08 20:19:00,486 - root - INFO - Token Token-25 waiting for resource 'Tech' at 2025-03-10 10:17:00.754191
2025-03-08 20:19:00,487 - root - INFO - Token Token-26 started task 'Monthly' at 2025-03-10 10:23:02.626417, scheduled to end at 2025-03-10 10:23:02.626417 (processing time: 0.00 min)
2025-03-08 20:19:00,487 - root - INFO - Token Token-26 completed task 'Monthly' at 2025-03-10 10:23:02.626417.
2025-03-08 20:19:00,487 - root - INFO - Token Token-26 waiting for resource 'Tech' at 2025-03-10 10:23:02.626417
2025-03-08 20:19:00,488 - root - INFO - Token Token-27 started task 'Monthly' at 2025-03-10 10:27:09.498885, scheduled to end at 2025-03-10 10:27:09.498885 (processing time: 0.00 min)
2025-03-08 20:19:00,488 - root - INFO - Token Token-27 completed task 'Monthly' at 2025-03-10 10:27:09.498885.
2025-03-08 20:19:00,489 - root - INFO - Token Token-27 waiting for resource 'Tech' at 2025-03-10 10:27:09.498885
2025-03-08 20:19:00,489 - root - INFO - Token Token-28 started task 'Monthly' at 2025-03-10 10:33:02.842121, scheduled to end at 2025-03-10 10:33:02.842121 (processing time: 0.00 min)
2025-03-08 20:19:00,489 - root - INFO - Token Token-28 completed task 'Monthly' at 2025-03-10 10:33:02.842121.
2025-03-08 20:19:00,490 - root - INFO - Token Token-28 waiting for resource 'Tech' at 2025-03-10 10:33:02.842121
2025-03-08 20:19:00,490 - root - INFO - Token Token-29 started task 'Monthly' at 2025-03-10 10:39:10.765344, scheduled to end at 2025-03-10 10:39:10.765344 (processing time: 0.00 min)
2025-03-08 20:19:00,490 - root - INFO - Token Token-29 completed task 'Monthly' at 2025-03-10 10:39:10.765344.
2025-03-08 20:19:00,491 - root - INFO - Token Token-29 waiting for resource 'Tech' at 2025-03-10 10:39:10.765344
2025-03-08 20:19:00,491 - root - INFO - Token Token-30 started task 'Monthly' at 2025-03-10 10:43:52.897917, scheduled to end at 2025-03-10 10:43:52.897917 (processing time: 0.00 min)
2025-03-08 20:19:00,491 - root - INFO - Token Token-30 completed task 'Monthly' at 2025-03-10 10:43:52.897917.
2025-03-08 20:19:00,492 - root - INFO - Token Token-30 waiting for resource 'Tech' at 2025-03-10 10:43:52.897917
2025-03-08 20:19:00,492 - root - INFO - Token Token-31 started task 'Monthly' at 2025-03-10 10:49:43.700048, scheduled to end at 2025-03-10 10:49:43.700048 (processing time: 0.00 min)
2025-03-08 20:19:00,492 - root - INFO - Token Token-31 completed task 'Monthly' at 2025-03-10 10:49:43.700048.
2025-03-08 20:19:00,493 - root - INFO - Token Token-31 waiting for resource 'Tech' at 2025-03-10 10:49:43.700048
2025-03-08 20:19:00,493 - root - INFO - Token Token-32 started task 'Monthly' at 2025-03-10 10:55:36.579804, scheduled to end at 2025-03-10 10:55:36.579804 (processing time: 0.00 min)
2025-03-08 20:19:00,494 - root - INFO - Token Token-32 completed task 'Monthly' at 2025-03-10 10:55:36.579804.
2025-03-08 20:19:00,494 - root - INFO - Token Token-32 waiting for resource 'Tech' at 2025-03-10 10:55:36.579804
2025-03-08 20:19:00,494 - root - INFO - Token Token-33 started task 'Monthly' at 2025-03-10 11:00:50.936984, scheduled to end at 2025-03-10 11:00:50.936984 (processing time: 0.00 min)
2025-03-08 20:19:00,495 - root - INFO - Token Token-33 completed task 'Monthly' at 2025-03-10 11:00:50.936984.
2025-03-08 20:19:00,495 - root - INFO - Token Token-33 waiting for resource 'Tech' at 2025-03-10 11:00:50.936984
2025-03-08 20:19:00,496 - root - INFO - Token Token-34 started task 'Monthly' at 2025-03-10 11:07:12.833959, scheduled to end at 2025-03-10 11:07:12.833959 (processing time: 0.00 min)
2025-03-08 20:19:00,496 - root - INFO - Token Token-34 completed task 'Monthly' at 2025-03-10 11:07:12.833959.
2025-03-08 20:19:00,496 - root - INFO - Token Token-34 waiting for resource 'Tech' at 2025-03-10 11:07:12.833959
2025-03-08 20:19:00,497 - root - INFO - Token Token-35 started task 'Monthly' at 2025-03-10 11:13:34.996970, scheduled to end at 2025-03-10 11:13:34.996970 (processing time: 0.00 min)
2025-03-08 20:19:00,497 - root - INFO - Token Token-35 completed task 'Monthly' at 2025-03-10 11:13:34.996970.
2025-03-08 20:19:00,498 - root - INFO - Token Token-35 waiting for resource 'Tech' at 2025-03-10 11:13:34.996970
2025-03-08 20:19:00,499 - root - INFO - Token Token-36 started task 'Monthly' at 2025-03-10 11:19:29.975146, scheduled to end at 2025-03-10 11:19:29.975146 (processing time: 0.00 min)
2025-03-08 20:19:00,501 - root - INFO - Token Token-36 completed task 'Monthly' at 2025-03-10 11:19:29.975146.
2025-03-08 20:19:00,501 - root - INFO - Token Token-36 waiting for resource 'Tech' at 2025-03-10 11:19:29.975146
2025-03-08 20:19:00,523 - root - INFO - Token Token-37 started task 'Monthly' at 2025-03-10 11:24:56.270423, scheduled to end at 2025-03-10 11:24:56.270423 (processing time: 0.00 min)
2025-03-08 20:19:00,523 - root - INFO - Token Token-37 completed task 'Monthly' at 2025-03-10 11:24:56.270423.
2025-03-08 20:19:00,524 - root - INFO - Token Token-37 waiting for resource 'Tech' at 2025-03-10 11:24:56.270423
2025-03-08 20:19:00,524 - root - INFO - Token Token-38 started task 'Monthly' at 2025-03-10 11:30:33.154904, scheduled to end at 2025-03-10 11:30:33.154904 (processing time: 0.00 min)
2025-03-08 20:19:00,524 - root - INFO - Token Token-38 completed task 'Monthly' at 2025-03-10 11:30:33.154904.
2025-03-08 20:19:00,525 - root - INFO - Token Token-38 waiting for resource 'Tech' at 2025-03-10 11:30:33.154904
2025-03-08 20:19:00,525 - root - INFO - Token Token-39 started task 'Monthly' at 2025-03-10 11:36:42.177668, scheduled to end at 2025-03-10 11:36:42.177668 (processing time: 0.00 min)
2025-03-08 20:19:00,526 - root - INFO - Token Token-39 completed task 'Monthly' at 2025-03-10 11:36:42.177668.
2025-03-08 20:19:00,526 - root - INFO - Token Token-39 waiting for resource 'Tech' at 2025-03-10 11:36:42.177668
2025-03-08 20:19:00,526 - root - INFO - Token Token-40 started task 'Monthly' at 2025-03-10 11:42:38.243977, scheduled to end at 2025-03-10 11:42:38.243977 (processing time: 0.00 min)
2025-03-08 20:19:00,527 - root - INFO - Token Token-40 completed task 'Monthly' at 2025-03-10 11:42:38.243977.
2025-03-08 20:19:00,527 - root - INFO - Token Token-40 waiting for resource 'Tech' at 2025-03-10 11:42:38.243977
2025-03-08 20:19:00,527 - root - INFO - Token Token-41 started task 'Monthly' at 2025-03-10 11:48:20.091590, scheduled to end at 2025-03-10 11:48:20.091590 (processing time: 0.00 min)
2025-03-08 20:19:00,529 - root - INFO - Token Token-41 completed task 'Monthly' at 2025-03-10 11:48:20.091590.
2025-03-08 20:19:00,529 - root - INFO - Token Token-41 waiting for resource 'Tech' at 2025-03-10 11:48:20.091590
2025-03-08 20:19:00,529 - root - INFO - Token Token-42 started task 'Monthly' at 2025-03-10 11:54:26.444746, scheduled to end at 2025-03-10 11:54:26.444746 (processing time: 0.00 min)
2025-03-08 20:19:00,529 - root - INFO - Token Token-42 completed task 'Monthly' at 2025-03-10 11:54:26.444746.
2025-03-08 20:19:00,529 - root - INFO - Token Token-42 waiting for resource 'Tech' at 2025-03-10 11:54:26.444746
2025-03-08 20:19:00,529 - root - INFO - Token Token-43 started task 'Monthly' at 2025-03-10 12:00:37.852582, scheduled to end at 2025-03-10 12:00:37.852582 (processing time: 0.00 min)
2025-03-08 20:19:00,529 - root - INFO - Token Token-43 completed task 'Monthly' at 2025-03-10 12:00:37.852582.
2025-03-08 20:19:00,529 - root - INFO - Token Token-43 waiting for resource 'Tech' at 2025-03-10 12:00:37.852582
2025-03-08 20:19:00,529 - root - INFO - Token Token-44 started task 'Monthly' at 2025-03-10 12:06:40.936950, scheduled to end at 2025-03-10 12:06:40.936950 (processing time: 0.00 min)
2025-03-08 20:19:00,529 - root - INFO - Token Token-44 completed task 'Monthly' at 2025-03-10 12:06:40.936950.
2025-03-08 20:19:00,529 - root - INFO - Token Token-44 waiting for resource 'Tech' at 2025-03-10 12:06:40.936950
2025-03-08 20:19:00,529 - root - INFO - Token Token-45 started task 'Monthly' at 2025-03-10 12:12:03.786725, scheduled to end at 2025-03-10 12:12:03.786725 (processing time: 0.00 min)
2025-03-08 20:19:00,529 - root - INFO - Token Token-45 completed task 'Monthly' at 2025-03-10 12:12:03.786725.
2025-03-08 20:19:00,529 - root - INFO - Token Token-45 waiting for resource 'Tech' at 2025-03-10 12:12:03.786725
2025-03-08 20:19:00,529 - root - INFO - Token Token-46 started task 'Monthly' at 2025-03-10 12:18:08.420082, scheduled to end at 2025-03-10 12:18:08.420082 (processing time: 0.00 min)
2025-03-08 20:19:00,529 - root - INFO - Token Token-46 completed task 'Monthly' at 2025-03-10 12:18:08.420082.
2025-03-08 20:19:00,529 - root - INFO - Token Token-46 waiting for resource 'Tech' at 2025-03-10 12:18:08.420082
2025-03-08 20:19:00,529 - root - INFO - Token Token-47 started task 'Monthly' at 2025-03-10 12:23:12.305098, scheduled to end at 2025-03-10 12:23:12.305098 (processing time: 0.00 min)
2025-03-08 20:19:00,529 - root - INFO - Token Token-47 completed task 'Monthly' at 2025-03-10 12:23:12.305098.
2025-03-08 20:19:00,529 - root - INFO - Token Token-47 waiting for resource 'Tech' at 2025-03-10 12:23:12.305098
2025-03-08 20:19:00,529 - root - INFO - Token Token-48 started task 'Monthly' at 2025-03-10 12:29:27.896131, scheduled to end at 2025-03-10 12:29:27.896131 (processing time: 0.00 min)
2025-03-08 20:19:00,529 - root - INFO - Token Token-48 completed task 'Monthly' at 2025-03-10 12:29:27.896131.
2025-03-08 20:19:00,529 - root - INFO - Token Token-48 waiting for resource 'Tech' at 2025-03-10 12:29:27.896131
2025-03-08 20:19:00,535 - root - INFO - Token Token-49 started task 'Monthly' at 2025-03-10 12:35:41.490262, scheduled to end at 2025-03-10 12:35:41.490262 (processing time: 0.00 min)
2025-03-08 20:19:00,535 - root - INFO - Token Token-49 completed task 'Monthly' at 2025-03-10 12:35:41.490262.
2025-03-08 20:19:00,535 - root - INFO - Token Token-49 waiting for resource 'Tech' at 2025-03-10 12:35:41.490262
2025-03-08 20:19:00,535 - root - INFO - Token Token-50 started task 'Monthly' at 2025-03-10 12:42:03.648306, scheduled to end at 2025-03-10 12:42:03.648306 (processing time: 0.00 min)
2025-03-08 20:19:00,535 - root - INFO - Token Token-50 completed task 'Monthly' at 2025-03-10 12:42:03.648306.
2025-03-08 20:19:00,535 - root - INFO - Token Token-50 waiting for resource 'Tech' at 2025-03-10 12:42:03.648306
2025-03-08 20:19:00,537 - root - INFO - Token Token-51 started task 'Monthly' at 2025-03-10 12:48:11.946436, scheduled to end at 2025-03-10 12:48:11.946436 (processing time: 0.00 min)
2025-03-08 20:19:00,543 - root - INFO - Token Token-51 completed task 'Monthly' at 2025-03-10 12:48:11.946436.
2025-03-08 20:19:00,549 - root - INFO - Token Token-51 waiting for resource 'Tech' at 2025-03-10 12:48:11.946436
2025-03-08 20:19:00,549 - root - INFO - Token Token-52 started task 'Monthly' at 2025-03-10 12:54:29.750425, scheduled to end at 2025-03-10 12:54:29.750425 (processing time: 0.00 min)
2025-03-08 20:19:00,550 - root - INFO - Token Token-52 completed task 'Monthly' at 2025-03-10 12:54:29.750425.
2025-03-08 20:19:00,550 - root - INFO - Token Token-52 waiting for resource 'Tech' at 2025-03-10 12:54:29.750425
2025-03-08 20:19:00,551 - root - INFO - Token Token-53 started task 'Monthly' at 2025-03-10 12:58:40.678466, scheduled to end at 2025-03-10 12:58:40.678466 (processing time: 0.00 min)
2025-03-08 20:19:00,551 - root - INFO - Token Token-53 completed task 'Monthly' at 2025-03-10 12:58:40.678466.
2025-03-08 20:19:00,551 - root - INFO - Token Token-53 waiting for resource 'Tech' at 2025-03-10 12:58:40.678466
2025-03-08 20:19:00,552 - root - INFO - Token Token-54 started task 'Monthly' at 2025-03-10 13:05:03.404765, scheduled to end at 2025-03-10 13:05:03.404765 (processing time: 0.00 min)
2025-03-08 20:19:00,552 - root - INFO - Token Token-54 completed task 'Monthly' at 2025-03-10 13:05:03.404765.
2025-03-08 20:19:00,553 - root - INFO - Token Token-54 waiting for resource 'Tech' at 2025-03-10 13:05:03.404765
2025-03-08 20:19:00,553 - root - INFO - Token Token-55 started task 'Monthly' at 2025-03-10 13:09:52.700281, scheduled to end at 2025-03-10 13:09:52.700281 (processing time: 0.00 min)
2025-03-08 20:19:00,554 - root - INFO - Token Token-55 completed task 'Monthly' at 2025-03-10 13:09:52.700281.
2025-03-08 20:19:00,554 - root - INFO - Token Token-55 waiting for resource 'Tech' at 2025-03-10 13:09:52.700281
2025-03-08 20:19:00,554 - root - INFO - Token Token-56 started task 'Monthly' at 2025-03-10 13:15:31.783716, scheduled to end at 2025-03-10 13:15:31.783716 (processing time: 0.00 min)
2025-03-08 20:19:00,555 - root - INFO - Token Token-56 completed task 'Monthly' at 2025-03-10 13:15:31.783716.
2025-03-08 20:19:00,555 - root - INFO - Token Token-56 waiting for resource 'Tech' at 2025-03-10 13:15:31.783716
2025-03-08 20:19:00,556 - root - INFO - Token Token-57 started task 'Monthly' at 2025-03-10 13:21:00.040948, scheduled to end at 2025-03-10 13:21:00.040948 (processing time: 0.00 min)
2025-03-08 20:19:00,556 - root - INFO - Token Token-57 completed task 'Monthly' at 2025-03-10 13:21:00.040948.
2025-03-08 20:19:00,557 - root - INFO - Token Token-57 waiting for resource 'Tech' at 2025-03-10 13:21:00.040948
2025-03-08 20:19:00,557 - root - INFO - Token Token-58 started task 'Monthly' at 2025-03-10 13:25:44.895067, scheduled to end at 2025-03-10 13:25:44.895067 (processing time: 0.00 min)
2025-03-08 20:19:00,558 - root - INFO - Token Token-58 completed task 'Monthly' at 2025-03-10 13:25:44.895067.
2025-03-08 20:19:00,558 - root - INFO - Token Token-58 waiting for resource 'Tech' at 2025-03-10 13:25:44.895067
2025-03-08 20:19:00,559 - root - INFO - Token Token-59 started task 'Monthly' at 2025-03-10 13:32:05.545131, scheduled to end at 2025-03-10 13:32:05.545131 (processing time: 0.00 min)
2025-03-08 20:19:00,559 - root - INFO - Token Token-59 completed task 'Monthly' at 2025-03-10 13:32:05.545131.
2025-03-08 20:19:00,560 - root - INFO - Token Token-59 waiting for resource 'Tech' at 2025-03-10 13:32:05.545131
2025-03-08 20:19:00,561 - root - INFO - Token Token-60 started task 'Monthly' at 2025-03-10 13:37:57.336854, scheduled to end at 2025-03-10 13:37:57.336854 (processing time: 0.00 min)
2025-03-08 20:19:00,563 - root - INFO - Token Token-60 completed task 'Monthly' at 2025-03-10 13:37:57.336854.
2025-03-08 20:19:00,590 - root - INFO - Token Token-60 waiting for resource 'Tech' at 2025-03-10 13:37:57.336854
2025-03-08 20:19:00,590 - root - INFO - Token Token-61 started task 'Monthly' at 2025-03-10 13:42:57.822300, scheduled to end at 2025-03-10 13:42:57.822300 (processing time: 0.00 min)
2025-03-08 20:19:00,590 - root - INFO - Token Token-61 completed task 'Monthly' at 2025-03-10 13:42:57.822300.
2025-03-08 20:19:00,590 - root - INFO - Token Token-61 waiting for resource 'Tech' at 2025-03-10 13:42:57.822300
2025-03-08 20:19:00,590 - root - INFO - Token Token-62 started task 'Monthly' at 2025-03-10 13:48:44.031220, scheduled to end at 2025-03-10 13:48:44.031220 (processing time: 0.00 min)
2025-03-08 20:19:00,590 - root - INFO - Token Token-62 completed task 'Monthly' at 2025-03-10 13:48:44.031220.
2025-03-08 20:19:00,590 - root - INFO - Token Token-62 waiting for resource 'Tech' at 2025-03-10 13:48:44.031220
2025-03-08 20:19:00,590 - root - INFO - Token Token-63 started task 'Monthly' at 2025-03-10 13:54:30.922359, scheduled to end at 2025-03-10 13:54:30.922359 (processing time: 0.00 min)
2025-03-08 20:19:00,590 - root - INFO - Token Token-63 completed task 'Monthly' at 2025-03-10 13:54:30.922359.
2025-03-08 20:19:00,596 - root - INFO - Token Token-63 waiting for resource 'Tech' at 2025-03-10 13:54:30.922359
2025-03-08 20:19:00,596 - root - INFO - Token Token-64 started task 'Monthly' at 2025-03-11 08:00:00, scheduled to end at 2025-03-11 08:00:00 (processing time: 0.00 min)
2025-03-08 20:19:00,596 - root - INFO - Token Token-64 completed task 'Monthly' at 2025-03-11 08:00:00.
2025-03-08 20:19:00,596 - root - INFO - Token Token-64 waiting for resource 'Tech' at 2025-03-11 08:00:00
2025-03-08 20:19:00,596 - root - INFO - Token Token-65 started task 'Monthly' at 2025-03-11 08:05:08.784879, scheduled to end at 2025-03-11 08:05:08.784879 (processing time: 0.00 min)
2025-03-08 20:19:00,597 - root - INFO - Token Token-65 completed task 'Monthly' at 2025-03-11 08:05:08.784879.
2025-03-08 20:19:00,597 - root - INFO - Token Token-65 waiting for resource 'Tech' at 2025-03-11 08:05:08.784879
2025-03-08 20:19:00,597 - root - INFO - Token Token-66 started task 'Monthly' at 2025-03-11 08:11:16.988352, scheduled to end at 2025-03-11 08:11:16.988352 (processing time: 0.00 min)
2025-03-08 20:19:00,598 - root - INFO - Token Token-66 completed task 'Monthly' at 2025-03-11 08:11:16.988352.
2025-03-08 20:19:00,598 - root - INFO - Token Token-66 waiting for resource 'Tech' at 2025-03-11 08:11:16.988352
2025-03-08 20:19:00,598 - root - INFO - Token Token-67 started task 'Monthly' at 2025-03-11 08:16:46.633721, scheduled to end at 2025-03-11 08:16:46.633721 (processing time: 0.00 min)
2025-03-08 20:19:00,598 - root - INFO - Token Token-67 completed task 'Monthly' at 2025-03-11 08:16:46.633721.
2025-03-08 20:19:00,598 - root - INFO - Token Token-67 waiting for resource 'Tech' at 2025-03-11 08:16:46.633721
2025-03-08 20:19:00,599 - root - INFO - Token Token-68 started task 'Monthly' at 2025-03-11 08:23:12.685958, scheduled to end at 2025-03-11 08:23:12.685958 (processing time: 0.00 min)
2025-03-08 20:19:00,599 - root - INFO - Token Token-68 completed task 'Monthly' at 2025-03-11 08:23:12.685958.
2025-03-08 20:19:00,599 - root - INFO - Token Token-68 waiting for resource 'Tech' at 2025-03-11 08:23:12.685958
2025-03-08 20:19:00,599 - root - INFO - Token Token-69 started task 'Monthly' at 2025-03-11 08:27:43.599507, scheduled to end at 2025-03-11 08:27:43.599507 (processing time: 0.00 min)
2025-03-08 20:19:00,600 - root - INFO - Token Token-69 completed task 'Monthly' at 2025-03-11 08:27:43.599507.
2025-03-08 20:19:00,600 - root - INFO - Token Token-69 waiting for resource 'Tech' at 2025-03-11 08:27:43.599507
2025-03-08 20:19:00,600 - root - INFO - Token Token-70 started task 'Monthly' at 2025-03-11 08:33:38.190493, scheduled to end at 2025-03-11 08:33:38.190493 (processing time: 0.00 min)
2025-03-08 20:19:00,600 - root - INFO - Token Token-70 completed task 'Monthly' at 2025-03-11 08:33:38.190493.
2025-03-08 20:19:00,601 - root - INFO - Token Token-70 waiting for resource 'Tech' at 2025-03-11 08:33:38.190493
2025-03-08 20:19:00,601 - root - INFO - Token Token-71 started task 'Monthly' at 2025-03-11 08:39:32.435050, scheduled to end at 2025-03-11 08:39:32.435050 (processing time: 0.00 min)
2025-03-08 20:19:00,601 - root - INFO - Token Token-71 completed task 'Monthly' at 2025-03-11 08:39:32.435050.
2025-03-08 20:19:00,602 - root - INFO - Token Token-71 waiting for resource 'Tech' at 2025-03-11 08:39:32.435050
2025-03-08 20:19:00,602 - root - INFO - Token Token-72 started task 'Monthly' at 2025-03-11 08:45:20.291582, scheduled to end at 2025-03-11 08:45:20.291582 (processing time: 0.00 min)
2025-03-08 20:19:00,602 - root - INFO - Token Token-72 completed task 'Monthly' at 2025-03-11 08:45:20.291582.
2025-03-08 20:19:00,602 - root - INFO - Token Token-72 waiting for resource 'Tech' at 2025-03-11 08:45:20.291582
2025-03-08 20:19:00,602 - root - INFO - Token Token-73 started task 'Monthly' at 2025-03-11 08:50:19.437569, scheduled to end at 2025-03-11 08:50:19.437569 (processing time: 0.00 min)
2025-03-08 20:19:00,603 - root - INFO - Token Token-73 completed task 'Monthly' at 2025-03-11 08:50:19.437569.
2025-03-08 20:19:00,603 - root - INFO - Token Token-73 waiting for resource 'Tech' at 2025-03-11 08:50:19.437569
2025-03-08 20:19:00,603 - root - INFO - Token Token-74 started task 'Monthly' at 2025-03-11 08:56:26.506800, scheduled to end at 2025-03-11 08:56:26.506800 (processing time: 0.00 min)
2025-03-08 20:19:00,603 - root - INFO - Token Token-74 completed task 'Monthly' at 2025-03-11 08:56:26.506800.
2025-03-08 20:19:00,604 - root - INFO - Token Token-74 waiting for resource 'Tech' at 2025-03-11 08:56:26.506800
2025-03-08 20:19:00,604 - root - INFO - Token Token-75 started task 'Monthly' at 2025-03-11 09:02:45.388271, scheduled to end at 2025-03-11 09:02:45.388271 (processing time: 0.00 min)
2025-03-08 20:19:00,604 - root - INFO - Token Token-75 completed task 'Monthly' at 2025-03-11 09:02:45.388271.
2025-03-08 20:19:00,604 - root - INFO - Token Token-75 waiting for resource 'Tech' at 2025-03-11 09:02:45.388271
2025-03-08 20:19:00,604 - root - INFO - Token Token-76 started task 'Monthly' at 2025-03-11 09:08:41.487658, scheduled to end at 2025-03-11 09:08:41.487658 (processing time: 0.00 min)
2025-03-08 20:19:00,605 - root - INFO - Token Token-76 completed task 'Monthly' at 2025-03-11 09:08:41.487658.
2025-03-08 20:19:00,605 - root - INFO - Token Token-76 waiting for resource 'Tech' at 2025-03-11 09:08:41.487658
2025-03-08 20:19:00,605 - root - INFO - Token Token-77 started task 'Monthly' at 2025-03-11 09:15:04.677554, scheduled to end at 2025-03-11 09:15:04.677554 (processing time: 0.00 min)
2025-03-08 20:19:00,607 - root - INFO - Token Token-77 completed task 'Monthly' at 2025-03-11 09:15:04.677554.
2025-03-08 20:19:00,607 - root - INFO - Token Token-77 waiting for resource 'Tech' at 2025-03-11 09:15:04.677554
2025-03-08 20:19:00,607 - root - INFO - Token Token-78 started task 'Monthly' at 2025-03-11 09:20:32.471823, scheduled to end at 2025-03-11 09:20:32.471823 (processing time: 0.00 min)
2025-03-08 20:19:00,607 - root - INFO - Token Token-78 completed task 'Monthly' at 2025-03-11 09:20:32.471823.
2025-03-08 20:19:00,608 - root - INFO - Token Token-78 waiting for resource 'Tech' at 2025-03-11 09:20:32.471823
2025-03-08 20:19:00,608 - root - INFO - Token Token-79 started task 'Monthly' at 2025-03-11 09:24:55.757071, scheduled to end at 2025-03-11 09:24:55.757071 (processing time: 0.00 min)
2025-03-08 20:19:00,608 - root - INFO - Token Token-79 completed task 'Monthly' at 2025-03-11 09:24:55.757071.
2025-03-08 20:19:00,608 - root - INFO - Token Token-79 waiting for resource 'Tech' at 2025-03-11 09:24:55.757071
2025-03-08 20:19:00,609 - root - INFO - Token Token-80 started task 'Monthly' at 2025-03-11 09:29:26.666907, scheduled to end at 2025-03-11 09:29:26.666907 (processing time: 0.00 min)
2025-03-08 20:19:00,609 - root - INFO - Token Token-80 completed task 'Monthly' at 2025-03-11 09:29:26.666907.
2025-03-08 20:19:00,609 - root - INFO - Token Token-80 waiting for resource 'Tech' at 2025-03-11 09:29:26.666907
2025-03-08 20:19:00,610 - root - INFO - Token Token-81 started task 'Monthly' at 2025-03-11 09:33:59.896008, scheduled to end at 2025-03-11 09:33:59.896008 (processing time: 0.00 min)
2025-03-08 20:19:00,612 - root - INFO - Token Token-81 completed task 'Monthly' at 2025-03-11 09:33:59.896008.
2025-03-08 20:19:00,612 - root - INFO - Token Token-81 waiting for resource 'Tech' at 2025-03-11 09:33:59.896008
2025-03-08 20:19:00,613 - root - INFO - Token Token-82 started task 'Monthly' at 2025-03-11 09:39:22.195321, scheduled to end at 2025-03-11 09:39:22.195321 (processing time: 0.00 min)
2025-03-08 20:19:00,613 - root - INFO - Token Token-82 completed task 'Monthly' at 2025-03-11 09:39:22.195321.
2025-03-08 20:19:00,613 - root - INFO - Token Token-82 waiting for resource 'Tech' at 2025-03-11 09:39:22.195321
2025-03-08 20:19:00,614 - root - INFO - Token Token-83 started task 'Monthly' at 2025-03-11 09:45:10.112055, scheduled to end at 2025-03-11 09:45:10.112055 (processing time: 0.00 min)
2025-03-08 20:19:00,614 - root - INFO - Token Token-83 completed task 'Monthly' at 2025-03-11 09:45:10.112055.
2025-03-08 20:19:00,614 - root - INFO - Token Token-83 waiting for resource 'Tech' at 2025-03-11 09:45:10.112055
2025-03-08 20:19:00,615 - root - INFO - Token Token-84 started task 'Monthly' at 2025-03-11 09:51:25.778696, scheduled to end at 2025-03-11 09:51:25.778696 (processing time: 0.00 min)
2025-03-08 20:19:00,615 - root - INFO - Token Token-84 completed task 'Monthly' at 2025-03-11 09:51:25.778696.
2025-03-08 20:19:00,616 - root - INFO - Token Token-84 waiting for resource 'Tech' at 2025-03-11 09:51:25.778696
2025-03-08 20:19:00,616 - root - INFO - Token Token-85 started task 'Monthly' at 2025-03-11 09:57:21.066713, scheduled to end at 2025-03-11 09:57:21.066713 (processing time: 0.00 min)
2025-03-08 20:19:00,616 - root - INFO - Token Token-85 completed task 'Monthly' at 2025-03-11 09:57:21.066713.
2025-03-08 20:19:00,617 - root - INFO - Token Token-85 waiting for resource 'Tech' at 2025-03-11 09:57:21.066713
2025-03-08 20:19:00,637 - root - INFO - Token Token-86 started task 'Monthly' at 2025-03-11 10:03:06.025834, scheduled to end at 2025-03-11 10:03:06.025834 (processing time: 0.00 min)
2025-03-08 20:19:00,637 - root - INFO - Token Token-86 completed task 'Monthly' at 2025-03-11 10:03:06.025834.
2025-03-08 20:19:00,638 - root - INFO - Token Token-86 waiting for resource 'Tech' at 2025-03-11 10:03:06.025834
2025-03-08 20:19:00,639 - root - INFO - Token Token-87 started task 'Monthly' at 2025-03-11 10:08:45.227840, scheduled to end at 2025-03-11 10:08:45.227840 (processing time: 0.00 min)
2025-03-08 20:19:00,639 - root - INFO - Token Token-87 completed task 'Monthly' at 2025-03-11 10:08:45.227840.
2025-03-08 20:19:00,639 - root - INFO - Token Token-87 waiting for resource 'Tech' at 2025-03-11 10:08:45.227840
2025-03-08 20:19:00,641 - root - INFO - Token Token-88 started task 'Monthly' at 2025-03-11 10:14:22.034764, scheduled to end at 2025-03-11 10:14:22.034764 (processing time: 0.00 min)
2025-03-08 20:19:00,641 - root - INFO - Token Token-88 completed task 'Monthly' at 2025-03-11 10:14:22.034764.
2025-03-08 20:19:00,641 - root - INFO - Token Token-88 waiting for resource 'Tech' at 2025-03-11 10:14:22.034764
2025-03-08 20:19:00,642 - root - INFO - Token Token-89 started task 'Monthly' at 2025-03-11 10:19:03.681830, scheduled to end at 2025-03-11 10:19:03.681830 (processing time: 0.00 min)
2025-03-08 20:19:00,642 - root - INFO - Token Token-89 completed task 'Monthly' at 2025-03-11 10:19:03.681830.
2025-03-08 20:19:00,642 - root - INFO - Token Token-89 waiting for resource 'Tech' at 2025-03-11 10:19:03.681830
2025-03-08 20:19:00,643 - root - INFO - Token Token-90 started task 'Monthly' at 2025-03-11 10:24:19.391700, scheduled to end at 2025-03-11 10:24:19.391700 (processing time: 0.00 min)
2025-03-08 20:19:00,644 - root - INFO - Token Token-90 completed task 'Monthly' at 2025-03-11 10:24:19.391700.
2025-03-08 20:19:00,645 - root - INFO - Token Token-90 waiting for resource 'Tech' at 2025-03-11 10:24:19.391700
2025-03-08 20:19:00,645 - root - INFO - Token Token-91 started task 'Monthly' at 2025-03-11 10:30:00.212500, scheduled to end at 2025-03-11 10:30:00.212500 (processing time: 0.00 min)
2025-03-08 20:19:00,646 - root - INFO - Token Token-91 completed task 'Monthly' at 2025-03-11 10:30:00.212500.
2025-03-08 20:19:00,646 - root - INFO - Token Token-91 waiting for resource 'Tech' at 2025-03-11 10:30:00.212500
2025-03-08 20:19:00,647 - root - INFO - Token Token-92 started task 'Monthly' at 2025-03-11 10:35:33.389210, scheduled to end at 2025-03-11 10:35:33.389210 (processing time: 0.00 min)
2025-03-08 20:19:00,647 - root - INFO - Token Token-92 completed task 'Monthly' at 2025-03-11 10:35:33.389210.
2025-03-08 20:19:00,648 - root - INFO - Token Token-92 waiting for resource 'Tech' at 2025-03-11 10:35:33.389210
2025-03-08 20:19:00,648 - root - INFO - Token Token-93 started task 'Monthly' at 2025-03-11 10:41:54.011762, scheduled to end at 2025-03-11 10:41:54.011762 (processing time: 0.00 min)
2025-03-08 20:19:00,648 - root - INFO - Token Token-93 completed task 'Monthly' at 2025-03-11 10:41:54.011762.
2025-03-08 20:19:00,649 - root - INFO - Token Token-93 waiting for resource 'Tech' at 2025-03-11 10:41:54.011762
2025-03-08 20:19:00,649 - root - INFO - Token Token-94 started task 'Monthly' at 2025-03-11 10:48:16.354436, scheduled to end at 2025-03-11 10:48:16.354436 (processing time: 0.00 min)
2025-03-08 20:19:00,650 - root - INFO - Token Token-94 completed task 'Monthly' at 2025-03-11 10:48:16.354436.
2025-03-08 20:19:00,650 - root - INFO - Token Token-94 waiting for resource 'Tech' at 2025-03-11 10:48:16.354436
2025-03-08 20:19:00,651 - root - INFO - Token Token-95 started task 'Monthly' at 2025-03-11 10:53:34.940679, scheduled to end at 2025-03-11 10:53:34.940679 (processing time: 0.00 min)
2025-03-08 20:19:00,651 - root - INFO - Token Token-95 completed task 'Monthly' at 2025-03-11 10:53:34.940679.
2025-03-08 20:19:00,651 - root - INFO - Token Token-95 waiting for resource 'Tech' at 2025-03-11 10:53:34.940679
2025-03-08 20:19:00,652 - root - INFO - Token Token-96 started task 'Monthly' at 2025-03-11 10:59:46.305748, scheduled to end at 2025-03-11 10:59:46.305748 (processing time: 0.00 min)
2025-03-08 20:19:00,652 - root - INFO - Token Token-96 completed task 'Monthly' at 2025-03-11 10:59:46.305748.
2025-03-08 20:19:00,653 - root - INFO - Token Token-96 waiting for resource 'Tech' at 2025-03-11 10:59:46.305748
2025-03-08 20:19:00,653 - root - INFO - Token Token-97 started task 'Monthly' at 2025-03-11 11:05:24.330701, scheduled to end at 2025-03-11 11:05:24.330701 (processing time: 0.00 min)
2025-03-08 20:19:00,654 - root - INFO - Token Token-97 completed task 'Monthly' at 2025-03-11 11:05:24.330701.
2025-03-08 20:19:00,654 - root - INFO - Token Token-97 waiting for resource 'Tech' at 2025-03-11 11:05:24.330701
2025-03-08 20:19:00,654 - root - INFO - Token Token-98 started task 'Monthly' at 2025-03-11 11:11:19.598753, scheduled to end at 2025-03-11 11:11:19.598753 (processing time: 0.00 min)
2025-03-08 20:19:00,655 - root - INFO - Token Token-98 completed task 'Monthly' at 2025-03-11 11:11:19.598753.
2025-03-08 20:19:00,655 - root - INFO - Token Token-98 waiting for resource 'Tech' at 2025-03-11 11:11:19.598753
2025-03-08 20:19:00,655 - root - INFO - Token Token-99 started task 'Monthly' at 2025-03-11 11:17:01.814700, scheduled to end at 2025-03-11 11:17:01.814700 (processing time: 0.00 min)
2025-03-08 20:19:00,656 - root - INFO - Token Token-99 completed task 'Monthly' at 2025-03-11 11:17:01.814700.
2025-03-08 20:19:00,656 - root - INFO - Token Token-99 waiting for resource 'Tech' at 2025-03-11 11:17:01.814700
2025-03-08 20:19:00,656 - root - INFO - Token Token-100 started task 'Monthly' at 2025-03-11 11:23:01.120756, scheduled to end at 2025-03-11 11:23:01.120756 (processing time: 0.00 min)
2025-03-08 20:19:00,657 - root - INFO - Token Token-100 completed task 'Monthly' at 2025-03-11 11:23:01.120756.
2025-03-08 20:19:00,657 - root - INFO - Token Token-100 waiting for resource 'Tech' at 2025-03-11 11:23:01.120756
2025-03-08 20:19:00,658 - root - INFO - Token Token-101 started task 'Monthly' at 2025-03-11 11:29:03.620352, scheduled to end at 2025-03-11 11:29:03.620352 (processing time: 0.00 min)
2025-03-08 20:19:00,658 - root - INFO - Token Token-101 completed task 'Monthly' at 2025-03-11 11:29:03.620352.
2025-03-08 20:19:00,658 - root - INFO - Token Token-101 waiting for resource 'Tech' at 2025-03-11 11:29:03.620352
2025-03-08 20:19:00,658 - root - INFO - Token Token-102 started task 'Monthly' at 2025-03-11 11:33:49.319610, scheduled to end at 2025-03-11 11:33:49.319610 (processing time: 0.00 min)
2025-03-08 20:19:00,659 - root - INFO - Token Token-102 completed task 'Monthly' at 2025-03-11 11:33:49.319610.
2025-03-08 20:19:00,659 - root - INFO - Token Token-102 waiting for resource 'Tech' at 2025-03-11 11:33:49.319610
2025-03-08 20:19:00,659 - root - INFO - Token Token-103 started task 'Monthly' at 2025-03-11 11:39:59.250977, scheduled to end at 2025-03-11 11:39:59.250977 (processing time: 0.00 min)
2025-03-08 20:19:00,660 - root - INFO - Token Token-103 completed task 'Monthly' at 2025-03-11 11:39:59.250977.
2025-03-08 20:19:00,660 - root - INFO - Token Token-103 waiting for resource 'Tech' at 2025-03-11 11:39:59.250977
2025-03-08 20:19:00,660 - root - INFO - Token Token-104 started task 'Monthly' at 2025-03-11 11:45:57.031477, scheduled to end at 2025-03-11 11:45:57.031477 (processing time: 0.00 min)
2025-03-08 20:19:00,660 - root - INFO - Token Token-104 completed task 'Monthly' at 2025-03-11 11:45:57.031477.
2025-03-08 20:19:00,660 - root - INFO - Token Token-104 waiting for resource 'Tech' at 2025-03-11 11:45:57.031477
2025-03-08 20:19:00,660 - root - INFO - Token Token-105 started task 'Monthly' at 2025-03-11 11:51:42.193792, scheduled to end at 2025-03-11 11:51:42.193792 (processing time: 0.00 min)
2025-03-08 20:19:00,660 - root - INFO - Token Token-105 completed task 'Monthly' at 2025-03-11 11:51:42.193792.
2025-03-08 20:19:00,660 - root - INFO - Token Token-105 waiting for resource 'Tech' at 2025-03-11 11:51:42.193792
2025-03-08 20:19:00,660 - root - INFO - Token Token-106 started task 'Monthly' at 2025-03-11 11:58:05.280561, scheduled to end at 2025-03-11 11:58:05.280561 (processing time: 0.00 min)
2025-03-08 20:19:00,660 - root - INFO - Token Token-106 completed task 'Monthly' at 2025-03-11 11:58:05.280561.
2025-03-08 20:19:00,663 - root - INFO - Token Token-106 waiting for resource 'Tech' at 2025-03-11 11:58:05.280561
2025-03-08 20:19:00,663 - root - INFO - Token Token-107 started task 'Monthly' at 2025-03-11 12:04:00.811535, scheduled to end at 2025-03-11 12:04:00.811535 (processing time: 0.00 min)
2025-03-08 20:19:00,664 - root - INFO - Token Token-107 completed task 'Monthly' at 2025-03-11 12:04:00.811535.
2025-03-08 20:19:00,665 - root - INFO - Token Token-107 waiting for resource 'Tech' at 2025-03-11 12:04:00.811535
2025-03-08 20:19:00,680 - root - INFO - Token Token-108 started task 'Monthly' at 2025-03-11 12:10:16.279741, scheduled to end at 2025-03-11 12:10:16.279741 (processing time: 0.00 min)
2025-03-08 20:19:00,680 - root - INFO - Token Token-108 completed task 'Monthly' at 2025-03-11 12:10:16.279741.
2025-03-08 20:19:00,681 - root - INFO - Token Token-108 waiting for resource 'Tech' at 2025-03-11 12:10:16.279741
2025-03-08 20:19:00,681 - root - INFO - Token Token-109 started task 'Monthly' at 2025-03-11 12:16:39.299003, scheduled to end at 2025-03-11 12:16:39.299003 (processing time: 0.00 min)
2025-03-08 20:19:00,682 - root - INFO - Token Token-109 completed task 'Monthly' at 2025-03-11 12:16:39.299003.
2025-03-08 20:19:00,682 - root - INFO - Token Token-109 waiting for resource 'Tech' at 2025-03-11 12:16:39.299003
2025-03-08 20:19:00,682 - root - INFO - Token Token-110 started task 'Monthly' at 2025-03-11 12:23:05.536970, scheduled to end at 2025-03-11 12:23:05.536970 (processing time: 0.00 min)
2025-03-08 20:19:00,683 - root - INFO - Token Token-110 completed task 'Monthly' at 2025-03-11 12:23:05.536970.
2025-03-08 20:19:00,683 - root - INFO - Token Token-110 waiting for resource 'Tech' at 2025-03-11 12:23:05.536970
2025-03-08 20:19:00,683 - root - INFO - Token Token-111 started task 'Monthly' at 2025-03-11 12:29:09.946258, scheduled to end at 2025-03-11 12:29:09.946258 (processing time: 0.00 min)
2025-03-08 20:19:00,684 - root - INFO - Token Token-111 completed task 'Monthly' at 2025-03-11 12:29:09.946258.
2025-03-08 20:19:00,684 - root - INFO - Token Token-111 waiting for resource 'Tech' at 2025-03-11 12:29:09.946258
2025-03-08 20:19:00,685 - root - INFO - Token Token-112 started task 'Monthly' at 2025-03-11 12:35:19.463010, scheduled to end at 2025-03-11 12:35:19.463010 (processing time: 0.00 min)
2025-03-08 20:19:00,685 - root - INFO - Token Token-112 completed task 'Monthly' at 2025-03-11 12:35:19.463010.
2025-03-08 20:19:00,685 - root - INFO - Token Token-112 waiting for resource 'Tech' at 2025-03-11 12:35:19.463010
2025-03-08 20:19:00,686 - root - INFO - Token Token-113 started task 'Monthly' at 2025-03-11 12:41:46.269094, scheduled to end at 2025-03-11 12:41:46.269094 (processing time: 0.00 min)
2025-03-08 20:19:00,686 - root - INFO - Token Token-113 completed task 'Monthly' at 2025-03-11 12:41:46.269094.
2025-03-08 20:19:00,686 - root - INFO - Token Token-113 waiting for resource 'Tech' at 2025-03-11 12:41:46.269094
2025-03-08 20:19:00,687 - root - INFO - Token Token-114 started task 'Monthly' at 2025-03-11 12:47:12.495256, scheduled to end at 2025-03-11 12:47:12.495256 (processing time: 0.00 min)
2025-03-08 20:19:00,688 - root - INFO - Token Token-114 completed task 'Monthly' at 2025-03-11 12:47:12.495256.
2025-03-08 20:19:00,689 - root - INFO - Token Token-114 waiting for resource 'Tech' at 2025-03-11 12:47:12.495256
2025-03-08 20:19:00,689 - root - INFO - Token Token-115 started task 'Monthly' at 2025-03-11 12:53:32.038992, scheduled to end at 2025-03-11 12:53:32.038992 (processing time: 0.00 min)
2025-03-08 20:19:00,690 - root - INFO - Token Token-115 completed task 'Monthly' at 2025-03-11 12:53:32.038992.
2025-03-08 20:19:00,690 - root - INFO - Token Token-115 waiting for resource 'Tech' at 2025-03-11 12:53:32.038992
2025-03-08 20:19:00,690 - root - INFO - Token Token-116 started task 'Monthly' at 2025-03-11 12:57:54.509252, scheduled to end at 2025-03-11 12:57:54.509252 (processing time: 0.00 min)
2025-03-08 20:19:00,691 - root - INFO - Token Token-116 completed task 'Monthly' at 2025-03-11 12:57:54.509252.
2025-03-08 20:19:00,691 - root - INFO - Token Token-116 waiting for resource 'Tech' at 2025-03-11 12:57:54.509252
2025-03-08 20:19:00,691 - root - INFO - Token Token-117 started task 'Monthly' at 2025-03-11 13:02:24.302715, scheduled to end at 2025-03-11 13:02:24.302715 (processing time: 0.00 min)
2025-03-08 20:19:00,692 - root - INFO - Token Token-117 completed task 'Monthly' at 2025-03-11 13:02:24.302715.
2025-03-08 20:19:00,692 - root - INFO - Token Token-117 waiting for resource 'Tech' at 2025-03-11 13:02:24.302715
2025-03-08 20:19:00,692 - root - INFO - Token Token-118 started task 'Monthly' at 2025-03-11 13:07:21.636652, scheduled to end at 2025-03-11 13:07:21.636652 (processing time: 0.00 min)
2025-03-08 20:19:00,693 - root - INFO - Token Token-118 completed task 'Monthly' at 2025-03-11 13:07:21.636652.
2025-03-08 20:19:00,693 - root - INFO - Token Token-118 waiting for resource 'Tech' at 2025-03-11 13:07:21.636652
2025-03-08 20:19:00,694 - root - INFO - Token Token-119 started task 'Monthly' at 2025-03-11 13:12:16.353850, scheduled to end at 2025-03-11 13:12:16.353850 (processing time: 0.00 min)
2025-03-08 20:19:00,694 - root - INFO - Token Token-119 completed task 'Monthly' at 2025-03-11 13:12:16.353850.
2025-03-08 20:19:00,694 - root - INFO - Token Token-119 waiting for resource 'Tech' at 2025-03-11 13:12:16.353850
2025-03-08 20:19:00,695 - root - INFO - Token Token-120 started task 'Monthly' at 2025-03-11 13:17:36.072087, scheduled to end at 2025-03-11 13:17:36.072087 (processing time: 0.00 min)
2025-03-08 20:19:00,695 - root - INFO - Token Token-120 completed task 'Monthly' at 2025-03-11 13:17:36.072087.
2025-03-08 20:19:00,695 - root - INFO - Token Token-120 waiting for resource 'Tech' at 2025-03-11 13:17:36.072087
2025-03-08 20:19:00,696 - root - INFO - Token Token-121 started task 'Monthly' at 2025-03-11 13:23:49.084225, scheduled to end at 2025-03-11 13:23:49.084225 (processing time: 0.00 min)
2025-03-08 20:19:00,696 - root - INFO - Token Token-121 completed task 'Monthly' at 2025-03-11 13:23:49.084225.
2025-03-08 20:19:00,697 - root - INFO - Token Token-121 waiting for resource 'Tech' at 2025-03-11 13:23:49.084225
2025-03-08 20:19:00,697 - root - INFO - Token Token-122 started task 'Monthly' at 2025-03-11 13:29:22.262494, scheduled to end at 2025-03-11 13:29:22.262494 (processing time: 0.00 min)
2025-03-08 20:19:00,697 - root - INFO - Token Token-122 completed task 'Monthly' at 2025-03-11 13:29:22.262494.
2025-03-08 20:19:00,698 - root - INFO - Token Token-122 waiting for resource 'Tech' at 2025-03-11 13:29:22.262494
2025-03-08 20:19:00,698 - root - INFO - Token Token-123 started task 'Monthly' at 2025-03-11 13:35:35.019299, scheduled to end at 2025-03-11 13:35:35.019299 (processing time: 0.00 min)
2025-03-08 20:19:00,699 - root - INFO - Token Token-123 completed task 'Monthly' at 2025-03-11 13:35:35.019299.
2025-03-08 20:19:00,699 - root - INFO - Token Token-123 waiting for resource 'Tech' at 2025-03-11 13:35:35.019299
2025-03-08 20:19:00,700 - root - INFO - Token Token-124 started task 'Monthly' at 2025-03-11 13:41:49.950625, scheduled to end at 2025-03-11 13:41:49.950625 (processing time: 0.00 min)
2025-03-08 20:19:00,700 - root - INFO - Token Token-124 completed task 'Monthly' at 2025-03-11 13:41:49.950625.
2025-03-08 20:19:00,701 - root - INFO - Token Token-124 waiting for resource 'Tech' at 2025-03-11 13:41:49.950625
2025-03-08 20:19:00,701 - root - INFO - Token Token-125 started task 'Monthly' at 2025-03-11 13:47:18.536873, scheduled to end at 2025-03-11 13:47:18.536873 (processing time: 0.00 min)
2025-03-08 20:19:00,701 - root - INFO - Token Token-125 completed task 'Monthly' at 2025-03-11 13:47:18.536873.
2025-03-08 20:19:00,702 - root - INFO - Token Token-125 waiting for resource 'Tech' at 2025-03-11 13:47:18.536873
2025-03-08 20:19:00,702 - root - INFO - Token Token-126 started task 'Monthly' at 2025-03-11 13:52:04.417051, scheduled to end at 2025-03-11 13:52:04.417051 (processing time: 0.00 min)
2025-03-08 20:19:00,703 - root - INFO - Token Token-126 completed task 'Monthly' at 2025-03-11 13:52:04.417051.
2025-03-08 20:19:00,703 - root - INFO - Token Token-126 waiting for resource 'Tech' at 2025-03-11 13:52:04.417051
2025-03-08 20:19:00,704 - root - INFO - Token Token-127 started task 'Monthly' at 2025-03-11 13:57:30.562781, scheduled to end at 2025-03-11 13:57:30.562781 (processing time: 0.00 min)
2025-03-08 20:19:00,704 - root - INFO - Token Token-127 completed task 'Monthly' at 2025-03-11 13:57:30.562781.
2025-03-08 20:19:00,705 - root - INFO - Token Token-127 waiting for resource 'Tech' at 2025-03-11 13:57:30.562781
2025-03-08 20:19:00,705 - root - INFO - Token Token-128 started task 'Monthly' at 2025-03-12 08:00:00, scheduled to end at 2025-03-12 08:00:00 (processing time: 0.00 min)
2025-03-08 20:19:00,705 - root - INFO - Token Token-128 completed task 'Monthly' at 2025-03-12 08:00:00.
2025-03-08 20:19:00,706 - root - INFO - Token Token-128 waiting for resource 'Tech' at 2025-03-12 08:00:00
2025-03-08 20:19:00,706 - root - INFO - Token Token-129 started task 'Monthly' at 2025-03-12 08:05:58.760051, scheduled to end at 2025-03-12 08:05:58.760051 (processing time: 0.00 min)
2025-03-08 20:19:00,707 - root - INFO - Token Token-129 completed task 'Monthly' at 2025-03-12 08:05:58.760051.
2025-03-08 20:19:00,707 - root - INFO - Token Token-129 waiting for resource 'Tech' at 2025-03-12 08:05:58.760051
2025-03-08 20:19:00,708 - root - INFO - Token Token-130 started task 'Monthly' at 2025-03-12 08:11:04.023193, scheduled to end at 2025-03-12 08:11:04.023193 (processing time: 0.00 min)
2025-03-08 20:19:00,708 - root - INFO - Token Token-130 completed task 'Monthly' at 2025-03-12 08:11:04.023193.
2025-03-08 20:19:00,709 - root - INFO - Token Token-130 waiting for resource 'Tech' at 2025-03-12 08:11:04.023193
2025-03-08 20:19:00,709 - root - INFO - Token Token-131 started task 'Monthly' at 2025-03-12 08:17:19.074611, scheduled to end at 2025-03-12 08:17:19.074611 (processing time: 0.00 min)
2025-03-08 20:19:00,710 - root - INFO - Token Token-131 completed task 'Monthly' at 2025-03-12 08:17:19.074611.
2025-03-08 20:19:00,710 - root - INFO - Token Token-131 waiting for resource 'Tech' at 2025-03-12 08:17:19.074611
2025-03-08 20:19:00,710 - root - INFO - Token Token-132 started task 'Monthly' at 2025-03-12 08:23:44.951994, scheduled to end at 2025-03-12 08:23:44.951994 (processing time: 0.00 min)
2025-03-08 20:19:00,711 - root - INFO - Token Token-132 completed task 'Monthly' at 2025-03-12 08:23:44.951994.
2025-03-08 20:19:00,711 - root - INFO - Token Token-132 waiting for resource 'Tech' at 2025-03-12 08:23:44.951994
2025-03-08 20:19:00,712 - root - INFO - Token Token-133 started task 'Monthly' at 2025-03-12 08:28:27.733832, scheduled to end at 2025-03-12 08:28:27.733832 (processing time: 0.00 min)
2025-03-08 20:19:00,712 - root - INFO - Token Token-133 completed task 'Monthly' at 2025-03-12 08:28:27.733832.
2025-03-08 20:19:00,712 - root - INFO - Token Token-133 waiting for resource 'Tech' at 2025-03-12 08:28:27.733832
2025-03-08 20:19:00,713 - root - INFO - Token Token-134 started task 'Monthly' at 2025-03-12 08:34:43.121570, scheduled to end at 2025-03-12 08:34:43.121570 (processing time: 0.00 min)
2025-03-08 20:19:00,713 - root - INFO - Token Token-134 completed task 'Monthly' at 2025-03-12 08:34:43.121570.
2025-03-08 20:19:00,713 - root - INFO - Token Token-134 waiting for resource 'Tech' at 2025-03-12 08:34:43.121570
2025-03-08 20:19:00,714 - root - INFO - Token Token-135 started task 'Monthly' at 2025-03-12 08:40:55.163777, scheduled to end at 2025-03-12 08:40:55.163777 (processing time: 0.00 min)
2025-03-08 20:19:00,714 - root - INFO - Token Token-135 completed task 'Monthly' at 2025-03-12 08:40:55.163777.
2025-03-08 20:19:00,714 - root - INFO - Token Token-135 waiting for resource 'Tech' at 2025-03-12 08:40:55.163777
2025-03-08 20:19:00,715 - root - INFO - Token Token-136 started task 'Monthly' at 2025-03-12 08:46:05.203998, scheduled to end at 2025-03-12 08:46:05.203998 (processing time: 0.00 min)
2025-03-08 20:19:00,715 - root - INFO - Token Token-136 completed task 'Monthly' at 2025-03-12 08:46:05.203998.
2025-03-08 20:19:00,715 - root - INFO - Token Token-136 waiting for resource 'Tech' at 2025-03-12 08:46:05.203998
2025-03-08 20:19:00,716 - root - INFO - Token Token-137 started task 'Monthly' at 2025-03-12 08:52:22.547014, scheduled to end at 2025-03-12 08:52:22.547014 (processing time: 0.00 min)
2025-03-08 20:19:00,717 - root - INFO - Token Token-137 completed task 'Monthly' at 2025-03-12 08:52:22.547014.
2025-03-08 20:19:00,719 - root - INFO - Token Token-137 waiting for resource 'Tech' at 2025-03-12 08:52:22.547014
2025-03-08 20:19:00,719 - root - INFO - Token Token-138 started task 'Monthly' at 2025-03-12 08:58:09.339183, scheduled to end at 2025-03-12 08:58:09.339183 (processing time: 0.00 min)
2025-03-08 20:19:00,737 - root - INFO - Token Token-138 completed task 'Monthly' at 2025-03-12 08:58:09.339183.
2025-03-08 20:19:00,738 - root - INFO - Token Token-138 waiting for resource 'Tech' at 2025-03-12 08:58:09.339183
2025-03-08 20:19:00,738 - root - INFO - Token Token-139 started task 'Monthly' at 2025-03-12 09:04:27.859684, scheduled to end at 2025-03-12 09:04:27.859684 (processing time: 0.00 min)
2025-03-08 20:19:00,739 - root - INFO - Token Token-139 completed task 'Monthly' at 2025-03-12 09:04:27.859684.
2025-03-08 20:19:00,739 - root - INFO - Token Token-139 waiting for resource 'Tech' at 2025-03-12 09:04:27.859684
2025-03-08 20:19:00,739 - root - INFO - Token Token-140 started task 'Monthly' at 2025-03-12 09:09:16.424524, scheduled to end at 2025-03-12 09:09:16.424524 (processing time: 0.00 min)
2025-03-08 20:19:00,740 - root - INFO - Token Token-140 completed task 'Monthly' at 2025-03-12 09:09:16.424524.
2025-03-08 20:19:00,740 - root - INFO - Token Token-140 waiting for resource 'Tech' at 2025-03-12 09:09:16.424524
2025-03-08 20:19:00,741 - root - INFO - Token Token-141 started task 'Monthly' at 2025-03-12 09:14:30.490164, scheduled to end at 2025-03-12 09:14:30.490164 (processing time: 0.00 min)
2025-03-08 20:19:00,742 - root - INFO - Token Token-141 completed task 'Monthly' at 2025-03-12 09:14:30.490164.
2025-03-08 20:19:00,743 - root - INFO - Token Token-141 waiting for resource 'Tech' at 2025-03-12 09:14:30.490164
2025-03-08 20:19:00,743 - root - INFO - Token Token-142 started task 'Monthly' at 2025-03-12 09:19:38.250766, scheduled to end at 2025-03-12 09:19:38.250766 (processing time: 0.00 min)
2025-03-08 20:19:00,744 - root - INFO - Token Token-142 completed task 'Monthly' at 2025-03-12 09:19:38.250766.
2025-03-08 20:19:00,744 - root - INFO - Token Token-142 waiting for resource 'Tech' at 2025-03-12 09:19:38.250766
2025-03-08 20:19:00,744 - root - INFO - Token Token-143 started task 'Monthly' at 2025-03-12 09:25:49.672500, scheduled to end at 2025-03-12 09:25:49.672500 (processing time: 0.00 min)
2025-03-08 20:19:00,745 - root - INFO - Token Token-143 completed task 'Monthly' at 2025-03-12 09:25:49.672500.
2025-03-08 20:19:00,745 - root - INFO - Token Token-143 waiting for resource 'Tech' at 2025-03-12 09:25:49.672500
2025-03-08 20:19:00,746 - root - INFO - Token Token-144 started task 'Monthly' at 2025-03-12 09:30:24.483412, scheduled to end at 2025-03-12 09:30:24.483412 (processing time: 0.00 min)
2025-03-08 20:19:00,747 - root - INFO - Token Token-144 completed task 'Monthly' at 2025-03-12 09:30:24.483412.
2025-03-08 20:19:00,748 - root - INFO - Token Token-144 waiting for resource 'Tech' at 2025-03-12 09:30:24.483412
2025-03-08 20:19:00,748 - root - INFO - Token Token-145 started task 'Monthly' at 2025-03-12 09:35:17.405855, scheduled to end at 2025-03-12 09:35:17.405855 (processing time: 0.00 min)
2025-03-08 20:19:00,748 - root - INFO - Token Token-145 completed task 'Monthly' at 2025-03-12 09:35:17.405855.
2025-03-08 20:19:00,749 - root - INFO - Token Token-145 waiting for resource 'Tech' at 2025-03-12 09:35:17.405855
2025-03-08 20:19:00,749 - root - INFO - Token Token-146 started task 'Monthly' at 2025-03-12 09:39:25.244157, scheduled to end at 2025-03-12 09:39:25.244157 (processing time: 0.00 min)
2025-03-08 20:19:00,749 - root - INFO - Token Token-146 completed task 'Monthly' at 2025-03-12 09:39:25.244157.
2025-03-08 20:19:00,750 - root - INFO - Token Token-146 waiting for resource 'Tech' at 2025-03-12 09:39:25.244157
2025-03-08 20:19:00,750 - root - INFO - Token Token-147 started task 'Monthly' at 2025-03-12 09:43:55.736678, scheduled to end at 2025-03-12 09:43:55.736678 (processing time: 0.00 min)
2025-03-08 20:19:00,751 - root - INFO - Token Token-147 completed task 'Monthly' at 2025-03-12 09:43:55.736678.
2025-03-08 20:19:00,751 - root - INFO - Token Token-147 waiting for resource 'Tech' at 2025-03-12 09:43:55.736678
2025-03-08 20:19:00,751 - root - INFO - Token Token-148 started task 'Monthly' at 2025-03-12 09:49:48.941834, scheduled to end at 2025-03-12 09:49:48.941834 (processing time: 0.00 min)
2025-03-08 20:19:00,752 - root - INFO - Token Token-148 completed task 'Monthly' at 2025-03-12 09:49:48.941834.
2025-03-08 20:19:00,752 - root - INFO - Token Token-148 waiting for resource 'Tech' at 2025-03-12 09:49:48.941834
2025-03-08 20:19:00,752 - root - INFO - Token Token-149 started task 'Monthly' at 2025-03-12 09:56:13.285645, scheduled to end at 2025-03-12 09:56:13.285645 (processing time: 0.00 min)
2025-03-08 20:19:00,753 - root - INFO - Token Token-149 completed task 'Monthly' at 2025-03-12 09:56:13.285645.
2025-03-08 20:19:00,753 - root - INFO - Token Token-149 waiting for resource 'Tech' at 2025-03-12 09:56:13.285645
2025-03-08 20:19:00,753 - root - INFO - Token Token-150 started task 'Monthly' at 2025-03-12 10:02:22.046826, scheduled to end at 2025-03-12 10:02:22.046826 (processing time: 0.00 min)
2025-03-08 20:19:00,754 - root - INFO - Token Token-150 completed task 'Monthly' at 2025-03-12 10:02:22.046826.
2025-03-08 20:19:00,754 - root - INFO - Token Token-150 waiting for resource 'Tech' at 2025-03-12 10:02:22.046826
2025-03-08 20:19:00,754 - root - INFO - Token Token-151 started task 'Monthly' at 2025-03-12 10:07:22.616365, scheduled to end at 2025-03-12 10:07:22.616365 (processing time: 0.00 min)
2025-03-08 20:19:00,755 - root - INFO - Token Token-151 completed task 'Monthly' at 2025-03-12 10:07:22.616365.
2025-03-08 20:19:00,755 - root - INFO - Token Token-151 waiting for resource 'Tech' at 2025-03-12 10:07:22.616365
2025-03-08 20:19:00,756 - root - INFO - Token Token-152 started task 'Monthly' at 2025-03-12 10:13:42.652850, scheduled to end at 2025-03-12 10:13:42.652850 (processing time: 0.00 min)
2025-03-08 20:19:00,756 - root - INFO - Token Token-152 completed task 'Monthly' at 2025-03-12 10:13:42.652850.
2025-03-08 20:19:00,756 - root - INFO - Token Token-152 waiting for resource 'Tech' at 2025-03-12 10:13:42.652850
2025-03-08 20:19:00,757 - root - INFO - Token Token-153 started task 'Monthly' at 2025-03-12 10:18:32.484564, scheduled to end at 2025-03-12 10:18:32.484564 (processing time: 0.00 min)
2025-03-08 20:19:00,757 - root - INFO - Token Token-153 completed task 'Monthly' at 2025-03-12 10:18:32.484564.
2025-03-08 20:19:00,758 - root - INFO - Token Token-153 waiting for resource 'Tech' at 2025-03-12 10:18:32.484564
2025-03-08 20:19:00,758 - root - INFO - Token Token-154 started task 'Monthly' at 2025-03-12 10:23:23.822421, scheduled to end at 2025-03-12 10:23:23.822421 (processing time: 0.00 min)
2025-03-08 20:19:00,758 - root - INFO - Token Token-154 completed task 'Monthly' at 2025-03-12 10:23:23.822421.
2025-03-08 20:19:00,759 - root - INFO - Token Token-154 waiting for resource 'Tech' at 2025-03-12 10:23:23.822421
2025-03-08 20:19:00,759 - root - INFO - Token Token-155 started task 'Monthly' at 2025-03-12 10:29:20.958795, scheduled to end at 2025-03-12 10:29:20.958795 (processing time: 0.00 min)
2025-03-08 20:19:00,760 - root - INFO - Token Token-155 completed task 'Monthly' at 2025-03-12 10:29:20.958795.
2025-03-08 20:19:00,760 - root - INFO - Token Token-155 waiting for resource 'Tech' at 2025-03-12 10:29:20.958795
2025-03-08 20:19:00,761 - root - INFO - Token Token-156 started task 'Monthly' at 2025-03-12 10:35:29.333367, scheduled to end at 2025-03-12 10:35:29.333367 (processing time: 0.00 min)
2025-03-08 20:19:00,762 - root - INFO - Token Token-156 completed task 'Monthly' at 2025-03-12 10:35:29.333367.
2025-03-08 20:19:00,762 - root - INFO - Token Token-156 waiting for resource 'Tech' at 2025-03-12 10:35:29.333367
2025-03-08 20:19:00,763 - root - INFO - Token Token-157 started task 'Monthly' at 2025-03-12 10:40:56.092248, scheduled to end at 2025-03-12 10:40:56.092248 (processing time: 0.00 min)
2025-03-08 20:19:00,763 - root - INFO - Token Token-157 completed task 'Monthly' at 2025-03-12 10:40:56.092248.
2025-03-08 20:19:00,763 - root - INFO - Token Token-157 waiting for resource 'Tech' at 2025-03-12 10:40:56.092248
2025-03-08 20:19:00,764 - root - INFO - Token Token-158 started task 'Monthly' at 2025-03-12 10:47:21.800490, scheduled to end at 2025-03-12 10:47:21.800490 (processing time: 0.00 min)
2025-03-08 20:19:00,764 - root - INFO - Token Token-158 completed task 'Monthly' at 2025-03-12 10:47:21.800490.
2025-03-08 20:19:00,765 - root - INFO - Token Token-158 waiting for resource 'Tech' at 2025-03-12 10:47:21.800490
2025-03-08 20:19:00,783 - root - INFO - Token Token-159 started task 'Monthly' at 2025-03-12 10:52:21.161418, scheduled to end at 2025-03-12 10:52:21.161418 (processing time: 0.00 min)
2025-03-08 20:19:00,783 - root - INFO - Token Token-159 completed task 'Monthly' at 2025-03-12 10:52:21.161418.
2025-03-08 20:19:00,783 - root - INFO - Token Token-159 waiting for resource 'Tech' at 2025-03-12 10:52:21.161418
2025-03-08 20:19:00,783 - root - INFO - Token Token-160 started task 'Monthly' at 2025-03-12 10:58:06.930739, scheduled to end at 2025-03-12 10:58:06.930739 (processing time: 0.00 min)
2025-03-08 20:19:00,786 - root - INFO - Token Token-160 completed task 'Monthly' at 2025-03-12 10:58:06.930739.
2025-03-08 20:19:00,786 - root - INFO - Token Token-160 waiting for resource 'Tech' at 2025-03-12 10:58:06.930739
2025-03-08 20:19:00,786 - root - INFO - Token Token-161 started task 'Monthly' at 2025-03-12 11:04:28.113216, scheduled to end at 2025-03-12 11:04:28.113216 (processing time: 0.00 min)
2025-03-08 20:19:00,786 - root - INFO - Token Token-161 completed task 'Monthly' at 2025-03-12 11:04:28.113216.
2025-03-08 20:19:00,786 - root - INFO - Token Token-161 waiting for resource 'Tech' at 2025-03-12 11:04:28.113216
2025-03-08 20:19:00,787 - root - INFO - Token Token-162 started task 'Monthly' at 2025-03-12 11:09:57.480926, scheduled to end at 2025-03-12 11:09:57.480926 (processing time: 0.00 min)
2025-03-08 20:19:00,787 - root - INFO - Token Token-162 completed task 'Monthly' at 2025-03-12 11:09:57.480926.
2025-03-08 20:19:00,787 - root - INFO - Token Token-162 waiting for resource 'Tech' at 2025-03-12 11:09:57.480926
2025-03-08 20:19:00,787 - root - INFO - Token Token-163 started task 'Monthly' at 2025-03-12 11:16:19.394074, scheduled to end at 2025-03-12 11:16:19.394074 (processing time: 0.00 min)
2025-03-08 20:19:00,787 - root - INFO - Token Token-163 completed task 'Monthly' at 2025-03-12 11:16:19.394074.
2025-03-08 20:19:00,788 - root - INFO - Token Token-163 waiting for resource 'Tech' at 2025-03-12 11:16:19.394074
2025-03-08 20:19:00,788 - root - INFO - Token Token-164 started task 'Monthly' at 2025-03-12 11:22:25.997236, scheduled to end at 2025-03-12 11:22:25.997236 (processing time: 0.00 min)
2025-03-08 20:19:00,788 - root - INFO - Token Token-164 completed task 'Monthly' at 2025-03-12 11:22:25.997236.
2025-03-08 20:19:00,788 - root - INFO - Token Token-164 waiting for resource 'Tech' at 2025-03-12 11:22:25.997236
2025-03-08 20:19:00,788 - root - INFO - Token Token-165 started task 'Monthly' at 2025-03-12 11:28:06.090166, scheduled to end at 2025-03-12 11:28:06.090166 (processing time: 0.00 min)
2025-03-08 20:19:00,789 - root - INFO - Token Token-165 completed task 'Monthly' at 2025-03-12 11:28:06.090166.
2025-03-08 20:19:00,789 - root - INFO - Token Token-165 waiting for resource 'Tech' at 2025-03-12 11:28:06.090166
2025-03-08 20:19:00,789 - root - INFO - Token Token-166 started task 'Monthly' at 2025-03-12 11:34:17.488400, scheduled to end at 2025-03-12 11:34:17.488400 (processing time: 0.00 min)
2025-03-08 20:19:00,790 - root - INFO - Token Token-166 completed task 'Monthly' at 2025-03-12 11:34:17.488400.
2025-03-08 20:19:00,790 - root - INFO - Token Token-166 waiting for resource 'Tech' at 2025-03-12 11:34:17.488400
2025-03-08 20:19:00,790 - root - INFO - Token Token-167 started task 'Monthly' at 2025-03-12 11:40:27.549483, scheduled to end at 2025-03-12 11:40:27.549483 (processing time: 0.00 min)
2025-03-08 20:19:00,790 - root - INFO - Token Token-167 completed task 'Monthly' at 2025-03-12 11:40:27.549483.
2025-03-08 20:19:00,792 - root - INFO - Token Token-167 waiting for resource 'Tech' at 2025-03-12 11:40:27.549483
2025-03-08 20:19:00,792 - root - INFO - Token Token-168 started task 'Monthly' at 2025-03-12 11:46:42.035140, scheduled to end at 2025-03-12 11:46:42.035140 (processing time: 0.00 min)
2025-03-08 20:19:00,792 - root - INFO - Token Token-168 completed task 'Monthly' at 2025-03-12 11:46:42.035140.
2025-03-08 20:19:00,792 - root - INFO - Token Token-168 waiting for resource 'Tech' at 2025-03-12 11:46:42.035140
2025-03-08 20:19:00,793 - root - INFO - Token Token-169 started task 'Monthly' at 2025-03-12 11:52:36.138579, scheduled to end at 2025-03-12 11:52:36.138579 (processing time: 0.00 min)
2025-03-08 20:19:00,793 - root - INFO - Token Token-169 completed task 'Monthly' at 2025-03-12 11:52:36.138579.
2025-03-08 20:19:00,793 - root - INFO - Token Token-169 waiting for resource 'Tech' at 2025-03-12 11:52:36.138579
2025-03-08 20:19:00,793 - root - INFO - Token Token-170 started task 'Monthly' at 2025-03-12 11:59:02.243504, scheduled to end at 2025-03-12 11:59:02.243504 (processing time: 0.00 min)
2025-03-08 20:19:00,794 - root - INFO - Token Token-170 completed task 'Monthly' at 2025-03-12 11:59:02.243504.
2025-03-08 20:19:00,794 - root - INFO - Token Token-170 waiting for resource 'Tech' at 2025-03-12 11:59:02.243504
2025-03-08 20:19:00,794 - root - INFO - Token Token-171 started task 'Monthly' at 2025-03-12 12:05:12.339085, scheduled to end at 2025-03-12 12:05:12.339085 (processing time: 0.00 min)
2025-03-08 20:19:00,794 - root - INFO - Token Token-171 completed task 'Monthly' at 2025-03-12 12:05:12.339085.
2025-03-08 20:19:00,795 - root - INFO - Token Token-171 waiting for resource 'Tech' at 2025-03-12 12:05:12.339085
2025-03-08 20:19:00,795 - root - INFO - Token Token-172 started task 'Monthly' at 2025-03-12 12:10:28.500234, scheduled to end at 2025-03-12 12:10:28.500234 (processing time: 0.00 min)
2025-03-08 20:19:00,795 - root - INFO - Token Token-172 completed task 'Monthly' at 2025-03-12 12:10:28.500234.
2025-03-08 20:19:00,796 - root - INFO - Token Token-172 waiting for resource 'Tech' at 2025-03-12 12:10:28.500234
2025-03-08 20:19:00,796 - root - INFO - Token Token-173 started task 'Monthly' at 2025-03-12 12:16:05.833298, scheduled to end at 2025-03-12 12:16:05.833298 (processing time: 0.00 min)
2025-03-08 20:19:00,796 - root - INFO - Token Token-173 completed task 'Monthly' at 2025-03-12 12:16:05.833298.
2025-03-08 20:19:00,798 - root - INFO - Token Token-173 waiting for resource 'Tech' at 2025-03-12 12:16:05.833298
2025-03-08 20:19:00,798 - root - INFO - Token Token-174 started task 'Monthly' at 2025-03-12 12:22:30.999639, scheduled to end at 2025-03-12 12:22:30.999639 (processing time: 0.00 min)
2025-03-08 20:19:00,798 - root - INFO - Token Token-174 completed task 'Monthly' at 2025-03-12 12:22:30.999639.
2025-03-08 20:19:00,799 - root - INFO - Token Token-174 waiting for resource 'Tech' at 2025-03-12 12:22:30.999639
2025-03-08 20:19:00,800 - root - INFO - Token Token-175 started task 'Monthly' at 2025-03-12 12:28:50.991403, scheduled to end at 2025-03-12 12:28:50.991403 (processing time: 0.00 min)
2025-03-08 20:19:00,801 - root - INFO - Token Token-175 completed task 'Monthly' at 2025-03-12 12:28:50.991403.
2025-03-08 20:19:00,801 - root - INFO - Token Token-175 waiting for resource 'Tech' at 2025-03-12 12:28:50.991403
2025-03-08 20:19:00,801 - root - INFO - Token Token-176 started task 'Monthly' at 2025-03-12 12:35:17.319089, scheduled to end at 2025-03-12 12:35:17.319089 (processing time: 0.00 min)
2025-03-08 20:19:00,802 - root - INFO - Token Token-176 completed task 'Monthly' at 2025-03-12 12:35:17.319089.
2025-03-08 20:19:00,802 - root - INFO - Token Token-176 waiting for resource 'Tech' at 2025-03-12 12:35:17.319089
2025-03-08 20:19:00,802 - root - INFO - Token Token-177 started task 'Monthly' at 2025-03-12 12:41:26.038483, scheduled to end at 2025-03-12 12:41:26.038483 (processing time: 0.00 min)
2025-03-08 20:19:00,803 - root - INFO - Token Token-177 completed task 'Monthly' at 2025-03-12 12:41:26.038483.
2025-03-08 20:19:00,803 - root - INFO - Token Token-177 waiting for resource 'Tech' at 2025-03-12 12:41:26.038483
2025-03-08 20:19:00,804 - root - INFO - Token Token-178 started task 'Monthly' at 2025-03-12 12:46:42.440397, scheduled to end at 2025-03-12 12:46:42.440397 (processing time: 0.00 min)
2025-03-08 20:19:00,804 - root - INFO - Token Token-178 completed task 'Monthly' at 2025-03-12 12:46:42.440397.
2025-03-08 20:19:00,804 - root - INFO - Token Token-178 waiting for resource 'Tech' at 2025-03-12 12:46:42.440397
2025-03-08 20:19:00,805 - root - INFO - Token Token-179 started task 'Monthly' at 2025-03-12 12:52:55.548400, scheduled to end at 2025-03-12 12:52:55.548400 (processing time: 0.00 min)
2025-03-08 20:19:00,805 - root - INFO - Token Token-179 completed task 'Monthly' at 2025-03-12 12:52:55.548400.
2025-03-08 20:19:00,806 - root - INFO - Token Token-179 waiting for resource 'Tech' at 2025-03-12 12:52:55.548400
2025-03-08 20:19:00,806 - root - INFO - Token Token-180 started task 'Monthly' at 2025-03-12 12:59:04.447331, scheduled to end at 2025-03-12 12:59:04.447331 (processing time: 0.00 min)
2025-03-08 20:19:00,806 - root - INFO - Token Token-180 completed task 'Monthly' at 2025-03-12 12:59:04.447331.
2025-03-08 20:19:00,807 - root - INFO - Token Token-180 waiting for resource 'Tech' at 2025-03-12 12:59:04.447331
2025-03-08 20:19:00,807 - root - INFO - Token Token-181 started task 'Monthly' at 2025-03-12 13:04:41.912138, scheduled to end at 2025-03-12 13:04:41.912138 (processing time: 0.00 min)
2025-03-08 20:19:00,807 - root - INFO - Token Token-181 completed task 'Monthly' at 2025-03-12 13:04:41.912138.
2025-03-08 20:19:00,808 - root - INFO - Token Token-181 waiting for resource 'Tech' at 2025-03-12 13:04:41.912138
2025-03-08 20:19:00,808 - root - INFO - Token Token-182 started task 'Monthly' at 2025-03-12 13:10:43.784225, scheduled to end at 2025-03-12 13:10:43.784225 (processing time: 0.00 min)
2025-03-08 20:19:00,809 - root - INFO - Token Token-182 completed task 'Monthly' at 2025-03-12 13:10:43.784225.
2025-03-08 20:19:00,809 - root - INFO - Token Token-182 waiting for resource 'Tech' at 2025-03-12 13:10:43.784225
2025-03-08 20:19:00,810 - root - INFO - Token Token-183 started task 'Monthly' at 2025-03-12 13:16:01.046589, scheduled to end at 2025-03-12 13:16:01.046589 (processing time: 0.00 min)
2025-03-08 20:19:00,812 - root - INFO - Token Token-183 completed task 'Monthly' at 2025-03-12 13:16:01.046589.
2025-03-08 20:19:00,812 - root - INFO - Token Token-183 waiting for resource 'Tech' at 2025-03-12 13:16:01.046589
2025-03-08 20:19:00,833 - root - INFO - Token Token-184 started task 'Monthly' at 2025-03-12 13:21:40.854656, scheduled to end at 2025-03-12 13:21:40.854656 (processing time: 0.00 min)
2025-03-08 20:19:00,833 - root - INFO - Token Token-184 completed task 'Monthly' at 2025-03-12 13:21:40.854656.
2025-03-08 20:19:00,833 - root - INFO - Token Token-184 waiting for resource 'Tech' at 2025-03-12 13:21:40.854656
2025-03-08 20:19:00,834 - root - INFO - Token Token-185 started task 'Monthly' at 2025-03-12 13:26:50.240077, scheduled to end at 2025-03-12 13:26:50.240077 (processing time: 0.00 min)
2025-03-08 20:19:00,835 - root - INFO - Token Token-185 completed task 'Monthly' at 2025-03-12 13:26:50.240077.
2025-03-08 20:19:00,835 - root - INFO - Token Token-185 waiting for resource 'Tech' at 2025-03-12 13:26:50.240077
2025-03-08 20:19:00,835 - root - INFO - Token Token-186 started task 'Monthly' at 2025-03-12 13:32:25.913064, scheduled to end at 2025-03-12 13:32:25.913064 (processing time: 0.00 min)
2025-03-08 20:19:00,836 - root - INFO - Token Token-186 completed task 'Monthly' at 2025-03-12 13:32:25.913064.
2025-03-08 20:19:00,836 - root - INFO - Token Token-186 waiting for resource 'Tech' at 2025-03-12 13:32:25.913064
2025-03-08 20:19:00,836 - root - INFO - Token Token-187 started task 'Monthly' at 2025-03-12 13:37:56.808537, scheduled to end at 2025-03-12 13:37:56.808537 (processing time: 0.00 min)
2025-03-08 20:19:00,837 - root - INFO - Token Token-187 completed task 'Monthly' at 2025-03-12 13:37:56.808537.
2025-03-08 20:19:00,837 - root - INFO - Token Token-187 waiting for resource 'Tech' at 2025-03-12 13:37:56.808537
2025-03-08 20:19:00,838 - root - INFO - Token Token-188 started task 'Monthly' at 2025-03-12 13:44:15.656059, scheduled to end at 2025-03-12 13:44:15.656059 (processing time: 0.00 min)
2025-03-08 20:19:00,838 - root - INFO - Token Token-188 completed task 'Monthly' at 2025-03-12 13:44:15.656059.
2025-03-08 20:19:00,838 - root - INFO - Token Token-188 waiting for resource 'Tech' at 2025-03-12 13:44:15.656059
2025-03-08 20:19:00,839 - root - INFO - Token Token-189 started task 'Monthly' at 2025-03-12 13:49:48.098533, scheduled to end at 2025-03-12 13:49:48.098533 (processing time: 0.00 min)
2025-03-08 20:19:00,839 - root - INFO - Token Token-189 completed task 'Monthly' at 2025-03-12 13:49:48.098533.
2025-03-08 20:19:00,839 - root - INFO - Token Token-189 waiting for resource 'Tech' at 2025-03-12 13:49:48.098533
2025-03-08 20:19:00,840 - root - INFO - Token Token-190 started task 'Monthly' at 2025-03-12 13:55:40.022874, scheduled to end at 2025-03-12 13:55:40.022874 (processing time: 0.00 min)
2025-03-08 20:19:00,840 - root - INFO - Token Token-190 completed task 'Monthly' at 2025-03-12 13:55:40.022874.
2025-03-08 20:19:00,841 - root - INFO - Token Token-190 waiting for resource 'Tech' at 2025-03-12 13:55:40.022874
2025-03-08 20:19:00,841 - root - INFO - Token Token-191 started task 'Monthly' at 2025-03-13 08:00:00, scheduled to end at 2025-03-13 08:00:00 (processing time: 0.00 min)
2025-03-08 20:19:00,843 - root - INFO - Token Token-191 completed task 'Monthly' at 2025-03-13 08:00:00.
2025-03-08 20:19:00,843 - root - INFO - Token Token-191 waiting for resource 'Tech' at 2025-03-13 08:00:00
2025-03-08 20:19:00,845 - root - INFO - Token Token-192 started task 'Monthly' at 2025-03-13 08:05:30.485628, scheduled to end at 2025-03-13 08:05:30.485628 (processing time: 0.00 min)
2025-03-08 20:19:00,845 - root - INFO - Token Token-192 completed task 'Monthly' at 2025-03-13 08:05:30.485628.
2025-03-08 20:19:00,845 - root - INFO - Token Token-192 waiting for resource 'Tech' at 2025-03-13 08:05:30.485628
2025-03-08 20:19:00,846 - root - INFO - Token Token-193 started task 'Monthly' at 2025-03-13 08:11:15.909057, scheduled to end at 2025-03-13 08:11:15.909057 (processing time: 0.00 min)
2025-03-08 20:19:00,846 - root - INFO - Token Token-193 completed task 'Monthly' at 2025-03-13 08:11:15.909057.
2025-03-08 20:19:00,846 - root - INFO - Token Token-193 waiting for resource 'Tech' at 2025-03-13 08:11:15.909057
2025-03-08 20:19:00,846 - root - INFO - Token Token-194 started task 'Monthly' at 2025-03-13 08:17:25.940396, scheduled to end at 2025-03-13 08:17:25.940396 (processing time: 0.00 min)
2025-03-08 20:19:00,846 - root - INFO - Token Token-194 completed task 'Monthly' at 2025-03-13 08:17:25.940396.
2025-03-08 20:19:00,846 - root - INFO - Token Token-194 waiting for resource 'Tech' at 2025-03-13 08:17:25.940396
2025-03-08 20:19:00,846 - root - INFO - Token Token-195 started task 'Monthly' at 2025-03-13 08:21:57.599740, scheduled to end at 2025-03-13 08:21:57.599740 (processing time: 0.00 min)
2025-03-08 20:19:00,846 - root - INFO - Token Token-195 completed task 'Monthly' at 2025-03-13 08:21:57.599740.
2025-03-08 20:19:00,846 - root - INFO - Token Token-195 waiting for resource 'Tech' at 2025-03-13 08:21:57.599740
2025-03-08 20:19:00,846 - root - INFO - Token Token-196 started task 'Monthly' at 2025-03-13 08:27:38.680378, scheduled to end at 2025-03-13 08:27:38.680378 (processing time: 0.00 min)
2025-03-08 20:19:00,846 - root - INFO - Token Token-196 completed task 'Monthly' at 2025-03-13 08:27:38.680378.
2025-03-08 20:19:00,846 - root - INFO - Token Token-196 waiting for resource 'Tech' at 2025-03-13 08:27:38.680378
2025-03-08 20:19:00,846 - root - INFO - Token Token-197 started task 'Monthly' at 2025-03-13 08:33:44.178801, scheduled to end at 2025-03-13 08:33:44.178801 (processing time: 0.00 min)
2025-03-08 20:19:00,846 - root - INFO - Token Token-197 completed task 'Monthly' at 2025-03-13 08:33:44.178801.
2025-03-08 20:19:00,850 - root - INFO - Token Token-197 waiting for resource 'Tech' at 2025-03-13 08:33:44.178801
2025-03-08 20:19:00,850 - root - INFO - Token Token-198 started task 'Monthly' at 2025-03-13 08:40:09.994871, scheduled to end at 2025-03-13 08:40:09.994871 (processing time: 0.00 min)
2025-03-08 20:19:00,850 - root - INFO - Token Token-198 completed task 'Monthly' at 2025-03-13 08:40:09.994871.
2025-03-08 20:19:00,850 - root - INFO - Token Token-198 waiting for resource 'Tech' at 2025-03-13 08:40:09.994871
2025-03-08 20:19:00,851 - root - INFO - Token Token-199 started task 'Monthly' at 2025-03-13 08:46:30.367155, scheduled to end at 2025-03-13 08:46:30.367155 (processing time: 0.00 min)
2025-03-08 20:19:00,851 - root - INFO - Token Token-199 completed task 'Monthly' at 2025-03-13 08:46:30.367155.
2025-03-08 20:19:00,851 - root - INFO - Token Token-199 waiting for resource 'Tech' at 2025-03-13 08:46:30.367155
2025-03-08 20:19:00,851 - root - INFO - Token Token-200 started task 'Monthly' at 2025-03-13 08:51:45.545006, scheduled to end at 2025-03-13 08:51:45.545006 (processing time: 0.00 min)
2025-03-08 20:19:00,852 - root - INFO - Token Token-200 completed task 'Monthly' at 2025-03-13 08:51:45.545006.
2025-03-08 20:19:00,852 - root - INFO - Token Token-200 waiting for resource 'Tech' at 2025-03-13 08:51:45.545006
2025-03-08 20:19:00,852 - root - INFO - Token Token-201 started task 'Monthly' at 2025-03-13 08:57:58.481655, scheduled to end at 2025-03-13 08:57:58.481655 (processing time: 0.00 min)
2025-03-08 20:19:00,853 - root - INFO - Token Token-201 completed task 'Monthly' at 2025-03-13 08:57:58.481655.
2025-03-08 20:19:00,853 - root - INFO - Token Token-201 waiting for resource 'Tech' at 2025-03-13 08:57:58.481655
2025-03-08 20:19:00,853 - root - INFO - Token Token-202 started task 'Monthly' at 2025-03-13 09:03:43.039018, scheduled to end at 2025-03-13 09:03:43.039018 (processing time: 0.00 min)
2025-03-08 20:19:00,854 - root - INFO - Token Token-202 completed task 'Monthly' at 2025-03-13 09:03:43.039018.
2025-03-08 20:19:00,855 - root - INFO - Token Token-202 waiting for resource 'Tech' at 2025-03-13 09:03:43.039018
2025-03-08 20:19:00,872 - root - INFO - Token Token-203 started task 'Monthly' at 2025-03-13 09:09:18.268335, scheduled to end at 2025-03-13 09:09:18.268335 (processing time: 0.00 min)
2025-03-08 20:19:00,873 - root - INFO - Token Token-203 completed task 'Monthly' at 2025-03-13 09:09:18.268335.
2025-03-08 20:19:00,874 - root - INFO - Token Token-203 waiting for resource 'Tech' at 2025-03-13 09:09:18.268335
2025-03-08 20:19:00,874 - root - INFO - Token Token-204 started task 'Monthly' at 2025-03-13 09:14:07.885466, scheduled to end at 2025-03-13 09:14:07.885466 (processing time: 0.00 min)
2025-03-08 20:19:00,874 - root - INFO - Token Token-204 completed task 'Monthly' at 2025-03-13 09:14:07.885466.
2025-03-08 20:19:00,875 - root - INFO - Token Token-204 waiting for resource 'Tech' at 2025-03-13 09:14:07.885466
2025-03-08 20:19:00,875 - root - INFO - Token Token-205 started task 'Monthly' at 2025-03-13 09:19:47.107293, scheduled to end at 2025-03-13 09:19:47.107293 (processing time: 0.00 min)
2025-03-08 20:19:00,876 - root - INFO - Token Token-205 completed task 'Monthly' at 2025-03-13 09:19:47.107293.
2025-03-08 20:19:00,876 - root - INFO - Token Token-205 waiting for resource 'Tech' at 2025-03-13 09:19:47.107293
2025-03-08 20:19:00,876 - root - INFO - Token Token-206 started task 'Monthly' at 2025-03-13 09:25:33.982948, scheduled to end at 2025-03-13 09:25:33.982948 (processing time: 0.00 min)
2025-03-08 20:19:00,877 - root - INFO - Token Token-206 completed task 'Monthly' at 2025-03-13 09:25:33.982948.
2025-03-08 20:19:00,877 - root - INFO - Token Token-206 waiting for resource 'Tech' at 2025-03-13 09:25:33.982948
2025-03-08 20:19:00,877 - root - INFO - Token Token-207 started task 'Monthly' at 2025-03-13 09:30:09.726574, scheduled to end at 2025-03-13 09:30:09.726574 (processing time: 0.00 min)
2025-03-08 20:19:00,878 - root - INFO - Token Token-207 completed task 'Monthly' at 2025-03-13 09:30:09.726574.
2025-03-08 20:19:00,878 - root - INFO - Token Token-207 waiting for resource 'Tech' at 2025-03-13 09:30:09.726574
2025-03-08 20:19:00,878 - root - INFO - Token Token-208 started task 'Monthly' at 2025-03-13 09:36:12.083670, scheduled to end at 2025-03-13 09:36:12.083670 (processing time: 0.00 min)
2025-03-08 20:19:00,881 - root - INFO - Token Token-208 completed task 'Monthly' at 2025-03-13 09:36:12.083670.
2025-03-08 20:19:00,882 - root - INFO - Token Token-208 waiting for resource 'Tech' at 2025-03-13 09:36:12.083670
2025-03-08 20:19:00,882 - root - INFO - Token Token-209 started task 'Monthly' at 2025-03-13 09:41:36.722211, scheduled to end at 2025-03-13 09:41:36.722211 (processing time: 0.00 min)
2025-03-08 20:19:00,883 - root - INFO - Token Token-209 completed task 'Monthly' at 2025-03-13 09:41:36.722211.
2025-03-08 20:19:00,883 - root - INFO - Token Token-209 waiting for resource 'Tech' at 2025-03-13 09:41:36.722211
2025-03-08 20:19:00,883 - root - INFO - Token Token-210 started task 'Monthly' at 2025-03-13 09:47:43.723748, scheduled to end at 2025-03-13 09:47:43.723748 (processing time: 0.00 min)
2025-03-08 20:19:00,884 - root - INFO - Token Token-210 completed task 'Monthly' at 2025-03-13 09:47:43.723748.
2025-03-08 20:19:00,884 - root - INFO - Token Token-210 waiting for resource 'Tech' at 2025-03-13 09:47:43.723748
2025-03-08 20:19:00,885 - root - INFO - Token Token-211 started task 'Monthly' at 2025-03-13 09:53:20.014557, scheduled to end at 2025-03-13 09:53:20.014557 (processing time: 0.00 min)
2025-03-08 20:19:00,885 - root - INFO - Token Token-211 completed task 'Monthly' at 2025-03-13 09:53:20.014557.
2025-03-08 20:19:00,885 - root - INFO - Token Token-211 waiting for resource 'Tech' at 2025-03-13 09:53:20.014557
2025-03-08 20:19:00,886 - root - INFO - Token Token-212 started task 'Monthly' at 2025-03-13 09:58:56.970949, scheduled to end at 2025-03-13 09:58:56.970949 (processing time: 0.00 min)
2025-03-08 20:19:00,886 - root - INFO - Token Token-212 completed task 'Monthly' at 2025-03-13 09:58:56.970949.
2025-03-08 20:19:00,886 - root - INFO - Token Token-212 waiting for resource 'Tech' at 2025-03-13 09:58:56.970949
2025-03-08 20:19:00,887 - root - INFO - Token Token-213 started task 'Monthly' at 2025-03-13 10:04:40.382276, scheduled to end at 2025-03-13 10:04:40.382276 (processing time: 0.00 min)
2025-03-08 20:19:00,887 - root - INFO - Token Token-213 completed task 'Monthly' at 2025-03-13 10:04:40.382276.
2025-03-08 20:19:00,887 - root - INFO - Token Token-213 waiting for resource 'Tech' at 2025-03-13 10:04:40.382276
2025-03-08 20:19:00,888 - root - INFO - Token Token-214 started task 'Monthly' at 2025-03-13 10:09:21.166570, scheduled to end at 2025-03-13 10:09:21.166570 (processing time: 0.00 min)
2025-03-08 20:19:00,888 - root - INFO - Token Token-214 completed task 'Monthly' at 2025-03-13 10:09:21.166570.
2025-03-08 20:19:00,889 - root - INFO - Token Token-214 waiting for resource 'Tech' at 2025-03-13 10:09:21.166570
2025-03-08 20:19:00,889 - root - INFO - Token Token-215 started task 'Monthly' at 2025-03-13 10:14:28.975780, scheduled to end at 2025-03-13 10:14:28.975780 (processing time: 0.00 min)
2025-03-08 20:19:00,889 - root - INFO - Token Token-215 completed task 'Monthly' at 2025-03-13 10:14:28.975780.
2025-03-08 20:19:00,890 - root - INFO - Token Token-215 waiting for resource 'Tech' at 2025-03-13 10:14:28.975780
2025-03-08 20:19:00,890 - root - INFO - Token Token-216 started task 'Monthly' at 2025-03-13 10:20:42.729794, scheduled to end at 2025-03-13 10:20:42.729794 (processing time: 0.00 min)
2025-03-08 20:19:00,891 - root - INFO - Token Token-216 completed task 'Monthly' at 2025-03-13 10:20:42.729794.
2025-03-08 20:19:00,891 - root - INFO - Token Token-216 waiting for resource 'Tech' at 2025-03-13 10:20:42.729794
2025-03-08 20:19:00,891 - root - INFO - Token Token-217 started task 'Monthly' at 2025-03-13 10:27:09.504447, scheduled to end at 2025-03-13 10:27:09.504447 (processing time: 0.00 min)
2025-03-08 20:19:00,892 - root - INFO - Token Token-217 completed task 'Monthly' at 2025-03-13 10:27:09.504447.
2025-03-08 20:19:00,892 - root - INFO - Token Token-217 waiting for resource 'Tech' at 2025-03-13 10:27:09.504447
2025-03-08 20:19:00,892 - root - INFO - Token Token-218 started task 'Monthly' at 2025-03-13 10:31:51.110212, scheduled to end at 2025-03-13 10:31:51.110212 (processing time: 0.00 min)
2025-03-08 20:19:00,893 - root - INFO - Token Token-218 completed task 'Monthly' at 2025-03-13 10:31:51.110212.
2025-03-08 20:19:00,893 - root - INFO - Token Token-218 waiting for resource 'Tech' at 2025-03-13 10:31:51.110212
2025-03-08 20:19:00,893 - root - INFO - Token Token-219 started task 'Monthly' at 2025-03-13 10:37:59.953871, scheduled to end at 2025-03-13 10:37:59.953871 (processing time: 0.00 min)
2025-03-08 20:19:00,894 - root - INFO - Token Token-219 completed task 'Monthly' at 2025-03-13 10:37:59.953871.
2025-03-08 20:19:00,895 - root - INFO - Token Token-219 waiting for resource 'Tech' at 2025-03-13 10:37:59.953871
2025-03-08 20:19:00,895 - root - INFO - Token Token-220 started task 'Monthly' at 2025-03-13 10:43:28.962928, scheduled to end at 2025-03-13 10:43:28.962928 (processing time: 0.00 min)
2025-03-08 20:19:00,895 - root - INFO - Token Token-220 completed task 'Monthly' at 2025-03-13 10:43:28.962928.
2025-03-08 20:19:00,896 - root - INFO - Token Token-220 waiting for resource 'Tech' at 2025-03-13 10:43:28.962928
2025-03-08 20:19:00,896 - root - INFO - Token Token-221 started task 'Monthly' at 2025-03-13 10:49:12.795861, scheduled to end at 2025-03-13 10:49:12.795861 (processing time: 0.00 min)
2025-03-08 20:19:00,897 - root - INFO - Token Token-221 completed task 'Monthly' at 2025-03-13 10:49:12.795861.
2025-03-08 20:19:00,897 - root - INFO - Token Token-221 waiting for resource 'Tech' at 2025-03-13 10:49:12.795861
2025-03-08 20:19:00,897 - root - INFO - Token Token-222 started task 'Monthly' at 2025-03-13 10:54:42.378441, scheduled to end at 2025-03-13 10:54:42.378441 (processing time: 0.00 min)
2025-03-08 20:19:00,898 - root - INFO - Token Token-222 completed task 'Monthly' at 2025-03-13 10:54:42.378441.
2025-03-08 20:19:00,898 - root - INFO - Token Token-222 waiting for resource 'Tech' at 2025-03-13 10:54:42.378441
2025-03-08 20:19:00,900 - root - INFO - Token Token-223 started task 'Monthly' at 2025-03-13 10:59:05.393527, scheduled to end at 2025-03-13 10:59:05.393527 (processing time: 0.00 min)
2025-03-08 20:19:00,901 - root - INFO - Token Token-223 completed task 'Monthly' at 2025-03-13 10:59:05.393527.
2025-03-08 20:19:00,915 - root - INFO - Token Token-223 waiting for resource 'Tech' at 2025-03-13 10:59:05.393527
2025-03-08 20:19:00,916 - root - INFO - Token Token-224 started task 'Monthly' at 2025-03-13 11:05:18.812953, scheduled to end at 2025-03-13 11:05:18.812953 (processing time: 0.00 min)
2025-03-08 20:19:00,916 - root - INFO - Token Token-224 completed task 'Monthly' at 2025-03-13 11:05:18.812953.
2025-03-08 20:19:00,917 - root - INFO - Token Token-224 waiting for resource 'Tech' at 2025-03-13 11:05:18.812953
2025-03-08 20:19:00,917 - root - INFO - Token Token-225 started task 'Monthly' at 2025-03-13 11:11:33.099189, scheduled to end at 2025-03-13 11:11:33.099189 (processing time: 0.00 min)
2025-03-08 20:19:00,917 - root - INFO - Token Token-225 completed task 'Monthly' at 2025-03-13 11:11:33.099189.
2025-03-08 20:19:00,918 - root - INFO - Token Token-225 waiting for resource 'Tech' at 2025-03-13 11:11:33.099189
2025-03-08 20:19:00,920 - root - INFO - Token Token-226 started task 'Monthly' at 2025-03-13 11:17:00.998964, scheduled to end at 2025-03-13 11:17:00.998964 (processing time: 0.00 min)
2025-03-08 20:19:00,921 - root - INFO - Token Token-226 completed task 'Monthly' at 2025-03-13 11:17:00.998964.
2025-03-08 20:19:00,922 - root - INFO - Token Token-226 waiting for resource 'Tech' at 2025-03-13 11:17:00.998964
2025-03-08 20:19:00,923 - root - INFO - Token Token-227 started task 'Monthly' at 2025-03-13 11:22:26.287639, scheduled to end at 2025-03-13 11:22:26.287639 (processing time: 0.00 min)
2025-03-08 20:19:00,924 - root - INFO - Token Token-227 completed task 'Monthly' at 2025-03-13 11:22:26.287639.
2025-03-08 20:19:00,925 - root - INFO - Token Token-227 waiting for resource 'Tech' at 2025-03-13 11:22:26.287639
2025-03-08 20:19:00,925 - root - INFO - Token Token-228 started task 'Monthly' at 2025-03-13 11:28:33.893046, scheduled to end at 2025-03-13 11:28:33.893046 (processing time: 0.00 min)
2025-03-08 20:19:00,926 - root - INFO - Token Token-228 completed task 'Monthly' at 2025-03-13 11:28:33.893046.
2025-03-08 20:19:00,926 - root - INFO - Token Token-228 waiting for resource 'Tech' at 2025-03-13 11:28:33.893046
2025-03-08 20:19:00,926 - root - INFO - Token Token-229 started task 'Monthly' at 2025-03-13 11:34:02.953427, scheduled to end at 2025-03-13 11:34:02.953427 (processing time: 0.00 min)
2025-03-08 20:19:00,927 - root - INFO - Token Token-229 completed task 'Monthly' at 2025-03-13 11:34:02.953427.
2025-03-08 20:19:00,927 - root - INFO - Token Token-229 waiting for resource 'Tech' at 2025-03-13 11:34:02.953427
2025-03-08 20:19:00,927 - root - INFO - Token Token-230 started task 'Monthly' at 2025-03-13 11:39:31.636184, scheduled to end at 2025-03-13 11:39:31.636184 (processing time: 0.00 min)
2025-03-08 20:19:00,928 - root - INFO - Token Token-230 completed task 'Monthly' at 2025-03-13 11:39:31.636184.
2025-03-08 20:19:00,928 - root - INFO - Token Token-230 waiting for resource 'Tech' at 2025-03-13 11:39:31.636184
2025-03-08 20:19:00,928 - root - INFO - Token Token-231 started task 'Monthly' at 2025-03-13 11:44:03.198050, scheduled to end at 2025-03-13 11:44:03.198050 (processing time: 0.00 min)
2025-03-08 20:19:00,930 - root - INFO - Token Token-231 completed task 'Monthly' at 2025-03-13 11:44:03.198050.
2025-03-08 20:19:00,930 - root - INFO - Token Token-231 waiting for resource 'Tech' at 2025-03-13 11:44:03.198050
2025-03-08 20:19:00,930 - root - INFO - Token Token-232 started task 'Monthly' at 2025-03-13 11:49:53.524390, scheduled to end at 2025-03-13 11:49:53.524390 (processing time: 0.00 min)
2025-03-08 20:19:00,931 - root - INFO - Token Token-232 completed task 'Monthly' at 2025-03-13 11:49:53.524390.
2025-03-08 20:19:00,931 - root - INFO - Token Token-232 waiting for resource 'Tech' at 2025-03-13 11:49:53.524390
2025-03-08 20:19:00,931 - root - INFO - Token Token-233 started task 'Monthly' at 2025-03-13 11:56:17.976206, scheduled to end at 2025-03-13 11:56:17.976206 (processing time: 0.00 min)
2025-03-08 20:19:00,932 - root - INFO - Token Token-233 completed task 'Monthly' at 2025-03-13 11:56:17.976206.
2025-03-08 20:19:00,932 - root - INFO - Token Token-233 waiting for resource 'Tech' at 2025-03-13 11:56:17.976206
2025-03-08 20:19:00,932 - root - INFO - Token Token-234 started task 'Monthly' at 2025-03-13 12:02:40.300281, scheduled to end at 2025-03-13 12:02:40.300281 (processing time: 0.00 min)
2025-03-08 20:19:00,933 - root - INFO - Token Token-234 completed task 'Monthly' at 2025-03-13 12:02:40.300281.
2025-03-08 20:19:00,933 - root - INFO - Token Token-234 waiting for resource 'Tech' at 2025-03-13 12:02:40.300281
2025-03-08 20:19:00,934 - root - INFO - Token Token-235 started task 'Monthly' at 2025-03-13 12:08:40.132580, scheduled to end at 2025-03-13 12:08:40.132580 (processing time: 0.00 min)
2025-03-08 20:19:00,934 - root - INFO - Token Token-235 completed task 'Monthly' at 2025-03-13 12:08:40.132580.
2025-03-08 20:19:00,935 - root - INFO - Token Token-235 waiting for resource 'Tech' at 2025-03-13 12:08:40.132580
2025-03-08 20:19:00,935 - root - INFO - Token Token-236 started task 'Monthly' at 2025-03-13 12:14:20.701969, scheduled to end at 2025-03-13 12:14:20.701969 (processing time: 0.00 min)
2025-03-08 20:19:00,936 - root - INFO - Token Token-236 completed task 'Monthly' at 2025-03-13 12:14:20.701969.
2025-03-08 20:19:00,936 - root - INFO - Token Token-236 waiting for resource 'Tech' at 2025-03-13 12:14:20.701969
2025-03-08 20:19:00,936 - root - INFO - Token Token-237 started task 'Monthly' at 2025-03-13 12:20:44.926192, scheduled to end at 2025-03-13 12:20:44.926192 (processing time: 0.00 min)
2025-03-08 20:19:00,937 - root - INFO - Token Token-237 completed task 'Monthly' at 2025-03-13 12:20:44.926192.
2025-03-08 20:19:00,937 - root - INFO - Token Token-237 waiting for resource 'Tech' at 2025-03-13 12:20:44.926192
2025-03-08 20:19:00,937 - root - INFO - Token Token-238 started task 'Monthly' at 2025-03-13 12:26:56.847203, scheduled to end at 2025-03-13 12:26:56.847203 (processing time: 0.00 min)
2025-03-08 20:19:00,938 - root - INFO - Token Token-238 completed task 'Monthly' at 2025-03-13 12:26:56.847203.
2025-03-08 20:19:00,938 - root - INFO - Token Token-238 waiting for resource 'Tech' at 2025-03-13 12:26:56.847203
2025-03-08 20:19:00,938 - root - INFO - Token Token-239 started task 'Monthly' at 2025-03-13 12:32:48.285123, scheduled to end at 2025-03-13 12:32:48.285123 (processing time: 0.00 min)
2025-03-08 20:19:00,939 - root - INFO - Token Token-239 completed task 'Monthly' at 2025-03-13 12:32:48.285123.
2025-03-08 20:19:00,939 - root - INFO - Token Token-239 waiting for resource 'Tech' at 2025-03-13 12:32:48.285123
2025-03-08 20:19:00,939 - root - INFO - Token Token-240 started task 'Monthly' at 2025-03-13 12:37:40.610468, scheduled to end at 2025-03-13 12:37:40.610468 (processing time: 0.00 min)
2025-03-08 20:19:00,940 - root - INFO - Token Token-240 completed task 'Monthly' at 2025-03-13 12:37:40.610468.
2025-03-08 20:19:00,940 - root - INFO - Token Token-240 waiting for resource 'Tech' at 2025-03-13 12:37:40.610468
2025-03-08 20:19:00,940 - root - INFO - Token Token-241 started task 'Monthly' at 2025-03-13 12:44:00.686892, scheduled to end at 2025-03-13 12:44:00.686892 (processing time: 0.00 min)
2025-03-08 20:19:00,941 - root - INFO - Token Token-241 completed task 'Monthly' at 2025-03-13 12:44:00.686892.
2025-03-08 20:19:00,941 - root - INFO - Token Token-241 waiting for resource 'Tech' at 2025-03-13 12:44:00.686892
2025-03-08 20:19:00,941 - root - INFO - Token Token-242 started task 'Monthly' at 2025-03-13 12:50:22.855203, scheduled to end at 2025-03-13 12:50:22.855203 (processing time: 0.00 min)
2025-03-08 20:19:00,942 - root - INFO - Token Token-242 completed task 'Monthly' at 2025-03-13 12:50:22.855203.
2025-03-08 20:19:00,942 - root - INFO - Token Token-242 waiting for resource 'Tech' at 2025-03-13 12:50:22.855203
2025-03-08 20:19:00,943 - root - INFO - Token Token-243 started task 'Monthly' at 2025-03-13 12:56:30.553052, scheduled to end at 2025-03-13 12:56:30.553052 (processing time: 0.00 min)
2025-03-08 20:19:00,943 - root - INFO - Token Token-243 completed task 'Monthly' at 2025-03-13 12:56:30.553052.
2025-03-08 20:19:00,944 - root - INFO - Token Token-243 waiting for resource 'Tech' at 2025-03-13 12:56:30.553052
2025-03-08 20:19:00,944 - root - INFO - Token Token-244 started task 'Monthly' at 2025-03-13 13:02:25.341874, scheduled to end at 2025-03-13 13:02:25.341874 (processing time: 0.00 min)
2025-03-08 20:19:00,945 - root - INFO - Token Token-244 completed task 'Monthly' at 2025-03-13 13:02:25.341874.
2025-03-08 20:19:00,945 - root - INFO - Token Token-244 waiting for resource 'Tech' at 2025-03-13 13:02:25.341874
2025-03-08 20:19:00,945 - root - INFO - Token Token-245 started task 'Monthly' at 2025-03-13 13:07:26.676737, scheduled to end at 2025-03-13 13:07:26.676737 (processing time: 0.00 min)
2025-03-08 20:19:00,946 - root - INFO - Token Token-245 completed task 'Monthly' at 2025-03-13 13:07:26.676737.
2025-03-08 20:19:00,947 - root - INFO - Token Token-245 waiting for resource 'Tech' at 2025-03-13 13:07:26.676737
2025-03-08 20:19:00,947 - root - INFO - Token Token-246 started task 'Monthly' at 2025-03-13 13:13:22.106649, scheduled to end at 2025-03-13 13:13:22.106649 (processing time: 0.00 min)
2025-03-08 20:19:00,948 - root - INFO - Token Token-246 completed task 'Monthly' at 2025-03-13 13:13:22.106649.
2025-03-08 20:19:00,948 - root - INFO - Token Token-246 waiting for resource 'Tech' at 2025-03-13 13:13:22.106649
2025-03-08 20:19:00,949 - root - INFO - Token Token-247 started task 'Monthly' at 2025-03-13 13:18:23.120114, scheduled to end at 2025-03-13 13:18:23.120114 (processing time: 0.00 min)
2025-03-08 20:19:00,950 - root - INFO - Token Token-247 completed task 'Monthly' at 2025-03-13 13:18:23.120114.
2025-03-08 20:19:00,950 - root - INFO - Token Token-247 waiting for resource 'Tech' at 2025-03-13 13:18:23.120114
2025-03-08 20:19:00,969 - root - INFO - Token Token-248 started task 'Monthly' at 2025-03-13 13:24:15.381383, scheduled to end at 2025-03-13 13:24:15.381383 (processing time: 0.00 min)
2025-03-08 20:19:00,969 - root - INFO - Token Token-248 completed task 'Monthly' at 2025-03-13 13:24:15.381383.
2025-03-08 20:19:00,969 - root - INFO - Token Token-248 waiting for resource 'Tech' at 2025-03-13 13:24:15.381383
2025-03-08 20:19:00,970 - root - INFO - Token Token-249 started task 'Monthly' at 2025-03-13 13:30:06.973213, scheduled to end at 2025-03-13 13:30:06.973213 (processing time: 0.00 min)
2025-03-08 20:19:00,970 - root - INFO - Token Token-249 completed task 'Monthly' at 2025-03-13 13:30:06.973213.
2025-03-08 20:19:00,970 - root - INFO - Token Token-249 waiting for resource 'Tech' at 2025-03-13 13:30:06.973213
2025-03-08 20:19:00,970 - root - INFO - Token Token-250 started task 'Monthly' at 2025-03-13 13:36:24.009221, scheduled to end at 2025-03-13 13:36:24.009221 (processing time: 0.00 min)
2025-03-08 20:19:00,971 - root - INFO - Token Token-250 completed task 'Monthly' at 2025-03-13 13:36:24.009221.
2025-03-08 20:19:00,971 - root - INFO - Token Token-250 waiting for resource 'Tech' at 2025-03-13 13:36:24.009221
2025-03-08 20:19:00,971 - root - INFO - Token Token-251 started task 'Monthly' at 2025-03-13 13:41:26.470627, scheduled to end at 2025-03-13 13:41:26.470627 (processing time: 0.00 min)
2025-03-08 20:19:00,971 - root - INFO - Token Token-251 completed task 'Monthly' at 2025-03-13 13:41:26.470627.
2025-03-08 20:19:00,972 - root - INFO - Token Token-251 waiting for resource 'Tech' at 2025-03-13 13:41:26.470627
2025-03-08 20:19:00,972 - root - INFO - Token Token-252 started task 'Monthly' at 2025-03-13 13:46:52.508522, scheduled to end at 2025-03-13 13:46:52.508522 (processing time: 0.00 min)
2025-03-08 20:19:00,972 - root - INFO - Token Token-252 completed task 'Monthly' at 2025-03-13 13:46:52.508522.
2025-03-08 20:19:00,972 - root - INFO - Token Token-252 waiting for resource 'Tech' at 2025-03-13 13:46:52.508522
2025-03-08 20:19:00,972 - root - INFO - Token Token-253 started task 'Monthly' at 2025-03-13 13:53:03.011959, scheduled to end at 2025-03-13 13:53:03.011959 (processing time: 0.00 min)
2025-03-08 20:19:00,973 - root - INFO - Token Token-253 completed task 'Monthly' at 2025-03-13 13:53:03.011959.
2025-03-08 20:19:00,973 - root - INFO - Token Token-253 waiting for resource 'Tech' at 2025-03-13 13:53:03.011959
2025-03-08 20:19:00,973 - root - INFO - Token Token-254 started task 'Monthly' at 2025-03-13 13:57:31.974299, scheduled to end at 2025-03-13 13:57:31.974299 (processing time: 0.00 min)
2025-03-08 20:19:00,973 - root - INFO - Token Token-254 completed task 'Monthly' at 2025-03-13 13:57:31.974299.
2025-03-08 20:19:00,974 - root - INFO - Token Token-254 waiting for resource 'Tech' at 2025-03-13 13:57:31.974299
2025-03-08 20:19:00,974 - root - INFO - Token Token-255 started task 'Monthly' at 2025-03-14 08:00:00, scheduled to end at 2025-03-14 08:00:00 (processing time: 0.00 min)
2025-03-08 20:19:00,974 - root - INFO - Token Token-255 completed task 'Monthly' at 2025-03-14 08:00:00.
2025-03-08 20:19:00,974 - root - INFO - Token Token-255 waiting for resource 'Tech' at 2025-03-14 08:00:00
2025-03-08 20:19:00,974 - root - INFO - Token Token-256 started task 'Monthly' at 2025-03-14 08:05:03.232308, scheduled to end at 2025-03-14 08:05:03.232308 (processing time: 0.00 min)
2025-03-08 20:19:00,975 - root - INFO - Token Token-256 completed task 'Monthly' at 2025-03-14 08:05:03.232308.
2025-03-08 20:19:00,975 - root - INFO - Token Token-256 waiting for resource 'Tech' at 2025-03-14 08:05:03.232308
2025-03-08 20:19:00,975 - root - INFO - Token Token-257 started task 'Monthly' at 2025-03-14 08:09:39.756353, scheduled to end at 2025-03-14 08:09:39.756353 (processing time: 0.00 min)
2025-03-08 20:19:00,976 - root - INFO - Token Token-257 completed task 'Monthly' at 2025-03-14 08:09:39.756353.
2025-03-08 20:19:00,976 - root - INFO - Token Token-257 waiting for resource 'Tech' at 2025-03-14 08:09:39.756353
2025-03-08 20:19:00,977 - root - INFO - Token Token-258 started task 'Monthly' at 2025-03-14 08:15:42.787509, scheduled to end at 2025-03-14 08:15:42.787509 (processing time: 0.00 min)
2025-03-08 20:19:00,977 - root - INFO - Token Token-258 completed task 'Monthly' at 2025-03-14 08:15:42.787509.
2025-03-08 20:19:00,977 - root - INFO - Token Token-258 waiting for resource 'Tech' at 2025-03-14 08:15:42.787509
2025-03-08 20:19:00,978 - root - INFO - Token Token-259 started task 'Monthly' at 2025-03-14 08:19:57.816868, scheduled to end at 2025-03-14 08:19:57.816868 (processing time: 0.00 min)
2025-03-08 20:19:00,978 - root - INFO - Token Token-259 completed task 'Monthly' at 2025-03-14 08:19:57.816868.
2025-03-08 20:19:00,978 - root - INFO - Token Token-259 waiting for resource 'Tech' at 2025-03-14 08:19:57.816868
2025-03-08 20:19:00,978 - root - INFO - Token Token-260 started task 'Monthly' at 2025-03-14 08:25:13.909566, scheduled to end at 2025-03-14 08:25:13.909566 (processing time: 0.00 min)
2025-03-08 20:19:00,978 - root - INFO - Token Token-260 completed task 'Monthly' at 2025-03-14 08:25:13.909566.
2025-03-08 20:19:00,979 - root - INFO - Token Token-260 waiting for resource 'Tech' at 2025-03-14 08:25:13.909566
2025-03-08 20:19:00,982 - root - INFO - Token Token-261 started task 'Monthly' at 2025-03-14 08:30:17.902708, scheduled to end at 2025-03-14 08:30:17.902708 (processing time: 0.00 min)
2025-03-08 20:19:00,983 - root - INFO - Token Token-261 completed task 'Monthly' at 2025-03-14 08:30:17.902708.
2025-03-08 20:19:00,983 - root - INFO - Token Token-261 waiting for resource 'Tech' at 2025-03-14 08:30:17.902708
2025-03-08 20:19:00,983 - root - INFO - Token Token-262 started task 'Monthly' at 2025-03-14 08:36:37.978623, scheduled to end at 2025-03-14 08:36:37.978623 (processing time: 0.00 min)
2025-03-08 20:19:00,984 - root - INFO - Token Token-262 completed task 'Monthly' at 2025-03-14 08:36:37.978623.
2025-03-08 20:19:00,984 - root - INFO - Token Token-262 waiting for resource 'Tech' at 2025-03-14 08:36:37.978623
2025-03-08 20:19:00,985 - root - INFO - Token Token-263 started task 'Monthly' at 2025-03-14 08:40:53.484566, scheduled to end at 2025-03-14 08:40:53.484566 (processing time: 0.00 min)
2025-03-08 20:19:00,985 - root - INFO - Token Token-263 completed task 'Monthly' at 2025-03-14 08:40:53.484566.
2025-03-08 20:19:00,986 - root - INFO - Token Token-263 waiting for resource 'Tech' at 2025-03-14 08:40:53.484566
2025-03-08 20:19:00,986 - root - INFO - Token Token-264 started task 'Monthly' at 2025-03-14 08:46:47.197031, scheduled to end at 2025-03-14 08:46:47.197031 (processing time: 0.00 min)
2025-03-08 20:19:00,986 - root - INFO - Token Token-264 completed task 'Monthly' at 2025-03-14 08:46:47.197031.
2025-03-08 20:19:00,987 - root - INFO - Token Token-264 waiting for resource 'Tech' at 2025-03-14 08:46:47.197031
2025-03-08 20:19:00,987 - root - INFO - Token Token-265 started task 'Monthly' at 2025-03-14 08:53:00.396068, scheduled to end at 2025-03-14 08:53:00.396068 (processing time: 0.00 min)
2025-03-08 20:19:00,988 - root - INFO - Token Token-265 completed task 'Monthly' at 2025-03-14 08:53:00.396068.
2025-03-08 20:19:00,988 - root - INFO - Token Token-265 waiting for resource 'Tech' at 2025-03-14 08:53:00.396068
2025-03-08 20:19:00,988 - root - INFO - Token Token-266 started task 'Monthly' at 2025-03-14 08:59:09.581834, scheduled to end at 2025-03-14 08:59:09.581834 (processing time: 0.00 min)
2025-03-08 20:19:00,989 - root - INFO - Token Token-266 completed task 'Monthly' at 2025-03-14 08:59:09.581834.
2025-03-08 20:19:00,989 - root - INFO - Token Token-266 waiting for resource 'Tech' at 2025-03-14 08:59:09.581834
2025-03-08 20:19:00,990 - root - INFO - Token Token-267 started task 'Monthly' at 2025-03-14 09:03:31.583928, scheduled to end at 2025-03-14 09:03:31.583928 (processing time: 0.00 min)
2025-03-08 20:19:00,990 - root - INFO - Token Token-267 completed task 'Monthly' at 2025-03-14 09:03:31.583928.
2025-03-08 20:19:00,990 - root - INFO - Token Token-267 waiting for resource 'Tech' at 2025-03-14 09:03:31.583928
2025-03-08 20:19:00,991 - root - INFO - Token Token-268 started task 'Monthly' at 2025-03-14 09:09:33.870435, scheduled to end at 2025-03-14 09:09:33.870435 (processing time: 0.00 min)
2025-03-08 20:19:00,991 - root - INFO - Token Token-268 completed task 'Monthly' at 2025-03-14 09:09:33.870435.
2025-03-08 20:19:00,992 - root - INFO - Token Token-268 waiting for resource 'Tech' at 2025-03-14 09:09:33.870435
2025-03-08 20:19:00,992 - root - INFO - Token Token-269 started task 'Monthly' at 2025-03-14 09:16:00.606263, scheduled to end at 2025-03-14 09:16:00.606263 (processing time: 0.00 min)
2025-03-08 20:19:00,992 - root - INFO - Token Token-269 completed task 'Monthly' at 2025-03-14 09:16:00.606263.
2025-03-08 20:19:00,993 - root - INFO - Token Token-269 waiting for resource 'Tech' at 2025-03-14 09:16:00.606263
2025-03-08 20:19:00,993 - root - INFO - Token Token-270 started task 'Monthly' at 2025-03-14 09:20:38.950301, scheduled to end at 2025-03-14 09:20:38.950301 (processing time: 0.00 min)
2025-03-08 20:19:00,994 - root - INFO - Token Token-270 completed task 'Monthly' at 2025-03-14 09:20:38.950301.
2025-03-08 20:19:00,994 - root - INFO - Token Token-270 waiting for resource 'Tech' at 2025-03-14 09:20:38.950301
2025-03-08 20:19:00,995 - root - INFO - Token Token-271 started task 'Monthly' at 2025-03-14 09:25:59.869078, scheduled to end at 2025-03-14 09:25:59.869078 (processing time: 0.00 min)
2025-03-08 20:19:00,995 - root - INFO - Token Token-271 completed task 'Monthly' at 2025-03-14 09:25:59.869078.
2025-03-08 20:19:00,997 - root - INFO - Token Token-271 waiting for resource 'Tech' at 2025-03-14 09:25:59.869078
2025-03-08 20:19:00,998 - root - INFO - Token Token-272 started task 'Monthly' at 2025-03-14 09:30:15.165198, scheduled to end at 2025-03-14 09:30:15.165198 (processing time: 0.00 min)
2025-03-08 20:19:01,021 - root - INFO - Token Token-272 completed task 'Monthly' at 2025-03-14 09:30:15.165198.
2025-03-08 20:19:01,022 - root - INFO - Token Token-272 waiting for resource 'Tech' at 2025-03-14 09:30:15.165198
2025-03-08 20:19:01,022 - root - INFO - Token Token-273 started task 'Monthly' at 2025-03-14 09:36:23.372803, scheduled to end at 2025-03-14 09:36:23.372803 (processing time: 0.00 min)
2025-03-08 20:19:01,022 - root - INFO - Token Token-273 completed task 'Monthly' at 2025-03-14 09:36:23.372803.
2025-03-08 20:19:01,023 - root - INFO - Token Token-273 waiting for resource 'Tech' at 2025-03-14 09:36:23.372803
2025-03-08 20:19:01,023 - root - INFO - Token Token-274 started task 'Monthly' at 2025-03-14 09:42:18.957025, scheduled to end at 2025-03-14 09:42:18.957025 (processing time: 0.00 min)
2025-03-08 20:19:01,024 - root - INFO - Token Token-274 completed task 'Monthly' at 2025-03-14 09:42:18.957025.
2025-03-08 20:19:01,024 - root - INFO - Token Token-274 waiting for resource 'Tech' at 2025-03-14 09:42:18.957025
2025-03-08 20:19:01,024 - root - INFO - Token Token-275 started task 'Monthly' at 2025-03-14 09:48:09.211306, scheduled to end at 2025-03-14 09:48:09.211306 (processing time: 0.00 min)
2025-03-08 20:19:01,025 - root - INFO - Token Token-275 completed task 'Monthly' at 2025-03-14 09:48:09.211306.
2025-03-08 20:19:01,025 - root - INFO - Token Token-275 waiting for resource 'Tech' at 2025-03-14 09:48:09.211306
2025-03-08 20:19:01,026 - root - INFO - Token Token-276 started task 'Monthly' at 2025-03-14 09:53:35.649112, scheduled to end at 2025-03-14 09:53:35.649112 (processing time: 0.00 min)
2025-03-08 20:19:01,026 - root - INFO - Token Token-276 completed task 'Monthly' at 2025-03-14 09:53:35.649112.
2025-03-08 20:19:01,027 - root - INFO - Token Token-276 waiting for resource 'Tech' at 2025-03-14 09:53:35.649112
2025-03-08 20:19:01,028 - root - INFO - Token Token-277 started task 'Monthly' at 2025-03-14 09:59:35.241450, scheduled to end at 2025-03-14 09:59:35.241450 (processing time: 0.00 min)
2025-03-08 20:19:01,029 - root - INFO - Token Token-277 completed task 'Monthly' at 2025-03-14 09:59:35.241450.
2025-03-08 20:19:01,029 - root - INFO - Token Token-277 waiting for resource 'Tech' at 2025-03-14 09:59:35.241450
2025-03-08 20:19:01,029 - root - INFO - Token Token-278 started task 'Monthly' at 2025-03-14 10:04:41.448885, scheduled to end at 2025-03-14 10:04:41.448885 (processing time: 0.00 min)
2025-03-08 20:19:01,029 - root - INFO - Token Token-278 completed task 'Monthly' at 2025-03-14 10:04:41.448885.
2025-03-08 20:19:01,029 - root - INFO - Token Token-278 waiting for resource 'Tech' at 2025-03-14 10:04:41.448885
2025-03-08 20:19:01,029 - root - INFO - Token Token-279 started task 'Monthly' at 2025-03-14 10:10:14.072486, scheduled to end at 2025-03-14 10:10:14.072486 (processing time: 0.00 min)
2025-03-08 20:19:01,029 - root - INFO - Token Token-279 completed task 'Monthly' at 2025-03-14 10:10:14.072486.
2025-03-08 20:19:01,029 - root - INFO - Token Token-279 waiting for resource 'Tech' at 2025-03-14 10:10:14.072486
2025-03-08 20:19:01,029 - root - INFO - Token Token-280 started task 'Monthly' at 2025-03-14 10:15:30.077187, scheduled to end at 2025-03-14 10:15:30.077187 (processing time: 0.00 min)
2025-03-08 20:19:01,032 - root - INFO - Token Token-280 completed task 'Monthly' at 2025-03-14 10:15:30.077187.
2025-03-08 20:19:01,032 - root - INFO - Token Token-280 waiting for resource 'Tech' at 2025-03-14 10:15:30.077187
2025-03-08 20:19:01,032 - root - INFO - Token Token-281 started task 'Monthly' at 2025-03-14 10:20:07.650710, scheduled to end at 2025-03-14 10:20:07.650710 (processing time: 0.00 min)
2025-03-08 20:19:01,032 - root - INFO - Token Token-281 completed task 'Monthly' at 2025-03-14 10:20:07.650710.
2025-03-08 20:19:01,032 - root - INFO - Token Token-281 waiting for resource 'Tech' at 2025-03-14 10:20:07.650710
2025-03-08 20:19:01,033 - root - INFO - Token Token-282 started task 'Monthly' at 2025-03-14 10:26:10.231245, scheduled to end at 2025-03-14 10:26:10.231245 (processing time: 0.00 min)
2025-03-08 20:19:01,033 - root - INFO - Token Token-282 completed task 'Monthly' at 2025-03-14 10:26:10.231245.
2025-03-08 20:19:01,033 - root - INFO - Token Token-282 waiting for resource 'Tech' at 2025-03-14 10:26:10.231245
2025-03-08 20:19:01,033 - root - INFO - Token Token-283 started task 'Monthly' at 2025-03-14 10:32:21.889619, scheduled to end at 2025-03-14 10:32:21.889619 (processing time: 0.00 min)
2025-03-08 20:19:01,033 - root - INFO - Token Token-283 completed task 'Monthly' at 2025-03-14 10:32:21.889619.
2025-03-08 20:19:01,034 - root - INFO - Token Token-283 waiting for resource 'Tech' at 2025-03-14 10:32:21.889619
2025-03-08 20:19:01,034 - root - INFO - Token Token-284 started task 'Monthly' at 2025-03-14 10:38:23.410860, scheduled to end at 2025-03-14 10:38:23.410860 (processing time: 0.00 min)
2025-03-08 20:19:01,034 - root - INFO - Token Token-284 completed task 'Monthly' at 2025-03-14 10:38:23.410860.
2025-03-08 20:19:01,034 - root - INFO - Token Token-284 waiting for resource 'Tech' at 2025-03-14 10:38:23.410860
2025-03-08 20:19:01,035 - root - INFO - Token Token-285 started task 'Monthly' at 2025-03-14 10:44:17.779128, scheduled to end at 2025-03-14 10:44:17.779128 (processing time: 0.00 min)
2025-03-08 20:19:01,035 - root - INFO - Token Token-285 completed task 'Monthly' at 2025-03-14 10:44:17.779128.
2025-03-08 20:19:01,035 - root - INFO - Token Token-285 waiting for resource 'Tech' at 2025-03-14 10:44:17.779128
2025-03-08 20:19:01,035 - root - INFO - Token Token-286 started task 'Monthly' at 2025-03-14 10:49:55.207523, scheduled to end at 2025-03-14 10:49:55.207523 (processing time: 0.00 min)
2025-03-08 20:19:01,035 - root - INFO - Token Token-286 completed task 'Monthly' at 2025-03-14 10:49:55.207523.
2025-03-08 20:19:01,036 - root - INFO - Token Token-286 waiting for resource 'Tech' at 2025-03-14 10:49:55.207523
2025-03-08 20:19:01,036 - root - INFO - Token Token-287 started task 'Monthly' at 2025-03-14 10:54:39.888919, scheduled to end at 2025-03-14 10:54:39.888919 (processing time: 0.00 min)
2025-03-08 20:19:01,036 - root - INFO - Token Token-287 completed task 'Monthly' at 2025-03-14 10:54:39.888919.
2025-03-08 20:19:01,036 - root - INFO - Token Token-287 waiting for resource 'Tech' at 2025-03-14 10:54:39.888919
2025-03-08 20:19:01,036 - root - INFO - Token Token-288 started task 'Monthly' at 2025-03-14 11:00:10.768277, scheduled to end at 2025-03-14 11:00:10.768277 (processing time: 0.00 min)
2025-03-08 20:19:01,037 - root - INFO - Token Token-288 completed task 'Monthly' at 2025-03-14 11:00:10.768277.
2025-03-08 20:19:01,037 - root - INFO - Token Token-288 waiting for resource 'Tech' at 2025-03-14 11:00:10.768277
2025-03-08 20:19:01,037 - root - INFO - Token Token-289 started task 'Monthly' at 2025-03-14 11:05:23.411950, scheduled to end at 2025-03-14 11:05:23.411950 (processing time: 0.00 min)
2025-03-08 20:19:01,037 - root - INFO - Token Token-289 completed task 'Monthly' at 2025-03-14 11:05:23.411950.
2025-03-08 20:19:01,038 - root - INFO - Token Token-289 waiting for resource 'Tech' at 2025-03-14 11:05:23.411950
2025-03-08 20:19:01,038 - root - INFO - Token Token-290 started task 'Monthly' at 2025-03-14 11:11:32.942149, scheduled to end at 2025-03-14 11:11:32.942149 (processing time: 0.00 min)
2025-03-08 20:19:01,038 - root - INFO - Token Token-290 completed task 'Monthly' at 2025-03-14 11:11:32.942149.
2025-03-08 20:19:01,039 - root - INFO - Token Token-290 waiting for resource 'Tech' at 2025-03-14 11:11:32.942149
2025-03-08 20:19:01,039 - root - INFO - Token Token-291 started task 'Monthly' at 2025-03-14 11:16:43.274717, scheduled to end at 2025-03-14 11:16:43.274717 (processing time: 0.00 min)
2025-03-08 20:19:01,039 - root - INFO - Token Token-291 completed task 'Monthly' at 2025-03-14 11:16:43.274717.
2025-03-08 20:19:01,040 - root - INFO - Token Token-291 waiting for resource 'Tech' at 2025-03-14 11:16:43.274717
2025-03-08 20:19:01,040 - root - INFO - Token Token-292 started task 'Monthly' at 2025-03-14 11:23:04.853315, scheduled to end at 2025-03-14 11:23:04.853315 (processing time: 0.00 min)
2025-03-08 20:19:01,042 - root - INFO - Token Token-292 completed task 'Monthly' at 2025-03-14 11:23:04.853315.
2025-03-08 20:19:01,043 - root - INFO - Token Token-292 waiting for resource 'Tech' at 2025-03-14 11:23:04.853315
2025-03-08 20:19:01,044 - root - INFO - Token Token-293 started task 'Monthly' at 2025-03-14 11:28:17.215586, scheduled to end at 2025-03-14 11:28:17.215586 (processing time: 0.00 min)
2025-03-08 20:19:01,044 - root - INFO - Token Token-293 completed task 'Monthly' at 2025-03-14 11:28:17.215586.
2025-03-08 20:19:01,045 - root - INFO - Token Token-293 waiting for resource 'Tech' at 2025-03-14 11:28:17.215586
2025-03-08 20:19:01,045 - root - INFO - Token Token-294 started task 'Monthly' at 2025-03-14 11:33:18.712108, scheduled to end at 2025-03-14 11:33:18.712108 (processing time: 0.00 min)
2025-03-08 20:19:01,045 - root - INFO - Token Token-294 completed task 'Monthly' at 2025-03-14 11:33:18.712108.
2025-03-08 20:19:01,046 - root - INFO - Token Token-294 waiting for resource 'Tech' at 2025-03-14 11:33:18.712108
2025-03-08 20:19:01,046 - root - INFO - Token Token-295 started task 'Monthly' at 2025-03-14 11:39:43.344477, scheduled to end at 2025-03-14 11:39:43.344477 (processing time: 0.00 min)
2025-03-08 20:19:01,046 - root - INFO - Token Token-295 completed task 'Monthly' at 2025-03-14 11:39:43.344477.
2025-03-08 20:19:01,047 - root - INFO - Token Token-295 waiting for resource 'Tech' at 2025-03-14 11:39:43.344477
2025-03-08 20:19:01,047 - root - INFO - Token Token-296 started task 'Monthly' at 2025-03-14 11:45:46.963899, scheduled to end at 2025-03-14 11:45:46.963899 (processing time: 0.00 min)
2025-03-08 20:19:01,047 - root - INFO - Token Token-296 completed task 'Monthly' at 2025-03-14 11:45:46.963899.
2025-03-08 20:19:01,048 - root - INFO - Token Token-296 waiting for resource 'Tech' at 2025-03-14 11:45:46.963899
2025-03-08 20:19:01,049 - root - INFO - Token Token-297 started task 'Monthly' at 2025-03-14 11:51:42.642213, scheduled to end at 2025-03-14 11:51:42.642213 (processing time: 0.00 min)
2025-03-08 20:19:01,050 - root - INFO - Token Token-297 completed task 'Monthly' at 2025-03-14 11:51:42.642213.
2025-03-08 20:19:01,051 - root - INFO - Token Token-297 waiting for resource 'Tech' at 2025-03-14 11:51:42.642213
2025-03-08 20:19:01,073 - root - INFO - Token Token-298 started task 'Monthly' at 2025-03-14 11:57:24.479161, scheduled to end at 2025-03-14 11:57:24.479161 (processing time: 0.00 min)
2025-03-08 20:19:01,073 - root - INFO - Token Token-298 completed task 'Monthly' at 2025-03-14 11:57:24.479161.
2025-03-08 20:19:01,074 - root - INFO - Token Token-298 waiting for resource 'Tech' at 2025-03-14 11:57:24.479161
2025-03-08 20:19:01,074 - root - INFO - Token Token-299 started task 'Monthly' at 2025-03-14 12:03:41.884576, scheduled to end at 2025-03-14 12:03:41.884576 (processing time: 0.00 min)
2025-03-08 20:19:01,075 - root - INFO - Token Token-299 completed task 'Monthly' at 2025-03-14 12:03:41.884576.
2025-03-08 20:19:01,075 - root - INFO - Token Token-299 waiting for resource 'Tech' at 2025-03-14 12:03:41.884576
2025-03-08 20:19:01,075 - root - INFO - Token Token-300 started task 'Monthly' at 2025-03-14 12:09:12.421764, scheduled to end at 2025-03-14 12:09:12.421764 (processing time: 0.00 min)
2025-03-08 20:19:01,076 - root - INFO - Token Token-300 completed task 'Monthly' at 2025-03-14 12:09:12.421764.
2025-03-08 20:19:01,076 - root - INFO - Token Token-300 waiting for resource 'Tech' at 2025-03-14 12:09:12.421764
2025-03-08 20:19:01,077 - root - INFO - Token Token-301 started task 'Monthly' at 2025-03-14 12:14:52.532975, scheduled to end at 2025-03-14 12:14:52.532975 (processing time: 0.00 min)
2025-03-08 20:19:01,077 - root - INFO - Token Token-301 completed task 'Monthly' at 2025-03-14 12:14:52.532975.
2025-03-08 20:19:01,078 - root - INFO - Token Token-301 waiting for resource 'Tech' at 2025-03-14 12:14:52.532975
2025-03-08 20:19:01,079 - root - INFO - Token Token-302 started task 'Monthly' at 2025-03-14 12:20:10.620956, scheduled to end at 2025-03-14 12:20:10.620956 (processing time: 0.00 min)
2025-03-08 20:19:01,080 - root - INFO - Token Token-302 completed task 'Monthly' at 2025-03-14 12:20:10.620956.
2025-03-08 20:19:01,081 - root - INFO - Token Token-302 waiting for resource 'Tech' at 2025-03-14 12:20:10.620956
2025-03-08 20:19:01,081 - root - INFO - Token Token-303 started task 'Monthly' at 2025-03-14 12:26:35.855655, scheduled to end at 2025-03-14 12:26:35.855655 (processing time: 0.00 min)
2025-03-08 20:19:01,082 - root - INFO - Token Token-303 completed task 'Monthly' at 2025-03-14 12:26:35.855655.
2025-03-08 20:19:01,082 - root - INFO - Token Token-303 waiting for resource 'Tech' at 2025-03-14 12:26:35.855655
2025-03-08 20:19:01,082 - root - INFO - Token Token-304 started task 'Monthly' at 2025-03-14 12:31:26.308322, scheduled to end at 2025-03-14 12:31:26.308322 (processing time: 0.00 min)
2025-03-08 20:19:01,084 - root - INFO - Token Token-304 completed task 'Monthly' at 2025-03-14 12:31:26.308322.
2025-03-08 20:19:01,084 - root - INFO - Token Token-304 waiting for resource 'Tech' at 2025-03-14 12:31:26.308322
2025-03-08 20:19:01,084 - root - INFO - Token Token-305 started task 'Monthly' at 2025-03-14 12:36:09.972146, scheduled to end at 2025-03-14 12:36:09.972146 (processing time: 0.00 min)
2025-03-08 20:19:01,085 - root - INFO - Token Token-305 completed task 'Monthly' at 2025-03-14 12:36:09.972146.
2025-03-08 20:19:01,085 - root - INFO - Token Token-305 waiting for resource 'Tech' at 2025-03-14 12:36:09.972146
2025-03-08 20:19:01,086 - root - INFO - Token Token-306 started task 'Monthly' at 2025-03-14 12:42:24.592636, scheduled to end at 2025-03-14 12:42:24.592636 (processing time: 0.00 min)
2025-03-08 20:19:01,086 - root - INFO - Token Token-306 completed task 'Monthly' at 2025-03-14 12:42:24.592636.
2025-03-08 20:19:01,086 - root - INFO - Token Token-306 waiting for resource 'Tech' at 2025-03-14 12:42:24.592636
2025-03-08 20:19:01,087 - root - INFO - Token Token-307 started task 'Monthly' at 2025-03-14 12:48:43.428312, scheduled to end at 2025-03-14 12:48:43.428312 (processing time: 0.00 min)
2025-03-08 20:19:01,087 - root - INFO - Token Token-307 completed task 'Monthly' at 2025-03-14 12:48:43.428312.
2025-03-08 20:19:01,087 - root - INFO - Token Token-307 waiting for resource 'Tech' at 2025-03-14 12:48:43.428312
2025-03-08 20:19:01,088 - root - INFO - Token Token-308 started task 'Monthly' at 2025-03-14 12:53:40.851129, scheduled to end at 2025-03-14 12:53:40.851129 (processing time: 0.00 min)
2025-03-08 20:19:01,088 - root - INFO - Token Token-308 completed task 'Monthly' at 2025-03-14 12:53:40.851129.
2025-03-08 20:19:01,088 - root - INFO - Token Token-308 waiting for resource 'Tech' at 2025-03-14 12:53:40.851129
2025-03-08 20:19:01,088 - root - INFO - Token Token-309 started task 'Monthly' at 2025-03-14 12:59:41.608376, scheduled to end at 2025-03-14 12:59:41.608376 (processing time: 0.00 min)
2025-03-08 20:19:01,089 - root - INFO - Token Token-309 completed task 'Monthly' at 2025-03-14 12:59:41.608376.
2025-03-08 20:19:01,089 - root - INFO - Token Token-309 waiting for resource 'Tech' at 2025-03-14 12:59:41.608376
2025-03-08 20:19:01,089 - root - INFO - Token Token-310 started task 'Monthly' at 2025-03-14 13:04:41.182070, scheduled to end at 2025-03-14 13:04:41.182070 (processing time: 0.00 min)
2025-03-08 20:19:01,089 - root - INFO - Token Token-310 completed task 'Monthly' at 2025-03-14 13:04:41.182070.
2025-03-08 20:19:01,089 - root - INFO - Token Token-310 waiting for resource 'Tech' at 2025-03-14 13:04:41.182070
2025-03-08 20:19:01,089 - root - INFO - Token Token-311 started task 'Monthly' at 2025-03-14 13:09:55.590155, scheduled to end at 2025-03-14 13:09:55.590155 (processing time: 0.00 min)
2025-03-08 20:19:01,089 - root - INFO - Token Token-311 completed task 'Monthly' at 2025-03-14 13:09:55.590155.
2025-03-08 20:19:01,089 - root - INFO - Token Token-311 waiting for resource 'Tech' at 2025-03-14 13:09:55.590155
2025-03-08 20:19:01,089 - root - INFO - Token Token-312 started task 'Monthly' at 2025-03-14 13:16:13.378076, scheduled to end at 2025-03-14 13:16:13.378076 (processing time: 0.00 min)
2025-03-08 20:19:01,091 - root - INFO - Token Token-312 completed task 'Monthly' at 2025-03-14 13:16:13.378076.
2025-03-08 20:19:01,091 - root - INFO - Token Token-312 waiting for resource 'Tech' at 2025-03-14 13:16:13.378076
2025-03-08 20:19:01,091 - root - INFO - Token Token-313 started task 'Monthly' at 2025-03-14 13:21:19.879730, scheduled to end at 2025-03-14 13:21:19.879730 (processing time: 0.00 min)
2025-03-08 20:19:01,091 - root - INFO - Token Token-313 completed task 'Monthly' at 2025-03-14 13:21:19.879730.
2025-03-08 20:19:01,091 - root - INFO - Token Token-313 waiting for resource 'Tech' at 2025-03-14 13:21:19.879730
2025-03-08 20:19:01,091 - root - INFO - Token Token-314 started task 'Monthly' at 2025-03-14 13:27:40.438216, scheduled to end at 2025-03-14 13:27:40.438216 (processing time: 0.00 min)
2025-03-08 20:19:01,092 - root - INFO - Token Token-314 completed task 'Monthly' at 2025-03-14 13:27:40.438216.
2025-03-08 20:19:01,092 - root - INFO - Token Token-314 waiting for resource 'Tech' at 2025-03-14 13:27:40.438216
2025-03-08 20:19:01,092 - root - INFO - Token Token-315 started task 'Monthly' at 2025-03-14 13:33:32.355552, scheduled to end at 2025-03-14 13:33:32.355552 (processing time: 0.00 min)
2025-03-08 20:19:01,092 - root - INFO - Token Token-315 completed task 'Monthly' at 2025-03-14 13:33:32.355552.
2025-03-08 20:19:01,093 - root - INFO - Token Token-315 waiting for resource 'Tech' at 2025-03-14 13:33:32.355552
2025-03-08 20:19:01,093 - root - INFO - Token Token-316 started task 'Monthly' at 2025-03-14 13:39:02.539643, scheduled to end at 2025-03-14 13:39:02.539643 (processing time: 0.00 min)
2025-03-08 20:19:01,093 - root - INFO - Token Token-316 completed task 'Monthly' at 2025-03-14 13:39:02.539643.
2025-03-08 20:19:01,093 - root - INFO - Token Token-316 waiting for resource 'Tech' at 2025-03-14 13:39:02.539643
2025-03-08 20:19:01,093 - root - INFO - Token Token-317 started task 'Monthly' at 2025-03-14 13:45:13.091421, scheduled to end at 2025-03-14 13:45:13.091421 (processing time: 0.00 min)
2025-03-08 20:19:01,094 - root - INFO - Token Token-317 completed task 'Monthly' at 2025-03-14 13:45:13.091421.
2025-03-08 20:19:01,094 - root - INFO - Token Token-317 waiting for resource 'Tech' at 2025-03-14 13:45:13.091421
2025-03-08 20:19:01,094 - root - INFO - Token Token-318 started task 'Monthly' at 2025-03-14 13:51:11.683326, scheduled to end at 2025-03-14 13:51:11.683326 (processing time: 0.00 min)
2025-03-08 20:19:01,094 - root - INFO - Token Token-318 completed task 'Monthly' at 2025-03-14 13:51:11.683326.
2025-03-08 20:19:01,095 - root - INFO - Token Token-318 waiting for resource 'Tech' at 2025-03-14 13:51:11.683326
2025-03-08 20:19:01,095 - root - INFO - Token Token-319 started task 'Monthly' at 2025-03-14 13:57:14.026923, scheduled to end at 2025-03-14 13:57:14.026923 (processing time: 0.00 min)
2025-03-08 20:19:01,095 - root - INFO - Token Token-319 completed task 'Monthly' at 2025-03-14 13:57:14.026923.
2025-03-08 20:19:01,096 - root - INFO - Token Token-319 waiting for resource 'Tech' at 2025-03-14 13:57:14.026923
2025-03-08 20:19:01,096 - root - INFO - Token Token-320 started task 'Monthly' at 2025-03-17 08:00:00, scheduled to end at 2025-03-17 08:00:00 (processing time: 0.00 min)
2025-03-08 20:19:01,096 - root - INFO - Token Token-320 completed task 'Monthly' at 2025-03-17 08:00:00.
2025-03-08 20:19:01,096 - root - INFO - Token Token-320 waiting for resource 'Tech' at 2025-03-17 08:00:00
2025-03-08 20:19:01,097 - root - INFO - Token Token-321 started task 'Monthly' at 2025-03-17 08:05:57.089665, scheduled to end at 2025-03-17 08:05:57.089665 (processing time: 0.00 min)
2025-03-08 20:19:01,097 - root - INFO - Token Token-321 completed task 'Monthly' at 2025-03-17 08:05:57.089665.
2025-03-08 20:19:01,097 - root - INFO - Token Token-321 waiting for resource 'Tech' at 2025-03-17 08:05:57.089665
2025-03-08 20:19:01,097 - root - INFO - Token Token-322 started task 'Monthly' at 2025-03-17 08:11:28.980864, scheduled to end at 2025-03-17 08:11:28.980864 (processing time: 0.00 min)
2025-03-08 20:19:01,097 - root - INFO - Token Token-322 completed task 'Monthly' at 2025-03-17 08:11:28.980864.
2025-03-08 20:19:01,098 - root - INFO - Token Token-322 waiting for resource 'Tech' at 2025-03-17 08:11:28.980864
2025-03-08 20:19:01,098 - root - INFO - Token Token-323 started task 'Monthly' at 2025-03-17 08:17:53.085913, scheduled to end at 2025-03-17 08:17:53.085913 (processing time: 0.00 min)
2025-03-08 20:19:01,098 - root - INFO - Token Token-323 completed task 'Monthly' at 2025-03-17 08:17:53.085913.
2025-03-08 20:19:01,098 - root - INFO - Token Token-323 waiting for resource 'Tech' at 2025-03-17 08:17:53.085913
2025-03-08 20:19:01,098 - root - INFO - Token Token-324 started task 'Monthly' at 2025-03-17 08:23:17.412353, scheduled to end at 2025-03-17 08:23:17.412353 (processing time: 0.00 min)
2025-03-08 20:19:01,099 - root - INFO - Token Token-324 completed task 'Monthly' at 2025-03-17 08:23:17.412353.
2025-03-08 20:19:01,099 - root - INFO - Token Token-324 waiting for resource 'Tech' at 2025-03-17 08:23:17.412353
2025-03-08 20:19:01,100 - root - INFO - Token Token-325 started task 'Monthly' at 2025-03-17 08:29:24.859977, scheduled to end at 2025-03-17 08:29:24.859977 (processing time: 0.00 min)
2025-03-08 20:19:01,100 - root - INFO - Token Token-325 completed task 'Monthly' at 2025-03-17 08:29:24.859977.
2025-03-08 20:19:01,101 - root - INFO - Token Token-325 waiting for resource 'Tech' at 2025-03-17 08:29:24.859977
2025-03-08 20:19:01,101 - root - INFO - Token Token-326 started task 'Monthly' at 2025-03-17 08:35:18.683011, scheduled to end at 2025-03-17 08:35:18.683011 (processing time: 0.00 min)
2025-03-08 20:19:01,101 - root - INFO - Token Token-326 completed task 'Monthly' at 2025-03-17 08:35:18.683011.
2025-03-08 20:19:01,101 - root - INFO - Token Token-326 waiting for resource 'Tech' at 2025-03-17 08:35:18.683011
2025-03-08 20:19:01,101 - root - INFO - Token Token-327 started task 'Monthly' at 2025-03-17 08:40:27.323031, scheduled to end at 2025-03-17 08:40:27.323031 (processing time: 0.00 min)
2025-03-08 20:19:01,105 - root - INFO - Token Token-327 completed task 'Monthly' at 2025-03-17 08:40:27.323031.
2025-03-08 20:19:01,105 - root - INFO - Token Token-327 waiting for resource 'Tech' at 2025-03-17 08:40:27.323031
2025-03-08 20:19:01,105 - root - INFO - Token Token-328 started task 'Monthly' at 2025-03-17 08:45:09.253385, scheduled to end at 2025-03-17 08:45:09.253385 (processing time: 0.00 min)
2025-03-08 20:19:01,106 - root - INFO - Token Token-328 completed task 'Monthly' at 2025-03-17 08:45:09.253385.
2025-03-08 20:19:01,106 - root - INFO - Token Token-328 waiting for resource 'Tech' at 2025-03-17 08:45:09.253385
2025-03-08 20:19:01,106 - root - INFO - Token Token-329 started task 'Monthly' at 2025-03-17 08:51:04.229094, scheduled to end at 2025-03-17 08:51:04.229094 (processing time: 0.00 min)
2025-03-08 20:19:01,107 - root - INFO - Token Token-329 completed task 'Monthly' at 2025-03-17 08:51:04.229094.
2025-03-08 20:19:01,107 - root - INFO - Token Token-329 waiting for resource 'Tech' at 2025-03-17 08:51:04.229094
2025-03-08 20:19:01,107 - root - INFO - Token Token-330 started task 'Monthly' at 2025-03-17 08:57:13.646062, scheduled to end at 2025-03-17 08:57:13.646062 (processing time: 0.00 min)
2025-03-08 20:19:01,108 - root - INFO - Token Token-330 completed task 'Monthly' at 2025-03-17 08:57:13.646062.
2025-03-08 20:19:01,108 - root - INFO - Token Token-330 waiting for resource 'Tech' at 2025-03-17 08:57:13.646062
2025-03-08 20:19:01,137 - root - INFO - Token Token-331 started task 'Monthly' at 2025-03-17 09:02:35.964110, scheduled to end at 2025-03-17 09:02:35.964110 (processing time: 0.00 min)
2025-03-08 20:19:01,137 - root - INFO - Token Token-331 completed task 'Monthly' at 2025-03-17 09:02:35.964110.
2025-03-08 20:19:01,138 - root - INFO - Token Token-331 waiting for resource 'Tech' at 2025-03-17 09:02:35.964110
2025-03-08 20:19:01,138 - root - INFO - Token Token-332 started task 'Monthly' at 2025-03-17 09:08:10.960583, scheduled to end at 2025-03-17 09:08:10.960583 (processing time: 0.00 min)
2025-03-08 20:19:01,139 - root - INFO - Token Token-332 completed task 'Monthly' at 2025-03-17 09:08:10.960583.
2025-03-08 20:19:01,139 - root - INFO - Token Token-332 waiting for resource 'Tech' at 2025-03-17 09:08:10.960583
2025-03-08 20:19:01,140 - root - INFO - Token Token-333 started task 'Monthly' at 2025-03-17 09:13:41.533188, scheduled to end at 2025-03-17 09:13:41.533188 (processing time: 0.00 min)
2025-03-08 20:19:01,140 - root - INFO - Token Token-333 completed task 'Monthly' at 2025-03-17 09:13:41.533188.
2025-03-08 20:19:01,140 - root - INFO - Token Token-333 waiting for resource 'Tech' at 2025-03-17 09:13:41.533188
2025-03-08 20:19:01,141 - root - INFO - Token Token-334 started task 'Monthly' at 2025-03-17 09:20:02.661346, scheduled to end at 2025-03-17 09:20:02.661346 (processing time: 0.00 min)
2025-03-08 20:19:01,141 - root - INFO - Token Token-334 completed task 'Monthly' at 2025-03-17 09:20:02.661346.
2025-03-08 20:19:01,141 - root - INFO - Token Token-334 waiting for resource 'Tech' at 2025-03-17 09:20:02.661346
2025-03-08 20:19:01,143 - root - INFO - Token Token-335 started task 'Monthly' at 2025-03-17 09:24:56.728105, scheduled to end at 2025-03-17 09:24:56.728105 (processing time: 0.00 min)
2025-03-08 20:19:01,144 - root - INFO - Token Token-335 completed task 'Monthly' at 2025-03-17 09:24:56.728105.
2025-03-08 20:19:01,144 - root - INFO - Token Token-335 waiting for resource 'Tech' at 2025-03-17 09:24:56.728105
2025-03-08 20:19:01,145 - root - INFO - Token Token-336 started task 'Monthly' at 2025-03-17 09:30:58.842888, scheduled to end at 2025-03-17 09:30:58.842888 (processing time: 0.00 min)
2025-03-08 20:19:01,145 - root - INFO - Token Token-336 completed task 'Monthly' at 2025-03-17 09:30:58.842888.
2025-03-08 20:19:01,146 - root - INFO - Token Token-336 waiting for resource 'Tech' at 2025-03-17 09:30:58.842888
2025-03-08 20:19:01,146 - root - INFO - Token Token-337 started task 'Monthly' at 2025-03-17 09:36:40.275003, scheduled to end at 2025-03-17 09:36:40.275003 (processing time: 0.00 min)
2025-03-08 20:19:01,147 - root - INFO - Token Token-337 completed task 'Monthly' at 2025-03-17 09:36:40.275003.
2025-03-08 20:19:01,148 - root - INFO - Token Token-337 waiting for resource 'Tech' at 2025-03-17 09:36:40.275003
2025-03-08 20:19:01,148 - root - INFO - Token Token-338 started task 'Monthly' at 2025-03-17 09:43:06.037225, scheduled to end at 2025-03-17 09:43:06.037225 (processing time: 0.00 min)
2025-03-08 20:19:01,148 - root - INFO - Token Token-338 completed task 'Monthly' at 2025-03-17 09:43:06.037225.
2025-03-08 20:19:01,148 - root - INFO - Token Token-338 waiting for resource 'Tech' at 2025-03-17 09:43:06.037225
2025-03-08 20:19:01,148 - root - INFO - Token Token-339 started task 'Monthly' at 2025-03-17 09:47:55.909929, scheduled to end at 2025-03-17 09:47:55.909929 (processing time: 0.00 min)
2025-03-08 20:19:01,149 - root - INFO - Token Token-339 completed task 'Monthly' at 2025-03-17 09:47:55.909929.
2025-03-08 20:19:01,149 - root - INFO - Token Token-339 waiting for resource 'Tech' at 2025-03-17 09:47:55.909929
2025-03-08 20:19:01,149 - root - INFO - Token Token-340 started task 'Monthly' at 2025-03-17 09:53:28.572140, scheduled to end at 2025-03-17 09:53:28.572140 (processing time: 0.00 min)
2025-03-08 20:19:01,150 - root - INFO - Token Token-340 completed task 'Monthly' at 2025-03-17 09:53:28.572140.
2025-03-08 20:19:01,150 - root - INFO - Token Token-340 waiting for resource 'Tech' at 2025-03-17 09:53:28.572140
2025-03-08 20:19:01,150 - root - INFO - Token Token-341 started task 'Monthly' at 2025-03-17 09:58:22.566746, scheduled to end at 2025-03-17 09:58:22.566746 (processing time: 0.00 min)
2025-03-08 20:19:01,150 - root - INFO - Token Token-341 completed task 'Monthly' at 2025-03-17 09:58:22.566746.
2025-03-08 20:19:01,150 - root - INFO - Token Token-341 waiting for resource 'Tech' at 2025-03-17 09:58:22.566746
2025-03-08 20:19:01,150 - root - INFO - Token Token-342 started task 'Monthly' at 2025-03-17 10:04:31.347460, scheduled to end at 2025-03-17 10:04:31.347460 (processing time: 0.00 min)
2025-03-08 20:19:01,150 - root - INFO - Token Token-342 completed task 'Monthly' at 2025-03-17 10:04:31.347460.
2025-03-08 20:19:01,150 - root - INFO - Token Token-342 waiting for resource 'Tech' at 2025-03-17 10:04:31.347460
2025-03-08 20:19:01,150 - root - INFO - Token Token-343 started task 'Monthly' at 2025-03-17 10:09:13.433519, scheduled to end at 2025-03-17 10:09:13.433519 (processing time: 0.00 min)
2025-03-08 20:19:01,152 - root - INFO - Token Token-343 completed task 'Monthly' at 2025-03-17 10:09:13.433519.
2025-03-08 20:19:01,153 - root - INFO - Token Token-343 waiting for resource 'Tech' at 2025-03-17 10:09:13.433519
2025-03-08 20:19:01,153 - root - INFO - Token Token-344 started task 'Monthly' at 2025-03-17 10:14:42.512674, scheduled to end at 2025-03-17 10:14:42.512674 (processing time: 0.00 min)
2025-03-08 20:19:01,153 - root - INFO - Token Token-344 completed task 'Monthly' at 2025-03-17 10:14:42.512674.
2025-03-08 20:19:01,153 - root - INFO - Token Token-344 waiting for resource 'Tech' at 2025-03-17 10:14:42.512674
2025-03-08 20:19:01,153 - root - INFO - Token Token-345 started task 'Monthly' at 2025-03-17 10:20:38.692164, scheduled to end at 2025-03-17 10:20:38.692164 (processing time: 0.00 min)
2025-03-08 20:19:01,154 - root - INFO - Token Token-345 completed task 'Monthly' at 2025-03-17 10:20:38.692164.
2025-03-08 20:19:01,154 - root - INFO - Token Token-345 waiting for resource 'Tech' at 2025-03-17 10:20:38.692164
2025-03-08 20:19:01,154 - root - INFO - Token Token-346 started task 'Monthly' at 2025-03-17 10:26:22.293682, scheduled to end at 2025-03-17 10:26:22.293682 (processing time: 0.00 min)
2025-03-08 20:19:01,154 - root - INFO - Token Token-346 completed task 'Monthly' at 2025-03-17 10:26:22.293682.
2025-03-08 20:19:01,154 - root - INFO - Token Token-346 waiting for resource 'Tech' at 2025-03-17 10:26:22.293682
2025-03-08 20:19:01,155 - root - INFO - Token Token-347 started task 'Monthly' at 2025-03-17 10:32:08.700397, scheduled to end at 2025-03-17 10:32:08.700397 (processing time: 0.00 min)
2025-03-08 20:19:01,155 - root - INFO - Token Token-347 completed task 'Monthly' at 2025-03-17 10:32:08.700397.
2025-03-08 20:19:01,155 - root - INFO - Token Token-347 waiting for resource 'Tech' at 2025-03-17 10:32:08.700397
2025-03-08 20:19:01,155 - root - INFO - Token Token-348 started task 'Monthly' at 2025-03-17 10:38:00.822501, scheduled to end at 2025-03-17 10:38:00.822501 (processing time: 0.00 min)
2025-03-08 20:19:01,156 - root - INFO - Token Token-348 completed task 'Monthly' at 2025-03-17 10:38:00.822501.
2025-03-08 20:19:01,156 - root - INFO - Token Token-348 waiting for resource 'Tech' at 2025-03-17 10:38:00.822501
2025-03-08 20:19:01,156 - root - INFO - Token Token-349 started task 'Monthly' at 2025-03-17 10:44:11.354865, scheduled to end at 2025-03-17 10:44:11.354865 (processing time: 0.00 min)
2025-03-08 20:19:01,156 - root - INFO - Token Token-349 completed task 'Monthly' at 2025-03-17 10:44:11.354865.
2025-03-08 20:19:01,157 - root - INFO - Token Token-349 waiting for resource 'Tech' at 2025-03-17 10:44:11.354865
2025-03-08 20:19:01,157 - root - INFO - Token Token-350 started task 'Monthly' at 2025-03-17 10:50:15.013988, scheduled to end at 2025-03-17 10:50:15.013988 (processing time: 0.00 min)
2025-03-08 20:19:01,157 - root - INFO - Token Token-350 completed task 'Monthly' at 2025-03-17 10:50:15.013988.
2025-03-08 20:19:01,157 - root - INFO - Token Token-350 waiting for resource 'Tech' at 2025-03-17 10:50:15.013988
2025-03-08 20:19:01,158 - root - INFO - Token Token-351 started task 'Monthly' at 2025-03-17 10:54:59.669417, scheduled to end at 2025-03-17 10:54:59.669417 (processing time: 0.00 min)
2025-03-08 20:19:01,158 - root - INFO - Token Token-351 completed task 'Monthly' at 2025-03-17 10:54:59.669417.
2025-03-08 20:19:01,158 - root - INFO - Token Token-351 waiting for resource 'Tech' at 2025-03-17 10:54:59.669417
2025-03-08 20:19:01,158 - root - INFO - Token Token-352 started task 'Monthly' at 2025-03-17 10:59:57.886187, scheduled to end at 2025-03-17 10:59:57.886187 (processing time: 0.00 min)
2025-03-08 20:19:01,159 - root - INFO - Token Token-352 completed task 'Monthly' at 2025-03-17 10:59:57.886187.
2025-03-08 20:19:01,159 - root - INFO - Token Token-352 waiting for resource 'Tech' at 2025-03-17 10:59:57.886187
2025-03-08 20:19:01,159 - root - INFO - Token Token-353 started task 'Monthly' at 2025-03-17 11:06:23.257080, scheduled to end at 2025-03-17 11:06:23.257080 (processing time: 0.00 min)
2025-03-08 20:19:01,159 - root - INFO - Token Token-353 completed task 'Monthly' at 2025-03-17 11:06:23.257080.
2025-03-08 20:19:01,160 - root - INFO - Token Token-353 waiting for resource 'Tech' at 2025-03-17 11:06:23.257080
2025-03-08 20:19:01,160 - root - INFO - Token Token-354 started task 'Monthly' at 2025-03-17 11:12:36.170872, scheduled to end at 2025-03-17 11:12:36.170872 (processing time: 0.00 min)
2025-03-08 20:19:01,160 - root - INFO - Token Token-354 completed task 'Monthly' at 2025-03-17 11:12:36.170872.
2025-03-08 20:19:01,161 - root - INFO - Token Token-354 waiting for resource 'Tech' at 2025-03-17 11:12:36.170872
2025-03-08 20:19:01,161 - root - INFO - Token Token-355 started task 'Monthly' at 2025-03-17 11:18:44.736903, scheduled to end at 2025-03-17 11:18:44.736903 (processing time: 0.00 min)
2025-03-08 20:19:01,161 - root - INFO - Token Token-355 completed task 'Monthly' at 2025-03-17 11:18:44.736903.
2025-03-08 20:19:01,164 - root - INFO - Token Token-355 waiting for resource 'Tech' at 2025-03-17 11:18:44.736903
2025-03-08 20:19:01,165 - root - INFO - Token Token-356 started task 'Monthly' at 2025-03-17 11:24:16.030046, scheduled to end at 2025-03-17 11:24:16.030046 (processing time: 0.00 min)
2025-03-08 20:19:01,165 - root - INFO - Token Token-356 completed task 'Monthly' at 2025-03-17 11:24:16.030046.
2025-03-08 20:19:01,167 - root - INFO - Token Token-356 waiting for resource 'Tech' at 2025-03-17 11:24:16.030046
2025-03-08 20:19:01,168 - root - INFO - Token Token-357 started task 'Monthly' at 2025-03-17 11:30:41.766263, scheduled to end at 2025-03-17 11:30:41.766263 (processing time: 0.00 min)
2025-03-08 20:19:01,188 - root - INFO - Token Token-357 completed task 'Monthly' at 2025-03-17 11:30:41.766263.
2025-03-08 20:19:01,188 - root - INFO - Token Token-357 waiting for resource 'Tech' at 2025-03-17 11:30:41.766263
2025-03-08 20:19:01,189 - root - INFO - Token Token-358 started task 'Monthly' at 2025-03-17 11:36:14.938740, scheduled to end at 2025-03-17 11:36:14.938740 (processing time: 0.00 min)
2025-03-08 20:19:01,189 - root - INFO - Token Token-358 completed task 'Monthly' at 2025-03-17 11:36:14.938740.
2025-03-08 20:19:01,190 - root - INFO - Token Token-358 waiting for resource 'Tech' at 2025-03-17 11:36:14.938740
2025-03-08 20:19:01,190 - root - INFO - Token Token-359 started task 'Monthly' at 2025-03-17 11:42:16.406676, scheduled to end at 2025-03-17 11:42:16.406676 (processing time: 0.00 min)
2025-03-08 20:19:01,191 - root - INFO - Token Token-359 completed task 'Monthly' at 2025-03-17 11:42:16.406676.
2025-03-08 20:19:01,191 - root - INFO - Token Token-359 waiting for resource 'Tech' at 2025-03-17 11:42:16.406676
2025-03-08 20:19:01,192 - root - INFO - Token Token-360 started task 'Monthly' at 2025-03-17 11:48:38.701022, scheduled to end at 2025-03-17 11:48:38.701022 (processing time: 0.00 min)
2025-03-08 20:19:01,192 - root - INFO - Token Token-360 completed task 'Monthly' at 2025-03-17 11:48:38.701022.
2025-03-08 20:19:01,193 - root - INFO - Token Token-360 waiting for resource 'Tech' at 2025-03-17 11:48:38.701022
2025-03-08 20:19:01,193 - root - INFO - Token Token-361 started task 'Monthly' at 2025-03-17 11:54:55.558195, scheduled to end at 2025-03-17 11:54:55.558195 (processing time: 0.00 min)
2025-03-08 20:19:01,193 - root - INFO - Token Token-361 completed task 'Monthly' at 2025-03-17 11:54:55.558195.
2025-03-08 20:19:01,194 - root - INFO - Token Token-361 waiting for resource 'Tech' at 2025-03-17 11:54:55.558195
2025-03-08 20:19:01,196 - root - INFO - Token Token-362 started task 'Monthly' at 2025-03-17 12:01:05.097059, scheduled to end at 2025-03-17 12:01:05.097059 (processing time: 0.00 min)
2025-03-08 20:19:01,197 - root - INFO - Token Token-362 completed task 'Monthly' at 2025-03-17 12:01:05.097059.
2025-03-08 20:19:01,197 - root - INFO - Token Token-362 waiting for resource 'Tech' at 2025-03-17 12:01:05.097059
2025-03-08 20:19:01,198 - root - INFO - Token Token-363 started task 'Monthly' at 2025-03-17 12:07:09.026980, scheduled to end at 2025-03-17 12:07:09.026980 (processing time: 0.00 min)
2025-03-08 20:19:01,198 - root - INFO - Token Token-363 completed task 'Monthly' at 2025-03-17 12:07:09.026980.
2025-03-08 20:19:01,199 - root - INFO - Token Token-363 waiting for resource 'Tech' at 2025-03-17 12:07:09.026980
2025-03-08 20:19:01,199 - root - INFO - Token Token-364 started task 'Monthly' at 2025-03-17 12:11:56.876953, scheduled to end at 2025-03-17 12:11:56.876953 (processing time: 0.00 min)
2025-03-08 20:19:01,199 - root - INFO - Token Token-364 completed task 'Monthly' at 2025-03-17 12:11:56.876953.
2025-03-08 20:19:01,200 - root - INFO - Token Token-364 waiting for resource 'Tech' at 2025-03-17 12:11:56.876953
2025-03-08 20:19:01,200 - root - INFO - Token Token-365 started task 'Monthly' at 2025-03-17 12:17:13.941082, scheduled to end at 2025-03-17 12:17:13.941082 (processing time: 0.00 min)
2025-03-08 20:19:01,200 - root - INFO - Token Token-365 completed task 'Monthly' at 2025-03-17 12:17:13.941082.
2025-03-08 20:19:01,201 - root - INFO - Token Token-365 waiting for resource 'Tech' at 2025-03-17 12:17:13.941082
2025-03-08 20:19:01,201 - root - INFO - Token Token-366 started task 'Monthly' at 2025-03-17 12:23:23.504125, scheduled to end at 2025-03-17 12:23:23.504125 (processing time: 0.00 min)
2025-03-08 20:19:01,201 - root - INFO - Token Token-366 completed task 'Monthly' at 2025-03-17 12:23:23.504125.
2025-03-08 20:19:01,202 - root - INFO - Token Token-366 waiting for resource 'Tech' at 2025-03-17 12:23:23.504125
2025-03-08 20:19:01,202 - root - INFO - Token Token-367 started task 'Monthly' at 2025-03-17 12:29:21.766714, scheduled to end at 2025-03-17 12:29:21.766714 (processing time: 0.00 min)
2025-03-08 20:19:01,202 - root - INFO - Token Token-367 completed task 'Monthly' at 2025-03-17 12:29:21.766714.
2025-03-08 20:19:01,203 - root - INFO - Token Token-367 waiting for resource 'Tech' at 2025-03-17 12:29:21.766714
2025-03-08 20:19:01,203 - root - INFO - Token Token-368 started task 'Monthly' at 2025-03-17 12:35:06.450383, scheduled to end at 2025-03-17 12:35:06.450383 (processing time: 0.00 min)
2025-03-08 20:19:01,204 - root - INFO - Token Token-368 completed task 'Monthly' at 2025-03-17 12:35:06.450383.
2025-03-08 20:19:01,204 - root - INFO - Token Token-368 waiting for resource 'Tech' at 2025-03-17 12:35:06.450383
2025-03-08 20:19:01,204 - root - INFO - Token Token-369 started task 'Monthly' at 2025-03-17 12:40:38.526310, scheduled to end at 2025-03-17 12:40:38.526310 (processing time: 0.00 min)
2025-03-08 20:19:01,205 - root - INFO - Token Token-369 completed task 'Monthly' at 2025-03-17 12:40:38.526310.
2025-03-08 20:19:01,205 - root - INFO - Token Token-369 waiting for resource 'Tech' at 2025-03-17 12:40:38.526310
2025-03-08 20:19:01,205 - root - INFO - Token Token-370 started task 'Monthly' at 2025-03-17 12:46:12.230951, scheduled to end at 2025-03-17 12:46:12.230951 (processing time: 0.00 min)
2025-03-08 20:19:01,205 - root - INFO - Token Token-370 completed task 'Monthly' at 2025-03-17 12:46:12.230951.
2025-03-08 20:19:01,206 - root - INFO - Token Token-370 waiting for resource 'Tech' at 2025-03-17 12:46:12.230951
2025-03-08 20:19:01,206 - root - INFO - Token Token-371 started task 'Monthly' at 2025-03-17 12:50:19.114943, scheduled to end at 2025-03-17 12:50:19.114943 (processing time: 0.00 min)
2025-03-08 20:19:01,207 - root - INFO - Token Token-371 completed task 'Monthly' at 2025-03-17 12:50:19.114943.
2025-03-08 20:19:01,207 - root - INFO - Token Token-371 waiting for resource 'Tech' at 2025-03-17 12:50:19.114943
2025-03-08 20:19:01,207 - root - INFO - Token Token-372 started task 'Monthly' at 2025-03-17 12:56:44.276648, scheduled to end at 2025-03-17 12:56:44.276648 (processing time: 0.00 min)
2025-03-08 20:19:01,208 - root - INFO - Token Token-372 completed task 'Monthly' at 2025-03-17 12:56:44.276648.
2025-03-08 20:19:01,208 - root - INFO - Token Token-372 waiting for resource 'Tech' at 2025-03-17 12:56:44.276648
2025-03-08 20:19:01,208 - root - INFO - Token Token-373 started task 'Monthly' at 2025-03-17 13:01:40.424953, scheduled to end at 2025-03-17 13:01:40.424953 (processing time: 0.00 min)
2025-03-08 20:19:01,208 - root - INFO - Token Token-373 completed task 'Monthly' at 2025-03-17 13:01:40.424953.
2025-03-08 20:19:01,209 - root - INFO - Token Token-373 waiting for resource 'Tech' at 2025-03-17 13:01:40.424953
2025-03-08 20:19:01,209 - root - INFO - Token Token-374 started task 'Monthly' at 2025-03-17 13:07:04.771402, scheduled to end at 2025-03-17 13:07:04.771402 (processing time: 0.00 min)
2025-03-08 20:19:01,210 - root - INFO - Token Token-374 completed task 'Monthly' at 2025-03-17 13:07:04.771402.
2025-03-08 20:19:01,210 - root - INFO - Token Token-374 waiting for resource 'Tech' at 2025-03-17 13:07:04.771402
2025-03-08 20:19:01,210 - root - INFO - Token Token-375 started task 'Monthly' at 2025-03-17 13:13:24.214870, scheduled to end at 2025-03-17 13:13:24.214870 (processing time: 0.00 min)
2025-03-08 20:19:01,210 - root - INFO - Token Token-375 completed task 'Monthly' at 2025-03-17 13:13:24.214870.
2025-03-08 20:19:01,210 - root - INFO - Token Token-375 waiting for resource 'Tech' at 2025-03-17 13:13:24.214870
2025-03-08 20:19:01,210 - root - INFO - Token Token-376 started task 'Monthly' at 2025-03-17 13:19:24.713219, scheduled to end at 2025-03-17 13:19:24.713219 (processing time: 0.00 min)
2025-03-08 20:19:01,210 - root - INFO - Token Token-376 completed task 'Monthly' at 2025-03-17 13:19:24.713219.
2025-03-08 20:19:01,212 - root - INFO - Token Token-376 waiting for resource 'Tech' at 2025-03-17 13:19:24.713219
2025-03-08 20:19:01,212 - root - INFO - Token Token-377 started task 'Monthly' at 2025-03-17 13:25:18.077684, scheduled to end at 2025-03-17 13:25:18.077684 (processing time: 0.00 min)
2025-03-08 20:19:01,212 - root - INFO - Token Token-377 completed task 'Monthly' at 2025-03-17 13:25:18.077684.
2025-03-08 20:19:01,212 - root - INFO - Token Token-377 waiting for resource 'Tech' at 2025-03-17 13:25:18.077684
2025-03-08 20:19:01,212 - root - INFO - Token Token-378 started task 'Monthly' at 2025-03-17 13:30:24.651425, scheduled to end at 2025-03-17 13:30:24.651425 (processing time: 0.00 min)
2025-03-08 20:19:01,213 - root - INFO - Token Token-378 completed task 'Monthly' at 2025-03-17 13:30:24.651425.
2025-03-08 20:19:01,213 - root - INFO - Token Token-378 waiting for resource 'Tech' at 2025-03-17 13:30:24.651425
2025-03-08 20:19:01,213 - root - INFO - Token Token-379 started task 'Monthly' at 2025-03-17 13:36:22.659119, scheduled to end at 2025-03-17 13:36:22.659119 (processing time: 0.00 min)
2025-03-08 20:19:01,213 - root - INFO - Token Token-379 completed task 'Monthly' at 2025-03-17 13:36:22.659119.
2025-03-08 20:19:01,214 - root - INFO - Token Token-379 waiting for resource 'Tech' at 2025-03-17 13:36:22.659119
2025-03-08 20:19:01,214 - root - INFO - Token Token-380 started task 'Monthly' at 2025-03-17 13:42:48.217611, scheduled to end at 2025-03-17 13:42:48.217611 (processing time: 0.00 min)
2025-03-08 20:19:01,214 - root - INFO - Token Token-380 completed task 'Monthly' at 2025-03-17 13:42:48.217611.
2025-03-08 20:19:01,214 - root - INFO - Token Token-380 waiting for resource 'Tech' at 2025-03-17 13:42:48.217611
2025-03-08 20:19:01,214 - root - INFO - Token Token-381 started task 'Monthly' at 2025-03-17 13:47:17.456759, scheduled to end at 2025-03-17 13:47:17.456759 (processing time: 0.00 min)
2025-03-08 20:19:01,215 - root - INFO - Token Token-381 completed task 'Monthly' at 2025-03-17 13:47:17.456759.
2025-03-08 20:19:01,215 - root - INFO - Token Token-381 waiting for resource 'Tech' at 2025-03-17 13:47:17.456759
2025-03-08 20:19:01,215 - root - INFO - Token Token-382 started task 'Monthly' at 2025-03-17 13:52:53.858551, scheduled to end at 2025-03-17 13:52:53.858551 (processing time: 0.00 min)
2025-03-08 20:19:01,217 - root - INFO - Token Token-382 completed task 'Monthly' at 2025-03-17 13:52:53.858551.
2025-03-08 20:19:01,217 - root - INFO - Token Token-382 waiting for resource 'Tech' at 2025-03-17 13:52:53.858551
2025-03-08 20:19:01,235 - root - INFO - Token Token-383 started task 'Monthly' at 2025-03-17 13:58:51.382448, scheduled to end at 2025-03-17 13:58:51.382448 (processing time: 0.00 min)
2025-03-08 20:19:01,235 - root - INFO - Token Token-383 completed task 'Monthly' at 2025-03-17 13:58:51.382448.
2025-03-08 20:19:01,235 - root - INFO - Token Token-383 waiting for resource 'Tech' at 2025-03-17 13:58:51.382448
2025-03-08 20:19:01,236 - root - INFO - Token Token-384 started task 'Monthly' at 2025-03-18 08:00:00, scheduled to end at 2025-03-18 08:00:00 (processing time: 0.00 min)
2025-03-08 20:19:01,236 - root - INFO - Token Token-384 completed task 'Monthly' at 2025-03-18 08:00:00.
2025-03-08 20:19:01,236 - root - INFO - Token Token-384 waiting for resource 'Tech' at 2025-03-18 08:00:00
2025-03-08 20:19:01,237 - root - INFO - Token Token-385 started task 'Monthly' at 2025-03-18 08:06:00.764054, scheduled to end at 2025-03-18 08:06:00.764054 (processing time: 0.00 min)
2025-03-08 20:19:01,237 - root - INFO - Token Token-385 completed task 'Monthly' at 2025-03-18 08:06:00.764054.
2025-03-08 20:19:01,238 - root - INFO - Token Token-385 waiting for resource 'Tech' at 2025-03-18 08:06:00.764054
2025-03-08 20:19:01,238 - root - INFO - Token Token-386 started task 'Monthly' at 2025-03-18 08:10:19.867235, scheduled to end at 2025-03-18 08:10:19.867235 (processing time: 0.00 min)
2025-03-08 20:19:01,238 - root - INFO - Token Token-386 completed task 'Monthly' at 2025-03-18 08:10:19.867235.
2025-03-08 20:19:01,239 - root - INFO - Token Token-386 waiting for resource 'Tech' at 2025-03-18 08:10:19.867235
2025-03-08 20:19:01,239 - root - INFO - Token Token-387 started task 'Monthly' at 2025-03-18 08:16:19.525320, scheduled to end at 2025-03-18 08:16:19.525320 (processing time: 0.00 min)
2025-03-08 20:19:01,240 - root - INFO - Token Token-387 completed task 'Monthly' at 2025-03-18 08:16:19.525320.
2025-03-08 20:19:01,242 - root - INFO - Token Token-387 waiting for resource 'Tech' at 2025-03-18 08:16:19.525320
2025-03-08 20:19:01,242 - root - INFO - Token Token-388 started task 'Monthly' at 2025-03-18 08:22:42.899909, scheduled to end at 2025-03-18 08:22:42.899909 (processing time: 0.00 min)
2025-03-08 20:19:01,243 - root - INFO - Token Token-388 completed task 'Monthly' at 2025-03-18 08:22:42.899909.
2025-03-08 20:19:01,243 - root - INFO - Token Token-388 waiting for resource 'Tech' at 2025-03-18 08:22:42.899909
2025-03-08 20:19:01,244 - root - INFO - Token Token-389 started task 'Monthly' at 2025-03-18 08:28:00.411379, scheduled to end at 2025-03-18 08:28:00.411379 (processing time: 0.00 min)
2025-03-08 20:19:01,244 - root - INFO - Token Token-389 completed task 'Monthly' at 2025-03-18 08:28:00.411379.
2025-03-08 20:19:01,244 - root - INFO - Token Token-389 waiting for resource 'Tech' at 2025-03-18 08:28:00.411379
2025-03-08 20:19:01,245 - root - INFO - Token Token-390 started task 'Monthly' at 2025-03-18 08:33:57.674595, scheduled to end at 2025-03-18 08:33:57.674595 (processing time: 0.00 min)
2025-03-08 20:19:01,245 - root - INFO - Token Token-390 completed task 'Monthly' at 2025-03-18 08:33:57.674595.
2025-03-08 20:19:01,245 - root - INFO - Token Token-390 waiting for resource 'Tech' at 2025-03-18 08:33:57.674595
2025-03-08 20:19:01,247 - root - INFO - Token Token-391 started task 'Monthly' at 2025-03-18 08:40:18.424135, scheduled to end at 2025-03-18 08:40:18.424135 (processing time: 0.00 min)
2025-03-08 20:19:01,247 - root - INFO - Token Token-391 completed task 'Monthly' at 2025-03-18 08:40:18.424135.
2025-03-08 20:19:01,247 - root - INFO - Token Token-391 waiting for resource 'Tech' at 2025-03-18 08:40:18.424135
2025-03-08 20:19:01,248 - root - INFO - Token Token-392 started task 'Monthly' at 2025-03-18 08:45:59.322892, scheduled to end at 2025-03-18 08:45:59.322892 (processing time: 0.00 min)
2025-03-08 20:19:01,248 - root - INFO - Token Token-392 completed task 'Monthly' at 2025-03-18 08:45:59.322892.
2025-03-08 20:19:01,249 - root - INFO - Token Token-392 waiting for resource 'Tech' at 2025-03-18 08:45:59.322892
2025-03-08 20:19:01,249 - root - INFO - Token Token-393 started task 'Monthly' at 2025-03-18 08:52:04.212005, scheduled to end at 2025-03-18 08:52:04.212005 (processing time: 0.00 min)
2025-03-08 20:19:01,250 - root - INFO - Token Token-393 completed task 'Monthly' at 2025-03-18 08:52:04.212005.
2025-03-08 20:19:01,250 - root - INFO - Token Token-393 waiting for resource 'Tech' at 2025-03-18 08:52:04.212005
2025-03-08 20:19:01,251 - root - INFO - Token Token-394 started task 'Monthly' at 2025-03-18 08:58:30.465584, scheduled to end at 2025-03-18 08:58:30.465584 (processing time: 0.00 min)
2025-03-08 20:19:01,251 - root - INFO - Token Token-394 completed task 'Monthly' at 2025-03-18 08:58:30.465584.
2025-03-08 20:19:01,251 - root - INFO - Token Token-394 waiting for resource 'Tech' at 2025-03-18 08:58:30.465584
2025-03-08 20:19:01,252 - root - INFO - Token Token-395 started task 'Monthly' at 2025-03-18 09:04:20.541023, scheduled to end at 2025-03-18 09:04:20.541023 (processing time: 0.00 min)
2025-03-08 20:19:01,252 - root - INFO - Token Token-395 completed task 'Monthly' at 2025-03-18 09:04:20.541023.
2025-03-08 20:19:01,252 - root - INFO - Token Token-395 waiting for resource 'Tech' at 2025-03-18 09:04:20.541023
2025-03-08 20:19:01,253 - root - INFO - Token Token-396 started task 'Monthly' at 2025-03-18 09:10:26.828746, scheduled to end at 2025-03-18 09:10:26.828746 (processing time: 0.00 min)
2025-03-08 20:19:01,253 - root - INFO - Token Token-396 completed task 'Monthly' at 2025-03-18 09:10:26.828746.
2025-03-08 20:19:01,254 - root - INFO - Token Token-396 waiting for resource 'Tech' at 2025-03-18 09:10:26.828746
2025-03-08 20:19:01,254 - root - INFO - Token Token-397 started task 'Monthly' at 2025-03-18 09:16:15.160768, scheduled to end at 2025-03-18 09:16:15.160768 (processing time: 0.00 min)
2025-03-08 20:19:01,254 - root - INFO - Token Token-397 completed task 'Monthly' at 2025-03-18 09:16:15.160768.
2025-03-08 20:19:01,255 - root - INFO - Token Token-397 waiting for resource 'Tech' at 2025-03-18 09:16:15.160768
2025-03-08 20:19:01,255 - root - INFO - Token Token-398 started task 'Monthly' at 2025-03-18 09:22:16.370433, scheduled to end at 2025-03-18 09:22:16.370433 (processing time: 0.00 min)
2025-03-08 20:19:01,255 - root - INFO - Token Token-398 completed task 'Monthly' at 2025-03-18 09:22:16.370433.
2025-03-08 20:19:01,256 - root - INFO - Token Token-398 waiting for resource 'Tech' at 2025-03-18 09:22:16.370433
2025-03-08 20:19:01,256 - root - INFO - Token Token-399 started task 'Monthly' at 2025-03-18 09:26:31.632996, scheduled to end at 2025-03-18 09:26:31.632996 (processing time: 0.00 min)
2025-03-08 20:19:01,257 - root - INFO - Token Token-399 completed task 'Monthly' at 2025-03-18 09:26:31.632996.
2025-03-08 20:19:01,257 - root - INFO - Token Token-399 waiting for resource 'Tech' at 2025-03-18 09:26:31.632996
2025-03-08 20:19:01,257 - root - INFO - Token Token-400 started task 'Monthly' at 2025-03-18 09:31:53.335491, scheduled to end at 2025-03-18 09:31:53.335491 (processing time: 0.00 min)
2025-03-08 20:19:01,258 - root - INFO - Token Token-400 completed task 'Monthly' at 2025-03-18 09:31:53.335491.
2025-03-08 20:19:01,258 - root - INFO - Token Token-400 waiting for resource 'Tech' at 2025-03-18 09:31:53.335491
2025-03-08 20:19:01,258 - root - INFO - Token Token-401 started task 'Monthly' at 2025-03-18 09:36:45.642234, scheduled to end at 2025-03-18 09:36:45.642234 (processing time: 0.00 min)
2025-03-08 20:19:01,259 - root - INFO - Token Token-401 completed task 'Monthly' at 2025-03-18 09:36:45.642234.
2025-03-08 20:19:01,259 - root - INFO - Token Token-401 waiting for resource 'Tech' at 2025-03-18 09:36:45.642234
2025-03-08 20:19:01,259 - root - INFO - Token Token-402 started task 'Monthly' at 2025-03-18 09:42:25.025163, scheduled to end at 2025-03-18 09:42:25.025163 (processing time: 0.00 min)
2025-03-08 20:19:01,260 - root - INFO - Token Token-402 completed task 'Monthly' at 2025-03-18 09:42:25.025163.
2025-03-08 20:19:01,261 - root - INFO - Token Token-402 waiting for resource 'Tech' at 2025-03-18 09:42:25.025163
2025-03-08 20:19:01,262 - root - INFO - Token Token-403 started task 'Monthly' at 2025-03-18 09:48:13.380279, scheduled to end at 2025-03-18 09:48:13.380279 (processing time: 0.00 min)
2025-03-08 20:19:01,263 - root - INFO - Token Token-403 completed task 'Monthly' at 2025-03-18 09:48:13.380279.
2025-03-08 20:19:01,280 - root - INFO - Token Token-403 waiting for resource 'Tech' at 2025-03-18 09:48:13.380279
2025-03-08 20:19:01,280 - root - INFO - Token Token-404 started task 'Monthly' at 2025-03-18 09:53:04.853046, scheduled to end at 2025-03-18 09:53:04.853046 (processing time: 0.00 min)
2025-03-08 20:19:01,280 - root - INFO - Token Token-404 completed task 'Monthly' at 2025-03-18 09:53:04.853046.
2025-03-08 20:19:01,281 - root - INFO - Token Token-404 waiting for resource 'Tech' at 2025-03-18 09:53:04.853046
2025-03-08 20:19:01,281 - root - INFO - Token Token-405 started task 'Monthly' at 2025-03-18 09:58:44.189067, scheduled to end at 2025-03-18 09:58:44.189067 (processing time: 0.00 min)
2025-03-08 20:19:01,281 - root - INFO - Token Token-405 completed task 'Monthly' at 2025-03-18 09:58:44.189067.
2025-03-08 20:19:01,281 - root - INFO - Token Token-405 waiting for resource 'Tech' at 2025-03-18 09:58:44.189067
2025-03-08 20:19:01,281 - root - INFO - Token Token-406 started task 'Monthly' at 2025-03-18 10:04:52.765482, scheduled to end at 2025-03-18 10:04:52.765482 (processing time: 0.00 min)
2025-03-08 20:19:01,282 - root - INFO - Token Token-406 completed task 'Monthly' at 2025-03-18 10:04:52.765482.
2025-03-08 20:19:01,282 - root - INFO - Token Token-406 waiting for resource 'Tech' at 2025-03-18 10:04:52.765482
2025-03-08 20:19:01,282 - root - INFO - Token Token-407 started task 'Monthly' at 2025-03-18 10:11:05.268583, scheduled to end at 2025-03-18 10:11:05.268583 (processing time: 0.00 min)
2025-03-08 20:19:01,282 - root - INFO - Token Token-407 completed task 'Monthly' at 2025-03-18 10:11:05.268583.
2025-03-08 20:19:01,283 - root - INFO - Token Token-407 waiting for resource 'Tech' at 2025-03-18 10:11:05.268583
2025-03-08 20:19:01,283 - root - INFO - Token Token-408 started task 'Monthly' at 2025-03-18 10:17:25.514455, scheduled to end at 2025-03-18 10:17:25.514455 (processing time: 0.00 min)
2025-03-08 20:19:01,284 - root - INFO - Token Token-408 completed task 'Monthly' at 2025-03-18 10:17:25.514455.
2025-03-08 20:19:01,284 - root - INFO - Token Token-408 waiting for resource 'Tech' at 2025-03-18 10:17:25.514455
2025-03-08 20:19:01,284 - root - INFO - Token Token-409 started task 'Monthly' at 2025-03-18 10:22:08.396821, scheduled to end at 2025-03-18 10:22:08.396821 (processing time: 0.00 min)
2025-03-08 20:19:01,284 - root - INFO - Token Token-409 completed task 'Monthly' at 2025-03-18 10:22:08.396821.
2025-03-08 20:19:01,284 - root - INFO - Token Token-409 waiting for resource 'Tech' at 2025-03-18 10:22:08.396821
2025-03-08 20:19:01,287 - root - INFO - Token Token-410 started task 'Monthly' at 2025-03-18 10:28:33.174849, scheduled to end at 2025-03-18 10:28:33.174849 (processing time: 0.00 min)
2025-03-08 20:19:01,289 - root - INFO - Token Token-410 completed task 'Monthly' at 2025-03-18 10:28:33.174849.
2025-03-08 20:19:01,290 - root - INFO - Token Token-410 waiting for resource 'Tech' at 2025-03-18 10:28:33.174849
2025-03-08 20:19:01,290 - root - INFO - Token Token-411 started task 'Monthly' at 2025-03-18 10:33:33.254651, scheduled to end at 2025-03-18 10:33:33.254651 (processing time: 0.00 min)
2025-03-08 20:19:01,290 - root - INFO - Token Token-411 completed task 'Monthly' at 2025-03-18 10:33:33.254651.
2025-03-08 20:19:01,291 - root - INFO - Token Token-411 waiting for resource 'Tech' at 2025-03-18 10:33:33.254651
2025-03-08 20:19:01,291 - root - INFO - Token Token-412 started task 'Monthly' at 2025-03-18 10:38:27.022345, scheduled to end at 2025-03-18 10:38:27.022345 (processing time: 0.00 min)
2025-03-08 20:19:01,292 - root - INFO - Token Token-412 completed task 'Monthly' at 2025-03-18 10:38:27.022345.
2025-03-08 20:19:01,292 - root - INFO - Token Token-412 waiting for resource 'Tech' at 2025-03-18 10:38:27.022345
2025-03-08 20:19:01,292 - root - INFO - Token Token-413 started task 'Monthly' at 2025-03-18 10:43:41.410312, scheduled to end at 2025-03-18 10:43:41.410312 (processing time: 0.00 min)
2025-03-08 20:19:01,293 - root - INFO - Token Token-413 completed task 'Monthly' at 2025-03-18 10:43:41.410312.
2025-03-08 20:19:01,293 - root - INFO - Token Token-413 waiting for resource 'Tech' at 2025-03-18 10:43:41.410312
2025-03-08 20:19:01,293 - root - INFO - Token Token-414 started task 'Monthly' at 2025-03-18 10:50:01.703405, scheduled to end at 2025-03-18 10:50:01.703405 (processing time: 0.00 min)
2025-03-08 20:19:01,295 - root - INFO - Token Token-414 completed task 'Monthly' at 2025-03-18 10:50:01.703405.
2025-03-08 20:19:01,295 - root - INFO - Token Token-414 waiting for resource 'Tech' at 2025-03-18 10:50:01.703405
2025-03-08 20:19:01,295 - root - INFO - Token Token-415 started task 'Monthly' at 2025-03-18 10:56:11.510791, scheduled to end at 2025-03-18 10:56:11.510791 (processing time: 0.00 min)
2025-03-08 20:19:01,296 - root - INFO - Token Token-415 completed task 'Monthly' at 2025-03-18 10:56:11.510791.
2025-03-08 20:19:01,296 - root - INFO - Token Token-415 waiting for resource 'Tech' at 2025-03-18 10:56:11.510791
2025-03-08 20:19:01,297 - root - INFO - Token Token-416 started task 'Monthly' at 2025-03-18 11:02:26.567376, scheduled to end at 2025-03-18 11:02:26.567376 (processing time: 0.00 min)
2025-03-08 20:19:01,297 - root - INFO - Token Token-416 completed task 'Monthly' at 2025-03-18 11:02:26.567376.
2025-03-08 20:19:01,297 - root - INFO - Token Token-416 waiting for resource 'Tech' at 2025-03-18 11:02:26.567376
2025-03-08 20:19:01,298 - root - INFO - Token Token-417 started task 'Monthly' at 2025-03-18 11:08:12.217010, scheduled to end at 2025-03-18 11:08:12.217010 (processing time: 0.00 min)
2025-03-08 20:19:01,298 - root - INFO - Token Token-417 completed task 'Monthly' at 2025-03-18 11:08:12.217010.
2025-03-08 20:19:01,298 - root - INFO - Token Token-417 waiting for resource 'Tech' at 2025-03-18 11:08:12.217010
2025-03-08 20:19:01,299 - root - INFO - Token Token-418 started task 'Monthly' at 2025-03-18 11:14:27.965482, scheduled to end at 2025-03-18 11:14:27.965482 (processing time: 0.00 min)
2025-03-08 20:19:01,299 - root - INFO - Token Token-418 completed task 'Monthly' at 2025-03-18 11:14:27.965482.
2025-03-08 20:19:01,299 - root - INFO - Token Token-418 waiting for resource 'Tech' at 2025-03-18 11:14:27.965482
2025-03-08 20:19:01,300 - root - INFO - Token Token-419 started task 'Monthly' at 2025-03-18 11:20:51.644302, scheduled to end at 2025-03-18 11:20:51.644302 (processing time: 0.00 min)
2025-03-08 20:19:01,300 - root - INFO - Token Token-419 completed task 'Monthly' at 2025-03-18 11:20:51.644302.
2025-03-08 20:19:01,301 - root - INFO - Token Token-419 waiting for resource 'Tech' at 2025-03-18 11:20:51.644302
2025-03-08 20:19:01,301 - root - INFO - Token Token-420 started task 'Monthly' at 2025-03-18 11:26:27.449272, scheduled to end at 2025-03-18 11:26:27.449272 (processing time: 0.00 min)
2025-03-08 20:19:01,301 - root - INFO - Token Token-420 completed task 'Monthly' at 2025-03-18 11:26:27.449272.
2025-03-08 20:19:01,302 - root - INFO - Token Token-420 waiting for resource 'Tech' at 2025-03-18 11:26:27.449272
2025-03-08 20:19:01,302 - root - INFO - Token Token-421 started task 'Monthly' at 2025-03-18 11:32:46.929119, scheduled to end at 2025-03-18 11:32:46.929119 (processing time: 0.00 min)
2025-03-08 20:19:01,302 - root - INFO - Token Token-421 completed task 'Monthly' at 2025-03-18 11:32:46.929119.
2025-03-08 20:19:01,303 - root - INFO - Token Token-421 waiting for resource 'Tech' at 2025-03-18 11:32:46.929119
2025-03-08 20:19:01,303 - root - INFO - Token Token-422 started task 'Monthly' at 2025-03-18 11:37:42.237454, scheduled to end at 2025-03-18 11:37:42.237454 (processing time: 0.00 min)
2025-03-08 20:19:01,303 - root - INFO - Token Token-422 completed task 'Monthly' at 2025-03-18 11:37:42.237454.
2025-03-08 20:19:01,304 - root - INFO - Token Token-422 waiting for resource 'Tech' at 2025-03-18 11:37:42.237454
2025-03-08 20:19:01,304 - root - INFO - Token Token-423 started task 'Monthly' at 2025-03-18 11:43:10.409877, scheduled to end at 2025-03-18 11:43:10.409877 (processing time: 0.00 min)
2025-03-08 20:19:01,305 - root - INFO - Token Token-423 completed task 'Monthly' at 2025-03-18 11:43:10.409877.
2025-03-08 20:19:01,305 - root - INFO - Token Token-423 waiting for resource 'Tech' at 2025-03-18 11:43:10.409877
2025-03-08 20:19:01,305 - root - INFO - Token Token-424 started task 'Monthly' at 2025-03-18 11:48:00.107247, scheduled to end at 2025-03-18 11:48:00.107247 (processing time: 0.00 min)
2025-03-08 20:19:01,306 - root - INFO - Token Token-424 completed task 'Monthly' at 2025-03-18 11:48:00.107247.
2025-03-08 20:19:01,306 - root - INFO - Token Token-424 waiting for resource 'Tech' at 2025-03-18 11:48:00.107247
2025-03-08 20:19:01,307 - root - INFO - Token Token-425 started task 'Monthly' at 2025-03-18 11:52:24.537053, scheduled to end at 2025-03-18 11:52:24.537053 (processing time: 0.00 min)
2025-03-08 20:19:01,308 - root - INFO - Token Token-425 completed task 'Monthly' at 2025-03-18 11:52:24.537053.
2025-03-08 20:19:01,309 - root - INFO - Token Token-425 waiting for resource 'Tech' at 2025-03-18 11:52:24.537053
2025-03-08 20:19:01,310 - root - INFO - Token Token-426 started task 'Monthly' at 2025-03-18 11:57:11.357002, scheduled to end at 2025-03-18 11:57:11.357002 (processing time: 0.00 min)
2025-03-08 20:19:01,328 - root - INFO - Token Token-426 completed task 'Monthly' at 2025-03-18 11:57:11.357002.
2025-03-08 20:19:01,328 - root - INFO - Token Token-426 waiting for resource 'Tech' at 2025-03-18 11:57:11.357002
2025-03-08 20:19:01,329 - root - INFO - Token Token-427 started task 'Monthly' at 2025-03-18 12:03:18.771374, scheduled to end at 2025-03-18 12:03:18.771374 (processing time: 0.00 min)
2025-03-08 20:19:01,330 - root - INFO - Token Token-427 completed task 'Monthly' at 2025-03-18 12:03:18.771374.
2025-03-08 20:19:01,330 - root - INFO - Token Token-427 waiting for resource 'Tech' at 2025-03-18 12:03:18.771374
2025-03-08 20:19:01,330 - root - INFO - Token Token-428 started task 'Monthly' at 2025-03-18 12:09:00.267589, scheduled to end at 2025-03-18 12:09:00.267589 (processing time: 0.00 min)
2025-03-08 20:19:01,331 - root - INFO - Token Token-428 completed task 'Monthly' at 2025-03-18 12:09:00.267589.
2025-03-08 20:19:01,331 - root - INFO - Token Token-428 waiting for resource 'Tech' at 2025-03-18 12:09:00.267589
2025-03-08 20:19:01,331 - root - INFO - Token Token-429 started task 'Monthly' at 2025-03-18 12:13:25.911035, scheduled to end at 2025-03-18 12:13:25.911035 (processing time: 0.00 min)
2025-03-08 20:19:01,332 - root - INFO - Token Token-429 completed task 'Monthly' at 2025-03-18 12:13:25.911035.
2025-03-08 20:19:01,332 - root - INFO - Token Token-429 waiting for resource 'Tech' at 2025-03-18 12:13:25.911035
2025-03-08 20:19:01,332 - root - INFO - Token Token-430 started task 'Monthly' at 2025-03-18 12:19:52.014582, scheduled to end at 2025-03-18 12:19:52.014582 (processing time: 0.00 min)
2025-03-08 20:19:01,333 - root - INFO - Token Token-430 completed task 'Monthly' at 2025-03-18 12:19:52.014582.
2025-03-08 20:19:01,333 - root - INFO - Token Token-430 waiting for resource 'Tech' at 2025-03-18 12:19:52.014582
2025-03-08 20:19:01,333 - root - INFO - Token Token-431 started task 'Monthly' at 2025-03-18 12:24:55.876942, scheduled to end at 2025-03-18 12:24:55.876942 (processing time: 0.00 min)
2025-03-08 20:19:01,333 - root - INFO - Token Token-431 completed task 'Monthly' at 2025-03-18 12:24:55.876942.
2025-03-08 20:19:01,334 - root - INFO - Token Token-431 waiting for resource 'Tech' at 2025-03-18 12:24:55.876942
2025-03-08 20:19:01,334 - root - INFO - Token Token-432 started task 'Monthly' at 2025-03-18 12:30:28.470726, scheduled to end at 2025-03-18 12:30:28.470726 (processing time: 0.00 min)
2025-03-08 20:19:01,334 - root - INFO - Token Token-432 completed task 'Monthly' at 2025-03-18 12:30:28.470726.
2025-03-08 20:19:01,334 - root - INFO - Token Token-432 waiting for resource 'Tech' at 2025-03-18 12:30:28.470726
2025-03-08 20:19:01,334 - root - INFO - Token Token-433 started task 'Monthly' at 2025-03-18 12:36:49.134300, scheduled to end at 2025-03-18 12:36:49.134300 (processing time: 0.00 min)
2025-03-08 20:19:01,336 - root - INFO - Token Token-433 completed task 'Monthly' at 2025-03-18 12:36:49.134300.
2025-03-08 20:19:01,337 - root - INFO - Token Token-433 waiting for resource 'Tech' at 2025-03-18 12:36:49.134300
2025-03-08 20:19:01,337 - root - INFO - Token Token-434 started task 'Monthly' at 2025-03-18 12:43:05.305757, scheduled to end at 2025-03-18 12:43:05.305757 (processing time: 0.00 min)
2025-03-08 20:19:01,337 - root - INFO - Token Token-434 completed task 'Monthly' at 2025-03-18 12:43:05.305757.
2025-03-08 20:19:01,337 - root - INFO - Token Token-434 waiting for resource 'Tech' at 2025-03-18 12:43:05.305757
2025-03-08 20:19:01,337 - root - INFO - Token Token-435 started task 'Monthly' at 2025-03-18 12:48:33.352641, scheduled to end at 2025-03-18 12:48:33.352641 (processing time: 0.00 min)
2025-03-08 20:19:01,337 - root - INFO - Token Token-435 completed task 'Monthly' at 2025-03-18 12:48:33.352641.
2025-03-08 20:19:01,337 - root - INFO - Token Token-435 waiting for resource 'Tech' at 2025-03-18 12:48:33.352641
2025-03-08 20:19:01,339 - root - INFO - Token Token-436 started task 'Monthly' at 2025-03-18 12:54:12.784014, scheduled to end at 2025-03-18 12:54:12.784014 (processing time: 0.00 min)
2025-03-08 20:19:01,339 - root - INFO - Token Token-436 completed task 'Monthly' at 2025-03-18 12:54:12.784014.
2025-03-08 20:19:01,339 - root - INFO - Token Token-436 waiting for resource 'Tech' at 2025-03-18 12:54:12.784014
2025-03-08 20:19:01,339 - root - INFO - Token Token-437 started task 'Monthly' at 2025-03-18 13:00:26.765739, scheduled to end at 2025-03-18 13:00:26.765739 (processing time: 0.00 min)
2025-03-08 20:19:01,339 - root - INFO - Token Token-437 completed task 'Monthly' at 2025-03-18 13:00:26.765739.
2025-03-08 20:19:01,340 - root - INFO - Token Token-437 waiting for resource 'Tech' at 2025-03-18 13:00:26.765739
2025-03-08 20:19:01,340 - root - INFO - Token Token-438 started task 'Monthly' at 2025-03-18 13:06:46.682081, scheduled to end at 2025-03-18 13:06:46.682081 (processing time: 0.00 min)
2025-03-08 20:19:01,340 - root - INFO - Token Token-438 completed task 'Monthly' at 2025-03-18 13:06:46.682081.
2025-03-08 20:19:01,341 - root - INFO - Token Token-438 waiting for resource 'Tech' at 2025-03-18 13:06:46.682081
2025-03-08 20:19:01,341 - root - INFO - Token Token-439 started task 'Monthly' at 2025-03-18 13:12:44.697078, scheduled to end at 2025-03-18 13:12:44.697078 (processing time: 0.00 min)
2025-03-08 20:19:01,341 - root - INFO - Token Token-439 completed task 'Monthly' at 2025-03-18 13:12:44.697078.
2025-03-08 20:19:01,342 - root - INFO - Token Token-439 waiting for resource 'Tech' at 2025-03-18 13:12:44.697078
2025-03-08 20:19:01,342 - root - INFO - Token Token-440 started task 'Monthly' at 2025-03-18 13:18:18.182340, scheduled to end at 2025-03-18 13:18:18.182340 (processing time: 0.00 min)
2025-03-08 20:19:01,342 - root - INFO - Token Token-440 completed task 'Monthly' at 2025-03-18 13:18:18.182340.
2025-03-08 20:19:01,342 - root - INFO - Token Token-440 waiting for resource 'Tech' at 2025-03-18 13:18:18.182340
2025-03-08 20:19:01,343 - root - INFO - Token Token-441 started task 'Monthly' at 2025-03-18 13:23:48.099944, scheduled to end at 2025-03-18 13:23:48.099944 (processing time: 0.00 min)
2025-03-08 20:19:01,343 - root - INFO - Token Token-441 completed task 'Monthly' at 2025-03-18 13:23:48.099944.
2025-03-08 20:19:01,343 - root - INFO - Token Token-441 waiting for resource 'Tech' at 2025-03-18 13:23:48.099944
2025-03-08 20:19:01,343 - root - INFO - Token Token-442 started task 'Monthly' at 2025-03-18 13:29:59.789464, scheduled to end at 2025-03-18 13:29:59.789464 (processing time: 0.00 min)
2025-03-08 20:19:01,344 - root - INFO - Token Token-442 completed task 'Monthly' at 2025-03-18 13:29:59.789464.
2025-03-08 20:19:01,344 - root - INFO - Token Token-442 waiting for resource 'Tech' at 2025-03-18 13:29:59.789464
2025-03-08 20:19:01,344 - root - INFO - Token Token-443 started task 'Monthly' at 2025-03-18 13:35:52.972773, scheduled to end at 2025-03-18 13:35:52.972773 (processing time: 0.00 min)
2025-03-08 20:19:01,344 - root - INFO - Token Token-443 completed task 'Monthly' at 2025-03-18 13:35:52.972773.
2025-03-08 20:19:01,344 - root - INFO - Token Token-443 waiting for resource 'Tech' at 2025-03-18 13:35:52.972773
2025-03-08 20:19:01,345 - root - INFO - Token Token-444 started task 'Monthly' at 2025-03-18 13:41:25.875428, scheduled to end at 2025-03-18 13:41:25.875428 (processing time: 0.00 min)
2025-03-08 20:19:01,345 - root - INFO - Token Token-444 completed task 'Monthly' at 2025-03-18 13:41:25.875428.
2025-03-08 20:19:01,345 - root - INFO - Token Token-444 waiting for resource 'Tech' at 2025-03-18 13:41:25.875428
2025-03-08 20:19:01,345 - root - INFO - Token Token-445 started task 'Monthly' at 2025-03-18 13:47:47.094929, scheduled to end at 2025-03-18 13:47:47.094929 (processing time: 0.00 min)
2025-03-08 20:19:01,346 - root - INFO - Token Token-445 completed task 'Monthly' at 2025-03-18 13:47:47.094929.
2025-03-08 20:19:01,346 - root - INFO - Token Token-445 waiting for resource 'Tech' at 2025-03-18 13:47:47.094929
2025-03-08 20:19:01,346 - root - INFO - Token Token-446 started task 'Monthly' at 2025-03-18 13:54:13.668318, scheduled to end at 2025-03-18 13:54:13.668318 (processing time: 0.00 min)
2025-03-08 20:19:01,346 - root - INFO - Token Token-446 completed task 'Monthly' at 2025-03-18 13:54:13.668318.
2025-03-08 20:19:01,346 - root - INFO - Token Token-446 waiting for resource 'Tech' at 2025-03-18 13:54:13.668318
2025-03-08 20:19:01,347 - root - INFO - Token Token-447 started task 'Monthly' at 2025-03-19 08:00:00, scheduled to end at 2025-03-19 08:00:00 (processing time: 0.00 min)
2025-03-08 20:19:01,347 - root - INFO - Token Token-447 completed task 'Monthly' at 2025-03-19 08:00:00.
2025-03-08 20:19:01,347 - root - INFO - Token Token-447 waiting for resource 'Tech' at 2025-03-19 08:00:00
2025-03-08 20:19:01,348 - root - INFO - Token Token-448 started task 'Monthly' at 2025-03-19 08:06:13.367654, scheduled to end at 2025-03-19 08:06:13.367654 (processing time: 0.00 min)
2025-03-08 20:19:01,348 - root - INFO - Token Token-448 completed task 'Monthly' at 2025-03-19 08:06:13.367654.
2025-03-08 20:19:01,348 - root - INFO - Token Token-448 waiting for resource 'Tech' at 2025-03-19 08:06:13.367654
2025-03-08 20:19:01,348 - root - INFO - Token Token-449 started task 'Monthly' at 2025-03-19 08:12:12.809838, scheduled to end at 2025-03-19 08:12:12.809838 (processing time: 0.00 min)
2025-03-08 20:19:01,349 - root - INFO - Token Token-449 completed task 'Monthly' at 2025-03-19 08:12:12.809838.
2025-03-08 20:19:01,349 - root - INFO - Token Token-449 waiting for resource 'Tech' at 2025-03-19 08:12:12.809838
2025-03-08 20:19:01,349 - root - INFO - Token Token-450 started task 'Monthly' at 2025-03-19 08:18:38.342916, scheduled to end at 2025-03-19 08:18:38.342916 (processing time: 0.00 min)
2025-03-08 20:19:01,349 - root - INFO - Token Token-450 completed task 'Monthly' at 2025-03-19 08:18:38.342916.
2025-03-08 20:19:01,349 - root - INFO - Token Token-450 waiting for resource 'Tech' at 2025-03-19 08:18:38.342916
2025-03-08 20:19:01,350 - root - INFO - Token Token-451 started task 'Monthly' at 2025-03-19 08:24:17.766873, scheduled to end at 2025-03-19 08:24:17.766873 (processing time: 0.00 min)
2025-03-08 20:19:01,350 - root - INFO - Token Token-451 completed task 'Monthly' at 2025-03-19 08:24:17.766873.
2025-03-08 20:19:01,353 - root - INFO - Token Token-451 waiting for resource 'Tech' at 2025-03-19 08:24:17.766873
2025-03-08 20:19:01,354 - root - INFO - Token Token-452 started task 'Monthly' at 2025-03-19 08:30:18.681964, scheduled to end at 2025-03-19 08:30:18.681964 (processing time: 0.00 min)
2025-03-08 20:19:01,355 - root - INFO - Token Token-452 completed task 'Monthly' at 2025-03-19 08:30:18.681964.
2025-03-08 20:19:01,356 - root - INFO - Token Token-452 waiting for resource 'Tech' at 2025-03-19 08:30:18.681964
2025-03-08 20:19:01,357 - root - INFO - Token Token-453 started task 'Monthly' at 2025-03-19 08:36:26.067372, scheduled to end at 2025-03-19 08:36:26.067372 (processing time: 0.00 min)
2025-03-08 20:19:01,377 - root - INFO - Token Token-453 completed task 'Monthly' at 2025-03-19 08:36:26.067372.
2025-03-08 20:19:01,378 - root - INFO - Token Token-453 waiting for resource 'Tech' at 2025-03-19 08:36:26.067372
2025-03-08 20:19:01,378 - root - INFO - Token Token-454 started task 'Monthly' at 2025-03-19 08:41:33.065392, scheduled to end at 2025-03-19 08:41:33.065392 (processing time: 0.00 min)
2025-03-08 20:19:01,378 - root - INFO - Token Token-454 completed task 'Monthly' at 2025-03-19 08:41:33.065392.
2025-03-08 20:19:01,379 - root - INFO - Token Token-454 waiting for resource 'Tech' at 2025-03-19 08:41:33.065392
2025-03-08 20:19:01,379 - root - INFO - Token Token-455 started task 'Monthly' at 2025-03-19 08:47:21.655898, scheduled to end at 2025-03-19 08:47:21.655898 (processing time: 0.00 min)
2025-03-08 20:19:01,380 - root - INFO - Token Token-455 completed task 'Monthly' at 2025-03-19 08:47:21.655898.
2025-03-08 20:19:01,380 - root - INFO - Token Token-455 waiting for resource 'Tech' at 2025-03-19 08:47:21.655898
2025-03-08 20:19:01,381 - root - INFO - Token Token-456 started task 'Monthly' at 2025-03-19 08:52:24.455345, scheduled to end at 2025-03-19 08:52:24.455345 (processing time: 0.00 min)
2025-03-08 20:19:01,381 - root - INFO - Token Token-456 completed task 'Monthly' at 2025-03-19 08:52:24.455345.
2025-03-08 20:19:01,382 - root - INFO - Token Token-456 waiting for resource 'Tech' at 2025-03-19 08:52:24.455345
2025-03-08 20:19:01,382 - root - INFO - Token Token-457 started task 'Monthly' at 2025-03-19 08:57:57.457594, scheduled to end at 2025-03-19 08:57:57.457594 (processing time: 0.00 min)
2025-03-08 20:19:01,382 - root - INFO - Token Token-457 completed task 'Monthly' at 2025-03-19 08:57:57.457594.
2025-03-08 20:19:01,383 - root - INFO - Token Token-457 waiting for resource 'Tech' at 2025-03-19 08:57:57.457594
2025-03-08 20:19:01,383 - root - INFO - Token Token-458 started task 'Monthly' at 2025-03-19 09:02:56.725481, scheduled to end at 2025-03-19 09:02:56.725481 (processing time: 0.00 min)
2025-03-08 20:19:01,384 - root - INFO - Token Token-458 completed task 'Monthly' at 2025-03-19 09:02:56.725481.
2025-03-08 20:19:01,384 - root - INFO - Token Token-458 waiting for resource 'Tech' at 2025-03-19 09:02:56.725481
2025-03-08 20:19:01,384 - root - INFO - Token Token-459 started task 'Monthly' at 2025-03-19 09:08:16.203206, scheduled to end at 2025-03-19 09:08:16.203206 (processing time: 0.00 min)
2025-03-08 20:19:01,385 - root - INFO - Token Token-459 completed task 'Monthly' at 2025-03-19 09:08:16.203206.
2025-03-08 20:19:01,385 - root - INFO - Token Token-459 waiting for resource 'Tech' at 2025-03-19 09:08:16.203206
2025-03-08 20:19:01,385 - root - INFO - Token Token-460 started task 'Monthly' at 2025-03-19 09:14:21.458466, scheduled to end at 2025-03-19 09:14:21.458466 (processing time: 0.00 min)
2025-03-08 20:19:01,386 - root - INFO - Token Token-460 completed task 'Monthly' at 2025-03-19 09:14:21.458466.
2025-03-08 20:19:01,388 - root - INFO - Token Token-460 waiting for resource 'Tech' at 2025-03-19 09:14:21.458466
2025-03-08 20:19:01,388 - root - INFO - Token Token-461 started task 'Monthly' at 2025-03-19 09:19:54.785086, scheduled to end at 2025-03-19 09:19:54.785086 (processing time: 0.00 min)
2025-03-08 20:19:01,389 - root - INFO - Token Token-461 completed task 'Monthly' at 2025-03-19 09:19:54.785086.
2025-03-08 20:19:01,389 - root - INFO - Token Token-461 waiting for resource 'Tech' at 2025-03-19 09:19:54.785086
2025-03-08 20:19:01,390 - root - INFO - Token Token-462 started task 'Monthly' at 2025-03-19 09:25:44.290959, scheduled to end at 2025-03-19 09:25:44.290959 (processing time: 0.00 min)
2025-03-08 20:19:01,390 - root - INFO - Token Token-462 completed task 'Monthly' at 2025-03-19 09:25:44.290959.
2025-03-08 20:19:01,390 - root - INFO - Token Token-462 waiting for resource 'Tech' at 2025-03-19 09:25:44.290959
2025-03-08 20:19:01,390 - root - INFO - Token Token-463 started task 'Monthly' at 2025-03-19 09:31:56.086820, scheduled to end at 2025-03-19 09:31:56.086820 (processing time: 0.00 min)
2025-03-08 20:19:01,391 - root - INFO - Token Token-463 completed task 'Monthly' at 2025-03-19 09:31:56.086820.
2025-03-08 20:19:01,391 - root - INFO - Token Token-463 waiting for resource 'Tech' at 2025-03-19 09:31:56.086820
2025-03-08 20:19:01,392 - root - INFO - Token Token-464 started task 'Monthly' at 2025-03-19 09:37:53.228254, scheduled to end at 2025-03-19 09:37:53.228254 (processing time: 0.00 min)
2025-03-08 20:19:01,392 - root - INFO - Token Token-464 completed task 'Monthly' at 2025-03-19 09:37:53.228254.
2025-03-08 20:19:01,392 - root - INFO - Token Token-464 waiting for resource 'Tech' at 2025-03-19 09:37:53.228254
2025-03-08 20:19:01,393 - root - INFO - Token Token-465 started task 'Monthly' at 2025-03-19 09:43:24.038529, scheduled to end at 2025-03-19 09:43:24.038529 (processing time: 0.00 min)
2025-03-08 20:19:01,393 - root - INFO - Token Token-465 completed task 'Monthly' at 2025-03-19 09:43:24.038529.
2025-03-08 20:19:01,393 - root - INFO - Token Token-465 waiting for resource 'Tech' at 2025-03-19 09:43:24.038529
2025-03-08 20:19:01,394 - root - INFO - Token Token-466 started task 'Monthly' at 2025-03-19 09:48:01.280199, scheduled to end at 2025-03-19 09:48:01.280199 (processing time: 0.00 min)
2025-03-08 20:19:01,394 - root - INFO - Token Token-466 completed task 'Monthly' at 2025-03-19 09:48:01.280199.
2025-03-08 20:19:01,394 - root - INFO - Token Token-466 waiting for resource 'Tech' at 2025-03-19 09:48:01.280199
2025-03-08 20:19:01,395 - root - INFO - Token Token-467 started task 'Monthly' at 2025-03-19 09:54:07.034023, scheduled to end at 2025-03-19 09:54:07.034023 (processing time: 0.00 min)
2025-03-08 20:19:01,395 - root - INFO - Token Token-467 completed task 'Monthly' at 2025-03-19 09:54:07.034023.
2025-03-08 20:19:01,395 - root - INFO - Token Token-467 waiting for resource 'Tech' at 2025-03-19 09:54:07.034023
2025-03-08 20:19:01,396 - root - INFO - Token Token-468 started task 'Monthly' at 2025-03-19 09:59:16.589356, scheduled to end at 2025-03-19 09:59:16.589356 (processing time: 0.00 min)
2025-03-08 20:19:01,396 - root - INFO - Token Token-468 completed task 'Monthly' at 2025-03-19 09:59:16.589356.
2025-03-08 20:19:01,397 - root - INFO - Token Token-468 waiting for resource 'Tech' at 2025-03-19 09:59:16.589356
2025-03-08 20:19:01,397 - root - INFO - Token Token-469 started task 'Monthly' at 2025-03-19 10:05:26.925802, scheduled to end at 2025-03-19 10:05:26.925802 (processing time: 0.00 min)
2025-03-08 20:19:01,397 - root - INFO - Token Token-469 completed task 'Monthly' at 2025-03-19 10:05:26.925802.
2025-03-08 20:19:01,397 - root - INFO - Token Token-469 waiting for resource 'Tech' at 2025-03-19 10:05:26.925802
2025-03-08 20:19:01,398 - root - INFO - Token Token-470 started task 'Monthly' at 2025-03-19 10:11:27.668675, scheduled to end at 2025-03-19 10:11:27.668675 (processing time: 0.00 min)
2025-03-08 20:19:01,398 - root - INFO - Token Token-470 completed task 'Monthly' at 2025-03-19 10:11:27.668675.
2025-03-08 20:19:01,398 - root - INFO - Token Token-470 waiting for resource 'Tech' at 2025-03-19 10:11:27.668675
2025-03-08 20:19:01,398 - root - INFO - Token Token-471 started task 'Monthly' at 2025-03-19 10:17:37.778482, scheduled to end at 2025-03-19 10:17:37.778482 (processing time: 0.00 min)
2025-03-08 20:19:01,399 - root - INFO - Token Token-471 completed task 'Monthly' at 2025-03-19 10:17:37.778482.
2025-03-08 20:19:01,399 - root - INFO - Token Token-471 waiting for resource 'Tech' at 2025-03-19 10:17:37.778482
2025-03-08 20:19:01,399 - root - INFO - Token Token-472 started task 'Monthly' at 2025-03-19 10:22:56.393437, scheduled to end at 2025-03-19 10:22:56.393437 (processing time: 0.00 min)
2025-03-08 20:19:01,399 - root - INFO - Token Token-472 completed task 'Monthly' at 2025-03-19 10:22:56.393437.
2025-03-08 20:19:01,399 - root - INFO - Token Token-472 waiting for resource 'Tech' at 2025-03-19 10:22:56.393437
2025-03-08 20:19:01,399 - root - INFO - Token Token-473 started task 'Monthly' at 2025-03-19 10:29:02.515876, scheduled to end at 2025-03-19 10:29:02.515876 (processing time: 0.00 min)
2025-03-08 20:19:01,399 - root - INFO - Token Token-473 completed task 'Monthly' at 2025-03-19 10:29:02.515876.
2025-03-08 20:19:01,401 - root - INFO - Token Token-473 waiting for resource 'Tech' at 2025-03-19 10:29:02.515876
2025-03-08 20:19:01,401 - root - INFO - Token Token-474 started task 'Monthly' at 2025-03-19 10:34:40.888717, scheduled to end at 2025-03-19 10:34:40.888717 (processing time: 0.00 min)
2025-03-08 20:19:01,401 - root - INFO - Token Token-474 completed task 'Monthly' at 2025-03-19 10:34:40.888717.
2025-03-08 20:19:01,401 - root - INFO - Token Token-474 waiting for resource 'Tech' at 2025-03-19 10:34:40.888717
2025-03-08 20:19:01,401 - root - INFO - Token Token-475 started task 'Monthly' at 2025-03-19 10:39:36.429688, scheduled to end at 2025-03-19 10:39:36.429688 (processing time: 0.00 min)
2025-03-08 20:19:01,402 - root - INFO - Token Token-475 completed task 'Monthly' at 2025-03-19 10:39:36.429688.
2025-03-08 20:19:01,402 - root - INFO - Token Token-475 waiting for resource 'Tech' at 2025-03-19 10:39:36.429688
2025-03-08 20:19:01,402 - root - INFO - Token Token-476 started task 'Monthly' at 2025-03-19 10:45:55.738287, scheduled to end at 2025-03-19 10:45:55.738287 (processing time: 0.00 min)
2025-03-08 20:19:01,402 - root - INFO - Token Token-476 completed task 'Monthly' at 2025-03-19 10:45:55.738287.
2025-03-08 20:19:01,403 - root - INFO - Token Token-476 waiting for resource 'Tech' at 2025-03-19 10:45:55.738287
2025-03-08 20:19:01,403 - root - INFO - Token Token-477 started task 'Monthly' at 2025-03-19 10:52:21.905783, scheduled to end at 2025-03-19 10:52:21.905783 (processing time: 0.00 min)
2025-03-08 20:19:01,403 - root - INFO - Token Token-477 completed task 'Monthly' at 2025-03-19 10:52:21.905783.
2025-03-08 20:19:01,403 - root - INFO - Token Token-477 waiting for resource 'Tech' at 2025-03-19 10:52:21.905783
2025-03-08 20:19:01,403 - root - INFO - Token Token-478 started task 'Monthly' at 2025-03-19 10:58:02.288712, scheduled to end at 2025-03-19 10:58:02.288712 (processing time: 0.00 min)
2025-03-08 20:19:01,404 - root - INFO - Token Token-478 completed task 'Monthly' at 2025-03-19 10:58:02.288712.
2025-03-08 20:19:01,404 - root - INFO - Token Token-478 waiting for resource 'Tech' at 2025-03-19 10:58:02.288712
2025-03-08 20:19:01,424 - root - INFO - Processing: 1/500 tokens completed (0.2%) - Events: 1451 - Current sim time: 2025-03-19 10:58:02.288712
2025-03-08 20:19:01,425 - root - INFO - Token Token-479 started task 'Monthly' at 2025-03-19 11:03:13.098519, scheduled to end at 2025-03-19 11:03:13.098519 (processing time: 0.00 min)
2025-03-08 20:19:01,426 - root - INFO - Token Token-479 completed task 'Monthly' at 2025-03-19 11:03:13.098519.
2025-03-08 20:19:01,426 - root - INFO - Token Token-479 waiting for resource 'Tech' at 2025-03-19 11:03:13.098519
2025-03-08 20:19:01,427 - root - INFO - Token Token-480 started task 'Monthly' at 2025-03-19 11:09:02.412378, scheduled to end at 2025-03-19 11:09:02.412378 (processing time: 0.00 min)
2025-03-08 20:19:01,427 - root - INFO - Token Token-480 completed task 'Monthly' at 2025-03-19 11:09:02.412378.
2025-03-08 20:19:01,427 - root - INFO - Token Token-480 waiting for resource 'Tech' at 2025-03-19 11:09:02.412378
2025-03-08 20:19:01,428 - root - INFO - Token Token-481 started task 'Monthly' at 2025-03-19 11:14:55.778602, scheduled to end at 2025-03-19 11:14:55.778602 (processing time: 0.00 min)
2025-03-08 20:19:01,428 - root - INFO - Token Token-481 completed task 'Monthly' at 2025-03-19 11:14:55.778602.
2025-03-08 20:19:01,429 - root - INFO - Token Token-481 waiting for resource 'Tech' at 2025-03-19 11:14:55.778602
2025-03-08 20:19:01,429 - root - INFO - Token Token-482 started task 'Monthly' at 2025-03-19 11:20:30.268897, scheduled to end at 2025-03-19 11:20:30.268897 (processing time: 0.00 min)
2025-03-08 20:19:01,429 - root - INFO - Token Token-482 completed task 'Monthly' at 2025-03-19 11:20:30.268897.
2025-03-08 20:19:01,430 - root - INFO - Token Token-482 waiting for resource 'Tech' at 2025-03-19 11:20:30.268897
2025-03-08 20:19:01,431 - root - INFO - Token Token-483 started task 'Monthly' at 2025-03-19 11:25:20.720565, scheduled to end at 2025-03-19 11:25:20.720565 (processing time: 0.00 min)
2025-03-08 20:19:01,433 - root - INFO - Token Token-483 completed task 'Monthly' at 2025-03-19 11:25:20.720565.
2025-03-08 20:19:01,434 - root - INFO - Token Token-483 waiting for resource 'Tech' at 2025-03-19 11:25:20.720565
2025-03-08 20:19:01,434 - root - INFO - Token Token-484 started task 'Monthly' at 2025-03-19 11:31:29.203874, scheduled to end at 2025-03-19 11:31:29.203874 (processing time: 0.00 min)
2025-03-08 20:19:01,435 - root - INFO - Token Token-484 completed task 'Monthly' at 2025-03-19 11:31:29.203874.
2025-03-08 20:19:01,435 - root - INFO - Token Token-484 waiting for resource 'Tech' at 2025-03-19 11:31:29.203874
2025-03-08 20:19:01,435 - root - INFO - Token Token-485 started task 'Monthly' at 2025-03-19 11:36:06.527566, scheduled to end at 2025-03-19 11:36:06.527566 (processing time: 0.00 min)
2025-03-08 20:19:01,436 - root - INFO - Token Token-485 completed task 'Monthly' at 2025-03-19 11:36:06.527566.
2025-03-08 20:19:01,436 - root - INFO - Token Token-485 waiting for resource 'Tech' at 2025-03-19 11:36:06.527566
2025-03-08 20:19:01,437 - root - INFO - Token Token-486 started task 'Monthly' at 2025-03-19 11:41:30.364225, scheduled to end at 2025-03-19 11:41:30.364225 (processing time: 0.00 min)
2025-03-08 20:19:01,437 - root - INFO - Token Token-486 completed task 'Monthly' at 2025-03-19 11:41:30.364225.
2025-03-08 20:19:01,437 - root - INFO - Token Token-486 waiting for resource 'Tech' at 2025-03-19 11:41:30.364225
2025-03-08 20:19:01,438 - root - INFO - Token Token-487 started task 'Monthly' at 2025-03-19 11:47:18.139594, scheduled to end at 2025-03-19 11:47:18.139594 (processing time: 0.00 min)
2025-03-08 20:19:01,438 - root - INFO - Token Token-487 completed task 'Monthly' at 2025-03-19 11:47:18.139594.
2025-03-08 20:19:01,438 - root - INFO - Token Token-487 waiting for resource 'Tech' at 2025-03-19 11:47:18.139594
2025-03-08 20:19:01,439 - root - INFO - Token Token-488 started task 'Monthly' at 2025-03-19 11:53:34.425236, scheduled to end at 2025-03-19 11:53:34.425236 (processing time: 0.00 min)
2025-03-08 20:19:01,439 - root - INFO - Token Token-488 completed task 'Monthly' at 2025-03-19 11:53:34.425236.
2025-03-08 20:19:01,439 - root - INFO - Token Token-488 waiting for resource 'Tech' at 2025-03-19 11:53:34.425236
2025-03-08 20:19:01,440 - root - INFO - Token Token-489 started task 'Monthly' at 2025-03-19 11:59:22.136006, scheduled to end at 2025-03-19 11:59:22.136006 (processing time: 0.00 min)
2025-03-08 20:19:01,440 - root - INFO - Token Token-489 completed task 'Monthly' at 2025-03-19 11:59:22.136006.
2025-03-08 20:19:01,440 - root - INFO - Token Token-489 waiting for resource 'Tech' at 2025-03-19 11:59:22.136006
2025-03-08 20:19:01,441 - root - INFO - Token Token-490 started task 'Monthly' at 2025-03-19 12:05:03.606424, scheduled to end at 2025-03-19 12:05:03.606424 (processing time: 0.00 min)
2025-03-08 20:19:01,441 - root - INFO - Token Token-490 completed task 'Monthly' at 2025-03-19 12:05:03.606424.
2025-03-08 20:19:01,442 - root - INFO - Token Token-490 waiting for resource 'Tech' at 2025-03-19 12:05:03.606424
2025-03-08 20:19:01,442 - root - INFO - Token Token-491 started task 'Monthly' at 2025-03-19 12:11:29.712405, scheduled to end at 2025-03-19 12:11:29.712405 (processing time: 0.00 min)
2025-03-08 20:19:01,442 - root - INFO - Token Token-491 completed task 'Monthly' at 2025-03-19 12:11:29.712405.
2025-03-08 20:19:01,443 - root - INFO - Token Token-491 waiting for resource 'Tech' at 2025-03-19 12:11:29.712405
2025-03-08 20:19:01,443 - root - INFO - Token Token-492 started task 'Monthly' at 2025-03-19 12:17:49.099873, scheduled to end at 2025-03-19 12:17:49.099873 (processing time: 0.00 min)
2025-03-08 20:19:01,443 - root - INFO - Token Token-492 completed task 'Monthly' at 2025-03-19 12:17:49.099873.
2025-03-08 20:19:01,444 - root - INFO - Token Token-492 waiting for resource 'Tech' at 2025-03-19 12:17:49.099873
2025-03-08 20:19:01,444 - root - INFO - Token Token-493 started task 'Monthly' at 2025-03-19 12:23:27.239832, scheduled to end at 2025-03-19 12:23:27.239832 (processing time: 0.00 min)
2025-03-08 20:19:01,444 - root - INFO - Token Token-493 completed task 'Monthly' at 2025-03-19 12:23:27.239832.
2025-03-08 20:19:01,445 - root - INFO - Token Token-493 waiting for resource 'Tech' at 2025-03-19 12:23:27.239832
2025-03-08 20:19:01,445 - root - INFO - Token Token-494 started task 'Monthly' at 2025-03-19 12:29:36.815383, scheduled to end at 2025-03-19 12:29:36.815383 (processing time: 0.00 min)
2025-03-08 20:19:01,446 - root - INFO - Token Token-494 completed task 'Monthly' at 2025-03-19 12:29:36.815383.
2025-03-08 20:19:01,446 - root - INFO - Token Token-494 waiting for resource 'Tech' at 2025-03-19 12:29:36.815383
2025-03-08 20:19:01,446 - root - INFO - Token Token-495 started task 'Monthly' at 2025-03-19 12:35:33.096173, scheduled to end at 2025-03-19 12:35:33.096173 (processing time: 0.00 min)
2025-03-08 20:19:01,447 - root - INFO - Token Token-495 completed task 'Monthly' at 2025-03-19 12:35:33.096173.
2025-03-08 20:19:01,447 - root - INFO - Token Token-495 waiting for resource 'Tech' at 2025-03-19 12:35:33.096173
2025-03-08 20:19:01,448 - root - INFO - Token Token-496 started task 'Monthly' at 2025-03-19 12:40:40.371427, scheduled to end at 2025-03-19 12:40:40.371427 (processing time: 0.00 min)
2025-03-08 20:19:01,448 - root - INFO - Token Token-496 completed task 'Monthly' at 2025-03-19 12:40:40.371427.
2025-03-08 20:19:01,448 - root - INFO - Token Token-496 waiting for resource 'Tech' at 2025-03-19 12:40:40.371427
2025-03-08 20:19:01,449 - root - INFO - Token Token-497 started task 'Monthly' at 2025-03-19 12:46:55.645717, scheduled to end at 2025-03-19 12:46:55.645717 (processing time: 0.00 min)
2025-03-08 20:19:01,449 - root - INFO - Token Token-497 completed task 'Monthly' at 2025-03-19 12:46:55.645717.
2025-03-08 20:19:01,450 - root - INFO - Token Token-497 waiting for resource 'Tech' at 2025-03-19 12:46:55.645717
2025-03-08 20:19:01,452 - root - INFO - Token Token-498 started task 'Monthly' at 2025-03-19 12:52:16.387201, scheduled to end at 2025-03-19 12:52:16.387201 (processing time: 0.00 min)
2025-03-08 20:19:01,453 - root - INFO - Token Token-498 completed task 'Monthly' at 2025-03-19 12:52:16.387201.
2025-03-08 20:19:01,466 - root - INFO - Token Token-498 waiting for resource 'Tech' at 2025-03-19 12:52:16.387201
2025-03-08 20:19:01,466 - root - INFO - Token Token-499 started task 'Monthly' at 2025-03-19 12:58:28.341673, scheduled to end at 2025-03-19 12:58:28.341673 (processing time: 0.00 min)
2025-03-08 20:19:01,467 - root - INFO - Token Token-499 completed task 'Monthly' at 2025-03-19 12:58:28.341673.
2025-03-08 20:19:01,467 - root - INFO - Token Token-499 waiting for resource 'Tech' at 2025-03-19 12:58:28.341673
2025-03-08 20:19:01,467 - root - INFO - Token Token-500 started task 'Monthly' at 2025-03-19 13:04:26.944320, scheduled to end at 2025-03-19 13:04:26.944320 (processing time: 0.00 min)
2025-03-08 20:19:01,468 - root - INFO - Token Token-500 completed task 'Monthly' at 2025-03-19 13:04:26.944320.
2025-03-08 20:19:01,468 - root - INFO - Token Token-500 waiting for resource 'Tech' at 2025-03-19 13:04:26.944320
2025-03-08 20:19:01,469 - root - INFO - Simulation complete. Collecting results...
2025-03-08 20:19:01,474 - root - INFO - Processing results...
2025-03-08 20:19:01,592 - root - INFO - Results exported to 5.5.13 Real Property-Monthly Reviews-Inclusive_results.xlsx
2025-03-08 20:34:04,571 - root - INFO - Application exited normally
