2025-03-11 12:11:02,046 - root - INFO - Logging initialized
2025-03-11 12:11:02,046 - root - INFO - Starting Bizagi Process Simulator
2025-03-11 12:11:02,047 - root - INFO - NetworkX compatibility patch applied
2025-03-11 12:11:02,047 - root - INFO - Settings loaded from bizagi_simulator_settings.json
2025-03-11 12:11:02,048 - root - INFO - Configuration loaded
2025-03-11 12:11:02,843 - root - INFO - Application UI initialized
2025-03-11 12:11:47,445 - root - INFO - Settings saved to bizagi_simulator_settings.json
2025-03-11 12:55:23,496 - root - INFO - Loading data...
2025-03-11 12:55:23,511 - root - INFO - Successfully loaded XPDL file: C:/Users/kcmclau.EVOFORGE/Repos/bizagi_simulations/Bizagi/5.5_1/5.5.13 Real Property-Monthly Reviews-Inclusive.xpdl
2025-03-11 12:55:23,527 - root - INFO - Successfully loaded metrics from C:/Users/kcmclau.EVOFORGE/Repos/bizagi_simulations/Bizagi/simulation_metrics-inclusive_modified.xlsx
2025-03-11 12:55:23,527 - root - INFO - Loaded 8 rows with columns: name, type, resource, available resources, avg time, min time, max time, yes, no, arrival interval, max arrival count
2025-03-11 12:55:23,527 - root - INFO - Preprocessed simulation metrics data
2025-03-11 12:55:23,527 - root - INFO - Building process model from XPDL...
2025-03-11 12:55:23,527 - root - INFO - Parsing XPDL file: C:/Users/kcmclau.EVOFORGE/Repos/bizagi_simulations/Bizagi/5.5_1/5.5.13 Real Property-Monthly Reviews-Inclusive.xpdl with namespace: {'xpdl': 'http://www.wfmc.org/2009/XPDL2.2'}
2025-03-11 12:55:23,527 - root - INFO - Found 11 activities, including 2 gateways
2025-03-11 12:55:23,527 - root - INFO - Gateway activities: {'c69b6146-7bd5-462f-9865-79a90dbf54e6': '[Exclusive Gateway]', '9ff64215-67ea-40c9-8172-fe1f4fb7030e': '[Inclusive Gateway]'}
2025-03-11 12:55:23,527 - root - INFO - Found 11 transitions in the process
2025-03-11 12:55:23,527 - root - INFO - Processing outgoing activities for gateway c69b6146-7bd5-462f-9865-79a90dbf54e6 of type [Exclusive Gateway]
2025-03-11 12:55:23,527 - root - INFO - Processing outgoing activities for gateway 9ff64215-67ea-40c9-8172-fe1f4fb7030e of type [Inclusive Gateway]
2025-03-11 12:55:23,527 - root - INFO -   Setting gateway type for 36668b7b-7686-4303-ab26-b6f518da488c to [Inclusive Gateway]
2025-03-11 12:55:23,527 - root - INFO -   Setting gateway type for 5115501c-098a-4983-be9b-f54396e13e4d to [Inclusive Gateway]
2025-03-11 12:55:23,527 - root - INFO -   Setting gateway type for 11bbf8d1-f060-46c7-a839-63f24d988003 to [Inclusive Gateway]
2025-03-11 12:55:23,527 - root - INFO - Generated 11 sequence rows
2025-03-11 12:55:23,544 - root - INFO - Sequence file saved to: 5.5.13 Real Property-Monthly Reviews-Inclusive_sequences.txt
2025-03-11 12:55:23,544 - root - INFO - Building process model from sequence file: 5.5.13 Real Property-Monthly Reviews-Inclusive_sequences.txt
2025-03-11 12:55:23,546 - root - INFO - Extracted 11 transitions from sequence file
2025-03-11 12:55:23,546 - root - INFO - Gateway connections: {'[Exclusive Gateway]': {'Complete /Accurate?': ['Work with REO RPO to Correct (5.5.13.3)']}, '[Inclusive Gateway]': {'Create Journal Entries?': ['Inclusive Path 3'], 'Note Accuracy in Asset Change Tracker (5.5.13.2)': ['Unknown'], 'Inclusive Path 3': ['Unknown'], 'Create/Post Journal Entries (5.5.13.4)': ['Unknown']}}
2025-03-11 12:55:23,549 - root - INFO - Added node: Monthly, type: Start, gateway: None
2025-03-11 12:55:23,550 - root - INFO - Added node: Review AM using Asset Change Tracker (5.5.13.1), type: Activity Step, gateway: None
2025-03-11 12:55:23,551 - root - INFO - Added node: Complete /Accurate?, type: Activity Step, gateway: [Exclusive Gateway]
2025-03-11 12:55:23,554 - root - INFO - Added node: Note Accuracy in Asset Change Tracker (5.5.13.2), type: [Inclusive Gateway], gateway: [Inclusive Gateway]
2025-03-11 12:55:23,555 - root - INFO - Added node: Work with REO RPO to Correct (5.5.13.3), type: CONDITION-No, gateway: None
2025-03-11 12:55:23,557 - root - INFO - Added node: Create Journal Entries?, type: [Inclusive Gateway], gateway: [Inclusive Gateway]
2025-03-11 12:55:23,559 - root - INFO - Added node: Create/Post Journal Entries (5.5.13.4), type: [Inclusive Gateway], gateway: [Inclusive Gateway]
2025-03-11 12:55:23,560 - root - INFO - Added node: Unknown, type: Stop, gateway: None
2025-03-11 12:55:23,562 - root - INFO - Added node: Inclusive Path 3, type: [Inclusive Gateway], gateway: [Inclusive Gateway]
2025-03-11 12:55:23,574 - root - INFO - Processing connections for gateway type: [Exclusive Gateway]
2025-03-11 12:55:23,574 - root - INFO -   Gateway Complete /Accurate? connects to: ['Work with REO RPO to Correct (5.5.13.3)']
2025-03-11 12:55:23,574 - root - INFO - Processing connections for gateway type: [Inclusive Gateway]
2025-03-11 12:55:23,574 - root - INFO -   Gateway Create Journal Entries? connects to: ['Inclusive Path 3']
2025-03-11 12:55:23,574 - root - INFO -     Setting gateway type for Inclusive Path 3 to [Inclusive Gateway]
2025-03-11 12:55:23,579 - root - INFO -   Gateway Note Accuracy in Asset Change Tracker (5.5.13.2) connects to: ['Unknown']
2025-03-11 12:55:23,579 - root - INFO -     Setting gateway type for Unknown to [Inclusive Gateway]
2025-03-11 12:55:23,579 - root - INFO -   Gateway Inclusive Path 3 connects to: ['Unknown']
2025-03-11 12:55:23,580 - root - INFO -     Setting gateway type for Unknown to [Inclusive Gateway]
2025-03-11 12:55:23,580 - root - INFO -   Gateway Create/Post Journal Entries (5.5.13.4) connects to: ['Unknown']
2025-03-11 12:55:23,580 - root - INFO -     Setting gateway type for Unknown to [Inclusive Gateway]
2025-03-11 12:55:23,580 - root - INFO - Process model built with 9 nodes and 11 edges
2025-03-11 12:55:23,583 - root - INFO - Process model saved to: process_model_20250311_125523.json
2025-03-11 12:55:23,583 - root - INFO - Process model saved to: process_model_20250311_125523.json
2025-03-11 12:55:23,584 - root - INFO - Converting graph to ProcessModel...
2025-03-11 12:55:23,587 - root - INFO - Built process model with 9 nodes and 11 links
2025-03-11 12:55:23,588 - root - INFO - Found 1 start nodes: ['Monthly']
2025-03-11 12:55:23,589 - root - INFO - Found 1 start nodes: ['Monthly']
2025-03-11 12:55:23,590 - root - INFO - Setting up simulation...
2025-03-11 12:55:23,593 - root - INFO - Found 2 resources in process model: {'Tech': 1, 'Certifier': 1}
2025-03-11 12:55:23,594 - root - INFO - Initializing resource Tech with count 1
2025-03-11 12:55:23,594 - root - INFO - Initializing resource Certifier with count 1
2025-03-11 12:55:23,595 - root - INFO - Found 2 resources in process model: {'Tech': 1, 'Certifier': 1}
2025-03-11 12:55:23,595 - root - INFO - Available resources in model: {'Tech': 1, 'Certifier': 1}
2025-03-11 12:55:23,595 - root - INFO - Scheduling tokens...
2025-03-11 12:55:23,597 - root - INFO - Scheduling 300 tokens with triangular distribution...
2025-03-11 12:55:23,599 - root - INFO - Found 1 start nodes: ['Monthly']
2025-03-11 12:55:23,609 - root - INFO - Scheduling up to 300 tokens over 2881 available minutes
2025-03-11 12:55:23,609 - root - INFO - Scheduled Token-1 to start at 2025-03-11 08:00:00.
2025-03-11 12:55:23,610 - root - INFO - Scheduled Token-2 to start at 2025-03-11 08:05:24.337696.
2025-03-11 12:55:23,610 - root - INFO - Scheduled Token-3 to start at 2025-03-11 08:10:36.120476.
2025-03-11 12:55:23,610 - root - INFO - Scheduled Token-4 to start at 2025-03-11 08:16:12.683547.
2025-03-11 12:55:23,611 - root - INFO - Scheduled Token-5 to start at 2025-03-11 08:21:54.662494.
2025-03-11 12:55:23,611 - root - INFO - Scheduled Token-6 to start at 2025-03-11 08:27:45.675855.
2025-03-11 12:55:23,611 - root - INFO - Scheduled Token-7 to start at 2025-03-11 08:32:29.793395.
2025-03-11 12:55:23,612 - root - INFO - Scheduled Token-8 to start at 2025-03-11 08:36:48.749010.
2025-03-11 12:55:23,612 - root - INFO - Scheduled Token-9 to start at 2025-03-11 08:42:45.966223.
2025-03-11 12:55:23,613 - root - INFO - Scheduled Token-10 to start at 2025-03-11 08:47:50.533956.
2025-03-11 12:55:23,613 - root - INFO - Scheduled Token-11 to start at 2025-03-11 08:54:07.140092.
2025-03-11 12:55:23,613 - root - INFO - Scheduled Token-12 to start at 2025-03-11 08:59:17.942918.
2025-03-11 12:55:23,614 - root - INFO - Scheduled Token-13 to start at 2025-03-11 09:04:09.233927.
2025-03-11 12:55:23,614 - root - INFO - Scheduled Token-14 to start at 2025-03-11 09:09:01.448706.
2025-03-11 12:55:23,614 - root - INFO - Scheduled Token-15 to start at 2025-03-11 09:15:18.465116.
2025-03-11 12:55:23,615 - root - INFO - Scheduled Token-16 to start at 2025-03-11 09:21:28.576568.
2025-03-11 12:55:23,615 - root - INFO - Scheduled Token-17 to start at 2025-03-11 09:26:37.764411.
2025-03-11 12:55:23,616 - root - INFO - Scheduled Token-18 to start at 2025-03-11 09:32:53.724682.
2025-03-11 12:55:23,616 - root - INFO - Scheduled Token-19 to start at 2025-03-11 09:37:11.931351.
2025-03-11 12:55:23,616 - root - INFO - Scheduled Token-20 to start at 2025-03-11 09:43:10.868177.
2025-03-11 12:55:23,617 - root - INFO - Scheduled Token-21 to start at 2025-03-11 09:48:47.447513.
2025-03-11 12:55:23,617 - root - INFO - Scheduled Token-22 to start at 2025-03-11 09:53:46.453166.
2025-03-11 12:55:23,617 - root - INFO - Scheduled Token-23 to start at 2025-03-11 10:00:05.206748.
2025-03-11 12:55:23,617 - root - INFO - Scheduled Token-24 to start at 2025-03-11 10:04:46.227437.
2025-03-11 12:55:23,618 - root - INFO - Scheduled Token-25 to start at 2025-03-11 10:10:22.547891.
2025-03-11 12:55:23,618 - root - INFO - Scheduled Token-26 to start at 2025-03-11 10:16:37.353168.
2025-03-11 12:55:23,619 - root - INFO - Scheduled Token-27 to start at 2025-03-11 10:22:19.959281.
2025-03-11 12:55:23,619 - root - INFO - Scheduled Token-28 to start at 2025-03-11 10:28:16.135096.
2025-03-11 12:55:23,620 - root - INFO - Scheduled Token-29 to start at 2025-03-11 10:34:23.988440.
2025-03-11 12:55:23,620 - root - INFO - Scheduled Token-30 to start at 2025-03-11 10:39:41.242564.
2025-03-11 12:55:23,620 - root - INFO - Scheduled Token-31 to start at 2025-03-11 10:45:28.720847.
2025-03-11 12:55:23,622 - root - INFO - Scheduled Token-32 to start at 2025-03-11 10:50:33.383142.
2025-03-11 12:55:23,622 - root - INFO - Scheduled Token-33 to start at 2025-03-11 10:56:29.006891.
2025-03-11 12:55:23,623 - root - INFO - Scheduled Token-34 to start at 2025-03-11 11:01:03.118670.
2025-03-11 12:55:23,623 - root - INFO - Scheduled Token-35 to start at 2025-03-11 11:06:05.296211.
2025-03-11 12:55:23,623 - root - INFO - Scheduled Token-36 to start at 2025-03-11 11:11:46.349090.
2025-03-11 12:55:23,624 - root - INFO - Scheduled Token-37 to start at 2025-03-11 11:17:49.220302.
2025-03-11 12:55:23,624 - root - INFO - Scheduled Token-38 to start at 2025-03-11 11:23:40.369216.
2025-03-11 12:55:23,624 - root - INFO - Scheduled Token-39 to start at 2025-03-11 11:29:52.565720.
2025-03-11 12:55:23,625 - root - INFO - Scheduled Token-40 to start at 2025-03-11 11:35:19.495309.
2025-03-11 12:55:23,625 - root - INFO - Scheduled Token-41 to start at 2025-03-11 11:41:42.392188.
2025-03-11 12:55:23,626 - root - INFO - Scheduled Token-42 to start at 2025-03-11 11:47:35.683169.
2025-03-11 12:55:23,626 - root - INFO - Scheduled Token-43 to start at 2025-03-11 11:53:41.651682.
2025-03-11 12:55:23,627 - root - INFO - Scheduled Token-44 to start at 2025-03-11 12:00:06.351897.
2025-03-11 12:55:23,627 - root - INFO - Scheduled Token-45 to start at 2025-03-11 12:04:49.673079.
2025-03-11 12:55:23,628 - root - INFO - Scheduled Token-46 to start at 2025-03-11 12:09:06.109293.
2025-03-11 12:55:23,629 - root - INFO - Scheduled Token-47 to start at 2025-03-11 12:14:59.089558.
2025-03-11 12:55:23,629 - root - INFO - Scheduled Token-48 to start at 2025-03-11 12:21:10.775161.
2025-03-11 12:55:23,630 - root - INFO - Scheduled Token-49 to start at 2025-03-11 12:27:34.321827.
2025-03-11 12:55:23,630 - root - INFO - Scheduled Token-50 to start at 2025-03-11 12:32:10.876006.
2025-03-11 12:55:23,630 - root - INFO - Scheduled Token-51 to start at 2025-03-11 12:38:37.229048.
2025-03-11 12:55:23,631 - root - INFO - Scheduled Token-52 to start at 2025-03-11 12:44:28.195992.
2025-03-11 12:55:23,631 - root - INFO - Scheduled Token-53 to start at 2025-03-11 12:50:05.562391.
2025-03-11 12:55:23,647 - root - INFO - Scheduled Token-54 to start at 2025-03-11 12:55:59.891144.
2025-03-11 12:55:23,647 - root - INFO - Scheduled Token-55 to start at 2025-03-11 13:01:28.273912.
2025-03-11 12:55:23,648 - root - INFO - Scheduled Token-56 to start at 2025-03-11 13:07:40.796380.
2025-03-11 12:55:23,648 - root - INFO - Scheduled Token-57 to start at 2025-03-11 13:12:28.023852.
2025-03-11 12:55:23,649 - root - INFO - Scheduled Token-58 to start at 2025-03-11 13:16:43.633468.
2025-03-11 12:55:23,649 - root - INFO - Scheduled Token-59 to start at 2025-03-11 13:22:22.056796.
2025-03-11 12:55:23,650 - root - INFO - Scheduled Token-60 to start at 2025-03-11 13:27:49.652831.
2025-03-11 12:55:23,650 - root - INFO - Scheduled Token-61 to start at 2025-03-11 13:34:01.649265.
2025-03-11 12:55:23,650 - root - INFO - Scheduled Token-62 to start at 2025-03-11 13:40:12.029936.
2025-03-11 12:55:23,651 - root - INFO - Scheduled Token-63 to start at 2025-03-11 13:46:30.982309.
2025-03-11 12:55:23,651 - root - INFO - Scheduled Token-64 to start at 2025-03-11 13:52:53.615137.
2025-03-11 12:55:23,651 - root - INFO - Scheduled Token-65 to start at 2025-03-11 13:59:00.500327.
2025-03-11 12:55:23,652 - root - INFO - Scheduled Token-66 to start at 2025-03-12 08:00:00.
2025-03-11 12:55:23,652 - root - INFO - Scheduled Token-67 to start at 2025-03-12 08:06:06.704915.
2025-03-11 12:55:23,653 - root - INFO - Scheduled Token-68 to start at 2025-03-12 08:12:07.837330.
2025-03-11 12:55:23,653 - root - INFO - Scheduled Token-69 to start at 2025-03-12 08:18:26.505194.
2025-03-11 12:55:23,653 - root - INFO - Scheduled Token-70 to start at 2025-03-12 08:23:39.442199.
2025-03-11 12:55:23,654 - root - INFO - Scheduled Token-71 to start at 2025-03-12 08:29:51.299774.
2025-03-11 12:55:23,655 - root - INFO - Scheduled Token-72 to start at 2025-03-12 08:34:46.527046.
2025-03-11 12:55:23,656 - root - INFO - Scheduled Token-73 to start at 2025-03-12 08:40:58.156237.
2025-03-11 12:55:23,657 - root - INFO - Scheduled Token-74 to start at 2025-03-12 08:47:13.779696.
2025-03-11 12:55:23,657 - root - INFO - Scheduled Token-75 to start at 2025-03-12 08:53:21.565539.
2025-03-11 12:55:23,657 - root - INFO - Scheduled Token-76 to start at 2025-03-12 08:59:07.037256.
2025-03-11 12:55:23,657 - root - INFO - Scheduled Token-77 to start at 2025-03-12 09:04:26.164399.
2025-03-11 12:55:23,657 - root - INFO - Scheduled Token-78 to start at 2025-03-12 09:10:02.731333.
2025-03-11 12:55:23,658 - root - INFO - Scheduled Token-79 to start at 2025-03-12 09:15:51.554266.
2025-03-11 12:55:23,658 - root - INFO - Scheduled Token-80 to start at 2025-03-12 09:20:17.225779.
2025-03-11 12:55:23,658 - root - INFO - Scheduled Token-81 to start at 2025-03-12 09:26:16.456649.
2025-03-11 12:55:23,659 - root - INFO - Scheduled Token-82 to start at 2025-03-12 09:31:33.803938.
2025-03-11 12:55:23,659 - root - INFO - Scheduled Token-83 to start at 2025-03-12 09:36:35.229220.
2025-03-11 12:55:23,659 - root - INFO - Scheduled Token-84 to start at 2025-03-12 09:41:48.258767.
2025-03-11 12:55:23,660 - root - INFO - Scheduled Token-85 to start at 2025-03-12 09:47:25.100415.
2025-03-11 12:55:23,660 - root - INFO - Scheduled Token-86 to start at 2025-03-12 09:52:52.908524.
2025-03-11 12:55:23,661 - root - INFO - Scheduled Token-87 to start at 2025-03-12 09:58:18.687312.
2025-03-11 12:55:23,661 - root - INFO - Scheduled Token-88 to start at 2025-03-12 10:04:29.254882.
2025-03-11 12:55:23,661 - root - INFO - Scheduled Token-89 to start at 2025-03-12 10:10:54.371516.
2025-03-11 12:55:23,662 - root - INFO - Scheduled Token-90 to start at 2025-03-12 10:16:53.519702.
2025-03-11 12:55:23,662 - root - INFO - Scheduled Token-91 to start at 2025-03-12 10:21:22.489109.
2025-03-11 12:55:23,662 - root - INFO - Scheduled Token-92 to start at 2025-03-12 10:26:58.519468.
2025-03-11 12:55:23,663 - root - INFO - Scheduled Token-93 to start at 2025-03-12 10:33:20.775018.
2025-03-11 12:55:23,663 - root - INFO - Scheduled Token-94 to start at 2025-03-12 10:38:55.589746.
2025-03-11 12:55:23,663 - root - INFO - Scheduled Token-95 to start at 2025-03-12 10:45:11.743905.
2025-03-11 12:55:23,664 - root - INFO - Scheduled Token-96 to start at 2025-03-12 10:49:59.010988.
2025-03-11 12:55:23,664 - root - INFO - Scheduled Token-97 to start at 2025-03-12 10:55:50.946919.
2025-03-11 12:55:23,664 - root - INFO - Scheduled Token-98 to start at 2025-03-12 11:01:05.708650.
2025-03-11 12:55:23,665 - root - INFO - Scheduled Token-99 to start at 2025-03-12 11:06:52.533272.
2025-03-11 12:55:23,665 - root - INFO - Scheduled Token-100 to start at 2025-03-12 11:12:06.634264.
2025-03-11 12:55:23,665 - root - INFO - Scheduled Token-101 to start at 2025-03-12 11:18:16.885978.
2025-03-11 12:55:23,666 - root - INFO - Scheduled Token-102 to start at 2025-03-12 11:24:30.058788.
2025-03-11 12:55:23,666 - root - INFO - Scheduled Token-103 to start at 2025-03-12 11:30:21.500227.
2025-03-11 12:55:23,666 - root - INFO - Scheduled Token-104 to start at 2025-03-12 11:35:33.626681.
2025-03-11 12:55:23,667 - root - INFO - Scheduled Token-105 to start at 2025-03-12 11:41:55.585546.
2025-03-11 12:55:23,667 - root - INFO - Scheduled Token-106 to start at 2025-03-12 11:47:54.989861.
2025-03-11 12:55:23,667 - root - INFO - Scheduled Token-107 to start at 2025-03-12 11:54:05.628713.
2025-03-11 12:55:23,668 - root - INFO - Scheduled Token-108 to start at 2025-03-12 11:58:42.041787.
2025-03-11 12:55:23,668 - root - INFO - Scheduled Token-109 to start at 2025-03-12 12:04:46.292355.
2025-03-11 12:55:23,670 - root - INFO - Scheduled Token-110 to start at 2025-03-12 12:10:05.551318.
2025-03-11 12:55:23,670 - root - INFO - Scheduled Token-111 to start at 2025-03-12 12:15:09.412405.
2025-03-11 12:55:23,670 - root - INFO - Scheduled Token-112 to start at 2025-03-12 12:20:43.609873.
2025-03-11 12:55:23,671 - root - INFO - Scheduled Token-113 to start at 2025-03-12 12:26:20.224379.
2025-03-11 12:55:23,671 - root - INFO - Scheduled Token-114 to start at 2025-03-12 12:31:21.116562.
2025-03-11 12:55:23,671 - root - INFO - Scheduled Token-115 to start at 2025-03-12 12:37:42.354946.
2025-03-11 12:55:23,672 - root - INFO - Scheduled Token-116 to start at 2025-03-12 12:42:58.046976.
2025-03-11 12:55:23,672 - root - INFO - Scheduled Token-117 to start at 2025-03-12 12:49:23.840384.
2025-03-11 12:55:23,672 - root - INFO - Scheduled Token-118 to start at 2025-03-12 12:55:26.801717.
2025-03-11 12:55:23,672 - root - INFO - Scheduled Token-119 to start at 2025-03-12 13:00:47.188779.
2025-03-11 12:55:23,672 - root - INFO - Scheduled Token-120 to start at 2025-03-12 13:07:10.109475.
2025-03-11 12:55:23,672 - root - INFO - Scheduled Token-121 to start at 2025-03-12 13:13:30.966387.
2025-03-11 12:55:23,672 - root - INFO - Scheduled Token-122 to start at 2025-03-12 13:18:39.732979.
2025-03-11 12:55:23,672 - root - INFO - Scheduled Token-123 to start at 2025-03-12 13:23:37.558753.
2025-03-11 12:55:23,672 - root - INFO - Scheduled Token-124 to start at 2025-03-12 13:29:58.238661.
2025-03-11 12:55:23,672 - root - INFO - Scheduled Token-125 to start at 2025-03-12 13:34:29.294490.
2025-03-11 12:55:23,674 - root - INFO - Scheduled Token-126 to start at 2025-03-12 13:40:40.010967.
2025-03-11 12:55:23,675 - root - INFO - Scheduled Token-127 to start at 2025-03-12 13:45:22.132920.
2025-03-11 12:55:23,675 - root - INFO - Scheduled Token-128 to start at 2025-03-12 13:51:13.466682.
2025-03-11 12:55:23,675 - root - INFO - Scheduled Token-129 to start at 2025-03-12 13:56:27.472841.
2025-03-11 12:55:23,675 - root - INFO - Scheduled Token-130 to start at 2025-03-13 08:00:00.
2025-03-11 12:55:23,675 - root - INFO - Scheduled Token-131 to start at 2025-03-13 08:06:07.105094.
2025-03-11 12:55:23,676 - root - INFO - Scheduled Token-132 to start at 2025-03-13 08:10:24.769053.
2025-03-11 12:55:23,676 - root - INFO - Scheduled Token-133 to start at 2025-03-13 08:16:42.479390.
2025-03-11 12:55:23,676 - root - INFO - Scheduled Token-134 to start at 2025-03-13 08:21:36.799383.
2025-03-11 12:55:23,676 - root - INFO - Scheduled Token-135 to start at 2025-03-13 08:27:41.603401.
2025-03-11 12:55:23,677 - root - INFO - Scheduled Token-136 to start at 2025-03-13 08:33:47.209286.
2025-03-11 12:55:23,677 - root - INFO - Scheduled Token-137 to start at 2025-03-13 08:40:06.911673.
2025-03-11 12:55:23,677 - root - INFO - Scheduled Token-138 to start at 2025-03-13 08:45:45.832243.
2025-03-11 12:55:23,677 - root - INFO - Scheduled Token-139 to start at 2025-03-13 08:52:02.814256.
2025-03-11 12:55:23,678 - root - INFO - Scheduled Token-140 to start at 2025-03-13 08:58:15.069693.
2025-03-11 12:55:23,678 - root - INFO - Scheduled Token-141 to start at 2025-03-13 09:04:16.238817.
2025-03-11 12:55:23,678 - root - INFO - Scheduled Token-142 to start at 2025-03-13 09:08:49.069288.
2025-03-11 12:55:23,678 - root - INFO - Scheduled Token-143 to start at 2025-03-13 09:15:13.238413.
2025-03-11 12:55:23,678 - root - INFO - Scheduled Token-144 to start at 2025-03-13 09:20:14.051662.
2025-03-11 12:55:23,679 - root - INFO - Scheduled Token-145 to start at 2025-03-13 09:26:22.711365.
2025-03-11 12:55:23,679 - root - INFO - Scheduled Token-146 to start at 2025-03-13 09:31:27.509198.
2025-03-11 12:55:23,679 - root - INFO - Scheduled Token-147 to start at 2025-03-13 09:37:48.479725.
2025-03-11 12:55:23,679 - root - INFO - Scheduled Token-148 to start at 2025-03-13 09:43:26.194680.
2025-03-11 12:55:23,679 - root - INFO - Scheduled Token-149 to start at 2025-03-13 09:49:00.539857.
2025-03-11 12:55:23,680 - root - INFO - Scheduled Token-150 to start at 2025-03-13 09:54:34.298585.
2025-03-11 12:55:23,680 - root - INFO - Scheduled Token-151 to start at 2025-03-13 10:00:07.904969.
2025-03-11 12:55:23,680 - root - INFO - Scheduled Token-152 to start at 2025-03-13 10:04:53.573891.
2025-03-11 12:55:23,680 - root - INFO - Scheduled Token-153 to start at 2025-03-13 10:11:00.218915.
2025-03-11 12:55:23,681 - root - INFO - Scheduled Token-154 to start at 2025-03-13 10:16:59.027202.
2025-03-11 12:55:23,681 - root - INFO - Scheduled Token-155 to start at 2025-03-13 10:23:15.447324.
2025-03-11 12:55:23,681 - root - INFO - Scheduled Token-156 to start at 2025-03-13 10:28:41.471726.
2025-03-11 12:55:23,682 - root - INFO - Scheduled Token-157 to start at 2025-03-13 10:34:52.708322.
2025-03-11 12:55:23,682 - root - INFO - Scheduled Token-158 to start at 2025-03-13 10:41:14.371314.
2025-03-11 12:55:23,682 - root - INFO - Scheduled Token-159 to start at 2025-03-13 10:46:31.891984.
2025-03-11 12:55:23,682 - root - INFO - Scheduled Token-160 to start at 2025-03-13 10:52:41.066218.
2025-03-11 12:55:23,682 - root - INFO - Scheduled Token-161 to start at 2025-03-13 10:58:45.572309.
2025-03-11 12:55:23,683 - root - INFO - Scheduled Token-162 to start at 2025-03-13 11:05:10.102895.
2025-03-11 12:55:23,683 - root - INFO - Scheduled Token-163 to start at 2025-03-13 11:10:55.096560.
2025-03-11 12:55:23,702 - root - INFO - Scheduled Token-164 to start at 2025-03-13 11:16:55.156680.
2025-03-11 12:55:23,704 - root - INFO - Scheduled Token-165 to start at 2025-03-13 11:22:07.417366.
2025-03-11 12:55:23,704 - root - INFO - Scheduled Token-166 to start at 2025-03-13 11:27:25.780910.
2025-03-11 12:55:23,705 - root - INFO - Scheduled Token-167 to start at 2025-03-13 11:32:12.559836.
2025-03-11 12:55:23,705 - root - INFO - Scheduled Token-168 to start at 2025-03-13 11:37:39.487259.
2025-03-11 12:55:23,705 - root - INFO - Scheduled Token-169 to start at 2025-03-13 11:43:43.378712.
2025-03-11 12:55:23,706 - root - INFO - Scheduled Token-170 to start at 2025-03-13 11:49:49.979239.
2025-03-11 12:55:23,706 - root - INFO - Scheduled Token-171 to start at 2025-03-13 11:55:45.310454.
2025-03-11 12:55:23,706 - root - INFO - Scheduled Token-172 to start at 2025-03-13 12:00:32.205321.
2025-03-11 12:55:23,707 - root - INFO - Scheduled Token-173 to start at 2025-03-13 12:05:22.010965.
2025-03-11 12:55:23,707 - root - INFO - Scheduled Token-174 to start at 2025-03-13 12:11:30.004900.
2025-03-11 12:55:23,707 - root - INFO - Scheduled Token-175 to start at 2025-03-13 12:16:41.447780.
2025-03-11 12:55:23,708 - root - INFO - Scheduled Token-176 to start at 2025-03-13 12:23:08.412826.
2025-03-11 12:55:23,708 - root - INFO - Scheduled Token-177 to start at 2025-03-13 12:29:14.033340.
2025-03-11 12:55:23,709 - root - INFO - Scheduled Token-178 to start at 2025-03-13 12:34:52.811685.
2025-03-11 12:55:23,710 - root - INFO - Scheduled Token-179 to start at 2025-03-13 12:40:46.873575.
2025-03-11 12:55:23,711 - root - INFO - Scheduled Token-180 to start at 2025-03-13 12:47:01.090995.
2025-03-11 12:55:23,711 - root - INFO - Scheduled Token-181 to start at 2025-03-13 12:52:27.984247.
2025-03-11 12:55:23,712 - root - INFO - Scheduled Token-182 to start at 2025-03-13 12:58:52.510593.
2025-03-11 12:55:23,712 - root - INFO - Scheduled Token-183 to start at 2025-03-13 13:03:44.161785.
2025-03-11 12:55:23,712 - root - INFO - Scheduled Token-184 to start at 2025-03-13 13:10:03.517071.
2025-03-11 12:55:23,713 - root - INFO - Scheduled Token-185 to start at 2025-03-13 13:15:21.396373.
2025-03-11 12:55:23,713 - root - INFO - Scheduled Token-186 to start at 2025-03-13 13:20:52.171777.
2025-03-11 12:55:23,714 - root - INFO - Scheduled Token-187 to start at 2025-03-13 13:25:51.613532.
2025-03-11 12:55:23,714 - root - INFO - Scheduled Token-188 to start at 2025-03-13 13:32:12.452041.
2025-03-11 12:55:23,715 - root - INFO - Scheduled Token-189 to start at 2025-03-13 13:38:39.171172.
2025-03-11 12:55:23,715 - root - INFO - Scheduled Token-190 to start at 2025-03-13 13:43:25.134814.
2025-03-11 12:55:23,715 - root - INFO - Scheduled Token-191 to start at 2025-03-13 13:49:16.921226.
2025-03-11 12:55:23,715 - root - INFO - Scheduled Token-192 to start at 2025-03-13 13:55:43.181944.
2025-03-11 12:55:23,715 - root - INFO - Scheduled Token-193 to start at 2025-03-14 08:00:00.
2025-03-11 12:55:23,715 - root - INFO - Scheduled Token-194 to start at 2025-03-14 08:05:55.640832.
2025-03-11 12:55:23,715 - root - INFO - Scheduled Token-195 to start at 2025-03-14 08:10:43.124993.
2025-03-11 12:55:23,717 - root - INFO - Scheduled Token-196 to start at 2025-03-14 08:15:41.623941.
2025-03-11 12:55:23,717 - root - INFO - Scheduled Token-197 to start at 2025-03-14 08:20:42.871683.
2025-03-11 12:55:23,718 - root - INFO - Scheduled Token-198 to start at 2025-03-14 08:27:05.081101.
2025-03-11 12:55:23,718 - root - INFO - Scheduled Token-199 to start at 2025-03-14 08:32:26.603732.
2025-03-11 12:55:23,718 - root - INFO - Scheduled Token-200 to start at 2025-03-14 08:38:47.467745.
2025-03-11 12:55:23,719 - root - INFO - Scheduled Token-201 to start at 2025-03-14 08:44:19.642746.
2025-03-11 12:55:23,719 - root - INFO - Scheduled Token-202 to start at 2025-03-14 08:49:29.464704.
2025-03-11 12:55:23,720 - root - INFO - Scheduled Token-203 to start at 2025-03-14 08:55:37.195607.
2025-03-11 12:55:23,720 - root - INFO - Scheduled Token-204 to start at 2025-03-14 09:01:04.111629.
2025-03-11 12:55:23,720 - root - INFO - Scheduled Token-205 to start at 2025-03-14 09:07:02.240798.
2025-03-11 12:55:23,721 - root - INFO - Scheduled Token-206 to start at 2025-03-14 09:13:27.939947.
2025-03-11 12:55:23,721 - root - INFO - Scheduled Token-207 to start at 2025-03-14 09:18:10.072127.
2025-03-11 12:55:23,721 - root - INFO - Scheduled Token-208 to start at 2025-03-14 09:24:12.815688.
2025-03-11 12:55:23,721 - root - INFO - Scheduled Token-209 to start at 2025-03-14 09:28:41.704733.
2025-03-11 12:55:23,722 - root - INFO - Scheduled Token-210 to start at 2025-03-14 09:35:06.178749.
2025-03-11 12:55:23,722 - root - INFO - Scheduled Token-211 to start at 2025-03-14 09:41:23.578895.
2025-03-11 12:55:23,722 - root - INFO - Scheduled Token-212 to start at 2025-03-14 09:46:13.421715.
2025-03-11 12:55:23,724 - root - INFO - Scheduled Token-213 to start at 2025-03-14 09:51:47.399791.
2025-03-11 12:55:23,724 - root - INFO - Scheduled Token-214 to start at 2025-03-14 09:57:23.642049.
2025-03-11 12:55:23,724 - root - INFO - Scheduled Token-215 to start at 2025-03-14 10:02:38.441007.
2025-03-11 12:55:23,724 - root - INFO - Scheduled Token-216 to start at 2025-03-14 10:07:51.517161.
2025-03-11 12:55:23,724 - root - INFO - Scheduled Token-217 to start at 2025-03-14 10:13:32.402415.
2025-03-11 12:55:23,725 - root - INFO - Scheduled Token-218 to start at 2025-03-14 10:19:16.155018.
2025-03-11 12:55:23,725 - root - INFO - Scheduled Token-219 to start at 2025-03-14 10:24:18.124640.
2025-03-11 12:55:23,725 - root - INFO - Scheduled Token-220 to start at 2025-03-14 10:29:51.263981.
2025-03-11 12:55:23,725 - root - INFO - Scheduled Token-221 to start at 2025-03-14 10:35:50.433862.
2025-03-11 12:55:23,725 - root - INFO - Scheduled Token-222 to start at 2025-03-14 10:41:55.856007.
2025-03-11 12:55:23,725 - root - INFO - Scheduled Token-223 to start at 2025-03-14 10:46:27.272111.
2025-03-11 12:55:23,725 - root - INFO - Scheduled Token-224 to start at 2025-03-14 10:51:20.220357.
2025-03-11 12:55:23,725 - root - INFO - Scheduled Token-225 to start at 2025-03-14 10:57:19.990623.
2025-03-11 12:55:23,725 - root - INFO - Scheduled Token-226 to start at 2025-03-14 11:03:33.241085.
2025-03-11 12:55:23,727 - root - INFO - Scheduled Token-227 to start at 2025-03-14 11:09:33.840530.
2025-03-11 12:55:23,727 - root - INFO - Scheduled Token-228 to start at 2025-03-14 11:14:46.843325.
2025-03-11 12:55:23,727 - root - INFO - Scheduled Token-229 to start at 2025-03-14 11:19:20.216160.
2025-03-11 12:55:23,727 - root - INFO - Scheduled Token-230 to start at 2025-03-14 11:25:25.744981.
2025-03-11 12:55:23,727 - root - INFO - Scheduled Token-231 to start at 2025-03-14 11:31:07.595307.
2025-03-11 12:55:23,729 - root - INFO - Scheduled Token-232 to start at 2025-03-14 11:37:06.389816.
2025-03-11 12:55:23,729 - root - INFO - Scheduled Token-233 to start at 2025-03-14 11:42:52.486946.
2025-03-11 12:55:23,729 - root - INFO - Scheduled Token-234 to start at 2025-03-14 11:49:05.891227.
2025-03-11 12:55:23,730 - root - INFO - Scheduled Token-235 to start at 2025-03-14 11:55:07.650683.
2025-03-11 12:55:23,731 - root - INFO - Scheduled Token-236 to start at 2025-03-14 12:00:40.472799.
2025-03-11 12:55:23,750 - root - INFO - Scheduled Token-237 to start at 2025-03-14 12:06:55.384968.
2025-03-11 12:55:23,751 - root - INFO - Scheduled Token-238 to start at 2025-03-14 12:13:21.724499.
2025-03-11 12:55:23,751 - root - INFO - Scheduled Token-239 to start at 2025-03-14 12:18:38.048418.
2025-03-11 12:55:23,752 - root - INFO - Scheduled Token-240 to start at 2025-03-14 12:23:12.940303.
2025-03-11 12:55:23,752 - root - INFO - Scheduled Token-241 to start at 2025-03-14 12:28:41.469216.
2025-03-11 12:55:23,752 - root - INFO - Scheduled Token-242 to start at 2025-03-14 12:34:20.296641.
2025-03-11 12:55:23,753 - root - INFO - Scheduled Token-243 to start at 2025-03-14 12:40:01.887226.
2025-03-11 12:55:23,753 - root - INFO - Scheduled Token-244 to start at 2025-03-14 12:45:51.786031.
2025-03-11 12:55:23,754 - root - INFO - Scheduled Token-245 to start at 2025-03-14 12:51:38.648722.
2025-03-11 12:55:23,754 - root - INFO - Scheduled Token-246 to start at 2025-03-14 12:56:51.149034.
2025-03-11 12:55:23,754 - root - INFO - Scheduled Token-247 to start at 2025-03-14 13:02:37.012411.
2025-03-11 12:55:23,755 - root - INFO - Scheduled Token-248 to start at 2025-03-14 13:09:03.901522.
2025-03-11 12:55:23,756 - root - INFO - Scheduled Token-249 to start at 2025-03-14 13:15:08.542263.
2025-03-11 12:55:23,756 - root - INFO - Scheduled Token-250 to start at 2025-03-14 13:21:22.956566.
2025-03-11 12:55:23,756 - root - INFO - Scheduled Token-251 to start at 2025-03-14 13:26:56.541006.
2025-03-11 12:55:23,756 - root - INFO - Scheduled Token-252 to start at 2025-03-14 13:32:22.685226.
2025-03-11 12:55:23,758 - root - INFO - Scheduled Token-253 to start at 2025-03-14 13:38:35.873675.
2025-03-11 12:55:23,758 - root - INFO - Scheduled Token-254 to start at 2025-03-14 13:44:30.415204.
2025-03-11 12:55:23,759 - root - INFO - Scheduled Token-255 to start at 2025-03-14 13:50:04.479902.
2025-03-11 12:55:23,760 - root - INFO - Scheduled Token-256 to start at 2025-03-14 13:56:19.791283.
2025-03-11 12:55:23,760 - root - INFO - Scheduled Token-257 to start at 2025-03-17 08:00:00.
2025-03-11 12:55:23,761 - root - INFO - Scheduled Token-258 to start at 2025-03-17 08:05:26.377038.
2025-03-11 12:55:23,761 - root - INFO - Scheduled Token-259 to start at 2025-03-17 08:11:30.337840.
2025-03-11 12:55:23,761 - root - INFO - Scheduled Token-260 to start at 2025-03-17 08:17:49.702526.
2025-03-11 12:55:23,761 - root - INFO - Scheduled Token-261 to start at 2025-03-17 08:23:20.226369.
2025-03-11 12:55:23,762 - root - INFO - Scheduled Token-262 to start at 2025-03-17 08:29:14.782590.
2025-03-11 12:55:23,762 - root - INFO - Scheduled Token-263 to start at 2025-03-17 08:35:29.363906.
2025-03-11 12:55:23,763 - root - INFO - Scheduled Token-264 to start at 2025-03-17 08:41:51.133093.
2025-03-11 12:55:23,763 - root - INFO - Scheduled Token-265 to start at 2025-03-17 08:47:22.565013.
2025-03-11 12:55:23,763 - root - INFO - Scheduled Token-266 to start at 2025-03-17 08:52:01.787930.
2025-03-11 12:55:23,764 - root - INFO - Scheduled Token-267 to start at 2025-03-17 08:57:17.069273.
2025-03-11 12:55:23,764 - root - INFO - Scheduled Token-268 to start at 2025-03-17 09:02:53.744290.
2025-03-11 12:55:23,764 - root - INFO - Scheduled Token-269 to start at 2025-03-17 09:09:15.781596.
2025-03-11 12:55:23,765 - root - INFO - Scheduled Token-270 to start at 2025-03-17 09:15:36.557804.
2025-03-11 12:55:23,765 - root - INFO - Scheduled Token-271 to start at 2025-03-17 09:21:04.502850.
2025-03-11 12:55:23,765 - root - INFO - Scheduled Token-272 to start at 2025-03-17 09:26:15.416471.
2025-03-11 12:55:23,766 - root - INFO - Scheduled Token-273 to start at 2025-03-17 09:31:53.769918.
2025-03-11 12:55:23,766 - root - INFO - Scheduled Token-274 to start at 2025-03-17 09:38:15.473789.
2025-03-11 12:55:23,766 - root - INFO - Scheduled Token-275 to start at 2025-03-17 09:44:24.160624.
2025-03-11 12:55:23,767 - root - INFO - Scheduled Token-276 to start at 2025-03-17 09:50:17.285405.
2025-03-11 12:55:23,767 - root - INFO - Scheduled Token-277 to start at 2025-03-17 09:55:51.010313.
2025-03-11 12:55:23,767 - root - INFO - Scheduled Token-278 to start at 2025-03-17 10:02:06.516364.
2025-03-11 12:55:23,767 - root - INFO - Scheduled Token-279 to start at 2025-03-17 10:07:58.260023.
2025-03-11 12:55:23,768 - root - INFO - Scheduled Token-280 to start at 2025-03-17 10:13:07.773419.
2025-03-11 12:55:23,768 - root - INFO - Scheduled Token-281 to start at 2025-03-17 10:19:28.707125.
2025-03-11 12:55:23,768 - root - INFO - Scheduled Token-282 to start at 2025-03-17 10:25:07.057677.
2025-03-11 12:55:23,768 - root - INFO - Scheduled Token-283 to start at 2025-03-17 10:29:55.105056.
2025-03-11 12:55:23,768 - root - INFO - Scheduled Token-284 to start at 2025-03-17 10:35:04.775291.
2025-03-11 12:55:23,768 - root - INFO - Scheduled Token-285 to start at 2025-03-17 10:39:42.053249.
2025-03-11 12:55:23,768 - root - INFO - Scheduled Token-286 to start at 2025-03-17 10:44:30.960993.
2025-03-11 12:55:23,768 - root - INFO - Scheduled Token-287 to start at 2025-03-17 10:50:22.548903.
2025-03-11 12:55:23,768 - root - INFO - Scheduled Token-288 to start at 2025-03-17 10:56:33.763765.
2025-03-11 12:55:23,768 - root - INFO - Scheduled Token-289 to start at 2025-03-17 11:02:46.188637.
2025-03-11 12:55:23,770 - root - INFO - Scheduled Token-290 to start at 2025-03-17 11:09:11.048994.
2025-03-11 12:55:23,771 - root - INFO - Scheduled Token-291 to start at 2025-03-17 11:14:18.234467.
2025-03-11 12:55:23,771 - root - INFO - Scheduled Token-292 to start at 2025-03-17 11:20:11.968141.
2025-03-11 12:55:23,771 - root - INFO - Scheduled Token-293 to start at 2025-03-17 11:26:20.110423.
2025-03-11 12:55:23,771 - root - INFO - Scheduled Token-294 to start at 2025-03-17 11:32:38.910987.
2025-03-11 12:55:23,772 - root - INFO - Scheduled Token-295 to start at 2025-03-17 11:38:43.982456.
2025-03-11 12:55:23,772 - root - INFO - Scheduled Token-296 to start at 2025-03-17 11:44:20.763511.
2025-03-11 12:55:23,772 - root - INFO - Scheduled Token-297 to start at 2025-03-17 11:50:29.323084.
2025-03-11 12:55:23,772 - root - INFO - Scheduled Token-298 to start at 2025-03-17 11:55:39.365110.
2025-03-11 12:55:23,773 - root - INFO - Scheduled Token-299 to start at 2025-03-17 12:01:51.866758.
2025-03-11 12:55:23,773 - root - INFO - Scheduled Token-300 to start at 2025-03-17 12:07:55.559606.
2025-03-11 12:55:23,773 - root - INFO - Scheduled 300 tokens. Running simulation...
2025-03-11 12:55:23,774 - root - INFO - Running pre-simulation diagnostics...
2025-03-11 12:55:23,774 - root - INFO - Found 1 start nodes: ['Monthly']
2025-03-11 12:55:23,774 - root - INFO - Start nodes: ['Monthly']
2025-03-11 12:55:23,775 - root - INFO - End nodes: ['Unknown']
2025-03-11 12:55:23,775 - root - INFO - Node ID: Monthly, Name: Unknown, Resource: None, Type: Start
2025-03-11 12:55:23,776 - root - INFO - Node ID: Review AM using Asset Change Tracker (5.5.13.1), Name: Unknown, Resource: Tech, Type: Activity Step
2025-03-11 12:55:23,777 - root - INFO - Node ID: Complete /Accurate?, Name: Unknown, Resource: None, Type: Activity Step
2025-03-11 12:55:23,797 - root - INFO - Node ID: Note Accuracy in Asset Change Tracker (5.5.13.2), Name: Unknown, Resource: Tech, Type: [Inclusive Gateway]
2025-03-11 12:55:23,798 - root - INFO - Node ID: Work with REO RPO to Correct (5.5.13.3), Name: Unknown, Resource: Tech, Type: CONDITION-No
2025-03-11 12:55:23,798 - root - INFO - Node ID: Create Journal Entries?, Name: Unknown, Resource: None, Type: [Inclusive Gateway]
2025-03-11 12:55:23,799 - root - INFO - Node ID: Create/Post Journal Entries (5.5.13.4), Name: Unknown, Resource: Certifier, Type: [Inclusive Gateway]
2025-03-11 12:55:23,799 - root - INFO - Node ID: Unknown, Name: Unknown, Resource: None, Type: Stop
2025-03-11 12:55:23,800 - root - INFO - Node ID: Inclusive Path 3, Name: Unknown, Resource: None, Type: [Inclusive Gateway]
2025-03-11 12:55:23,800 - root - INFO - Resource 'Tech' (count: 1) is assigned to tasks: ['Review AM using Asset Change Tracker (5.5.13.1)', 'Note Accuracy in Asset Change Tracker (5.5.13.2)', 'Work with REO RPO to Correct (5.5.13.3)']
2025-03-11 12:55:23,800 - root - INFO - Resource 'Certifier' (count: 1) is assigned to tasks: ['Create/Post Journal Entries (5.5.13.4)']
2025-03-11 12:55:23,801 - root - INFO - Gateway Complete /Accurate? of type [Exclusive Gateway] has outgoing paths: ['Note Accuracy in Asset Change Tracker (5.5.13.2)', 'Work with REO RPO to Correct (5.5.13.3)']
2025-03-11 12:55:23,801 - root - INFO - Gateway Note Accuracy in Asset Change Tracker (5.5.13.2) of type [Inclusive Gateway] has outgoing paths: ['Unknown']
2025-03-11 12:55:23,802 - root - INFO - Gateway Create Journal Entries? of type [Inclusive Gateway] has outgoing paths: ['Create/Post Journal Entries (5.5.13.4)', 'Note Accuracy in Asset Change Tracker (5.5.13.2)', 'Inclusive Path 3']
2025-03-11 12:55:23,802 - root - INFO - Gateway Create/Post Journal Entries (5.5.13.4) of type [Inclusive Gateway] has outgoing paths: ['Unknown']
2025-03-11 12:55:23,803 - root - INFO - Gateway Unknown of type [Inclusive Gateway] has outgoing paths: []
2025-03-11 12:55:23,804 - root - INFO - Gateway Inclusive Path 3 of type [Inclusive Gateway] has outgoing paths: ['Unknown']
2025-03-11 12:55:23,804 - root - INFO - Resource Tech has 1 instances available
2025-03-11 12:55:23,805 - root - INFO - Resource Certifier has 1 instances available
2025-03-11 12:55:23,806 - root - INFO - Found 1 start nodes: ['Monthly']
2025-03-11 12:55:23,807 - root - INFO - Found 4 possible paths through the process
2025-03-11 12:55:23,807 - root - INFO - Starting simulation...
2025-03-11 12:55:23,809 - root - INFO - Token Token-1 started task 'Monthly' at 2025-03-11 08:00:00, scheduled to end at 2025-03-11 08:00:00 (processing time: 0.00 min)
2025-03-11 12:55:23,812 - root - INFO - Processing end event: Token Token-1 at node Monthly (Unknown)
2025-03-11 12:55:23,812 - root - INFO - Token Token-1 completed task 'Monthly' at 2025-03-11 08:00:00.
2025-03-11 12:55:23,813 - root - INFO - Next nodes for Monthly: ['Review AM using Asset Change Tracker (5.5.13.1)']
2025-03-11 12:55:23,813 - root - INFO - Scheduling direct next node Review AM using Asset Change Tracker (5.5.13.1)
2025-03-11 12:55:23,813 - root - INFO - Token Token-1 started task 'Review AM using Asset Change Tracker (5.5.13.1)' at 2025-03-11 08:00:00, scheduled to end at 2025-03-11 08:05:47.270658 (processing time: 5.79 min)
2025-03-11 12:55:23,813 - root - INFO - Token Token-2 started task 'Monthly' at 2025-03-11 08:05:24.337696, scheduled to end at 2025-03-11 08:05:24.337696 (processing time: 0.00 min)
2025-03-11 12:55:23,815 - root - INFO - Processing end event: Token Token-2 at node Monthly (Unknown)
2025-03-11 12:55:23,815 - root - INFO - Token Token-2 completed task 'Monthly' at 2025-03-11 08:05:24.337696.
2025-03-11 12:55:23,815 - root - INFO - Next nodes for Monthly: ['Review AM using Asset Change Tracker (5.5.13.1)']
2025-03-11 12:55:23,815 - root - INFO - Scheduling direct next node Review AM using Asset Change Tracker (5.5.13.1)
2025-03-11 12:55:23,815 - root - INFO - Token Token-2 waiting for resource 'Tech' at 2025-03-11 08:05:24.337696
2025-03-11 12:55:23,815 - root - INFO - Processing end event: Token Token-1 at node Review AM using Asset Change Tracker (5.5.13.1) (Unknown)
2025-03-11 12:55:23,815 - root - INFO - Token Token-1 completed task 'Review AM using Asset Change Tracker (5.5.13.1)' at 2025-03-11 08:05:47.270658.
2025-03-11 12:55:23,816 - root - INFO - Releasing resource 'Tech' for token Token-1
2025-03-11 12:55:23,817 - root - INFO - Token Token-2 released from wait queue for 'Tech'
2025-03-11 12:55:23,817 - root - INFO - Next nodes for Review AM using Asset Change Tracker (5.5.13.1): ['Complete /Accurate?']
2025-03-11 12:55:23,817 - root - INFO - Processing gateway Complete /Accurate? of type [Exclusive Gateway]
2025-03-11 12:55:23,817 - root - INFO - Scheduling parallel path Note Accuracy in Asset Change Tracker (5.5.13.2) from gateway Complete /Accurate?
2025-03-11 12:55:23,817 - root - INFO - Scheduling parallel path Work with REO RPO to Correct (5.5.13.3) from gateway Complete /Accurate?
2025-03-11 12:55:23,818 - root - INFO - Token Token-2 waiting for resource 'Tech' at 2025-03-11 08:05:47.270658
2025-03-11 12:55:23,818 - root - INFO - Token Token-1 waiting for resource 'Tech' at 2025-03-11 08:05:47.270658
2025-03-11 12:55:23,818 - root - INFO - Token Token-1 waiting for resource 'Tech' at 2025-03-11 08:05:47.270658
2025-03-11 12:55:23,818 - root - INFO - Token Token-3 started task 'Monthly' at 2025-03-11 08:10:36.120476, scheduled to end at 2025-03-11 08:10:36.120476 (processing time: 0.00 min)
2025-03-11 12:55:23,819 - root - INFO - Processing end event: Token Token-3 at node Monthly (Unknown)
2025-03-11 12:55:23,819 - root - INFO - Token Token-3 completed task 'Monthly' at 2025-03-11 08:10:36.120476.
2025-03-11 12:55:23,819 - root - INFO - Next nodes for Monthly: ['Review AM using Asset Change Tracker (5.5.13.1)']
2025-03-11 12:55:23,819 - root - INFO - Scheduling direct next node Review AM using Asset Change Tracker (5.5.13.1)
2025-03-11 12:55:23,820 - root - INFO - Token Token-3 waiting for resource 'Tech' at 2025-03-11 08:10:36.120476
2025-03-11 12:55:23,820 - root - INFO - Token Token-4 started task 'Monthly' at 2025-03-11 08:16:12.683547, scheduled to end at 2025-03-11 08:16:12.683547 (processing time: 0.00 min)
2025-03-11 12:55:23,820 - root - INFO - Processing end event: Token Token-4 at node Monthly (Unknown)
2025-03-11 12:55:23,820 - root - INFO - Token Token-4 completed task 'Monthly' at 2025-03-11 08:16:12.683547.
2025-03-11 12:55:23,821 - root - INFO - Next nodes for Monthly: ['Review AM using Asset Change Tracker (5.5.13.1)']
2025-03-11 12:55:23,821 - root - INFO - Scheduling direct next node Review AM using Asset Change Tracker (5.5.13.1)
2025-03-11 12:55:23,821 - root - INFO - Token Token-4 waiting for resource 'Tech' at 2025-03-11 08:16:12.683547
2025-03-11 12:55:23,821 - root - INFO - Token Token-5 started task 'Monthly' at 2025-03-11 08:21:54.662494, scheduled to end at 2025-03-11 08:21:54.662494 (processing time: 0.00 min)
2025-03-11 12:55:23,822 - root - INFO - Processing end event: Token Token-5 at node Monthly (Unknown)
2025-03-11 12:55:23,822 - root - INFO - Token Token-5 completed task 'Monthly' at 2025-03-11 08:21:54.662494.
2025-03-11 12:55:23,822 - root - INFO - Next nodes for Monthly: ['Review AM using Asset Change Tracker (5.5.13.1)']
2025-03-11 12:55:23,822 - root - INFO - Scheduling direct next node Review AM using Asset Change Tracker (5.5.13.1)
2025-03-11 12:55:23,823 - root - INFO - Token Token-5 waiting for resource 'Tech' at 2025-03-11 08:21:54.662494
2025-03-11 12:55:23,823 - root - INFO - Token Token-6 started task 'Monthly' at 2025-03-11 08:27:45.675855, scheduled to end at 2025-03-11 08:27:45.675855 (processing time: 0.00 min)
2025-03-11 12:55:23,824 - root - INFO - Processing end event: Token Token-6 at node Monthly (Unknown)
2025-03-11 12:55:23,846 - root - INFO - Token Token-6 completed task 'Monthly' at 2025-03-11 08:27:45.675855.
2025-03-11 12:55:23,846 - root - INFO - Next nodes for Monthly: ['Review AM using Asset Change Tracker (5.5.13.1)']
2025-03-11 12:55:23,847 - root - INFO - Scheduling direct next node Review AM using Asset Change Tracker (5.5.13.1)
2025-03-11 12:55:23,847 - root - INFO - Token Token-6 waiting for resource 'Tech' at 2025-03-11 08:27:45.675855
2025-03-11 12:55:23,848 - root - INFO - Token Token-7 started task 'Monthly' at 2025-03-11 08:32:29.793395, scheduled to end at 2025-03-11 08:32:29.793395 (processing time: 0.00 min)
2025-03-11 12:55:23,848 - root - INFO - Processing end event: Token Token-7 at node Monthly (Unknown)
2025-03-11 12:55:23,849 - root - INFO - Token Token-7 completed task 'Monthly' at 2025-03-11 08:32:29.793395.
2025-03-11 12:55:23,849 - root - INFO - Next nodes for Monthly: ['Review AM using Asset Change Tracker (5.5.13.1)']
2025-03-11 12:55:23,849 - root - INFO - Scheduling direct next node Review AM using Asset Change Tracker (5.5.13.1)
2025-03-11 12:55:23,850 - root - INFO - Token Token-7 waiting for resource 'Tech' at 2025-03-11 08:32:29.793395
2025-03-11 12:55:23,850 - root - INFO - Token Token-8 started task 'Monthly' at 2025-03-11 08:36:48.749010, scheduled to end at 2025-03-11 08:36:48.749010 (processing time: 0.00 min)
2025-03-11 12:55:23,850 - root - INFO - Processing end event: Token Token-8 at node Monthly (Unknown)
2025-03-11 12:55:23,851 - root - INFO - Token Token-8 completed task 'Monthly' at 2025-03-11 08:36:48.749010.
2025-03-11 12:55:23,851 - root - INFO - Next nodes for Monthly: ['Review AM using Asset Change Tracker (5.5.13.1)']
2025-03-11 12:55:23,851 - root - INFO - Scheduling direct next node Review AM using Asset Change Tracker (5.5.13.1)
2025-03-11 12:55:23,852 - root - INFO - Token Token-8 waiting for resource 'Tech' at 2025-03-11 08:36:48.749010
2025-03-11 12:55:23,852 - root - INFO - Token Token-9 started task 'Monthly' at 2025-03-11 08:42:45.966223, scheduled to end at 2025-03-11 08:42:45.966223 (processing time: 0.00 min)
2025-03-11 12:55:23,853 - root - INFO - Processing end event: Token Token-9 at node Monthly (Unknown)
2025-03-11 12:55:23,854 - root - INFO - Token Token-9 completed task 'Monthly' at 2025-03-11 08:42:45.966223.
2025-03-11 12:55:23,855 - root - INFO - Next nodes for Monthly: ['Review AM using Asset Change Tracker (5.5.13.1)']
2025-03-11 12:55:23,856 - root - INFO - Scheduling direct next node Review AM using Asset Change Tracker (5.5.13.1)
2025-03-11 12:55:23,856 - root - INFO - Token Token-9 waiting for resource 'Tech' at 2025-03-11 08:42:45.966223
2025-03-11 12:55:23,857 - root - INFO - Token Token-10 started task 'Monthly' at 2025-03-11 08:47:50.533956, scheduled to end at 2025-03-11 08:47:50.533956 (processing time: 0.00 min)
2025-03-11 12:55:23,857 - root - INFO - Processing end event: Token Token-10 at node Monthly (Unknown)
2025-03-11 12:55:23,857 - root - INFO - Token Token-10 completed task 'Monthly' at 2025-03-11 08:47:50.533956.
2025-03-11 12:55:23,857 - root - INFO - Next nodes for Monthly: ['Review AM using Asset Change Tracker (5.5.13.1)']
2025-03-11 12:55:23,857 - root - INFO - Scheduling direct next node Review AM using Asset Change Tracker (5.5.13.1)
2025-03-11 12:55:23,857 - root - INFO - Token Token-10 waiting for resource 'Tech' at 2025-03-11 08:47:50.533956
2025-03-11 12:55:23,857 - root - INFO - Token Token-11 started task 'Monthly' at 2025-03-11 08:54:07.140092, scheduled to end at 2025-03-11 08:54:07.140092 (processing time: 0.00 min)
2025-03-11 12:55:23,857 - root - INFO - Processing end event: Token Token-11 at node Monthly (Unknown)
2025-03-11 12:55:23,857 - root - INFO - Token Token-11 completed task 'Monthly' at 2025-03-11 08:54:07.140092.
2025-03-11 12:55:23,857 - root - INFO - Next nodes for Monthly: ['Review AM using Asset Change Tracker (5.5.13.1)']
2025-03-11 12:55:23,857 - root - INFO - Scheduling direct next node Review AM using Asset Change Tracker (5.5.13.1)
2025-03-11 12:55:23,857 - root - INFO - Token Token-11 waiting for resource 'Tech' at 2025-03-11 08:54:07.140092
2025-03-11 12:55:23,857 - root - INFO - Token Token-12 started task 'Monthly' at 2025-03-11 08:59:17.942918, scheduled to end at 2025-03-11 08:59:17.942918 (processing time: 0.00 min)
2025-03-11 12:55:23,857 - root - INFO - Processing end event: Token Token-12 at node Monthly (Unknown)
2025-03-11 12:55:23,860 - root - INFO - Token Token-12 completed task 'Monthly' at 2025-03-11 08:59:17.942918.
2025-03-11 12:55:23,860 - root - INFO - Next nodes for Monthly: ['Review AM using Asset Change Tracker (5.5.13.1)']
2025-03-11 12:55:23,860 - root - INFO - Scheduling direct next node Review AM using Asset Change Tracker (5.5.13.1)
2025-03-11 12:55:23,860 - root - INFO - Token Token-12 waiting for resource 'Tech' at 2025-03-11 08:59:17.942918
2025-03-11 12:55:23,860 - root - INFO - Token Token-13 started task 'Monthly' at 2025-03-11 09:04:09.233927, scheduled to end at 2025-03-11 09:04:09.233927 (processing time: 0.00 min)
2025-03-11 12:55:23,861 - root - INFO - Processing end event: Token Token-13 at node Monthly (Unknown)
2025-03-11 12:55:23,861 - root - INFO - Token Token-13 completed task 'Monthly' at 2025-03-11 09:04:09.233927.
2025-03-11 12:55:23,861 - root - INFO - Next nodes for Monthly: ['Review AM using Asset Change Tracker (5.5.13.1)']
2025-03-11 12:55:23,861 - root - INFO - Scheduling direct next node Review AM using Asset Change Tracker (5.5.13.1)
2025-03-11 12:55:23,861 - root - INFO - Token Token-13 waiting for resource 'Tech' at 2025-03-11 09:04:09.233927
2025-03-11 12:55:23,862 - root - INFO - Token Token-14 started task 'Monthly' at 2025-03-11 09:09:01.448706, scheduled to end at 2025-03-11 09:09:01.448706 (processing time: 0.00 min)
2025-03-11 12:55:23,862 - root - INFO - Processing end event: Token Token-14 at node Monthly (Unknown)
2025-03-11 12:55:23,862 - root - INFO - Token Token-14 completed task 'Monthly' at 2025-03-11 09:09:01.448706.
2025-03-11 12:55:23,862 - root - INFO - Next nodes for Monthly: ['Review AM using Asset Change Tracker (5.5.13.1)']
2025-03-11 12:55:23,863 - root - INFO - Scheduling direct next node Review AM using Asset Change Tracker (5.5.13.1)
2025-03-11 12:55:23,863 - root - INFO - Token Token-14 waiting for resource 'Tech' at 2025-03-11 09:09:01.448706
2025-03-11 12:55:23,863 - root - INFO - Token Token-15 started task 'Monthly' at 2025-03-11 09:15:18.465116, scheduled to end at 2025-03-11 09:15:18.465116 (processing time: 0.00 min)
2025-03-11 12:55:23,863 - root - INFO - Processing end event: Token Token-15 at node Monthly (Unknown)
2025-03-11 12:55:23,864 - root - INFO - Token Token-15 completed task 'Monthly' at 2025-03-11 09:15:18.465116.
2025-03-11 12:55:23,864 - root - INFO - Next nodes for Monthly: ['Review AM using Asset Change Tracker (5.5.13.1)']
2025-03-11 12:55:23,864 - root - INFO - Scheduling direct next node Review AM using Asset Change Tracker (5.5.13.1)
2025-03-11 12:55:23,864 - root - INFO - Token Token-15 waiting for resource 'Tech' at 2025-03-11 09:15:18.465116
2025-03-11 12:55:23,865 - root - INFO - Token Token-16 started task 'Monthly' at 2025-03-11 09:21:28.576568, scheduled to end at 2025-03-11 09:21:28.576568 (processing time: 0.00 min)
2025-03-11 12:55:23,865 - root - INFO - Processing end event: Token Token-16 at node Monthly (Unknown)
2025-03-11 12:55:23,865 - root - INFO - Token Token-16 completed task 'Monthly' at 2025-03-11 09:21:28.576568.
2025-03-11 12:55:23,865 - root - INFO - Next nodes for Monthly: ['Review AM using Asset Change Tracker (5.5.13.1)']
2025-03-11 12:55:23,866 - root - INFO - Scheduling direct next node Review AM using Asset Change Tracker (5.5.13.1)
2025-03-11 12:55:23,866 - root - INFO - Token Token-16 waiting for resource 'Tech' at 2025-03-11 09:21:28.576568
2025-03-11 12:55:23,866 - root - INFO - Token Token-17 started task 'Monthly' at 2025-03-11 09:26:37.764411, scheduled to end at 2025-03-11 09:26:37.764411 (processing time: 0.00 min)
2025-03-11 12:55:23,867 - root - INFO - Processing end event: Token Token-17 at node Monthly (Unknown)
2025-03-11 12:55:23,867 - root - INFO - Token Token-17 completed task 'Monthly' at 2025-03-11 09:26:37.764411.
2025-03-11 12:55:23,867 - root - INFO - Next nodes for Monthly: ['Review AM using Asset Change Tracker (5.5.13.1)']
2025-03-11 12:55:23,867 - root - INFO - Scheduling direct next node Review AM using Asset Change Tracker (5.5.13.1)
2025-03-11 12:55:23,868 - root - INFO - Token Token-17 waiting for resource 'Tech' at 2025-03-11 09:26:37.764411
2025-03-11 12:55:23,869 - root - INFO - Token Token-18 started task 'Monthly' at 2025-03-11 09:32:53.724682, scheduled to end at 2025-03-11 09:32:53.724682 (processing time: 0.00 min)
2025-03-11 12:55:23,869 - root - INFO - Processing end event: Token Token-18 at node Monthly (Unknown)
2025-03-11 12:55:23,869 - root - INFO - Token Token-18 completed task 'Monthly' at 2025-03-11 09:32:53.724682.
2025-03-11 12:55:23,869 - root - INFO - Next nodes for Monthly: ['Review AM using Asset Change Tracker (5.5.13.1)']
2025-03-11 12:55:23,870 - root - INFO - Scheduling direct next node Review AM using Asset Change Tracker (5.5.13.1)
2025-03-11 12:55:23,870 - root - INFO - Token Token-18 waiting for resource 'Tech' at 2025-03-11 09:32:53.724682
2025-03-11 12:55:23,872 - root - INFO - Token Token-19 started task 'Monthly' at 2025-03-11 09:37:11.931351, scheduled to end at 2025-03-11 09:37:11.931351 (processing time: 0.00 min)
2025-03-11 12:55:23,873 - root - INFO - Processing end event: Token Token-19 at node Monthly (Unknown)
2025-03-11 12:55:23,873 - root - INFO - Token Token-19 completed task 'Monthly' at 2025-03-11 09:37:11.931351.
2025-03-11 12:55:23,873 - root - INFO - Next nodes for Monthly: ['Review AM using Asset Change Tracker (5.5.13.1)']
2025-03-11 12:55:23,873 - root - INFO - Scheduling direct next node Review AM using Asset Change Tracker (5.5.13.1)
2025-03-11 12:55:23,873 - root - INFO - Token Token-19 waiting for resource 'Tech' at 2025-03-11 09:37:11.931351
2025-03-11 12:55:23,874 - root - INFO - Token Token-20 started task 'Monthly' at 2025-03-11 09:43:10.868177, scheduled to end at 2025-03-11 09:43:10.868177 (processing time: 0.00 min)
2025-03-11 12:55:23,874 - root - INFO - Processing end event: Token Token-20 at node Monthly (Unknown)
2025-03-11 12:55:23,875 - root - INFO - Token Token-20 completed task 'Monthly' at 2025-03-11 09:43:10.868177.
2025-03-11 12:55:23,875 - root - INFO - Next nodes for Monthly: ['Review AM using Asset Change Tracker (5.5.13.1)']
2025-03-11 12:55:23,875 - root - INFO - Scheduling direct next node Review AM using Asset Change Tracker (5.5.13.1)
2025-03-11 12:55:23,876 - root - INFO - Token Token-20 waiting for resource 'Tech' at 2025-03-11 09:43:10.868177
2025-03-11 12:55:23,876 - root - INFO - Token Token-21 started task 'Monthly' at 2025-03-11 09:48:47.447513, scheduled to end at 2025-03-11 09:48:47.447513 (processing time: 0.00 min)
2025-03-11 12:55:23,877 - root - INFO - Processing end event: Token Token-21 at node Monthly (Unknown)
2025-03-11 12:55:23,877 - root - INFO - Token Token-21 completed task 'Monthly' at 2025-03-11 09:48:47.447513.
2025-03-11 12:55:23,877 - root - INFO - Next nodes for Monthly: ['Review AM using Asset Change Tracker (5.5.13.1)']
2025-03-11 12:55:23,878 - root - INFO - Scheduling direct next node Review AM using Asset Change Tracker (5.5.13.1)
2025-03-11 12:55:23,878 - root - INFO - Token Token-21 waiting for resource 'Tech' at 2025-03-11 09:48:47.447513
2025-03-11 12:55:23,878 - root - INFO - Token Token-22 started task 'Monthly' at 2025-03-11 09:53:46.453166, scheduled to end at 2025-03-11 09:53:46.453166 (processing time: 0.00 min)
2025-03-11 12:55:23,879 - root - INFO - Processing end event: Token Token-22 at node Monthly (Unknown)
2025-03-11 12:55:23,879 - root - INFO - Token Token-22 completed task 'Monthly' at 2025-03-11 09:53:46.453166.
2025-03-11 12:55:23,880 - root - INFO - Next nodes for Monthly: ['Review AM using Asset Change Tracker (5.5.13.1)']
2025-03-11 12:55:23,880 - root - INFO - Scheduling direct next node Review AM using Asset Change Tracker (5.5.13.1)
2025-03-11 12:55:23,880 - root - INFO - Token Token-22 waiting for resource 'Tech' at 2025-03-11 09:53:46.453166
2025-03-11 12:55:23,881 - root - INFO - Token Token-23 started task 'Monthly' at 2025-03-11 10:00:05.206748, scheduled to end at 2025-03-11 10:00:05.206748 (processing time: 0.00 min)
2025-03-11 12:55:23,881 - root - INFO - Processing end event: Token Token-23 at node Monthly (Unknown)
2025-03-11 12:55:23,881 - root - INFO - Token Token-23 completed task 'Monthly' at 2025-03-11 10:00:05.206748.
2025-03-11 12:55:23,882 - root - INFO - Next nodes for Monthly: ['Review AM using Asset Change Tracker (5.5.13.1)']
2025-03-11 12:55:23,882 - root - INFO - Scheduling direct next node Review AM using Asset Change Tracker (5.5.13.1)
2025-03-11 12:55:23,882 - root - INFO - Token Token-23 waiting for resource 'Tech' at 2025-03-11 10:00:05.206748
2025-03-11 12:55:23,884 - root - INFO - Token Token-24 started task 'Monthly' at 2025-03-11 10:04:46.227437, scheduled to end at 2025-03-11 10:04:46.227437 (processing time: 0.00 min)
2025-03-11 12:55:23,886 - root - INFO - Processing end event: Token Token-24 at node Monthly (Unknown)
2025-03-11 12:55:23,908 - root - INFO - Token Token-24 completed task 'Monthly' at 2025-03-11 10:04:46.227437.
2025-03-11 12:55:23,908 - root - INFO - Next nodes for Monthly: ['Review AM using Asset Change Tracker (5.5.13.1)']
2025-03-11 12:55:23,908 - root - INFO - Scheduling direct next node Review AM using Asset Change Tracker (5.5.13.1)
2025-03-11 12:55:23,908 - root - INFO - Token Token-24 waiting for resource 'Tech' at 2025-03-11 10:04:46.227437
2025-03-11 12:55:23,908 - root - INFO - Token Token-25 started task 'Monthly' at 2025-03-11 10:10:22.547891, scheduled to end at 2025-03-11 10:10:22.547891 (processing time: 0.00 min)
2025-03-11 12:55:23,908 - root - INFO - Processing end event: Token Token-25 at node Monthly (Unknown)
2025-03-11 12:55:23,908 - root - INFO - Token Token-25 completed task 'Monthly' at 2025-03-11 10:10:22.547891.
2025-03-11 12:55:23,908 - root - INFO - Next nodes for Monthly: ['Review AM using Asset Change Tracker (5.5.13.1)']
2025-03-11 12:55:23,908 - root - INFO - Scheduling direct next node Review AM using Asset Change Tracker (5.5.13.1)
2025-03-11 12:55:23,908 - root - INFO - Token Token-25 waiting for resource 'Tech' at 2025-03-11 10:10:22.547891
2025-03-11 12:55:23,908 - root - INFO - Token Token-26 started task 'Monthly' at 2025-03-11 10:16:37.353168, scheduled to end at 2025-03-11 10:16:37.353168 (processing time: 0.00 min)
2025-03-11 12:55:23,908 - root - INFO - Processing end event: Token Token-26 at node Monthly (Unknown)
2025-03-11 12:55:23,908 - root - INFO - Token Token-26 completed task 'Monthly' at 2025-03-11 10:16:37.353168.
2025-03-11 12:55:23,908 - root - INFO - Next nodes for Monthly: ['Review AM using Asset Change Tracker (5.5.13.1)']
2025-03-11 12:55:23,908 - root - INFO - Scheduling direct next node Review AM using Asset Change Tracker (5.5.13.1)
2025-03-11 12:55:23,908 - root - INFO - Token Token-26 waiting for resource 'Tech' at 2025-03-11 10:16:37.353168
2025-03-11 12:55:23,908 - root - INFO - Token Token-27 started task 'Monthly' at 2025-03-11 10:22:19.959281, scheduled to end at 2025-03-11 10:22:19.959281 (processing time: 0.00 min)
2025-03-11 12:55:23,908 - root - INFO - Processing end event: Token Token-27 at node Monthly (Unknown)
2025-03-11 12:55:23,908 - root - INFO - Token Token-27 completed task 'Monthly' at 2025-03-11 10:22:19.959281.
2025-03-11 12:55:23,908 - root - INFO - Next nodes for Monthly: ['Review AM using Asset Change Tracker (5.5.13.1)']
2025-03-11 12:55:23,908 - root - INFO - Scheduling direct next node Review AM using Asset Change Tracker (5.5.13.1)
2025-03-11 12:55:23,913 - root - INFO - Token Token-27 waiting for resource 'Tech' at 2025-03-11 10:22:19.959281
2025-03-11 12:55:23,913 - root - INFO - Token Token-28 started task 'Monthly' at 2025-03-11 10:28:16.135096, scheduled to end at 2025-03-11 10:28:16.135096 (processing time: 0.00 min)
2025-03-11 12:55:23,913 - root - INFO - Processing end event: Token Token-28 at node Monthly (Unknown)
2025-03-11 12:55:23,914 - root - INFO - Token Token-28 completed task 'Monthly' at 2025-03-11 10:28:16.135096.
2025-03-11 12:55:23,914 - root - INFO - Next nodes for Monthly: ['Review AM using Asset Change Tracker (5.5.13.1)']
2025-03-11 12:55:23,914 - root - INFO - Scheduling direct next node Review AM using Asset Change Tracker (5.5.13.1)
2025-03-11 12:55:23,914 - root - INFO - Token Token-28 waiting for resource 'Tech' at 2025-03-11 10:28:16.135096
2025-03-11 12:55:23,915 - root - INFO - Token Token-29 started task 'Monthly' at 2025-03-11 10:34:23.988440, scheduled to end at 2025-03-11 10:34:23.988440 (processing time: 0.00 min)
2025-03-11 12:55:23,915 - root - INFO - Processing end event: Token Token-29 at node Monthly (Unknown)
2025-03-11 12:55:23,916 - root - INFO - Token Token-29 completed task 'Monthly' at 2025-03-11 10:34:23.988440.
2025-03-11 12:55:23,916 - root - INFO - Next nodes for Monthly: ['Review AM using Asset Change Tracker (5.5.13.1)']
2025-03-11 12:55:23,916 - root - INFO - Scheduling direct next node Review AM using Asset Change Tracker (5.5.13.1)
2025-03-11 12:55:23,917 - root - INFO - Token Token-29 waiting for resource 'Tech' at 2025-03-11 10:34:23.988440
2025-03-11 12:55:23,917 - root - INFO - Token Token-30 started task 'Monthly' at 2025-03-11 10:39:41.242564, scheduled to end at 2025-03-11 10:39:41.242564 (processing time: 0.00 min)
2025-03-11 12:55:23,918 - root - INFO - Processing end event: Token Token-30 at node Monthly (Unknown)
2025-03-11 12:55:23,918 - root - INFO - Token Token-30 completed task 'Monthly' at 2025-03-11 10:39:41.242564.
2025-03-11 12:55:23,918 - root - INFO - Next nodes for Monthly: ['Review AM using Asset Change Tracker (5.5.13.1)']
2025-03-11 12:55:23,918 - root - INFO - Scheduling direct next node Review AM using Asset Change Tracker (5.5.13.1)
2025-03-11 12:55:23,918 - root - INFO - Token Token-30 waiting for resource 'Tech' at 2025-03-11 10:39:41.242564
2025-03-11 12:55:23,918 - root - INFO - Token Token-31 started task 'Monthly' at 2025-03-11 10:45:28.720847, scheduled to end at 2025-03-11 10:45:28.720847 (processing time: 0.00 min)
2025-03-11 12:55:23,918 - root - INFO - Processing end event: Token Token-31 at node Monthly (Unknown)
2025-03-11 12:55:23,919 - root - INFO - Token Token-31 completed task 'Monthly' at 2025-03-11 10:45:28.720847.
2025-03-11 12:55:23,919 - root - INFO - Next nodes for Monthly: ['Review AM using Asset Change Tracker (5.5.13.1)']
2025-03-11 12:55:23,919 - root - INFO - Scheduling direct next node Review AM using Asset Change Tracker (5.5.13.1)
2025-03-11 12:55:23,919 - root - INFO - Token Token-31 waiting for resource 'Tech' at 2025-03-11 10:45:28.720847
2025-03-11 12:55:23,919 - root - INFO - Token Token-32 started task 'Monthly' at 2025-03-11 10:50:33.383142, scheduled to end at 2025-03-11 10:50:33.383142 (processing time: 0.00 min)
2025-03-11 12:55:23,920 - root - INFO - Processing end event: Token Token-32 at node Monthly (Unknown)
2025-03-11 12:55:23,920 - root - INFO - Token Token-32 completed task 'Monthly' at 2025-03-11 10:50:33.383142.
2025-03-11 12:55:23,920 - root - INFO - Next nodes for Monthly: ['Review AM using Asset Change Tracker (5.5.13.1)']
2025-03-11 12:55:23,920 - root - INFO - Scheduling direct next node Review AM using Asset Change Tracker (5.5.13.1)
2025-03-11 12:55:23,921 - root - INFO - Token Token-32 waiting for resource 'Tech' at 2025-03-11 10:50:33.383142
2025-03-11 12:55:23,921 - root - INFO - Token Token-33 started task 'Monthly' at 2025-03-11 10:56:29.006891, scheduled to end at 2025-03-11 10:56:29.006891 (processing time: 0.00 min)
2025-03-11 12:55:23,921 - root - INFO - Processing end event: Token Token-33 at node Monthly (Unknown)
2025-03-11 12:55:23,921 - root - INFO - Token Token-33 completed task 'Monthly' at 2025-03-11 10:56:29.006891.
2025-03-11 12:55:23,922 - root - INFO - Next nodes for Monthly: ['Review AM using Asset Change Tracker (5.5.13.1)']
2025-03-11 12:55:23,922 - root - INFO - Scheduling direct next node Review AM using Asset Change Tracker (5.5.13.1)
2025-03-11 12:55:23,922 - root - INFO - Token Token-33 waiting for resource 'Tech' at 2025-03-11 10:56:29.006891
2025-03-11 12:55:23,922 - root - INFO - Token Token-34 started task 'Monthly' at 2025-03-11 11:01:03.118670, scheduled to end at 2025-03-11 11:01:03.118670 (processing time: 0.00 min)
2025-03-11 12:55:23,923 - root - INFO - Processing end event: Token Token-34 at node Monthly (Unknown)
2025-03-11 12:55:23,923 - root - INFO - Token Token-34 completed task 'Monthly' at 2025-03-11 11:01:03.118670.
2025-03-11 12:55:23,923 - root - INFO - Next nodes for Monthly: ['Review AM using Asset Change Tracker (5.5.13.1)']
2025-03-11 12:55:23,923 - root - INFO - Scheduling direct next node Review AM using Asset Change Tracker (5.5.13.1)
2025-03-11 12:55:23,923 - root - INFO - Token Token-34 waiting for resource 'Tech' at 2025-03-11 11:01:03.118670
2025-03-11 12:55:23,924 - root - INFO - Token Token-35 started task 'Monthly' at 2025-03-11 11:06:05.296211, scheduled to end at 2025-03-11 11:06:05.296211 (processing time: 0.00 min)
2025-03-11 12:55:23,924 - root - INFO - Processing end event: Token Token-35 at node Monthly (Unknown)
2025-03-11 12:55:23,924 - root - INFO - Token Token-35 completed task 'Monthly' at 2025-03-11 11:06:05.296211.
2025-03-11 12:55:23,924 - root - INFO - Next nodes for Monthly: ['Review AM using Asset Change Tracker (5.5.13.1)']
2025-03-11 12:55:23,925 - root - INFO - Scheduling direct next node Review AM using Asset Change Tracker (5.5.13.1)
2025-03-11 12:55:23,925 - root - INFO - Token Token-35 waiting for resource 'Tech' at 2025-03-11 11:06:05.296211
2025-03-11 12:55:23,925 - root - INFO - Token Token-36 started task 'Monthly' at 2025-03-11 11:11:46.349090, scheduled to end at 2025-03-11 11:11:46.349090 (processing time: 0.00 min)
2025-03-11 12:55:23,925 - root - INFO - Processing end event: Token Token-36 at node Monthly (Unknown)
2025-03-11 12:55:23,926 - root - INFO - Token Token-36 completed task 'Monthly' at 2025-03-11 11:11:46.349090.
2025-03-11 12:55:23,926 - root - INFO - Next nodes for Monthly: ['Review AM using Asset Change Tracker (5.5.13.1)']
2025-03-11 12:55:23,926 - root - INFO - Scheduling direct next node Review AM using Asset Change Tracker (5.5.13.1)
2025-03-11 12:55:23,926 - root - INFO - Token Token-36 waiting for resource 'Tech' at 2025-03-11 11:11:46.349090
2025-03-11 12:55:23,927 - root - INFO - Token Token-37 started task 'Monthly' at 2025-03-11 11:17:49.220302, scheduled to end at 2025-03-11 11:17:49.220302 (processing time: 0.00 min)
2025-03-11 12:55:23,927 - root - INFO - Processing end event: Token Token-37 at node Monthly (Unknown)
2025-03-11 12:55:23,927 - root - INFO - Token Token-37 completed task 'Monthly' at 2025-03-11 11:17:49.220302.
2025-03-11 12:55:23,927 - root - INFO - Next nodes for Monthly: ['Review AM using Asset Change Tracker (5.5.13.1)']
2025-03-11 12:55:23,927 - root - INFO - Scheduling direct next node Review AM using Asset Change Tracker (5.5.13.1)
2025-03-11 12:55:23,928 - root - INFO - Token Token-37 waiting for resource 'Tech' at 2025-03-11 11:17:49.220302
2025-03-11 12:55:23,928 - root - INFO - Token Token-38 started task 'Monthly' at 2025-03-11 11:23:40.369216, scheduled to end at 2025-03-11 11:23:40.369216 (processing time: 0.00 min)
2025-03-11 12:55:23,931 - root - INFO - Processing end event: Token Token-38 at node Monthly (Unknown)
2025-03-11 12:55:23,931 - root - INFO - Token Token-38 completed task 'Monthly' at 2025-03-11 11:23:40.369216.
2025-03-11 12:55:23,931 - root - INFO - Next nodes for Monthly: ['Review AM using Asset Change Tracker (5.5.13.1)']
2025-03-11 12:55:23,932 - root - INFO - Scheduling direct next node Review AM using Asset Change Tracker (5.5.13.1)
2025-03-11 12:55:23,932 - root - INFO - Token Token-38 waiting for resource 'Tech' at 2025-03-11 11:23:40.369216
2025-03-11 12:55:23,933 - root - INFO - Token Token-39 started task 'Monthly' at 2025-03-11 11:29:52.565720, scheduled to end at 2025-03-11 11:29:52.565720 (processing time: 0.00 min)
2025-03-11 12:55:23,933 - root - INFO - Processing end event: Token Token-39 at node Monthly (Unknown)
2025-03-11 12:55:23,934 - root - INFO - Token Token-39 completed task 'Monthly' at 2025-03-11 11:29:52.565720.
2025-03-11 12:55:23,934 - root - INFO - Next nodes for Monthly: ['Review AM using Asset Change Tracker (5.5.13.1)']
2025-03-11 12:55:23,934 - root - INFO - Scheduling direct next node Review AM using Asset Change Tracker (5.5.13.1)
2025-03-11 12:55:23,935 - root - INFO - Token Token-39 waiting for resource 'Tech' at 2025-03-11 11:29:52.565720
2025-03-11 12:55:23,935 - root - INFO - Token Token-40 started task 'Monthly' at 2025-03-11 11:35:19.495309, scheduled to end at 2025-03-11 11:35:19.495309 (processing time: 0.00 min)
2025-03-11 12:55:23,936 - root - INFO - Processing end event: Token Token-40 at node Monthly (Unknown)
2025-03-11 12:55:23,936 - root - INFO - Token Token-40 completed task 'Monthly' at 2025-03-11 11:35:19.495309.
2025-03-11 12:55:23,937 - root - INFO - Next nodes for Monthly: ['Review AM using Asset Change Tracker (5.5.13.1)']
2025-03-11 12:55:23,937 - root - INFO - Scheduling direct next node Review AM using Asset Change Tracker (5.5.13.1)
2025-03-11 12:55:23,937 - root - INFO - Token Token-40 waiting for resource 'Tech' at 2025-03-11 11:35:19.495309
2025-03-11 12:55:23,938 - root - INFO - Token Token-41 started task 'Monthly' at 2025-03-11 11:41:42.392188, scheduled to end at 2025-03-11 11:41:42.392188 (processing time: 0.00 min)
2025-03-11 12:55:23,938 - root - INFO - Processing end event: Token Token-41 at node Monthly (Unknown)
2025-03-11 12:55:23,939 - root - INFO - Token Token-41 completed task 'Monthly' at 2025-03-11 11:41:42.392188.
2025-03-11 12:55:23,939 - root - INFO - Next nodes for Monthly: ['Review AM using Asset Change Tracker (5.5.13.1)']
2025-03-11 12:55:23,939 - root - INFO - Scheduling direct next node Review AM using Asset Change Tracker (5.5.13.1)
2025-03-11 12:55:23,941 - root - INFO - Token Token-41 waiting for resource 'Tech' at 2025-03-11 11:41:42.392188
2025-03-11 12:55:23,941 - root - INFO - Token Token-42 started task 'Monthly' at 2025-03-11 11:47:35.683169, scheduled to end at 2025-03-11 11:47:35.683169 (processing time: 0.00 min)
2025-03-11 12:55:23,941 - root - INFO - Processing end event: Token Token-42 at node Monthly (Unknown)
2025-03-11 12:55:23,942 - root - INFO - Token Token-42 completed task 'Monthly' at 2025-03-11 11:47:35.683169.
2025-03-11 12:55:23,942 - root - INFO - Next nodes for Monthly: ['Review AM using Asset Change Tracker (5.5.13.1)']
2025-03-11 12:55:23,942 - root - INFO - Scheduling direct next node Review AM using Asset Change Tracker (5.5.13.1)
2025-03-11 12:55:23,943 - root - INFO - Token Token-42 waiting for resource 'Tech' at 2025-03-11 11:47:35.683169
2025-03-11 12:55:23,943 - root - INFO - Token Token-43 started task 'Monthly' at 2025-03-11 11:53:41.651682, scheduled to end at 2025-03-11 11:53:41.651682 (processing time: 0.00 min)
2025-03-11 12:55:23,944 - root - INFO - Processing end event: Token Token-43 at node Monthly (Unknown)
2025-03-11 12:55:23,966 - root - INFO - Token Token-43 completed task 'Monthly' at 2025-03-11 11:53:41.651682.
2025-03-11 12:55:23,966 - root - INFO - Next nodes for Monthly: ['Review AM using Asset Change Tracker (5.5.13.1)']
2025-03-11 12:55:23,966 - root - INFO - Scheduling direct next node Review AM using Asset Change Tracker (5.5.13.1)
2025-03-11 12:55:23,967 - root - INFO - Token Token-43 waiting for resource 'Tech' at 2025-03-11 11:53:41.651682
2025-03-11 12:55:23,968 - root - INFO - Token Token-44 started task 'Monthly' at 2025-03-11 12:00:06.351897, scheduled to end at 2025-03-11 12:00:06.351897 (processing time: 0.00 min)
2025-03-11 12:55:23,968 - root - INFO - Processing end event: Token Token-44 at node Monthly (Unknown)
2025-03-11 12:55:23,968 - root - INFO - Token Token-44 completed task 'Monthly' at 2025-03-11 12:00:06.351897.
2025-03-11 12:55:23,968 - root - INFO - Next nodes for Monthly: ['Review AM using Asset Change Tracker (5.5.13.1)']
2025-03-11 12:55:23,968 - root - INFO - Scheduling direct next node Review AM using Asset Change Tracker (5.5.13.1)
2025-03-11 12:55:23,968 - root - INFO - Token Token-44 waiting for resource 'Tech' at 2025-03-11 12:00:06.351897
2025-03-11 12:55:23,968 - root - INFO - Token Token-45 started task 'Monthly' at 2025-03-11 12:04:49.673079, scheduled to end at 2025-03-11 12:04:49.673079 (processing time: 0.00 min)
2025-03-11 12:55:23,968 - root - INFO - Processing end event: Token Token-45 at node Monthly (Unknown)
2025-03-11 12:55:23,968 - root - INFO - Token Token-45 completed task 'Monthly' at 2025-03-11 12:04:49.673079.
2025-03-11 12:55:23,968 - root - INFO - Next nodes for Monthly: ['Review AM using Asset Change Tracker (5.5.13.1)']
2025-03-11 12:55:23,968 - root - INFO - Scheduling direct next node Review AM using Asset Change Tracker (5.5.13.1)
2025-03-11 12:55:23,968 - root - INFO - Token Token-45 waiting for resource 'Tech' at 2025-03-11 12:04:49.673079
2025-03-11 12:55:23,968 - root - INFO - Token Token-46 started task 'Monthly' at 2025-03-11 12:09:06.109293, scheduled to end at 2025-03-11 12:09:06.109293 (processing time: 0.00 min)
2025-03-11 12:55:23,968 - root - INFO - Processing end event: Token Token-46 at node Monthly (Unknown)
2025-03-11 12:55:23,968 - root - INFO - Token Token-46 completed task 'Monthly' at 2025-03-11 12:09:06.109293.
2025-03-11 12:55:23,968 - root - INFO - Next nodes for Monthly: ['Review AM using Asset Change Tracker (5.5.13.1)']
2025-03-11 12:55:23,968 - root - INFO - Scheduling direct next node Review AM using Asset Change Tracker (5.5.13.1)
2025-03-11 12:55:23,968 - root - INFO - Token Token-46 waiting for resource 'Tech' at 2025-03-11 12:09:06.109293
2025-03-11 12:55:23,968 - root - INFO - Token Token-47 started task 'Monthly' at 2025-03-11 12:14:59.089558, scheduled to end at 2025-03-11 12:14:59.089558 (processing time: 0.00 min)
2025-03-11 12:55:23,968 - root - INFO - Processing end event: Token Token-47 at node Monthly (Unknown)
2025-03-11 12:55:23,968 - root - INFO - Token Token-47 completed task 'Monthly' at 2025-03-11 12:14:59.089558.
2025-03-11 12:55:23,973 - root - INFO - Next nodes for Monthly: ['Review AM using Asset Change Tracker (5.5.13.1)']
2025-03-11 12:55:23,973 - root - INFO - Scheduling direct next node Review AM using Asset Change Tracker (5.5.13.1)
2025-03-11 12:55:23,973 - root - INFO - Token Token-47 waiting for resource 'Tech' at 2025-03-11 12:14:59.089558
2025-03-11 12:55:23,974 - root - INFO - Token Token-48 started task 'Monthly' at 2025-03-11 12:21:10.775161, scheduled to end at 2025-03-11 12:21:10.775161 (processing time: 0.00 min)
2025-03-11 12:55:23,974 - root - INFO - Processing end event: Token Token-48 at node Monthly (Unknown)
2025-03-11 12:55:23,975 - root - INFO - Token Token-48 completed task 'Monthly' at 2025-03-11 12:21:10.775161.
2025-03-11 12:55:23,975 - root - INFO - Next nodes for Monthly: ['Review AM using Asset Change Tracker (5.5.13.1)']
2025-03-11 12:55:23,975 - root - INFO - Scheduling direct next node Review AM using Asset Change Tracker (5.5.13.1)
2025-03-11 12:55:23,975 - root - INFO - Token Token-48 waiting for resource 'Tech' at 2025-03-11 12:21:10.775161
2025-03-11 12:55:23,976 - root - INFO - Token Token-49 started task 'Monthly' at 2025-03-11 12:27:34.321827, scheduled to end at 2025-03-11 12:27:34.321827 (processing time: 0.00 min)
2025-03-11 12:55:23,976 - root - INFO - Processing end event: Token Token-49 at node Monthly (Unknown)
2025-03-11 12:55:23,976 - root - INFO - Token Token-49 completed task 'Monthly' at 2025-03-11 12:27:34.321827.
2025-03-11 12:55:23,976 - root - INFO - Next nodes for Monthly: ['Review AM using Asset Change Tracker (5.5.13.1)']
2025-03-11 12:55:23,977 - root - INFO - Scheduling direct next node Review AM using Asset Change Tracker (5.5.13.1)
2025-03-11 12:55:23,977 - root - INFO - Token Token-49 waiting for resource 'Tech' at 2025-03-11 12:27:34.321827
2025-03-11 12:55:23,978 - root - INFO - Token Token-50 started task 'Monthly' at 2025-03-11 12:32:10.876006, scheduled to end at 2025-03-11 12:32:10.876006 (processing time: 0.00 min)
2025-03-11 12:55:23,978 - root - INFO - Processing end event: Token Token-50 at node Monthly (Unknown)
2025-03-11 12:55:23,979 - root - INFO - Token Token-50 completed task 'Monthly' at 2025-03-11 12:32:10.876006.
2025-03-11 12:55:23,981 - root - INFO - Next nodes for Monthly: ['Review AM using Asset Change Tracker (5.5.13.1)']
2025-03-11 12:55:23,981 - root - INFO - Scheduling direct next node Review AM using Asset Change Tracker (5.5.13.1)
2025-03-11 12:55:23,982 - root - INFO - Token Token-50 waiting for resource 'Tech' at 2025-03-11 12:32:10.876006
2025-03-11 12:55:23,982 - root - INFO - Token Token-51 started task 'Monthly' at 2025-03-11 12:38:37.229048, scheduled to end at 2025-03-11 12:38:37.229048 (processing time: 0.00 min)
2025-03-11 12:55:23,982 - root - INFO - Processing end event: Token Token-51 at node Monthly (Unknown)
2025-03-11 12:55:23,983 - root - INFO - Token Token-51 completed task 'Monthly' at 2025-03-11 12:38:37.229048.
2025-03-11 12:55:23,983 - root - INFO - Next nodes for Monthly: ['Review AM using Asset Change Tracker (5.5.13.1)']
2025-03-11 12:55:23,984 - root - INFO - Scheduling direct next node Review AM using Asset Change Tracker (5.5.13.1)
2025-03-11 12:55:23,984 - root - INFO - Token Token-51 waiting for resource 'Tech' at 2025-03-11 12:38:37.229048
2025-03-11 12:55:23,984 - root - INFO - Token Token-52 started task 'Monthly' at 2025-03-11 12:44:28.195992, scheduled to end at 2025-03-11 12:44:28.195992 (processing time: 0.00 min)
2025-03-11 12:55:23,985 - root - INFO - Processing end event: Token Token-52 at node Monthly (Unknown)
2025-03-11 12:55:23,985 - root - INFO - Token Token-52 completed task 'Monthly' at 2025-03-11 12:44:28.195992.
2025-03-11 12:55:23,986 - root - INFO - Next nodes for Monthly: ['Review AM using Asset Change Tracker (5.5.13.1)']
2025-03-11 12:55:23,986 - root - INFO - Scheduling direct next node Review AM using Asset Change Tracker (5.5.13.1)
2025-03-11 12:55:23,986 - root - INFO - Token Token-52 waiting for resource 'Tech' at 2025-03-11 12:44:28.195992
2025-03-11 12:55:23,987 - root - INFO - Token Token-53 started task 'Monthly' at 2025-03-11 12:50:05.562391, scheduled to end at 2025-03-11 12:50:05.562391 (processing time: 0.00 min)
2025-03-11 12:55:23,987 - root - INFO - Processing end event: Token Token-53 at node Monthly (Unknown)
2025-03-11 12:55:23,988 - root - INFO - Token Token-53 completed task 'Monthly' at 2025-03-11 12:50:05.562391.
2025-03-11 12:55:23,988 - root - INFO - Next nodes for Monthly: ['Review AM using Asset Change Tracker (5.5.13.1)']
2025-03-11 12:55:23,988 - root - INFO - Scheduling direct next node Review AM using Asset Change Tracker (5.5.13.1)
2025-03-11 12:55:23,989 - root - INFO - Token Token-53 waiting for resource 'Tech' at 2025-03-11 12:50:05.562391
2025-03-11 12:55:23,989 - root - INFO - Token Token-54 started task 'Monthly' at 2025-03-11 12:55:59.891144, scheduled to end at 2025-03-11 12:55:59.891144 (processing time: 0.00 min)
2025-03-11 12:55:23,990 - root - INFO - Processing end event: Token Token-54 at node Monthly (Unknown)
2025-03-11 12:55:23,990 - root - INFO - Token Token-54 completed task 'Monthly' at 2025-03-11 12:55:59.891144.
2025-03-11 12:55:23,990 - root - INFO - Next nodes for Monthly: ['Review AM using Asset Change Tracker (5.5.13.1)']
2025-03-11 12:55:23,991 - root - INFO - Scheduling direct next node Review AM using Asset Change Tracker (5.5.13.1)
2025-03-11 12:55:23,991 - root - INFO - Token Token-54 waiting for resource 'Tech' at 2025-03-11 12:55:59.891144
2025-03-11 12:55:23,991 - root - INFO - Token Token-55 started task 'Monthly' at 2025-03-11 13:01:28.273912, scheduled to end at 2025-03-11 13:01:28.273912 (processing time: 0.00 min)
2025-03-11 12:55:23,992 - root - INFO - Processing end event: Token Token-55 at node Monthly (Unknown)
2025-03-11 12:55:23,992 - root - INFO - Token Token-55 completed task 'Monthly' at 2025-03-11 13:01:28.273912.
2025-03-11 12:55:23,993 - root - INFO - Next nodes for Monthly: ['Review AM using Asset Change Tracker (5.5.13.1)']
2025-03-11 12:55:23,994 - root - INFO - Scheduling direct next node Review AM using Asset Change Tracker (5.5.13.1)
2025-03-11 12:55:23,995 - root - INFO - Token Token-55 waiting for resource 'Tech' at 2025-03-11 13:01:28.273912
2025-03-11 12:55:23,996 - root - INFO - Token Token-56 started task 'Monthly' at 2025-03-11 13:07:40.796380, scheduled to end at 2025-03-11 13:07:40.796380 (processing time: 0.00 min)
2025-03-11 12:55:24,015 - root - INFO - Processing end event: Token Token-56 at node Monthly (Unknown)
2025-03-11 12:55:24,015 - root - INFO - Token Token-56 completed task 'Monthly' at 2025-03-11 13:07:40.796380.
2025-03-11 12:55:24,016 - root - INFO - Next nodes for Monthly: ['Review AM using Asset Change Tracker (5.5.13.1)']
2025-03-11 12:55:24,016 - root - INFO - Scheduling direct next node Review AM using Asset Change Tracker (5.5.13.1)
2025-03-11 12:55:24,016 - root - INFO - Token Token-56 waiting for resource 'Tech' at 2025-03-11 13:07:40.796380
2025-03-11 12:55:24,016 - root - INFO - Token Token-57 started task 'Monthly' at 2025-03-11 13:12:28.023852, scheduled to end at 2025-03-11 13:12:28.023852 (processing time: 0.00 min)
2025-03-11 12:55:24,016 - root - INFO - Processing end event: Token Token-57 at node Monthly (Unknown)
2025-03-11 12:55:24,016 - root - INFO - Token Token-57 completed task 'Monthly' at 2025-03-11 13:12:28.023852.
2025-03-11 12:55:24,016 - root - INFO - Next nodes for Monthly: ['Review AM using Asset Change Tracker (5.5.13.1)']
2025-03-11 12:55:24,016 - root - INFO - Scheduling direct next node Review AM using Asset Change Tracker (5.5.13.1)
2025-03-11 12:55:24,016 - root - INFO - Token Token-57 waiting for resource 'Tech' at 2025-03-11 13:12:28.023852
2025-03-11 12:55:24,016 - root - INFO - Token Token-58 started task 'Monthly' at 2025-03-11 13:16:43.633468, scheduled to end at 2025-03-11 13:16:43.633468 (processing time: 0.00 min)
2025-03-11 12:55:24,016 - root - INFO - Processing end event: Token Token-58 at node Monthly (Unknown)
2025-03-11 12:55:24,016 - root - INFO - Token Token-58 completed task 'Monthly' at 2025-03-11 13:16:43.633468.
2025-03-11 12:55:24,016 - root - INFO - Next nodes for Monthly: ['Review AM using Asset Change Tracker (5.5.13.1)']
2025-03-11 12:55:24,016 - root - INFO - Scheduling direct next node Review AM using Asset Change Tracker (5.5.13.1)
2025-03-11 12:55:24,016 - root - INFO - Token Token-58 waiting for resource 'Tech' at 2025-03-11 13:16:43.633468
2025-03-11 12:55:24,016 - root - INFO - Token Token-59 started task 'Monthly' at 2025-03-11 13:22:22.056796, scheduled to end at 2025-03-11 13:22:22.056796 (processing time: 0.00 min)
2025-03-11 12:55:24,016 - root - INFO - Processing end event: Token Token-59 at node Monthly (Unknown)
2025-03-11 12:55:24,016 - root - INFO - Token Token-59 completed task 'Monthly' at 2025-03-11 13:22:22.056796.
2025-03-11 12:55:24,016 - root - INFO - Next nodes for Monthly: ['Review AM using Asset Change Tracker (5.5.13.1)']
2025-03-11 12:55:24,016 - root - INFO - Scheduling direct next node Review AM using Asset Change Tracker (5.5.13.1)
2025-03-11 12:55:24,016 - root - INFO - Token Token-59 waiting for resource 'Tech' at 2025-03-11 13:22:22.056796
2025-03-11 12:55:24,021 - root - INFO - Token Token-60 started task 'Monthly' at 2025-03-11 13:27:49.652831, scheduled to end at 2025-03-11 13:27:49.652831 (processing time: 0.00 min)
2025-03-11 12:55:24,021 - root - INFO - Processing end event: Token Token-60 at node Monthly (Unknown)
2025-03-11 12:55:24,021 - root - INFO - Token Token-60 completed task 'Monthly' at 2025-03-11 13:27:49.652831.
2025-03-11 12:55:24,022 - root - INFO - Next nodes for Monthly: ['Review AM using Asset Change Tracker (5.5.13.1)']
2025-03-11 12:55:24,023 - root - INFO - Scheduling direct next node Review AM using Asset Change Tracker (5.5.13.1)
2025-03-11 12:55:24,023 - root - INFO - Token Token-60 waiting for resource 'Tech' at 2025-03-11 13:27:49.652831
2025-03-11 12:55:24,023 - root - INFO - Token Token-61 started task 'Monthly' at 2025-03-11 13:34:01.649265, scheduled to end at 2025-03-11 13:34:01.649265 (processing time: 0.00 min)
2025-03-11 12:55:24,024 - root - INFO - Processing end event: Token Token-61 at node Monthly (Unknown)
2025-03-11 12:55:24,024 - root - INFO - Token Token-61 completed task 'Monthly' at 2025-03-11 13:34:01.649265.
2025-03-11 12:55:24,025 - root - INFO - Next nodes for Monthly: ['Review AM using Asset Change Tracker (5.5.13.1)']
2025-03-11 12:55:24,027 - root - INFO - Scheduling direct next node Review AM using Asset Change Tracker (5.5.13.1)
2025-03-11 12:55:24,027 - root - INFO - Token Token-61 waiting for resource 'Tech' at 2025-03-11 13:34:01.649265
2025-03-11 12:55:24,028 - root - INFO - Token Token-62 started task 'Monthly' at 2025-03-11 13:40:12.029936, scheduled to end at 2025-03-11 13:40:12.029936 (processing time: 0.00 min)
2025-03-11 12:55:24,028 - root - INFO - Processing end event: Token Token-62 at node Monthly (Unknown)
2025-03-11 12:55:24,029 - root - INFO - Token Token-62 completed task 'Monthly' at 2025-03-11 13:40:12.029936.
2025-03-11 12:55:24,029 - root - INFO - Next nodes for Monthly: ['Review AM using Asset Change Tracker (5.5.13.1)']
2025-03-11 12:55:24,029 - root - INFO - Scheduling direct next node Review AM using Asset Change Tracker (5.5.13.1)
2025-03-11 12:55:24,030 - root - INFO - Token Token-62 waiting for resource 'Tech' at 2025-03-11 13:40:12.029936
2025-03-11 12:55:24,030 - root - INFO - Token Token-63 started task 'Monthly' at 2025-03-11 13:46:30.982309, scheduled to end at 2025-03-11 13:46:30.982309 (processing time: 0.00 min)
2025-03-11 12:55:24,031 - root - INFO - Processing end event: Token Token-63 at node Monthly (Unknown)
2025-03-11 12:55:24,031 - root - INFO - Token Token-63 completed task 'Monthly' at 2025-03-11 13:46:30.982309.
2025-03-11 12:55:24,031 - root - INFO - Next nodes for Monthly: ['Review AM using Asset Change Tracker (5.5.13.1)']
2025-03-11 12:55:24,032 - root - INFO - Scheduling direct next node Review AM using Asset Change Tracker (5.5.13.1)
2025-03-11 12:55:24,032 - root - INFO - Token Token-63 waiting for resource 'Tech' at 2025-03-11 13:46:30.982309
2025-03-11 12:55:24,032 - root - INFO - Token Token-64 started task 'Monthly' at 2025-03-11 13:52:53.615137, scheduled to end at 2025-03-11 13:52:53.615137 (processing time: 0.00 min)
2025-03-11 12:55:24,033 - root - INFO - Processing end event: Token Token-64 at node Monthly (Unknown)
2025-03-11 12:55:24,033 - root - INFO - Token Token-64 completed task 'Monthly' at 2025-03-11 13:52:53.615137.
2025-03-11 12:55:24,033 - root - INFO - Next nodes for Monthly: ['Review AM using Asset Change Tracker (5.5.13.1)']
2025-03-11 12:55:24,034 - root - INFO - Scheduling direct next node Review AM using Asset Change Tracker (5.5.13.1)
2025-03-11 12:55:24,034 - root - INFO - Token Token-64 waiting for resource 'Tech' at 2025-03-11 13:52:53.615137
2025-03-11 12:55:24,034 - root - INFO - Token Token-65 started task 'Monthly' at 2025-03-11 13:59:00.500327, scheduled to end at 2025-03-11 13:59:00.500327 (processing time: 0.00 min)
2025-03-11 12:55:24,035 - root - INFO - Processing end event: Token Token-65 at node Monthly (Unknown)
2025-03-11 12:55:24,035 - root - INFO - Token Token-65 completed task 'Monthly' at 2025-03-11 13:59:00.500327.
2025-03-11 12:55:24,036 - root - INFO - Next nodes for Monthly: ['Review AM using Asset Change Tracker (5.5.13.1)']
2025-03-11 12:55:24,036 - root - INFO - Scheduling direct next node Review AM using Asset Change Tracker (5.5.13.1)
2025-03-11 12:55:24,036 - root - INFO - Token Token-65 waiting for resource 'Tech' at 2025-03-11 13:59:00.500327
2025-03-11 12:55:24,037 - root - INFO - Token Token-66 started task 'Monthly' at 2025-03-12 08:00:00, scheduled to end at 2025-03-12 08:00:00 (processing time: 0.00 min)
2025-03-11 12:55:24,037 - root - INFO - Processing end event: Token Token-66 at node Monthly (Unknown)
2025-03-11 12:55:24,038 - root - INFO - Token Token-66 completed task 'Monthly' at 2025-03-12 08:00:00.
2025-03-11 12:55:24,038 - root - INFO - Next nodes for Monthly: ['Review AM using Asset Change Tracker (5.5.13.1)']
2025-03-11 12:55:24,038 - root - INFO - Scheduling direct next node Review AM using Asset Change Tracker (5.5.13.1)
2025-03-11 12:55:24,039 - root - INFO - Token Token-66 waiting for resource 'Tech' at 2025-03-12 08:00:00
2025-03-11 12:55:24,039 - root - INFO - Token Token-67 started task 'Monthly' at 2025-03-12 08:06:06.704915, scheduled to end at 2025-03-12 08:06:06.704915 (processing time: 0.00 min)
2025-03-11 12:55:24,039 - root - INFO - Processing end event: Token Token-67 at node Monthly (Unknown)
2025-03-11 12:55:24,040 - root - INFO - Token Token-67 completed task 'Monthly' at 2025-03-12 08:06:06.704915.
2025-03-11 12:55:24,040 - root - INFO - Next nodes for Monthly: ['Review AM using Asset Change Tracker (5.5.13.1)']
2025-03-11 12:55:24,040 - root - INFO - Scheduling direct next node Review AM using Asset Change Tracker (5.5.13.1)
2025-03-11 12:55:24,041 - root - INFO - Token Token-67 waiting for resource 'Tech' at 2025-03-12 08:06:06.704915
2025-03-11 12:55:24,041 - root - INFO - Token Token-68 started task 'Monthly' at 2025-03-12 08:12:07.837330, scheduled to end at 2025-03-12 08:12:07.837330 (processing time: 0.00 min)
2025-03-11 12:55:24,042 - root - INFO - Processing end event: Token Token-68 at node Monthly (Unknown)
2025-03-11 12:55:24,043 - root - INFO - Token Token-68 completed task 'Monthly' at 2025-03-12 08:12:07.837330.
2025-03-11 12:55:24,044 - root - INFO - Next nodes for Monthly: ['Review AM using Asset Change Tracker (5.5.13.1)']
2025-03-11 12:55:24,045 - root - INFO - Scheduling direct next node Review AM using Asset Change Tracker (5.5.13.1)
2025-03-11 12:55:24,063 - root - INFO - Token Token-68 waiting for resource 'Tech' at 2025-03-12 08:12:07.837330
2025-03-11 12:55:24,063 - root - INFO - Token Token-69 started task 'Monthly' at 2025-03-12 08:18:26.505194, scheduled to end at 2025-03-12 08:18:26.505194 (processing time: 0.00 min)
2025-03-11 12:55:24,063 - root - INFO - Processing end event: Token Token-69 at node Monthly (Unknown)
2025-03-11 12:55:24,063 - root - INFO - Token Token-69 completed task 'Monthly' at 2025-03-12 08:18:26.505194.
2025-03-11 12:55:24,063 - root - INFO - Next nodes for Monthly: ['Review AM using Asset Change Tracker (5.5.13.1)']
2025-03-11 12:55:24,063 - root - INFO - Scheduling direct next node Review AM using Asset Change Tracker (5.5.13.1)
2025-03-11 12:55:24,063 - root - INFO - Token Token-69 waiting for resource 'Tech' at 2025-03-12 08:18:26.505194
2025-03-11 12:55:24,063 - root - INFO - Token Token-70 started task 'Monthly' at 2025-03-12 08:23:39.442199, scheduled to end at 2025-03-12 08:23:39.442199 (processing time: 0.00 min)
2025-03-11 12:55:24,063 - root - INFO - Processing end event: Token Token-70 at node Monthly (Unknown)
2025-03-11 12:55:24,063 - root - INFO - Token Token-70 completed task 'Monthly' at 2025-03-12 08:23:39.442199.
2025-03-11 12:55:24,063 - root - INFO - Next nodes for Monthly: ['Review AM using Asset Change Tracker (5.5.13.1)']
2025-03-11 12:55:24,063 - root - INFO - Scheduling direct next node Review AM using Asset Change Tracker (5.5.13.1)
2025-03-11 12:55:24,063 - root - INFO - Token Token-70 waiting for resource 'Tech' at 2025-03-12 08:23:39.442199
2025-03-11 12:55:24,063 - root - INFO - Token Token-71 started task 'Monthly' at 2025-03-12 08:29:51.299774, scheduled to end at 2025-03-12 08:29:51.299774 (processing time: 0.00 min)
2025-03-11 12:55:24,063 - root - INFO - Processing end event: Token Token-71 at node Monthly (Unknown)
2025-03-11 12:55:24,063 - root - INFO - Token Token-71 completed task 'Monthly' at 2025-03-12 08:29:51.299774.
2025-03-11 12:55:24,063 - root - INFO - Next nodes for Monthly: ['Review AM using Asset Change Tracker (5.5.13.1)']
2025-03-11 12:55:24,063 - root - INFO - Scheduling direct next node Review AM using Asset Change Tracker (5.5.13.1)
2025-03-11 12:55:24,068 - root - INFO - Token Token-71 waiting for resource 'Tech' at 2025-03-12 08:29:51.299774
2025-03-11 12:55:24,068 - root - INFO - Token Token-72 started task 'Monthly' at 2025-03-12 08:34:46.527046, scheduled to end at 2025-03-12 08:34:46.527046 (processing time: 0.00 min)
2025-03-11 12:55:24,068 - root - INFO - Processing end event: Token Token-72 at node Monthly (Unknown)
2025-03-11 12:55:24,069 - root - INFO - Token Token-72 completed task 'Monthly' at 2025-03-12 08:34:46.527046.
2025-03-11 12:55:24,069 - root - INFO - Next nodes for Monthly: ['Review AM using Asset Change Tracker (5.5.13.1)']
2025-03-11 12:55:24,069 - root - INFO - Scheduling direct next node Review AM using Asset Change Tracker (5.5.13.1)
2025-03-11 12:55:24,069 - root - INFO - Token Token-72 waiting for resource 'Tech' at 2025-03-12 08:34:46.527046
2025-03-11 12:55:24,070 - root - INFO - Token Token-73 started task 'Monthly' at 2025-03-12 08:40:58.156237, scheduled to end at 2025-03-12 08:40:58.156237 (processing time: 0.00 min)
2025-03-11 12:55:24,070 - root - INFO - Processing end event: Token Token-73 at node Monthly (Unknown)
2025-03-11 12:55:24,070 - root - INFO - Token Token-73 completed task 'Monthly' at 2025-03-12 08:40:58.156237.
2025-03-11 12:55:24,071 - root - INFO - Next nodes for Monthly: ['Review AM using Asset Change Tracker (5.5.13.1)']
2025-03-11 12:55:24,071 - root - INFO - Scheduling direct next node Review AM using Asset Change Tracker (5.5.13.1)
2025-03-11 12:55:24,072 - root - INFO - Token Token-73 waiting for resource 'Tech' at 2025-03-12 08:40:58.156237
2025-03-11 12:55:24,072 - root - INFO - Token Token-74 started task 'Monthly' at 2025-03-12 08:47:13.779696, scheduled to end at 2025-03-12 08:47:13.779696 (processing time: 0.00 min)
2025-03-11 12:55:24,072 - root - INFO - Processing end event: Token Token-74 at node Monthly (Unknown)
2025-03-11 12:55:24,072 - root - INFO - Token Token-74 completed task 'Monthly' at 2025-03-12 08:47:13.779696.
2025-03-11 12:55:24,073 - root - INFO - Next nodes for Monthly: ['Review AM using Asset Change Tracker (5.5.13.1)']
2025-03-11 12:55:24,073 - root - INFO - Scheduling direct next node Review AM using Asset Change Tracker (5.5.13.1)
2025-03-11 12:55:24,074 - root - INFO - Token Token-74 waiting for resource 'Tech' at 2025-03-12 08:47:13.779696
2025-03-11 12:55:24,074 - root - INFO - Token Token-75 started task 'Monthly' at 2025-03-12 08:53:21.565539, scheduled to end at 2025-03-12 08:53:21.565539 (processing time: 0.00 min)
2025-03-11 12:55:24,074 - root - INFO - Processing end event: Token Token-75 at node Monthly (Unknown)
2025-03-11 12:55:24,074 - root - INFO - Token Token-75 completed task 'Monthly' at 2025-03-12 08:53:21.565539.
2025-03-11 12:55:24,074 - root - INFO - Next nodes for Monthly: ['Review AM using Asset Change Tracker (5.5.13.1)']
2025-03-11 12:55:24,075 - root - INFO - Scheduling direct next node Review AM using Asset Change Tracker (5.5.13.1)
2025-03-11 12:55:24,075 - root - INFO - Token Token-75 waiting for resource 'Tech' at 2025-03-12 08:53:21.565539
2025-03-11 12:55:24,075 - root - INFO - Token Token-76 started task 'Monthly' at 2025-03-12 08:59:07.037256, scheduled to end at 2025-03-12 08:59:07.037256 (processing time: 0.00 min)
2025-03-11 12:55:24,075 - root - INFO - Processing end event: Token Token-76 at node Monthly (Unknown)
2025-03-11 12:55:24,076 - root - INFO - Token Token-76 completed task 'Monthly' at 2025-03-12 08:59:07.037256.
2025-03-11 12:55:24,076 - root - INFO - Next nodes for Monthly: ['Review AM using Asset Change Tracker (5.5.13.1)']
2025-03-11 12:55:24,076 - root - INFO - Scheduling direct next node Review AM using Asset Change Tracker (5.5.13.1)
2025-03-11 12:55:24,076 - root - INFO - Token Token-76 waiting for resource 'Tech' at 2025-03-12 08:59:07.037256
2025-03-11 12:55:24,077 - root - INFO - Token Token-77 started task 'Monthly' at 2025-03-12 09:04:26.164399, scheduled to end at 2025-03-12 09:04:26.164399 (processing time: 0.00 min)
2025-03-11 12:55:24,077 - root - INFO - Processing end event: Token Token-77 at node Monthly (Unknown)
2025-03-11 12:55:24,077 - root - INFO - Token Token-77 completed task 'Monthly' at 2025-03-12 09:04:26.164399.
2025-03-11 12:55:24,078 - root - INFO - Next nodes for Monthly: ['Review AM using Asset Change Tracker (5.5.13.1)']
2025-03-11 12:55:24,078 - root - INFO - Scheduling direct next node Review AM using Asset Change Tracker (5.5.13.1)
2025-03-11 12:55:24,078 - root - INFO - Token Token-77 waiting for resource 'Tech' at 2025-03-12 09:04:26.164399
2025-03-11 12:55:24,078 - root - INFO - Token Token-78 started task 'Monthly' at 2025-03-12 09:10:02.731333, scheduled to end at 2025-03-12 09:10:02.731333 (processing time: 0.00 min)
2025-03-11 12:55:24,079 - root - INFO - Processing end event: Token Token-78 at node Monthly (Unknown)
2025-03-11 12:55:24,079 - root - INFO - Token Token-78 completed task 'Monthly' at 2025-03-12 09:10:02.731333.
2025-03-11 12:55:24,079 - root - INFO - Next nodes for Monthly: ['Review AM using Asset Change Tracker (5.5.13.1)']
2025-03-11 12:55:24,079 - root - INFO - Scheduling direct next node Review AM using Asset Change Tracker (5.5.13.1)
2025-03-11 12:55:24,079 - root - INFO - Token Token-78 waiting for resource 'Tech' at 2025-03-12 09:10:02.731333
2025-03-11 12:55:24,080 - root - INFO - Token Token-79 started task 'Monthly' at 2025-03-12 09:15:51.554266, scheduled to end at 2025-03-12 09:15:51.554266 (processing time: 0.00 min)
2025-03-11 12:55:24,080 - root - INFO - Processing end event: Token Token-79 at node Monthly (Unknown)
2025-03-11 12:55:24,080 - root - INFO - Token Token-79 completed task 'Monthly' at 2025-03-12 09:15:51.554266.
2025-03-11 12:55:24,080 - root - INFO - Next nodes for Monthly: ['Review AM using Asset Change Tracker (5.5.13.1)']
2025-03-11 12:55:24,081 - root - INFO - Scheduling direct next node Review AM using Asset Change Tracker (5.5.13.1)
2025-03-11 12:55:24,081 - root - INFO - Token Token-79 waiting for resource 'Tech' at 2025-03-12 09:15:51.554266
2025-03-11 12:55:24,081 - root - INFO - Token Token-80 started task 'Monthly' at 2025-03-12 09:20:17.225779, scheduled to end at 2025-03-12 09:20:17.225779 (processing time: 0.00 min)
2025-03-11 12:55:24,081 - root - INFO - Processing end event: Token Token-80 at node Monthly (Unknown)
2025-03-11 12:55:24,082 - root - INFO - Token Token-80 completed task 'Monthly' at 2025-03-12 09:20:17.225779.
2025-03-11 12:55:24,082 - root - INFO - Next nodes for Monthly: ['Review AM using Asset Change Tracker (5.5.13.1)']
2025-03-11 12:55:24,084 - root - INFO - Scheduling direct next node Review AM using Asset Change Tracker (5.5.13.1)
2025-03-11 12:55:24,085 - root - INFO - Token Token-80 waiting for resource 'Tech' at 2025-03-12 09:20:17.225779
2025-03-11 12:55:24,085 - root - INFO - Token Token-81 started task 'Monthly' at 2025-03-12 09:26:16.456649, scheduled to end at 2025-03-12 09:26:16.456649 (processing time: 0.00 min)
2025-03-11 12:55:24,086 - root - INFO - Processing end event: Token Token-81 at node Monthly (Unknown)
2025-03-11 12:55:24,086 - root - INFO - Token Token-81 completed task 'Monthly' at 2025-03-12 09:26:16.456649.
2025-03-11 12:55:24,087 - root - INFO - Next nodes for Monthly: ['Review AM using Asset Change Tracker (5.5.13.1)']
2025-03-11 12:55:24,087 - root - INFO - Scheduling direct next node Review AM using Asset Change Tracker (5.5.13.1)
2025-03-11 12:55:24,087 - root - INFO - Token Token-81 waiting for resource 'Tech' at 2025-03-12 09:26:16.456649
2025-03-11 12:55:24,088 - root - INFO - Token Token-82 started task 'Monthly' at 2025-03-12 09:31:33.803938, scheduled to end at 2025-03-12 09:31:33.803938 (processing time: 0.00 min)
2025-03-11 12:55:24,088 - root - INFO - Processing end event: Token Token-82 at node Monthly (Unknown)
2025-03-11 12:55:24,089 - root - INFO - Token Token-82 completed task 'Monthly' at 2025-03-12 09:31:33.803938.
2025-03-11 12:55:24,089 - root - INFO - Next nodes for Monthly: ['Review AM using Asset Change Tracker (5.5.13.1)']
2025-03-11 12:55:24,090 - root - INFO - Scheduling direct next node Review AM using Asset Change Tracker (5.5.13.1)
2025-03-11 12:55:24,119 - root - INFO - Token Token-82 waiting for resource 'Tech' at 2025-03-12 09:31:33.803938
2025-03-11 12:55:24,120 - root - INFO - Token Token-83 started task 'Monthly' at 2025-03-12 09:36:35.229220, scheduled to end at 2025-03-12 09:36:35.229220 (processing time: 0.00 min)
2025-03-11 12:55:24,121 - root - INFO - Processing end event: Token Token-83 at node Monthly (Unknown)
2025-03-11 12:55:24,121 - root - INFO - Token Token-83 completed task 'Monthly' at 2025-03-12 09:36:35.229220.
2025-03-11 12:55:24,121 - root - INFO - Next nodes for Monthly: ['Review AM using Asset Change Tracker (5.5.13.1)']
2025-03-11 12:55:24,121 - root - INFO - Scheduling direct next node Review AM using Asset Change Tracker (5.5.13.1)
2025-03-11 12:55:24,121 - root - INFO - Token Token-83 waiting for resource 'Tech' at 2025-03-12 09:36:35.229220
2025-03-11 12:55:24,121 - root - INFO - Token Token-84 started task 'Monthly' at 2025-03-12 09:41:48.258767, scheduled to end at 2025-03-12 09:41:48.258767 (processing time: 0.00 min)
2025-03-11 12:55:24,121 - root - INFO - Processing end event: Token Token-84 at node Monthly (Unknown)
2025-03-11 12:55:24,121 - root - INFO - Token Token-84 completed task 'Monthly' at 2025-03-12 09:41:48.258767.
2025-03-11 12:55:24,121 - root - INFO - Next nodes for Monthly: ['Review AM using Asset Change Tracker (5.5.13.1)']
2025-03-11 12:55:24,121 - root - INFO - Scheduling direct next node Review AM using Asset Change Tracker (5.5.13.1)
2025-03-11 12:55:24,121 - root - INFO - Token Token-84 waiting for resource 'Tech' at 2025-03-12 09:41:48.258767
2025-03-11 12:55:24,121 - root - INFO - Token Token-85 started task 'Monthly' at 2025-03-12 09:47:25.100415, scheduled to end at 2025-03-12 09:47:25.100415 (processing time: 0.00 min)
2025-03-11 12:55:24,121 - root - INFO - Processing end event: Token Token-85 at node Monthly (Unknown)
2025-03-11 12:55:24,121 - root - INFO - Token Token-85 completed task 'Monthly' at 2025-03-12 09:47:25.100415.
2025-03-11 12:55:24,121 - root - INFO - Next nodes for Monthly: ['Review AM using Asset Change Tracker (5.5.13.1)']
2025-03-11 12:55:24,121 - root - INFO - Scheduling direct next node Review AM using Asset Change Tracker (5.5.13.1)
2025-03-11 12:55:24,121 - root - INFO - Token Token-85 waiting for resource 'Tech' at 2025-03-12 09:47:25.100415
2025-03-11 12:55:24,121 - root - INFO - Token Token-86 started task 'Monthly' at 2025-03-12 09:52:52.908524, scheduled to end at 2025-03-12 09:52:52.908524 (processing time: 0.00 min)
2025-03-11 12:55:24,121 - root - INFO - Processing end event: Token Token-86 at node Monthly (Unknown)
2025-03-11 12:55:24,121 - root - INFO - Token Token-86 completed task 'Monthly' at 2025-03-12 09:52:52.908524.
2025-03-11 12:55:24,121 - root - INFO - Next nodes for Monthly: ['Review AM using Asset Change Tracker (5.5.13.1)']
2025-03-11 12:55:24,121 - root - INFO - Scheduling direct next node Review AM using Asset Change Tracker (5.5.13.1)
2025-03-11 12:55:24,125 - root - INFO - Token Token-86 waiting for resource 'Tech' at 2025-03-12 09:52:52.908524
2025-03-11 12:55:24,126 - root - INFO - Token Token-87 started task 'Monthly' at 2025-03-12 09:58:18.687312, scheduled to end at 2025-03-12 09:58:18.687312 (processing time: 0.00 min)
2025-03-11 12:55:24,126 - root - INFO - Processing end event: Token Token-87 at node Monthly (Unknown)
2025-03-11 12:55:24,126 - root - INFO - Token Token-87 completed task 'Monthly' at 2025-03-12 09:58:18.687312.
2025-03-11 12:55:24,126 - root - INFO - Next nodes for Monthly: ['Review AM using Asset Change Tracker (5.5.13.1)']
2025-03-11 12:55:24,127 - root - INFO - Scheduling direct next node Review AM using Asset Change Tracker (5.5.13.1)
2025-03-11 12:55:24,127 - root - INFO - Token Token-87 waiting for resource 'Tech' at 2025-03-12 09:58:18.687312
2025-03-11 12:55:24,127 - root - INFO - Token Token-88 started task 'Monthly' at 2025-03-12 10:04:29.254882, scheduled to end at 2025-03-12 10:04:29.254882 (processing time: 0.00 min)
2025-03-11 12:55:24,128 - root - INFO - Processing end event: Token Token-88 at node Monthly (Unknown)
2025-03-11 12:55:24,128 - root - INFO - Token Token-88 completed task 'Monthly' at 2025-03-12 10:04:29.254882.
2025-03-11 12:55:24,128 - root - INFO - Next nodes for Monthly: ['Review AM using Asset Change Tracker (5.5.13.1)']
2025-03-11 12:55:24,128 - root - INFO - Scheduling direct next node Review AM using Asset Change Tracker (5.5.13.1)
2025-03-11 12:55:24,128 - root - INFO - Token Token-88 waiting for resource 'Tech' at 2025-03-12 10:04:29.254882
2025-03-11 12:55:24,129 - root - INFO - Token Token-89 started task 'Monthly' at 2025-03-12 10:10:54.371516, scheduled to end at 2025-03-12 10:10:54.371516 (processing time: 0.00 min)
2025-03-11 12:55:24,129 - root - INFO - Processing end event: Token Token-89 at node Monthly (Unknown)
2025-03-11 12:55:24,130 - root - INFO - Token Token-89 completed task 'Monthly' at 2025-03-12 10:10:54.371516.
2025-03-11 12:55:24,130 - root - INFO - Next nodes for Monthly: ['Review AM using Asset Change Tracker (5.5.13.1)']
2025-03-11 12:55:24,130 - root - INFO - Scheduling direct next node Review AM using Asset Change Tracker (5.5.13.1)
2025-03-11 12:55:24,131 - root - INFO - Token Token-89 waiting for resource 'Tech' at 2025-03-12 10:10:54.371516
2025-03-11 12:55:24,131 - root - INFO - Token Token-90 started task 'Monthly' at 2025-03-12 10:16:53.519702, scheduled to end at 2025-03-12 10:16:53.519702 (processing time: 0.00 min)
2025-03-11 12:55:24,132 - root - INFO - Processing end event: Token Token-90 at node Monthly (Unknown)
2025-03-11 12:55:24,132 - root - INFO - Token Token-90 completed task 'Monthly' at 2025-03-12 10:16:53.519702.
2025-03-11 12:55:24,132 - root - INFO - Next nodes for Monthly: ['Review AM using Asset Change Tracker (5.5.13.1)']
2025-03-11 12:55:24,133 - root - INFO - Scheduling direct next node Review AM using Asset Change Tracker (5.5.13.1)
2025-03-11 12:55:24,133 - root - INFO - Token Token-90 waiting for resource 'Tech' at 2025-03-12 10:16:53.519702
2025-03-11 12:55:24,133 - root - INFO - Token Token-91 started task 'Monthly' at 2025-03-12 10:21:22.489109, scheduled to end at 2025-03-12 10:21:22.489109 (processing time: 0.00 min)
2025-03-11 12:55:24,134 - root - INFO - Processing end event: Token Token-91 at node Monthly (Unknown)
2025-03-11 12:55:24,134 - root - INFO - Token Token-91 completed task 'Monthly' at 2025-03-12 10:21:22.489109.
2025-03-11 12:55:24,134 - root - INFO - Next nodes for Monthly: ['Review AM using Asset Change Tracker (5.5.13.1)']
2025-03-11 12:55:24,135 - root - INFO - Scheduling direct next node Review AM using Asset Change Tracker (5.5.13.1)
2025-03-11 12:55:24,135 - root - INFO - Token Token-91 waiting for resource 'Tech' at 2025-03-12 10:21:22.489109
2025-03-11 12:55:24,136 - root - INFO - Token Token-92 started task 'Monthly' at 2025-03-12 10:26:58.519468, scheduled to end at 2025-03-12 10:26:58.519468 (processing time: 0.00 min)
2025-03-11 12:55:24,136 - root - INFO - Processing end event: Token Token-92 at node Monthly (Unknown)
2025-03-11 12:55:24,136 - root - INFO - Token Token-92 completed task 'Monthly' at 2025-03-12 10:26:58.519468.
2025-03-11 12:55:24,137 - root - INFO - Next nodes for Monthly: ['Review AM using Asset Change Tracker (5.5.13.1)']
2025-03-11 12:55:24,137 - root - INFO - Scheduling direct next node Review AM using Asset Change Tracker (5.5.13.1)
2025-03-11 12:55:24,137 - root - INFO - Token Token-92 waiting for resource 'Tech' at 2025-03-12 10:26:58.519468
2025-03-11 12:55:24,138 - root - INFO - Token Token-93 started task 'Monthly' at 2025-03-12 10:33:20.775018, scheduled to end at 2025-03-12 10:33:20.775018 (processing time: 0.00 min)
2025-03-11 12:55:24,140 - root - INFO - Processing end event: Token Token-93 at node Monthly (Unknown)
2025-03-11 12:55:24,141 - root - INFO - Token Token-93 completed task 'Monthly' at 2025-03-12 10:33:20.775018.
2025-03-11 12:55:24,142 - root - INFO - Next nodes for Monthly: ['Review AM using Asset Change Tracker (5.5.13.1)']
2025-03-11 12:55:24,142 - root - INFO - Scheduling direct next node Review AM using Asset Change Tracker (5.5.13.1)
2025-03-11 12:55:24,143 - root - INFO - Token Token-93 waiting for resource 'Tech' at 2025-03-12 10:33:20.775018
2025-03-11 12:55:24,143 - root - INFO - Token Token-94 started task 'Monthly' at 2025-03-12 10:38:55.589746, scheduled to end at 2025-03-12 10:38:55.589746 (processing time: 0.00 min)
2025-03-11 12:55:24,144 - root - INFO - Processing end event: Token Token-94 at node Monthly (Unknown)
2025-03-11 12:55:24,144 - root - INFO - Token Token-94 completed task 'Monthly' at 2025-03-12 10:38:55.589746.
2025-03-11 12:55:24,144 - root - INFO - Next nodes for Monthly: ['Review AM using Asset Change Tracker (5.5.13.1)']
2025-03-11 12:55:24,145 - root - INFO - Scheduling direct next node Review AM using Asset Change Tracker (5.5.13.1)
2025-03-11 12:55:24,145 - root - INFO - Token Token-94 waiting for resource 'Tech' at 2025-03-12 10:38:55.589746
2025-03-11 12:55:24,146 - root - INFO - Token Token-95 started task 'Monthly' at 2025-03-12 10:45:11.743905, scheduled to end at 2025-03-12 10:45:11.743905 (processing time: 0.00 min)
2025-03-11 12:55:24,146 - root - INFO - Processing end event: Token Token-95 at node Monthly (Unknown)
2025-03-11 12:55:24,147 - root - INFO - Token Token-95 completed task 'Monthly' at 2025-03-12 10:45:11.743905.
2025-03-11 12:55:24,147 - root - INFO - Next nodes for Monthly: ['Review AM using Asset Change Tracker (5.5.13.1)']
2025-03-11 12:55:24,148 - root - INFO - Scheduling direct next node Review AM using Asset Change Tracker (5.5.13.1)
2025-03-11 12:55:24,148 - root - INFO - Token Token-95 waiting for resource 'Tech' at 2025-03-12 10:45:11.743905
2025-03-11 12:55:24,149 - root - INFO - Token Token-96 started task 'Monthly' at 2025-03-12 10:49:59.010988, scheduled to end at 2025-03-12 10:49:59.010988 (processing time: 0.00 min)
2025-03-11 12:55:24,149 - root - INFO - Processing end event: Token Token-96 at node Monthly (Unknown)
2025-03-11 12:55:24,150 - root - INFO - Token Token-96 completed task 'Monthly' at 2025-03-12 10:49:59.010988.
2025-03-11 12:55:24,151 - root - INFO - Next nodes for Monthly: ['Review AM using Asset Change Tracker (5.5.13.1)']
2025-03-11 12:55:24,151 - root - INFO - Scheduling direct next node Review AM using Asset Change Tracker (5.5.13.1)
2025-03-11 12:55:24,152 - root - INFO - Token Token-96 waiting for resource 'Tech' at 2025-03-12 10:49:59.010988
2025-03-11 12:55:24,153 - root - INFO - Token Token-97 started task 'Monthly' at 2025-03-12 10:55:50.946919, scheduled to end at 2025-03-12 10:55:50.946919 (processing time: 0.00 min)
2025-03-11 12:55:24,169 - root - INFO - Processing end event: Token Token-97 at node Monthly (Unknown)
2025-03-11 12:55:24,169 - root - INFO - Token Token-97 completed task 'Monthly' at 2025-03-12 10:55:50.946919.
2025-03-11 12:55:24,169 - root - INFO - Next nodes for Monthly: ['Review AM using Asset Change Tracker (5.5.13.1)']
2025-03-11 12:55:24,169 - root - INFO - Scheduling direct next node Review AM using Asset Change Tracker (5.5.13.1)
2025-03-11 12:55:24,169 - root - INFO - Token Token-97 waiting for resource 'Tech' at 2025-03-12 10:55:50.946919
2025-03-11 12:55:24,169 - root - INFO - Token Token-98 started task 'Monthly' at 2025-03-12 11:01:05.708650, scheduled to end at 2025-03-12 11:01:05.708650 (processing time: 0.00 min)
2025-03-11 12:55:24,169 - root - INFO - Processing end event: Token Token-98 at node Monthly (Unknown)
2025-03-11 12:55:24,169 - root - INFO - Token Token-98 completed task 'Monthly' at 2025-03-12 11:01:05.708650.
2025-03-11 12:55:24,169 - root - INFO - Next nodes for Monthly: ['Review AM using Asset Change Tracker (5.5.13.1)']
2025-03-11 12:55:24,174 - root - INFO - Scheduling direct next node Review AM using Asset Change Tracker (5.5.13.1)
2025-03-11 12:55:24,174 - root - INFO - Token Token-98 waiting for resource 'Tech' at 2025-03-12 11:01:05.708650
2025-03-11 12:55:24,175 - root - INFO - Token Token-99 started task 'Monthly' at 2025-03-12 11:06:52.533272, scheduled to end at 2025-03-12 11:06:52.533272 (processing time: 0.00 min)
2025-03-11 12:55:24,175 - root - INFO - Processing end event: Token Token-99 at node Monthly (Unknown)
2025-03-11 12:55:24,175 - root - INFO - Token Token-99 completed task 'Monthly' at 2025-03-12 11:06:52.533272.
2025-03-11 12:55:24,175 - root - INFO - Next nodes for Monthly: ['Review AM using Asset Change Tracker (5.5.13.1)']
2025-03-11 12:55:24,176 - root - INFO - Scheduling direct next node Review AM using Asset Change Tracker (5.5.13.1)
2025-03-11 12:55:24,176 - root - INFO - Token Token-99 waiting for resource 'Tech' at 2025-03-12 11:06:52.533272
2025-03-11 12:55:24,176 - root - INFO - Token Token-100 started task 'Monthly' at 2025-03-12 11:12:06.634264, scheduled to end at 2025-03-12 11:12:06.634264 (processing time: 0.00 min)
2025-03-11 12:55:24,177 - root - INFO - Processing end event: Token Token-100 at node Monthly (Unknown)
2025-03-11 12:55:24,177 - root - INFO - Token Token-100 completed task 'Monthly' at 2025-03-12 11:12:06.634264.
2025-03-11 12:55:24,177 - root - INFO - Next nodes for Monthly: ['Review AM using Asset Change Tracker (5.5.13.1)']
2025-03-11 12:55:24,177 - root - INFO - Scheduling direct next node Review AM using Asset Change Tracker (5.5.13.1)
2025-03-11 12:55:24,177 - root - INFO - Token Token-100 waiting for resource 'Tech' at 2025-03-12 11:12:06.634264
2025-03-11 12:55:24,177 - root - INFO - Token Token-101 started task 'Monthly' at 2025-03-12 11:18:16.885978, scheduled to end at 2025-03-12 11:18:16.885978 (processing time: 0.00 min)
2025-03-11 12:55:24,178 - root - INFO - Processing end event: Token Token-101 at node Monthly (Unknown)
2025-03-11 12:55:24,178 - root - INFO - Token Token-101 completed task 'Monthly' at 2025-03-12 11:18:16.885978.
2025-03-11 12:55:24,178 - root - INFO - Next nodes for Monthly: ['Review AM using Asset Change Tracker (5.5.13.1)']
2025-03-11 12:55:24,178 - root - INFO - Scheduling direct next node Review AM using Asset Change Tracker (5.5.13.1)
2025-03-11 12:55:24,179 - root - INFO - Token Token-101 waiting for resource 'Tech' at 2025-03-12 11:18:16.885978
2025-03-11 12:55:24,180 - root - INFO - Token Token-102 started task 'Monthly' at 2025-03-12 11:24:30.058788, scheduled to end at 2025-03-12 11:24:30.058788 (processing time: 0.00 min)
2025-03-11 12:55:24,180 - root - INFO - Processing end event: Token Token-102 at node Monthly (Unknown)
2025-03-11 12:55:24,180 - root - INFO - Token Token-102 completed task 'Monthly' at 2025-03-12 11:24:30.058788.
2025-03-11 12:55:24,181 - root - INFO - Next nodes for Monthly: ['Review AM using Asset Change Tracker (5.5.13.1)']
2025-03-11 12:55:24,181 - root - INFO - Scheduling direct next node Review AM using Asset Change Tracker (5.5.13.1)
2025-03-11 12:55:24,181 - root - INFO - Token Token-102 waiting for resource 'Tech' at 2025-03-12 11:24:30.058788
2025-03-11 12:55:24,181 - root - INFO - Token Token-103 started task 'Monthly' at 2025-03-12 11:30:21.500227, scheduled to end at 2025-03-12 11:30:21.500227 (processing time: 0.00 min)
2025-03-11 12:55:24,181 - root - INFO - Processing end event: Token Token-103 at node Monthly (Unknown)
2025-03-11 12:55:24,182 - root - INFO - Token Token-103 completed task 'Monthly' at 2025-03-12 11:30:21.500227.
2025-03-11 12:55:24,182 - root - INFO - Next nodes for Monthly: ['Review AM using Asset Change Tracker (5.5.13.1)']
2025-03-11 12:55:24,182 - root - INFO - Scheduling direct next node Review AM using Asset Change Tracker (5.5.13.1)
2025-03-11 12:55:24,182 - root - INFO - Token Token-103 waiting for resource 'Tech' at 2025-03-12 11:30:21.500227
2025-03-11 12:55:24,183 - root - INFO - Token Token-104 started task 'Monthly' at 2025-03-12 11:35:33.626681, scheduled to end at 2025-03-12 11:35:33.626681 (processing time: 0.00 min)
2025-03-11 12:55:24,183 - root - INFO - Processing end event: Token Token-104 at node Monthly (Unknown)
2025-03-11 12:55:24,183 - root - INFO - Token Token-104 completed task 'Monthly' at 2025-03-12 11:35:33.626681.
2025-03-11 12:55:24,183 - root - INFO - Next nodes for Monthly: ['Review AM using Asset Change Tracker (5.5.13.1)']
2025-03-11 12:55:24,183 - root - INFO - Scheduling direct next node Review AM using Asset Change Tracker (5.5.13.1)
2025-03-11 12:55:24,184 - root - INFO - Token Token-104 waiting for resource 'Tech' at 2025-03-12 11:35:33.626681
2025-03-11 12:55:24,184 - root - INFO - Token Token-105 started task 'Monthly' at 2025-03-12 11:41:55.585546, scheduled to end at 2025-03-12 11:41:55.585546 (processing time: 0.00 min)
2025-03-11 12:55:24,184 - root - INFO - Processing end event: Token Token-105 at node Monthly (Unknown)
2025-03-11 12:55:24,184 - root - INFO - Token Token-105 completed task 'Monthly' at 2025-03-12 11:41:55.585546.
2025-03-11 12:55:24,185 - root - INFO - Next nodes for Monthly: ['Review AM using Asset Change Tracker (5.5.13.1)']
2025-03-11 12:55:24,185 - root - INFO - Scheduling direct next node Review AM using Asset Change Tracker (5.5.13.1)
2025-03-11 12:55:24,185 - root - INFO - Token Token-105 waiting for resource 'Tech' at 2025-03-12 11:41:55.585546
2025-03-11 12:55:24,185 - root - INFO - Token Token-106 started task 'Monthly' at 2025-03-12 11:47:54.989861, scheduled to end at 2025-03-12 11:47:54.989861 (processing time: 0.00 min)
2025-03-11 12:55:24,185 - root - INFO - Processing end event: Token Token-106 at node Monthly (Unknown)
2025-03-11 12:55:24,186 - root - INFO - Token Token-106 completed task 'Monthly' at 2025-03-12 11:47:54.989861.
2025-03-11 12:55:24,186 - root - INFO - Next nodes for Monthly: ['Review AM using Asset Change Tracker (5.5.13.1)']
2025-03-11 12:55:24,186 - root - INFO - Scheduling direct next node Review AM using Asset Change Tracker (5.5.13.1)
2025-03-11 12:55:24,186 - root - INFO - Token Token-106 waiting for resource 'Tech' at 2025-03-12 11:47:54.989861
2025-03-11 12:55:24,187 - root - INFO - Token Token-107 started task 'Monthly' at 2025-03-12 11:54:05.628713, scheduled to end at 2025-03-12 11:54:05.628713 (processing time: 0.00 min)
2025-03-11 12:55:24,187 - root - INFO - Processing end event: Token Token-107 at node Monthly (Unknown)
2025-03-11 12:55:24,187 - root - INFO - Token Token-107 completed task 'Monthly' at 2025-03-12 11:54:05.628713.
2025-03-11 12:55:24,187 - root - INFO - Next nodes for Monthly: ['Review AM using Asset Change Tracker (5.5.13.1)']
2025-03-11 12:55:24,188 - root - INFO - Scheduling direct next node Review AM using Asset Change Tracker (5.5.13.1)
2025-03-11 12:55:24,188 - root - INFO - Token Token-107 waiting for resource 'Tech' at 2025-03-12 11:54:05.628713
2025-03-11 12:55:24,188 - root - INFO - Token Token-108 started task 'Monthly' at 2025-03-12 11:58:42.041787, scheduled to end at 2025-03-12 11:58:42.041787 (processing time: 0.00 min)
2025-03-11 12:55:24,188 - root - INFO - Processing end event: Token Token-108 at node Monthly (Unknown)
2025-03-11 12:55:24,189 - root - INFO - Token Token-108 completed task 'Monthly' at 2025-03-12 11:58:42.041787.
2025-03-11 12:55:24,189 - root - INFO - Next nodes for Monthly: ['Review AM using Asset Change Tracker (5.5.13.1)']
2025-03-11 12:55:24,189 - root - INFO - Scheduling direct next node Review AM using Asset Change Tracker (5.5.13.1)
2025-03-11 12:55:24,189 - root - INFO - Token Token-108 waiting for resource 'Tech' at 2025-03-12 11:58:42.041787
2025-03-11 12:55:24,190 - root - INFO - Token Token-109 started task 'Monthly' at 2025-03-12 12:04:46.292355, scheduled to end at 2025-03-12 12:04:46.292355 (processing time: 0.00 min)
2025-03-11 12:55:24,190 - root - INFO - Processing end event: Token Token-109 at node Monthly (Unknown)
2025-03-11 12:55:24,190 - root - INFO - Token Token-109 completed task 'Monthly' at 2025-03-12 12:04:46.292355.
2025-03-11 12:55:24,190 - root - INFO - Next nodes for Monthly: ['Review AM using Asset Change Tracker (5.5.13.1)']
2025-03-11 12:55:24,191 - root - INFO - Scheduling direct next node Review AM using Asset Change Tracker (5.5.13.1)
2025-03-11 12:55:24,191 - root - INFO - Token Token-109 waiting for resource 'Tech' at 2025-03-12 12:04:46.292355
2025-03-11 12:55:24,191 - root - INFO - Token Token-110 started task 'Monthly' at 2025-03-12 12:10:05.551318, scheduled to end at 2025-03-12 12:10:05.551318 (processing time: 0.00 min)
2025-03-11 12:55:24,192 - root - INFO - Processing end event: Token Token-110 at node Monthly (Unknown)
2025-03-11 12:55:24,192 - root - INFO - Token Token-110 completed task 'Monthly' at 2025-03-12 12:10:05.551318.
2025-03-11 12:55:24,192 - root - INFO - Next nodes for Monthly: ['Review AM using Asset Change Tracker (5.5.13.1)']
2025-03-11 12:55:24,192 - root - INFO - Scheduling direct next node Review AM using Asset Change Tracker (5.5.13.1)
2025-03-11 12:55:24,192 - root - INFO - Token Token-110 waiting for resource 'Tech' at 2025-03-12 12:10:05.551318
2025-03-11 12:55:24,193 - root - INFO - Token Token-111 started task 'Monthly' at 2025-03-12 12:15:09.412405, scheduled to end at 2025-03-12 12:15:09.412405 (processing time: 0.00 min)
2025-03-11 12:55:24,193 - root - INFO - Processing end event: Token Token-111 at node Monthly (Unknown)
2025-03-11 12:55:24,193 - root - INFO - Token Token-111 completed task 'Monthly' at 2025-03-12 12:15:09.412405.
2025-03-11 12:55:24,193 - root - INFO - Next nodes for Monthly: ['Review AM using Asset Change Tracker (5.5.13.1)']
2025-03-11 12:55:24,193 - root - INFO - Scheduling direct next node Review AM using Asset Change Tracker (5.5.13.1)
2025-03-11 12:55:24,194 - root - INFO - Token Token-111 waiting for resource 'Tech' at 2025-03-12 12:15:09.412405
2025-03-11 12:55:24,194 - root - INFO - Token Token-112 started task 'Monthly' at 2025-03-12 12:20:43.609873, scheduled to end at 2025-03-12 12:20:43.609873 (processing time: 0.00 min)
2025-03-11 12:55:24,195 - root - INFO - Processing end event: Token Token-112 at node Monthly (Unknown)
2025-03-11 12:55:24,196 - root - INFO - Token Token-112 completed task 'Monthly' at 2025-03-12 12:20:43.609873.
2025-03-11 12:55:24,197 - root - INFO - Next nodes for Monthly: ['Review AM using Asset Change Tracker (5.5.13.1)']
2025-03-11 12:55:24,215 - root - INFO - Scheduling direct next node Review AM using Asset Change Tracker (5.5.13.1)
2025-03-11 12:55:24,215 - root - INFO - Token Token-112 waiting for resource 'Tech' at 2025-03-12 12:20:43.609873
2025-03-11 12:55:24,216 - root - INFO - Token Token-113 started task 'Monthly' at 2025-03-12 12:26:20.224379, scheduled to end at 2025-03-12 12:26:20.224379 (processing time: 0.00 min)
2025-03-11 12:55:24,216 - root - INFO - Processing end event: Token Token-113 at node Monthly (Unknown)
2025-03-11 12:55:24,217 - root - INFO - Token Token-113 completed task 'Monthly' at 2025-03-12 12:26:20.224379.
2025-03-11 12:55:24,217 - root - INFO - Next nodes for Monthly: ['Review AM using Asset Change Tracker (5.5.13.1)']
2025-03-11 12:55:24,217 - root - INFO - Scheduling direct next node Review AM using Asset Change Tracker (5.5.13.1)
2025-03-11 12:55:24,218 - root - INFO - Token Token-113 waiting for resource 'Tech' at 2025-03-12 12:26:20.224379
2025-03-11 12:55:24,218 - root - INFO - Token Token-114 started task 'Monthly' at 2025-03-12 12:31:21.116562, scheduled to end at 2025-03-12 12:31:21.116562 (processing time: 0.00 min)
2025-03-11 12:55:24,219 - root - INFO - Processing end event: Token Token-114 at node Monthly (Unknown)
2025-03-11 12:55:24,219 - root - INFO - Token Token-114 completed task 'Monthly' at 2025-03-12 12:31:21.116562.
2025-03-11 12:55:24,219 - root - INFO - Next nodes for Monthly: ['Review AM using Asset Change Tracker (5.5.13.1)']
2025-03-11 12:55:24,220 - root - INFO - Scheduling direct next node Review AM using Asset Change Tracker (5.5.13.1)
2025-03-11 12:55:24,222 - root - INFO - Token Token-114 waiting for resource 'Tech' at 2025-03-12 12:31:21.116562
2025-03-11 12:55:24,222 - root - INFO - Token Token-115 started task 'Monthly' at 2025-03-12 12:37:42.354946, scheduled to end at 2025-03-12 12:37:42.354946 (processing time: 0.00 min)
2025-03-11 12:55:24,223 - root - INFO - Processing end event: Token Token-115 at node Monthly (Unknown)
2025-03-11 12:55:24,223 - root - INFO - Token Token-115 completed task 'Monthly' at 2025-03-12 12:37:42.354946.
2025-03-11 12:55:24,224 - root - INFO - Next nodes for Monthly: ['Review AM using Asset Change Tracker (5.5.13.1)']
2025-03-11 12:55:24,224 - root - INFO - Scheduling direct next node Review AM using Asset Change Tracker (5.5.13.1)
2025-03-11 12:55:24,224 - root - INFO - Token Token-115 waiting for resource 'Tech' at 2025-03-12 12:37:42.354946
2025-03-11 12:55:24,225 - root - INFO - Token Token-116 started task 'Monthly' at 2025-03-12 12:42:58.046976, scheduled to end at 2025-03-12 12:42:58.046976 (processing time: 0.00 min)
2025-03-11 12:55:24,225 - root - INFO - Processing end event: Token Token-116 at node Monthly (Unknown)
2025-03-11 12:55:24,226 - root - INFO - Token Token-116 completed task 'Monthly' at 2025-03-12 12:42:58.046976.
2025-03-11 12:55:24,226 - root - INFO - Next nodes for Monthly: ['Review AM using Asset Change Tracker (5.5.13.1)']
2025-03-11 12:55:24,226 - root - INFO - Scheduling direct next node Review AM using Asset Change Tracker (5.5.13.1)
2025-03-11 12:55:24,227 - root - INFO - Token Token-116 waiting for resource 'Tech' at 2025-03-12 12:42:58.046976
2025-03-11 12:55:24,227 - root - INFO - Token Token-117 started task 'Monthly' at 2025-03-12 12:49:23.840384, scheduled to end at 2025-03-12 12:49:23.840384 (processing time: 0.00 min)
2025-03-11 12:55:24,228 - root - INFO - Processing end event: Token Token-117 at node Monthly (Unknown)
2025-03-11 12:55:24,228 - root - INFO - Token Token-117 completed task 'Monthly' at 2025-03-12 12:49:23.840384.
2025-03-11 12:55:24,228 - root - INFO - Next nodes for Monthly: ['Review AM using Asset Change Tracker (5.5.13.1)']
2025-03-11 12:55:24,229 - root - INFO - Scheduling direct next node Review AM using Asset Change Tracker (5.5.13.1)
2025-03-11 12:55:24,229 - root - INFO - Token Token-117 waiting for resource 'Tech' at 2025-03-12 12:49:23.840384
2025-03-11 12:55:24,229 - root - INFO - Token Token-118 started task 'Monthly' at 2025-03-12 12:55:26.801717, scheduled to end at 2025-03-12 12:55:26.801717 (processing time: 0.00 min)
2025-03-11 12:55:24,230 - root - INFO - Processing end event: Token Token-118 at node Monthly (Unknown)
2025-03-11 12:55:24,230 - root - INFO - Token Token-118 completed task 'Monthly' at 2025-03-12 12:55:26.801717.
2025-03-11 12:55:24,231 - root - INFO - Next nodes for Monthly: ['Review AM using Asset Change Tracker (5.5.13.1)']
2025-03-11 12:55:24,231 - root - INFO - Scheduling direct next node Review AM using Asset Change Tracker (5.5.13.1)
2025-03-11 12:55:24,231 - root - INFO - Token Token-118 waiting for resource 'Tech' at 2025-03-12 12:55:26.801717
2025-03-11 12:55:24,232 - root - INFO - Token Token-119 started task 'Monthly' at 2025-03-12 13:00:47.188779, scheduled to end at 2025-03-12 13:00:47.188779 (processing time: 0.00 min)
2025-03-11 12:55:24,233 - root - INFO - Processing end event: Token Token-119 at node Monthly (Unknown)
2025-03-11 12:55:24,233 - root - INFO - Token Token-119 completed task 'Monthly' at 2025-03-12 13:00:47.188779.
2025-03-11 12:55:24,233 - root - INFO - Next nodes for Monthly: ['Review AM using Asset Change Tracker (5.5.13.1)']
2025-03-11 12:55:24,234 - root - INFO - Scheduling direct next node Review AM using Asset Change Tracker (5.5.13.1)
2025-03-11 12:55:24,234 - root - INFO - Token Token-119 waiting for resource 'Tech' at 2025-03-12 13:00:47.188779
2025-03-11 12:55:24,234 - root - INFO - Token Token-120 started task 'Monthly' at 2025-03-12 13:07:10.109475, scheduled to end at 2025-03-12 13:07:10.109475 (processing time: 0.00 min)
2025-03-11 12:55:24,236 - root - INFO - Processing end event: Token Token-120 at node Monthly (Unknown)
2025-03-11 12:55:24,236 - root - INFO - Token Token-120 completed task 'Monthly' at 2025-03-12 13:07:10.109475.
2025-03-11 12:55:24,236 - root - INFO - Next nodes for Monthly: ['Review AM using Asset Change Tracker (5.5.13.1)']
2025-03-11 12:55:24,237 - root - INFO - Scheduling direct next node Review AM using Asset Change Tracker (5.5.13.1)
2025-03-11 12:55:24,237 - root - INFO - Token Token-120 waiting for resource 'Tech' at 2025-03-12 13:07:10.109475
2025-03-11 12:55:24,237 - root - INFO - Token Token-121 started task 'Monthly' at 2025-03-12 13:13:30.966387, scheduled to end at 2025-03-12 13:13:30.966387 (processing time: 0.00 min)
2025-03-11 12:55:24,237 - root - INFO - Processing end event: Token Token-121 at node Monthly (Unknown)
2025-03-11 12:55:24,238 - root - INFO - Token Token-121 completed task 'Monthly' at 2025-03-12 13:13:30.966387.
2025-03-11 12:55:24,238 - root - INFO - Next nodes for Monthly: ['Review AM using Asset Change Tracker (5.5.13.1)']
2025-03-11 12:55:24,238 - root - INFO - Scheduling direct next node Review AM using Asset Change Tracker (5.5.13.1)
2025-03-11 12:55:24,239 - root - INFO - Token Token-121 waiting for resource 'Tech' at 2025-03-12 13:13:30.966387
2025-03-11 12:55:24,239 - root - INFO - Token Token-122 started task 'Monthly' at 2025-03-12 13:18:39.732979, scheduled to end at 2025-03-12 13:18:39.732979 (processing time: 0.00 min)
2025-03-11 12:55:24,240 - root - INFO - Processing end event: Token Token-122 at node Monthly (Unknown)
2025-03-11 12:55:24,240 - root - INFO - Token Token-122 completed task 'Monthly' at 2025-03-12 13:18:39.732979.
2025-03-11 12:55:24,241 - root - INFO - Next nodes for Monthly: ['Review AM using Asset Change Tracker (5.5.13.1)']
2025-03-11 12:55:24,241 - root - INFO - Scheduling direct next node Review AM using Asset Change Tracker (5.5.13.1)
2025-03-11 12:55:24,242 - root - INFO - Token Token-122 waiting for resource 'Tech' at 2025-03-12 13:18:39.732979
2025-03-11 12:55:24,258 - root - INFO - Token Token-123 started task 'Monthly' at 2025-03-12 13:23:37.558753, scheduled to end at 2025-03-12 13:23:37.558753 (processing time: 0.00 min)
2025-03-11 12:55:24,259 - root - INFO - Processing end event: Token Token-123 at node Monthly (Unknown)
2025-03-11 12:55:24,259 - root - INFO - Token Token-123 completed task 'Monthly' at 2025-03-12 13:23:37.558753.
2025-03-11 12:55:24,259 - root - INFO - Next nodes for Monthly: ['Review AM using Asset Change Tracker (5.5.13.1)']
2025-03-11 12:55:24,260 - root - INFO - Scheduling direct next node Review AM using Asset Change Tracker (5.5.13.1)
2025-03-11 12:55:24,261 - root - INFO - Token Token-123 waiting for resource 'Tech' at 2025-03-12 13:23:37.558753
2025-03-11 12:55:24,261 - root - INFO - Token Token-124 started task 'Monthly' at 2025-03-12 13:29:58.238661, scheduled to end at 2025-03-12 13:29:58.238661 (processing time: 0.00 min)
2025-03-11 12:55:24,261 - root - INFO - Processing end event: Token Token-124 at node Monthly (Unknown)
2025-03-11 12:55:24,261 - root - INFO - Token Token-124 completed task 'Monthly' at 2025-03-12 13:29:58.238661.
2025-03-11 12:55:24,261 - root - INFO - Next nodes for Monthly: ['Review AM using Asset Change Tracker (5.5.13.1)']
2025-03-11 12:55:24,261 - root - INFO - Scheduling direct next node Review AM using Asset Change Tracker (5.5.13.1)
2025-03-11 12:55:24,261 - root - INFO - Token Token-124 waiting for resource 'Tech' at 2025-03-12 13:29:58.238661
2025-03-11 12:55:24,261 - root - INFO - Token Token-125 started task 'Monthly' at 2025-03-12 13:34:29.294490, scheduled to end at 2025-03-12 13:34:29.294490 (processing time: 0.00 min)
2025-03-11 12:55:24,261 - root - INFO - Processing end event: Token Token-125 at node Monthly (Unknown)
2025-03-11 12:55:24,261 - root - INFO - Token Token-125 completed task 'Monthly' at 2025-03-12 13:34:29.294490.
2025-03-11 12:55:24,261 - root - INFO - Next nodes for Monthly: ['Review AM using Asset Change Tracker (5.5.13.1)']
2025-03-11 12:55:24,261 - root - INFO - Scheduling direct next node Review AM using Asset Change Tracker (5.5.13.1)
2025-03-11 12:55:24,261 - root - INFO - Token Token-125 waiting for resource 'Tech' at 2025-03-12 13:34:29.294490
2025-03-11 12:55:24,261 - root - INFO - Token Token-126 started task 'Monthly' at 2025-03-12 13:40:40.010967, scheduled to end at 2025-03-12 13:40:40.010967 (processing time: 0.00 min)
2025-03-11 12:55:24,261 - root - INFO - Processing end event: Token Token-126 at node Monthly (Unknown)
2025-03-11 12:55:24,277 - root - INFO - Token Token-126 completed task 'Monthly' at 2025-03-12 13:40:40.010967.
2025-03-11 12:55:24,277 - root - INFO - Next nodes for Monthly: ['Review AM using Asset Change Tracker (5.5.13.1)']
2025-03-11 12:55:24,279 - root - INFO - Scheduling direct next node Review AM using Asset Change Tracker (5.5.13.1)
2025-03-11 12:55:24,280 - root - INFO - Token Token-126 waiting for resource 'Tech' at 2025-03-12 13:40:40.010967
2025-03-11 12:55:24,280 - root - INFO - Token Token-127 started task 'Monthly' at 2025-03-12 13:45:22.132920, scheduled to end at 2025-03-12 13:45:22.132920 (processing time: 0.00 min)
2025-03-11 12:55:24,280 - root - INFO - Processing end event: Token Token-127 at node Monthly (Unknown)
2025-03-11 12:55:24,281 - root - INFO - Token Token-127 completed task 'Monthly' at 2025-03-12 13:45:22.132920.
2025-03-11 12:55:24,281 - root - INFO - Next nodes for Monthly: ['Review AM using Asset Change Tracker (5.5.13.1)']
2025-03-11 12:55:24,282 - root - INFO - Scheduling direct next node Review AM using Asset Change Tracker (5.5.13.1)
2025-03-11 12:55:24,282 - root - INFO - Token Token-127 waiting for resource 'Tech' at 2025-03-12 13:45:22.132920
2025-03-11 12:55:24,283 - root - INFO - Token Token-128 started task 'Monthly' at 2025-03-12 13:51:13.466682, scheduled to end at 2025-03-12 13:51:13.466682 (processing time: 0.00 min)
2025-03-11 12:55:24,283 - root - INFO - Processing end event: Token Token-128 at node Monthly (Unknown)
2025-03-11 12:55:24,284 - root - INFO - Token Token-128 completed task 'Monthly' at 2025-03-12 13:51:13.466682.
2025-03-11 12:55:24,284 - root - INFO - Next nodes for Monthly: ['Review AM using Asset Change Tracker (5.5.13.1)']
2025-03-11 12:55:24,285 - root - INFO - Scheduling direct next node Review AM using Asset Change Tracker (5.5.13.1)
2025-03-11 12:55:24,286 - root - INFO - Token Token-128 waiting for resource 'Tech' at 2025-03-12 13:51:13.466682
2025-03-11 12:55:24,286 - root - INFO - Token Token-129 started task 'Monthly' at 2025-03-12 13:56:27.472841, scheduled to end at 2025-03-12 13:56:27.472841 (processing time: 0.00 min)
2025-03-11 12:55:24,287 - root - INFO - Processing end event: Token Token-129 at node Monthly (Unknown)
2025-03-11 12:55:24,287 - root - INFO - Token Token-129 completed task 'Monthly' at 2025-03-12 13:56:27.472841.
2025-03-11 12:55:24,287 - root - INFO - Next nodes for Monthly: ['Review AM using Asset Change Tracker (5.5.13.1)']
2025-03-11 12:55:24,288 - root - INFO - Scheduling direct next node Review AM using Asset Change Tracker (5.5.13.1)
2025-03-11 12:55:24,288 - root - INFO - Token Token-129 waiting for resource 'Tech' at 2025-03-12 13:56:27.472841
2025-03-11 12:55:24,289 - root - INFO - Token Token-130 started task 'Monthly' at 2025-03-13 08:00:00, scheduled to end at 2025-03-13 08:00:00 (processing time: 0.00 min)
2025-03-11 12:55:24,290 - root - INFO - Processing end event: Token Token-130 at node Monthly (Unknown)
2025-03-11 12:55:24,291 - root - INFO - Token Token-130 completed task 'Monthly' at 2025-03-13 08:00:00.
2025-03-11 12:55:24,291 - root - INFO - Next nodes for Monthly: ['Review AM using Asset Change Tracker (5.5.13.1)']
2025-03-11 12:55:24,292 - root - INFO - Scheduling direct next node Review AM using Asset Change Tracker (5.5.13.1)
2025-03-11 12:55:24,292 - root - INFO - Token Token-130 waiting for resource 'Tech' at 2025-03-13 08:00:00
2025-03-11 12:55:24,293 - root - INFO - Token Token-131 started task 'Monthly' at 2025-03-13 08:06:07.105094, scheduled to end at 2025-03-13 08:06:07.105094 (processing time: 0.00 min)
2025-03-11 12:55:24,301 - root - INFO - Processing end event: Token Token-131 at node Monthly (Unknown)
2025-03-11 12:55:24,305 - root - INFO - Token Token-131 completed task 'Monthly' at 2025-03-13 08:06:07.105094.
2025-03-11 12:55:24,309 - root - INFO - Next nodes for Monthly: ['Review AM using Asset Change Tracker (5.5.13.1)']
2025-03-11 12:55:24,309 - root - INFO - Scheduling direct next node Review AM using Asset Change Tracker (5.5.13.1)
2025-03-11 12:55:24,309 - root - INFO - Token Token-131 waiting for resource 'Tech' at 2025-03-13 08:06:07.105094
2025-03-11 12:55:24,309 - root - INFO - Token Token-132 started task 'Monthly' at 2025-03-13 08:10:24.769053, scheduled to end at 2025-03-13 08:10:24.769053 (processing time: 0.00 min)
2025-03-11 12:55:24,309 - root - INFO - Processing end event: Token Token-132 at node Monthly (Unknown)
2025-03-11 12:55:24,309 - root - INFO - Token Token-132 completed task 'Monthly' at 2025-03-13 08:10:24.769053.
2025-03-11 12:55:24,309 - root - INFO - Next nodes for Monthly: ['Review AM using Asset Change Tracker (5.5.13.1)']
2025-03-11 12:55:24,309 - root - INFO - Scheduling direct next node Review AM using Asset Change Tracker (5.5.13.1)
2025-03-11 12:55:24,309 - root - INFO - Token Token-132 waiting for resource 'Tech' at 2025-03-13 08:10:24.769053
2025-03-11 12:55:24,309 - root - INFO - Token Token-133 started task 'Monthly' at 2025-03-13 08:16:42.479390, scheduled to end at 2025-03-13 08:16:42.479390 (processing time: 0.00 min)
2025-03-11 12:55:24,309 - root - INFO - Processing end event: Token Token-133 at node Monthly (Unknown)
2025-03-11 12:55:24,319 - root - INFO - Token Token-133 completed task 'Monthly' at 2025-03-13 08:16:42.479390.
2025-03-11 12:55:24,321 - root - INFO - Next nodes for Monthly: ['Review AM using Asset Change Tracker (5.5.13.1)']
2025-03-11 12:55:24,321 - root - INFO - Scheduling direct next node Review AM using Asset Change Tracker (5.5.13.1)
2025-03-11 12:55:24,322 - root - INFO - Token Token-133 waiting for resource 'Tech' at 2025-03-13 08:16:42.479390
2025-03-11 12:55:24,322 - root - INFO - Token Token-134 started task 'Monthly' at 2025-03-13 08:21:36.799383, scheduled to end at 2025-03-13 08:21:36.799383 (processing time: 0.00 min)
2025-03-11 12:55:24,323 - root - INFO - Processing end event: Token Token-134 at node Monthly (Unknown)
2025-03-11 12:55:24,323 - root - INFO - Token Token-134 completed task 'Monthly' at 2025-03-13 08:21:36.799383.
2025-03-11 12:55:24,323 - root - INFO - Next nodes for Monthly: ['Review AM using Asset Change Tracker (5.5.13.1)']
2025-03-11 12:55:24,324 - root - INFO - Scheduling direct next node Review AM using Asset Change Tracker (5.5.13.1)
2025-03-11 12:55:24,324 - root - INFO - Token Token-134 waiting for resource 'Tech' at 2025-03-13 08:21:36.799383
2025-03-11 12:55:24,324 - root - INFO - Token Token-135 started task 'Monthly' at 2025-03-13 08:27:41.603401, scheduled to end at 2025-03-13 08:27:41.603401 (processing time: 0.00 min)
2025-03-11 12:55:24,325 - root - INFO - Processing end event: Token Token-135 at node Monthly (Unknown)
2025-03-11 12:55:24,325 - root - INFO - Token Token-135 completed task 'Monthly' at 2025-03-13 08:27:41.603401.
2025-03-11 12:55:24,326 - root - INFO - Next nodes for Monthly: ['Review AM using Asset Change Tracker (5.5.13.1)']
2025-03-11 12:55:24,326 - root - INFO - Scheduling direct next node Review AM using Asset Change Tracker (5.5.13.1)
2025-03-11 12:55:24,326 - root - INFO - Token Token-135 waiting for resource 'Tech' at 2025-03-13 08:27:41.603401
2025-03-11 12:55:24,327 - root - INFO - Token Token-136 started task 'Monthly' at 2025-03-13 08:33:47.209286, scheduled to end at 2025-03-13 08:33:47.209286 (processing time: 0.00 min)
2025-03-11 12:55:24,327 - root - INFO - Processing end event: Token Token-136 at node Monthly (Unknown)
2025-03-11 12:55:24,328 - root - INFO - Token Token-136 completed task 'Monthly' at 2025-03-13 08:33:47.209286.
2025-03-11 12:55:24,328 - root - INFO - Next nodes for Monthly: ['Review AM using Asset Change Tracker (5.5.13.1)']
2025-03-11 12:55:24,328 - root - INFO - Scheduling direct next node Review AM using Asset Change Tracker (5.5.13.1)
2025-03-11 12:55:24,329 - root - INFO - Token Token-136 waiting for resource 'Tech' at 2025-03-13 08:33:47.209286
2025-03-11 12:55:24,330 - root - INFO - Token Token-137 started task 'Monthly' at 2025-03-13 08:40:06.911673, scheduled to end at 2025-03-13 08:40:06.911673 (processing time: 0.00 min)
2025-03-11 12:55:24,330 - root - INFO - Processing end event: Token Token-137 at node Monthly (Unknown)
2025-03-11 12:55:24,331 - root - INFO - Token Token-137 completed task 'Monthly' at 2025-03-13 08:40:06.911673.
2025-03-11 12:55:24,331 - root - INFO - Next nodes for Monthly: ['Review AM using Asset Change Tracker (5.5.13.1)']
2025-03-11 12:55:24,332 - root - INFO - Scheduling direct next node Review AM using Asset Change Tracker (5.5.13.1)
2025-03-11 12:55:24,332 - root - INFO - Token Token-137 waiting for resource 'Tech' at 2025-03-13 08:40:06.911673
2025-03-11 12:55:24,333 - root - INFO - Token Token-138 started task 'Monthly' at 2025-03-13 08:45:45.832243, scheduled to end at 2025-03-13 08:45:45.832243 (processing time: 0.00 min)
2025-03-11 12:55:24,333 - root - INFO - Processing end event: Token Token-138 at node Monthly (Unknown)
2025-03-11 12:55:24,334 - root - INFO - Token Token-138 completed task 'Monthly' at 2025-03-13 08:45:45.832243.
2025-03-11 12:55:24,334 - root - INFO - Next nodes for Monthly: ['Review AM using Asset Change Tracker (5.5.13.1)']
2025-03-11 12:55:24,335 - root - INFO - Scheduling direct next node Review AM using Asset Change Tracker (5.5.13.1)
2025-03-11 12:55:24,335 - root - INFO - Token Token-138 waiting for resource 'Tech' at 2025-03-13 08:45:45.832243
2025-03-11 12:55:24,336 - root - INFO - Token Token-139 started task 'Monthly' at 2025-03-13 08:52:02.814256, scheduled to end at 2025-03-13 08:52:02.814256 (processing time: 0.00 min)
2025-03-11 12:55:24,337 - root - INFO - Processing end event: Token Token-139 at node Monthly (Unknown)
2025-03-11 12:55:24,337 - root - INFO - Token Token-139 completed task 'Monthly' at 2025-03-13 08:52:02.814256.
2025-03-11 12:55:24,354 - root - INFO - Next nodes for Monthly: ['Review AM using Asset Change Tracker (5.5.13.1)']
2025-03-11 12:55:24,355 - root - INFO - Scheduling direct next node Review AM using Asset Change Tracker (5.5.13.1)
2025-03-11 12:55:24,355 - root - INFO - Token Token-139 waiting for resource 'Tech' at 2025-03-13 08:52:02.814256
2025-03-11 12:55:24,356 - root - INFO - Token Token-140 started task 'Monthly' at 2025-03-13 08:58:15.069693, scheduled to end at 2025-03-13 08:58:15.069693 (processing time: 0.00 min)
2025-03-11 12:55:24,356 - root - INFO - Processing end event: Token Token-140 at node Monthly (Unknown)
2025-03-11 12:55:24,356 - root - INFO - Token Token-140 completed task 'Monthly' at 2025-03-13 08:58:15.069693.
2025-03-11 12:55:24,356 - root - INFO - Next nodes for Monthly: ['Review AM using Asset Change Tracker (5.5.13.1)']
2025-03-11 12:55:24,357 - root - INFO - Scheduling direct next node Review AM using Asset Change Tracker (5.5.13.1)
2025-03-11 12:55:24,357 - root - INFO - Token Token-140 waiting for resource 'Tech' at 2025-03-13 08:58:15.069693
2025-03-11 12:55:24,357 - root - INFO - Token Token-141 started task 'Monthly' at 2025-03-13 09:04:16.238817, scheduled to end at 2025-03-13 09:04:16.238817 (processing time: 0.00 min)
2025-03-11 12:55:24,358 - root - INFO - Processing end event: Token Token-141 at node Monthly (Unknown)
2025-03-11 12:55:24,358 - root - INFO - Token Token-141 completed task 'Monthly' at 2025-03-13 09:04:16.238817.
2025-03-11 12:55:24,358 - root - INFO - Next nodes for Monthly: ['Review AM using Asset Change Tracker (5.5.13.1)']
2025-03-11 12:55:24,358 - root - INFO - Scheduling direct next node Review AM using Asset Change Tracker (5.5.13.1)
2025-03-11 12:55:24,358 - root - INFO - Token Token-141 waiting for resource 'Tech' at 2025-03-13 09:04:16.238817
2025-03-11 12:55:24,358 - root - INFO - Token Token-142 started task 'Monthly' at 2025-03-13 09:08:49.069288, scheduled to end at 2025-03-13 09:08:49.069288 (processing time: 0.00 min)
2025-03-11 12:55:24,358 - root - INFO - Processing end event: Token Token-142 at node Monthly (Unknown)
2025-03-11 12:55:24,358 - root - INFO - Token Token-142 completed task 'Monthly' at 2025-03-13 09:08:49.069288.
2025-03-11 12:55:24,358 - root - INFO - Next nodes for Monthly: ['Review AM using Asset Change Tracker (5.5.13.1)']
2025-03-11 12:55:24,358 - root - INFO - Scheduling direct next node Review AM using Asset Change Tracker (5.5.13.1)
2025-03-11 12:55:24,358 - root - INFO - Token Token-142 waiting for resource 'Tech' at 2025-03-13 09:08:49.069288
2025-03-11 12:55:24,358 - root - INFO - Token Token-143 started task 'Monthly' at 2025-03-13 09:15:13.238413, scheduled to end at 2025-03-13 09:15:13.238413 (processing time: 0.00 min)
2025-03-11 12:55:24,358 - root - INFO - Processing end event: Token Token-143 at node Monthly (Unknown)
2025-03-11 12:55:24,358 - root - INFO - Token Token-143 completed task 'Monthly' at 2025-03-13 09:15:13.238413.
2025-03-11 12:55:24,358 - root - INFO - Next nodes for Monthly: ['Review AM using Asset Change Tracker (5.5.13.1)']
2025-03-11 12:55:24,358 - root - INFO - Scheduling direct next node Review AM using Asset Change Tracker (5.5.13.1)
2025-03-11 12:55:24,358 - root - INFO - Token Token-143 waiting for resource 'Tech' at 2025-03-13 09:15:13.238413
2025-03-11 12:55:24,358 - root - INFO - Token Token-144 started task 'Monthly' at 2025-03-13 09:20:14.051662, scheduled to end at 2025-03-13 09:20:14.051662 (processing time: 0.00 min)
2025-03-11 12:55:24,358 - root - INFO - Processing end event: Token Token-144 at node Monthly (Unknown)
2025-03-11 12:55:24,358 - root - INFO - Token Token-144 completed task 'Monthly' at 2025-03-13 09:20:14.051662.
2025-03-11 12:55:24,358 - root - INFO - Next nodes for Monthly: ['Review AM using Asset Change Tracker (5.5.13.1)']
2025-03-11 12:55:24,358 - root - INFO - Scheduling direct next node Review AM using Asset Change Tracker (5.5.13.1)
2025-03-11 12:55:24,358 - root - INFO - Token Token-144 waiting for resource 'Tech' at 2025-03-13 09:20:14.051662
2025-03-11 12:55:24,367 - root - INFO - Token Token-145 started task 'Monthly' at 2025-03-13 09:26:22.711365, scheduled to end at 2025-03-13 09:26:22.711365 (processing time: 0.00 min)
2025-03-11 12:55:24,368 - root - INFO - Processing end event: Token Token-145 at node Monthly (Unknown)
2025-03-11 12:55:24,368 - root - INFO - Token Token-145 completed task 'Monthly' at 2025-03-13 09:26:22.711365.
2025-03-11 12:55:24,369 - root - INFO - Next nodes for Monthly: ['Review AM using Asset Change Tracker (5.5.13.1)']
2025-03-11 12:55:24,369 - root - INFO - Scheduling direct next node Review AM using Asset Change Tracker (5.5.13.1)
2025-03-11 12:55:24,370 - root - INFO - Token Token-145 waiting for resource 'Tech' at 2025-03-13 09:26:22.711365
2025-03-11 12:55:24,370 - root - INFO - Token Token-146 started task 'Monthly' at 2025-03-13 09:31:27.509198, scheduled to end at 2025-03-13 09:31:27.509198 (processing time: 0.00 min)
2025-03-11 12:55:24,370 - root - INFO - Processing end event: Token Token-146 at node Monthly (Unknown)
2025-03-11 12:55:24,371 - root - INFO - Token Token-146 completed task 'Monthly' at 2025-03-13 09:31:27.509198.
2025-03-11 12:55:24,371 - root - INFO - Next nodes for Monthly: ['Review AM using Asset Change Tracker (5.5.13.1)']
2025-03-11 12:55:24,372 - root - INFO - Scheduling direct next node Review AM using Asset Change Tracker (5.5.13.1)
2025-03-11 12:55:24,372 - root - INFO - Token Token-146 waiting for resource 'Tech' at 2025-03-13 09:31:27.509198
2025-03-11 12:55:24,373 - root - INFO - Token Token-147 started task 'Monthly' at 2025-03-13 09:37:48.479725, scheduled to end at 2025-03-13 09:37:48.479725 (processing time: 0.00 min)
2025-03-11 12:55:24,373 - root - INFO - Processing end event: Token Token-147 at node Monthly (Unknown)
2025-03-11 12:55:24,374 - root - INFO - Token Token-147 completed task 'Monthly' at 2025-03-13 09:37:48.479725.
2025-03-11 12:55:24,374 - root - INFO - Next nodes for Monthly: ['Review AM using Asset Change Tracker (5.5.13.1)']
2025-03-11 12:55:24,374 - root - INFO - Scheduling direct next node Review AM using Asset Change Tracker (5.5.13.1)
2025-03-11 12:55:24,374 - root - INFO - Token Token-147 waiting for resource 'Tech' at 2025-03-13 09:37:48.479725
2025-03-11 12:55:24,375 - root - INFO - Token Token-148 started task 'Monthly' at 2025-03-13 09:43:26.194680, scheduled to end at 2025-03-13 09:43:26.194680 (processing time: 0.00 min)
2025-03-11 12:55:24,375 - root - INFO - Processing end event: Token Token-148 at node Monthly (Unknown)
2025-03-11 12:55:24,376 - root - INFO - Token Token-148 completed task 'Monthly' at 2025-03-13 09:43:26.194680.
2025-03-11 12:55:24,376 - root - INFO - Next nodes for Monthly: ['Review AM using Asset Change Tracker (5.5.13.1)']
2025-03-11 12:55:24,376 - root - INFO - Scheduling direct next node Review AM using Asset Change Tracker (5.5.13.1)
2025-03-11 12:55:24,377 - root - INFO - Token Token-148 waiting for resource 'Tech' at 2025-03-13 09:43:26.194680
2025-03-11 12:55:24,377 - root - INFO - Token Token-149 started task 'Monthly' at 2025-03-13 09:49:00.539857, scheduled to end at 2025-03-13 09:49:00.539857 (processing time: 0.00 min)
2025-03-11 12:55:24,378 - root - INFO - Processing end event: Token Token-149 at node Monthly (Unknown)
2025-03-11 12:55:24,378 - root - INFO - Token Token-149 completed task 'Monthly' at 2025-03-13 09:49:00.539857.
2025-03-11 12:55:24,378 - root - INFO - Next nodes for Monthly: ['Review AM using Asset Change Tracker (5.5.13.1)']
2025-03-11 12:55:24,379 - root - INFO - Scheduling direct next node Review AM using Asset Change Tracker (5.5.13.1)
2025-03-11 12:55:24,379 - root - INFO - Token Token-149 waiting for resource 'Tech' at 2025-03-13 09:49:00.539857
2025-03-11 12:55:24,380 - root - INFO - Token Token-150 started task 'Monthly' at 2025-03-13 09:54:34.298585, scheduled to end at 2025-03-13 09:54:34.298585 (processing time: 0.00 min)
2025-03-11 12:55:24,382 - root - INFO - Processing end event: Token Token-150 at node Monthly (Unknown)
2025-03-11 12:55:24,382 - root - INFO - Token Token-150 completed task 'Monthly' at 2025-03-13 09:54:34.298585.
2025-03-11 12:55:24,382 - root - INFO - Next nodes for Monthly: ['Review AM using Asset Change Tracker (5.5.13.1)']
2025-03-11 12:55:24,384 - root - INFO - Scheduling direct next node Review AM using Asset Change Tracker (5.5.13.1)
2025-03-11 12:55:24,385 - root - INFO - Token Token-150 waiting for resource 'Tech' at 2025-03-13 09:54:34.298585
2025-03-11 12:55:24,402 - root - INFO - Token Token-151 started task 'Monthly' at 2025-03-13 10:00:07.904969, scheduled to end at 2025-03-13 10:00:07.904969 (processing time: 0.00 min)
2025-03-11 12:55:24,403 - root - INFO - Processing end event: Token Token-151 at node Monthly (Unknown)
2025-03-11 12:55:24,403 - root - INFO - Token Token-151 completed task 'Monthly' at 2025-03-13 10:00:07.904969.
2025-03-11 12:55:24,403 - root - INFO - Next nodes for Monthly: ['Review AM using Asset Change Tracker (5.5.13.1)']
2025-03-11 12:55:24,403 - root - INFO - Scheduling direct next node Review AM using Asset Change Tracker (5.5.13.1)
2025-03-11 12:55:24,404 - root - INFO - Token Token-151 waiting for resource 'Tech' at 2025-03-13 10:00:07.904969
2025-03-11 12:55:24,404 - root - INFO - Token Token-152 started task 'Monthly' at 2025-03-13 10:04:53.573891, scheduled to end at 2025-03-13 10:04:53.573891 (processing time: 0.00 min)
2025-03-11 12:55:24,404 - root - INFO - Processing end event: Token Token-152 at node Monthly (Unknown)
2025-03-11 12:55:24,404 - root - INFO - Token Token-152 completed task 'Monthly' at 2025-03-13 10:04:53.573891.
2025-03-11 12:55:24,405 - root - INFO - Next nodes for Monthly: ['Review AM using Asset Change Tracker (5.5.13.1)']
2025-03-11 12:55:24,405 - root - INFO - Scheduling direct next node Review AM using Asset Change Tracker (5.5.13.1)
2025-03-11 12:55:24,405 - root - INFO - Token Token-152 waiting for resource 'Tech' at 2025-03-13 10:04:53.573891
2025-03-11 12:55:24,405 - root - INFO - Token Token-153 started task 'Monthly' at 2025-03-13 10:11:00.218915, scheduled to end at 2025-03-13 10:11:00.218915 (processing time: 0.00 min)
2025-03-11 12:55:24,407 - root - INFO - Processing end event: Token Token-153 at node Monthly (Unknown)
2025-03-11 12:55:24,407 - root - INFO - Token Token-153 completed task 'Monthly' at 2025-03-13 10:11:00.218915.
2025-03-11 12:55:24,407 - root - INFO - Next nodes for Monthly: ['Review AM using Asset Change Tracker (5.5.13.1)']
2025-03-11 12:55:24,407 - root - INFO - Scheduling direct next node Review AM using Asset Change Tracker (5.5.13.1)
2025-03-11 12:55:24,408 - root - INFO - Token Token-153 waiting for resource 'Tech' at 2025-03-13 10:11:00.218915
2025-03-11 12:55:24,409 - root - INFO - Token Token-154 started task 'Monthly' at 2025-03-13 10:16:59.027202, scheduled to end at 2025-03-13 10:16:59.027202 (processing time: 0.00 min)
2025-03-11 12:55:24,410 - root - INFO - Processing end event: Token Token-154 at node Monthly (Unknown)
2025-03-11 12:55:24,412 - root - INFO - Token Token-154 completed task 'Monthly' at 2025-03-13 10:16:59.027202.
2025-03-11 12:55:24,413 - root - INFO - Next nodes for Monthly: ['Review AM using Asset Change Tracker (5.5.13.1)']
2025-03-11 12:55:24,414 - root - INFO - Scheduling direct next node Review AM using Asset Change Tracker (5.5.13.1)
2025-03-11 12:55:24,414 - root - INFO - Token Token-154 waiting for resource 'Tech' at 2025-03-13 10:16:59.027202
2025-03-11 12:55:24,415 - root - INFO - Token Token-155 started task 'Monthly' at 2025-03-13 10:23:15.447324, scheduled to end at 2025-03-13 10:23:15.447324 (processing time: 0.00 min)
2025-03-11 12:55:24,415 - root - INFO - Processing end event: Token Token-155 at node Monthly (Unknown)
2025-03-11 12:55:24,416 - root - INFO - Token Token-155 completed task 'Monthly' at 2025-03-13 10:23:15.447324.
2025-03-11 12:55:24,416 - root - INFO - Next nodes for Monthly: ['Review AM using Asset Change Tracker (5.5.13.1)']
2025-03-11 12:55:24,417 - root - INFO - Scheduling direct next node Review AM using Asset Change Tracker (5.5.13.1)
2025-03-11 12:55:24,417 - root - INFO - Token Token-155 waiting for resource 'Tech' at 2025-03-13 10:23:15.447324
2025-03-11 12:55:24,418 - root - INFO - Token Token-156 started task 'Monthly' at 2025-03-13 10:28:41.471726, scheduled to end at 2025-03-13 10:28:41.471726 (processing time: 0.00 min)
2025-03-11 12:55:24,418 - root - INFO - Processing end event: Token Token-156 at node Monthly (Unknown)
2025-03-11 12:55:24,418 - root - INFO - Token Token-156 completed task 'Monthly' at 2025-03-13 10:28:41.471726.
2025-03-11 12:55:24,419 - root - INFO - Next nodes for Monthly: ['Review AM using Asset Change Tracker (5.5.13.1)']
2025-03-11 12:55:24,419 - root - INFO - Scheduling direct next node Review AM using Asset Change Tracker (5.5.13.1)
2025-03-11 12:55:24,420 - root - INFO - Token Token-156 waiting for resource 'Tech' at 2025-03-13 10:28:41.471726
2025-03-11 12:55:24,420 - root - INFO - Token Token-157 started task 'Monthly' at 2025-03-13 10:34:52.708322, scheduled to end at 2025-03-13 10:34:52.708322 (processing time: 0.00 min)
2025-03-11 12:55:24,420 - root - INFO - Processing end event: Token Token-157 at node Monthly (Unknown)
2025-03-11 12:55:24,421 - root - INFO - Token Token-157 completed task 'Monthly' at 2025-03-13 10:34:52.708322.
2025-03-11 12:55:24,421 - root - INFO - Next nodes for Monthly: ['Review AM using Asset Change Tracker (5.5.13.1)']
2025-03-11 12:55:24,422 - root - INFO - Scheduling direct next node Review AM using Asset Change Tracker (5.5.13.1)
2025-03-11 12:55:24,422 - root - INFO - Token Token-157 waiting for resource 'Tech' at 2025-03-13 10:34:52.708322
2025-03-11 12:55:24,423 - root - INFO - Token Token-158 started task 'Monthly' at 2025-03-13 10:41:14.371314, scheduled to end at 2025-03-13 10:41:14.371314 (processing time: 0.00 min)
2025-03-11 12:55:24,423 - root - INFO - Processing end event: Token Token-158 at node Monthly (Unknown)
2025-03-11 12:55:24,424 - root - INFO - Token Token-158 completed task 'Monthly' at 2025-03-13 10:41:14.371314.
2025-03-11 12:55:24,424 - root - INFO - Next nodes for Monthly: ['Review AM using Asset Change Tracker (5.5.13.1)']
2025-03-11 12:55:24,424 - root - INFO - Scheduling direct next node Review AM using Asset Change Tracker (5.5.13.1)
2025-03-11 12:55:24,425 - root - INFO - Token Token-158 waiting for resource 'Tech' at 2025-03-13 10:41:14.371314
2025-03-11 12:55:24,425 - root - INFO - Token Token-159 started task 'Monthly' at 2025-03-13 10:46:31.891984, scheduled to end at 2025-03-13 10:46:31.891984 (processing time: 0.00 min)
2025-03-11 12:55:24,426 - root - INFO - Processing end event: Token Token-159 at node Monthly (Unknown)
2025-03-11 12:55:24,426 - root - INFO - Token Token-159 completed task 'Monthly' at 2025-03-13 10:46:31.891984.
2025-03-11 12:55:24,426 - root - INFO - Next nodes for Monthly: ['Review AM using Asset Change Tracker (5.5.13.1)']
2025-03-11 12:55:24,427 - root - INFO - Scheduling direct next node Review AM using Asset Change Tracker (5.5.13.1)
2025-03-11 12:55:24,427 - root - INFO - Token Token-159 waiting for resource 'Tech' at 2025-03-13 10:46:31.891984
2025-03-11 12:55:24,428 - root - INFO - Token Token-160 started task 'Monthly' at 2025-03-13 10:52:41.066218, scheduled to end at 2025-03-13 10:52:41.066218 (processing time: 0.00 min)
2025-03-11 12:55:24,428 - root - INFO - Processing end event: Token Token-160 at node Monthly (Unknown)
2025-03-11 12:55:24,428 - root - INFO - Token Token-160 completed task 'Monthly' at 2025-03-13 10:52:41.066218.
2025-03-11 12:55:24,429 - root - INFO - Next nodes for Monthly: ['Review AM using Asset Change Tracker (5.5.13.1)']
2025-03-11 12:55:24,447 - root - INFO - Scheduling direct next node Review AM using Asset Change Tracker (5.5.13.1)
2025-03-11 12:55:24,447 - root - INFO - Token Token-160 waiting for resource 'Tech' at 2025-03-13 10:52:41.066218
2025-03-11 12:55:24,447 - root - INFO - Token Token-161 started task 'Monthly' at 2025-03-13 10:58:45.572309, scheduled to end at 2025-03-13 10:58:45.572309 (processing time: 0.00 min)
2025-03-11 12:55:24,447 - root - INFO - Processing end event: Token Token-161 at node Monthly (Unknown)
2025-03-11 12:55:24,447 - root - INFO - Token Token-161 completed task 'Monthly' at 2025-03-13 10:58:45.572309.
2025-03-11 12:55:24,447 - root - INFO - Next nodes for Monthly: ['Review AM using Asset Change Tracker (5.5.13.1)']
2025-03-11 12:55:24,450 - root - INFO - Scheduling direct next node Review AM using Asset Change Tracker (5.5.13.1)
2025-03-11 12:55:24,451 - root - INFO - Token Token-161 waiting for resource 'Tech' at 2025-03-13 10:58:45.572309
2025-03-11 12:55:24,451 - root - INFO - Token Token-162 started task 'Monthly' at 2025-03-13 11:05:10.102895, scheduled to end at 2025-03-13 11:05:10.102895 (processing time: 0.00 min)
2025-03-11 12:55:24,452 - root - INFO - Processing end event: Token Token-162 at node Monthly (Unknown)
2025-03-11 12:55:24,452 - root - INFO - Token Token-162 completed task 'Monthly' at 2025-03-13 11:05:10.102895.
2025-03-11 12:55:24,453 - root - INFO - Next nodes for Monthly: ['Review AM using Asset Change Tracker (5.5.13.1)']
2025-03-11 12:55:24,453 - root - INFO - Scheduling direct next node Review AM using Asset Change Tracker (5.5.13.1)
2025-03-11 12:55:24,453 - root - INFO - Token Token-162 waiting for resource 'Tech' at 2025-03-13 11:05:10.102895
2025-03-11 12:55:24,453 - root - INFO - Token Token-163 started task 'Monthly' at 2025-03-13 11:10:55.096560, scheduled to end at 2025-03-13 11:10:55.096560 (processing time: 0.00 min)
2025-03-11 12:55:24,453 - root - INFO - Processing end event: Token Token-163 at node Monthly (Unknown)
2025-03-11 12:55:24,455 - root - INFO - Token Token-163 completed task 'Monthly' at 2025-03-13 11:10:55.096560.
2025-03-11 12:55:24,455 - root - INFO - Next nodes for Monthly: ['Review AM using Asset Change Tracker (5.5.13.1)']
2025-03-11 12:55:24,455 - root - INFO - Scheduling direct next node Review AM using Asset Change Tracker (5.5.13.1)
2025-03-11 12:55:24,456 - root - INFO - Token Token-163 waiting for resource 'Tech' at 2025-03-13 11:10:55.096560
2025-03-11 12:55:24,456 - root - INFO - Token Token-164 started task 'Monthly' at 2025-03-13 11:16:55.156680, scheduled to end at 2025-03-13 11:16:55.156680 (processing time: 0.00 min)
2025-03-11 12:55:24,456 - root - INFO - Processing end event: Token Token-164 at node Monthly (Unknown)
2025-03-11 12:55:24,457 - root - INFO - Token Token-164 completed task 'Monthly' at 2025-03-13 11:16:55.156680.
2025-03-11 12:55:24,457 - root - INFO - Next nodes for Monthly: ['Review AM using Asset Change Tracker (5.5.13.1)']
2025-03-11 12:55:24,457 - root - INFO - Scheduling direct next node Review AM using Asset Change Tracker (5.5.13.1)
2025-03-11 12:55:24,457 - root - INFO - Token Token-164 waiting for resource 'Tech' at 2025-03-13 11:16:55.156680
2025-03-11 12:55:24,458 - root - INFO - Token Token-165 started task 'Monthly' at 2025-03-13 11:22:07.417366, scheduled to end at 2025-03-13 11:22:07.417366 (processing time: 0.00 min)
2025-03-11 12:55:24,458 - root - INFO - Processing end event: Token Token-165 at node Monthly (Unknown)
2025-03-11 12:55:24,458 - root - INFO - Token Token-165 completed task 'Monthly' at 2025-03-13 11:22:07.417366.
2025-03-11 12:55:24,458 - root - INFO - Next nodes for Monthly: ['Review AM using Asset Change Tracker (5.5.13.1)']
2025-03-11 12:55:24,458 - root - INFO - Scheduling direct next node Review AM using Asset Change Tracker (5.5.13.1)
2025-03-11 12:55:24,459 - root - INFO - Token Token-165 waiting for resource 'Tech' at 2025-03-13 11:22:07.417366
2025-03-11 12:55:24,460 - root - INFO - Token Token-166 started task 'Monthly' at 2025-03-13 11:27:25.780910, scheduled to end at 2025-03-13 11:27:25.780910 (processing time: 0.00 min)
2025-03-11 12:55:24,461 - root - INFO - Processing end event: Token Token-166 at node Monthly (Unknown)
2025-03-11 12:55:24,461 - root - INFO - Token Token-166 completed task 'Monthly' at 2025-03-13 11:27:25.780910.
2025-03-11 12:55:24,461 - root - INFO - Next nodes for Monthly: ['Review AM using Asset Change Tracker (5.5.13.1)']
2025-03-11 12:55:24,462 - root - INFO - Scheduling direct next node Review AM using Asset Change Tracker (5.5.13.1)
2025-03-11 12:55:24,462 - root - INFO - Token Token-166 waiting for resource 'Tech' at 2025-03-13 11:27:25.780910
2025-03-11 12:55:24,462 - root - INFO - Token Token-167 started task 'Monthly' at 2025-03-13 11:32:12.559836, scheduled to end at 2025-03-13 11:32:12.559836 (processing time: 0.00 min)
2025-03-11 12:55:24,463 - root - INFO - Processing end event: Token Token-167 at node Monthly (Unknown)
2025-03-11 12:55:24,463 - root - INFO - Token Token-167 completed task 'Monthly' at 2025-03-13 11:32:12.559836.
2025-03-11 12:55:24,464 - root - INFO - Next nodes for Monthly: ['Review AM using Asset Change Tracker (5.5.13.1)']
2025-03-11 12:55:24,464 - root - INFO - Scheduling direct next node Review AM using Asset Change Tracker (5.5.13.1)
2025-03-11 12:55:24,464 - root - INFO - Token Token-167 waiting for resource 'Tech' at 2025-03-13 11:32:12.559836
2025-03-11 12:55:24,465 - root - INFO - Token Token-168 started task 'Monthly' at 2025-03-13 11:37:39.487259, scheduled to end at 2025-03-13 11:37:39.487259 (processing time: 0.00 min)
2025-03-11 12:55:24,465 - root - INFO - Processing end event: Token Token-168 at node Monthly (Unknown)
2025-03-11 12:55:24,466 - root - INFO - Token Token-168 completed task 'Monthly' at 2025-03-13 11:37:39.487259.
2025-03-11 12:55:24,466 - root - INFO - Next nodes for Monthly: ['Review AM using Asset Change Tracker (5.5.13.1)']
2025-03-11 12:55:24,466 - root - INFO - Scheduling direct next node Review AM using Asset Change Tracker (5.5.13.1)
2025-03-11 12:55:24,467 - root - INFO - Token Token-168 waiting for resource 'Tech' at 2025-03-13 11:37:39.487259
2025-03-11 12:55:24,467 - root - INFO - Token Token-169 started task 'Monthly' at 2025-03-13 11:43:43.378712, scheduled to end at 2025-03-13 11:43:43.378712 (processing time: 0.00 min)
2025-03-11 12:55:24,468 - root - INFO - Processing end event: Token Token-169 at node Monthly (Unknown)
2025-03-11 12:55:24,468 - root - INFO - Token Token-169 completed task 'Monthly' at 2025-03-13 11:43:43.378712.
2025-03-11 12:55:24,468 - root - INFO - Next nodes for Monthly: ['Review AM using Asset Change Tracker (5.5.13.1)']
2025-03-11 12:55:24,469 - root - INFO - Scheduling direct next node Review AM using Asset Change Tracker (5.5.13.1)
2025-03-11 12:55:24,469 - root - INFO - Token Token-169 waiting for resource 'Tech' at 2025-03-13 11:43:43.378712
2025-03-11 12:55:24,469 - root - INFO - Token Token-170 started task 'Monthly' at 2025-03-13 11:49:49.979239, scheduled to end at 2025-03-13 11:49:49.979239 (processing time: 0.00 min)
2025-03-11 12:55:24,470 - root - INFO - Processing end event: Token Token-170 at node Monthly (Unknown)
2025-03-11 12:55:24,470 - root - INFO - Token Token-170 completed task 'Monthly' at 2025-03-13 11:49:49.979239.
2025-03-11 12:55:24,470 - root - INFO - Next nodes for Monthly: ['Review AM using Asset Change Tracker (5.5.13.1)']
2025-03-11 12:55:24,471 - root - INFO - Scheduling direct next node Review AM using Asset Change Tracker (5.5.13.1)
2025-03-11 12:55:24,471 - root - INFO - Token Token-170 waiting for resource 'Tech' at 2025-03-13 11:49:49.979239
2025-03-11 12:55:24,472 - root - INFO - Token Token-171 started task 'Monthly' at 2025-03-13 11:55:45.310454, scheduled to end at 2025-03-13 11:55:45.310454 (processing time: 0.00 min)
2025-03-11 12:55:24,472 - root - INFO - Processing end event: Token Token-171 at node Monthly (Unknown)
2025-03-11 12:55:24,474 - root - INFO - Token Token-171 completed task 'Monthly' at 2025-03-13 11:55:45.310454.
2025-03-11 12:55:24,474 - root - INFO - Next nodes for Monthly: ['Review AM using Asset Change Tracker (5.5.13.1)']
2025-03-11 12:55:24,474 - root - INFO - Scheduling direct next node Review AM using Asset Change Tracker (5.5.13.1)
2025-03-11 12:55:24,475 - root - INFO - Token Token-171 waiting for resource 'Tech' at 2025-03-13 11:55:45.310454
2025-03-11 12:55:24,496 - root - INFO - Token Token-172 started task 'Monthly' at 2025-03-13 12:00:32.205321, scheduled to end at 2025-03-13 12:00:32.205321 (processing time: 0.00 min)
2025-03-11 12:55:24,496 - root - INFO - Processing end event: Token Token-172 at node Monthly (Unknown)
2025-03-11 12:55:24,497 - root - INFO - Token Token-172 completed task 'Monthly' at 2025-03-13 12:00:32.205321.
2025-03-11 12:55:24,497 - root - INFO - Next nodes for Monthly: ['Review AM using Asset Change Tracker (5.5.13.1)']
2025-03-11 12:55:24,497 - root - INFO - Scheduling direct next node Review AM using Asset Change Tracker (5.5.13.1)
2025-03-11 12:55:24,497 - root - INFO - Token Token-172 waiting for resource 'Tech' at 2025-03-13 12:00:32.205321
2025-03-11 12:55:24,497 - root - INFO - Token Token-173 started task 'Monthly' at 2025-03-13 12:05:22.010965, scheduled to end at 2025-03-13 12:05:22.010965 (processing time: 0.00 min)
2025-03-11 12:55:24,497 - root - INFO - Processing end event: Token Token-173 at node Monthly (Unknown)
2025-03-11 12:55:24,497 - root - INFO - Token Token-173 completed task 'Monthly' at 2025-03-13 12:05:22.010965.
2025-03-11 12:55:24,497 - root - INFO - Next nodes for Monthly: ['Review AM using Asset Change Tracker (5.5.13.1)']
2025-03-11 12:55:24,497 - root - INFO - Scheduling direct next node Review AM using Asset Change Tracker (5.5.13.1)
2025-03-11 12:55:24,499 - root - INFO - Token Token-173 waiting for resource 'Tech' at 2025-03-13 12:05:22.010965
2025-03-11 12:55:24,500 - root - INFO - Token Token-174 started task 'Monthly' at 2025-03-13 12:11:30.004900, scheduled to end at 2025-03-13 12:11:30.004900 (processing time: 0.00 min)
2025-03-11 12:55:24,500 - root - INFO - Processing end event: Token Token-174 at node Monthly (Unknown)
2025-03-11 12:55:24,500 - root - INFO - Token Token-174 completed task 'Monthly' at 2025-03-13 12:11:30.004900.
2025-03-11 12:55:24,500 - root - INFO - Next nodes for Monthly: ['Review AM using Asset Change Tracker (5.5.13.1)']
2025-03-11 12:55:24,501 - root - INFO - Scheduling direct next node Review AM using Asset Change Tracker (5.5.13.1)
2025-03-11 12:55:24,501 - root - INFO - Token Token-174 waiting for resource 'Tech' at 2025-03-13 12:11:30.004900
2025-03-11 12:55:24,501 - root - INFO - Token Token-175 started task 'Monthly' at 2025-03-13 12:16:41.447780, scheduled to end at 2025-03-13 12:16:41.447780 (processing time: 0.00 min)
2025-03-11 12:55:24,501 - root - INFO - Processing end event: Token Token-175 at node Monthly (Unknown)
2025-03-11 12:55:24,502 - root - INFO - Token Token-175 completed task 'Monthly' at 2025-03-13 12:16:41.447780.
2025-03-11 12:55:24,502 - root - INFO - Next nodes for Monthly: ['Review AM using Asset Change Tracker (5.5.13.1)']
2025-03-11 12:55:24,502 - root - INFO - Scheduling direct next node Review AM using Asset Change Tracker (5.5.13.1)
2025-03-11 12:55:24,502 - root - INFO - Token Token-175 waiting for resource 'Tech' at 2025-03-13 12:16:41.447780
2025-03-11 12:55:24,502 - root - INFO - Token Token-176 started task 'Monthly' at 2025-03-13 12:23:08.412826, scheduled to end at 2025-03-13 12:23:08.412826 (processing time: 0.00 min)
2025-03-11 12:55:24,503 - root - INFO - Processing end event: Token Token-176 at node Monthly (Unknown)
2025-03-11 12:55:24,503 - root - INFO - Token Token-176 completed task 'Monthly' at 2025-03-13 12:23:08.412826.
2025-03-11 12:55:24,503 - root - INFO - Next nodes for Monthly: ['Review AM using Asset Change Tracker (5.5.13.1)']
2025-03-11 12:55:24,503 - root - INFO - Scheduling direct next node Review AM using Asset Change Tracker (5.5.13.1)
2025-03-11 12:55:24,503 - root - INFO - Token Token-176 waiting for resource 'Tech' at 2025-03-13 12:23:08.412826
2025-03-11 12:55:24,503 - root - INFO - Token Token-177 started task 'Monthly' at 2025-03-13 12:29:14.033340, scheduled to end at 2025-03-13 12:29:14.033340 (processing time: 0.00 min)
2025-03-11 12:55:24,584 - root - INFO - Processing end event: Token Token-177 at node Monthly (Unknown)
2025-03-11 12:55:24,585 - root - INFO - Token Token-177 completed task 'Monthly' at 2025-03-13 12:29:14.033340.
2025-03-11 12:55:24,586 - root - INFO - Next nodes for Monthly: ['Review AM using Asset Change Tracker (5.5.13.1)']
2025-03-11 12:55:24,587 - root - INFO - Scheduling direct next node Review AM using Asset Change Tracker (5.5.13.1)
2025-03-11 12:55:24,588 - root - INFO - Token Token-177 waiting for resource 'Tech' at 2025-03-13 12:29:14.033340
2025-03-11 12:55:24,605 - root - INFO - Token Token-178 started task 'Monthly' at 2025-03-13 12:34:52.811685, scheduled to end at 2025-03-13 12:34:52.811685 (processing time: 0.00 min)
2025-03-11 12:55:24,605 - root - INFO - Processing end event: Token Token-178 at node Monthly (Unknown)
2025-03-11 12:55:24,605 - root - INFO - Token Token-178 completed task 'Monthly' at 2025-03-13 12:34:52.811685.
2025-03-11 12:55:24,605 - root - INFO - Next nodes for Monthly: ['Review AM using Asset Change Tracker (5.5.13.1)']
2025-03-11 12:55:24,606 - root - INFO - Scheduling direct next node Review AM using Asset Change Tracker (5.5.13.1)
2025-03-11 12:55:24,606 - root - INFO - Token Token-178 waiting for resource 'Tech' at 2025-03-13 12:34:52.811685
2025-03-11 12:55:24,606 - root - INFO - Token Token-179 started task 'Monthly' at 2025-03-13 12:40:46.873575, scheduled to end at 2025-03-13 12:40:46.873575 (processing time: 0.00 min)
2025-03-11 12:55:24,607 - root - INFO - Processing end event: Token Token-179 at node Monthly (Unknown)
2025-03-11 12:55:24,607 - root - INFO - Token Token-179 completed task 'Monthly' at 2025-03-13 12:40:46.873575.
2025-03-11 12:55:24,607 - root - INFO - Next nodes for Monthly: ['Review AM using Asset Change Tracker (5.5.13.1)']
2025-03-11 12:55:24,607 - root - INFO - Scheduling direct next node Review AM using Asset Change Tracker (5.5.13.1)
2025-03-11 12:55:24,607 - root - INFO - Token Token-179 waiting for resource 'Tech' at 2025-03-13 12:40:46.873575
2025-03-11 12:55:24,608 - root - INFO - Token Token-180 started task 'Monthly' at 2025-03-13 12:47:01.090995, scheduled to end at 2025-03-13 12:47:01.090995 (processing time: 0.00 min)
2025-03-11 12:55:24,608 - root - INFO - Processing end event: Token Token-180 at node Monthly (Unknown)
2025-03-11 12:55:24,608 - root - INFO - Token Token-180 completed task 'Monthly' at 2025-03-13 12:47:01.090995.
2025-03-11 12:55:24,608 - root - INFO - Next nodes for Monthly: ['Review AM using Asset Change Tracker (5.5.13.1)']
2025-03-11 12:55:24,608 - root - INFO - Scheduling direct next node Review AM using Asset Change Tracker (5.5.13.1)
2025-03-11 12:55:24,609 - root - INFO - Token Token-180 waiting for resource 'Tech' at 2025-03-13 12:47:01.090995
2025-03-11 12:55:24,609 - root - INFO - Token Token-181 started task 'Monthly' at 2025-03-13 12:52:27.984247, scheduled to end at 2025-03-13 12:52:27.984247 (processing time: 0.00 min)
2025-03-11 12:55:24,609 - root - INFO - Processing end event: Token Token-181 at node Monthly (Unknown)
2025-03-11 12:55:24,609 - root - INFO - Token Token-181 completed task 'Monthly' at 2025-03-13 12:52:27.984247.
2025-03-11 12:55:24,609 - root - INFO - Next nodes for Monthly: ['Review AM using Asset Change Tracker (5.5.13.1)']
2025-03-11 12:55:24,610 - root - INFO - Scheduling direct next node Review AM using Asset Change Tracker (5.5.13.1)
2025-03-11 12:55:24,610 - root - INFO - Token Token-181 waiting for resource 'Tech' at 2025-03-13 12:52:27.984247
2025-03-11 12:55:24,610 - root - INFO - Token Token-182 started task 'Monthly' at 2025-03-13 12:58:52.510593, scheduled to end at 2025-03-13 12:58:52.510593 (processing time: 0.00 min)
2025-03-11 12:55:24,610 - root - INFO - Processing end event: Token Token-182 at node Monthly (Unknown)
2025-03-11 12:55:24,612 - root - INFO - Token Token-182 completed task 'Monthly' at 2025-03-13 12:58:52.510593.
2025-03-11 12:55:24,612 - root - INFO - Next nodes for Monthly: ['Review AM using Asset Change Tracker (5.5.13.1)']
2025-03-11 12:55:24,612 - root - INFO - Scheduling direct next node Review AM using Asset Change Tracker (5.5.13.1)
2025-03-11 12:55:24,613 - root - INFO - Token Token-182 waiting for resource 'Tech' at 2025-03-13 12:58:52.510593
2025-03-11 12:55:24,613 - root - INFO - Token Token-183 started task 'Monthly' at 2025-03-13 13:03:44.161785, scheduled to end at 2025-03-13 13:03:44.161785 (processing time: 0.00 min)
2025-03-11 12:55:24,614 - root - INFO - Processing end event: Token Token-183 at node Monthly (Unknown)
2025-03-11 12:55:24,614 - root - INFO - Token Token-183 completed task 'Monthly' at 2025-03-13 13:03:44.161785.
2025-03-11 12:55:24,614 - root - INFO - Next nodes for Monthly: ['Review AM using Asset Change Tracker (5.5.13.1)']
2025-03-11 12:55:24,614 - root - INFO - Scheduling direct next node Review AM using Asset Change Tracker (5.5.13.1)
2025-03-11 12:55:24,614 - root - INFO - Token Token-183 waiting for resource 'Tech' at 2025-03-13 13:03:44.161785
2025-03-11 12:55:24,615 - root - INFO - Token Token-184 started task 'Monthly' at 2025-03-13 13:10:03.517071, scheduled to end at 2025-03-13 13:10:03.517071 (processing time: 0.00 min)
2025-03-11 12:55:24,615 - root - INFO - Processing end event: Token Token-184 at node Monthly (Unknown)
2025-03-11 12:55:24,615 - root - INFO - Token Token-184 completed task 'Monthly' at 2025-03-13 13:10:03.517071.
2025-03-11 12:55:24,615 - root - INFO - Next nodes for Monthly: ['Review AM using Asset Change Tracker (5.5.13.1)']
2025-03-11 12:55:24,616 - root - INFO - Scheduling direct next node Review AM using Asset Change Tracker (5.5.13.1)
2025-03-11 12:55:24,616 - root - INFO - Token Token-184 waiting for resource 'Tech' at 2025-03-13 13:10:03.517071
2025-03-11 12:55:24,616 - root - INFO - Token Token-185 started task 'Monthly' at 2025-03-13 13:15:21.396373, scheduled to end at 2025-03-13 13:15:21.396373 (processing time: 0.00 min)
2025-03-11 12:55:24,616 - root - INFO - Processing end event: Token Token-185 at node Monthly (Unknown)
2025-03-11 12:55:24,616 - root - INFO - Token Token-185 completed task 'Monthly' at 2025-03-13 13:15:21.396373.
2025-03-11 12:55:24,617 - root - INFO - Next nodes for Monthly: ['Review AM using Asset Change Tracker (5.5.13.1)']
2025-03-11 12:55:24,617 - root - INFO - Scheduling direct next node Review AM using Asset Change Tracker (5.5.13.1)
2025-03-11 12:55:24,617 - root - INFO - Token Token-185 waiting for resource 'Tech' at 2025-03-13 13:15:21.396373
2025-03-11 12:55:24,617 - root - INFO - Token Token-186 started task 'Monthly' at 2025-03-13 13:20:52.171777, scheduled to end at 2025-03-13 13:20:52.171777 (processing time: 0.00 min)
2025-03-11 12:55:24,618 - root - INFO - Processing end event: Token Token-186 at node Monthly (Unknown)
2025-03-11 12:55:24,618 - root - INFO - Token Token-186 completed task 'Monthly' at 2025-03-13 13:20:52.171777.
2025-03-11 12:55:24,618 - root - INFO - Next nodes for Monthly: ['Review AM using Asset Change Tracker (5.5.13.1)']
2025-03-11 12:55:24,618 - root - INFO - Scheduling direct next node Review AM using Asset Change Tracker (5.5.13.1)
2025-03-11 12:55:24,619 - root - INFO - Token Token-186 waiting for resource 'Tech' at 2025-03-13 13:20:52.171777
2025-03-11 12:55:24,619 - root - INFO - Token Token-187 started task 'Monthly' at 2025-03-13 13:25:51.613532, scheduled to end at 2025-03-13 13:25:51.613532 (processing time: 0.00 min)
2025-03-11 12:55:24,619 - root - INFO - Processing end event: Token Token-187 at node Monthly (Unknown)
2025-03-11 12:55:24,619 - root - INFO - Token Token-187 completed task 'Monthly' at 2025-03-13 13:25:51.613532.
2025-03-11 12:55:24,620 - root - INFO - Next nodes for Monthly: ['Review AM using Asset Change Tracker (5.5.13.1)']
2025-03-11 12:55:24,620 - root - INFO - Scheduling direct next node Review AM using Asset Change Tracker (5.5.13.1)
2025-03-11 12:55:24,620 - root - INFO - Token Token-187 waiting for resource 'Tech' at 2025-03-13 13:25:51.613532
2025-03-11 12:55:24,620 - root - INFO - Token Token-188 started task 'Monthly' at 2025-03-13 13:32:12.452041, scheduled to end at 2025-03-13 13:32:12.452041 (processing time: 0.00 min)
2025-03-11 12:55:24,620 - root - INFO - Processing end event: Token Token-188 at node Monthly (Unknown)
2025-03-11 12:55:24,621 - root - INFO - Token Token-188 completed task 'Monthly' at 2025-03-13 13:32:12.452041.
2025-03-11 12:55:24,621 - root - INFO - Next nodes for Monthly: ['Review AM using Asset Change Tracker (5.5.13.1)']
2025-03-11 12:55:24,621 - root - INFO - Scheduling direct next node Review AM using Asset Change Tracker (5.5.13.1)
2025-03-11 12:55:24,621 - root - INFO - Token Token-188 waiting for resource 'Tech' at 2025-03-13 13:32:12.452041
2025-03-11 12:55:24,622 - root - INFO - Token Token-189 started task 'Monthly' at 2025-03-13 13:38:39.171172, scheduled to end at 2025-03-13 13:38:39.171172 (processing time: 0.00 min)
2025-03-11 12:55:24,622 - root - INFO - Processing end event: Token Token-189 at node Monthly (Unknown)
2025-03-11 12:55:24,622 - root - INFO - Token Token-189 completed task 'Monthly' at 2025-03-13 13:38:39.171172.
2025-03-11 12:55:24,622 - root - INFO - Next nodes for Monthly: ['Review AM using Asset Change Tracker (5.5.13.1)']
2025-03-11 12:55:24,622 - root - INFO - Scheduling direct next node Review AM using Asset Change Tracker (5.5.13.1)
2025-03-11 12:55:24,623 - root - INFO - Token Token-189 waiting for resource 'Tech' at 2025-03-13 13:38:39.171172
2025-03-11 12:55:24,623 - root - INFO - Token Token-190 started task 'Monthly' at 2025-03-13 13:43:25.134814, scheduled to end at 2025-03-13 13:43:25.134814 (processing time: 0.00 min)
2025-03-11 12:55:24,623 - root - INFO - Processing end event: Token Token-190 at node Monthly (Unknown)
2025-03-11 12:55:24,623 - root - INFO - Token Token-190 completed task 'Monthly' at 2025-03-13 13:43:25.134814.
2025-03-11 12:55:24,623 - root - INFO - Next nodes for Monthly: ['Review AM using Asset Change Tracker (5.5.13.1)']
2025-03-11 12:55:24,624 - root - INFO - Scheduling direct next node Review AM using Asset Change Tracker (5.5.13.1)
2025-03-11 12:55:24,624 - root - INFO - Token Token-190 waiting for resource 'Tech' at 2025-03-13 13:43:25.134814
2025-03-11 12:55:24,624 - root - INFO - Token Token-191 started task 'Monthly' at 2025-03-13 13:49:16.921226, scheduled to end at 2025-03-13 13:49:16.921226 (processing time: 0.00 min)
2025-03-11 12:55:24,624 - root - INFO - Processing end event: Token Token-191 at node Monthly (Unknown)
2025-03-11 12:55:24,626 - root - INFO - Token Token-191 completed task 'Monthly' at 2025-03-13 13:49:16.921226.
2025-03-11 12:55:24,626 - root - INFO - Next nodes for Monthly: ['Review AM using Asset Change Tracker (5.5.13.1)']
2025-03-11 12:55:24,627 - root - INFO - Scheduling direct next node Review AM using Asset Change Tracker (5.5.13.1)
2025-03-11 12:55:24,628 - root - INFO - Token Token-191 waiting for resource 'Tech' at 2025-03-13 13:49:16.921226
2025-03-11 12:55:24,628 - root - INFO - Token Token-192 started task 'Monthly' at 2025-03-13 13:55:43.181944, scheduled to end at 2025-03-13 13:55:43.181944 (processing time: 0.00 min)
2025-03-11 12:55:24,629 - root - INFO - Processing end event: Token Token-192 at node Monthly (Unknown)
2025-03-11 12:55:24,629 - root - INFO - Token Token-192 completed task 'Monthly' at 2025-03-13 13:55:43.181944.
2025-03-11 12:55:24,629 - root - INFO - Next nodes for Monthly: ['Review AM using Asset Change Tracker (5.5.13.1)']
2025-03-11 12:55:24,630 - root - INFO - Scheduling direct next node Review AM using Asset Change Tracker (5.5.13.1)
2025-03-11 12:55:24,630 - root - INFO - Token Token-192 waiting for resource 'Tech' at 2025-03-13 13:55:43.181944
2025-03-11 12:55:24,631 - root - INFO - Token Token-193 started task 'Monthly' at 2025-03-14 08:00:00, scheduled to end at 2025-03-14 08:00:00 (processing time: 0.00 min)
2025-03-11 12:55:24,632 - root - INFO - Processing end event: Token Token-193 at node Monthly (Unknown)
2025-03-11 12:55:24,651 - root - INFO - Token Token-193 completed task 'Monthly' at 2025-03-14 08:00:00.
2025-03-11 12:55:24,652 - root - INFO - Next nodes for Monthly: ['Review AM using Asset Change Tracker (5.5.13.1)']
2025-03-11 12:55:24,652 - root - INFO - Scheduling direct next node Review AM using Asset Change Tracker (5.5.13.1)
2025-03-11 12:55:24,654 - root - INFO - Token Token-193 waiting for resource 'Tech' at 2025-03-14 08:00:00
2025-03-11 12:55:24,654 - root - INFO - Token Token-194 started task 'Monthly' at 2025-03-14 08:05:55.640832, scheduled to end at 2025-03-14 08:05:55.640832 (processing time: 0.00 min)
2025-03-11 12:55:24,655 - root - INFO - Processing end event: Token Token-194 at node Monthly (Unknown)
2025-03-11 12:55:24,655 - root - INFO - Token Token-194 completed task 'Monthly' at 2025-03-14 08:05:55.640832.
2025-03-11 12:55:24,655 - root - INFO - Next nodes for Monthly: ['Review AM using Asset Change Tracker (5.5.13.1)']
2025-03-11 12:55:24,655 - root - INFO - Scheduling direct next node Review AM using Asset Change Tracker (5.5.13.1)
2025-03-11 12:55:24,655 - root - INFO - Token Token-194 waiting for resource 'Tech' at 2025-03-14 08:05:55.640832
2025-03-11 12:55:24,656 - root - INFO - Token Token-195 started task 'Monthly' at 2025-03-14 08:10:43.124993, scheduled to end at 2025-03-14 08:10:43.124993 (processing time: 0.00 min)
2025-03-11 12:55:24,656 - root - INFO - Processing end event: Token Token-195 at node Monthly (Unknown)
2025-03-11 12:55:24,656 - root - INFO - Token Token-195 completed task 'Monthly' at 2025-03-14 08:10:43.124993.
2025-03-11 12:55:24,657 - root - INFO - Next nodes for Monthly: ['Review AM using Asset Change Tracker (5.5.13.1)']
2025-03-11 12:55:24,657 - root - INFO - Scheduling direct next node Review AM using Asset Change Tracker (5.5.13.1)
2025-03-11 12:55:24,657 - root - INFO - Token Token-195 waiting for resource 'Tech' at 2025-03-14 08:10:43.124993
2025-03-11 12:55:24,658 - root - INFO - Token Token-196 started task 'Monthly' at 2025-03-14 08:15:41.623941, scheduled to end at 2025-03-14 08:15:41.623941 (processing time: 0.00 min)
2025-03-11 12:55:24,659 - root - INFO - Processing end event: Token Token-196 at node Monthly (Unknown)
2025-03-11 12:55:24,660 - root - INFO - Token Token-196 completed task 'Monthly' at 2025-03-14 08:15:41.623941.
2025-03-11 12:55:24,660 - root - INFO - Next nodes for Monthly: ['Review AM using Asset Change Tracker (5.5.13.1)']
2025-03-11 12:55:24,661 - root - INFO - Scheduling direct next node Review AM using Asset Change Tracker (5.5.13.1)
2025-03-11 12:55:24,661 - root - INFO - Token Token-196 waiting for resource 'Tech' at 2025-03-14 08:15:41.623941
2025-03-11 12:55:24,661 - root - INFO - Token Token-197 started task 'Monthly' at 2025-03-14 08:20:42.871683, scheduled to end at 2025-03-14 08:20:42.871683 (processing time: 0.00 min)
2025-03-11 12:55:24,662 - root - INFO - Processing end event: Token Token-197 at node Monthly (Unknown)
2025-03-11 12:55:24,662 - root - INFO - Token Token-197 completed task 'Monthly' at 2025-03-14 08:20:42.871683.
2025-03-11 12:55:24,662 - root - INFO - Next nodes for Monthly: ['Review AM using Asset Change Tracker (5.5.13.1)']
2025-03-11 12:55:24,663 - root - INFO - Scheduling direct next node Review AM using Asset Change Tracker (5.5.13.1)
2025-03-11 12:55:24,663 - root - INFO - Token Token-197 waiting for resource 'Tech' at 2025-03-14 08:20:42.871683
2025-03-11 12:55:24,663 - root - INFO - Token Token-198 started task 'Monthly' at 2025-03-14 08:27:05.081101, scheduled to end at 2025-03-14 08:27:05.081101 (processing time: 0.00 min)
2025-03-11 12:55:24,663 - root - INFO - Processing end event: Token Token-198 at node Monthly (Unknown)
2025-03-11 12:55:24,663 - root - INFO - Token Token-198 completed task 'Monthly' at 2025-03-14 08:27:05.081101.
2025-03-11 12:55:24,663 - root - INFO - Next nodes for Monthly: ['Review AM using Asset Change Tracker (5.5.13.1)']
2025-03-11 12:55:24,665 - root - INFO - Scheduling direct next node Review AM using Asset Change Tracker (5.5.13.1)
2025-03-11 12:55:24,666 - root - INFO - Token Token-198 waiting for resource 'Tech' at 2025-03-14 08:27:05.081101
2025-03-11 12:55:24,666 - root - INFO - Token Token-199 started task 'Monthly' at 2025-03-14 08:32:26.603732, scheduled to end at 2025-03-14 08:32:26.603732 (processing time: 0.00 min)
2025-03-11 12:55:24,666 - root - INFO - Processing end event: Token Token-199 at node Monthly (Unknown)
2025-03-11 12:55:24,666 - root - INFO - Token Token-199 completed task 'Monthly' at 2025-03-14 08:32:26.603732.
2025-03-11 12:55:24,667 - root - INFO - Next nodes for Monthly: ['Review AM using Asset Change Tracker (5.5.13.1)']
2025-03-11 12:55:24,667 - root - INFO - Scheduling direct next node Review AM using Asset Change Tracker (5.5.13.1)
2025-03-11 12:55:24,667 - root - INFO - Token Token-199 waiting for resource 'Tech' at 2025-03-14 08:32:26.603732
2025-03-11 12:55:24,667 - root - INFO - Token Token-200 started task 'Monthly' at 2025-03-14 08:38:47.467745, scheduled to end at 2025-03-14 08:38:47.467745 (processing time: 0.00 min)
2025-03-11 12:55:24,668 - root - INFO - Processing end event: Token Token-200 at node Monthly (Unknown)
2025-03-11 12:55:24,668 - root - INFO - Token Token-200 completed task 'Monthly' at 2025-03-14 08:38:47.467745.
2025-03-11 12:55:24,668 - root - INFO - Next nodes for Monthly: ['Review AM using Asset Change Tracker (5.5.13.1)']
2025-03-11 12:55:24,668 - root - INFO - Scheduling direct next node Review AM using Asset Change Tracker (5.5.13.1)
2025-03-11 12:55:24,668 - root - INFO - Token Token-200 waiting for resource 'Tech' at 2025-03-14 08:38:47.467745
2025-03-11 12:55:24,669 - root - INFO - Token Token-201 started task 'Monthly' at 2025-03-14 08:44:19.642746, scheduled to end at 2025-03-14 08:44:19.642746 (processing time: 0.00 min)
2025-03-11 12:55:24,669 - root - INFO - Processing end event: Token Token-201 at node Monthly (Unknown)
2025-03-11 12:55:24,669 - root - INFO - Token Token-201 completed task 'Monthly' at 2025-03-14 08:44:19.642746.
2025-03-11 12:55:24,669 - root - INFO - Next nodes for Monthly: ['Review AM using Asset Change Tracker (5.5.13.1)']
2025-03-11 12:55:24,669 - root - INFO - Scheduling direct next node Review AM using Asset Change Tracker (5.5.13.1)
2025-03-11 12:55:24,670 - root - INFO - Token Token-201 waiting for resource 'Tech' at 2025-03-14 08:44:19.642746
2025-03-11 12:55:24,670 - root - INFO - Token Token-202 started task 'Monthly' at 2025-03-14 08:49:29.464704, scheduled to end at 2025-03-14 08:49:29.464704 (processing time: 0.00 min)
2025-03-11 12:55:24,670 - root - INFO - Processing end event: Token Token-202 at node Monthly (Unknown)
2025-03-11 12:55:24,670 - root - INFO - Token Token-202 completed task 'Monthly' at 2025-03-14 08:49:29.464704.
2025-03-11 12:55:24,670 - root - INFO - Next nodes for Monthly: ['Review AM using Asset Change Tracker (5.5.13.1)']
2025-03-11 12:55:24,671 - root - INFO - Scheduling direct next node Review AM using Asset Change Tracker (5.5.13.1)
2025-03-11 12:55:24,671 - root - INFO - Token Token-202 waiting for resource 'Tech' at 2025-03-14 08:49:29.464704
2025-03-11 12:55:24,671 - root - INFO - Token Token-203 started task 'Monthly' at 2025-03-14 08:55:37.195607, scheduled to end at 2025-03-14 08:55:37.195607 (processing time: 0.00 min)
2025-03-11 12:55:24,674 - root - INFO - Processing end event: Token Token-203 at node Monthly (Unknown)
2025-03-11 12:55:24,674 - root - INFO - Token Token-203 completed task 'Monthly' at 2025-03-14 08:55:37.195607.
2025-03-11 12:55:24,675 - root - INFO - Next nodes for Monthly: ['Review AM using Asset Change Tracker (5.5.13.1)']
2025-03-11 12:55:24,675 - root - INFO - Scheduling direct next node Review AM using Asset Change Tracker (5.5.13.1)
2025-03-11 12:55:24,675 - root - INFO - Token Token-203 waiting for resource 'Tech' at 2025-03-14 08:55:37.195607
2025-03-11 12:55:24,676 - root - INFO - Token Token-204 started task 'Monthly' at 2025-03-14 09:01:04.111629, scheduled to end at 2025-03-14 09:01:04.111629 (processing time: 0.00 min)
2025-03-11 12:55:24,676 - root - INFO - Processing end event: Token Token-204 at node Monthly (Unknown)
2025-03-11 12:55:24,677 - root - INFO - Token Token-204 completed task 'Monthly' at 2025-03-14 09:01:04.111629.
2025-03-11 12:55:24,677 - root - INFO - Next nodes for Monthly: ['Review AM using Asset Change Tracker (5.5.13.1)']
2025-03-11 12:55:24,677 - root - INFO - Scheduling direct next node Review AM using Asset Change Tracker (5.5.13.1)
2025-03-11 12:55:24,678 - root - INFO - Token Token-204 waiting for resource 'Tech' at 2025-03-14 09:01:04.111629
2025-03-11 12:55:24,678 - root - INFO - Token Token-205 started task 'Monthly' at 2025-03-14 09:07:02.240798, scheduled to end at 2025-03-14 09:07:02.240798 (processing time: 0.00 min)
2025-03-11 12:55:24,679 - root - INFO - Processing end event: Token Token-205 at node Monthly (Unknown)
2025-03-11 12:55:24,680 - root - INFO - Token Token-205 completed task 'Monthly' at 2025-03-14 09:07:02.240798.
2025-03-11 12:55:24,681 - root - INFO - Next nodes for Monthly: ['Review AM using Asset Change Tracker (5.5.13.1)']
2025-03-11 12:55:24,682 - root - INFO - Scheduling direct next node Review AM using Asset Change Tracker (5.5.13.1)
2025-03-11 12:55:24,704 - root - INFO - Token Token-205 waiting for resource 'Tech' at 2025-03-14 09:07:02.240798
2025-03-11 12:55:24,704 - root - INFO - Token Token-206 started task 'Monthly' at 2025-03-14 09:13:27.939947, scheduled to end at 2025-03-14 09:13:27.939947 (processing time: 0.00 min)
2025-03-11 12:55:24,705 - root - INFO - Processing end event: Token Token-206 at node Monthly (Unknown)
2025-03-11 12:55:24,705 - root - INFO - Token Token-206 completed task 'Monthly' at 2025-03-14 09:13:27.939947.
2025-03-11 12:55:24,706 - root - INFO - Next nodes for Monthly: ['Review AM using Asset Change Tracker (5.5.13.1)']
2025-03-11 12:55:24,706 - root - INFO - Scheduling direct next node Review AM using Asset Change Tracker (5.5.13.1)
2025-03-11 12:55:24,707 - root - INFO - Token Token-206 waiting for resource 'Tech' at 2025-03-14 09:13:27.939947
2025-03-11 12:55:24,707 - root - INFO - Token Token-207 started task 'Monthly' at 2025-03-14 09:18:10.072127, scheduled to end at 2025-03-14 09:18:10.072127 (processing time: 0.00 min)
2025-03-11 12:55:24,708 - root - INFO - Processing end event: Token Token-207 at node Monthly (Unknown)
2025-03-11 12:55:24,708 - root - INFO - Token Token-207 completed task 'Monthly' at 2025-03-14 09:18:10.072127.
2025-03-11 12:55:24,708 - root - INFO - Next nodes for Monthly: ['Review AM using Asset Change Tracker (5.5.13.1)']
2025-03-11 12:55:24,709 - root - INFO - Scheduling direct next node Review AM using Asset Change Tracker (5.5.13.1)
2025-03-11 12:55:24,709 - root - INFO - Token Token-207 waiting for resource 'Tech' at 2025-03-14 09:18:10.072127
2025-03-11 12:55:24,709 - root - INFO - Token Token-208 started task 'Monthly' at 2025-03-14 09:24:12.815688, scheduled to end at 2025-03-14 09:24:12.815688 (processing time: 0.00 min)
2025-03-11 12:55:24,710 - root - INFO - Processing end event: Token Token-208 at node Monthly (Unknown)
2025-03-11 12:55:24,710 - root - INFO - Token Token-208 completed task 'Monthly' at 2025-03-14 09:24:12.815688.
2025-03-11 12:55:24,710 - root - INFO - Next nodes for Monthly: ['Review AM using Asset Change Tracker (5.5.13.1)']
2025-03-11 12:55:24,710 - root - INFO - Scheduling direct next node Review AM using Asset Change Tracker (5.5.13.1)
2025-03-11 12:55:24,710 - root - INFO - Token Token-208 waiting for resource 'Tech' at 2025-03-14 09:24:12.815688
2025-03-11 12:55:24,710 - root - INFO - Token Token-209 started task 'Monthly' at 2025-03-14 09:28:41.704733, scheduled to end at 2025-03-14 09:28:41.704733 (processing time: 0.00 min)
2025-03-11 12:55:24,710 - root - INFO - Processing end event: Token Token-209 at node Monthly (Unknown)
2025-03-11 12:55:24,710 - root - INFO - Token Token-209 completed task 'Monthly' at 2025-03-14 09:28:41.704733.
2025-03-11 12:55:24,710 - root - INFO - Next nodes for Monthly: ['Review AM using Asset Change Tracker (5.5.13.1)']
2025-03-11 12:55:24,710 - root - INFO - Scheduling direct next node Review AM using Asset Change Tracker (5.5.13.1)
2025-03-11 12:55:24,710 - root - INFO - Token Token-209 waiting for resource 'Tech' at 2025-03-14 09:28:41.704733
2025-03-11 12:55:24,710 - root - INFO - Token Token-210 started task 'Monthly' at 2025-03-14 09:35:06.178749, scheduled to end at 2025-03-14 09:35:06.178749 (processing time: 0.00 min)
2025-03-11 12:55:24,710 - root - INFO - Processing end event: Token Token-210 at node Monthly (Unknown)
2025-03-11 12:55:24,710 - root - INFO - Token Token-210 completed task 'Monthly' at 2025-03-14 09:35:06.178749.
2025-03-11 12:55:24,710 - root - INFO - Next nodes for Monthly: ['Review AM using Asset Change Tracker (5.5.13.1)']
2025-03-11 12:55:24,710 - root - INFO - Scheduling direct next node Review AM using Asset Change Tracker (5.5.13.1)
2025-03-11 12:55:24,710 - root - INFO - Token Token-210 waiting for resource 'Tech' at 2025-03-14 09:35:06.178749
2025-03-11 12:55:24,710 - root - INFO - Token Token-211 started task 'Monthly' at 2025-03-14 09:41:23.578895, scheduled to end at 2025-03-14 09:41:23.578895 (processing time: 0.00 min)
2025-03-11 12:55:24,710 - root - INFO - Processing end event: Token Token-211 at node Monthly (Unknown)
2025-03-11 12:55:24,715 - root - INFO - Token Token-211 completed task 'Monthly' at 2025-03-14 09:41:23.578895.
2025-03-11 12:55:24,715 - root - INFO - Next nodes for Monthly: ['Review AM using Asset Change Tracker (5.5.13.1)']
2025-03-11 12:55:24,715 - root - INFO - Scheduling direct next node Review AM using Asset Change Tracker (5.5.13.1)
2025-03-11 12:55:24,716 - root - INFO - Token Token-211 waiting for resource 'Tech' at 2025-03-14 09:41:23.578895
2025-03-11 12:55:24,716 - root - INFO - Token Token-212 started task 'Monthly' at 2025-03-14 09:46:13.421715, scheduled to end at 2025-03-14 09:46:13.421715 (processing time: 0.00 min)
2025-03-11 12:55:24,717 - root - INFO - Processing end event: Token Token-212 at node Monthly (Unknown)
2025-03-11 12:55:24,717 - root - INFO - Token Token-212 completed task 'Monthly' at 2025-03-14 09:46:13.421715.
2025-03-11 12:55:24,717 - root - INFO - Next nodes for Monthly: ['Review AM using Asset Change Tracker (5.5.13.1)']
2025-03-11 12:55:24,717 - root - INFO - Scheduling direct next node Review AM using Asset Change Tracker (5.5.13.1)
2025-03-11 12:55:24,717 - root - INFO - Token Token-212 waiting for resource 'Tech' at 2025-03-14 09:46:13.421715
2025-03-11 12:55:24,717 - root - INFO - Token Token-213 started task 'Monthly' at 2025-03-14 09:51:47.399791, scheduled to end at 2025-03-14 09:51:47.399791 (processing time: 0.00 min)
2025-03-11 12:55:24,717 - root - INFO - Processing end event: Token Token-213 at node Monthly (Unknown)
2025-03-11 12:55:24,718 - root - INFO - Token Token-213 completed task 'Monthly' at 2025-03-14 09:51:47.399791.
2025-03-11 12:55:24,718 - root - INFO - Next nodes for Monthly: ['Review AM using Asset Change Tracker (5.5.13.1)']
2025-03-11 12:55:24,718 - root - INFO - Scheduling direct next node Review AM using Asset Change Tracker (5.5.13.1)
2025-03-11 12:55:24,718 - root - INFO - Token Token-213 waiting for resource 'Tech' at 2025-03-14 09:51:47.399791
2025-03-11 12:55:24,719 - root - INFO - Token Token-214 started task 'Monthly' at 2025-03-14 09:57:23.642049, scheduled to end at 2025-03-14 09:57:23.642049 (processing time: 0.00 min)
2025-03-11 12:55:24,719 - root - INFO - Processing end event: Token Token-214 at node Monthly (Unknown)
2025-03-11 12:55:24,719 - root - INFO - Token Token-214 completed task 'Monthly' at 2025-03-14 09:57:23.642049.
2025-03-11 12:55:24,719 - root - INFO - Next nodes for Monthly: ['Review AM using Asset Change Tracker (5.5.13.1)']
2025-03-11 12:55:24,719 - root - INFO - Scheduling direct next node Review AM using Asset Change Tracker (5.5.13.1)
2025-03-11 12:55:24,720 - root - INFO - Token Token-214 waiting for resource 'Tech' at 2025-03-14 09:57:23.642049
2025-03-11 12:55:24,720 - root - INFO - Token Token-215 started task 'Monthly' at 2025-03-14 10:02:38.441007, scheduled to end at 2025-03-14 10:02:38.441007 (processing time: 0.00 min)
2025-03-11 12:55:24,720 - root - INFO - Processing end event: Token Token-215 at node Monthly (Unknown)
2025-03-11 12:55:24,720 - root - INFO - Token Token-215 completed task 'Monthly' at 2025-03-14 10:02:38.441007.
2025-03-11 12:55:24,721 - root - INFO - Next nodes for Monthly: ['Review AM using Asset Change Tracker (5.5.13.1)']
2025-03-11 12:55:24,721 - root - INFO - Scheduling direct next node Review AM using Asset Change Tracker (5.5.13.1)
2025-03-11 12:55:24,721 - root - INFO - Token Token-215 waiting for resource 'Tech' at 2025-03-14 10:02:38.441007
2025-03-11 12:55:24,721 - root - INFO - Token Token-216 started task 'Monthly' at 2025-03-14 10:07:51.517161, scheduled to end at 2025-03-14 10:07:51.517161 (processing time: 0.00 min)
2025-03-11 12:55:24,724 - root - INFO - Processing end event: Token Token-216 at node Monthly (Unknown)
2025-03-11 12:55:24,724 - root - INFO - Token Token-216 completed task 'Monthly' at 2025-03-14 10:07:51.517161.
2025-03-11 12:55:24,725 - root - INFO - Next nodes for Monthly: ['Review AM using Asset Change Tracker (5.5.13.1)']
2025-03-11 12:55:24,725 - root - INFO - Scheduling direct next node Review AM using Asset Change Tracker (5.5.13.1)
2025-03-11 12:55:24,725 - root - INFO - Token Token-216 waiting for resource 'Tech' at 2025-03-14 10:07:51.517161
2025-03-11 12:55:24,726 - root - INFO - Token Token-217 started task 'Monthly' at 2025-03-14 10:13:32.402415, scheduled to end at 2025-03-14 10:13:32.402415 (processing time: 0.00 min)
2025-03-11 12:55:24,727 - root - INFO - Processing end event: Token Token-217 at node Monthly (Unknown)
2025-03-11 12:55:24,728 - root - INFO - Token Token-217 completed task 'Monthly' at 2025-03-14 10:13:32.402415.
2025-03-11 12:55:24,729 - root - INFO - Next nodes for Monthly: ['Review AM using Asset Change Tracker (5.5.13.1)']
2025-03-11 12:55:24,729 - root - INFO - Scheduling direct next node Review AM using Asset Change Tracker (5.5.13.1)
2025-03-11 12:55:24,730 - root - INFO - Token Token-217 waiting for resource 'Tech' at 2025-03-14 10:13:32.402415
2025-03-11 12:55:24,730 - root - INFO - Token Token-218 started task 'Monthly' at 2025-03-14 10:19:16.155018, scheduled to end at 2025-03-14 10:19:16.155018 (processing time: 0.00 min)
2025-03-11 12:55:24,731 - root - INFO - Processing end event: Token Token-218 at node Monthly (Unknown)
2025-03-11 12:55:24,731 - root - INFO - Token Token-218 completed task 'Monthly' at 2025-03-14 10:19:16.155018.
2025-03-11 12:55:24,732 - root - INFO - Next nodes for Monthly: ['Review AM using Asset Change Tracker (5.5.13.1)']
2025-03-11 12:55:24,732 - root - INFO - Scheduling direct next node Review AM using Asset Change Tracker (5.5.13.1)
2025-03-11 12:55:24,734 - root - INFO - Token Token-218 waiting for resource 'Tech' at 2025-03-14 10:19:16.155018
2025-03-11 12:55:24,734 - root - INFO - Token Token-219 started task 'Monthly' at 2025-03-14 10:24:18.124640, scheduled to end at 2025-03-14 10:24:18.124640 (processing time: 0.00 min)
2025-03-11 12:55:24,745 - root - INFO - Processing end event: Token Token-219 at node Monthly (Unknown)
2025-03-11 12:55:24,746 - root - INFO - Token Token-219 completed task 'Monthly' at 2025-03-14 10:24:18.124640.
2025-03-11 12:55:24,747 - root - INFO - Next nodes for Monthly: ['Review AM using Asset Change Tracker (5.5.13.1)']
2025-03-11 12:55:24,747 - root - INFO - Scheduling direct next node Review AM using Asset Change Tracker (5.5.13.1)
2025-03-11 12:55:24,748 - root - INFO - Token Token-219 waiting for resource 'Tech' at 2025-03-14 10:24:18.124640
2025-03-11 12:55:24,748 - root - INFO - Token Token-220 started task 'Monthly' at 2025-03-14 10:29:51.263981, scheduled to end at 2025-03-14 10:29:51.263981 (processing time: 0.00 min)
2025-03-11 12:55:24,749 - root - INFO - Processing end event: Token Token-220 at node Monthly (Unknown)
2025-03-11 12:55:24,749 - root - INFO - Token Token-220 completed task 'Monthly' at 2025-03-14 10:29:51.263981.
2025-03-11 12:55:24,749 - root - INFO - Next nodes for Monthly: ['Review AM using Asset Change Tracker (5.5.13.1)']
2025-03-11 12:55:24,750 - root - INFO - Scheduling direct next node Review AM using Asset Change Tracker (5.5.13.1)
2025-03-11 12:55:24,750 - root - INFO - Token Token-220 waiting for resource 'Tech' at 2025-03-14 10:29:51.263981
2025-03-11 12:55:24,750 - root - INFO - Token Token-221 started task 'Monthly' at 2025-03-14 10:35:50.433862, scheduled to end at 2025-03-14 10:35:50.433862 (processing time: 0.00 min)
2025-03-11 12:55:24,751 - root - INFO - Processing end event: Token Token-221 at node Monthly (Unknown)
2025-03-11 12:55:24,751 - root - INFO - Token Token-221 completed task 'Monthly' at 2025-03-14 10:35:50.433862.
2025-03-11 12:55:24,752 - root - INFO - Next nodes for Monthly: ['Review AM using Asset Change Tracker (5.5.13.1)']
2025-03-11 12:55:24,752 - root - INFO - Scheduling direct next node Review AM using Asset Change Tracker (5.5.13.1)
2025-03-11 12:55:24,753 - root - INFO - Token Token-221 waiting for resource 'Tech' at 2025-03-14 10:35:50.433862
2025-03-11 12:55:24,753 - root - INFO - Token Token-222 started task 'Monthly' at 2025-03-14 10:41:55.856007, scheduled to end at 2025-03-14 10:41:55.856007 (processing time: 0.00 min)
2025-03-11 12:55:24,754 - root - INFO - Processing end event: Token Token-222 at node Monthly (Unknown)
2025-03-11 12:55:24,754 - root - INFO - Token Token-222 completed task 'Monthly' at 2025-03-14 10:41:55.856007.
2025-03-11 12:55:24,754 - root - INFO - Next nodes for Monthly: ['Review AM using Asset Change Tracker (5.5.13.1)']
2025-03-11 12:55:24,755 - root - INFO - Scheduling direct next node Review AM using Asset Change Tracker (5.5.13.1)
2025-03-11 12:55:24,756 - root - INFO - Token Token-222 waiting for resource 'Tech' at 2025-03-14 10:41:55.856007
2025-03-11 12:55:24,756 - root - INFO - Token Token-223 started task 'Monthly' at 2025-03-14 10:46:27.272111, scheduled to end at 2025-03-14 10:46:27.272111 (processing time: 0.00 min)
2025-03-11 12:55:24,757 - root - INFO - Processing end event: Token Token-223 at node Monthly (Unknown)
2025-03-11 12:55:24,757 - root - INFO - Token Token-223 completed task 'Monthly' at 2025-03-14 10:46:27.272111.
2025-03-11 12:55:24,758 - root - INFO - Next nodes for Monthly: ['Review AM using Asset Change Tracker (5.5.13.1)']
2025-03-11 12:55:24,758 - root - INFO - Scheduling direct next node Review AM using Asset Change Tracker (5.5.13.1)
2025-03-11 12:55:24,759 - root - INFO - Token Token-223 waiting for resource 'Tech' at 2025-03-14 10:46:27.272111
2025-03-11 12:55:24,759 - root - INFO - Token Token-224 started task 'Monthly' at 2025-03-14 10:51:20.220357, scheduled to end at 2025-03-14 10:51:20.220357 (processing time: 0.00 min)
2025-03-11 12:55:24,759 - root - INFO - Processing end event: Token Token-224 at node Monthly (Unknown)
2025-03-11 12:55:24,759 - root - INFO - Token Token-224 completed task 'Monthly' at 2025-03-14 10:51:20.220357.
2025-03-11 12:55:24,760 - root - INFO - Next nodes for Monthly: ['Review AM using Asset Change Tracker (5.5.13.1)']
2025-03-11 12:55:24,760 - root - INFO - Scheduling direct next node Review AM using Asset Change Tracker (5.5.13.1)
2025-03-11 12:55:24,760 - root - INFO - Token Token-224 waiting for resource 'Tech' at 2025-03-14 10:51:20.220357
2025-03-11 12:55:24,760 - root - INFO - Token Token-225 started task 'Monthly' at 2025-03-14 10:57:19.990623, scheduled to end at 2025-03-14 10:57:19.990623 (processing time: 0.00 min)
2025-03-11 12:55:24,760 - root - INFO - Processing end event: Token Token-225 at node Monthly (Unknown)
2025-03-11 12:55:24,760 - root - INFO - Token Token-225 completed task 'Monthly' at 2025-03-14 10:57:19.990623.
2025-03-11 12:55:24,760 - root - INFO - Next nodes for Monthly: ['Review AM using Asset Change Tracker (5.5.13.1)']
2025-03-11 12:55:24,760 - root - INFO - Scheduling direct next node Review AM using Asset Change Tracker (5.5.13.1)
2025-03-11 12:55:24,762 - root - INFO - Token Token-225 waiting for resource 'Tech' at 2025-03-14 10:57:19.990623
2025-03-11 12:55:24,762 - root - INFO - Token Token-226 started task 'Monthly' at 2025-03-14 11:03:33.241085, scheduled to end at 2025-03-14 11:03:33.241085 (processing time: 0.00 min)
2025-03-11 12:55:24,762 - root - INFO - Processing end event: Token Token-226 at node Monthly (Unknown)
2025-03-11 12:55:24,762 - root - INFO - Token Token-226 completed task 'Monthly' at 2025-03-14 11:03:33.241085.
2025-03-11 12:55:24,762 - root - INFO - Next nodes for Monthly: ['Review AM using Asset Change Tracker (5.5.13.1)']
2025-03-11 12:55:24,762 - root - INFO - Scheduling direct next node Review AM using Asset Change Tracker (5.5.13.1)
2025-03-11 12:55:24,763 - root - INFO - Token Token-226 waiting for resource 'Tech' at 2025-03-14 11:03:33.241085
2025-03-11 12:55:24,763 - root - INFO - Token Token-227 started task 'Monthly' at 2025-03-14 11:09:33.840530, scheduled to end at 2025-03-14 11:09:33.840530 (processing time: 0.00 min)
2025-03-11 12:55:24,763 - root - INFO - Processing end event: Token Token-227 at node Monthly (Unknown)
2025-03-11 12:55:24,763 - root - INFO - Token Token-227 completed task 'Monthly' at 2025-03-14 11:09:33.840530.
2025-03-11 12:55:24,763 - root - INFO - Next nodes for Monthly: ['Review AM using Asset Change Tracker (5.5.13.1)']
2025-03-11 12:55:24,764 - root - INFO - Scheduling direct next node Review AM using Asset Change Tracker (5.5.13.1)
2025-03-11 12:55:24,765 - root - INFO - Token Token-227 waiting for resource 'Tech' at 2025-03-14 11:09:33.840530
2025-03-11 12:55:24,765 - root - INFO - Token Token-228 started task 'Monthly' at 2025-03-14 11:14:46.843325, scheduled to end at 2025-03-14 11:14:46.843325 (processing time: 0.00 min)
2025-03-11 12:55:24,765 - root - INFO - Processing end event: Token Token-228 at node Monthly (Unknown)
2025-03-11 12:55:24,765 - root - INFO - Token Token-228 completed task 'Monthly' at 2025-03-14 11:14:46.843325.
2025-03-11 12:55:24,766 - root - INFO - Next nodes for Monthly: ['Review AM using Asset Change Tracker (5.5.13.1)']
2025-03-11 12:55:24,766 - root - INFO - Scheduling direct next node Review AM using Asset Change Tracker (5.5.13.1)
2025-03-11 12:55:24,766 - root - INFO - Token Token-228 waiting for resource 'Tech' at 2025-03-14 11:14:46.843325
2025-03-11 12:55:24,766 - root - INFO - Token Token-229 started task 'Monthly' at 2025-03-14 11:19:20.216160, scheduled to end at 2025-03-14 11:19:20.216160 (processing time: 0.00 min)
2025-03-11 12:55:24,767 - root - INFO - Processing end event: Token Token-229 at node Monthly (Unknown)
2025-03-11 12:55:24,767 - root - INFO - Token Token-229 completed task 'Monthly' at 2025-03-14 11:19:20.216160.
2025-03-11 12:55:24,767 - root - INFO - Next nodes for Monthly: ['Review AM using Asset Change Tracker (5.5.13.1)']
2025-03-11 12:55:24,767 - root - INFO - Scheduling direct next node Review AM using Asset Change Tracker (5.5.13.1)
2025-03-11 12:55:24,767 - root - INFO - Token Token-229 waiting for resource 'Tech' at 2025-03-14 11:19:20.216160
2025-03-11 12:55:24,767 - root - INFO - Token Token-230 started task 'Monthly' at 2025-03-14 11:25:25.744981, scheduled to end at 2025-03-14 11:25:25.744981 (processing time: 0.00 min)
2025-03-11 12:55:24,767 - root - INFO - Processing end event: Token Token-230 at node Monthly (Unknown)
2025-03-11 12:55:24,767 - root - INFO - Token Token-230 completed task 'Monthly' at 2025-03-14 11:25:25.744981.
2025-03-11 12:55:24,767 - root - INFO - Next nodes for Monthly: ['Review AM using Asset Change Tracker (5.5.13.1)']
2025-03-11 12:55:24,767 - root - INFO - Scheduling direct next node Review AM using Asset Change Tracker (5.5.13.1)
2025-03-11 12:55:24,767 - root - INFO - Token Token-230 waiting for resource 'Tech' at 2025-03-14 11:25:25.744981
2025-03-11 12:55:24,767 - root - INFO - Token Token-231 started task 'Monthly' at 2025-03-14 11:31:07.595307, scheduled to end at 2025-03-14 11:31:07.595307 (processing time: 0.00 min)
2025-03-11 12:55:24,767 - root - INFO - Processing end event: Token Token-231 at node Monthly (Unknown)
2025-03-11 12:55:24,767 - root - INFO - Token Token-231 completed task 'Monthly' at 2025-03-14 11:31:07.595307.
2025-03-11 12:55:24,767 - root - INFO - Next nodes for Monthly: ['Review AM using Asset Change Tracker (5.5.13.1)']
2025-03-11 12:55:24,767 - root - INFO - Scheduling direct next node Review AM using Asset Change Tracker (5.5.13.1)
2025-03-11 12:55:24,767 - root - INFO - Token Token-231 waiting for resource 'Tech' at 2025-03-14 11:31:07.595307
2025-03-11 12:55:24,767 - root - INFO - Token Token-232 started task 'Monthly' at 2025-03-14 11:37:06.389816, scheduled to end at 2025-03-14 11:37:06.389816 (processing time: 0.00 min)
2025-03-11 12:55:24,767 - root - INFO - Processing end event: Token Token-232 at node Monthly (Unknown)
2025-03-11 12:55:24,776 - root - INFO - Token Token-232 completed task 'Monthly' at 2025-03-14 11:37:06.389816.
2025-03-11 12:55:24,777 - root - INFO - Next nodes for Monthly: ['Review AM using Asset Change Tracker (5.5.13.1)']
2025-03-11 12:55:24,777 - root - INFO - Scheduling direct next node Review AM using Asset Change Tracker (5.5.13.1)
2025-03-11 12:55:24,779 - root - INFO - Token Token-232 waiting for resource 'Tech' at 2025-03-14 11:37:06.389816
2025-03-11 12:55:24,799 - root - INFO - Token Token-233 started task 'Monthly' at 2025-03-14 11:42:52.486946, scheduled to end at 2025-03-14 11:42:52.486946 (processing time: 0.00 min)
2025-03-11 12:55:24,799 - root - INFO - Processing end event: Token Token-233 at node Monthly (Unknown)
2025-03-11 12:55:24,800 - root - INFO - Token Token-233 completed task 'Monthly' at 2025-03-14 11:42:52.486946.
2025-03-11 12:55:24,800 - root - INFO - Next nodes for Monthly: ['Review AM using Asset Change Tracker (5.5.13.1)']
2025-03-11 12:55:24,801 - root - INFO - Scheduling direct next node Review AM using Asset Change Tracker (5.5.13.1)
2025-03-11 12:55:24,801 - root - INFO - Token Token-233 waiting for resource 'Tech' at 2025-03-14 11:42:52.486946
2025-03-11 12:55:24,802 - root - INFO - Token Token-234 started task 'Monthly' at 2025-03-14 11:49:05.891227, scheduled to end at 2025-03-14 11:49:05.891227 (processing time: 0.00 min)
2025-03-11 12:55:24,802 - root - INFO - Processing end event: Token Token-234 at node Monthly (Unknown)
2025-03-11 12:55:24,803 - root - INFO - Token Token-234 completed task 'Monthly' at 2025-03-14 11:49:05.891227.
2025-03-11 12:55:24,803 - root - INFO - Next nodes for Monthly: ['Review AM using Asset Change Tracker (5.5.13.1)']
2025-03-11 12:55:24,803 - root - INFO - Scheduling direct next node Review AM using Asset Change Tracker (5.5.13.1)
2025-03-11 12:55:24,804 - root - INFO - Token Token-234 waiting for resource 'Tech' at 2025-03-14 11:49:05.891227
2025-03-11 12:55:24,804 - root - INFO - Token Token-235 started task 'Monthly' at 2025-03-14 11:55:07.650683, scheduled to end at 2025-03-14 11:55:07.650683 (processing time: 0.00 min)
2025-03-11 12:55:24,804 - root - INFO - Processing end event: Token Token-235 at node Monthly (Unknown)
2025-03-11 12:55:24,806 - root - INFO - Token Token-235 completed task 'Monthly' at 2025-03-14 11:55:07.650683.
2025-03-11 12:55:24,806 - root - INFO - Next nodes for Monthly: ['Review AM using Asset Change Tracker (5.5.13.1)']
2025-03-11 12:55:24,806 - root - INFO - Scheduling direct next node Review AM using Asset Change Tracker (5.5.13.1)
2025-03-11 12:55:24,806 - root - INFO - Token Token-235 waiting for resource 'Tech' at 2025-03-14 11:55:07.650683
2025-03-11 12:55:24,807 - root - INFO - Processing: 0/300 tokens completed (0.0%) - Events: 709 - Current sim time: 2025-03-14 11:55:07.650683
2025-03-11 12:55:24,808 - root - INFO - Token Token-236 started task 'Monthly' at 2025-03-14 12:00:40.472799, scheduled to end at 2025-03-14 12:00:40.472799 (processing time: 0.00 min)
2025-03-11 12:55:24,810 - root - INFO - Processing end event: Token Token-236 at node Monthly (Unknown)
2025-03-11 12:55:24,810 - root - INFO - Token Token-236 completed task 'Monthly' at 2025-03-14 12:00:40.472799.
2025-03-11 12:55:24,811 - root - INFO - Next nodes for Monthly: ['Review AM using Asset Change Tracker (5.5.13.1)']
2025-03-11 12:55:24,811 - root - INFO - Scheduling direct next node Review AM using Asset Change Tracker (5.5.13.1)
2025-03-11 12:55:24,811 - root - INFO - Token Token-236 waiting for resource 'Tech' at 2025-03-14 12:00:40.472799
2025-03-11 12:55:24,811 - root - INFO - Token Token-237 started task 'Monthly' at 2025-03-14 12:06:55.384968, scheduled to end at 2025-03-14 12:06:55.384968 (processing time: 0.00 min)
2025-03-11 12:55:24,812 - root - INFO - Processing end event: Token Token-237 at node Monthly (Unknown)
2025-03-11 12:55:24,812 - root - INFO - Token Token-237 completed task 'Monthly' at 2025-03-14 12:06:55.384968.
2025-03-11 12:55:24,812 - root - INFO - Next nodes for Monthly: ['Review AM using Asset Change Tracker (5.5.13.1)']
2025-03-11 12:55:24,812 - root - INFO - Scheduling direct next node Review AM using Asset Change Tracker (5.5.13.1)
2025-03-11 12:55:24,813 - root - INFO - Token Token-237 waiting for resource 'Tech' at 2025-03-14 12:06:55.384968
2025-03-11 12:55:24,813 - root - INFO - Token Token-238 started task 'Monthly' at 2025-03-14 12:13:21.724499, scheduled to end at 2025-03-14 12:13:21.724499 (processing time: 0.00 min)
2025-03-11 12:55:24,813 - root - INFO - Processing end event: Token Token-238 at node Monthly (Unknown)
2025-03-11 12:55:24,813 - root - INFO - Token Token-238 completed task 'Monthly' at 2025-03-14 12:13:21.724499.
2025-03-11 12:55:24,814 - root - INFO - Next nodes for Monthly: ['Review AM using Asset Change Tracker (5.5.13.1)']
2025-03-11 12:55:24,814 - root - INFO - Scheduling direct next node Review AM using Asset Change Tracker (5.5.13.1)
2025-03-11 12:55:24,814 - root - INFO - Token Token-238 waiting for resource 'Tech' at 2025-03-14 12:13:21.724499
2025-03-11 12:55:24,814 - root - INFO - Token Token-239 started task 'Monthly' at 2025-03-14 12:18:38.048418, scheduled to end at 2025-03-14 12:18:38.048418 (processing time: 0.00 min)
2025-03-11 12:55:24,815 - root - INFO - Processing end event: Token Token-239 at node Monthly (Unknown)
2025-03-11 12:55:24,815 - root - INFO - Token Token-239 completed task 'Monthly' at 2025-03-14 12:18:38.048418.
2025-03-11 12:55:24,815 - root - INFO - Next nodes for Monthly: ['Review AM using Asset Change Tracker (5.5.13.1)']
2025-03-11 12:55:24,816 - root - INFO - Scheduling direct next node Review AM using Asset Change Tracker (5.5.13.1)
2025-03-11 12:55:24,816 - root - INFO - Token Token-239 waiting for resource 'Tech' at 2025-03-14 12:18:38.048418
2025-03-11 12:55:24,816 - root - INFO - Token Token-240 started task 'Monthly' at 2025-03-14 12:23:12.940303, scheduled to end at 2025-03-14 12:23:12.940303 (processing time: 0.00 min)
2025-03-11 12:55:24,816 - root - INFO - Processing end event: Token Token-240 at node Monthly (Unknown)
2025-03-11 12:55:24,817 - root - INFO - Token Token-240 completed task 'Monthly' at 2025-03-14 12:23:12.940303.
2025-03-11 12:55:24,817 - root - INFO - Next nodes for Monthly: ['Review AM using Asset Change Tracker (5.5.13.1)']
2025-03-11 12:55:24,818 - root - INFO - Scheduling direct next node Review AM using Asset Change Tracker (5.5.13.1)
2025-03-11 12:55:24,818 - root - INFO - Token Token-240 waiting for resource 'Tech' at 2025-03-14 12:23:12.940303
2025-03-11 12:55:24,818 - root - INFO - Token Token-241 started task 'Monthly' at 2025-03-14 12:28:41.469216, scheduled to end at 2025-03-14 12:28:41.469216 (processing time: 0.00 min)
2025-03-11 12:55:24,818 - root - INFO - Processing end event: Token Token-241 at node Monthly (Unknown)
2025-03-11 12:55:24,819 - root - INFO - Token Token-241 completed task 'Monthly' at 2025-03-14 12:28:41.469216.
2025-03-11 12:55:24,819 - root - INFO - Next nodes for Monthly: ['Review AM using Asset Change Tracker (5.5.13.1)']
2025-03-11 12:55:24,819 - root - INFO - Scheduling direct next node Review AM using Asset Change Tracker (5.5.13.1)
2025-03-11 12:55:24,819 - root - INFO - Token Token-241 waiting for resource 'Tech' at 2025-03-14 12:28:41.469216
2025-03-11 12:55:24,820 - root - INFO - Token Token-242 started task 'Monthly' at 2025-03-14 12:34:20.296641, scheduled to end at 2025-03-14 12:34:20.296641 (processing time: 0.00 min)
2025-03-11 12:55:24,820 - root - INFO - Processing end event: Token Token-242 at node Monthly (Unknown)
2025-03-11 12:55:24,820 - root - INFO - Token Token-242 completed task 'Monthly' at 2025-03-14 12:34:20.296641.
2025-03-11 12:55:24,820 - root - INFO - Next nodes for Monthly: ['Review AM using Asset Change Tracker (5.5.13.1)']
2025-03-11 12:55:24,821 - root - INFO - Scheduling direct next node Review AM using Asset Change Tracker (5.5.13.1)
2025-03-11 12:55:24,821 - root - INFO - Token Token-242 waiting for resource 'Tech' at 2025-03-14 12:34:20.296641
2025-03-11 12:55:24,821 - root - INFO - Token Token-243 started task 'Monthly' at 2025-03-14 12:40:01.887226, scheduled to end at 2025-03-14 12:40:01.887226 (processing time: 0.00 min)
2025-03-11 12:55:24,821 - root - INFO - Processing end event: Token Token-243 at node Monthly (Unknown)
2025-03-11 12:55:24,822 - root - INFO - Token Token-243 completed task 'Monthly' at 2025-03-14 12:40:01.887226.
2025-03-11 12:55:24,822 - root - INFO - Next nodes for Monthly: ['Review AM using Asset Change Tracker (5.5.13.1)']
2025-03-11 12:55:24,822 - root - INFO - Scheduling direct next node Review AM using Asset Change Tracker (5.5.13.1)
2025-03-11 12:55:24,822 - root - INFO - Token Token-243 waiting for resource 'Tech' at 2025-03-14 12:40:01.887226
2025-03-11 12:55:24,822 - root - INFO - Token Token-244 started task 'Monthly' at 2025-03-14 12:45:51.786031, scheduled to end at 2025-03-14 12:45:51.786031 (processing time: 0.00 min)
2025-03-11 12:55:24,823 - root - INFO - Processing end event: Token Token-244 at node Monthly (Unknown)
2025-03-11 12:55:24,823 - root - INFO - Token Token-244 completed task 'Monthly' at 2025-03-14 12:45:51.786031.
2025-03-11 12:55:24,823 - root - INFO - Next nodes for Monthly: ['Review AM using Asset Change Tracker (5.5.13.1)']
2025-03-11 12:55:24,823 - root - INFO - Scheduling direct next node Review AM using Asset Change Tracker (5.5.13.1)
2025-03-11 12:55:24,824 - root - INFO - Token Token-244 waiting for resource 'Tech' at 2025-03-14 12:45:51.786031
2025-03-11 12:55:24,824 - root - INFO - Token Token-245 started task 'Monthly' at 2025-03-14 12:51:38.648722, scheduled to end at 2025-03-14 12:51:38.648722 (processing time: 0.00 min)
2025-03-11 12:55:24,824 - root - INFO - Processing end event: Token Token-245 at node Monthly (Unknown)
2025-03-11 12:55:24,824 - root - INFO - Token Token-245 completed task 'Monthly' at 2025-03-14 12:51:38.648722.
2025-03-11 12:55:24,824 - root - INFO - Next nodes for Monthly: ['Review AM using Asset Change Tracker (5.5.13.1)']
2025-03-11 12:55:24,824 - root - INFO - Scheduling direct next node Review AM using Asset Change Tracker (5.5.13.1)
2025-03-11 12:55:24,824 - root - INFO - Token Token-245 waiting for resource 'Tech' at 2025-03-14 12:51:38.648722
2025-03-11 12:55:24,824 - root - INFO - Token Token-246 started task 'Monthly' at 2025-03-14 12:56:51.149034, scheduled to end at 2025-03-14 12:56:51.149034 (processing time: 0.00 min)
2025-03-11 12:55:24,824 - root - INFO - Processing end event: Token Token-246 at node Monthly (Unknown)
2025-03-11 12:55:24,824 - root - INFO - Token Token-246 completed task 'Monthly' at 2025-03-14 12:56:51.149034.
2025-03-11 12:55:24,824 - root - INFO - Next nodes for Monthly: ['Review AM using Asset Change Tracker (5.5.13.1)']
2025-03-11 12:55:24,824 - root - INFO - Scheduling direct next node Review AM using Asset Change Tracker (5.5.13.1)
2025-03-11 12:55:24,824 - root - INFO - Token Token-246 waiting for resource 'Tech' at 2025-03-14 12:56:51.149034
2025-03-11 12:55:24,824 - root - INFO - Token Token-247 started task 'Monthly' at 2025-03-14 13:02:37.012411, scheduled to end at 2025-03-14 13:02:37.012411 (processing time: 0.00 min)
2025-03-11 12:55:24,824 - root - INFO - Processing end event: Token Token-247 at node Monthly (Unknown)
2025-03-11 12:55:24,824 - root - INFO - Token Token-247 completed task 'Monthly' at 2025-03-14 13:02:37.012411.
2025-03-11 12:55:24,824 - root - INFO - Next nodes for Monthly: ['Review AM using Asset Change Tracker (5.5.13.1)']
2025-03-11 12:55:24,824 - root - INFO - Scheduling direct next node Review AM using Asset Change Tracker (5.5.13.1)
2025-03-11 12:55:24,834 - root - INFO - Token Token-247 waiting for resource 'Tech' at 2025-03-14 13:02:37.012411
2025-03-11 12:55:24,835 - root - INFO - Token Token-248 started task 'Monthly' at 2025-03-14 13:09:03.901522, scheduled to end at 2025-03-14 13:09:03.901522 (processing time: 0.00 min)
2025-03-11 12:55:24,836 - root - INFO - Processing end event: Token Token-248 at node Monthly (Unknown)
2025-03-11 12:55:24,836 - root - INFO - Token Token-248 completed task 'Monthly' at 2025-03-14 13:09:03.901522.
2025-03-11 12:55:24,837 - root - INFO - Next nodes for Monthly: ['Review AM using Asset Change Tracker (5.5.13.1)']
2025-03-11 12:55:24,838 - root - INFO - Scheduling direct next node Review AM using Asset Change Tracker (5.5.13.1)
2025-03-11 12:55:24,838 - root - INFO - Token Token-248 waiting for resource 'Tech' at 2025-03-14 13:09:03.901522
2025-03-11 12:55:24,839 - root - INFO - Token Token-249 started task 'Monthly' at 2025-03-14 13:15:08.542263, scheduled to end at 2025-03-14 13:15:08.542263 (processing time: 0.00 min)
2025-03-11 12:55:24,839 - root - INFO - Processing end event: Token Token-249 at node Monthly (Unknown)
2025-03-11 12:55:24,840 - root - INFO - Token Token-249 completed task 'Monthly' at 2025-03-14 13:15:08.542263.
2025-03-11 12:55:24,841 - root - INFO - Next nodes for Monthly: ['Review AM using Asset Change Tracker (5.5.13.1)']
2025-03-11 12:55:24,841 - root - INFO - Scheduling direct next node Review AM using Asset Change Tracker (5.5.13.1)
2025-03-11 12:55:24,841 - root - INFO - Token Token-249 waiting for resource 'Tech' at 2025-03-14 13:15:08.542263
2025-03-11 12:55:24,842 - root - INFO - Token Token-250 started task 'Monthly' at 2025-03-14 13:21:22.956566, scheduled to end at 2025-03-14 13:21:22.956566 (processing time: 0.00 min)
2025-03-11 12:55:24,842 - root - INFO - Processing end event: Token Token-250 at node Monthly (Unknown)
2025-03-11 12:55:24,843 - root - INFO - Token Token-250 completed task 'Monthly' at 2025-03-14 13:21:22.956566.
2025-03-11 12:55:24,843 - root - INFO - Next nodes for Monthly: ['Review AM using Asset Change Tracker (5.5.13.1)']
2025-03-11 12:55:24,844 - root - INFO - Scheduling direct next node Review AM using Asset Change Tracker (5.5.13.1)
2025-03-11 12:55:24,845 - root - INFO - Token Token-250 waiting for resource 'Tech' at 2025-03-14 13:21:22.956566
2025-03-11 12:55:24,846 - root - INFO - Token Token-251 started task 'Monthly' at 2025-03-14 13:26:56.541006, scheduled to end at 2025-03-14 13:26:56.541006 (processing time: 0.00 min)
2025-03-11 12:55:24,847 - root - INFO - Processing end event: Token Token-251 at node Monthly (Unknown)
2025-03-11 12:55:24,851 - root - INFO - Token Token-251 completed task 'Monthly' at 2025-03-14 13:26:56.541006.
2025-03-11 12:55:24,862 - root - INFO - Next nodes for Monthly: ['Review AM using Asset Change Tracker (5.5.13.1)']
2025-03-11 12:55:24,862 - root - INFO - Scheduling direct next node Review AM using Asset Change Tracker (5.5.13.1)
2025-03-11 12:55:24,862 - root - INFO - Token Token-251 waiting for resource 'Tech' at 2025-03-14 13:26:56.541006
2025-03-11 12:55:24,862 - root - INFO - Token Token-252 started task 'Monthly' at 2025-03-14 13:32:22.685226, scheduled to end at 2025-03-14 13:32:22.685226 (processing time: 0.00 min)
2025-03-11 12:55:24,862 - root - INFO - Processing end event: Token Token-252 at node Monthly (Unknown)
2025-03-11 12:55:24,862 - root - INFO - Token Token-252 completed task 'Monthly' at 2025-03-14 13:32:22.685226.
2025-03-11 12:55:24,862 - root - INFO - Next nodes for Monthly: ['Review AM using Asset Change Tracker (5.5.13.1)']
2025-03-11 12:55:24,862 - root - INFO - Scheduling direct next node Review AM using Asset Change Tracker (5.5.13.1)
2025-03-11 12:55:24,862 - root - INFO - Token Token-252 waiting for resource 'Tech' at 2025-03-14 13:32:22.685226
2025-03-11 12:55:24,862 - root - INFO - Token Token-253 started task 'Monthly' at 2025-03-14 13:38:35.873675, scheduled to end at 2025-03-14 13:38:35.873675 (processing time: 0.00 min)
2025-03-11 12:55:24,862 - root - INFO - Processing end event: Token Token-253 at node Monthly (Unknown)
2025-03-11 12:55:24,869 - root - INFO - Token Token-253 completed task 'Monthly' at 2025-03-14 13:38:35.873675.
2025-03-11 12:55:24,869 - root - INFO - Next nodes for Monthly: ['Review AM using Asset Change Tracker (5.5.13.1)']
2025-03-11 12:55:24,870 - root - INFO - Scheduling direct next node Review AM using Asset Change Tracker (5.5.13.1)
2025-03-11 12:55:24,870 - root - INFO - Token Token-253 waiting for resource 'Tech' at 2025-03-14 13:38:35.873675
2025-03-11 12:55:24,870 - root - INFO - Token Token-254 started task 'Monthly' at 2025-03-14 13:44:30.415204, scheduled to end at 2025-03-14 13:44:30.415204 (processing time: 0.00 min)
2025-03-11 12:55:24,870 - root - INFO - Processing end event: Token Token-254 at node Monthly (Unknown)
2025-03-11 12:55:24,870 - root - INFO - Token Token-254 completed task 'Monthly' at 2025-03-14 13:44:30.415204.
2025-03-11 12:55:24,870 - root - INFO - Next nodes for Monthly: ['Review AM using Asset Change Tracker (5.5.13.1)']
2025-03-11 12:55:24,870 - root - INFO - Scheduling direct next node Review AM using Asset Change Tracker (5.5.13.1)
2025-03-11 12:55:24,870 - root - INFO - Token Token-254 waiting for resource 'Tech' at 2025-03-14 13:44:30.415204
2025-03-11 12:55:24,870 - root - INFO - Token Token-255 started task 'Monthly' at 2025-03-14 13:50:04.479902, scheduled to end at 2025-03-14 13:50:04.479902 (processing time: 0.00 min)
2025-03-11 12:55:24,870 - root - INFO - Processing end event: Token Token-255 at node Monthly (Unknown)
2025-03-11 12:55:24,870 - root - INFO - Token Token-255 completed task 'Monthly' at 2025-03-14 13:50:04.479902.
2025-03-11 12:55:24,870 - root - INFO - Next nodes for Monthly: ['Review AM using Asset Change Tracker (5.5.13.1)']
2025-03-11 12:55:24,870 - root - INFO - Scheduling direct next node Review AM using Asset Change Tracker (5.5.13.1)
2025-03-11 12:55:24,870 - root - INFO - Token Token-255 waiting for resource 'Tech' at 2025-03-14 13:50:04.479902
2025-03-11 12:55:24,870 - root - INFO - Token Token-256 started task 'Monthly' at 2025-03-14 13:56:19.791283, scheduled to end at 2025-03-14 13:56:19.791283 (processing time: 0.00 min)
2025-03-11 12:55:24,870 - root - INFO - Processing end event: Token Token-256 at node Monthly (Unknown)
2025-03-11 12:55:24,870 - root - INFO - Token Token-256 completed task 'Monthly' at 2025-03-14 13:56:19.791283.
2025-03-11 12:55:24,870 - root - INFO - Next nodes for Monthly: ['Review AM using Asset Change Tracker (5.5.13.1)']
2025-03-11 12:55:24,870 - root - INFO - Scheduling direct next node Review AM using Asset Change Tracker (5.5.13.1)
2025-03-11 12:55:24,870 - root - INFO - Token Token-256 waiting for resource 'Tech' at 2025-03-14 13:56:19.791283
2025-03-11 12:55:24,870 - root - INFO - Token Token-257 started task 'Monthly' at 2025-03-17 08:00:00, scheduled to end at 2025-03-17 08:00:00 (processing time: 0.00 min)
2025-03-11 12:55:24,870 - root - INFO - Processing end event: Token Token-257 at node Monthly (Unknown)
2025-03-11 12:55:24,870 - root - INFO - Token Token-257 completed task 'Monthly' at 2025-03-17 08:00:00.
2025-03-11 12:55:24,870 - root - INFO - Next nodes for Monthly: ['Review AM using Asset Change Tracker (5.5.13.1)']
2025-03-11 12:55:24,870 - root - INFO - Scheduling direct next node Review AM using Asset Change Tracker (5.5.13.1)
2025-03-11 12:55:24,870 - root - INFO - Token Token-257 waiting for resource 'Tech' at 2025-03-17 08:00:00
2025-03-11 12:55:24,870 - root - INFO - Token Token-258 started task 'Monthly' at 2025-03-17 08:05:26.377038, scheduled to end at 2025-03-17 08:05:26.377038 (processing time: 0.00 min)
2025-03-11 12:55:24,870 - root - INFO - Processing end event: Token Token-258 at node Monthly (Unknown)
2025-03-11 12:55:24,870 - root - INFO - Token Token-258 completed task 'Monthly' at 2025-03-17 08:05:26.377038.
2025-03-11 12:55:24,870 - root - INFO - Next nodes for Monthly: ['Review AM using Asset Change Tracker (5.5.13.1)']
2025-03-11 12:55:24,877 - root - INFO - Scheduling direct next node Review AM using Asset Change Tracker (5.5.13.1)
2025-03-11 12:55:24,877 - root - INFO - Token Token-258 waiting for resource 'Tech' at 2025-03-17 08:05:26.377038
2025-03-11 12:55:24,877 - root - INFO - Token Token-259 started task 'Monthly' at 2025-03-17 08:11:30.337840, scheduled to end at 2025-03-17 08:11:30.337840 (processing time: 0.00 min)
2025-03-11 12:55:24,877 - root - INFO - Processing end event: Token Token-259 at node Monthly (Unknown)
2025-03-11 12:55:24,878 - root - INFO - Token Token-259 completed task 'Monthly' at 2025-03-17 08:11:30.337840.
2025-03-11 12:55:24,878 - root - INFO - Next nodes for Monthly: ['Review AM using Asset Change Tracker (5.5.13.1)']
2025-03-11 12:55:24,879 - root - INFO - Scheduling direct next node Review AM using Asset Change Tracker (5.5.13.1)
2025-03-11 12:55:24,879 - root - INFO - Token Token-259 waiting for resource 'Tech' at 2025-03-17 08:11:30.337840
2025-03-11 12:55:24,879 - root - INFO - Token Token-260 started task 'Monthly' at 2025-03-17 08:17:49.702526, scheduled to end at 2025-03-17 08:17:49.702526 (processing time: 0.00 min)
2025-03-11 12:55:24,879 - root - INFO - Processing end event: Token Token-260 at node Monthly (Unknown)
2025-03-11 12:55:24,880 - root - INFO - Token Token-260 completed task 'Monthly' at 2025-03-17 08:17:49.702526.
2025-03-11 12:55:24,880 - root - INFO - Next nodes for Monthly: ['Review AM using Asset Change Tracker (5.5.13.1)']
2025-03-11 12:55:24,880 - root - INFO - Scheduling direct next node Review AM using Asset Change Tracker (5.5.13.1)
2025-03-11 12:55:24,880 - root - INFO - Token Token-260 waiting for resource 'Tech' at 2025-03-17 08:17:49.702526
2025-03-11 12:55:24,881 - root - INFO - Token Token-261 started task 'Monthly' at 2025-03-17 08:23:20.226369, scheduled to end at 2025-03-17 08:23:20.226369 (processing time: 0.00 min)
2025-03-11 12:55:24,881 - root - INFO - Processing end event: Token Token-261 at node Monthly (Unknown)
2025-03-11 12:55:24,881 - root - INFO - Token Token-261 completed task 'Monthly' at 2025-03-17 08:23:20.226369.
2025-03-11 12:55:24,881 - root - INFO - Next nodes for Monthly: ['Review AM using Asset Change Tracker (5.5.13.1)']
2025-03-11 12:55:24,882 - root - INFO - Scheduling direct next node Review AM using Asset Change Tracker (5.5.13.1)
2025-03-11 12:55:24,882 - root - INFO - Token Token-261 waiting for resource 'Tech' at 2025-03-17 08:23:20.226369
2025-03-11 12:55:24,882 - root - INFO - Token Token-262 started task 'Monthly' at 2025-03-17 08:29:14.782590, scheduled to end at 2025-03-17 08:29:14.782590 (processing time: 0.00 min)
2025-03-11 12:55:24,882 - root - INFO - Processing end event: Token Token-262 at node Monthly (Unknown)
2025-03-11 12:55:24,883 - root - INFO - Token Token-262 completed task 'Monthly' at 2025-03-17 08:29:14.782590.
2025-03-11 12:55:24,884 - root - INFO - Next nodes for Monthly: ['Review AM using Asset Change Tracker (5.5.13.1)']
2025-03-11 12:55:24,884 - root - INFO - Scheduling direct next node Review AM using Asset Change Tracker (5.5.13.1)
2025-03-11 12:55:24,885 - root - INFO - Token Token-262 waiting for resource 'Tech' at 2025-03-17 08:29:14.782590
2025-03-11 12:55:24,885 - root - INFO - Token Token-263 started task 'Monthly' at 2025-03-17 08:35:29.363906, scheduled to end at 2025-03-17 08:35:29.363906 (processing time: 0.00 min)
2025-03-11 12:55:24,885 - root - INFO - Processing end event: Token Token-263 at node Monthly (Unknown)
2025-03-11 12:55:24,886 - root - INFO - Token Token-263 completed task 'Monthly' at 2025-03-17 08:35:29.363906.
2025-03-11 12:55:24,886 - root - INFO - Next nodes for Monthly: ['Review AM using Asset Change Tracker (5.5.13.1)']
2025-03-11 12:55:24,887 - root - INFO - Scheduling direct next node Review AM using Asset Change Tracker (5.5.13.1)
2025-03-11 12:55:24,887 - root - INFO - Token Token-263 waiting for resource 'Tech' at 2025-03-17 08:35:29.363906
2025-03-11 12:55:24,887 - root - INFO - Token Token-264 started task 'Monthly' at 2025-03-17 08:41:51.133093, scheduled to end at 2025-03-17 08:41:51.133093 (processing time: 0.00 min)
2025-03-11 12:55:24,888 - root - INFO - Processing end event: Token Token-264 at node Monthly (Unknown)
2025-03-11 12:55:24,888 - root - INFO - Token Token-264 completed task 'Monthly' at 2025-03-17 08:41:51.133093.
2025-03-11 12:55:24,889 - root - INFO - Next nodes for Monthly: ['Review AM using Asset Change Tracker (5.5.13.1)']
2025-03-11 12:55:24,889 - root - INFO - Scheduling direct next node Review AM using Asset Change Tracker (5.5.13.1)
2025-03-11 12:55:24,889 - root - INFO - Token Token-264 waiting for resource 'Tech' at 2025-03-17 08:41:51.133093
2025-03-11 12:55:24,890 - root - INFO - Token Token-265 started task 'Monthly' at 2025-03-17 08:47:22.565013, scheduled to end at 2025-03-17 08:47:22.565013 (processing time: 0.00 min)
2025-03-11 12:55:24,890 - root - INFO - Processing end event: Token Token-265 at node Monthly (Unknown)
2025-03-11 12:55:24,891 - root - INFO - Token Token-265 completed task 'Monthly' at 2025-03-17 08:47:22.565013.
2025-03-11 12:55:24,891 - root - INFO - Next nodes for Monthly: ['Review AM using Asset Change Tracker (5.5.13.1)']
2025-03-11 12:55:24,891 - root - INFO - Scheduling direct next node Review AM using Asset Change Tracker (5.5.13.1)
2025-03-11 12:55:24,892 - root - INFO - Token Token-265 waiting for resource 'Tech' at 2025-03-17 08:47:22.565013
2025-03-11 12:55:24,892 - root - INFO - Token Token-266 started task 'Monthly' at 2025-03-17 08:52:01.787930, scheduled to end at 2025-03-17 08:52:01.787930 (processing time: 0.00 min)
2025-03-11 12:55:24,893 - root - INFO - Processing end event: Token Token-266 at node Monthly (Unknown)
2025-03-11 12:55:24,893 - root - INFO - Token Token-266 completed task 'Monthly' at 2025-03-17 08:52:01.787930.
2025-03-11 12:55:24,893 - root - INFO - Next nodes for Monthly: ['Review AM using Asset Change Tracker (5.5.13.1)']
2025-03-11 12:55:24,894 - root - INFO - Scheduling direct next node Review AM using Asset Change Tracker (5.5.13.1)
2025-03-11 12:55:24,894 - root - INFO - Token Token-266 waiting for resource 'Tech' at 2025-03-17 08:52:01.787930
2025-03-11 12:55:24,895 - root - INFO - Token Token-267 started task 'Monthly' at 2025-03-17 08:57:17.069273, scheduled to end at 2025-03-17 08:57:17.069273 (processing time: 0.00 min)
2025-03-11 12:55:24,895 - root - INFO - Processing end event: Token Token-267 at node Monthly (Unknown)
2025-03-11 12:55:24,895 - root - INFO - Token Token-267 completed task 'Monthly' at 2025-03-17 08:57:17.069273.
2025-03-11 12:55:24,896 - root - INFO - Next nodes for Monthly: ['Review AM using Asset Change Tracker (5.5.13.1)']
2025-03-11 12:55:24,896 - root - INFO - Scheduling direct next node Review AM using Asset Change Tracker (5.5.13.1)
2025-03-11 12:55:24,897 - root - INFO - Token Token-267 waiting for resource 'Tech' at 2025-03-17 08:57:17.069273
2025-03-11 12:55:24,897 - root - INFO - Token Token-268 started task 'Monthly' at 2025-03-17 09:02:53.744290, scheduled to end at 2025-03-17 09:02:53.744290 (processing time: 0.00 min)
2025-03-11 12:55:24,897 - root - INFO - Processing end event: Token Token-268 at node Monthly (Unknown)
2025-03-11 12:55:24,897 - root - INFO - Token Token-268 completed task 'Monthly' at 2025-03-17 09:02:53.744290.
2025-03-11 12:55:24,898 - root - INFO - Next nodes for Monthly: ['Review AM using Asset Change Tracker (5.5.13.1)']
2025-03-11 12:55:24,921 - root - INFO - Scheduling direct next node Review AM using Asset Change Tracker (5.5.13.1)
2025-03-11 12:55:24,921 - root - INFO - Token Token-268 waiting for resource 'Tech' at 2025-03-17 09:02:53.744290
2025-03-11 12:55:24,921 - root - INFO - Token Token-269 started task 'Monthly' at 2025-03-17 09:09:15.781596, scheduled to end at 2025-03-17 09:09:15.781596 (processing time: 0.00 min)
2025-03-11 12:55:24,921 - root - INFO - Processing end event: Token Token-269 at node Monthly (Unknown)
2025-03-11 12:55:24,921 - root - INFO - Token Token-269 completed task 'Monthly' at 2025-03-17 09:09:15.781596.
2025-03-11 12:55:24,921 - root - INFO - Next nodes for Monthly: ['Review AM using Asset Change Tracker (5.5.13.1)']
2025-03-11 12:55:24,921 - root - INFO - Scheduling direct next node Review AM using Asset Change Tracker (5.5.13.1)
2025-03-11 12:55:24,921 - root - INFO - Token Token-269 waiting for resource 'Tech' at 2025-03-17 09:09:15.781596
2025-03-11 12:55:24,921 - root - INFO - Token Token-270 started task 'Monthly' at 2025-03-17 09:15:36.557804, scheduled to end at 2025-03-17 09:15:36.557804 (processing time: 0.00 min)
2025-03-11 12:55:24,921 - root - INFO - Processing end event: Token Token-270 at node Monthly (Unknown)
2025-03-11 12:55:24,921 - root - INFO - Token Token-270 completed task 'Monthly' at 2025-03-17 09:15:36.557804.
2025-03-11 12:55:24,921 - root - INFO - Next nodes for Monthly: ['Review AM using Asset Change Tracker (5.5.13.1)']
2025-03-11 12:55:24,921 - root - INFO - Scheduling direct next node Review AM using Asset Change Tracker (5.5.13.1)
2025-03-11 12:55:24,921 - root - INFO - Token Token-270 waiting for resource 'Tech' at 2025-03-17 09:15:36.557804
2025-03-11 12:55:24,921 - root - INFO - Token Token-271 started task 'Monthly' at 2025-03-17 09:21:04.502850, scheduled to end at 2025-03-17 09:21:04.502850 (processing time: 0.00 min)
2025-03-11 12:55:24,921 - root - INFO - Processing end event: Token Token-271 at node Monthly (Unknown)
2025-03-11 12:55:24,921 - root - INFO - Token Token-271 completed task 'Monthly' at 2025-03-17 09:21:04.502850.
2025-03-11 12:55:24,921 - root - INFO - Next nodes for Monthly: ['Review AM using Asset Change Tracker (5.5.13.1)']
2025-03-11 12:55:24,921 - root - INFO - Scheduling direct next node Review AM using Asset Change Tracker (5.5.13.1)
2025-03-11 12:55:24,921 - root - INFO - Token Token-271 waiting for resource 'Tech' at 2025-03-17 09:21:04.502850
2025-03-11 12:55:24,921 - root - INFO - Token Token-272 started task 'Monthly' at 2025-03-17 09:26:15.416471, scheduled to end at 2025-03-17 09:26:15.416471 (processing time: 0.00 min)
2025-03-11 12:55:24,921 - root - INFO - Processing end event: Token Token-272 at node Monthly (Unknown)
2025-03-11 12:55:24,921 - root - INFO - Token Token-272 completed task 'Monthly' at 2025-03-17 09:26:15.416471.
2025-03-11 12:55:24,921 - root - INFO - Next nodes for Monthly: ['Review AM using Asset Change Tracker (5.5.13.1)']
2025-03-11 12:55:24,921 - root - INFO - Scheduling direct next node Review AM using Asset Change Tracker (5.5.13.1)
2025-03-11 12:55:24,921 - root - INFO - Token Token-272 waiting for resource 'Tech' at 2025-03-17 09:26:15.416471
2025-03-11 12:55:24,928 - root - INFO - Token Token-273 started task 'Monthly' at 2025-03-17 09:31:53.769918, scheduled to end at 2025-03-17 09:31:53.769918 (processing time: 0.00 min)
2025-03-11 12:55:24,930 - root - INFO - Processing end event: Token Token-273 at node Monthly (Unknown)
2025-03-11 12:55:24,931 - root - INFO - Token Token-273 completed task 'Monthly' at 2025-03-17 09:31:53.769918.
2025-03-11 12:55:24,931 - root - INFO - Next nodes for Monthly: ['Review AM using Asset Change Tracker (5.5.13.1)']
2025-03-11 12:55:24,931 - root - INFO - Scheduling direct next node Review AM using Asset Change Tracker (5.5.13.1)
2025-03-11 12:55:24,931 - root - INFO - Token Token-273 waiting for resource 'Tech' at 2025-03-17 09:31:53.769918
2025-03-11 12:55:24,931 - root - INFO - Token Token-274 started task 'Monthly' at 2025-03-17 09:38:15.473789, scheduled to end at 2025-03-17 09:38:15.473789 (processing time: 0.00 min)
2025-03-11 12:55:24,932 - root - INFO - Processing end event: Token Token-274 at node Monthly (Unknown)
2025-03-11 12:55:24,932 - root - INFO - Token Token-274 completed task 'Monthly' at 2025-03-17 09:38:15.473789.
2025-03-11 12:55:24,932 - root - INFO - Next nodes for Monthly: ['Review AM using Asset Change Tracker (5.5.13.1)']
2025-03-11 12:55:24,932 - root - INFO - Scheduling direct next node Review AM using Asset Change Tracker (5.5.13.1)
2025-03-11 12:55:24,933 - root - INFO - Token Token-274 waiting for resource 'Tech' at 2025-03-17 09:38:15.473789
2025-03-11 12:55:24,933 - root - INFO - Token Token-275 started task 'Monthly' at 2025-03-17 09:44:24.160624, scheduled to end at 2025-03-17 09:44:24.160624 (processing time: 0.00 min)
2025-03-11 12:55:24,933 - root - INFO - Processing end event: Token Token-275 at node Monthly (Unknown)
2025-03-11 12:55:24,933 - root - INFO - Token Token-275 completed task 'Monthly' at 2025-03-17 09:44:24.160624.
2025-03-11 12:55:24,933 - root - INFO - Next nodes for Monthly: ['Review AM using Asset Change Tracker (5.5.13.1)']
2025-03-11 12:55:24,934 - root - INFO - Scheduling direct next node Review AM using Asset Change Tracker (5.5.13.1)
2025-03-11 12:55:24,934 - root - INFO - Token Token-275 waiting for resource 'Tech' at 2025-03-17 09:44:24.160624
2025-03-11 12:55:24,934 - root - INFO - Token Token-276 started task 'Monthly' at 2025-03-17 09:50:17.285405, scheduled to end at 2025-03-17 09:50:17.285405 (processing time: 0.00 min)
2025-03-11 12:55:24,934 - root - INFO - Processing end event: Token Token-276 at node Monthly (Unknown)
2025-03-11 12:55:24,935 - root - INFO - Token Token-276 completed task 'Monthly' at 2025-03-17 09:50:17.285405.
2025-03-11 12:55:24,935 - root - INFO - Next nodes for Monthly: ['Review AM using Asset Change Tracker (5.5.13.1)']
2025-03-11 12:55:24,935 - root - INFO - Scheduling direct next node Review AM using Asset Change Tracker (5.5.13.1)
2025-03-11 12:55:24,936 - root - INFO - Token Token-276 waiting for resource 'Tech' at 2025-03-17 09:50:17.285405
2025-03-11 12:55:24,936 - root - INFO - Token Token-277 started task 'Monthly' at 2025-03-17 09:55:51.010313, scheduled to end at 2025-03-17 09:55:51.010313 (processing time: 0.00 min)
2025-03-11 12:55:24,936 - root - INFO - Processing end event: Token Token-277 at node Monthly (Unknown)
2025-03-11 12:55:24,936 - root - INFO - Token Token-277 completed task 'Monthly' at 2025-03-17 09:55:51.010313.
2025-03-11 12:55:24,937 - root - INFO - Next nodes for Monthly: ['Review AM using Asset Change Tracker (5.5.13.1)']
2025-03-11 12:55:24,937 - root - INFO - Scheduling direct next node Review AM using Asset Change Tracker (5.5.13.1)
2025-03-11 12:55:24,937 - root - INFO - Token Token-277 waiting for resource 'Tech' at 2025-03-17 09:55:51.010313
2025-03-11 12:55:24,937 - root - INFO - Token Token-278 started task 'Monthly' at 2025-03-17 10:02:06.516364, scheduled to end at 2025-03-17 10:02:06.516364 (processing time: 0.00 min)
2025-03-11 12:55:24,937 - root - INFO - Processing end event: Token Token-278 at node Monthly (Unknown)
2025-03-11 12:55:24,938 - root - INFO - Token Token-278 completed task 'Monthly' at 2025-03-17 10:02:06.516364.
2025-03-11 12:55:24,938 - root - INFO - Next nodes for Monthly: ['Review AM using Asset Change Tracker (5.5.13.1)']
2025-03-11 12:55:24,938 - root - INFO - Scheduling direct next node Review AM using Asset Change Tracker (5.5.13.1)
2025-03-11 12:55:24,938 - root - INFO - Token Token-278 waiting for resource 'Tech' at 2025-03-17 10:02:06.516364
2025-03-11 12:55:24,939 - root - INFO - Token Token-279 started task 'Monthly' at 2025-03-17 10:07:58.260023, scheduled to end at 2025-03-17 10:07:58.260023 (processing time: 0.00 min)
2025-03-11 12:55:24,939 - root - INFO - Processing end event: Token Token-279 at node Monthly (Unknown)
2025-03-11 12:55:24,939 - root - INFO - Token Token-279 completed task 'Monthly' at 2025-03-17 10:07:58.260023.
2025-03-11 12:55:24,939 - root - INFO - Next nodes for Monthly: ['Review AM using Asset Change Tracker (5.5.13.1)']
2025-03-11 12:55:24,940 - root - INFO - Scheduling direct next node Review AM using Asset Change Tracker (5.5.13.1)
2025-03-11 12:55:24,940 - root - INFO - Token Token-279 waiting for resource 'Tech' at 2025-03-17 10:07:58.260023
2025-03-11 12:55:24,940 - root - INFO - Token Token-280 started task 'Monthly' at 2025-03-17 10:13:07.773419, scheduled to end at 2025-03-17 10:13:07.773419 (processing time: 0.00 min)
2025-03-11 12:55:24,940 - root - INFO - Processing end event: Token Token-280 at node Monthly (Unknown)
2025-03-11 12:55:24,941 - root - INFO - Token Token-280 completed task 'Monthly' at 2025-03-17 10:13:07.773419.
2025-03-11 12:55:24,941 - root - INFO - Next nodes for Monthly: ['Review AM using Asset Change Tracker (5.5.13.1)']
2025-03-11 12:55:24,941 - root - INFO - Scheduling direct next node Review AM using Asset Change Tracker (5.5.13.1)
2025-03-11 12:55:24,941 - root - INFO - Token Token-280 waiting for resource 'Tech' at 2025-03-17 10:13:07.773419
2025-03-11 12:55:24,941 - root - INFO - Token Token-281 started task 'Monthly' at 2025-03-17 10:19:28.707125, scheduled to end at 2025-03-17 10:19:28.707125 (processing time: 0.00 min)
2025-03-11 12:55:24,942 - root - INFO - Processing end event: Token Token-281 at node Monthly (Unknown)
2025-03-11 12:55:24,942 - root - INFO - Token Token-281 completed task 'Monthly' at 2025-03-17 10:19:28.707125.
2025-03-11 12:55:24,942 - root - INFO - Next nodes for Monthly: ['Review AM using Asset Change Tracker (5.5.13.1)']
2025-03-11 12:55:24,942 - root - INFO - Scheduling direct next node Review AM using Asset Change Tracker (5.5.13.1)
2025-03-11 12:55:24,944 - root - INFO - Token Token-281 waiting for resource 'Tech' at 2025-03-17 10:19:28.707125
2025-03-11 12:55:24,945 - root - INFO - Token Token-282 started task 'Monthly' at 2025-03-17 10:25:07.057677, scheduled to end at 2025-03-17 10:25:07.057677 (processing time: 0.00 min)
2025-03-11 12:55:24,945 - root - INFO - Processing end event: Token Token-282 at node Monthly (Unknown)
2025-03-11 12:55:24,946 - root - INFO - Token Token-282 completed task 'Monthly' at 2025-03-17 10:25:07.057677.
2025-03-11 12:55:24,946 - root - INFO - Next nodes for Monthly: ['Review AM using Asset Change Tracker (5.5.13.1)']
2025-03-11 12:55:24,946 - root - INFO - Scheduling direct next node Review AM using Asset Change Tracker (5.5.13.1)
2025-03-11 12:55:24,947 - root - INFO - Token Token-282 waiting for resource 'Tech' at 2025-03-17 10:25:07.057677
2025-03-11 12:55:24,949 - root - INFO - Token Token-283 started task 'Monthly' at 2025-03-17 10:29:55.105056, scheduled to end at 2025-03-17 10:29:55.105056 (processing time: 0.00 min)
2025-03-11 12:55:24,949 - root - INFO - Processing end event: Token Token-283 at node Monthly (Unknown)
2025-03-11 12:55:24,950 - root - INFO - Token Token-283 completed task 'Monthly' at 2025-03-17 10:29:55.105056.
2025-03-11 12:55:24,970 - root - INFO - Next nodes for Monthly: ['Review AM using Asset Change Tracker (5.5.13.1)']
2025-03-11 12:55:24,971 - root - INFO - Scheduling direct next node Review AM using Asset Change Tracker (5.5.13.1)
2025-03-11 12:55:24,972 - root - INFO - Token Token-283 waiting for resource 'Tech' at 2025-03-17 10:29:55.105056
2025-03-11 12:55:24,972 - root - INFO - Token Token-284 started task 'Monthly' at 2025-03-17 10:35:04.775291, scheduled to end at 2025-03-17 10:35:04.775291 (processing time: 0.00 min)
2025-03-11 12:55:24,973 - root - INFO - Processing end event: Token Token-284 at node Monthly (Unknown)
2025-03-11 12:55:24,973 - root - INFO - Token Token-284 completed task 'Monthly' at 2025-03-17 10:35:04.775291.
2025-03-11 12:55:24,974 - root - INFO - Next nodes for Monthly: ['Review AM using Asset Change Tracker (5.5.13.1)']
2025-03-11 12:55:24,974 - root - INFO - Scheduling direct next node Review AM using Asset Change Tracker (5.5.13.1)
2025-03-11 12:55:24,974 - root - INFO - Token Token-284 waiting for resource 'Tech' at 2025-03-17 10:35:04.775291
2025-03-11 12:55:24,974 - root - INFO - Token Token-285 started task 'Monthly' at 2025-03-17 10:39:42.053249, scheduled to end at 2025-03-17 10:39:42.053249 (processing time: 0.00 min)
2025-03-11 12:55:24,975 - root - INFO - Processing end event: Token Token-285 at node Monthly (Unknown)
2025-03-11 12:55:24,975 - root - INFO - Token Token-285 completed task 'Monthly' at 2025-03-17 10:39:42.053249.
2025-03-11 12:55:24,976 - root - INFO - Next nodes for Monthly: ['Review AM using Asset Change Tracker (5.5.13.1)']
2025-03-11 12:55:24,978 - root - INFO - Scheduling direct next node Review AM using Asset Change Tracker (5.5.13.1)
2025-03-11 12:55:24,978 - root - INFO - Token Token-285 waiting for resource 'Tech' at 2025-03-17 10:39:42.053249
2025-03-11 12:55:24,978 - root - INFO - Token Token-286 started task 'Monthly' at 2025-03-17 10:44:30.960993, scheduled to end at 2025-03-17 10:44:30.960993 (processing time: 0.00 min)
2025-03-11 12:55:24,979 - root - INFO - Processing end event: Token Token-286 at node Monthly (Unknown)
2025-03-11 12:55:24,979 - root - INFO - Token Token-286 completed task 'Monthly' at 2025-03-17 10:44:30.960993.
2025-03-11 12:55:24,980 - root - INFO - Next nodes for Monthly: ['Review AM using Asset Change Tracker (5.5.13.1)']
2025-03-11 12:55:24,980 - root - INFO - Scheduling direct next node Review AM using Asset Change Tracker (5.5.13.1)
2025-03-11 12:55:24,981 - root - INFO - Token Token-286 waiting for resource 'Tech' at 2025-03-17 10:44:30.960993
2025-03-11 12:55:24,981 - root - INFO - Token Token-287 started task 'Monthly' at 2025-03-17 10:50:22.548903, scheduled to end at 2025-03-17 10:50:22.548903 (processing time: 0.00 min)
2025-03-11 12:55:24,981 - root - INFO - Processing end event: Token Token-287 at node Monthly (Unknown)
2025-03-11 12:55:24,981 - root - INFO - Token Token-287 completed task 'Monthly' at 2025-03-17 10:50:22.548903.
2025-03-11 12:55:24,981 - root - INFO - Next nodes for Monthly: ['Review AM using Asset Change Tracker (5.5.13.1)']
2025-03-11 12:55:24,981 - root - INFO - Scheduling direct next node Review AM using Asset Change Tracker (5.5.13.1)
2025-03-11 12:55:24,981 - root - INFO - Token Token-287 waiting for resource 'Tech' at 2025-03-17 10:50:22.548903
2025-03-11 12:55:24,981 - root - INFO - Token Token-288 started task 'Monthly' at 2025-03-17 10:56:33.763765, scheduled to end at 2025-03-17 10:56:33.763765 (processing time: 0.00 min)
2025-03-11 12:55:24,981 - root - INFO - Processing end event: Token Token-288 at node Monthly (Unknown)
2025-03-11 12:55:24,981 - root - INFO - Token Token-288 completed task 'Monthly' at 2025-03-17 10:56:33.763765.
2025-03-11 12:55:24,981 - root - INFO - Next nodes for Monthly: ['Review AM using Asset Change Tracker (5.5.13.1)']
2025-03-11 12:55:24,981 - root - INFO - Scheduling direct next node Review AM using Asset Change Tracker (5.5.13.1)
2025-03-11 12:55:24,981 - root - INFO - Token Token-288 waiting for resource 'Tech' at 2025-03-17 10:56:33.763765
2025-03-11 12:55:24,981 - root - INFO - Token Token-289 started task 'Monthly' at 2025-03-17 11:02:46.188637, scheduled to end at 2025-03-17 11:02:46.188637 (processing time: 0.00 min)
2025-03-11 12:55:24,981 - root - INFO - Processing end event: Token Token-289 at node Monthly (Unknown)
2025-03-11 12:55:24,981 - root - INFO - Token Token-289 completed task 'Monthly' at 2025-03-17 11:02:46.188637.
2025-03-11 12:55:24,981 - root - INFO - Next nodes for Monthly: ['Review AM using Asset Change Tracker (5.5.13.1)']
2025-03-11 12:55:24,981 - root - INFO - Scheduling direct next node Review AM using Asset Change Tracker (5.5.13.1)
2025-03-11 12:55:24,981 - root - INFO - Token Token-289 waiting for resource 'Tech' at 2025-03-17 11:02:46.188637
2025-03-11 12:55:24,981 - root - INFO - Token Token-290 started task 'Monthly' at 2025-03-17 11:09:11.048994, scheduled to end at 2025-03-17 11:09:11.048994 (processing time: 0.00 min)
2025-03-11 12:55:24,981 - root - INFO - Processing end event: Token Token-290 at node Monthly (Unknown)
2025-03-11 12:55:24,981 - root - INFO - Token Token-290 completed task 'Monthly' at 2025-03-17 11:09:11.048994.
2025-03-11 12:55:24,981 - root - INFO - Next nodes for Monthly: ['Review AM using Asset Change Tracker (5.5.13.1)']
2025-03-11 12:55:24,981 - root - INFO - Scheduling direct next node Review AM using Asset Change Tracker (5.5.13.1)
2025-03-11 12:55:24,981 - root - INFO - Token Token-290 waiting for resource 'Tech' at 2025-03-17 11:09:11.048994
2025-03-11 12:55:24,988 - root - INFO - Token Token-291 started task 'Monthly' at 2025-03-17 11:14:18.234467, scheduled to end at 2025-03-17 11:14:18.234467 (processing time: 0.00 min)
2025-03-11 12:55:24,989 - root - INFO - Processing end event: Token Token-291 at node Monthly (Unknown)
2025-03-11 12:55:24,989 - root - INFO - Token Token-291 completed task 'Monthly' at 2025-03-17 11:14:18.234467.
2025-03-11 12:55:24,989 - root - INFO - Next nodes for Monthly: ['Review AM using Asset Change Tracker (5.5.13.1)']
2025-03-11 12:55:24,989 - root - INFO - Scheduling direct next node Review AM using Asset Change Tracker (5.5.13.1)
2025-03-11 12:55:24,990 - root - INFO - Token Token-291 waiting for resource 'Tech' at 2025-03-17 11:14:18.234467
2025-03-11 12:55:24,990 - root - INFO - Token Token-292 started task 'Monthly' at 2025-03-17 11:20:11.968141, scheduled to end at 2025-03-17 11:20:11.968141 (processing time: 0.00 min)
2025-03-11 12:55:24,990 - root - INFO - Processing end event: Token Token-292 at node Monthly (Unknown)
2025-03-11 12:55:24,991 - root - INFO - Token Token-292 completed task 'Monthly' at 2025-03-17 11:20:11.968141.
2025-03-11 12:55:24,991 - root - INFO - Next nodes for Monthly: ['Review AM using Asset Change Tracker (5.5.13.1)']
2025-03-11 12:55:24,991 - root - INFO - Scheduling direct next node Review AM using Asset Change Tracker (5.5.13.1)
2025-03-11 12:55:24,991 - root - INFO - Token Token-292 waiting for resource 'Tech' at 2025-03-17 11:20:11.968141
2025-03-11 12:55:24,991 - root - INFO - Token Token-293 started task 'Monthly' at 2025-03-17 11:26:20.110423, scheduled to end at 2025-03-17 11:26:20.110423 (processing time: 0.00 min)
2025-03-11 12:55:24,991 - root - INFO - Processing end event: Token Token-293 at node Monthly (Unknown)
2025-03-11 12:55:24,992 - root - INFO - Token Token-293 completed task 'Monthly' at 2025-03-17 11:26:20.110423.
2025-03-11 12:55:24,992 - root - INFO - Next nodes for Monthly: ['Review AM using Asset Change Tracker (5.5.13.1)']
2025-03-11 12:55:24,992 - root - INFO - Scheduling direct next node Review AM using Asset Change Tracker (5.5.13.1)
2025-03-11 12:55:24,992 - root - INFO - Token Token-293 waiting for resource 'Tech' at 2025-03-17 11:26:20.110423
2025-03-11 12:55:24,993 - root - INFO - Token Token-294 started task 'Monthly' at 2025-03-17 11:32:38.910987, scheduled to end at 2025-03-17 11:32:38.910987 (processing time: 0.00 min)
2025-03-11 12:55:24,993 - root - INFO - Processing end event: Token Token-294 at node Monthly (Unknown)
2025-03-11 12:55:24,993 - root - INFO - Token Token-294 completed task 'Monthly' at 2025-03-17 11:32:38.910987.
2025-03-11 12:55:24,993 - root - INFO - Next nodes for Monthly: ['Review AM using Asset Change Tracker (5.5.13.1)']
2025-03-11 12:55:24,993 - root - INFO - Scheduling direct next node Review AM using Asset Change Tracker (5.5.13.1)
2025-03-11 12:55:24,994 - root - INFO - Token Token-294 waiting for resource 'Tech' at 2025-03-17 11:32:38.910987
2025-03-11 12:55:24,994 - root - INFO - Token Token-295 started task 'Monthly' at 2025-03-17 11:38:43.982456, scheduled to end at 2025-03-17 11:38:43.982456 (processing time: 0.00 min)
2025-03-11 12:55:24,994 - root - INFO - Processing end event: Token Token-295 at node Monthly (Unknown)
2025-03-11 12:55:24,994 - root - INFO - Token Token-295 completed task 'Monthly' at 2025-03-17 11:38:43.982456.
2025-03-11 12:55:24,995 - root - INFO - Next nodes for Monthly: ['Review AM using Asset Change Tracker (5.5.13.1)']
2025-03-11 12:55:24,995 - root - INFO - Scheduling direct next node Review AM using Asset Change Tracker (5.5.13.1)
2025-03-11 12:55:24,995 - root - INFO - Token Token-295 waiting for resource 'Tech' at 2025-03-17 11:38:43.982456
2025-03-11 12:55:24,995 - root - INFO - Token Token-296 started task 'Monthly' at 2025-03-17 11:44:20.763511, scheduled to end at 2025-03-17 11:44:20.763511 (processing time: 0.00 min)
2025-03-11 12:55:24,995 - root - INFO - Processing end event: Token Token-296 at node Monthly (Unknown)
2025-03-11 12:55:24,996 - root - INFO - Token Token-296 completed task 'Monthly' at 2025-03-17 11:44:20.763511.
2025-03-11 12:55:24,996 - root - INFO - Next nodes for Monthly: ['Review AM using Asset Change Tracker (5.5.13.1)']
2025-03-11 12:55:24,996 - root - INFO - Scheduling direct next node Review AM using Asset Change Tracker (5.5.13.1)
2025-03-11 12:55:24,996 - root - INFO - Token Token-296 waiting for resource 'Tech' at 2025-03-17 11:44:20.763511
2025-03-11 12:55:24,997 - root - INFO - Token Token-297 started task 'Monthly' at 2025-03-17 11:50:29.323084, scheduled to end at 2025-03-17 11:50:29.323084 (processing time: 0.00 min)
2025-03-11 12:55:24,997 - root - INFO - Processing end event: Token Token-297 at node Monthly (Unknown)
2025-03-11 12:55:24,997 - root - INFO - Token Token-297 completed task 'Monthly' at 2025-03-17 11:50:29.323084.
2025-03-11 12:55:24,997 - root - INFO - Next nodes for Monthly: ['Review AM using Asset Change Tracker (5.5.13.1)']
2025-03-11 12:55:24,997 - root - INFO - Scheduling direct next node Review AM using Asset Change Tracker (5.5.13.1)
2025-03-11 12:55:24,998 - root - INFO - Token Token-297 waiting for resource 'Tech' at 2025-03-17 11:50:29.323084
2025-03-11 12:55:24,998 - root - INFO - Token Token-298 started task 'Monthly' at 2025-03-17 11:55:39.365110, scheduled to end at 2025-03-17 11:55:39.365110 (processing time: 0.00 min)
2025-03-11 12:55:24,998 - root - INFO - Processing end event: Token Token-298 at node Monthly (Unknown)
2025-03-11 12:55:24,998 - root - INFO - Token Token-298 completed task 'Monthly' at 2025-03-17 11:55:39.365110.
2025-03-11 12:55:24,999 - root - INFO - Next nodes for Monthly: ['Review AM using Asset Change Tracker (5.5.13.1)']
2025-03-11 12:55:24,999 - root - INFO - Scheduling direct next node Review AM using Asset Change Tracker (5.5.13.1)
2025-03-11 12:55:24,999 - root - INFO - Token Token-298 waiting for resource 'Tech' at 2025-03-17 11:55:39.365110
2025-03-11 12:55:24,999 - root - INFO - Token Token-299 started task 'Monthly' at 2025-03-17 12:01:51.866758, scheduled to end at 2025-03-17 12:01:51.866758 (processing time: 0.00 min)
2025-03-11 12:55:24,999 - root - INFO - Processing end event: Token Token-299 at node Monthly (Unknown)
2025-03-11 12:55:25,000 - root - INFO - Token Token-299 completed task 'Monthly' at 2025-03-17 12:01:51.866758.
2025-03-11 12:55:25,000 - root - INFO - Next nodes for Monthly: ['Review AM using Asset Change Tracker (5.5.13.1)']
2025-03-11 12:55:25,000 - root - INFO - Scheduling direct next node Review AM using Asset Change Tracker (5.5.13.1)
2025-03-11 12:55:25,000 - root - INFO - Token Token-299 waiting for resource 'Tech' at 2025-03-17 12:01:51.866758
2025-03-11 12:55:25,001 - root - INFO - Token Token-300 started task 'Monthly' at 2025-03-17 12:07:55.559606, scheduled to end at 2025-03-17 12:07:55.559606 (processing time: 0.00 min)
2025-03-11 12:55:25,001 - root - INFO - Processing end event: Token Token-300 at node Monthly (Unknown)
2025-03-11 12:55:25,001 - root - INFO - Token Token-300 completed task 'Monthly' at 2025-03-17 12:07:55.559606.
2025-03-11 12:55:25,002 - root - INFO - Next nodes for Monthly: ['Review AM using Asset Change Tracker (5.5.13.1)']
2025-03-11 12:55:25,002 - root - INFO - Scheduling direct next node Review AM using Asset Change Tracker (5.5.13.1)
2025-03-11 12:55:25,002 - root - INFO - Token Token-300 waiting for resource 'Tech' at 2025-03-17 12:07:55.559606
2025-03-11 12:55:25,002 - root - INFO - Simulation complete. Collecting results...
2025-03-11 12:55:25,005 - root - INFO - Processing results...
2025-03-11 12:55:25,074 - root - INFO - Results exported to 5.5.13 Real Property-Monthly Reviews-Inclusive_results.xlsx
2025-03-11 13:37:45,763 - root - INFO - Application exited normally
