2025-03-06 13:42:44,294 - root - INFO - Logging initialized
2025-03-06 13:42:44,294 - root - INFO - Starting Bizagi Process Simulator
2025-03-06 13:42:44,294 - root - INFO - NetworkX compatibility patch applied
2025-03-06 13:42:44,310 - root - INFO - Settings loaded from bizagi_simulator_settings.json
2025-03-06 13:42:44,310 - root - INFO - Configuration loaded
2025-03-06 13:42:44,867 - root - INFO - Application UI initialized
2025-03-06 13:42:52,214 - root - INFO - Simulation started at 2025-03-06 13:42:52
2025-03-06 13:42:52,214 - root - INFO - Configuration:
2025-03-06 13:42:52,214 - root - INFO -   xpdl_file_path: C:/Users/kcmclau.EVOFORGE/Repos/bizagi_simulations/Bizagi/5.5_1/5.5.13 Real Property-Monthly Reviews-2.xpdl
2025-03-06 13:42:52,214 - root - INFO -   metrics_file_path: C:/Users/kcmclau.EVOFORGE/Repos/bizagi_simulations/Bizagi/simulation_metrics-2.xlsx
2025-03-06 13:42:52,214 - root - INFO -   simulation_days: 50
2025-03-06 13:42:52,214 - root - INFO -   target_avg_time: 0.0
2025-03-06 13:42:52,214 - root - INFO -   random_seed: 10
2025-03-06 13:42:52,230 - root - INFO -   workdays: [True, True, True, True, True, False, False]
2025-03-06 13:42:52,231 - root - INFO -   work_hours_start: 7
2025-03-06 13:42:52,231 - root - INFO -   work_hours_end: 13
2025-03-06 13:42:53,256 - root - INFO - Scheduled Token-1 to start at 2025-01-06 07:00:00.
2025-03-06 13:42:53,257 - root - INFO - Scheduled Token-2 to start at 2025-01-06 07:02:00.
2025-03-06 13:42:53,258 - root - INFO - Scheduled Token-3 to start at 2025-01-06 07:04:00.
2025-03-06 13:42:53,258 - root - INFO - Scheduled Token-4 to start at 2025-01-06 07:06:00.
2025-03-06 13:42:53,259 - root - INFO - Scheduled Token-5 to start at 2025-01-06 07:08:00.
2025-03-06 13:42:53,259 - root - INFO - Scheduled Token-6 to start at 2025-01-06 07:10:00.
2025-03-06 13:42:53,259 - root - INFO - Scheduled Token-7 to start at 2025-01-06 07:12:00.
2025-03-06 13:42:53,259 - root - INFO - Scheduled Token-8 to start at 2025-01-06 07:14:00.
2025-03-06 13:42:53,260 - root - INFO - Scheduled Token-9 to start at 2025-01-06 07:16:00.
2025-03-06 13:42:53,260 - root - INFO - Scheduled Token-10 to start at 2025-01-06 07:18:00.
2025-03-06 13:42:53,260 - root - INFO - Scheduled Token-11 to start at 2025-01-06 07:20:00.
2025-03-06 13:42:53,260 - root - INFO - Scheduled Token-12 to start at 2025-01-06 07:22:00.
2025-03-06 13:42:53,261 - root - INFO - Scheduled Token-13 to start at 2025-01-06 07:24:00.
2025-03-06 13:42:53,261 - root - INFO - Scheduled Token-14 to start at 2025-01-06 07:26:00.
2025-03-06 13:42:53,261 - root - INFO - Scheduled Token-15 to start at 2025-01-06 07:28:00.
2025-03-06 13:42:53,261 - root - INFO - Scheduled Token-16 to start at 2025-01-06 07:30:00.
2025-03-06 13:42:53,262 - root - INFO - Scheduled Token-17 to start at 2025-01-06 07:32:00.
2025-03-06 13:42:53,263 - root - INFO - Scheduled Token-18 to start at 2025-01-06 07:34:00.
2025-03-06 13:42:53,264 - root - INFO - Scheduled Token-19 to start at 2025-01-06 07:36:00.
2025-03-06 13:42:53,264 - root - INFO - Scheduled Token-20 to start at 2025-01-06 07:38:00.
2025-03-06 13:42:53,264 - root - INFO - Scheduled Token-21 to start at 2025-01-06 07:40:00.
2025-03-06 13:42:53,266 - root - INFO - Scheduled Token-22 to start at 2025-01-06 07:42:00.
2025-03-06 13:42:53,267 - root - INFO - Scheduled Token-23 to start at 2025-01-06 07:44:00.
2025-03-06 13:42:53,267 - root - INFO - Scheduled Token-24 to start at 2025-01-06 07:46:00.
2025-03-06 13:42:53,267 - root - INFO - Scheduled Token-25 to start at 2025-01-06 07:48:00.
2025-03-06 13:42:53,267 - root - INFO - Scheduled Token-26 to start at 2025-01-06 07:50:00.
2025-03-06 13:42:53,268 - root - INFO - Scheduled Token-27 to start at 2025-01-06 07:52:00.
2025-03-06 13:42:53,268 - root - INFO - Scheduled Token-28 to start at 2025-01-06 07:54:00.
2025-03-06 13:42:53,268 - root - INFO - Scheduled Token-29 to start at 2025-01-06 07:56:00.
2025-03-06 13:42:53,268 - root - INFO - Scheduled Token-30 to start at 2025-01-06 07:58:00.
2025-03-06 13:42:53,268 - root - INFO - Scheduled Token-31 to start at 2025-01-06 08:00:00.
2025-03-06 13:42:53,269 - root - INFO - Scheduled Token-32 to start at 2025-01-06 08:02:00.
2025-03-06 13:42:53,269 - root - INFO - Scheduled Token-33 to start at 2025-01-06 08:04:00.
2025-03-06 13:42:53,270 - root - INFO - Scheduled Token-34 to start at 2025-01-06 08:06:00.
2025-03-06 13:42:53,270 - root - INFO - Scheduled Token-35 to start at 2025-01-06 08:08:00.
2025-03-06 13:42:53,270 - root - INFO - Scheduled Token-36 to start at 2025-01-06 08:10:00.
2025-03-06 13:42:53,270 - root - INFO - Scheduled Token-37 to start at 2025-01-06 08:12:00.
2025-03-06 13:42:53,271 - root - INFO - Scheduled Token-38 to start at 2025-01-06 08:14:00.
2025-03-06 13:42:53,271 - root - INFO - Scheduled Token-39 to start at 2025-01-06 08:16:00.
2025-03-06 13:42:53,272 - root - INFO - Scheduled Token-40 to start at 2025-01-06 08:18:00.
2025-03-06 13:42:53,272 - root - INFO - Scheduled Token-41 to start at 2025-01-06 08:20:00.
2025-03-06 13:42:53,274 - root - INFO - Scheduled Token-42 to start at 2025-01-06 08:22:00.
2025-03-06 13:42:53,275 - root - INFO - Scheduled Token-43 to start at 2025-01-06 08:24:00.
2025-03-06 13:42:53,275 - root - INFO - Scheduled Token-44 to start at 2025-01-06 08:26:00.
2025-03-06 13:42:53,275 - root - INFO - Scheduled Token-45 to start at 2025-01-06 08:28:00.
2025-03-06 13:42:53,276 - root - INFO - Scheduled Token-46 to start at 2025-01-06 08:30:00.
2025-03-06 13:42:53,276 - root - INFO - Scheduled Token-47 to start at 2025-01-06 08:32:00.
2025-03-06 13:42:53,276 - root - INFO - Scheduled Token-48 to start at 2025-01-06 08:34:00.
2025-03-06 13:42:53,276 - root - INFO - Scheduled Token-49 to start at 2025-01-06 08:36:00.
2025-03-06 13:42:53,277 - root - INFO - Scheduled Token-50 to start at 2025-01-06 08:38:00.
2025-03-06 13:42:53,277 - root - INFO - Scheduled Token-51 to start at 2025-01-06 08:40:00.
2025-03-06 13:42:53,277 - root - INFO - Scheduled Token-52 to start at 2025-01-06 08:42:00.
2025-03-06 13:42:53,277 - root - INFO - Scheduled Token-53 to start at 2025-01-06 08:44:00.
2025-03-06 13:42:53,277 - root - INFO - Scheduled Token-54 to start at 2025-01-06 08:46:00.
2025-03-06 13:42:53,278 - root - INFO - Scheduled Token-55 to start at 2025-01-06 08:48:00.
2025-03-06 13:42:53,278 - root - INFO - Scheduled Token-56 to start at 2025-01-06 08:50:00.
2025-03-06 13:42:53,278 - root - INFO - Scheduled Token-57 to start at 2025-01-06 08:52:00.
2025-03-06 13:42:53,278 - root - INFO - Scheduled Token-58 to start at 2025-01-06 08:54:00.
2025-03-06 13:42:53,278 - root - INFO - Scheduled Token-59 to start at 2025-01-06 08:56:00.
2025-03-06 13:42:53,279 - root - INFO - Scheduled Token-60 to start at 2025-01-06 08:58:00.
2025-03-06 13:42:53,279 - root - INFO - Scheduled Token-61 to start at 2025-01-06 09:00:00.
2025-03-06 13:42:53,279 - root - INFO - Scheduled Token-62 to start at 2025-01-06 09:02:00.
2025-03-06 13:42:53,280 - root - INFO - Scheduled Token-63 to start at 2025-01-06 09:04:00.
2025-03-06 13:42:53,280 - root - INFO - Scheduled Token-64 to start at 2025-01-06 09:06:00.
2025-03-06 13:42:53,280 - root - INFO - Scheduled Token-65 to start at 2025-01-06 09:08:00.
2025-03-06 13:42:53,280 - root - INFO - Scheduled Token-66 to start at 2025-01-06 09:10:00.
2025-03-06 13:42:53,281 - root - INFO - Scheduled Token-67 to start at 2025-01-06 09:12:00.
2025-03-06 13:42:53,281 - root - INFO - Scheduled Token-68 to start at 2025-01-06 09:14:00.
2025-03-06 13:42:53,281 - root - INFO - Scheduled Token-69 to start at 2025-01-06 09:16:00.
2025-03-06 13:42:53,281 - root - INFO - Scheduled Token-70 to start at 2025-01-06 09:18:00.
2025-03-06 13:42:53,281 - root - INFO - Scheduled Token-71 to start at 2025-01-06 09:20:00.
2025-03-06 13:42:53,282 - root - INFO - Scheduled Token-72 to start at 2025-01-06 09:22:00.
2025-03-06 13:42:53,282 - root - INFO - Scheduled Token-73 to start at 2025-01-06 09:24:00.
2025-03-06 13:42:53,282 - root - INFO - Scheduled Token-74 to start at 2025-01-06 09:26:00.
2025-03-06 13:42:53,282 - root - INFO - Scheduled Token-75 to start at 2025-01-06 09:28:00.
2025-03-06 13:42:53,283 - root - INFO - Scheduled Token-76 to start at 2025-01-06 09:30:00.
2025-03-06 13:42:53,283 - root - INFO - Scheduled Token-77 to start at 2025-01-06 09:32:00.
2025-03-06 13:42:53,283 - root - INFO - Scheduled Token-78 to start at 2025-01-06 09:34:00.
2025-03-06 13:42:53,283 - root - INFO - Scheduled Token-79 to start at 2025-01-06 09:36:00.
2025-03-06 13:42:53,284 - root - INFO - Scheduled Token-80 to start at 2025-01-06 09:38:00.
2025-03-06 13:42:53,284 - root - INFO - Scheduled Token-81 to start at 2025-01-06 09:40:00.
2025-03-06 13:42:53,284 - root - INFO - Scheduled Token-82 to start at 2025-01-06 09:42:00.
2025-03-06 13:42:53,284 - root - INFO - Scheduled Token-83 to start at 2025-01-06 09:44:00.
2025-03-06 13:42:53,285 - root - INFO - Scheduled Token-84 to start at 2025-01-06 09:46:00.
2025-03-06 13:42:53,285 - root - INFO - Scheduled Token-85 to start at 2025-01-06 09:48:00.
2025-03-06 13:42:53,285 - root - INFO - Scheduled Token-86 to start at 2025-01-06 09:50:00.
2025-03-06 13:42:53,285 - root - INFO - Scheduled Token-87 to start at 2025-01-06 09:52:00.
2025-03-06 13:42:53,285 - root - INFO - Scheduled Token-88 to start at 2025-01-06 09:54:00.
2025-03-06 13:42:53,286 - root - INFO - Scheduled Token-89 to start at 2025-01-06 09:56:00.
2025-03-06 13:42:53,286 - root - INFO - Scheduled Token-90 to start at 2025-01-06 09:58:00.
2025-03-06 13:42:53,286 - root - INFO - Scheduled Token-91 to start at 2025-01-06 10:00:00.
2025-03-06 13:42:53,286 - root - INFO - Scheduled Token-92 to start at 2025-01-06 10:02:00.
2025-03-06 13:42:53,286 - root - INFO - Scheduled Token-93 to start at 2025-01-06 10:04:00.
2025-03-06 13:42:53,288 - root - INFO - Scheduled Token-94 to start at 2025-01-06 10:06:00.
2025-03-06 13:42:53,288 - root - INFO - Scheduled Token-95 to start at 2025-01-06 10:08:00.
2025-03-06 13:42:53,288 - root - INFO - Scheduled Token-96 to start at 2025-01-06 10:10:00.
2025-03-06 13:42:53,288 - root - INFO - Scheduled Token-97 to start at 2025-01-06 10:12:00.
2025-03-06 13:42:53,289 - root - INFO - Scheduled Token-98 to start at 2025-01-06 10:14:00.
2025-03-06 13:42:53,289 - root - INFO - Scheduled Token-99 to start at 2025-01-06 10:16:00.
2025-03-06 13:42:53,289 - root - INFO - Scheduled Token-100 to start at 2025-01-06 10:18:00.
2025-03-06 13:42:53,289 - root - INFO - Scheduled Token-101 to start at 2025-01-06 10:20:00.
2025-03-06 13:42:53,290 - root - INFO - Scheduled Token-102 to start at 2025-01-06 10:22:00.
2025-03-06 13:42:53,290 - root - INFO - Scheduled Token-103 to start at 2025-01-06 10:24:00.
2025-03-06 13:42:53,290 - root - INFO - Scheduled Token-104 to start at 2025-01-06 10:26:00.
2025-03-06 13:42:53,290 - root - INFO - Scheduled Token-105 to start at 2025-01-06 10:28:00.
2025-03-06 13:42:53,291 - root - INFO - Scheduled Token-106 to start at 2025-01-06 10:30:00.
2025-03-06 13:42:53,291 - root - INFO - Scheduled Token-107 to start at 2025-01-06 10:32:00.
2025-03-06 13:42:53,291 - root - INFO - Scheduled Token-108 to start at 2025-01-06 10:34:00.
2025-03-06 13:42:53,291 - root - INFO - Scheduled Token-109 to start at 2025-01-06 10:36:00.
2025-03-06 13:42:53,292 - root - INFO - Scheduled Token-110 to start at 2025-01-06 10:38:00.
2025-03-06 13:42:53,292 - root - INFO - Scheduled Token-111 to start at 2025-01-06 10:40:00.
2025-03-06 13:42:53,292 - root - INFO - Scheduled Token-112 to start at 2025-01-06 10:42:00.
2025-03-06 13:42:53,294 - root - INFO - Scheduled Token-113 to start at 2025-01-06 10:44:00.
2025-03-06 13:42:53,295 - root - INFO - Scheduled Token-114 to start at 2025-01-06 10:46:00.
2025-03-06 13:42:53,296 - root - INFO - Scheduled Token-115 to start at 2025-01-06 10:48:00.
2025-03-06 13:42:53,298 - root - INFO - Scheduled Token-116 to start at 2025-01-06 10:50:00.
2025-03-06 13:42:53,298 - root - INFO - Scheduled Token-117 to start at 2025-01-06 10:52:00.
2025-03-06 13:42:53,299 - root - INFO - Scheduled Token-118 to start at 2025-01-06 10:54:00.
2025-03-06 13:42:53,299 - root - INFO - Scheduled Token-119 to start at 2025-01-06 10:56:00.
2025-03-06 13:42:53,300 - root - INFO - Scheduled Token-120 to start at 2025-01-06 10:58:00.
2025-03-06 13:42:53,301 - root - INFO - Scheduled Token-121 to start at 2025-01-06 11:00:00.
2025-03-06 13:42:53,302 - root - INFO - Scheduled Token-122 to start at 2025-01-06 11:02:00.
2025-03-06 13:42:53,302 - root - INFO - Scheduled Token-123 to start at 2025-01-06 11:04:00.
2025-03-06 13:42:53,302 - root - INFO - Scheduled Token-124 to start at 2025-01-06 11:06:00.
2025-03-06 13:42:53,303 - root - INFO - Scheduled Token-125 to start at 2025-01-06 11:08:00.
2025-03-06 13:42:53,303 - root - INFO - Scheduled Token-126 to start at 2025-01-06 11:10:00.
2025-03-06 13:42:53,304 - root - INFO - Scheduled Token-127 to start at 2025-01-06 11:12:00.
2025-03-06 13:42:53,304 - root - INFO - Scheduled Token-128 to start at 2025-01-06 11:14:00.
2025-03-06 13:42:53,305 - root - INFO - Scheduled Token-129 to start at 2025-01-06 11:16:00.
2025-03-06 13:42:53,305 - root - INFO - Scheduled Token-130 to start at 2025-01-06 11:18:00.
2025-03-06 13:42:53,306 - root - INFO - Scheduled Token-131 to start at 2025-01-06 11:20:00.
2025-03-06 13:42:53,307 - root - INFO - Scheduled Token-132 to start at 2025-01-06 11:22:00.
2025-03-06 13:42:53,312 - root - INFO - Scheduled Token-133 to start at 2025-01-06 11:24:00.
2025-03-06 13:42:53,314 - root - INFO - Scheduled Token-134 to start at 2025-01-06 11:26:00.
2025-03-06 13:42:53,315 - root - INFO - Scheduled Token-135 to start at 2025-01-06 11:28:00.
2025-03-06 13:42:53,315 - root - INFO - Scheduled Token-136 to start at 2025-01-06 11:30:00.
2025-03-06 13:42:53,315 - root - INFO - Scheduled Token-137 to start at 2025-01-06 11:32:00.
2025-03-06 13:42:53,315 - root - INFO - Scheduled Token-138 to start at 2025-01-06 11:34:00.
2025-03-06 13:42:53,318 - root - INFO - Scheduled Token-139 to start at 2025-01-06 11:36:00.
2025-03-06 13:42:53,318 - root - INFO - Scheduled Token-140 to start at 2025-01-06 11:38:00.
2025-03-06 13:42:53,319 - root - INFO - Scheduled Token-141 to start at 2025-01-06 11:40:00.
2025-03-06 13:42:53,319 - root - INFO - Scheduled Token-142 to start at 2025-01-06 11:42:00.
2025-03-06 13:42:53,320 - root - INFO - Scheduled Token-143 to start at 2025-01-06 11:44:00.
2025-03-06 13:42:53,320 - root - INFO - Scheduled Token-144 to start at 2025-01-06 11:46:00.
2025-03-06 13:42:53,320 - root - INFO - Scheduled Token-145 to start at 2025-01-06 11:48:00.
2025-03-06 13:42:53,320 - root - INFO - Scheduled Token-146 to start at 2025-01-06 11:50:00.
2025-03-06 13:42:53,320 - root - INFO - Scheduled Token-147 to start at 2025-01-06 11:52:00.
2025-03-06 13:42:53,320 - root - INFO - Scheduled Token-148 to start at 2025-01-06 11:54:00.
2025-03-06 13:42:53,320 - root - INFO - Scheduled Token-149 to start at 2025-01-06 11:56:00.
2025-03-06 13:42:53,320 - root - INFO - Scheduled Token-150 to start at 2025-01-06 11:58:00.
2025-03-06 13:42:53,320 - root - INFO - Scheduled Token-151 to start at 2025-01-06 12:00:00.
2025-03-06 13:42:53,320 - root - INFO - Scheduled Token-152 to start at 2025-01-06 12:02:00.
2025-03-06 13:42:53,320 - root - INFO - Scheduled Token-153 to start at 2025-01-06 12:04:00.
2025-03-06 13:42:53,320 - root - INFO - Scheduled Token-154 to start at 2025-01-06 12:06:00.
2025-03-06 13:42:53,320 - root - INFO - Scheduled Token-155 to start at 2025-01-06 12:08:00.
2025-03-06 13:42:53,320 - root - INFO - Scheduled Token-156 to start at 2025-01-06 12:10:00.
2025-03-06 13:42:53,320 - root - INFO - Scheduled Token-157 to start at 2025-01-06 12:12:00.
2025-03-06 13:42:53,320 - root - INFO - Scheduled Token-158 to start at 2025-01-06 12:14:00.
2025-03-06 13:42:53,320 - root - INFO - Scheduled Token-159 to start at 2025-01-06 12:16:00.
2025-03-06 13:42:53,320 - root - INFO - Scheduled Token-160 to start at 2025-01-06 12:18:00.
2025-03-06 13:42:53,320 - root - INFO - Scheduled Token-161 to start at 2025-01-06 12:20:00.
2025-03-06 13:42:53,326 - root - INFO - Scheduled Token-162 to start at 2025-01-06 12:22:00.
2025-03-06 13:42:53,327 - root - INFO - Scheduled Token-163 to start at 2025-01-06 12:24:00.
2025-03-06 13:42:53,327 - root - INFO - Scheduled Token-164 to start at 2025-01-06 12:26:00.
2025-03-06 13:42:53,327 - root - INFO - Scheduled Token-165 to start at 2025-01-06 12:28:00.
2025-03-06 13:42:53,328 - root - INFO - Scheduled Token-166 to start at 2025-01-06 12:30:00.
2025-03-06 13:42:53,328 - root - INFO - Scheduled Token-167 to start at 2025-01-06 12:32:00.
2025-03-06 13:42:53,328 - root - INFO - Scheduled Token-168 to start at 2025-01-06 12:34:00.
2025-03-06 13:42:53,330 - root - INFO - Scheduled Token-169 to start at 2025-01-06 12:36:00.
2025-03-06 13:42:53,330 - root - INFO - Scheduled Token-170 to start at 2025-01-06 12:38:00.
2025-03-06 13:42:53,331 - root - INFO - Scheduled Token-171 to start at 2025-01-06 12:40:00.
2025-03-06 13:42:53,332 - root - INFO - Scheduled Token-172 to start at 2025-01-06 12:42:00.
2025-03-06 13:42:53,332 - root - INFO - Scheduled Token-173 to start at 2025-01-06 12:44:00.
2025-03-06 13:42:53,332 - root - INFO - Scheduled Token-174 to start at 2025-01-06 12:46:00.
2025-03-06 13:42:53,333 - root - INFO - Scheduled Token-175 to start at 2025-01-06 12:48:00.
2025-03-06 13:42:53,333 - root - INFO - Scheduled Token-176 to start at 2025-01-06 12:50:00.
2025-03-06 13:42:53,333 - root - INFO - Scheduled Token-177 to start at 2025-01-06 12:52:00.
2025-03-06 13:42:53,333 - root - INFO - Scheduled Token-178 to start at 2025-01-06 12:54:00.
2025-03-06 13:42:53,334 - root - INFO - Scheduled Token-179 to start at 2025-01-06 12:56:00.
2025-03-06 13:42:53,334 - root - INFO - Scheduled Token-180 to start at 2025-01-06 12:58:00.
2025-03-06 13:42:53,334 - root - INFO - Scheduled Token-181 to start at 2025-01-07 07:00:00.
2025-03-06 13:42:53,335 - root - INFO - Scheduled Token-182 to start at 2025-01-07 07:02:00.
2025-03-06 13:42:53,335 - root - INFO - Scheduled Token-183 to start at 2025-01-07 07:04:00.
2025-03-06 13:42:53,336 - root - INFO - Scheduled Token-184 to start at 2025-01-07 07:06:00.
2025-03-06 13:42:53,336 - root - INFO - Scheduled Token-185 to start at 2025-01-07 07:08:00.
2025-03-06 13:42:53,337 - root - INFO - Scheduled Token-186 to start at 2025-01-07 07:10:00.
2025-03-06 13:42:53,337 - root - INFO - Scheduled Token-187 to start at 2025-01-07 07:12:00.
2025-03-06 13:42:53,338 - root - INFO - Scheduled Token-188 to start at 2025-01-07 07:14:00.
2025-03-06 13:42:53,338 - root - INFO - Scheduled Token-189 to start at 2025-01-07 07:16:00.
2025-03-06 13:42:53,338 - root - INFO - Scheduled Token-190 to start at 2025-01-07 07:18:00.
2025-03-06 13:42:53,338 - root - INFO - Scheduled Token-191 to start at 2025-01-07 07:20:00.
2025-03-06 13:42:53,339 - root - INFO - Scheduled Token-192 to start at 2025-01-07 07:22:00.
2025-03-06 13:42:53,339 - root - INFO - Scheduled Token-193 to start at 2025-01-07 07:24:00.
2025-03-06 13:42:53,339 - root - INFO - Scheduled Token-194 to start at 2025-01-07 07:26:00.
2025-03-06 13:42:53,340 - root - INFO - Scheduled Token-195 to start at 2025-01-07 07:28:00.
2025-03-06 13:42:53,340 - root - INFO - Scheduled Token-196 to start at 2025-01-07 07:30:00.
2025-03-06 13:42:53,340 - root - INFO - Scheduled Token-197 to start at 2025-01-07 07:32:00.
2025-03-06 13:42:53,340 - root - INFO - Scheduled Token-198 to start at 2025-01-07 07:34:00.
2025-03-06 13:42:53,341 - root - INFO - Scheduled Token-199 to start at 2025-01-07 07:36:00.
2025-03-06 13:42:53,341 - root - INFO - Scheduled Token-200 to start at 2025-01-07 07:38:00.
2025-03-06 13:42:53,341 - root - INFO - Scheduled Token-201 to start at 2025-01-07 07:40:00.
2025-03-06 13:42:53,341 - root - INFO - Scheduled Token-202 to start at 2025-01-07 07:42:00.
2025-03-06 13:42:53,342 - root - INFO - Scheduled Token-203 to start at 2025-01-07 07:44:00.
2025-03-06 13:42:53,342 - root - INFO - Scheduled Token-204 to start at 2025-01-07 07:46:00.
2025-03-06 13:42:53,342 - root - INFO - Scheduled Token-205 to start at 2025-01-07 07:48:00.
2025-03-06 13:42:53,343 - root - INFO - Scheduled Token-206 to start at 2025-01-07 07:50:00.
2025-03-06 13:42:53,343 - root - INFO - Scheduled Token-207 to start at 2025-01-07 07:52:00.
2025-03-06 13:42:53,343 - root - INFO - Scheduled Token-208 to start at 2025-01-07 07:54:00.
2025-03-06 13:42:53,343 - root - INFO - Scheduled Token-209 to start at 2025-01-07 07:56:00.
2025-03-06 13:42:53,344 - root - INFO - Scheduled Token-210 to start at 2025-01-07 07:58:00.
2025-03-06 13:42:53,344 - root - INFO - Scheduled Token-211 to start at 2025-01-07 08:00:00.
2025-03-06 13:42:53,344 - root - INFO - Scheduled Token-212 to start at 2025-01-07 08:02:00.
2025-03-06 13:42:53,344 - root - INFO - Scheduled Token-213 to start at 2025-01-07 08:04:00.
2025-03-06 13:42:53,345 - root - INFO - Scheduled Token-214 to start at 2025-01-07 08:06:00.
2025-03-06 13:42:53,345 - root - INFO - Scheduled Token-215 to start at 2025-01-07 08:08:00.
2025-03-06 13:42:53,346 - root - INFO - Scheduled Token-216 to start at 2025-01-07 08:10:00.
2025-03-06 13:42:53,346 - root - INFO - Scheduled Token-217 to start at 2025-01-07 08:12:00.
2025-03-06 13:42:53,346 - root - INFO - Scheduled Token-218 to start at 2025-01-07 08:14:00.
2025-03-06 13:42:53,346 - root - INFO - Scheduled Token-219 to start at 2025-01-07 08:16:00.
2025-03-06 13:42:53,347 - root - INFO - Scheduled Token-220 to start at 2025-01-07 08:18:00.
2025-03-06 13:42:53,347 - root - INFO - Scheduled Token-221 to start at 2025-01-07 08:20:00.
2025-03-06 13:42:53,347 - root - INFO - Scheduled Token-222 to start at 2025-01-07 08:22:00.
2025-03-06 13:42:53,347 - root - INFO - Scheduled Token-223 to start at 2025-01-07 08:24:00.
2025-03-06 13:42:53,347 - root - INFO - Scheduled Token-224 to start at 2025-01-07 08:26:00.
2025-03-06 13:42:53,348 - root - INFO - Scheduled Token-225 to start at 2025-01-07 08:28:00.
2025-03-06 13:42:53,348 - root - INFO - Scheduled Token-226 to start at 2025-01-07 08:30:00.
2025-03-06 13:42:53,348 - root - INFO - Scheduled Token-227 to start at 2025-01-07 08:32:00.
2025-03-06 13:42:53,348 - root - INFO - Scheduled Token-228 to start at 2025-01-07 08:34:00.
2025-03-06 13:42:53,349 - root - INFO - Scheduled Token-229 to start at 2025-01-07 08:36:00.
2025-03-06 13:42:53,349 - root - INFO - Scheduled Token-230 to start at 2025-01-07 08:38:00.
2025-03-06 13:42:53,349 - root - INFO - Scheduled Token-231 to start at 2025-01-07 08:40:00.
2025-03-06 13:42:53,349 - root - INFO - Scheduled Token-232 to start at 2025-01-07 08:42:00.
2025-03-06 13:42:53,350 - root - INFO - Scheduled Token-233 to start at 2025-01-07 08:44:00.
2025-03-06 13:42:53,350 - root - INFO - Scheduled Token-234 to start at 2025-01-07 08:46:00.
2025-03-06 13:42:53,350 - root - INFO - Scheduled Token-235 to start at 2025-01-07 08:48:00.
2025-03-06 13:42:53,350 - root - INFO - Scheduled Token-236 to start at 2025-01-07 08:50:00.
2025-03-06 13:42:53,351 - root - INFO - Scheduled Token-237 to start at 2025-01-07 08:52:00.
2025-03-06 13:42:53,351 - root - INFO - Scheduled Token-238 to start at 2025-01-07 08:54:00.
2025-03-06 13:42:53,351 - root - INFO - Scheduled Token-239 to start at 2025-01-07 08:56:00.
2025-03-06 13:42:53,351 - root - INFO - Scheduled Token-240 to start at 2025-01-07 08:58:00.
2025-03-06 13:42:53,352 - root - INFO - Scheduled Token-241 to start at 2025-01-07 09:00:00.
2025-03-06 13:42:53,352 - root - INFO - Scheduled Token-242 to start at 2025-01-07 09:02:00.
2025-03-06 13:42:53,352 - root - INFO - Scheduled Token-243 to start at 2025-01-07 09:04:00.
2025-03-06 13:42:53,352 - root - INFO - Scheduled Token-244 to start at 2025-01-07 09:06:00.
2025-03-06 13:42:53,353 - root - INFO - Scheduled Token-245 to start at 2025-01-07 09:08:00.
2025-03-06 13:42:53,353 - root - INFO - Scheduled Token-246 to start at 2025-01-07 09:10:00.
2025-03-06 13:42:53,353 - root - INFO - Scheduled Token-247 to start at 2025-01-07 09:12:00.
2025-03-06 13:42:53,353 - root - INFO - Scheduled Token-248 to start at 2025-01-07 09:14:00.
2025-03-06 13:42:53,353 - root - INFO - Scheduled Token-249 to start at 2025-01-07 09:16:00.
2025-03-06 13:42:53,354 - root - INFO - Scheduled Token-250 to start at 2025-01-07 09:18:00.
2025-03-06 13:42:53,354 - root - INFO - Scheduled Token-251 to start at 2025-01-07 09:20:00.
2025-03-06 13:42:53,355 - root - INFO - Scheduled Token-252 to start at 2025-01-07 09:22:00.
2025-03-06 13:42:53,355 - root - INFO - Scheduled Token-253 to start at 2025-01-07 09:24:00.
2025-03-06 13:42:53,355 - root - INFO - Scheduled Token-254 to start at 2025-01-07 09:26:00.
2025-03-06 13:42:53,355 - root - INFO - Scheduled Token-255 to start at 2025-01-07 09:28:00.
2025-03-06 13:42:53,356 - root - INFO - Scheduled Token-256 to start at 2025-01-07 09:30:00.
2025-03-06 13:42:53,356 - root - INFO - Scheduled Token-257 to start at 2025-01-07 09:32:00.
2025-03-06 13:42:53,356 - root - INFO - Scheduled Token-258 to start at 2025-01-07 09:34:00.
2025-03-06 13:42:53,357 - root - INFO - Scheduled Token-259 to start at 2025-01-07 09:36:00.
2025-03-06 13:42:53,357 - root - INFO - Scheduled Token-260 to start at 2025-01-07 09:38:00.
2025-03-06 13:42:53,359 - root - INFO - Scheduled Token-261 to start at 2025-01-07 09:40:00.
2025-03-06 13:42:53,359 - root - INFO - Scheduled Token-262 to start at 2025-01-07 09:42:00.
2025-03-06 13:42:53,360 - root - INFO - Scheduled Token-263 to start at 2025-01-07 09:44:00.
2025-03-06 13:42:53,360 - root - INFO - Scheduled Token-264 to start at 2025-01-07 09:46:00.
2025-03-06 13:42:53,360 - root - INFO - Scheduled Token-265 to start at 2025-01-07 09:48:00.
2025-03-06 13:42:53,361 - root - INFO - Scheduled Token-266 to start at 2025-01-07 09:50:00.
2025-03-06 13:42:53,361 - root - INFO - Scheduled Token-267 to start at 2025-01-07 09:52:00.
2025-03-06 13:42:53,361 - root - INFO - Scheduled Token-268 to start at 2025-01-07 09:54:00.
2025-03-06 13:42:53,362 - root - INFO - Scheduled Token-269 to start at 2025-01-07 09:56:00.
2025-03-06 13:42:53,362 - root - INFO - Scheduled Token-270 to start at 2025-01-07 09:58:00.
2025-03-06 13:42:53,363 - root - INFO - Scheduled Token-271 to start at 2025-01-07 10:00:00.
2025-03-06 13:42:53,364 - root - INFO - Scheduled Token-272 to start at 2025-01-07 10:02:00.
2025-03-06 13:42:53,364 - root - INFO - Scheduled Token-273 to start at 2025-01-07 10:04:00.
2025-03-06 13:42:53,364 - root - INFO - Scheduled Token-274 to start at 2025-01-07 10:06:00.
2025-03-06 13:42:53,365 - root - INFO - Scheduled Token-275 to start at 2025-01-07 10:08:00.
2025-03-06 13:42:53,365 - root - INFO - Scheduled Token-276 to start at 2025-01-07 10:10:00.
2025-03-06 13:42:53,365 - root - INFO - Scheduled Token-277 to start at 2025-01-07 10:12:00.
2025-03-06 13:42:53,365 - root - INFO - Scheduled Token-278 to start at 2025-01-07 10:14:00.
2025-03-06 13:42:53,366 - root - INFO - Scheduled Token-279 to start at 2025-01-07 10:16:00.
2025-03-06 13:42:53,366 - root - INFO - Scheduled Token-280 to start at 2025-01-07 10:18:00.
2025-03-06 13:42:53,366 - root - INFO - Scheduled Token-281 to start at 2025-01-07 10:20:00.
2025-03-06 13:42:53,367 - root - INFO - Scheduled Token-282 to start at 2025-01-07 10:22:00.
2025-03-06 13:42:53,367 - root - INFO - Scheduled Token-283 to start at 2025-01-07 10:24:00.
2025-03-06 13:42:53,367 - root - INFO - Scheduled Token-284 to start at 2025-01-07 10:26:00.
2025-03-06 13:42:53,367 - root - INFO - Scheduled Token-285 to start at 2025-01-07 10:28:00.
2025-03-06 13:42:53,368 - root - INFO - Scheduled Token-286 to start at 2025-01-07 10:30:00.
2025-03-06 13:42:53,368 - root - INFO - Scheduled Token-287 to start at 2025-01-07 10:32:00.
2025-03-06 13:42:53,368 - root - INFO - Scheduled Token-288 to start at 2025-01-07 10:34:00.
2025-03-06 13:42:53,368 - root - INFO - Scheduled Token-289 to start at 2025-01-07 10:36:00.
2025-03-06 13:42:53,369 - root - INFO - Scheduled Token-290 to start at 2025-01-07 10:38:00.
2025-03-06 13:42:53,370 - root - INFO - Scheduled Token-291 to start at 2025-01-07 10:40:00.
2025-03-06 13:42:53,370 - root - INFO - Scheduled Token-292 to start at 2025-01-07 10:42:00.
2025-03-06 13:42:53,371 - root - INFO - Scheduled Token-293 to start at 2025-01-07 10:44:00.
2025-03-06 13:42:53,371 - root - INFO - Scheduled Token-294 to start at 2025-01-07 10:46:00.
2025-03-06 13:42:53,371 - root - INFO - Scheduled Token-295 to start at 2025-01-07 10:48:00.
2025-03-06 13:42:53,372 - root - INFO - Scheduled Token-296 to start at 2025-01-07 10:50:00.
2025-03-06 13:42:53,373 - root - INFO - Scheduled Token-297 to start at 2025-01-07 10:52:00.
2025-03-06 13:42:53,373 - root - INFO - Scheduled Token-298 to start at 2025-01-07 10:54:00.
2025-03-06 13:42:53,374 - root - INFO - Scheduled Token-299 to start at 2025-01-07 10:56:00.
2025-03-06 13:42:53,374 - root - INFO - Scheduled Token-300 to start at 2025-01-07 10:58:00.
2025-03-06 13:42:53,374 - root - INFO - Scheduled Token-301 to start at 2025-01-07 11:00:00.
2025-03-06 13:42:53,375 - root - INFO - Scheduled Token-302 to start at 2025-01-07 11:02:00.
2025-03-06 13:42:53,375 - root - INFO - Scheduled Token-303 to start at 2025-01-07 11:04:00.
2025-03-06 13:42:53,375 - root - INFO - Scheduled Token-304 to start at 2025-01-07 11:06:00.
2025-03-06 13:42:53,376 - root - INFO - Scheduled Token-305 to start at 2025-01-07 11:08:00.
2025-03-06 13:42:53,377 - root - INFO - Scheduled Token-306 to start at 2025-01-07 11:10:00.
2025-03-06 13:42:53,377 - root - INFO - Scheduled Token-307 to start at 2025-01-07 11:12:00.
2025-03-06 13:42:53,377 - root - INFO - Scheduled Token-308 to start at 2025-01-07 11:14:00.
2025-03-06 13:42:53,378 - root - INFO - Scheduled Token-309 to start at 2025-01-07 11:16:00.
2025-03-06 13:42:53,378 - root - INFO - Scheduled Token-310 to start at 2025-01-07 11:18:00.
2025-03-06 13:42:53,378 - root - INFO - Scheduled Token-311 to start at 2025-01-07 11:20:00.
2025-03-06 13:42:53,379 - root - INFO - Scheduled Token-312 to start at 2025-01-07 11:22:00.
2025-03-06 13:42:53,379 - root - INFO - Scheduled Token-313 to start at 2025-01-07 11:24:00.
2025-03-06 13:42:53,379 - root - INFO - Scheduled Token-314 to start at 2025-01-07 11:26:00.
2025-03-06 13:42:53,380 - root - INFO - Scheduled Token-315 to start at 2025-01-07 11:28:00.
2025-03-06 13:42:53,380 - root - INFO - Scheduled Token-316 to start at 2025-01-07 11:30:00.
2025-03-06 13:42:53,381 - root - INFO - Scheduled Token-317 to start at 2025-01-07 11:32:00.
2025-03-06 13:42:53,382 - root - INFO - Scheduled Token-318 to start at 2025-01-07 11:34:00.
2025-03-06 13:42:53,382 - root - INFO - Scheduled Token-319 to start at 2025-01-07 11:36:00.
2025-03-06 13:42:53,382 - root - INFO - Scheduled Token-320 to start at 2025-01-07 11:38:00.
2025-03-06 13:42:53,383 - root - INFO - Scheduled Token-321 to start at 2025-01-07 11:40:00.
2025-03-06 13:42:53,383 - root - INFO - Scheduled Token-322 to start at 2025-01-07 11:42:00.
2025-03-06 13:42:53,383 - root - INFO - Scheduled Token-323 to start at 2025-01-07 11:44:00.
2025-03-06 13:42:53,384 - root - INFO - Scheduled Token-324 to start at 2025-01-07 11:46:00.
2025-03-06 13:42:53,384 - root - INFO - Scheduled Token-325 to start at 2025-01-07 11:48:00.
2025-03-06 13:42:53,385 - root - INFO - Scheduled Token-326 to start at 2025-01-07 11:50:00.
2025-03-06 13:42:53,385 - root - INFO - Scheduled Token-327 to start at 2025-01-07 11:52:00.
2025-03-06 13:42:53,386 - root - INFO - Scheduled Token-328 to start at 2025-01-07 11:54:00.
2025-03-06 13:42:53,387 - root - INFO - Scheduled Token-329 to start at 2025-01-07 11:56:00.
2025-03-06 13:42:53,387 - root - INFO - Scheduled Token-330 to start at 2025-01-07 11:58:00.
2025-03-06 13:42:53,388 - root - INFO - Scheduled Token-331 to start at 2025-01-07 12:00:00.
2025-03-06 13:42:53,389 - root - INFO - Scheduled Token-332 to start at 2025-01-07 12:02:00.
2025-03-06 13:42:53,389 - root - INFO - Scheduled Token-333 to start at 2025-01-07 12:04:00.
2025-03-06 13:42:53,390 - root - INFO - Scheduled Token-334 to start at 2025-01-07 12:06:00.
2025-03-06 13:42:53,391 - root - INFO - Scheduled Token-335 to start at 2025-01-07 12:08:00.
2025-03-06 13:42:53,391 - root - INFO - Scheduled Token-336 to start at 2025-01-07 12:10:00.
2025-03-06 13:42:53,392 - root - INFO - Scheduled Token-337 to start at 2025-01-07 12:12:00.
2025-03-06 13:42:53,392 - root - INFO - Scheduled Token-338 to start at 2025-01-07 12:14:00.
2025-03-06 13:42:53,392 - root - INFO - Scheduled Token-339 to start at 2025-01-07 12:16:00.
2025-03-06 13:42:53,394 - root - INFO - Scheduled Token-340 to start at 2025-01-07 12:18:00.
2025-03-06 13:42:53,394 - root - INFO - Scheduled Token-341 to start at 2025-01-07 12:20:00.
2025-03-06 13:42:53,394 - root - INFO - Scheduled Token-342 to start at 2025-01-07 12:22:00.
2025-03-06 13:42:53,395 - root - INFO - Scheduled Token-343 to start at 2025-01-07 12:24:00.
2025-03-06 13:42:53,396 - root - INFO - Scheduled Token-344 to start at 2025-01-07 12:26:00.
2025-03-06 13:42:53,397 - root - INFO - Scheduled Token-345 to start at 2025-01-07 12:28:00.
2025-03-06 13:42:53,397 - root - INFO - Scheduled Token-346 to start at 2025-01-07 12:30:00.
2025-03-06 13:42:53,397 - root - INFO - Scheduled Token-347 to start at 2025-01-07 12:32:00.
2025-03-06 13:42:53,400 - root - INFO - Scheduled Token-348 to start at 2025-01-07 12:34:00.
2025-03-06 13:42:53,401 - root - INFO - Scheduled Token-349 to start at 2025-01-07 12:36:00.
2025-03-06 13:42:53,401 - root - INFO - Scheduled Token-350 to start at 2025-01-07 12:38:00.
2025-03-06 13:42:53,401 - root - INFO - Scheduled Token-351 to start at 2025-01-07 12:40:00.
2025-03-06 13:42:53,402 - root - INFO - Scheduled Token-352 to start at 2025-01-07 12:42:00.
2025-03-06 13:42:53,402 - root - INFO - Scheduled Token-353 to start at 2025-01-07 12:44:00.
2025-03-06 13:42:53,402 - root - INFO - Scheduled Token-354 to start at 2025-01-07 12:46:00.
2025-03-06 13:42:53,403 - root - INFO - Scheduled Token-355 to start at 2025-01-07 12:48:00.
2025-03-06 13:42:53,403 - root - INFO - Scheduled Token-356 to start at 2025-01-07 12:50:00.
2025-03-06 13:42:53,403 - root - INFO - Scheduled Token-357 to start at 2025-01-07 12:52:00.
2025-03-06 13:42:53,404 - root - INFO - Scheduled Token-358 to start at 2025-01-07 12:54:00.
2025-03-06 13:42:53,404 - root - INFO - Scheduled Token-359 to start at 2025-01-07 12:56:00.
2025-03-06 13:42:53,404 - root - INFO - Scheduled Token-360 to start at 2025-01-07 12:58:00.
2025-03-06 13:42:53,405 - root - INFO - Scheduled Token-361 to start at 2025-01-08 07:00:00.
2025-03-06 13:42:53,405 - root - INFO - Scheduled Token-362 to start at 2025-01-08 07:02:00.
2025-03-06 13:42:53,405 - root - INFO - Scheduled Token-363 to start at 2025-01-08 07:04:00.
2025-03-06 13:42:53,406 - root - INFO - Scheduled Token-364 to start at 2025-01-08 07:06:00.
2025-03-06 13:42:53,406 - root - INFO - Scheduled Token-365 to start at 2025-01-08 07:08:00.
2025-03-06 13:42:53,406 - root - INFO - Scheduled Token-366 to start at 2025-01-08 07:10:00.
2025-03-06 13:42:53,407 - root - INFO - Scheduled Token-367 to start at 2025-01-08 07:12:00.
2025-03-06 13:42:53,407 - root - INFO - Scheduled Token-368 to start at 2025-01-08 07:14:00.
2025-03-06 13:42:53,408 - root - INFO - Scheduled Token-369 to start at 2025-01-08 07:16:00.
2025-03-06 13:42:53,408 - root - INFO - Scheduled Token-370 to start at 2025-01-08 07:18:00.
2025-03-06 13:42:53,408 - root - INFO - Scheduled Token-371 to start at 2025-01-08 07:20:00.
2025-03-06 13:42:53,409 - root - INFO - Scheduled Token-372 to start at 2025-01-08 07:22:00.
2025-03-06 13:42:53,409 - root - INFO - Scheduled Token-373 to start at 2025-01-08 07:24:00.
2025-03-06 13:42:53,410 - root - INFO - Scheduled Token-374 to start at 2025-01-08 07:26:00.
2025-03-06 13:42:53,410 - root - INFO - Scheduled Token-375 to start at 2025-01-08 07:28:00.
2025-03-06 13:42:53,411 - root - INFO - Scheduled Token-376 to start at 2025-01-08 07:30:00.
2025-03-06 13:42:53,411 - root - INFO - Scheduled Token-377 to start at 2025-01-08 07:32:00.
2025-03-06 13:42:53,411 - root - INFO - Scheduled Token-378 to start at 2025-01-08 07:34:00.
2025-03-06 13:42:53,411 - root - INFO - Scheduled Token-379 to start at 2025-01-08 07:36:00.
2025-03-06 13:42:53,412 - root - INFO - Scheduled Token-380 to start at 2025-01-08 07:38:00.
2025-03-06 13:42:53,413 - root - INFO - Scheduled Token-381 to start at 2025-01-08 07:40:00.
2025-03-06 13:42:53,414 - root - INFO - Scheduled Token-382 to start at 2025-01-08 07:42:00.
2025-03-06 13:42:53,414 - root - INFO - Scheduled Token-383 to start at 2025-01-08 07:44:00.
2025-03-06 13:42:53,414 - root - INFO - Scheduled Token-384 to start at 2025-01-08 07:46:00.
2025-03-06 13:42:53,415 - root - INFO - Scheduled Token-385 to start at 2025-01-08 07:48:00.
2025-03-06 13:42:53,415 - root - INFO - Scheduled Token-386 to start at 2025-01-08 07:50:00.
2025-03-06 13:42:53,415 - root - INFO - Scheduled Token-387 to start at 2025-01-08 07:52:00.
2025-03-06 13:42:53,416 - root - INFO - Scheduled Token-388 to start at 2025-01-08 07:54:00.
2025-03-06 13:42:53,417 - root - INFO - Scheduled Token-389 to start at 2025-01-08 07:56:00.
2025-03-06 13:42:53,417 - root - INFO - Scheduled Token-390 to start at 2025-01-08 07:58:00.
2025-03-06 13:42:53,417 - root - INFO - Scheduled Token-391 to start at 2025-01-08 08:00:00.
2025-03-06 13:42:53,417 - root - INFO - Scheduled Token-392 to start at 2025-01-08 08:02:00.
2025-03-06 13:42:53,418 - root - INFO - Scheduled Token-393 to start at 2025-01-08 08:04:00.
2025-03-06 13:42:53,419 - root - INFO - Scheduled Token-394 to start at 2025-01-08 08:06:00.
2025-03-06 13:42:53,419 - root - INFO - Scheduled Token-395 to start at 2025-01-08 08:08:00.
2025-03-06 13:42:53,419 - root - INFO - Scheduled Token-396 to start at 2025-01-08 08:10:00.
2025-03-06 13:42:53,420 - root - INFO - Scheduled Token-397 to start at 2025-01-08 08:12:00.
2025-03-06 13:42:53,420 - root - INFO - Scheduled Token-398 to start at 2025-01-08 08:14:00.
2025-03-06 13:42:53,420 - root - INFO - Scheduled Token-399 to start at 2025-01-08 08:16:00.
2025-03-06 13:42:53,420 - root - INFO - Scheduled Token-400 to start at 2025-01-08 08:18:00.
2025-03-06 13:42:53,421 - root - INFO - Scheduled Token-401 to start at 2025-01-08 08:20:00.
2025-03-06 13:42:53,421 - root - INFO - Scheduled Token-402 to start at 2025-01-08 08:22:00.
2025-03-06 13:42:53,423 - root - INFO - Scheduled Token-403 to start at 2025-01-08 08:24:00.
2025-03-06 13:42:53,423 - root - INFO - Scheduled Token-404 to start at 2025-01-08 08:26:00.
2025-03-06 13:42:53,424 - root - INFO - Scheduled Token-405 to start at 2025-01-08 08:28:00.
2025-03-06 13:42:53,424 - root - INFO - Scheduled Token-406 to start at 2025-01-08 08:30:00.
2025-03-06 13:42:53,425 - root - INFO - Scheduled Token-407 to start at 2025-01-08 08:32:00.
2025-03-06 13:42:53,425 - root - INFO - Scheduled Token-408 to start at 2025-01-08 08:34:00.
2025-03-06 13:42:53,425 - root - INFO - Scheduled Token-409 to start at 2025-01-08 08:36:00.
2025-03-06 13:42:53,426 - root - INFO - Scheduled Token-410 to start at 2025-01-08 08:38:00.
2025-03-06 13:42:53,426 - root - INFO - Scheduled Token-411 to start at 2025-01-08 08:40:00.
2025-03-06 13:42:53,427 - root - INFO - Scheduled Token-412 to start at 2025-01-08 08:42:00.
2025-03-06 13:42:53,427 - root - INFO - Scheduled Token-413 to start at 2025-01-08 08:44:00.
2025-03-06 13:42:53,427 - root - INFO - Scheduled Token-414 to start at 2025-01-08 08:46:00.
2025-03-06 13:42:53,428 - root - INFO - Scheduled Token-415 to start at 2025-01-08 08:48:00.
2025-03-06 13:42:53,431 - root - INFO - Scheduled Token-416 to start at 2025-01-08 08:50:00.
2025-03-06 13:42:53,432 - root - INFO - Scheduled Token-417 to start at 2025-01-08 08:52:00.
2025-03-06 13:42:53,432 - root - INFO - Scheduled Token-418 to start at 2025-01-08 08:54:00.
2025-03-06 13:42:53,433 - root - INFO - Scheduled Token-419 to start at 2025-01-08 08:56:00.
2025-03-06 13:42:53,433 - root - INFO - Scheduled Token-420 to start at 2025-01-08 08:58:00.
2025-03-06 13:42:53,433 - root - INFO - Scheduled Token-421 to start at 2025-01-08 09:00:00.
2025-03-06 13:42:53,434 - root - INFO - Scheduled Token-422 to start at 2025-01-08 09:02:00.
2025-03-06 13:42:53,434 - root - INFO - Scheduled Token-423 to start at 2025-01-08 09:04:00.
2025-03-06 13:42:53,434 - root - INFO - Scheduled Token-424 to start at 2025-01-08 09:06:00.
2025-03-06 13:42:53,435 - root - INFO - Scheduled Token-425 to start at 2025-01-08 09:08:00.
2025-03-06 13:42:53,435 - root - INFO - Scheduled Token-426 to start at 2025-01-08 09:10:00.
2025-03-06 13:42:53,436 - root - INFO - Scheduled Token-427 to start at 2025-01-08 09:12:00.
2025-03-06 13:42:53,436 - root - INFO - Scheduled Token-428 to start at 2025-01-08 09:14:00.
2025-03-06 13:42:53,436 - root - INFO - Scheduled Token-429 to start at 2025-01-08 09:16:00.
2025-03-06 13:42:53,438 - root - INFO - Scheduled Token-430 to start at 2025-01-08 09:18:00.
2025-03-06 13:42:53,439 - root - INFO - Scheduled Token-431 to start at 2025-01-08 09:20:00.
2025-03-06 13:42:53,439 - root - INFO - Scheduled Token-432 to start at 2025-01-08 09:22:00.
2025-03-06 13:42:53,439 - root - INFO - Scheduled Token-433 to start at 2025-01-08 09:24:00.
2025-03-06 13:42:53,440 - root - INFO - Scheduled Token-434 to start at 2025-01-08 09:26:00.
2025-03-06 13:42:53,440 - root - INFO - Scheduled Token-435 to start at 2025-01-08 09:28:00.
2025-03-06 13:42:53,440 - root - INFO - Scheduled Token-436 to start at 2025-01-08 09:30:00.
2025-03-06 13:42:53,441 - root - INFO - Scheduled Token-437 to start at 2025-01-08 09:32:00.
2025-03-06 13:42:53,441 - root - INFO - Scheduled Token-438 to start at 2025-01-08 09:34:00.
2025-03-06 13:42:53,442 - root - INFO - Scheduled Token-439 to start at 2025-01-08 09:36:00.
2025-03-06 13:42:53,442 - root - INFO - Scheduled Token-440 to start at 2025-01-08 09:38:00.
2025-03-06 13:42:53,442 - root - INFO - Scheduled Token-441 to start at 2025-01-08 09:40:00.
2025-03-06 13:42:53,443 - root - INFO - Scheduled Token-442 to start at 2025-01-08 09:42:00.
2025-03-06 13:42:53,443 - root - INFO - Scheduled Token-443 to start at 2025-01-08 09:44:00.
2025-03-06 13:42:53,444 - root - INFO - Scheduled Token-444 to start at 2025-01-08 09:46:00.
2025-03-06 13:42:53,444 - root - INFO - Scheduled Token-445 to start at 2025-01-08 09:48:00.
2025-03-06 13:42:53,444 - root - INFO - Scheduled Token-446 to start at 2025-01-08 09:50:00.
2025-03-06 13:42:53,445 - root - INFO - Scheduled Token-447 to start at 2025-01-08 09:52:00.
2025-03-06 13:42:53,445 - root - INFO - Scheduled Token-448 to start at 2025-01-08 09:54:00.
2025-03-06 13:42:53,445 - root - INFO - Scheduled Token-449 to start at 2025-01-08 09:56:00.
2025-03-06 13:42:53,446 - root - INFO - Scheduled Token-450 to start at 2025-01-08 09:58:00.
2025-03-06 13:42:53,447 - root - INFO - Scheduled Token-451 to start at 2025-01-08 10:00:00.
2025-03-06 13:42:53,447 - root - INFO - Scheduled Token-452 to start at 2025-01-08 10:02:00.
2025-03-06 13:42:53,448 - root - INFO - Scheduled Token-453 to start at 2025-01-08 10:04:00.
2025-03-06 13:42:53,448 - root - INFO - Scheduled Token-454 to start at 2025-01-08 10:06:00.
2025-03-06 13:42:53,448 - root - INFO - Scheduled Token-455 to start at 2025-01-08 10:08:00.
2025-03-06 13:42:53,448 - root - INFO - Scheduled Token-456 to start at 2025-01-08 10:10:00.
2025-03-06 13:42:53,448 - root - INFO - Scheduled Token-457 to start at 2025-01-08 10:12:00.
2025-03-06 13:42:53,448 - root - INFO - Scheduled Token-458 to start at 2025-01-08 10:14:00.
2025-03-06 13:42:53,448 - root - INFO - Scheduled Token-459 to start at 2025-01-08 10:16:00.
2025-03-06 13:42:53,448 - root - INFO - Scheduled Token-460 to start at 2025-01-08 10:18:00.
2025-03-06 13:42:53,448 - root - INFO - Scheduled Token-461 to start at 2025-01-08 10:20:00.
2025-03-06 13:42:53,450 - root - INFO - Scheduled Token-462 to start at 2025-01-08 10:22:00.
2025-03-06 13:42:53,450 - root - INFO - Scheduled Token-463 to start at 2025-01-08 10:24:00.
2025-03-06 13:42:53,450 - root - INFO - Scheduled Token-464 to start at 2025-01-08 10:26:00.
2025-03-06 13:42:53,450 - root - INFO - Scheduled Token-465 to start at 2025-01-08 10:28:00.
2025-03-06 13:42:53,451 - root - INFO - Scheduled Token-466 to start at 2025-01-08 10:30:00.
2025-03-06 13:42:53,451 - root - INFO - Scheduled Token-467 to start at 2025-01-08 10:32:00.
2025-03-06 13:42:53,451 - root - INFO - Scheduled Token-468 to start at 2025-01-08 10:34:00.
2025-03-06 13:42:53,451 - root - INFO - Scheduled Token-469 to start at 2025-01-08 10:36:00.
2025-03-06 13:42:53,452 - root - INFO - Scheduled Token-470 to start at 2025-01-08 10:38:00.
2025-03-06 13:42:53,452 - root - INFO - Scheduled Token-471 to start at 2025-01-08 10:40:00.
2025-03-06 13:42:53,452 - root - INFO - Scheduled Token-472 to start at 2025-01-08 10:42:00.
2025-03-06 13:42:53,453 - root - INFO - Scheduled Token-473 to start at 2025-01-08 10:44:00.
2025-03-06 13:42:53,453 - root - INFO - Scheduled Token-474 to start at 2025-01-08 10:46:00.
2025-03-06 13:42:53,453 - root - INFO - Scheduled Token-475 to start at 2025-01-08 10:48:00.
2025-03-06 13:42:53,453 - root - INFO - Scheduled Token-476 to start at 2025-01-08 10:50:00.
2025-03-06 13:42:53,454 - root - INFO - Scheduled Token-477 to start at 2025-01-08 10:52:00.
2025-03-06 13:42:53,454 - root - INFO - Scheduled Token-478 to start at 2025-01-08 10:54:00.
2025-03-06 13:42:53,454 - root - INFO - Scheduled Token-479 to start at 2025-01-08 10:56:00.
2025-03-06 13:42:53,454 - root - INFO - Scheduled Token-480 to start at 2025-01-08 10:58:00.
2025-03-06 13:42:53,455 - root - INFO - Scheduled Token-481 to start at 2025-01-08 11:00:00.
2025-03-06 13:42:53,455 - root - INFO - Scheduled Token-482 to start at 2025-01-08 11:02:00.
2025-03-06 13:42:53,456 - root - INFO - Scheduled Token-483 to start at 2025-01-08 11:04:00.
2025-03-06 13:42:53,456 - root - INFO - Scheduled Token-484 to start at 2025-01-08 11:06:00.
2025-03-06 13:42:53,457 - root - INFO - Scheduled Token-485 to start at 2025-01-08 11:08:00.
2025-03-06 13:42:53,457 - root - INFO - Scheduled Token-486 to start at 2025-01-08 11:10:00.
2025-03-06 13:42:53,458 - root - INFO - Scheduled Token-487 to start at 2025-01-08 11:12:00.
2025-03-06 13:42:53,460 - root - INFO - Scheduled Token-488 to start at 2025-01-08 11:14:00.
2025-03-06 13:42:53,460 - root - INFO - Scheduled Token-489 to start at 2025-01-08 11:16:00.
2025-03-06 13:42:53,463 - root - INFO - Scheduled Token-490 to start at 2025-01-08 11:18:00.
2025-03-06 13:42:53,464 - root - INFO - Scheduled Token-491 to start at 2025-01-08 11:20:00.
2025-03-06 13:42:53,465 - root - INFO - Scheduled Token-492 to start at 2025-01-08 11:22:00.
2025-03-06 13:42:53,465 - root - INFO - Scheduled Token-493 to start at 2025-01-08 11:24:00.
2025-03-06 13:42:53,466 - root - INFO - Scheduled Token-494 to start at 2025-01-08 11:26:00.
2025-03-06 13:42:53,466 - root - INFO - Scheduled Token-495 to start at 2025-01-08 11:28:00.
2025-03-06 13:42:53,467 - root - INFO - Scheduled Token-496 to start at 2025-01-08 11:30:00.
2025-03-06 13:42:53,467 - root - INFO - Scheduled Token-497 to start at 2025-01-08 11:32:00.
2025-03-06 13:42:53,467 - root - INFO - Scheduled Token-498 to start at 2025-01-08 11:34:00.
2025-03-06 13:42:53,468 - root - INFO - Scheduled Token-499 to start at 2025-01-08 11:36:00.
2025-03-06 13:42:53,468 - root - INFO - Scheduled Token-500 to start at 2025-01-08 11:38:00.
2025-03-06 13:42:53,469 - root - INFO - Scheduled 500 tokens
2025-03-06 13:42:53,473 - root - INFO - Token Token-1 started task 'Monthly' at 2025-01-06 07:00:00, scheduled to end at 2025-01-06 07:00:00
2025-03-06 13:42:53,475 - root - INFO - Token Token-1 completed task 'Monthly' at 2025-01-06 07:00:00.
2025-03-06 13:42:53,476 - root - INFO - Token Token-1 started task 'Review AM using Asset Change Tracker (5.5.13.1)' at 2025-01-06 07:00:00, scheduled to end at 2025-01-06 07:07:55.307760
2025-03-06 13:42:53,476 - root - INFO - Token Token-2 started task 'Monthly' at 2025-01-06 07:02:00, scheduled to end at 2025-01-06 07:02:00
2025-03-06 13:42:53,477 - root - INFO - Token Token-2 completed task 'Monthly' at 2025-01-06 07:02:00.
2025-03-06 13:42:53,477 - root - INFO - Token Token-2 waiting for resource 'Tech' at 2025-01-06 07:02:00
2025-03-06 13:42:53,478 - root - INFO - Token Token-3 started task 'Monthly' at 2025-01-06 07:04:00, scheduled to end at 2025-01-06 07:04:00
2025-03-06 13:42:53,479 - root - INFO - Token Token-3 completed task 'Monthly' at 2025-01-06 07:04:00.
2025-03-06 13:42:53,479 - root - INFO - Token Token-3 waiting for resource 'Tech' at 2025-01-06 07:04:00
2025-03-06 13:42:53,480 - root - INFO - Token Token-4 started task 'Monthly' at 2025-01-06 07:06:00, scheduled to end at 2025-01-06 07:06:00
2025-03-06 13:42:53,480 - root - INFO - Token Token-4 completed task 'Monthly' at 2025-01-06 07:06:00.
2025-03-06 13:42:53,482 - root - INFO - Token Token-4 waiting for resource 'Tech' at 2025-01-06 07:06:00
2025-03-06 13:42:53,482 - root - INFO - Token Token-1 completed task 'Review AM using Asset Change Tracker (5.5.13.1)' at 2025-01-06 07:07:55.307760.
2025-03-06 13:42:53,482 - root - INFO - Token Token-2 released from wait queue for 'Tech'
2025-03-06 13:42:53,483 - root - INFO - Token Token-2 waited 5.92 minutes for resource
2025-03-06 13:42:53,484 - root - INFO - Token Token-2 started task 'Review AM using Asset Change Tracker (5.5.13.1)' at 2025-01-06 07:07:55.307760, scheduled to end at 2025-01-06 07:15:21.784430
2025-03-06 13:42:53,484 - root - INFO - Token Token-1 started task 'Complete /Accurate?' at 2025-01-06 07:07:55.307760, scheduled to end at 2025-01-06 07:07:55.307760
2025-03-06 13:42:53,485 - root - INFO - Token Token-1 completed task 'Complete /Accurate?' at 2025-01-06 07:07:55.307760.
2025-03-06 13:42:53,485 - root - INFO - Token Token-1 waiting for resource 'Tech' at 2025-01-06 07:07:55.307760
2025-03-06 13:42:53,485 - root - INFO - Token Token-5 started task 'Monthly' at 2025-01-06 07:08:00, scheduled to end at 2025-01-06 07:08:00
2025-03-06 13:42:53,486 - root - INFO - Token Token-5 completed task 'Monthly' at 2025-01-06 07:08:00.
2025-03-06 13:42:53,486 - root - INFO - Token Token-5 waiting for resource 'Tech' at 2025-01-06 07:08:00
2025-03-06 13:42:53,486 - root - INFO - Token Token-6 started task 'Monthly' at 2025-01-06 07:10:00, scheduled to end at 2025-01-06 07:10:00
2025-03-06 13:42:53,488 - root - INFO - Token Token-6 completed task 'Monthly' at 2025-01-06 07:10:00.
2025-03-06 13:42:53,488 - root - INFO - Token Token-6 waiting for resource 'Tech' at 2025-01-06 07:10:00
2025-03-06 13:42:53,488 - root - INFO - Token Token-7 started task 'Monthly' at 2025-01-06 07:12:00, scheduled to end at 2025-01-06 07:12:00
2025-03-06 13:42:53,489 - root - INFO - Token Token-7 completed task 'Monthly' at 2025-01-06 07:12:00.
2025-03-06 13:42:53,489 - root - INFO - Token Token-7 waiting for resource 'Tech' at 2025-01-06 07:12:00
2025-03-06 13:42:53,490 - root - INFO - Token Token-8 started task 'Monthly' at 2025-01-06 07:14:00, scheduled to end at 2025-01-06 07:14:00
2025-03-06 13:42:53,490 - root - INFO - Token Token-8 completed task 'Monthly' at 2025-01-06 07:14:00.
2025-03-06 13:42:53,490 - root - INFO - Token Token-8 waiting for resource 'Tech' at 2025-01-06 07:14:00
2025-03-06 13:42:53,491 - root - INFO - Token Token-2 completed task 'Review AM using Asset Change Tracker (5.5.13.1)' at 2025-01-06 07:15:21.784430.
2025-03-06 13:42:53,491 - root - INFO - Token Token-3 released from wait queue for 'Tech'
2025-03-06 13:42:53,491 - root - INFO - Token Token-3 waited 11.36 minutes for resource
2025-03-06 13:42:53,492 - root - INFO - Token Token-3 started task 'Review AM using Asset Change Tracker (5.5.13.1)' at 2025-01-06 07:15:21.784430, scheduled to end at 2025-01-06 07:24:31.477825
2025-03-06 13:42:53,492 - root - INFO - Token Token-2 started task 'Complete /Accurate?' at 2025-01-06 07:15:21.784430, scheduled to end at 2025-01-06 07:15:21.784430
2025-03-06 13:42:53,492 - root - INFO - Token Token-2 completed task 'Complete /Accurate?' at 2025-01-06 07:15:21.784430.
2025-03-06 13:42:53,493 - root - INFO - Token Token-2 waiting for resource 'Tech' at 2025-01-06 07:15:21.784430
2025-03-06 13:42:53,493 - root - INFO - Token Token-9 started task 'Monthly' at 2025-01-06 07:16:00, scheduled to end at 2025-01-06 07:16:00
2025-03-06 13:42:53,493 - root - INFO - Token Token-9 completed task 'Monthly' at 2025-01-06 07:16:00.
2025-03-06 13:42:53,493 - root - INFO - Token Token-9 waiting for resource 'Tech' at 2025-01-06 07:16:00
2025-03-06 13:42:53,494 - root - INFO - Token Token-10 started task 'Monthly' at 2025-01-06 07:18:00, scheduled to end at 2025-01-06 07:18:00
2025-03-06 13:42:53,494 - root - INFO - Token Token-10 completed task 'Monthly' at 2025-01-06 07:18:00.
2025-03-06 13:42:53,494 - root - INFO - Token Token-10 waiting for resource 'Tech' at 2025-01-06 07:18:00
2025-03-06 13:42:53,494 - root - INFO - Token Token-11 started task 'Monthly' at 2025-01-06 07:20:00, scheduled to end at 2025-01-06 07:20:00
2025-03-06 13:42:53,495 - root - INFO - Token Token-11 completed task 'Monthly' at 2025-01-06 07:20:00.
2025-03-06 13:42:53,495 - root - INFO - Token Token-11 waiting for resource 'Tech' at 2025-01-06 07:20:00
2025-03-06 13:42:53,496 - root - INFO - Token Token-12 started task 'Monthly' at 2025-01-06 07:22:00, scheduled to end at 2025-01-06 07:22:00
2025-03-06 13:42:53,496 - root - INFO - Token Token-12 completed task 'Monthly' at 2025-01-06 07:22:00.
2025-03-06 13:42:53,496 - root - INFO - Token Token-12 waiting for resource 'Tech' at 2025-01-06 07:22:00
2025-03-06 13:42:53,496 - root - INFO - Token Token-13 started task 'Monthly' at 2025-01-06 07:24:00, scheduled to end at 2025-01-06 07:24:00
2025-03-06 13:42:53,497 - root - INFO - Token Token-13 completed task 'Monthly' at 2025-01-06 07:24:00.
2025-03-06 13:42:53,497 - root - INFO - Token Token-13 waiting for resource 'Tech' at 2025-01-06 07:24:00
2025-03-06 13:42:53,497 - root - INFO - Token Token-3 completed task 'Review AM using Asset Change Tracker (5.5.13.1)' at 2025-01-06 07:24:31.477825.
2025-03-06 13:42:53,498 - root - INFO - Token Token-4 released from wait queue for 'Tech'
2025-03-06 13:42:53,498 - root - INFO - Token Token-4 waited 18.52 minutes for resource
2025-03-06 13:42:53,498 - root - INFO - Token Token-4 started task 'Review AM using Asset Change Tracker (5.5.13.1)' at 2025-01-06 07:24:31.477825, scheduled to end at 2025-01-06 07:32:29.252176
2025-03-06 13:42:53,499 - root - INFO - Token Token-3 started task 'Complete /Accurate?' at 2025-01-06 07:24:31.477825, scheduled to end at 2025-01-06 07:24:31.477825
2025-03-06 13:42:53,500 - root - INFO - Token Token-3 completed task 'Complete /Accurate?' at 2025-01-06 07:24:31.477825.
2025-03-06 13:42:53,500 - root - INFO - Token Token-3 waiting for resource 'Tech' at 2025-01-06 07:24:31.477825
2025-03-06 13:42:53,500 - root - INFO - Token Token-14 started task 'Monthly' at 2025-01-06 07:26:00, scheduled to end at 2025-01-06 07:26:00
2025-03-06 13:42:53,501 - root - INFO - Token Token-14 completed task 'Monthly' at 2025-01-06 07:26:00.
2025-03-06 13:42:53,501 - root - INFO - Token Token-14 waiting for resource 'Tech' at 2025-01-06 07:26:00
2025-03-06 13:42:53,501 - root - INFO - Token Token-15 started task 'Monthly' at 2025-01-06 07:28:00, scheduled to end at 2025-01-06 07:28:00
2025-03-06 13:42:53,502 - root - INFO - Token Token-15 completed task 'Monthly' at 2025-01-06 07:28:00.
2025-03-06 13:42:53,502 - root - INFO - Token Token-15 waiting for resource 'Tech' at 2025-01-06 07:28:00
2025-03-06 13:42:53,508 - root - INFO - Token Token-16 started task 'Monthly' at 2025-01-06 07:30:00, scheduled to end at 2025-01-06 07:30:00
2025-03-06 13:42:53,509 - root - INFO - Token Token-16 completed task 'Monthly' at 2025-01-06 07:30:00.
2025-03-06 13:42:53,510 - root - INFO - Token Token-16 waiting for resource 'Tech' at 2025-01-06 07:30:00
2025-03-06 13:42:53,510 - root - INFO - Token Token-17 started task 'Monthly' at 2025-01-06 07:32:00, scheduled to end at 2025-01-06 07:32:00
2025-03-06 13:42:53,510 - root - INFO - Token Token-17 completed task 'Monthly' at 2025-01-06 07:32:00.
2025-03-06 13:42:53,511 - root - INFO - Token Token-17 waiting for resource 'Tech' at 2025-01-06 07:32:00
2025-03-06 13:42:53,511 - root - INFO - Token Token-4 completed task 'Review AM using Asset Change Tracker (5.5.13.1)' at 2025-01-06 07:32:29.252176.
2025-03-06 13:42:53,512 - root - INFO - Token Token-1 released from wait queue for 'Tech'
2025-03-06 13:42:53,512 - root - INFO - Token Token-1 waited 24.57 minutes for resource
2025-03-06 13:42:53,513 - root - INFO - Token Token-1 started task 'Note Accuracy in Asset Change Tracker (5.5.13.2)' at 2025-01-06 07:32:29.252176, scheduled to end at 2025-01-06 07:36:47.238864
2025-03-06 13:42:53,514 - root - INFO - Token Token-4 started task 'Complete /Accurate?' at 2025-01-06 07:32:29.252176, scheduled to end at 2025-01-06 07:32:29.252176
2025-03-06 13:42:53,516 - root - INFO - Token Token-4 completed task 'Complete /Accurate?' at 2025-01-06 07:32:29.252176.
2025-03-06 13:42:53,517 - root - INFO - Token Token-4 waiting for resource 'Tech' at 2025-01-06 07:32:29.252176
2025-03-06 13:42:53,517 - root - INFO - Token Token-18 started task 'Monthly' at 2025-01-06 07:34:00, scheduled to end at 2025-01-06 07:34:00
2025-03-06 13:42:53,517 - root - INFO - Token Token-18 completed task 'Monthly' at 2025-01-06 07:34:00.
2025-03-06 13:42:53,519 - root - INFO - Token Token-18 waiting for resource 'Tech' at 2025-01-06 07:34:00
2025-03-06 13:42:53,519 - root - INFO - Token Token-19 started task 'Monthly' at 2025-01-06 07:36:00, scheduled to end at 2025-01-06 07:36:00
2025-03-06 13:42:53,519 - root - INFO - Token Token-19 completed task 'Monthly' at 2025-01-06 07:36:00.
2025-03-06 13:42:53,520 - root - INFO - Token Token-19 waiting for resource 'Tech' at 2025-01-06 07:36:00
2025-03-06 13:42:53,520 - root - INFO - Token Token-1 completed task 'Note Accuracy in Asset Change Tracker (5.5.13.2)' at 2025-01-06 07:36:47.238864.
2025-03-06 13:42:53,521 - root - INFO - Token Token-5 released from wait queue for 'Tech'
2025-03-06 13:42:53,521 - root - INFO - Token Token-5 waited 28.79 minutes for resource
2025-03-06 13:42:53,522 - root - INFO - Token Token-5 started task 'Review AM using Asset Change Tracker (5.5.13.1)' at 2025-01-06 07:36:47.238864, scheduled to end at 2025-01-06 07:45:52.059310
2025-03-06 13:42:53,522 - root - INFO - Token Token-1 started task 'Unknown' at 2025-01-06 07:36:47.238864, scheduled to end at 2025-01-06 07:36:47.238864
2025-03-06 13:42:53,523 - root - INFO - Token Token-1 completed task 'Unknown' at 2025-01-06 07:36:47.238864.
2025-03-06 13:42:53,523 - root - INFO - Token Token-1 has completed the entire process at 2025-01-06 07:36:47.238864.
2025-03-06 13:42:53,524 - root - INFO - Token Token-20 started task 'Monthly' at 2025-01-06 07:38:00, scheduled to end at 2025-01-06 07:38:00
2025-03-06 13:42:53,524 - root - INFO - Token Token-20 completed task 'Monthly' at 2025-01-06 07:38:00.
2025-03-06 13:42:53,525 - root - INFO - Token Token-20 waiting for resource 'Tech' at 2025-01-06 07:38:00
2025-03-06 13:42:53,525 - root - INFO - Token Token-21 started task 'Monthly' at 2025-01-06 07:40:00, scheduled to end at 2025-01-06 07:40:00
2025-03-06 13:42:53,526 - root - INFO - Token Token-21 completed task 'Monthly' at 2025-01-06 07:40:00.
2025-03-06 13:42:53,526 - root - INFO - Token Token-21 waiting for resource 'Tech' at 2025-01-06 07:40:00
2025-03-06 13:42:53,527 - root - INFO - Token Token-22 started task 'Monthly' at 2025-01-06 07:42:00, scheduled to end at 2025-01-06 07:42:00
2025-03-06 13:42:53,527 - root - INFO - Token Token-22 completed task 'Monthly' at 2025-01-06 07:42:00.
2025-03-06 13:42:53,528 - root - INFO - Token Token-22 waiting for resource 'Tech' at 2025-01-06 07:42:00
2025-03-06 13:42:53,528 - root - INFO - Token Token-23 started task 'Monthly' at 2025-01-06 07:44:00, scheduled to end at 2025-01-06 07:44:00
2025-03-06 13:42:53,529 - root - INFO - Token Token-23 completed task 'Monthly' at 2025-01-06 07:44:00.
2025-03-06 13:42:53,530 - root - INFO - Token Token-23 waiting for resource 'Tech' at 2025-01-06 07:44:00
2025-03-06 13:42:53,530 - root - INFO - Token Token-5 completed task 'Review AM using Asset Change Tracker (5.5.13.1)' at 2025-01-06 07:45:52.059310.
2025-03-06 13:42:53,530 - root - INFO - Token Token-6 released from wait queue for 'Tech'
2025-03-06 13:42:53,530 - root - INFO - Token Token-6 waited 35.87 minutes for resource
2025-03-06 13:42:53,530 - root - INFO - Token Token-6 started task 'Review AM using Asset Change Tracker (5.5.13.1)' at 2025-01-06 07:45:52.059310, scheduled to end at 2025-01-06 07:55:01.008009
2025-03-06 13:42:53,530 - root - INFO - Token Token-5 started task 'Complete /Accurate?' at 2025-01-06 07:45:52.059310, scheduled to end at 2025-01-06 07:45:52.059310
2025-03-06 13:42:53,530 - root - INFO - Token Token-5 completed task 'Complete /Accurate?' at 2025-01-06 07:45:52.059310.
2025-03-06 13:42:53,534 - root - INFO - Token Token-5 waiting for resource 'Tech' at 2025-01-06 07:45:52.059310
2025-03-06 13:42:53,534 - root - INFO - Token Token-24 started task 'Monthly' at 2025-01-06 07:46:00, scheduled to end at 2025-01-06 07:46:00
2025-03-06 13:42:53,534 - root - INFO - Token Token-24 completed task 'Monthly' at 2025-01-06 07:46:00.
2025-03-06 13:42:53,535 - root - INFO - Token Token-24 waiting for resource 'Tech' at 2025-01-06 07:46:00
2025-03-06 13:42:53,535 - root - INFO - Token Token-25 started task 'Monthly' at 2025-01-06 07:48:00, scheduled to end at 2025-01-06 07:48:00
2025-03-06 13:42:53,535 - root - INFO - Token Token-25 completed task 'Monthly' at 2025-01-06 07:48:00.
2025-03-06 13:42:53,536 - root - INFO - Token Token-25 waiting for resource 'Tech' at 2025-01-06 07:48:00
2025-03-06 13:42:53,536 - root - INFO - Token Token-26 started task 'Monthly' at 2025-01-06 07:50:00, scheduled to end at 2025-01-06 07:50:00
2025-03-06 13:42:53,540 - root - INFO - Token Token-26 completed task 'Monthly' at 2025-01-06 07:50:00.
2025-03-06 13:42:53,541 - root - INFO - Token Token-26 waiting for resource 'Tech' at 2025-01-06 07:50:00
2025-03-06 13:42:53,542 - root - INFO - Token Token-27 started task 'Monthly' at 2025-01-06 07:52:00, scheduled to end at 2025-01-06 07:52:00
2025-03-06 13:42:53,542 - root - INFO - Token Token-27 completed task 'Monthly' at 2025-01-06 07:52:00.
2025-03-06 13:42:53,543 - root - INFO - Token Token-27 waiting for resource 'Tech' at 2025-01-06 07:52:00
2025-03-06 13:42:53,544 - root - INFO - Token Token-28 started task 'Monthly' at 2025-01-06 07:54:00, scheduled to end at 2025-01-06 07:54:00
2025-03-06 13:42:53,544 - root - INFO - Token Token-28 completed task 'Monthly' at 2025-01-06 07:54:00.
2025-03-06 13:42:53,545 - root - INFO - Token Token-28 waiting for resource 'Tech' at 2025-01-06 07:54:00
2025-03-06 13:42:53,545 - root - INFO - Token Token-6 completed task 'Review AM using Asset Change Tracker (5.5.13.1)' at 2025-01-06 07:55:01.008009.
2025-03-06 13:42:53,546 - root - INFO - Token Token-7 released from wait queue for 'Tech'
2025-03-06 13:42:53,546 - root - INFO - Token Token-7 waited 43.02 minutes for resource
2025-03-06 13:42:53,547 - root - INFO - Token Token-7 started task 'Review AM using Asset Change Tracker (5.5.13.1)' at 2025-01-06 07:55:01.008009, scheduled to end at 2025-01-06 08:04:29.643463
2025-03-06 13:42:53,548 - root - INFO - Token Token-6 started task 'Complete /Accurate?' at 2025-01-06 07:55:01.008009, scheduled to end at 2025-01-06 07:55:01.008009
2025-03-06 13:42:53,548 - root - INFO - Token Token-6 completed task 'Complete /Accurate?' at 2025-01-06 07:55:01.008009.
2025-03-06 13:42:53,549 - root - INFO - Token Token-6 waiting for resource 'Tech' at 2025-01-06 07:55:01.008009
2025-03-06 13:42:53,550 - root - INFO - Token Token-29 started task 'Monthly' at 2025-01-06 07:56:00, scheduled to end at 2025-01-06 07:56:00
2025-03-06 13:42:53,551 - root - INFO - Token Token-29 completed task 'Monthly' at 2025-01-06 07:56:00.
2025-03-06 13:42:53,552 - root - INFO - Token Token-29 waiting for resource 'Tech' at 2025-01-06 07:56:00
2025-03-06 13:42:53,553 - root - INFO - Token Token-30 started task 'Monthly' at 2025-01-06 07:58:00, scheduled to end at 2025-01-06 07:58:00
2025-03-06 13:42:53,553 - root - INFO - Token Token-30 completed task 'Monthly' at 2025-01-06 07:58:00.
2025-03-06 13:42:53,554 - root - INFO - Token Token-30 waiting for resource 'Tech' at 2025-01-06 07:58:00
2025-03-06 13:42:53,554 - root - INFO - Token Token-31 started task 'Monthly' at 2025-01-06 08:00:00, scheduled to end at 2025-01-06 08:00:00
2025-03-06 13:42:53,555 - root - INFO - Token Token-31 completed task 'Monthly' at 2025-01-06 08:00:00.
2025-03-06 13:42:53,555 - root - INFO - Token Token-31 waiting for resource 'Tech' at 2025-01-06 08:00:00
2025-03-06 13:42:53,555 - root - INFO - Token Token-32 started task 'Monthly' at 2025-01-06 08:02:00, scheduled to end at 2025-01-06 08:02:00
2025-03-06 13:42:53,556 - root - INFO - Token Token-32 completed task 'Monthly' at 2025-01-06 08:02:00.
2025-03-06 13:42:53,556 - root - INFO - Token Token-32 waiting for resource 'Tech' at 2025-01-06 08:02:00
2025-03-06 13:42:53,557 - root - INFO - Token Token-33 started task 'Monthly' at 2025-01-06 08:04:00, scheduled to end at 2025-01-06 08:04:00
2025-03-06 13:42:53,557 - root - INFO - Token Token-33 completed task 'Monthly' at 2025-01-06 08:04:00.
2025-03-06 13:42:53,558 - root - INFO - Token Token-33 waiting for resource 'Tech' at 2025-01-06 08:04:00
2025-03-06 13:42:53,558 - root - INFO - Token Token-7 completed task 'Review AM using Asset Change Tracker (5.5.13.1)' at 2025-01-06 08:04:29.643463.
2025-03-06 13:42:53,558 - root - INFO - Token Token-8 released from wait queue for 'Tech'
2025-03-06 13:42:53,559 - root - INFO - Token Token-8 waited 50.49 minutes for resource
2025-03-06 13:42:53,559 - root - INFO - Token Token-8 started task 'Review AM using Asset Change Tracker (5.5.13.1)' at 2025-01-06 08:04:29.643463, scheduled to end at 2025-01-06 08:13:23.667962
2025-03-06 13:42:53,560 - root - INFO - Token Token-7 started task 'Complete /Accurate?' at 2025-01-06 08:04:29.643463, scheduled to end at 2025-01-06 08:04:29.643463
2025-03-06 13:42:53,561 - root - INFO - Token Token-7 completed task 'Complete /Accurate?' at 2025-01-06 08:04:29.643463.
2025-03-06 13:42:53,561 - root - INFO - Token Token-7 waiting for resource 'Tech' at 2025-01-06 08:04:29.643463
2025-03-06 13:42:53,561 - root - INFO - Token Token-34 started task 'Monthly' at 2025-01-06 08:06:00, scheduled to end at 2025-01-06 08:06:00
2025-03-06 13:42:53,561 - root - INFO - Token Token-34 completed task 'Monthly' at 2025-01-06 08:06:00.
2025-03-06 13:42:53,561 - root - INFO - Token Token-34 waiting for resource 'Tech' at 2025-01-06 08:06:00
2025-03-06 13:42:53,561 - root - INFO - Token Token-35 started task 'Monthly' at 2025-01-06 08:08:00, scheduled to end at 2025-01-06 08:08:00
2025-03-06 13:42:53,561 - root - INFO - Token Token-35 completed task 'Monthly' at 2025-01-06 08:08:00.
2025-03-06 13:42:53,561 - root - INFO - Token Token-35 waiting for resource 'Tech' at 2025-01-06 08:08:00
2025-03-06 13:42:53,561 - root - INFO - Token Token-36 started task 'Monthly' at 2025-01-06 08:10:00, scheduled to end at 2025-01-06 08:10:00
2025-03-06 13:42:53,561 - root - INFO - Token Token-36 completed task 'Monthly' at 2025-01-06 08:10:00.
2025-03-06 13:42:53,564 - root - INFO - Token Token-36 waiting for resource 'Tech' at 2025-01-06 08:10:00
2025-03-06 13:42:53,565 - root - INFO - Token Token-37 started task 'Monthly' at 2025-01-06 08:12:00, scheduled to end at 2025-01-06 08:12:00
2025-03-06 13:42:53,565 - root - INFO - Token Token-37 completed task 'Monthly' at 2025-01-06 08:12:00.
2025-03-06 13:42:53,565 - root - INFO - Token Token-37 waiting for resource 'Tech' at 2025-01-06 08:12:00
2025-03-06 13:42:53,566 - root - INFO - Token Token-8 completed task 'Review AM using Asset Change Tracker (5.5.13.1)' at 2025-01-06 08:13:23.667962.
2025-03-06 13:42:53,566 - root - INFO - Token Token-2 released from wait queue for 'Tech'
2025-03-06 13:42:53,568 - root - INFO - Token Token-2 waited 58.03 minutes for resource
2025-03-06 13:42:53,569 - root - INFO - Token Token-2 started task 'Work with REO RPO to Correct (5.5.13.3)' at 2025-01-06 08:13:23.667962, scheduled to end at 2025-01-06 10:25:37.244338
2025-03-06 13:42:53,569 - root - INFO - Token Token-8 started task 'Complete /Accurate?' at 2025-01-06 08:13:23.667962, scheduled to end at 2025-01-06 08:13:23.667962
2025-03-06 13:42:53,570 - root - INFO - Token Token-8 completed task 'Complete /Accurate?' at 2025-01-06 08:13:23.667962.
2025-03-06 13:42:53,578 - root - INFO - Token Token-8 waiting for resource 'Tech' at 2025-01-06 08:13:23.667962
2025-03-06 13:42:53,579 - root - INFO - Token Token-38 started task 'Monthly' at 2025-01-06 08:14:00, scheduled to end at 2025-01-06 08:14:00
2025-03-06 13:42:53,580 - root - INFO - Token Token-38 completed task 'Monthly' at 2025-01-06 08:14:00.
2025-03-06 13:42:53,580 - root - INFO - Token Token-38 waiting for resource 'Tech' at 2025-01-06 08:14:00
2025-03-06 13:42:53,581 - root - INFO - Token Token-39 started task 'Monthly' at 2025-01-06 08:16:00, scheduled to end at 2025-01-06 08:16:00
2025-03-06 13:42:53,581 - root - INFO - Token Token-39 completed task 'Monthly' at 2025-01-06 08:16:00.
2025-03-06 13:42:53,582 - root - INFO - Token Token-39 waiting for resource 'Tech' at 2025-01-06 08:16:00
2025-03-06 13:42:53,582 - root - INFO - Token Token-40 started task 'Monthly' at 2025-01-06 08:18:00, scheduled to end at 2025-01-06 08:18:00
2025-03-06 13:42:53,582 - root - INFO - Token Token-40 completed task 'Monthly' at 2025-01-06 08:18:00.
2025-03-06 13:42:53,583 - root - INFO - Token Token-40 waiting for resource 'Tech' at 2025-01-06 08:18:00
2025-03-06 13:42:53,583 - root - INFO - Token Token-41 started task 'Monthly' at 2025-01-06 08:20:00, scheduled to end at 2025-01-06 08:20:00
2025-03-06 13:42:53,584 - root - INFO - Token Token-41 completed task 'Monthly' at 2025-01-06 08:20:00.
2025-03-06 13:42:53,584 - root - INFO - Token Token-41 waiting for resource 'Tech' at 2025-01-06 08:20:00
2025-03-06 13:42:53,585 - root - INFO - Token Token-42 started task 'Monthly' at 2025-01-06 08:22:00, scheduled to end at 2025-01-06 08:22:00
2025-03-06 13:42:53,585 - root - INFO - Token Token-42 completed task 'Monthly' at 2025-01-06 08:22:00.
2025-03-06 13:42:53,586 - root - INFO - Token Token-42 waiting for resource 'Tech' at 2025-01-06 08:22:00
2025-03-06 13:42:53,586 - root - INFO - Token Token-43 started task 'Monthly' at 2025-01-06 08:24:00, scheduled to end at 2025-01-06 08:24:00
2025-03-06 13:42:53,588 - root - INFO - Token Token-43 completed task 'Monthly' at 2025-01-06 08:24:00.
2025-03-06 13:42:53,589 - root - INFO - Token Token-43 waiting for resource 'Tech' at 2025-01-06 08:24:00
2025-03-06 13:42:53,589 - root - INFO - Token Token-44 started task 'Monthly' at 2025-01-06 08:26:00, scheduled to end at 2025-01-06 08:26:00
2025-03-06 13:42:53,590 - root - INFO - Token Token-44 completed task 'Monthly' at 2025-01-06 08:26:00.
2025-03-06 13:42:53,590 - root - INFO - Token Token-44 waiting for resource 'Tech' at 2025-01-06 08:26:00
2025-03-06 13:42:53,590 - root - INFO - Token Token-45 started task 'Monthly' at 2025-01-06 08:28:00, scheduled to end at 2025-01-06 08:28:00
2025-03-06 13:42:53,590 - root - INFO - Token Token-45 completed task 'Monthly' at 2025-01-06 08:28:00.
2025-03-06 13:42:53,590 - root - INFO - Token Token-45 waiting for resource 'Tech' at 2025-01-06 08:28:00
2025-03-06 13:42:53,590 - root - INFO - Token Token-46 started task 'Monthly' at 2025-01-06 08:30:00, scheduled to end at 2025-01-06 08:30:00
2025-03-06 13:42:53,590 - root - INFO - Token Token-46 completed task 'Monthly' at 2025-01-06 08:30:00.
2025-03-06 13:42:53,593 - root - INFO - Token Token-46 waiting for resource 'Tech' at 2025-01-06 08:30:00
2025-03-06 13:42:53,593 - root - INFO - Token Token-47 started task 'Monthly' at 2025-01-06 08:32:00, scheduled to end at 2025-01-06 08:32:00
2025-03-06 13:42:53,593 - root - INFO - Token Token-47 completed task 'Monthly' at 2025-01-06 08:32:00.
2025-03-06 13:42:53,594 - root - INFO - Token Token-47 waiting for resource 'Tech' at 2025-01-06 08:32:00
2025-03-06 13:42:53,594 - root - INFO - Token Token-48 started task 'Monthly' at 2025-01-06 08:34:00, scheduled to end at 2025-01-06 08:34:00
2025-03-06 13:42:53,594 - root - INFO - Token Token-48 completed task 'Monthly' at 2025-01-06 08:34:00.
2025-03-06 13:42:53,596 - root - INFO - Token Token-48 waiting for resource 'Tech' at 2025-01-06 08:34:00
2025-03-06 13:42:53,596 - root - INFO - Token Token-49 started task 'Monthly' at 2025-01-06 08:36:00, scheduled to end at 2025-01-06 08:36:00
2025-03-06 13:42:53,597 - root - INFO - Token Token-49 completed task 'Monthly' at 2025-01-06 08:36:00.
2025-03-06 13:42:53,597 - root - INFO - Token Token-49 waiting for resource 'Tech' at 2025-01-06 08:36:00
2025-03-06 13:42:53,598 - root - INFO - Token Token-50 started task 'Monthly' at 2025-01-06 08:38:00, scheduled to end at 2025-01-06 08:38:00
2025-03-06 13:42:53,598 - root - INFO - Token Token-50 completed task 'Monthly' at 2025-01-06 08:38:00.
2025-03-06 13:42:53,599 - root - INFO - Token Token-50 waiting for resource 'Tech' at 2025-01-06 08:38:00
2025-03-06 13:42:53,599 - root - INFO - Token Token-51 started task 'Monthly' at 2025-01-06 08:40:00, scheduled to end at 2025-01-06 08:40:00
2025-03-06 13:42:53,599 - root - INFO - Token Token-51 completed task 'Monthly' at 2025-01-06 08:40:00.
2025-03-06 13:42:53,600 - root - INFO - Token Token-51 waiting for resource 'Tech' at 2025-01-06 08:40:00
2025-03-06 13:42:53,600 - root - INFO - Token Token-52 started task 'Monthly' at 2025-01-06 08:42:00, scheduled to end at 2025-01-06 08:42:00
2025-03-06 13:42:53,601 - root - INFO - Token Token-52 completed task 'Monthly' at 2025-01-06 08:42:00.
2025-03-06 13:42:53,601 - root - INFO - Token Token-52 waiting for resource 'Tech' at 2025-01-06 08:42:00
2025-03-06 13:42:53,602 - root - INFO - Token Token-53 started task 'Monthly' at 2025-01-06 08:44:00, scheduled to end at 2025-01-06 08:44:00
2025-03-06 13:42:53,602 - root - INFO - Token Token-53 completed task 'Monthly' at 2025-01-06 08:44:00.
2025-03-06 13:42:53,603 - root - INFO - Token Token-53 waiting for resource 'Tech' at 2025-01-06 08:44:00
2025-03-06 13:42:53,603 - root - INFO - Token Token-54 started task 'Monthly' at 2025-01-06 08:46:00, scheduled to end at 2025-01-06 08:46:00
2025-03-06 13:42:53,604 - root - INFO - Token Token-54 completed task 'Monthly' at 2025-01-06 08:46:00.
2025-03-06 13:42:53,604 - root - INFO - Token Token-54 waiting for resource 'Tech' at 2025-01-06 08:46:00
2025-03-06 13:42:53,605 - root - INFO - Token Token-55 started task 'Monthly' at 2025-01-06 08:48:00, scheduled to end at 2025-01-06 08:48:00
2025-03-06 13:42:53,606 - root - INFO - Token Token-55 completed task 'Monthly' at 2025-01-06 08:48:00.
2025-03-06 13:42:53,606 - root - INFO - Token Token-55 waiting for resource 'Tech' at 2025-01-06 08:48:00
2025-03-06 13:42:53,607 - root - INFO - Token Token-56 started task 'Monthly' at 2025-01-06 08:50:00, scheduled to end at 2025-01-06 08:50:00
2025-03-06 13:42:53,607 - root - INFO - Token Token-56 completed task 'Monthly' at 2025-01-06 08:50:00.
2025-03-06 13:42:53,608 - root - INFO - Token Token-56 waiting for resource 'Tech' at 2025-01-06 08:50:00
2025-03-06 13:42:53,608 - root - INFO - Token Token-57 started task 'Monthly' at 2025-01-06 08:52:00, scheduled to end at 2025-01-06 08:52:00
2025-03-06 13:42:53,609 - root - INFO - Token Token-57 completed task 'Monthly' at 2025-01-06 08:52:00.
2025-03-06 13:42:53,610 - root - INFO - Token Token-57 waiting for resource 'Tech' at 2025-01-06 08:52:00
2025-03-06 13:42:53,614 - root - INFO - Token Token-58 started task 'Monthly' at 2025-01-06 08:54:00, scheduled to end at 2025-01-06 08:54:00
2025-03-06 13:42:53,615 - root - INFO - Token Token-58 completed task 'Monthly' at 2025-01-06 08:54:00.
2025-03-06 13:42:53,616 - root - INFO - Token Token-58 waiting for resource 'Tech' at 2025-01-06 08:54:00
2025-03-06 13:42:53,617 - root - INFO - Token Token-59 started task 'Monthly' at 2025-01-06 08:56:00, scheduled to end at 2025-01-06 08:56:00
2025-03-06 13:42:53,617 - root - INFO - Token Token-59 completed task 'Monthly' at 2025-01-06 08:56:00.
2025-03-06 13:42:53,617 - root - INFO - Token Token-59 waiting for resource 'Tech' at 2025-01-06 08:56:00
2025-03-06 13:42:53,618 - root - INFO - Token Token-60 started task 'Monthly' at 2025-01-06 08:58:00, scheduled to end at 2025-01-06 08:58:00
2025-03-06 13:42:53,619 - root - INFO - Token Token-60 completed task 'Monthly' at 2025-01-06 08:58:00.
2025-03-06 13:42:53,619 - root - INFO - Token Token-60 waiting for resource 'Tech' at 2025-01-06 08:58:00
2025-03-06 13:42:53,619 - root - INFO - Token Token-61 started task 'Monthly' at 2025-01-06 09:00:00, scheduled to end at 2025-01-06 09:00:00
2025-03-06 13:42:53,620 - root - INFO - Token Token-61 completed task 'Monthly' at 2025-01-06 09:00:00.
2025-03-06 13:42:53,620 - root - INFO - Token Token-61 waiting for resource 'Tech' at 2025-01-06 09:00:00
2025-03-06 13:42:53,620 - root - INFO - Token Token-62 started task 'Monthly' at 2025-01-06 09:02:00, scheduled to end at 2025-01-06 09:02:00
2025-03-06 13:42:53,620 - root - INFO - Token Token-62 completed task 'Monthly' at 2025-01-06 09:02:00.
2025-03-06 13:42:53,620 - root - INFO - Token Token-62 waiting for resource 'Tech' at 2025-01-06 09:02:00
2025-03-06 13:42:53,620 - root - INFO - Token Token-63 started task 'Monthly' at 2025-01-06 09:04:00, scheduled to end at 2025-01-06 09:04:00
2025-03-06 13:42:53,620 - root - INFO - Token Token-63 completed task 'Monthly' at 2025-01-06 09:04:00.
2025-03-06 13:42:53,623 - root - INFO - Token Token-63 waiting for resource 'Tech' at 2025-01-06 09:04:00
2025-03-06 13:42:53,623 - root - INFO - Token Token-64 started task 'Monthly' at 2025-01-06 09:06:00, scheduled to end at 2025-01-06 09:06:00
2025-03-06 13:42:53,623 - root - INFO - Token Token-64 completed task 'Monthly' at 2025-01-06 09:06:00.
2025-03-06 13:42:53,624 - root - INFO - Token Token-64 waiting for resource 'Tech' at 2025-01-06 09:06:00
2025-03-06 13:42:53,624 - root - INFO - Token Token-65 started task 'Monthly' at 2025-01-06 09:08:00, scheduled to end at 2025-01-06 09:08:00
2025-03-06 13:42:53,624 - root - INFO - Token Token-65 completed task 'Monthly' at 2025-01-06 09:08:00.
2025-03-06 13:42:53,626 - root - INFO - Token Token-65 waiting for resource 'Tech' at 2025-01-06 09:08:00
2025-03-06 13:42:53,627 - root - INFO - Token Token-66 started task 'Monthly' at 2025-01-06 09:10:00, scheduled to end at 2025-01-06 09:10:00
2025-03-06 13:42:53,627 - root - INFO - Token Token-66 completed task 'Monthly' at 2025-01-06 09:10:00.
2025-03-06 13:42:53,628 - root - INFO - Token Token-66 waiting for resource 'Tech' at 2025-01-06 09:10:00
2025-03-06 13:42:53,628 - root - INFO - Token Token-67 started task 'Monthly' at 2025-01-06 09:12:00, scheduled to end at 2025-01-06 09:12:00
2025-03-06 13:42:53,628 - root - INFO - Token Token-67 completed task 'Monthly' at 2025-01-06 09:12:00.
2025-03-06 13:42:53,629 - root - INFO - Token Token-67 waiting for resource 'Tech' at 2025-01-06 09:12:00
2025-03-06 13:42:53,629 - root - INFO - Token Token-68 started task 'Monthly' at 2025-01-06 09:14:00, scheduled to end at 2025-01-06 09:14:00
2025-03-06 13:42:53,630 - root - INFO - Token Token-68 completed task 'Monthly' at 2025-01-06 09:14:00.
2025-03-06 13:42:53,630 - root - INFO - Token Token-68 waiting for resource 'Tech' at 2025-01-06 09:14:00
2025-03-06 13:42:53,630 - root - INFO - Token Token-69 started task 'Monthly' at 2025-01-06 09:16:00, scheduled to end at 2025-01-06 09:16:00
2025-03-06 13:42:53,631 - root - INFO - Token Token-69 completed task 'Monthly' at 2025-01-06 09:16:00.
2025-03-06 13:42:53,631 - root - INFO - Token Token-69 waiting for resource 'Tech' at 2025-01-06 09:16:00
2025-03-06 13:42:53,632 - root - INFO - Token Token-70 started task 'Monthly' at 2025-01-06 09:18:00, scheduled to end at 2025-01-06 09:18:00
2025-03-06 13:42:53,632 - root - INFO - Token Token-70 completed task 'Monthly' at 2025-01-06 09:18:00.
2025-03-06 13:42:53,632 - root - INFO - Token Token-70 waiting for resource 'Tech' at 2025-01-06 09:18:00
2025-03-06 13:42:53,633 - root - INFO - Token Token-71 started task 'Monthly' at 2025-01-06 09:20:00, scheduled to end at 2025-01-06 09:20:00
2025-03-06 13:42:53,633 - root - INFO - Token Token-71 completed task 'Monthly' at 2025-01-06 09:20:00.
2025-03-06 13:42:53,634 - root - INFO - Token Token-71 waiting for resource 'Tech' at 2025-01-06 09:20:00
2025-03-06 13:42:53,635 - root - INFO - Token Token-72 started task 'Monthly' at 2025-01-06 09:22:00, scheduled to end at 2025-01-06 09:22:00
2025-03-06 13:42:53,635 - root - INFO - Token Token-72 completed task 'Monthly' at 2025-01-06 09:22:00.
2025-03-06 13:42:53,636 - root - INFO - Token Token-72 waiting for resource 'Tech' at 2025-01-06 09:22:00
2025-03-06 13:42:53,636 - root - INFO - Token Token-73 started task 'Monthly' at 2025-01-06 09:24:00, scheduled to end at 2025-01-06 09:24:00
2025-03-06 13:42:53,637 - root - INFO - Token Token-73 completed task 'Monthly' at 2025-01-06 09:24:00.
2025-03-06 13:42:53,637 - root - INFO - Token Token-73 waiting for resource 'Tech' at 2025-01-06 09:24:00
2025-03-06 13:42:53,637 - root - INFO - Token Token-74 started task 'Monthly' at 2025-01-06 09:26:00, scheduled to end at 2025-01-06 09:26:00
2025-03-06 13:42:53,638 - root - INFO - Token Token-74 completed task 'Monthly' at 2025-01-06 09:26:00.
2025-03-06 13:42:53,638 - root - INFO - Token Token-74 waiting for resource 'Tech' at 2025-01-06 09:26:00
2025-03-06 13:42:53,638 - root - INFO - Token Token-75 started task 'Monthly' at 2025-01-06 09:28:00, scheduled to end at 2025-01-06 09:28:00
2025-03-06 13:42:53,639 - root - INFO - Token Token-75 completed task 'Monthly' at 2025-01-06 09:28:00.
2025-03-06 13:42:53,640 - root - INFO - Token Token-75 waiting for resource 'Tech' at 2025-01-06 09:28:00
2025-03-06 13:42:53,640 - root - INFO - Token Token-76 started task 'Monthly' at 2025-01-06 09:30:00, scheduled to end at 2025-01-06 09:30:00
2025-03-06 13:42:53,641 - root - INFO - Token Token-76 completed task 'Monthly' at 2025-01-06 09:30:00.
2025-03-06 13:42:53,641 - root - INFO - Token Token-76 waiting for resource 'Tech' at 2025-01-06 09:30:00
2025-03-06 13:42:53,641 - root - INFO - Token Token-77 started task 'Monthly' at 2025-01-06 09:32:00, scheduled to end at 2025-01-06 09:32:00
2025-03-06 13:42:53,642 - root - INFO - Token Token-77 completed task 'Monthly' at 2025-01-06 09:32:00.
2025-03-06 13:42:53,642 - root - INFO - Token Token-77 waiting for resource 'Tech' at 2025-01-06 09:32:00
2025-03-06 13:42:53,650 - root - INFO - Token Token-78 started task 'Monthly' at 2025-01-06 09:34:00, scheduled to end at 2025-01-06 09:34:00
2025-03-06 13:42:53,650 - root - INFO - Token Token-78 completed task 'Monthly' at 2025-01-06 09:34:00.
2025-03-06 13:42:53,650 - root - INFO - Token Token-78 waiting for resource 'Tech' at 2025-01-06 09:34:00
2025-03-06 13:42:53,650 - root - INFO - Token Token-79 started task 'Monthly' at 2025-01-06 09:36:00, scheduled to end at 2025-01-06 09:36:00
2025-03-06 13:42:53,650 - root - INFO - Token Token-79 completed task 'Monthly' at 2025-01-06 09:36:00.
2025-03-06 13:42:53,652 - root - INFO - Token Token-79 waiting for resource 'Tech' at 2025-01-06 09:36:00
2025-03-06 13:42:53,652 - root - INFO - Token Token-80 started task 'Monthly' at 2025-01-06 09:38:00, scheduled to end at 2025-01-06 09:38:00
2025-03-06 13:42:53,652 - root - INFO - Token Token-80 completed task 'Monthly' at 2025-01-06 09:38:00.
2025-03-06 13:42:53,652 - root - INFO - Token Token-80 waiting for resource 'Tech' at 2025-01-06 09:38:00
2025-03-06 13:42:53,653 - root - INFO - Token Token-81 started task 'Monthly' at 2025-01-06 09:40:00, scheduled to end at 2025-01-06 09:40:00
2025-03-06 13:42:53,653 - root - INFO - Token Token-81 completed task 'Monthly' at 2025-01-06 09:40:00.
2025-03-06 13:42:53,654 - root - INFO - Token Token-81 waiting for resource 'Tech' at 2025-01-06 09:40:00
2025-03-06 13:42:53,654 - root - INFO - Token Token-82 started task 'Monthly' at 2025-01-06 09:42:00, scheduled to end at 2025-01-06 09:42:00
2025-03-06 13:42:53,654 - root - INFO - Token Token-82 completed task 'Monthly' at 2025-01-06 09:42:00.
2025-03-06 13:42:53,654 - root - INFO - Token Token-82 waiting for resource 'Tech' at 2025-01-06 09:42:00
2025-03-06 13:42:53,654 - root - INFO - Token Token-83 started task 'Monthly' at 2025-01-06 09:44:00, scheduled to end at 2025-01-06 09:44:00
2025-03-06 13:42:53,655 - root - INFO - Token Token-83 completed task 'Monthly' at 2025-01-06 09:44:00.
2025-03-06 13:42:53,655 - root - INFO - Token Token-83 waiting for resource 'Tech' at 2025-01-06 09:44:00
2025-03-06 13:42:53,655 - root - INFO - Token Token-84 started task 'Monthly' at 2025-01-06 09:46:00, scheduled to end at 2025-01-06 09:46:00
2025-03-06 13:42:53,656 - root - INFO - Token Token-84 completed task 'Monthly' at 2025-01-06 09:46:00.
2025-03-06 13:42:53,656 - root - INFO - Token Token-84 waiting for resource 'Tech' at 2025-01-06 09:46:00
2025-03-06 13:42:53,656 - root - INFO - Token Token-85 started task 'Monthly' at 2025-01-06 09:48:00, scheduled to end at 2025-01-06 09:48:00
2025-03-06 13:42:53,657 - root - INFO - Token Token-85 completed task 'Monthly' at 2025-01-06 09:48:00.
2025-03-06 13:42:53,658 - root - INFO - Token Token-85 waiting for resource 'Tech' at 2025-01-06 09:48:00
2025-03-06 13:42:53,658 - root - INFO - Token Token-86 started task 'Monthly' at 2025-01-06 09:50:00, scheduled to end at 2025-01-06 09:50:00
2025-03-06 13:42:53,658 - root - INFO - Token Token-86 completed task 'Monthly' at 2025-01-06 09:50:00.
2025-03-06 13:42:53,659 - root - INFO - Token Token-86 waiting for resource 'Tech' at 2025-01-06 09:50:00
2025-03-06 13:42:53,659 - root - INFO - Token Token-87 started task 'Monthly' at 2025-01-06 09:52:00, scheduled to end at 2025-01-06 09:52:00
2025-03-06 13:42:53,660 - root - INFO - Token Token-87 completed task 'Monthly' at 2025-01-06 09:52:00.
2025-03-06 13:42:53,660 - root - INFO - Token Token-87 waiting for resource 'Tech' at 2025-01-06 09:52:00
2025-03-06 13:42:53,660 - root - INFO - Token Token-88 started task 'Monthly' at 2025-01-06 09:54:00, scheduled to end at 2025-01-06 09:54:00
2025-03-06 13:42:53,660 - root - INFO - Token Token-88 completed task 'Monthly' at 2025-01-06 09:54:00.
2025-03-06 13:42:53,661 - root - INFO - Token Token-88 waiting for resource 'Tech' at 2025-01-06 09:54:00
2025-03-06 13:42:53,661 - root - INFO - Token Token-89 started task 'Monthly' at 2025-01-06 09:56:00, scheduled to end at 2025-01-06 09:56:00
2025-03-06 13:42:53,661 - root - INFO - Token Token-89 completed task 'Monthly' at 2025-01-06 09:56:00.
2025-03-06 13:42:53,662 - root - INFO - Token Token-89 waiting for resource 'Tech' at 2025-01-06 09:56:00
2025-03-06 13:42:53,662 - root - INFO - Token Token-90 started task 'Monthly' at 2025-01-06 09:58:00, scheduled to end at 2025-01-06 09:58:00
2025-03-06 13:42:53,662 - root - INFO - Token Token-90 completed task 'Monthly' at 2025-01-06 09:58:00.
2025-03-06 13:42:53,662 - root - INFO - Token Token-90 waiting for resource 'Tech' at 2025-01-06 09:58:00
2025-03-06 13:42:53,663 - root - INFO - Token Token-91 started task 'Monthly' at 2025-01-06 10:00:00, scheduled to end at 2025-01-06 10:00:00
2025-03-06 13:42:53,664 - root - INFO - Token Token-91 completed task 'Monthly' at 2025-01-06 10:00:00.
2025-03-06 13:42:53,665 - root - INFO - Token Token-91 waiting for resource 'Tech' at 2025-01-06 10:00:00
2025-03-06 13:42:53,665 - root - INFO - Token Token-92 started task 'Monthly' at 2025-01-06 10:02:00, scheduled to end at 2025-01-06 10:02:00
2025-03-06 13:42:53,666 - root - INFO - Token Token-92 completed task 'Monthly' at 2025-01-06 10:02:00.
2025-03-06 13:42:53,666 - root - INFO - Token Token-92 waiting for resource 'Tech' at 2025-01-06 10:02:00
2025-03-06 13:42:53,666 - root - INFO - Token Token-93 started task 'Monthly' at 2025-01-06 10:04:00, scheduled to end at 2025-01-06 10:04:00
2025-03-06 13:42:53,667 - root - INFO - Token Token-93 completed task 'Monthly' at 2025-01-06 10:04:00.
2025-03-06 13:42:53,667 - root - INFO - Token Token-93 waiting for resource 'Tech' at 2025-01-06 10:04:00
2025-03-06 13:42:53,667 - root - INFO - Token Token-94 started task 'Monthly' at 2025-01-06 10:06:00, scheduled to end at 2025-01-06 10:06:00
2025-03-06 13:42:53,668 - root - INFO - Token Token-94 completed task 'Monthly' at 2025-01-06 10:06:00.
2025-03-06 13:42:53,669 - root - INFO - Token Token-94 waiting for resource 'Tech' at 2025-01-06 10:06:00
2025-03-06 13:42:53,669 - root - INFO - Token Token-95 started task 'Monthly' at 2025-01-06 10:08:00, scheduled to end at 2025-01-06 10:08:00
2025-03-06 13:42:53,670 - root - INFO - Token Token-95 completed task 'Monthly' at 2025-01-06 10:08:00.
2025-03-06 13:42:53,670 - root - INFO - Token Token-95 waiting for resource 'Tech' at 2025-01-06 10:08:00
2025-03-06 13:42:53,671 - root - INFO - Token Token-96 started task 'Monthly' at 2025-01-06 10:10:00, scheduled to end at 2025-01-06 10:10:00
2025-03-06 13:42:53,671 - root - INFO - Token Token-96 completed task 'Monthly' at 2025-01-06 10:10:00.
2025-03-06 13:42:53,672 - root - INFO - Token Token-96 waiting for resource 'Tech' at 2025-01-06 10:10:00
2025-03-06 13:42:53,672 - root - INFO - Token Token-97 started task 'Monthly' at 2025-01-06 10:12:00, scheduled to end at 2025-01-06 10:12:00
2025-03-06 13:42:53,672 - root - INFO - Token Token-97 completed task 'Monthly' at 2025-01-06 10:12:00.
2025-03-06 13:42:53,673 - root - INFO - Token Token-97 waiting for resource 'Tech' at 2025-01-06 10:12:00
2025-03-06 13:42:53,673 - root - INFO - Token Token-98 started task 'Monthly' at 2025-01-06 10:14:00, scheduled to end at 2025-01-06 10:14:00
2025-03-06 13:42:53,674 - root - INFO - Token Token-98 completed task 'Monthly' at 2025-01-06 10:14:00.
2025-03-06 13:42:53,674 - root - INFO - Token Token-98 waiting for resource 'Tech' at 2025-01-06 10:14:00
2025-03-06 13:42:53,674 - root - INFO - Token Token-99 started task 'Monthly' at 2025-01-06 10:16:00, scheduled to end at 2025-01-06 10:16:00
2025-03-06 13:42:53,675 - root - INFO - Token Token-99 completed task 'Monthly' at 2025-01-06 10:16:00.
2025-03-06 13:42:53,675 - root - INFO - Token Token-99 waiting for resource 'Tech' at 2025-01-06 10:16:00
2025-03-06 13:42:53,676 - root - INFO - Token Token-100 started task 'Monthly' at 2025-01-06 10:18:00, scheduled to end at 2025-01-06 10:18:00
2025-03-06 13:42:53,676 - root - INFO - Token Token-100 completed task 'Monthly' at 2025-01-06 10:18:00.
2025-03-06 13:42:53,676 - root - INFO - Token Token-100 waiting for resource 'Tech' at 2025-01-06 10:18:00
2025-03-06 13:42:53,677 - root - INFO - Token Token-101 started task 'Monthly' at 2025-01-06 10:20:00, scheduled to end at 2025-01-06 10:20:00
2025-03-06 13:42:53,677 - root - INFO - Token Token-101 completed task 'Monthly' at 2025-01-06 10:20:00.
2025-03-06 13:42:53,679 - root - INFO - Token Token-101 waiting for resource 'Tech' at 2025-01-06 10:20:00
2025-03-06 13:42:53,686 - root - INFO - Token Token-102 started task 'Monthly' at 2025-01-06 10:22:00, scheduled to end at 2025-01-06 10:22:00
2025-03-06 13:42:53,688 - root - INFO - Token Token-102 completed task 'Monthly' at 2025-01-06 10:22:00.
2025-03-06 13:42:53,688 - root - INFO - Token Token-102 waiting for resource 'Tech' at 2025-01-06 10:22:00
2025-03-06 13:42:53,690 - root - INFO - Token Token-103 started task 'Monthly' at 2025-01-06 10:24:00, scheduled to end at 2025-01-06 10:24:00
2025-03-06 13:42:53,690 - root - INFO - Token Token-103 completed task 'Monthly' at 2025-01-06 10:24:00.
2025-03-06 13:42:53,691 - root - INFO - Token Token-103 waiting for resource 'Tech' at 2025-01-06 10:24:00
2025-03-06 13:42:53,691 - root - INFO - Token Token-2 completed task 'Work with REO RPO to Correct (5.5.13.3)' at 2025-01-06 10:25:37.244338.
2025-03-06 13:42:53,691 - root - INFO - Token Token-9 released from wait queue for 'Tech'
2025-03-06 13:42:53,691 - root - INFO - Token Token-9 waited 189.62 minutes for resource
2025-03-06 13:42:53,691 - root - INFO - Token Token-9 started task 'Review AM using Asset Change Tracker (5.5.13.1)' at 2025-01-06 10:25:37.244338, scheduled to end at 2025-01-06 10:33:35.751952
2025-03-06 13:42:53,692 - root - INFO - Token Token-2 started task 'Create Journal Entries?' at 2025-01-06 10:25:37.244338, scheduled to end at 2025-01-06 10:25:37.244338
2025-03-06 13:42:53,692 - root - INFO - Token Token-2 completed task 'Create Journal Entries?' at 2025-01-06 10:25:37.244338.
2025-03-06 13:42:53,693 - root - INFO - Token Token-2 started task 'Create/Post Journal Entries (5.5.13.4)' at 2025-01-06 10:25:37.244338, scheduled to end at 2025-01-06 10:33:01.685688
2025-03-06 13:42:53,693 - root - INFO - Token Token-2 waiting for resource 'Tech' at 2025-01-06 10:25:37.244338
2025-03-06 13:42:53,693 - root - INFO - Token Token-104 started task 'Monthly' at 2025-01-06 10:26:00, scheduled to end at 2025-01-06 10:26:00
2025-03-06 13:42:53,693 - root - INFO - Token Token-104 completed task 'Monthly' at 2025-01-06 10:26:00.
2025-03-06 13:42:53,693 - root - INFO - Token Token-104 waiting for resource 'Tech' at 2025-01-06 10:26:00
2025-03-06 13:42:53,693 - root - INFO - Token Token-105 started task 'Monthly' at 2025-01-06 10:28:00, scheduled to end at 2025-01-06 10:28:00
2025-03-06 13:42:53,693 - root - INFO - Token Token-105 completed task 'Monthly' at 2025-01-06 10:28:00.
2025-03-06 13:42:53,693 - root - INFO - Token Token-105 waiting for resource 'Tech' at 2025-01-06 10:28:00
2025-03-06 13:42:53,696 - root - INFO - Token Token-106 started task 'Monthly' at 2025-01-06 10:30:00, scheduled to end at 2025-01-06 10:30:00
2025-03-06 13:42:53,697 - root - INFO - Token Token-106 completed task 'Monthly' at 2025-01-06 10:30:00.
2025-03-06 13:42:53,697 - root - INFO - Token Token-106 waiting for resource 'Tech' at 2025-01-06 10:30:00
2025-03-06 13:42:53,698 - root - INFO - Token Token-107 started task 'Monthly' at 2025-01-06 10:32:00, scheduled to end at 2025-01-06 10:32:00
2025-03-06 13:42:53,698 - root - INFO - Token Token-107 completed task 'Monthly' at 2025-01-06 10:32:00.
2025-03-06 13:42:53,698 - root - INFO - Token Token-107 waiting for resource 'Tech' at 2025-01-06 10:32:00
2025-03-06 13:42:53,698 - root - INFO - Token Token-2 completed task 'Create/Post Journal Entries (5.5.13.4)' at 2025-01-06 10:33:01.685688.
2025-03-06 13:42:53,699 - root - INFO - Token Token-2 waited 7.41 minutes for resource
2025-03-06 13:42:53,699 - root - INFO - Token Token-2 started task 'Unknown' at 2025-01-06 10:33:01.685688, scheduled to end at 2025-01-06 10:33:01.685688
2025-03-06 13:42:53,699 - root - INFO - Token Token-2 completed task 'Unknown' at 2025-01-06 10:33:01.685688.
2025-03-06 13:42:53,700 - root - INFO - Token Token-2 has completed the entire process at 2025-01-06 10:33:01.685688.
2025-03-06 13:42:53,700 - root - INFO - Token Token-9 completed task 'Review AM using Asset Change Tracker (5.5.13.1)' at 2025-01-06 10:33:35.751952.
2025-03-06 13:42:53,700 - root - INFO - Token Token-10 released from wait queue for 'Tech'
2025-03-06 13:42:53,701 - root - INFO - Token Token-10 waited 195.60 minutes for resource
2025-03-06 13:42:53,701 - root - INFO - Token Token-10 started task 'Review AM using Asset Change Tracker (5.5.13.1)' at 2025-01-06 10:33:35.751952, scheduled to end at 2025-01-06 10:41:31.157211
2025-03-06 13:42:53,702 - root - INFO - Token Token-9 started task 'Complete /Accurate?' at 2025-01-06 10:33:35.751952, scheduled to end at 2025-01-06 10:33:35.751952
2025-03-06 13:42:53,703 - root - INFO - Token Token-9 completed task 'Complete /Accurate?' at 2025-01-06 10:33:35.751952.
2025-03-06 13:42:53,703 - root - INFO - Token Token-9 waiting for resource 'Tech' at 2025-01-06 10:33:35.751952
2025-03-06 13:42:53,704 - root - INFO - Token Token-108 started task 'Monthly' at 2025-01-06 10:34:00, scheduled to end at 2025-01-06 10:34:00
2025-03-06 13:42:53,704 - root - INFO - Token Token-108 completed task 'Monthly' at 2025-01-06 10:34:00.
2025-03-06 13:42:53,705 - root - INFO - Token Token-108 waiting for resource 'Tech' at 2025-01-06 10:34:00
2025-03-06 13:42:53,705 - root - INFO - Token Token-109 started task 'Monthly' at 2025-01-06 10:36:00, scheduled to end at 2025-01-06 10:36:00
2025-03-06 13:42:53,705 - root - INFO - Token Token-109 completed task 'Monthly' at 2025-01-06 10:36:00.
2025-03-06 13:42:53,706 - root - INFO - Token Token-109 waiting for resource 'Tech' at 2025-01-06 10:36:00
2025-03-06 13:42:53,706 - root - INFO - Token Token-110 started task 'Monthly' at 2025-01-06 10:38:00, scheduled to end at 2025-01-06 10:38:00
2025-03-06 13:42:53,707 - root - INFO - Token Token-110 completed task 'Monthly' at 2025-01-06 10:38:00.
2025-03-06 13:42:53,707 - root - INFO - Token Token-110 waiting for resource 'Tech' at 2025-01-06 10:38:00
2025-03-06 13:42:53,708 - root - INFO - Token Token-111 started task 'Monthly' at 2025-01-06 10:40:00, scheduled to end at 2025-01-06 10:40:00
2025-03-06 13:42:53,709 - root - INFO - Token Token-111 completed task 'Monthly' at 2025-01-06 10:40:00.
2025-03-06 13:42:53,709 - root - INFO - Token Token-111 waiting for resource 'Tech' at 2025-01-06 10:40:00
2025-03-06 13:42:53,710 - root - INFO - Token Token-10 completed task 'Review AM using Asset Change Tracker (5.5.13.1)' at 2025-01-06 10:41:31.157211.
2025-03-06 13:42:53,710 - root - INFO - Token Token-11 released from wait queue for 'Tech'
2025-03-06 13:42:53,711 - root - INFO - Token Token-11 waited 201.52 minutes for resource
2025-03-06 13:42:53,711 - root - INFO - Token Token-11 started task 'Review AM using Asset Change Tracker (5.5.13.1)' at 2025-01-06 10:41:31.157211, scheduled to end at 2025-01-06 10:48:40.339839
2025-03-06 13:42:53,712 - root - INFO - Token Token-10 started task 'Complete /Accurate?' at 2025-01-06 10:41:31.157211, scheduled to end at 2025-01-06 10:41:31.157211
2025-03-06 13:42:53,712 - root - INFO - Token Token-10 completed task 'Complete /Accurate?' at 2025-01-06 10:41:31.157211.
2025-03-06 13:42:53,713 - root - INFO - Token Token-10 waiting for resource 'Tech' at 2025-01-06 10:41:31.157211
2025-03-06 13:42:53,713 - root - INFO - Token Token-112 started task 'Monthly' at 2025-01-06 10:42:00, scheduled to end at 2025-01-06 10:42:00
2025-03-06 13:42:53,714 - root - INFO - Token Token-112 completed task 'Monthly' at 2025-01-06 10:42:00.
2025-03-06 13:42:53,715 - root - INFO - Token Token-112 waiting for resource 'Tech' at 2025-01-06 10:42:00
2025-03-06 13:42:53,716 - root - INFO - Token Token-113 started task 'Monthly' at 2025-01-06 10:44:00, scheduled to end at 2025-01-06 10:44:00
2025-03-06 13:42:53,716 - root - INFO - Token Token-113 completed task 'Monthly' at 2025-01-06 10:44:00.
2025-03-06 13:42:53,717 - root - INFO - Token Token-113 waiting for resource 'Tech' at 2025-01-06 10:44:00
2025-03-06 13:42:53,718 - root - INFO - Token Token-114 started task 'Monthly' at 2025-01-06 10:46:00, scheduled to end at 2025-01-06 10:46:00
2025-03-06 13:42:53,718 - root - INFO - Token Token-114 completed task 'Monthly' at 2025-01-06 10:46:00.
2025-03-06 13:42:53,727 - root - INFO - Token Token-114 waiting for resource 'Tech' at 2025-01-06 10:46:00
2025-03-06 13:42:53,727 - root - INFO - Token Token-115 started task 'Monthly' at 2025-01-06 10:48:00, scheduled to end at 2025-01-06 10:48:00
2025-03-06 13:42:53,727 - root - INFO - Token Token-115 completed task 'Monthly' at 2025-01-06 10:48:00.
2025-03-06 13:42:53,727 - root - INFO - Token Token-115 waiting for resource 'Tech' at 2025-01-06 10:48:00
2025-03-06 13:42:53,727 - root - INFO - Token Token-11 completed task 'Review AM using Asset Change Tracker (5.5.13.1)' at 2025-01-06 10:48:40.339839.
2025-03-06 13:42:53,727 - root - INFO - Token Token-12 released from wait queue for 'Tech'
2025-03-06 13:42:53,727 - root - INFO - Token Token-12 waited 206.67 minutes for resource
2025-03-06 13:42:53,729 - root - INFO - Token Token-12 started task 'Review AM using Asset Change Tracker (5.5.13.1)' at 2025-01-06 10:48:40.339839, scheduled to end at 2025-01-06 10:56:43.520233
2025-03-06 13:42:53,730 - root - INFO - Token Token-11 started task 'Complete /Accurate?' at 2025-01-06 10:48:40.339839, scheduled to end at 2025-01-06 10:48:40.339839
2025-03-06 13:42:53,730 - root - INFO - Token Token-11 completed task 'Complete /Accurate?' at 2025-01-06 10:48:40.339839.
2025-03-06 13:42:53,730 - root - INFO - Token Token-11 waiting for resource 'Tech' at 2025-01-06 10:48:40.339839
2025-03-06 13:42:53,730 - root - INFO - Token Token-116 started task 'Monthly' at 2025-01-06 10:50:00, scheduled to end at 2025-01-06 10:50:00
2025-03-06 13:42:53,730 - root - INFO - Token Token-116 completed task 'Monthly' at 2025-01-06 10:50:00.
2025-03-06 13:42:53,731 - root - INFO - Token Token-116 waiting for resource 'Tech' at 2025-01-06 10:50:00
2025-03-06 13:42:53,731 - root - INFO - Token Token-117 started task 'Monthly' at 2025-01-06 10:52:00, scheduled to end at 2025-01-06 10:52:00
2025-03-06 13:42:53,731 - root - INFO - Token Token-117 completed task 'Monthly' at 2025-01-06 10:52:00.
2025-03-06 13:42:53,731 - root - INFO - Token Token-117 waiting for resource 'Tech' at 2025-01-06 10:52:00
2025-03-06 13:42:53,732 - root - INFO - Token Token-118 started task 'Monthly' at 2025-01-06 10:54:00, scheduled to end at 2025-01-06 10:54:00
2025-03-06 13:42:53,732 - root - INFO - Token Token-118 completed task 'Monthly' at 2025-01-06 10:54:00.
2025-03-06 13:42:53,732 - root - INFO - Token Token-118 waiting for resource 'Tech' at 2025-01-06 10:54:00
2025-03-06 13:42:53,733 - root - INFO - Token Token-119 started task 'Monthly' at 2025-01-06 10:56:00, scheduled to end at 2025-01-06 10:56:00
2025-03-06 13:42:53,733 - root - INFO - Token Token-119 completed task 'Monthly' at 2025-01-06 10:56:00.
2025-03-06 13:42:53,733 - root - INFO - Token Token-119 waiting for resource 'Tech' at 2025-01-06 10:56:00
2025-03-06 13:42:53,734 - root - INFO - Token Token-12 completed task 'Review AM using Asset Change Tracker (5.5.13.1)' at 2025-01-06 10:56:43.520233.
2025-03-06 13:42:53,734 - root - INFO - Token Token-13 released from wait queue for 'Tech'
2025-03-06 13:42:53,734 - root - INFO - Token Token-13 waited 212.73 minutes for resource
2025-03-06 13:42:53,735 - root - INFO - Token Token-13 started task 'Review AM using Asset Change Tracker (5.5.13.1)' at 2025-01-06 10:56:43.520233, scheduled to end at 2025-01-06 11:05:10.768016
2025-03-06 13:42:53,736 - root - INFO - Token Token-12 started task 'Complete /Accurate?' at 2025-01-06 10:56:43.520233, scheduled to end at 2025-01-06 10:56:43.520233
2025-03-06 13:42:53,736 - root - INFO - Token Token-12 completed task 'Complete /Accurate?' at 2025-01-06 10:56:43.520233.
2025-03-06 13:42:53,736 - root - INFO - Token Token-12 waiting for resource 'Tech' at 2025-01-06 10:56:43.520233
2025-03-06 13:42:53,736 - root - INFO - Token Token-120 started task 'Monthly' at 2025-01-06 10:58:00, scheduled to end at 2025-01-06 10:58:00
2025-03-06 13:42:53,737 - root - INFO - Token Token-120 completed task 'Monthly' at 2025-01-06 10:58:00.
2025-03-06 13:42:53,737 - root - INFO - Token Token-120 waiting for resource 'Tech' at 2025-01-06 10:58:00
2025-03-06 13:42:53,737 - root - INFO - Token Token-121 started task 'Monthly' at 2025-01-06 11:00:00, scheduled to end at 2025-01-06 11:00:00
2025-03-06 13:42:53,737 - root - INFO - Token Token-121 completed task 'Monthly' at 2025-01-06 11:00:00.
2025-03-06 13:42:53,738 - root - INFO - Token Token-121 waiting for resource 'Tech' at 2025-01-06 11:00:00
2025-03-06 13:42:53,738 - root - INFO - Token Token-122 started task 'Monthly' at 2025-01-06 11:02:00, scheduled to end at 2025-01-06 11:02:00
2025-03-06 13:42:53,738 - root - INFO - Token Token-122 completed task 'Monthly' at 2025-01-06 11:02:00.
2025-03-06 13:42:53,738 - root - INFO - Token Token-122 waiting for resource 'Tech' at 2025-01-06 11:02:00
2025-03-06 13:42:53,739 - root - INFO - Token Token-123 started task 'Monthly' at 2025-01-06 11:04:00, scheduled to end at 2025-01-06 11:04:00
2025-03-06 13:42:53,739 - root - INFO - Token Token-123 completed task 'Monthly' at 2025-01-06 11:04:00.
2025-03-06 13:42:53,739 - root - INFO - Token Token-123 waiting for resource 'Tech' at 2025-01-06 11:04:00
2025-03-06 13:42:53,739 - root - INFO - Token Token-13 completed task 'Review AM using Asset Change Tracker (5.5.13.1)' at 2025-01-06 11:05:10.768016.
2025-03-06 13:42:53,740 - root - INFO - Token Token-3 released from wait queue for 'Tech'
2025-03-06 13:42:53,740 - root - INFO - Token Token-3 waited 220.65 minutes for resource
2025-03-06 13:42:53,740 - root - INFO - Token Token-3 started task 'Work with REO RPO to Correct (5.5.13.3)' at 2025-01-06 11:05:10.768016, scheduled to end at 2025-01-07 07:00:00
2025-03-06 13:42:53,740 - root - INFO - Token Token-13 started task 'Complete /Accurate?' at 2025-01-06 11:05:10.768016, scheduled to end at 2025-01-06 11:05:10.768016
2025-03-06 13:42:53,741 - root - INFO - Token Token-13 completed task 'Complete /Accurate?' at 2025-01-06 11:05:10.768016.
2025-03-06 13:42:53,741 - root - INFO - Token Token-13 waiting for resource 'Tech' at 2025-01-06 11:05:10.768016
2025-03-06 13:42:53,741 - root - INFO - Token Token-124 started task 'Monthly' at 2025-01-06 11:06:00, scheduled to end at 2025-01-06 11:06:00
2025-03-06 13:42:53,742 - root - INFO - Token Token-124 completed task 'Monthly' at 2025-01-06 11:06:00.
2025-03-06 13:42:53,742 - root - INFO - Token Token-124 waiting for resource 'Tech' at 2025-01-06 11:06:00
2025-03-06 13:42:53,742 - root - INFO - Token Token-125 started task 'Monthly' at 2025-01-06 11:08:00, scheduled to end at 2025-01-06 11:08:00
2025-03-06 13:42:53,742 - root - INFO - Token Token-125 completed task 'Monthly' at 2025-01-06 11:08:00.
2025-03-06 13:42:53,743 - root - INFO - Token Token-125 waiting for resource 'Tech' at 2025-01-06 11:08:00
2025-03-06 13:42:53,743 - root - INFO - Token Token-126 started task 'Monthly' at 2025-01-06 11:10:00, scheduled to end at 2025-01-06 11:10:00
2025-03-06 13:42:53,743 - root - INFO - Token Token-126 completed task 'Monthly' at 2025-01-06 11:10:00.
2025-03-06 13:42:53,743 - root - INFO - Token Token-126 waiting for resource 'Tech' at 2025-01-06 11:10:00
2025-03-06 13:42:53,745 - root - INFO - Token Token-127 started task 'Monthly' at 2025-01-06 11:12:00, scheduled to end at 2025-01-06 11:12:00
2025-03-06 13:42:53,745 - root - INFO - Token Token-127 completed task 'Monthly' at 2025-01-06 11:12:00.
2025-03-06 13:42:53,745 - root - INFO - Token Token-127 waiting for resource 'Tech' at 2025-01-06 11:12:00
2025-03-06 13:42:53,745 - root - INFO - Token Token-128 started task 'Monthly' at 2025-01-06 11:14:00, scheduled to end at 2025-01-06 11:14:00
2025-03-06 13:42:53,747 - root - INFO - Token Token-128 completed task 'Monthly' at 2025-01-06 11:14:00.
2025-03-06 13:42:53,748 - root - INFO - Token Token-128 waiting for resource 'Tech' at 2025-01-06 11:14:00
2025-03-06 13:42:53,748 - root - INFO - Token Token-129 started task 'Monthly' at 2025-01-06 11:16:00, scheduled to end at 2025-01-06 11:16:00
2025-03-06 13:42:53,749 - root - INFO - Token Token-129 completed task 'Monthly' at 2025-01-06 11:16:00.
2025-03-06 13:42:53,749 - root - INFO - Token Token-129 waiting for resource 'Tech' at 2025-01-06 11:16:00
2025-03-06 13:42:53,749 - root - INFO - Token Token-130 started task 'Monthly' at 2025-01-06 11:18:00, scheduled to end at 2025-01-06 11:18:00
2025-03-06 13:42:53,750 - root - INFO - Token Token-130 completed task 'Monthly' at 2025-01-06 11:18:00.
2025-03-06 13:42:53,750 - root - INFO - Token Token-130 waiting for resource 'Tech' at 2025-01-06 11:18:00
2025-03-06 13:42:53,751 - root - INFO - Token Token-131 started task 'Monthly' at 2025-01-06 11:20:00, scheduled to end at 2025-01-06 11:20:00
2025-03-06 13:42:53,751 - root - INFO - Token Token-131 completed task 'Monthly' at 2025-01-06 11:20:00.
2025-03-06 13:42:53,752 - root - INFO - Token Token-131 waiting for resource 'Tech' at 2025-01-06 11:20:00
2025-03-06 13:42:53,752 - root - INFO - Token Token-132 started task 'Monthly' at 2025-01-06 11:22:00, scheduled to end at 2025-01-06 11:22:00
2025-03-06 13:42:53,753 - root - INFO - Token Token-132 completed task 'Monthly' at 2025-01-06 11:22:00.
2025-03-06 13:42:53,753 - root - INFO - Token Token-132 waiting for resource 'Tech' at 2025-01-06 11:22:00
2025-03-06 13:42:53,754 - root - INFO - Token Token-133 started task 'Monthly' at 2025-01-06 11:24:00, scheduled to end at 2025-01-06 11:24:00
2025-03-06 13:42:53,754 - root - INFO - Token Token-133 completed task 'Monthly' at 2025-01-06 11:24:00.
2025-03-06 13:42:53,755 - root - INFO - Token Token-133 waiting for resource 'Tech' at 2025-01-06 11:24:00
2025-03-06 13:42:53,755 - root - INFO - Token Token-134 started task 'Monthly' at 2025-01-06 11:26:00, scheduled to end at 2025-01-06 11:26:00
2025-03-06 13:42:53,762 - root - INFO - Token Token-134 completed task 'Monthly' at 2025-01-06 11:26:00.
2025-03-06 13:42:53,764 - root - INFO - Token Token-134 waiting for resource 'Tech' at 2025-01-06 11:26:00
2025-03-06 13:42:53,765 - root - INFO - Token Token-135 started task 'Monthly' at 2025-01-06 11:28:00, scheduled to end at 2025-01-06 11:28:00
2025-03-06 13:42:53,766 - root - INFO - Token Token-135 completed task 'Monthly' at 2025-01-06 11:28:00.
2025-03-06 13:42:53,766 - root - INFO - Token Token-135 waiting for resource 'Tech' at 2025-01-06 11:28:00
2025-03-06 13:42:53,767 - root - INFO - Token Token-136 started task 'Monthly' at 2025-01-06 11:30:00, scheduled to end at 2025-01-06 11:30:00
2025-03-06 13:42:53,767 - root - INFO - Token Token-136 completed task 'Monthly' at 2025-01-06 11:30:00.
2025-03-06 13:42:53,768 - root - INFO - Token Token-136 waiting for resource 'Tech' at 2025-01-06 11:30:00
2025-03-06 13:42:53,768 - root - INFO - Token Token-137 started task 'Monthly' at 2025-01-06 11:32:00, scheduled to end at 2025-01-06 11:32:00
2025-03-06 13:42:53,769 - root - INFO - Token Token-137 completed task 'Monthly' at 2025-01-06 11:32:00.
2025-03-06 13:42:53,769 - root - INFO - Token Token-137 waiting for resource 'Tech' at 2025-01-06 11:32:00
2025-03-06 13:42:53,769 - root - INFO - Token Token-138 started task 'Monthly' at 2025-01-06 11:34:00, scheduled to end at 2025-01-06 11:34:00
2025-03-06 13:42:53,769 - root - INFO - Token Token-138 completed task 'Monthly' at 2025-01-06 11:34:00.
2025-03-06 13:42:53,769 - root - INFO - Token Token-138 waiting for resource 'Tech' at 2025-01-06 11:34:00
2025-03-06 13:42:53,769 - root - INFO - Token Token-139 started task 'Monthly' at 2025-01-06 11:36:00, scheduled to end at 2025-01-06 11:36:00
2025-03-06 13:42:53,769 - root - INFO - Token Token-139 completed task 'Monthly' at 2025-01-06 11:36:00.
2025-03-06 13:42:53,771 - root - INFO - Token Token-139 waiting for resource 'Tech' at 2025-01-06 11:36:00
2025-03-06 13:42:53,772 - root - INFO - Token Token-140 started task 'Monthly' at 2025-01-06 11:38:00, scheduled to end at 2025-01-06 11:38:00
2025-03-06 13:42:53,773 - root - INFO - Token Token-140 completed task 'Monthly' at 2025-01-06 11:38:00.
2025-03-06 13:42:53,773 - root - INFO - Token Token-140 waiting for resource 'Tech' at 2025-01-06 11:38:00
2025-03-06 13:42:53,773 - root - INFO - Token Token-141 started task 'Monthly' at 2025-01-06 11:40:00, scheduled to end at 2025-01-06 11:40:00
2025-03-06 13:42:53,773 - root - INFO - Token Token-141 completed task 'Monthly' at 2025-01-06 11:40:00.
2025-03-06 13:42:53,773 - root - INFO - Token Token-141 waiting for resource 'Tech' at 2025-01-06 11:40:00
2025-03-06 13:42:53,773 - root - INFO - Token Token-142 started task 'Monthly' at 2025-01-06 11:42:00, scheduled to end at 2025-01-06 11:42:00
2025-03-06 13:42:53,774 - root - INFO - Token Token-142 completed task 'Monthly' at 2025-01-06 11:42:00.
2025-03-06 13:42:53,774 - root - INFO - Token Token-142 waiting for resource 'Tech' at 2025-01-06 11:42:00
2025-03-06 13:42:53,775 - root - INFO - Token Token-143 started task 'Monthly' at 2025-01-06 11:44:00, scheduled to end at 2025-01-06 11:44:00
2025-03-06 13:42:53,775 - root - INFO - Token Token-143 completed task 'Monthly' at 2025-01-06 11:44:00.
2025-03-06 13:42:53,775 - root - INFO - Token Token-143 waiting for resource 'Tech' at 2025-01-06 11:44:00
2025-03-06 13:42:53,776 - root - INFO - Token Token-144 started task 'Monthly' at 2025-01-06 11:46:00, scheduled to end at 2025-01-06 11:46:00
2025-03-06 13:42:53,777 - root - INFO - Token Token-144 completed task 'Monthly' at 2025-01-06 11:46:00.
2025-03-06 13:42:53,777 - root - INFO - Token Token-144 waiting for resource 'Tech' at 2025-01-06 11:46:00
2025-03-06 13:42:53,779 - root - INFO - Token Token-145 started task 'Monthly' at 2025-01-06 11:48:00, scheduled to end at 2025-01-06 11:48:00
2025-03-06 13:42:53,779 - root - INFO - Token Token-145 completed task 'Monthly' at 2025-01-06 11:48:00.
2025-03-06 13:42:53,779 - root - INFO - Token Token-145 waiting for resource 'Tech' at 2025-01-06 11:48:00
2025-03-06 13:42:53,779 - root - INFO - Token Token-146 started task 'Monthly' at 2025-01-06 11:50:00, scheduled to end at 2025-01-06 11:50:00
2025-03-06 13:42:53,779 - root - INFO - Token Token-146 completed task 'Monthly' at 2025-01-06 11:50:00.
2025-03-06 13:42:53,780 - root - INFO - Token Token-146 waiting for resource 'Tech' at 2025-01-06 11:50:00
2025-03-06 13:42:53,782 - root - INFO - Token Token-147 started task 'Monthly' at 2025-01-06 11:52:00, scheduled to end at 2025-01-06 11:52:00
2025-03-06 13:42:53,782 - root - INFO - Token Token-147 completed task 'Monthly' at 2025-01-06 11:52:00.
2025-03-06 13:42:53,782 - root - INFO - Token Token-147 waiting for resource 'Tech' at 2025-01-06 11:52:00
2025-03-06 13:42:53,782 - root - INFO - Token Token-148 started task 'Monthly' at 2025-01-06 11:54:00, scheduled to end at 2025-01-06 11:54:00
2025-03-06 13:42:53,783 - root - INFO - Token Token-148 completed task 'Monthly' at 2025-01-06 11:54:00.
2025-03-06 13:42:53,783 - root - INFO - Token Token-148 waiting for resource 'Tech' at 2025-01-06 11:54:00
2025-03-06 13:42:53,784 - root - INFO - Token Token-149 started task 'Monthly' at 2025-01-06 11:56:00, scheduled to end at 2025-01-06 11:56:00
2025-03-06 13:42:53,784 - root - INFO - Token Token-149 completed task 'Monthly' at 2025-01-06 11:56:00.
2025-03-06 13:42:53,785 - root - INFO - Token Token-149 waiting for resource 'Tech' at 2025-01-06 11:56:00
2025-03-06 13:42:53,785 - root - INFO - Token Token-150 started task 'Monthly' at 2025-01-06 11:58:00, scheduled to end at 2025-01-06 11:58:00
2025-03-06 13:42:53,786 - root - INFO - Token Token-150 completed task 'Monthly' at 2025-01-06 11:58:00.
2025-03-06 13:42:53,786 - root - INFO - Token Token-150 waiting for resource 'Tech' at 2025-01-06 11:58:00
2025-03-06 13:42:53,787 - root - INFO - Token Token-151 started task 'Monthly' at 2025-01-06 12:00:00, scheduled to end at 2025-01-06 12:00:00
2025-03-06 13:42:53,787 - root - INFO - Token Token-151 completed task 'Monthly' at 2025-01-06 12:00:00.
2025-03-06 13:42:53,789 - root - INFO - Token Token-151 waiting for resource 'Tech' at 2025-01-06 12:00:00
2025-03-06 13:42:53,789 - root - INFO - Token Token-152 started task 'Monthly' at 2025-01-06 12:02:00, scheduled to end at 2025-01-06 12:02:00
2025-03-06 13:42:53,790 - root - INFO - Token Token-152 completed task 'Monthly' at 2025-01-06 12:02:00.
2025-03-06 13:42:53,790 - root - INFO - Token Token-152 waiting for resource 'Tech' at 2025-01-06 12:02:00
2025-03-06 13:42:53,791 - root - INFO - Token Token-153 started task 'Monthly' at 2025-01-06 12:04:00, scheduled to end at 2025-01-06 12:04:00
2025-03-06 13:42:53,791 - root - INFO - Token Token-153 completed task 'Monthly' at 2025-01-06 12:04:00.
2025-03-06 13:42:53,792 - root - INFO - Token Token-153 waiting for resource 'Tech' at 2025-01-06 12:04:00
2025-03-06 13:42:53,792 - root - INFO - Token Token-154 started task 'Monthly' at 2025-01-06 12:06:00, scheduled to end at 2025-01-06 12:06:00
2025-03-06 13:42:53,793 - root - INFO - Token Token-154 completed task 'Monthly' at 2025-01-06 12:06:00.
2025-03-06 13:42:53,793 - root - INFO - Token Token-154 waiting for resource 'Tech' at 2025-01-06 12:06:00
2025-03-06 13:42:53,794 - root - INFO - Token Token-155 started task 'Monthly' at 2025-01-06 12:08:00, scheduled to end at 2025-01-06 12:08:00
2025-03-06 13:42:53,794 - root - INFO - Token Token-155 completed task 'Monthly' at 2025-01-06 12:08:00.
2025-03-06 13:42:53,795 - root - INFO - Token Token-155 waiting for resource 'Tech' at 2025-01-06 12:08:00
2025-03-06 13:42:53,795 - root - INFO - Token Token-156 started task 'Monthly' at 2025-01-06 12:10:00, scheduled to end at 2025-01-06 12:10:00
2025-03-06 13:42:53,795 - root - INFO - Token Token-156 completed task 'Monthly' at 2025-01-06 12:10:00.
2025-03-06 13:42:53,796 - root - INFO - Token Token-156 waiting for resource 'Tech' at 2025-01-06 12:10:00
2025-03-06 13:42:53,796 - root - INFO - Token Token-157 started task 'Monthly' at 2025-01-06 12:12:00, scheduled to end at 2025-01-06 12:12:00
2025-03-06 13:42:53,796 - root - INFO - Token Token-157 completed task 'Monthly' at 2025-01-06 12:12:00.
2025-03-06 13:42:53,796 - root - INFO - Token Token-157 waiting for resource 'Tech' at 2025-01-06 12:12:00
2025-03-06 13:42:53,796 - root - INFO - Token Token-158 started task 'Monthly' at 2025-01-06 12:14:00, scheduled to end at 2025-01-06 12:14:00
2025-03-06 13:42:53,796 - root - INFO - Token Token-158 completed task 'Monthly' at 2025-01-06 12:14:00.
2025-03-06 13:42:53,796 - root - INFO - Token Token-158 waiting for resource 'Tech' at 2025-01-06 12:14:00
2025-03-06 13:42:53,796 - root - INFO - Token Token-159 started task 'Monthly' at 2025-01-06 12:16:00, scheduled to end at 2025-01-06 12:16:00
2025-03-06 13:42:53,799 - root - INFO - Token Token-159 completed task 'Monthly' at 2025-01-06 12:16:00.
2025-03-06 13:42:53,799 - root - INFO - Token Token-159 waiting for resource 'Tech' at 2025-01-06 12:16:00
2025-03-06 13:42:53,800 - root - INFO - Token Token-160 started task 'Monthly' at 2025-01-06 12:18:00, scheduled to end at 2025-01-06 12:18:00
2025-03-06 13:42:53,800 - root - INFO - Token Token-160 completed task 'Monthly' at 2025-01-06 12:18:00.
2025-03-06 13:42:53,800 - root - INFO - Token Token-160 waiting for resource 'Tech' at 2025-01-06 12:18:00
2025-03-06 13:42:53,801 - root - INFO - Token Token-161 started task 'Monthly' at 2025-01-06 12:20:00, scheduled to end at 2025-01-06 12:20:00
2025-03-06 13:42:53,801 - root - INFO - Token Token-161 completed task 'Monthly' at 2025-01-06 12:20:00.
2025-03-06 13:42:53,801 - root - INFO - Token Token-161 waiting for resource 'Tech' at 2025-01-06 12:20:00
2025-03-06 13:42:53,805 - root - INFO - Token Token-162 started task 'Monthly' at 2025-01-06 12:22:00, scheduled to end at 2025-01-06 12:22:00
2025-03-06 13:42:53,807 - root - INFO - Token Token-162 completed task 'Monthly' at 2025-01-06 12:22:00.
2025-03-06 13:42:53,807 - root - INFO - Token Token-162 waiting for resource 'Tech' at 2025-01-06 12:22:00
2025-03-06 13:42:53,807 - root - INFO - Token Token-163 started task 'Monthly' at 2025-01-06 12:24:00, scheduled to end at 2025-01-06 12:24:00
2025-03-06 13:42:53,808 - root - INFO - Token Token-163 completed task 'Monthly' at 2025-01-06 12:24:00.
2025-03-06 13:42:53,808 - root - INFO - Token Token-163 waiting for resource 'Tech' at 2025-01-06 12:24:00
2025-03-06 13:42:53,809 - root - INFO - Token Token-164 started task 'Monthly' at 2025-01-06 12:26:00, scheduled to end at 2025-01-06 12:26:00
2025-03-06 13:42:53,809 - root - INFO - Token Token-164 completed task 'Monthly' at 2025-01-06 12:26:00.
2025-03-06 13:42:53,809 - root - INFO - Token Token-164 waiting for resource 'Tech' at 2025-01-06 12:26:00
2025-03-06 13:42:53,809 - root - INFO - Token Token-165 started task 'Monthly' at 2025-01-06 12:28:00, scheduled to end at 2025-01-06 12:28:00
2025-03-06 13:42:53,809 - root - INFO - Token Token-165 completed task 'Monthly' at 2025-01-06 12:28:00.
2025-03-06 13:42:53,810 - root - INFO - Token Token-165 waiting for resource 'Tech' at 2025-01-06 12:28:00
2025-03-06 13:42:53,810 - root - INFO - Token Token-166 started task 'Monthly' at 2025-01-06 12:30:00, scheduled to end at 2025-01-06 12:30:00
2025-03-06 13:42:53,810 - root - INFO - Token Token-166 completed task 'Monthly' at 2025-01-06 12:30:00.
2025-03-06 13:42:53,811 - root - INFO - Token Token-166 waiting for resource 'Tech' at 2025-01-06 12:30:00
2025-03-06 13:42:53,811 - root - INFO - Token Token-167 started task 'Monthly' at 2025-01-06 12:32:00, scheduled to end at 2025-01-06 12:32:00
2025-03-06 13:42:53,811 - root - INFO - Token Token-167 completed task 'Monthly' at 2025-01-06 12:32:00.
2025-03-06 13:42:53,811 - root - INFO - Token Token-167 waiting for resource 'Tech' at 2025-01-06 12:32:00
2025-03-06 13:42:53,812 - root - INFO - Token Token-168 started task 'Monthly' at 2025-01-06 12:34:00, scheduled to end at 2025-01-06 12:34:00
2025-03-06 13:42:53,812 - root - INFO - Token Token-168 completed task 'Monthly' at 2025-01-06 12:34:00.
2025-03-06 13:42:53,813 - root - INFO - Token Token-168 waiting for resource 'Tech' at 2025-01-06 12:34:00
2025-03-06 13:42:53,813 - root - INFO - Token Token-169 started task 'Monthly' at 2025-01-06 12:36:00, scheduled to end at 2025-01-06 12:36:00
2025-03-06 13:42:53,813 - root - INFO - Token Token-169 completed task 'Monthly' at 2025-01-06 12:36:00.
2025-03-06 13:42:53,815 - root - INFO - Token Token-169 waiting for resource 'Tech' at 2025-01-06 12:36:00
2025-03-06 13:42:53,816 - root - INFO - Token Token-170 started task 'Monthly' at 2025-01-06 12:38:00, scheduled to end at 2025-01-06 12:38:00
2025-03-06 13:42:53,816 - root - INFO - Token Token-170 completed task 'Monthly' at 2025-01-06 12:38:00.
2025-03-06 13:42:53,816 - root - INFO - Token Token-170 waiting for resource 'Tech' at 2025-01-06 12:38:00
2025-03-06 13:42:53,816 - root - INFO - Token Token-171 started task 'Monthly' at 2025-01-06 12:40:00, scheduled to end at 2025-01-06 12:40:00
2025-03-06 13:42:53,816 - root - INFO - Token Token-171 completed task 'Monthly' at 2025-01-06 12:40:00.
2025-03-06 13:42:53,817 - root - INFO - Token Token-171 waiting for resource 'Tech' at 2025-01-06 12:40:00
2025-03-06 13:42:53,817 - root - INFO - Token Token-172 started task 'Monthly' at 2025-01-06 12:42:00, scheduled to end at 2025-01-06 12:42:00
2025-03-06 13:42:53,817 - root - INFO - Token Token-172 completed task 'Monthly' at 2025-01-06 12:42:00.
2025-03-06 13:42:53,817 - root - INFO - Token Token-172 waiting for resource 'Tech' at 2025-01-06 12:42:00
2025-03-06 13:42:53,818 - root - INFO - Token Token-173 started task 'Monthly' at 2025-01-06 12:44:00, scheduled to end at 2025-01-06 12:44:00
2025-03-06 13:42:53,818 - root - INFO - Token Token-173 completed task 'Monthly' at 2025-01-06 12:44:00.
2025-03-06 13:42:53,818 - root - INFO - Token Token-173 waiting for resource 'Tech' at 2025-01-06 12:44:00
2025-03-06 13:42:53,819 - root - INFO - Token Token-174 started task 'Monthly' at 2025-01-06 12:46:00, scheduled to end at 2025-01-06 12:46:00
2025-03-06 13:42:53,819 - root - INFO - Token Token-174 completed task 'Monthly' at 2025-01-06 12:46:00.
2025-03-06 13:42:53,819 - root - INFO - Token Token-174 waiting for resource 'Tech' at 2025-01-06 12:46:00
2025-03-06 13:42:53,820 - root - INFO - Token Token-175 started task 'Monthly' at 2025-01-06 12:48:00, scheduled to end at 2025-01-06 12:48:00
2025-03-06 13:42:53,820 - root - INFO - Token Token-175 completed task 'Monthly' at 2025-01-06 12:48:00.
2025-03-06 13:42:53,820 - root - INFO - Token Token-175 waiting for resource 'Tech' at 2025-01-06 12:48:00
2025-03-06 13:42:53,820 - root - INFO - Token Token-176 started task 'Monthly' at 2025-01-06 12:50:00, scheduled to end at 2025-01-06 12:50:00
2025-03-06 13:42:53,822 - root - INFO - Token Token-176 completed task 'Monthly' at 2025-01-06 12:50:00.
2025-03-06 13:42:53,823 - root - INFO - Token Token-176 waiting for resource 'Tech' at 2025-01-06 12:50:00
2025-03-06 13:42:53,824 - root - INFO - Token Token-177 started task 'Monthly' at 2025-01-06 12:52:00, scheduled to end at 2025-01-06 12:52:00
2025-03-06 13:42:53,824 - root - INFO - Token Token-177 completed task 'Monthly' at 2025-01-06 12:52:00.
2025-03-06 13:42:53,824 - root - INFO - Token Token-177 waiting for resource 'Tech' at 2025-01-06 12:52:00
2025-03-06 13:42:53,825 - root - INFO - Token Token-178 started task 'Monthly' at 2025-01-06 12:54:00, scheduled to end at 2025-01-06 12:54:00
2025-03-06 13:42:53,825 - root - INFO - Token Token-178 completed task 'Monthly' at 2025-01-06 12:54:00.
2025-03-06 13:42:53,826 - root - INFO - Token Token-178 waiting for resource 'Tech' at 2025-01-06 12:54:00
2025-03-06 13:42:53,826 - root - INFO - Token Token-179 started task 'Monthly' at 2025-01-06 12:56:00, scheduled to end at 2025-01-06 12:56:00
2025-03-06 13:42:53,827 - root - INFO - Token Token-179 completed task 'Monthly' at 2025-01-06 12:56:00.
2025-03-06 13:42:53,827 - root - INFO - Token Token-179 waiting for resource 'Tech' at 2025-01-06 12:56:00
2025-03-06 13:42:53,828 - root - INFO - Token Token-180 started task 'Monthly' at 2025-01-06 12:58:00, scheduled to end at 2025-01-06 12:58:00
2025-03-06 13:42:53,828 - root - INFO - Token Token-180 completed task 'Monthly' at 2025-01-06 12:58:00.
2025-03-06 13:42:53,829 - root - INFO - Token Token-180 waiting for resource 'Tech' at 2025-01-06 12:58:00
2025-03-06 13:42:53,829 - root - INFO - Token Token-181 started task 'Monthly' at 2025-01-07 07:00:00, scheduled to end at 2025-01-07 07:00:00
2025-03-06 13:42:53,830 - root - INFO - Token Token-3 completed task 'Work with REO RPO to Correct (5.5.13.3)' at 2025-01-07 07:00:00.
2025-03-06 13:42:53,830 - root - INFO - Token Token-14 released from wait queue for 'Tech'
2025-03-06 13:42:53,831 - root - INFO - Token Token-181 completed task 'Monthly' at 2025-01-07 07:00:00.
2025-03-06 13:42:53,832 - root - INFO - Token Token-14 waited 1414.00 minutes for resource
2025-03-06 13:42:53,832 - root - INFO - Token Token-14 started task 'Review AM using Asset Change Tracker (5.5.13.1)' at 2025-01-07 07:00:00, scheduled to end at 2025-01-07 07:06:48.320996
2025-03-06 13:42:53,833 - root - INFO - Token Token-3 started task 'Create Journal Entries?' at 2025-01-07 07:00:00, scheduled to end at 2025-01-07 07:00:00
2025-03-06 13:42:53,833 - root - INFO - Token Token-181 waiting for resource 'Tech' at 2025-01-07 07:00:00
2025-03-06 13:42:53,833 - root - INFO - Token Token-3 completed task 'Create Journal Entries?' at 2025-01-07 07:00:00.
2025-03-06 13:42:53,834 - root - INFO - Token Token-3 started task 'Create/Post Journal Entries (5.5.13.4)' at 2025-01-07 07:00:00, scheduled to end at 2025-01-07 07:07:53.161308
2025-03-06 13:42:53,835 - root - INFO - Token Token-3 waiting for resource 'Tech' at 2025-01-07 07:00:00
2025-03-06 13:42:53,844 - root - INFO - Token Token-182 started task 'Monthly' at 2025-01-07 07:02:00, scheduled to end at 2025-01-07 07:02:00
2025-03-06 13:42:53,845 - root - INFO - Token Token-182 completed task 'Monthly' at 2025-01-07 07:02:00.
2025-03-06 13:42:53,845 - root - INFO - Token Token-182 waiting for resource 'Tech' at 2025-01-07 07:02:00
2025-03-06 13:42:53,845 - root - INFO - Token Token-183 started task 'Monthly' at 2025-01-07 07:04:00, scheduled to end at 2025-01-07 07:04:00
2025-03-06 13:42:53,846 - root - INFO - Token Token-183 completed task 'Monthly' at 2025-01-07 07:04:00.
2025-03-06 13:42:53,846 - root - INFO - Token Token-183 waiting for resource 'Tech' at 2025-01-07 07:04:00
2025-03-06 13:42:53,846 - root - INFO - Token Token-184 started task 'Monthly' at 2025-01-07 07:06:00, scheduled to end at 2025-01-07 07:06:00
2025-03-06 13:42:53,846 - root - INFO - Token Token-184 completed task 'Monthly' at 2025-01-07 07:06:00.
2025-03-06 13:42:53,847 - root - INFO - Token Token-184 waiting for resource 'Tech' at 2025-01-07 07:06:00
2025-03-06 13:42:53,847 - root - INFO - Token Token-14 completed task 'Review AM using Asset Change Tracker (5.5.13.1)' at 2025-01-07 07:06:48.320996.
2025-03-06 13:42:53,847 - root - INFO - Token Token-15 released from wait queue for 'Tech'
2025-03-06 13:42:53,847 - root - INFO - Token Token-15 waited 1418.81 minutes for resource
2025-03-06 13:42:53,848 - root - INFO - Token Token-15 started task 'Review AM using Asset Change Tracker (5.5.13.1)' at 2025-01-07 07:06:48.320996, scheduled to end at 2025-01-07 07:14:57.288583
2025-03-06 13:42:53,848 - root - INFO - Token Token-14 started task 'Complete /Accurate?' at 2025-01-07 07:06:48.320996, scheduled to end at 2025-01-07 07:06:48.320996
2025-03-06 13:42:53,848 - root - INFO - Token Token-14 completed task 'Complete /Accurate?' at 2025-01-07 07:06:48.320996.
2025-03-06 13:42:53,848 - root - INFO - Token Token-14 waiting for resource 'Tech' at 2025-01-07 07:06:48.320996
2025-03-06 13:42:53,849 - root - INFO - Token Token-3 completed task 'Create/Post Journal Entries (5.5.13.4)' at 2025-01-07 07:07:53.161308.
2025-03-06 13:42:53,849 - root - INFO - Token Token-3 waited 7.89 minutes for resource
2025-03-06 13:42:53,849 - root - INFO - Token Token-3 started task 'Unknown' at 2025-01-07 07:07:53.161308, scheduled to end at 2025-01-07 07:07:53.161308
2025-03-06 13:42:53,850 - root - INFO - Token Token-3 completed task 'Unknown' at 2025-01-07 07:07:53.161308.
2025-03-06 13:42:53,850 - root - INFO - Token Token-3 has completed the entire process at 2025-01-07 07:07:53.161308.
2025-03-06 13:42:53,851 - root - INFO - Token Token-185 started task 'Monthly' at 2025-01-07 07:08:00, scheduled to end at 2025-01-07 07:08:00
2025-03-06 13:42:53,851 - root - INFO - Token Token-185 completed task 'Monthly' at 2025-01-07 07:08:00.
2025-03-06 13:42:53,851 - root - INFO - Token Token-185 waiting for resource 'Tech' at 2025-01-07 07:08:00
2025-03-06 13:42:53,851 - root - INFO - Token Token-186 started task 'Monthly' at 2025-01-07 07:10:00, scheduled to end at 2025-01-07 07:10:00
2025-03-06 13:42:53,852 - root - INFO - Token Token-186 completed task 'Monthly' at 2025-01-07 07:10:00.
2025-03-06 13:42:53,853 - root - INFO - Token Token-186 waiting for resource 'Tech' at 2025-01-07 07:10:00
2025-03-06 13:42:53,853 - root - INFO - Token Token-187 started task 'Monthly' at 2025-01-07 07:12:00, scheduled to end at 2025-01-07 07:12:00
2025-03-06 13:42:53,854 - root - INFO - Token Token-187 completed task 'Monthly' at 2025-01-07 07:12:00.
2025-03-06 13:42:53,854 - root - INFO - Token Token-187 waiting for resource 'Tech' at 2025-01-07 07:12:00
2025-03-06 13:42:53,854 - root - INFO - Token Token-188 started task 'Monthly' at 2025-01-07 07:14:00, scheduled to end at 2025-01-07 07:14:00
2025-03-06 13:42:53,855 - root - INFO - Token Token-188 completed task 'Monthly' at 2025-01-07 07:14:00.
2025-03-06 13:42:53,856 - root - INFO - Token Token-188 waiting for resource 'Tech' at 2025-01-07 07:14:00
2025-03-06 13:42:53,856 - root - INFO - Token Token-15 completed task 'Review AM using Asset Change Tracker (5.5.13.1)' at 2025-01-07 07:14:57.288583.
2025-03-06 13:42:53,857 - root - INFO - Token Token-16 released from wait queue for 'Tech'
2025-03-06 13:42:53,857 - root - INFO - Token Token-16 waited 1424.95 minutes for resource
2025-03-06 13:42:53,858 - root - INFO - Token Token-16 started task 'Review AM using Asset Change Tracker (5.5.13.1)' at 2025-01-07 07:14:57.288583, scheduled to end at 2025-01-07 07:22:51.952908
2025-03-06 13:42:53,858 - root - INFO - Token Token-15 started task 'Complete /Accurate?' at 2025-01-07 07:14:57.288583, scheduled to end at 2025-01-07 07:14:57.288583
2025-03-06 13:42:53,859 - root - INFO - Token Token-15 completed task 'Complete /Accurate?' at 2025-01-07 07:14:57.288583.
2025-03-06 13:42:53,859 - root - INFO - Token Token-15 waiting for resource 'Tech' at 2025-01-07 07:14:57.288583
2025-03-06 13:42:53,860 - root - INFO - Token Token-189 started task 'Monthly' at 2025-01-07 07:16:00, scheduled to end at 2025-01-07 07:16:00
2025-03-06 13:42:53,860 - root - INFO - Token Token-189 completed task 'Monthly' at 2025-01-07 07:16:00.
2025-03-06 13:42:53,861 - root - INFO - Token Token-189 waiting for resource 'Tech' at 2025-01-07 07:16:00
2025-03-06 13:42:53,862 - root - INFO - Token Token-190 started task 'Monthly' at 2025-01-07 07:18:00, scheduled to end at 2025-01-07 07:18:00
2025-03-06 13:42:53,862 - root - INFO - Token Token-190 completed task 'Monthly' at 2025-01-07 07:18:00.
2025-03-06 13:42:53,863 - root - INFO - Token Token-190 waiting for resource 'Tech' at 2025-01-07 07:18:00
2025-03-06 13:42:53,864 - root - INFO - Token Token-191 started task 'Monthly' at 2025-01-07 07:20:00, scheduled to end at 2025-01-07 07:20:00
2025-03-06 13:42:53,865 - root - INFO - Token Token-191 completed task 'Monthly' at 2025-01-07 07:20:00.
2025-03-06 13:42:53,865 - root - INFO - Token Token-191 waiting for resource 'Tech' at 2025-01-07 07:20:00
2025-03-06 13:42:53,866 - root - INFO - Token Token-192 started task 'Monthly' at 2025-01-07 07:22:00, scheduled to end at 2025-01-07 07:22:00
2025-03-06 13:42:53,866 - root - INFO - Token Token-192 completed task 'Monthly' at 2025-01-07 07:22:00.
2025-03-06 13:42:53,867 - root - INFO - Token Token-192 waiting for resource 'Tech' at 2025-01-07 07:22:00
2025-03-06 13:42:53,867 - root - INFO - Token Token-16 completed task 'Review AM using Asset Change Tracker (5.5.13.1)' at 2025-01-07 07:22:51.952908.
2025-03-06 13:42:53,868 - root - INFO - Token Token-17 released from wait queue for 'Tech'
2025-03-06 13:42:53,868 - root - INFO - Token Token-17 waited 1430.87 minutes for resource
2025-03-06 13:42:53,869 - root - INFO - Token Token-17 started task 'Review AM using Asset Change Tracker (5.5.13.1)' at 2025-01-07 07:22:51.952908, scheduled to end at 2025-01-07 07:31:16.080081
2025-03-06 13:42:53,869 - root - INFO - Token Token-16 started task 'Complete /Accurate?' at 2025-01-07 07:22:51.952908, scheduled to end at 2025-01-07 07:22:51.952908
2025-03-06 13:42:53,870 - root - INFO - Token Token-16 completed task 'Complete /Accurate?' at 2025-01-07 07:22:51.952908.
2025-03-06 13:42:53,870 - root - INFO - Token Token-16 waiting for resource 'Tech' at 2025-01-07 07:22:51.952908
2025-03-06 13:42:53,871 - root - INFO - Token Token-193 started task 'Monthly' at 2025-01-07 07:24:00, scheduled to end at 2025-01-07 07:24:00
2025-03-06 13:42:53,872 - root - INFO - Token Token-193 completed task 'Monthly' at 2025-01-07 07:24:00.
2025-03-06 13:42:53,872 - root - INFO - Token Token-193 waiting for resource 'Tech' at 2025-01-07 07:24:00
2025-03-06 13:42:53,872 - root - INFO - Token Token-194 started task 'Monthly' at 2025-01-07 07:26:00, scheduled to end at 2025-01-07 07:26:00
2025-03-06 13:42:53,873 - root - INFO - Token Token-194 completed task 'Monthly' at 2025-01-07 07:26:00.
2025-03-06 13:42:53,874 - root - INFO - Token Token-194 waiting for resource 'Tech' at 2025-01-07 07:26:00
2025-03-06 13:42:53,874 - root - INFO - Token Token-195 started task 'Monthly' at 2025-01-07 07:28:00, scheduled to end at 2025-01-07 07:28:00
2025-03-06 13:42:53,884 - root - INFO - Token Token-195 completed task 'Monthly' at 2025-01-07 07:28:00.
2025-03-06 13:42:53,884 - root - INFO - Token Token-195 waiting for resource 'Tech' at 2025-01-07 07:28:00
2025-03-06 13:42:53,884 - root - INFO - Token Token-196 started task 'Monthly' at 2025-01-07 07:30:00, scheduled to end at 2025-01-07 07:30:00
2025-03-06 13:42:53,885 - root - INFO - Token Token-196 completed task 'Monthly' at 2025-01-07 07:30:00.
2025-03-06 13:42:53,885 - root - INFO - Token Token-196 waiting for resource 'Tech' at 2025-01-07 07:30:00
2025-03-06 13:42:53,885 - root - INFO - Token Token-17 completed task 'Review AM using Asset Change Tracker (5.5.13.1)' at 2025-01-07 07:31:16.080081.
2025-03-06 13:42:53,885 - root - INFO - Token Token-4 released from wait queue for 'Tech'
2025-03-06 13:42:53,886 - root - INFO - Token Token-4 waited 1438.78 minutes for resource
2025-03-06 13:42:53,886 - root - INFO - Token Token-4 started task 'Note Accuracy in Asset Change Tracker (5.5.13.2)' at 2025-01-07 07:31:16.080081, scheduled to end at 2025-01-07 07:37:31.757047
2025-03-06 13:42:53,886 - root - INFO - Token Token-17 started task 'Complete /Accurate?' at 2025-01-07 07:31:16.080081, scheduled to end at 2025-01-07 07:31:16.080081
2025-03-06 13:42:53,887 - root - INFO - Token Token-17 completed task 'Complete /Accurate?' at 2025-01-07 07:31:16.080081.
2025-03-06 13:42:53,887 - root - INFO - Token Token-17 waiting for resource 'Tech' at 2025-01-07 07:31:16.080081
2025-03-06 13:42:53,887 - root - INFO - Token Token-197 started task 'Monthly' at 2025-01-07 07:32:00, scheduled to end at 2025-01-07 07:32:00
2025-03-06 13:42:53,888 - root - INFO - Token Token-197 completed task 'Monthly' at 2025-01-07 07:32:00.
2025-03-06 13:42:53,888 - root - INFO - Token Token-197 waiting for resource 'Tech' at 2025-01-07 07:32:00
2025-03-06 13:42:53,888 - root - INFO - Token Token-198 started task 'Monthly' at 2025-01-07 07:34:00, scheduled to end at 2025-01-07 07:34:00
2025-03-06 13:42:53,888 - root - INFO - Token Token-198 completed task 'Monthly' at 2025-01-07 07:34:00.
2025-03-06 13:42:53,889 - root - INFO - Token Token-198 waiting for resource 'Tech' at 2025-01-07 07:34:00
2025-03-06 13:42:53,889 - root - INFO - Token Token-199 started task 'Monthly' at 2025-01-07 07:36:00, scheduled to end at 2025-01-07 07:36:00
2025-03-06 13:42:53,889 - root - INFO - Token Token-199 completed task 'Monthly' at 2025-01-07 07:36:00.
2025-03-06 13:42:53,890 - root - INFO - Token Token-199 waiting for resource 'Tech' at 2025-01-07 07:36:00
2025-03-06 13:42:53,890 - root - INFO - Token Token-4 completed task 'Note Accuracy in Asset Change Tracker (5.5.13.2)' at 2025-01-07 07:37:31.757047.
2025-03-06 13:42:53,891 - root - INFO - Token Token-18 released from wait queue for 'Tech'
2025-03-06 13:42:53,891 - root - INFO - Token Token-18 waited 1443.53 minutes for resource
2025-03-06 13:42:53,892 - root - INFO - Token Token-18 started task 'Review AM using Asset Change Tracker (5.5.13.1)' at 2025-01-07 07:37:31.757047, scheduled to end at 2025-01-07 07:45:18.458878
2025-03-06 13:42:53,892 - root - INFO - Token Token-4 started task 'Unknown' at 2025-01-07 07:37:31.757047, scheduled to end at 2025-01-07 07:37:31.757047
2025-03-06 13:42:53,892 - root - INFO - Token Token-4 completed task 'Unknown' at 2025-01-07 07:37:31.757047.
2025-03-06 13:42:53,893 - root - INFO - Token Token-4 has completed the entire process at 2025-01-07 07:37:31.757047.
2025-03-06 13:42:53,893 - root - INFO - Token Token-200 started task 'Monthly' at 2025-01-07 07:38:00, scheduled to end at 2025-01-07 07:38:00
2025-03-06 13:42:53,893 - root - INFO - Token Token-200 completed task 'Monthly' at 2025-01-07 07:38:00.
2025-03-06 13:42:53,894 - root - INFO - Token Token-200 waiting for resource 'Tech' at 2025-01-07 07:38:00
2025-03-06 13:42:53,894 - root - INFO - Token Token-201 started task 'Monthly' at 2025-01-07 07:40:00, scheduled to end at 2025-01-07 07:40:00
2025-03-06 13:42:53,894 - root - INFO - Token Token-201 completed task 'Monthly' at 2025-01-07 07:40:00.
2025-03-06 13:42:53,894 - root - INFO - Token Token-201 waiting for resource 'Tech' at 2025-01-07 07:40:00
2025-03-06 13:42:53,895 - root - INFO - Token Token-202 started task 'Monthly' at 2025-01-07 07:42:00, scheduled to end at 2025-01-07 07:42:00
2025-03-06 13:42:53,895 - root - INFO - Token Token-202 completed task 'Monthly' at 2025-01-07 07:42:00.
2025-03-06 13:42:53,895 - root - INFO - Token Token-202 waiting for resource 'Tech' at 2025-01-07 07:42:00
2025-03-06 13:42:53,896 - root - INFO - Token Token-203 started task 'Monthly' at 2025-01-07 07:44:00, scheduled to end at 2025-01-07 07:44:00
2025-03-06 13:42:53,896 - root - INFO - Token Token-203 completed task 'Monthly' at 2025-01-07 07:44:00.
2025-03-06 13:42:53,896 - root - INFO - Token Token-203 waiting for resource 'Tech' at 2025-01-07 07:44:00
2025-03-06 13:42:53,897 - root - INFO - Token Token-18 completed task 'Review AM using Asset Change Tracker (5.5.13.1)' at 2025-01-07 07:45:18.458878.
2025-03-06 13:42:53,897 - root - INFO - Token Token-19 released from wait queue for 'Tech'
2025-03-06 13:42:53,897 - root - INFO - Token Token-19 waited 1449.31 minutes for resource
2025-03-06 13:42:53,897 - root - INFO - Token Token-19 started task 'Review AM using Asset Change Tracker (5.5.13.1)' at 2025-01-07 07:45:18.458878, scheduled to end at 2025-01-07 07:54:09.304695
2025-03-06 13:42:53,898 - root - INFO - Token Token-18 started task 'Complete /Accurate?' at 2025-01-07 07:45:18.458878, scheduled to end at 2025-01-07 07:45:18.458878
2025-03-06 13:42:53,898 - root - INFO - Token Token-18 completed task 'Complete /Accurate?' at 2025-01-07 07:45:18.458878.
2025-03-06 13:42:53,898 - root - INFO - Token Token-18 waiting for resource 'Tech' at 2025-01-07 07:45:18.458878
2025-03-06 13:42:53,898 - root - INFO - Token Token-204 started task 'Monthly' at 2025-01-07 07:46:00, scheduled to end at 2025-01-07 07:46:00
2025-03-06 13:42:53,899 - root - INFO - Token Token-204 completed task 'Monthly' at 2025-01-07 07:46:00.
2025-03-06 13:42:53,900 - root - INFO - Token Token-204 waiting for resource 'Tech' at 2025-01-07 07:46:00
2025-03-06 13:42:53,901 - root - INFO - Token Token-205 started task 'Monthly' at 2025-01-07 07:48:00, scheduled to end at 2025-01-07 07:48:00
2025-03-06 13:42:53,901 - root - INFO - Token Token-205 completed task 'Monthly' at 2025-01-07 07:48:00.
2025-03-06 13:42:53,902 - root - INFO - Token Token-205 waiting for resource 'Tech' at 2025-01-07 07:48:00
2025-03-06 13:42:53,902 - root - INFO - Token Token-206 started task 'Monthly' at 2025-01-07 07:50:00, scheduled to end at 2025-01-07 07:50:00
2025-03-06 13:42:53,903 - root - INFO - Token Token-206 completed task 'Monthly' at 2025-01-07 07:50:00.
2025-03-06 13:42:53,903 - root - INFO - Token Token-206 waiting for resource 'Tech' at 2025-01-07 07:50:00
2025-03-06 13:42:53,904 - root - INFO - Token Token-207 started task 'Monthly' at 2025-01-07 07:52:00, scheduled to end at 2025-01-07 07:52:00
2025-03-06 13:42:53,904 - root - INFO - Token Token-207 completed task 'Monthly' at 2025-01-07 07:52:00.
2025-03-06 13:42:53,904 - root - INFO - Token Token-207 waiting for resource 'Tech' at 2025-01-07 07:52:00
2025-03-06 13:42:53,905 - root - INFO - Token Token-208 started task 'Monthly' at 2025-01-07 07:54:00, scheduled to end at 2025-01-07 07:54:00
2025-03-06 13:42:53,905 - root - INFO - Token Token-208 completed task 'Monthly' at 2025-01-07 07:54:00.
2025-03-06 13:42:53,906 - root - INFO - Token Token-208 waiting for resource 'Tech' at 2025-01-07 07:54:00
2025-03-06 13:42:53,906 - root - INFO - Token Token-19 completed task 'Review AM using Asset Change Tracker (5.5.13.1)' at 2025-01-07 07:54:09.304695.
2025-03-06 13:42:53,907 - root - INFO - Token Token-20 released from wait queue for 'Tech'
2025-03-06 13:42:53,907 - root - INFO - Token Token-20 waited 1456.16 minutes for resource
2025-03-06 13:42:53,907 - root - INFO - Token Token-20 started task 'Review AM using Asset Change Tracker (5.5.13.1)' at 2025-01-07 07:54:09.304695, scheduled to end at 2025-01-07 08:01:07.162379
2025-03-06 13:42:53,908 - root - INFO - Token Token-19 started task 'Complete /Accurate?' at 2025-01-07 07:54:09.304695, scheduled to end at 2025-01-07 07:54:09.304695
2025-03-06 13:42:53,909 - root - INFO - Token Token-19 completed task 'Complete /Accurate?' at 2025-01-07 07:54:09.304695.
2025-03-06 13:42:53,909 - root - INFO - Token Token-19 waiting for resource 'Tech' at 2025-01-07 07:54:09.304695
2025-03-06 13:42:53,909 - root - INFO - Token Token-209 started task 'Monthly' at 2025-01-07 07:56:00, scheduled to end at 2025-01-07 07:56:00
2025-03-06 13:42:53,910 - root - INFO - Token Token-209 completed task 'Monthly' at 2025-01-07 07:56:00.
2025-03-06 13:42:53,910 - root - INFO - Token Token-209 waiting for resource 'Tech' at 2025-01-07 07:56:00
2025-03-06 13:42:53,911 - root - INFO - Token Token-210 started task 'Monthly' at 2025-01-07 07:58:00, scheduled to end at 2025-01-07 07:58:00
2025-03-06 13:42:53,911 - root - INFO - Token Token-210 completed task 'Monthly' at 2025-01-07 07:58:00.
2025-03-06 13:42:53,912 - root - INFO - Token Token-210 waiting for resource 'Tech' at 2025-01-07 07:58:00
2025-03-06 13:42:53,913 - root - INFO - Token Token-211 started task 'Monthly' at 2025-01-07 08:00:00, scheduled to end at 2025-01-07 08:00:00
2025-03-06 13:42:53,913 - root - INFO - Token Token-211 completed task 'Monthly' at 2025-01-07 08:00:00.
2025-03-06 13:42:53,922 - root - INFO - Token Token-211 waiting for resource 'Tech' at 2025-01-07 08:00:00
2025-03-06 13:42:53,925 - root - INFO - Token Token-20 completed task 'Review AM using Asset Change Tracker (5.5.13.1)' at 2025-01-07 08:01:07.162379.
2025-03-06 13:42:53,925 - root - INFO - Token Token-21 released from wait queue for 'Tech'
2025-03-06 13:42:53,926 - root - INFO - Token Token-21 waited 1461.12 minutes for resource
2025-03-06 13:42:53,926 - root - INFO - Token Token-21 started task 'Review AM using Asset Change Tracker (5.5.13.1)' at 2025-01-07 08:01:07.162379, scheduled to end at 2025-01-07 08:09:40.709470
2025-03-06 13:42:53,926 - root - INFO - Token Token-20 started task 'Complete /Accurate?' at 2025-01-07 08:01:07.162379, scheduled to end at 2025-01-07 08:01:07.162379
2025-03-06 13:42:53,926 - root - INFO - Token Token-20 completed task 'Complete /Accurate?' at 2025-01-07 08:01:07.162379.
2025-03-06 13:42:53,927 - root - INFO - Token Token-20 waiting for resource 'Tech' at 2025-01-07 08:01:07.162379
2025-03-06 13:42:53,927 - root - INFO - Token Token-212 started task 'Monthly' at 2025-01-07 08:02:00, scheduled to end at 2025-01-07 08:02:00
2025-03-06 13:42:53,927 - root - INFO - Token Token-212 completed task 'Monthly' at 2025-01-07 08:02:00.
2025-03-06 13:42:53,927 - root - INFO - Token Token-212 waiting for resource 'Tech' at 2025-01-07 08:02:00
2025-03-06 13:42:53,928 - root - INFO - Token Token-213 started task 'Monthly' at 2025-01-07 08:04:00, scheduled to end at 2025-01-07 08:04:00
2025-03-06 13:42:53,928 - root - INFO - Token Token-213 completed task 'Monthly' at 2025-01-07 08:04:00.
2025-03-06 13:42:53,928 - root - INFO - Token Token-213 waiting for resource 'Tech' at 2025-01-07 08:04:00
2025-03-06 13:42:53,929 - root - INFO - Token Token-214 started task 'Monthly' at 2025-01-07 08:06:00, scheduled to end at 2025-01-07 08:06:00
2025-03-06 13:42:53,929 - root - INFO - Token Token-214 completed task 'Monthly' at 2025-01-07 08:06:00.
2025-03-06 13:42:53,929 - root - INFO - Token Token-214 waiting for resource 'Tech' at 2025-01-07 08:06:00
2025-03-06 13:42:53,929 - root - INFO - Token Token-215 started task 'Monthly' at 2025-01-07 08:08:00, scheduled to end at 2025-01-07 08:08:00
2025-03-06 13:42:53,930 - root - INFO - Token Token-215 completed task 'Monthly' at 2025-01-07 08:08:00.
2025-03-06 13:42:53,930 - root - INFO - Token Token-215 waiting for resource 'Tech' at 2025-01-07 08:08:00
2025-03-06 13:42:53,931 - root - INFO - Token Token-21 completed task 'Review AM using Asset Change Tracker (5.5.13.1)' at 2025-01-07 08:09:40.709470.
2025-03-06 13:42:53,931 - root - INFO - Token Token-22 released from wait queue for 'Tech'
2025-03-06 13:42:53,931 - root - INFO - Token Token-22 waited 1467.68 minutes for resource
2025-03-06 13:42:53,931 - root - INFO - Token Token-22 started task 'Review AM using Asset Change Tracker (5.5.13.1)' at 2025-01-07 08:09:40.709470, scheduled to end at 2025-01-07 08:18:51.575528
2025-03-06 13:42:53,933 - root - INFO - Token Token-21 started task 'Complete /Accurate?' at 2025-01-07 08:09:40.709470, scheduled to end at 2025-01-07 08:09:40.709470
2025-03-06 13:42:53,933 - root - INFO - Token Token-21 completed task 'Complete /Accurate?' at 2025-01-07 08:09:40.709470.
2025-03-06 13:42:53,933 - root - INFO - Token Token-21 waiting for resource 'Tech' at 2025-01-07 08:09:40.709470
2025-03-06 13:42:53,933 - root - INFO - Token Token-216 started task 'Monthly' at 2025-01-07 08:10:00, scheduled to end at 2025-01-07 08:10:00
2025-03-06 13:42:53,933 - root - INFO - Token Token-216 completed task 'Monthly' at 2025-01-07 08:10:00.
2025-03-06 13:42:53,934 - root - INFO - Token Token-216 waiting for resource 'Tech' at 2025-01-07 08:10:00
2025-03-06 13:42:53,934 - root - INFO - Token Token-217 started task 'Monthly' at 2025-01-07 08:12:00, scheduled to end at 2025-01-07 08:12:00
2025-03-06 13:42:53,934 - root - INFO - Token Token-217 completed task 'Monthly' at 2025-01-07 08:12:00.
2025-03-06 13:42:53,935 - root - INFO - Token Token-217 waiting for resource 'Tech' at 2025-01-07 08:12:00
2025-03-06 13:42:53,935 - root - INFO - Token Token-218 started task 'Monthly' at 2025-01-07 08:14:00, scheduled to end at 2025-01-07 08:14:00
2025-03-06 13:42:53,935 - root - INFO - Token Token-218 completed task 'Monthly' at 2025-01-07 08:14:00.
2025-03-06 13:42:53,935 - root - INFO - Token Token-218 waiting for resource 'Tech' at 2025-01-07 08:14:00
2025-03-06 13:42:53,936 - root - INFO - Token Token-219 started task 'Monthly' at 2025-01-07 08:16:00, scheduled to end at 2025-01-07 08:16:00
2025-03-06 13:42:53,936 - root - INFO - Token Token-219 completed task 'Monthly' at 2025-01-07 08:16:00.
2025-03-06 13:42:53,936 - root - INFO - Token Token-219 waiting for resource 'Tech' at 2025-01-07 08:16:00
2025-03-06 13:42:53,937 - root - INFO - Token Token-220 started task 'Monthly' at 2025-01-07 08:18:00, scheduled to end at 2025-01-07 08:18:00
2025-03-06 13:42:53,937 - root - INFO - Token Token-220 completed task 'Monthly' at 2025-01-07 08:18:00.
2025-03-06 13:42:53,937 - root - INFO - Token Token-220 waiting for resource 'Tech' at 2025-01-07 08:18:00
2025-03-06 13:42:53,937 - root - INFO - Token Token-22 completed task 'Review AM using Asset Change Tracker (5.5.13.1)' at 2025-01-07 08:18:51.575528.
2025-03-06 13:42:53,938 - root - INFO - Token Token-23 released from wait queue for 'Tech'
2025-03-06 13:42:53,938 - root - INFO - Token Token-23 waited 1474.86 minutes for resource
2025-03-06 13:42:53,938 - root - INFO - Token Token-23 started task 'Review AM using Asset Change Tracker (5.5.13.1)' at 2025-01-07 08:18:51.575528, scheduled to end at 2025-01-07 08:27:57.443736
2025-03-06 13:42:53,938 - root - INFO - Token Token-22 started task 'Complete /Accurate?' at 2025-01-07 08:18:51.575528, scheduled to end at 2025-01-07 08:18:51.575528
2025-03-06 13:42:53,939 - root - INFO - Token Token-22 completed task 'Complete /Accurate?' at 2025-01-07 08:18:51.575528.
2025-03-06 13:42:53,939 - root - INFO - Token Token-22 waiting for resource 'Tech' at 2025-01-07 08:18:51.575528
2025-03-06 13:42:53,939 - root - INFO - Token Token-221 started task 'Monthly' at 2025-01-07 08:20:00, scheduled to end at 2025-01-07 08:20:00
2025-03-06 13:42:53,940 - root - INFO - Token Token-221 completed task 'Monthly' at 2025-01-07 08:20:00.
2025-03-06 13:42:53,940 - root - INFO - Token Token-221 waiting for resource 'Tech' at 2025-01-07 08:20:00
2025-03-06 13:42:53,940 - root - INFO - Token Token-222 started task 'Monthly' at 2025-01-07 08:22:00, scheduled to end at 2025-01-07 08:22:00
2025-03-06 13:42:53,940 - root - INFO - Token Token-222 completed task 'Monthly' at 2025-01-07 08:22:00.
2025-03-06 13:42:53,941 - root - INFO - Token Token-222 waiting for resource 'Tech' at 2025-01-07 08:22:00
2025-03-06 13:42:53,941 - root - INFO - Token Token-223 started task 'Monthly' at 2025-01-07 08:24:00, scheduled to end at 2025-01-07 08:24:00
2025-03-06 13:42:53,941 - root - INFO - Token Token-223 completed task 'Monthly' at 2025-01-07 08:24:00.
2025-03-06 13:42:53,942 - root - INFO - Token Token-223 waiting for resource 'Tech' at 2025-01-07 08:24:00
2025-03-06 13:42:53,942 - root - INFO - Token Token-224 started task 'Monthly' at 2025-01-07 08:26:00, scheduled to end at 2025-01-07 08:26:00
2025-03-06 13:42:53,942 - root - INFO - Token Token-224 completed task 'Monthly' at 2025-01-07 08:26:00.
2025-03-06 13:42:53,942 - root - INFO - Token Token-224 waiting for resource 'Tech' at 2025-01-07 08:26:00
2025-03-06 13:42:53,944 - root - INFO - Token Token-23 completed task 'Review AM using Asset Change Tracker (5.5.13.1)' at 2025-01-07 08:27:57.443736.
2025-03-06 13:42:53,944 - root - INFO - Token Token-5 released from wait queue for 'Tech'
2025-03-06 13:42:53,944 - root - INFO - Token Token-5 waited 1482.09 minutes for resource
2025-03-06 13:42:53,944 - root - INFO - Token Token-5 started task 'Note Accuracy in Asset Change Tracker (5.5.13.2)' at 2025-01-07 08:27:57.443736, scheduled to end at 2025-01-07 08:31:51.690251
2025-03-06 13:42:53,945 - root - INFO - Token Token-23 started task 'Complete /Accurate?' at 2025-01-07 08:27:57.443736, scheduled to end at 2025-01-07 08:27:57.443736
2025-03-06 13:42:53,946 - root - INFO - Token Token-23 completed task 'Complete /Accurate?' at 2025-01-07 08:27:57.443736.
2025-03-06 13:42:53,947 - root - INFO - Token Token-23 waiting for resource 'Tech' at 2025-01-07 08:27:57.443736
2025-03-06 13:42:53,947 - root - INFO - Token Token-225 started task 'Monthly' at 2025-01-07 08:28:00, scheduled to end at 2025-01-07 08:28:00
2025-03-06 13:42:53,948 - root - INFO - Token Token-225 completed task 'Monthly' at 2025-01-07 08:28:00.
2025-03-06 13:42:53,948 - root - INFO - Token Token-225 waiting for resource 'Tech' at 2025-01-07 08:28:00
2025-03-06 13:42:53,949 - root - INFO - Token Token-226 started task 'Monthly' at 2025-01-07 08:30:00, scheduled to end at 2025-01-07 08:30:00
2025-03-06 13:42:53,949 - root - INFO - Token Token-226 completed task 'Monthly' at 2025-01-07 08:30:00.
2025-03-06 13:42:53,950 - root - INFO - Token Token-226 waiting for resource 'Tech' at 2025-01-07 08:30:00
2025-03-06 13:42:53,950 - root - INFO - Token Token-5 completed task 'Note Accuracy in Asset Change Tracker (5.5.13.2)' at 2025-01-07 08:31:51.690251.
2025-03-06 13:42:53,952 - root - INFO - Token Token-24 released from wait queue for 'Tech'
2025-03-06 13:42:53,952 - root - INFO - Token Token-24 waited 1485.86 minutes for resource
2025-03-06 13:42:53,959 - root - INFO - Token Token-24 started task 'Review AM using Asset Change Tracker (5.5.13.1)' at 2025-01-07 08:31:51.690251, scheduled to end at 2025-01-07 08:40:51.642611
2025-03-06 13:42:53,960 - root - INFO - Token Token-5 started task 'Unknown' at 2025-01-07 08:31:51.690251, scheduled to end at 2025-01-07 08:31:51.690251
2025-03-06 13:42:53,961 - root - INFO - Token Token-5 completed task 'Unknown' at 2025-01-07 08:31:51.690251.
2025-03-06 13:42:53,962 - root - INFO - Token Token-5 has completed the entire process at 2025-01-07 08:31:51.690251.
2025-03-06 13:42:53,962 - root - INFO - Token Token-227 started task 'Monthly' at 2025-01-07 08:32:00, scheduled to end at 2025-01-07 08:32:00
2025-03-06 13:42:53,963 - root - INFO - Token Token-227 completed task 'Monthly' at 2025-01-07 08:32:00.
2025-03-06 13:42:53,963 - root - INFO - Token Token-227 waiting for resource 'Tech' at 2025-01-07 08:32:00
2025-03-06 13:42:53,963 - root - INFO - Token Token-228 started task 'Monthly' at 2025-01-07 08:34:00, scheduled to end at 2025-01-07 08:34:00
2025-03-06 13:42:53,964 - root - INFO - Token Token-228 completed task 'Monthly' at 2025-01-07 08:34:00.
2025-03-06 13:42:53,965 - root - INFO - Token Token-228 waiting for resource 'Tech' at 2025-01-07 08:34:00
2025-03-06 13:42:53,966 - root - INFO - Token Token-229 started task 'Monthly' at 2025-01-07 08:36:00, scheduled to end at 2025-01-07 08:36:00
2025-03-06 13:42:53,966 - root - INFO - Token Token-229 completed task 'Monthly' at 2025-01-07 08:36:00.
2025-03-06 13:42:53,967 - root - INFO - Token Token-229 waiting for resource 'Tech' at 2025-01-07 08:36:00
2025-03-06 13:42:53,967 - root - INFO - Token Token-230 started task 'Monthly' at 2025-01-07 08:38:00, scheduled to end at 2025-01-07 08:38:00
2025-03-06 13:42:53,967 - root - INFO - Token Token-230 completed task 'Monthly' at 2025-01-07 08:38:00.
2025-03-06 13:42:53,967 - root - INFO - Token Token-230 waiting for resource 'Tech' at 2025-01-07 08:38:00
2025-03-06 13:42:53,967 - root - INFO - Token Token-231 started task 'Monthly' at 2025-01-07 08:40:00, scheduled to end at 2025-01-07 08:40:00
2025-03-06 13:42:53,967 - root - INFO - Token Token-231 completed task 'Monthly' at 2025-01-07 08:40:00.
2025-03-06 13:42:53,967 - root - INFO - Token Token-231 waiting for resource 'Tech' at 2025-01-07 08:40:00
2025-03-06 13:42:53,970 - root - INFO - Token Token-24 completed task 'Review AM using Asset Change Tracker (5.5.13.1)' at 2025-01-07 08:40:51.642611.
2025-03-06 13:42:53,970 - root - INFO - Token Token-25 released from wait queue for 'Tech'
2025-03-06 13:42:53,971 - root - INFO - Token Token-25 waited 1492.86 minutes for resource
2025-03-06 13:42:53,971 - root - INFO - Token Token-25 started task 'Review AM using Asset Change Tracker (5.5.13.1)' at 2025-01-07 08:40:51.642611, scheduled to end at 2025-01-07 08:47:43.218371
2025-03-06 13:42:53,972 - root - INFO - Token Token-24 started task 'Complete /Accurate?' at 2025-01-07 08:40:51.642611, scheduled to end at 2025-01-07 08:40:51.642611
2025-03-06 13:42:53,972 - root - INFO - Token Token-24 completed task 'Complete /Accurate?' at 2025-01-07 08:40:51.642611.
2025-03-06 13:42:53,972 - root - INFO - Token Token-24 waiting for resource 'Tech' at 2025-01-07 08:40:51.642611
2025-03-06 13:42:53,973 - root - INFO - Token Token-232 started task 'Monthly' at 2025-01-07 08:42:00, scheduled to end at 2025-01-07 08:42:00
2025-03-06 13:42:53,973 - root - INFO - Token Token-232 completed task 'Monthly' at 2025-01-07 08:42:00.
2025-03-06 13:42:53,973 - root - INFO - Token Token-232 waiting for resource 'Tech' at 2025-01-07 08:42:00
2025-03-06 13:42:53,974 - root - INFO - Token Token-233 started task 'Monthly' at 2025-01-07 08:44:00, scheduled to end at 2025-01-07 08:44:00
2025-03-06 13:42:53,974 - root - INFO - Token Token-233 completed task 'Monthly' at 2025-01-07 08:44:00.
2025-03-06 13:42:53,974 - root - INFO - Token Token-233 waiting for resource 'Tech' at 2025-01-07 08:44:00
2025-03-06 13:42:53,974 - root - INFO - Token Token-234 started task 'Monthly' at 2025-01-07 08:46:00, scheduled to end at 2025-01-07 08:46:00
2025-03-06 13:42:53,975 - root - INFO - Token Token-234 completed task 'Monthly' at 2025-01-07 08:46:00.
2025-03-06 13:42:53,975 - root - INFO - Token Token-234 waiting for resource 'Tech' at 2025-01-07 08:46:00
2025-03-06 13:42:53,975 - root - INFO - Token Token-25 completed task 'Review AM using Asset Change Tracker (5.5.13.1)' at 2025-01-07 08:47:43.218371.
2025-03-06 13:42:53,976 - root - INFO - Token Token-26 released from wait queue for 'Tech'
2025-03-06 13:42:53,976 - root - INFO - Token Token-26 waited 1497.72 minutes for resource
2025-03-06 13:42:53,976 - root - INFO - Token Token-26 started task 'Review AM using Asset Change Tracker (5.5.13.1)' at 2025-01-07 08:47:43.218371, scheduled to end at 2025-01-07 08:54:35.933037
2025-03-06 13:42:53,976 - root - INFO - Token Token-25 started task 'Complete /Accurate?' at 2025-01-07 08:47:43.218371, scheduled to end at 2025-01-07 08:47:43.218371
2025-03-06 13:42:53,977 - root - INFO - Token Token-25 completed task 'Complete /Accurate?' at 2025-01-07 08:47:43.218371.
2025-03-06 13:42:53,977 - root - INFO - Token Token-25 waiting for resource 'Tech' at 2025-01-07 08:47:43.218371
2025-03-06 13:42:53,977 - root - INFO - Token Token-235 started task 'Monthly' at 2025-01-07 08:48:00, scheduled to end at 2025-01-07 08:48:00
2025-03-06 13:42:53,977 - root - INFO - Token Token-235 completed task 'Monthly' at 2025-01-07 08:48:00.
2025-03-06 13:42:53,978 - root - INFO - Token Token-235 waiting for resource 'Tech' at 2025-01-07 08:48:00
2025-03-06 13:42:53,979 - root - INFO - Token Token-236 started task 'Monthly' at 2025-01-07 08:50:00, scheduled to end at 2025-01-07 08:50:00
2025-03-06 13:42:53,980 - root - INFO - Token Token-236 completed task 'Monthly' at 2025-01-07 08:50:00.
2025-03-06 13:42:53,980 - root - INFO - Token Token-236 waiting for resource 'Tech' at 2025-01-07 08:50:00
2025-03-06 13:42:53,981 - root - INFO - Token Token-237 started task 'Monthly' at 2025-01-07 08:52:00, scheduled to end at 2025-01-07 08:52:00
2025-03-06 13:42:53,981 - root - INFO - Token Token-237 completed task 'Monthly' at 2025-01-07 08:52:00.
2025-03-06 13:42:53,982 - root - INFO - Token Token-237 waiting for resource 'Tech' at 2025-01-07 08:52:00
2025-03-06 13:42:53,982 - root - INFO - Token Token-238 started task 'Monthly' at 2025-01-07 08:54:00, scheduled to end at 2025-01-07 08:54:00
2025-03-06 13:42:53,983 - root - INFO - Token Token-238 completed task 'Monthly' at 2025-01-07 08:54:00.
2025-03-06 13:42:53,983 - root - INFO - Token Token-238 waiting for resource 'Tech' at 2025-01-07 08:54:00
2025-03-06 13:42:53,984 - root - INFO - Token Token-26 completed task 'Review AM using Asset Change Tracker (5.5.13.1)' at 2025-01-07 08:54:35.933037.
2025-03-06 13:42:53,984 - root - INFO - Token Token-27 released from wait queue for 'Tech'
2025-03-06 13:42:53,985 - root - INFO - Token Token-27 waited 1502.60 minutes for resource
2025-03-06 13:42:53,985 - root - INFO - Token Token-27 started task 'Review AM using Asset Change Tracker (5.5.13.1)' at 2025-01-07 08:54:35.933037, scheduled to end at 2025-01-07 09:02:51.156257
2025-03-06 13:42:53,986 - root - INFO - Token Token-26 started task 'Complete /Accurate?' at 2025-01-07 08:54:35.933037, scheduled to end at 2025-01-07 08:54:35.933037
2025-03-06 13:42:53,986 - root - INFO - Token Token-26 completed task 'Complete /Accurate?' at 2025-01-07 08:54:35.933037.
2025-03-06 13:42:53,987 - root - INFO - Token Token-26 waiting for resource 'Tech' at 2025-01-07 08:54:35.933037
2025-03-06 13:42:53,987 - root - INFO - Token Token-239 started task 'Monthly' at 2025-01-07 08:56:00, scheduled to end at 2025-01-07 08:56:00
2025-03-06 13:42:53,988 - root - INFO - Token Token-239 completed task 'Monthly' at 2025-01-07 08:56:00.
2025-03-06 13:42:54,002 - root - INFO - Token Token-239 waiting for resource 'Tech' at 2025-01-07 08:56:00
2025-03-06 13:42:54,002 - root - INFO - Token Token-240 started task 'Monthly' at 2025-01-07 08:58:00, scheduled to end at 2025-01-07 08:58:00
2025-03-06 13:42:54,002 - root - INFO - Token Token-240 completed task 'Monthly' at 2025-01-07 08:58:00.
2025-03-06 13:42:54,002 - root - INFO - Token Token-240 waiting for resource 'Tech' at 2025-01-07 08:58:00
2025-03-06 13:42:54,002 - root - INFO - Token Token-241 started task 'Monthly' at 2025-01-07 09:00:00, scheduled to end at 2025-01-07 09:00:00
2025-03-06 13:42:54,002 - root - INFO - Token Token-241 completed task 'Monthly' at 2025-01-07 09:00:00.
2025-03-06 13:42:54,002 - root - INFO - Token Token-241 waiting for resource 'Tech' at 2025-01-07 09:00:00
2025-03-06 13:42:54,002 - root - INFO - Token Token-242 started task 'Monthly' at 2025-01-07 09:02:00, scheduled to end at 2025-01-07 09:02:00
2025-03-06 13:42:54,005 - root - INFO - Token Token-242 completed task 'Monthly' at 2025-01-07 09:02:00.
2025-03-06 13:42:54,005 - root - INFO - Token Token-242 waiting for resource 'Tech' at 2025-01-07 09:02:00
2025-03-06 13:42:54,005 - root - INFO - Token Token-27 completed task 'Review AM using Asset Change Tracker (5.5.13.1)' at 2025-01-07 09:02:51.156257.
2025-03-06 13:42:54,006 - root - INFO - Token Token-28 released from wait queue for 'Tech'
2025-03-06 13:42:54,006 - root - INFO - Token Token-28 waited 1508.85 minutes for resource
2025-03-06 13:42:54,006 - root - INFO - Token Token-28 started task 'Review AM using Asset Change Tracker (5.5.13.1)' at 2025-01-07 09:02:51.156257, scheduled to end at 2025-01-07 09:09:34.637714
2025-03-06 13:42:54,006 - root - INFO - Token Token-27 started task 'Complete /Accurate?' at 2025-01-07 09:02:51.156257, scheduled to end at 2025-01-07 09:02:51.156257
2025-03-06 13:42:54,007 - root - INFO - Token Token-27 completed task 'Complete /Accurate?' at 2025-01-07 09:02:51.156257.
2025-03-06 13:42:54,007 - root - INFO - Token Token-27 waiting for resource 'Tech' at 2025-01-07 09:02:51.156257
2025-03-06 13:42:54,007 - root - INFO - Token Token-243 started task 'Monthly' at 2025-01-07 09:04:00, scheduled to end at 2025-01-07 09:04:00
2025-03-06 13:42:54,008 - root - INFO - Token Token-243 completed task 'Monthly' at 2025-01-07 09:04:00.
2025-03-06 13:42:54,008 - root - INFO - Token Token-243 waiting for resource 'Tech' at 2025-01-07 09:04:00
2025-03-06 13:42:54,008 - root - INFO - Token Token-244 started task 'Monthly' at 2025-01-07 09:06:00, scheduled to end at 2025-01-07 09:06:00
2025-03-06 13:42:54,009 - root - INFO - Token Token-244 completed task 'Monthly' at 2025-01-07 09:06:00.
2025-03-06 13:42:54,009 - root - INFO - Token Token-244 waiting for resource 'Tech' at 2025-01-07 09:06:00
2025-03-06 13:42:54,010 - root - INFO - Token Token-245 started task 'Monthly' at 2025-01-07 09:08:00, scheduled to end at 2025-01-07 09:08:00
2025-03-06 13:42:54,010 - root - INFO - Token Token-245 completed task 'Monthly' at 2025-01-07 09:08:00.
2025-03-06 13:42:54,010 - root - INFO - Token Token-245 waiting for resource 'Tech' at 2025-01-07 09:08:00
2025-03-06 13:42:54,011 - root - INFO - Token Token-28 completed task 'Review AM using Asset Change Tracker (5.5.13.1)' at 2025-01-07 09:09:34.637714.
2025-03-06 13:42:54,011 - root - INFO - Token Token-6 released from wait queue for 'Tech'
2025-03-06 13:42:54,011 - root - INFO - Token Token-6 waited 1514.56 minutes for resource
2025-03-06 13:42:54,011 - root - INFO - Token Token-6 started task 'Note Accuracy in Asset Change Tracker (5.5.13.2)' at 2025-01-07 09:09:34.637714, scheduled to end at 2025-01-07 09:15:51.795905
2025-03-06 13:42:54,012 - root - INFO - Token Token-28 started task 'Complete /Accurate?' at 2025-01-07 09:09:34.637714, scheduled to end at 2025-01-07 09:09:34.637714
2025-03-06 13:42:54,012 - root - INFO - Token Token-28 completed task 'Complete /Accurate?' at 2025-01-07 09:09:34.637714.
2025-03-06 13:42:54,012 - root - INFO - Token Token-28 waiting for resource 'Tech' at 2025-01-07 09:09:34.637714
2025-03-06 13:42:54,012 - root - INFO - Token Token-246 started task 'Monthly' at 2025-01-07 09:10:00, scheduled to end at 2025-01-07 09:10:00
2025-03-06 13:42:54,013 - root - INFO - Token Token-246 completed task 'Monthly' at 2025-01-07 09:10:00.
2025-03-06 13:42:54,013 - root - INFO - Token Token-246 waiting for resource 'Tech' at 2025-01-07 09:10:00
2025-03-06 13:42:54,013 - root - INFO - Token Token-247 started task 'Monthly' at 2025-01-07 09:12:00, scheduled to end at 2025-01-07 09:12:00
2025-03-06 13:42:54,013 - root - INFO - Token Token-247 completed task 'Monthly' at 2025-01-07 09:12:00.
2025-03-06 13:42:54,014 - root - INFO - Token Token-247 waiting for resource 'Tech' at 2025-01-07 09:12:00
2025-03-06 13:42:54,014 - root - INFO - Token Token-248 started task 'Monthly' at 2025-01-07 09:14:00, scheduled to end at 2025-01-07 09:14:00
2025-03-06 13:42:54,014 - root - INFO - Token Token-248 completed task 'Monthly' at 2025-01-07 09:14:00.
2025-03-06 13:42:54,015 - root - INFO - Token Token-248 waiting for resource 'Tech' at 2025-01-07 09:14:00
2025-03-06 13:42:54,015 - root - INFO - Token Token-6 completed task 'Note Accuracy in Asset Change Tracker (5.5.13.2)' at 2025-01-07 09:15:51.795905.
2025-03-06 13:42:54,016 - root - INFO - Token Token-29 released from wait queue for 'Tech'
2025-03-06 13:42:54,016 - root - INFO - Token Token-29 waited 1519.86 minutes for resource
2025-03-06 13:42:54,016 - root - INFO - Token Token-29 started task 'Review AM using Asset Change Tracker (5.5.13.1)' at 2025-01-07 09:15:51.795905, scheduled to end at 2025-01-07 09:24:30.246616
2025-03-06 13:42:54,016 - root - INFO - Token Token-6 started task 'Unknown' at 2025-01-07 09:15:51.795905, scheduled to end at 2025-01-07 09:15:51.795905
2025-03-06 13:42:54,018 - root - INFO - Token Token-6 completed task 'Unknown' at 2025-01-07 09:15:51.795905.
2025-03-06 13:42:54,018 - root - INFO - Token Token-6 has completed the entire process at 2025-01-07 09:15:51.795905.
2025-03-06 13:42:54,018 - root - INFO - Token Token-249 started task 'Monthly' at 2025-01-07 09:16:00, scheduled to end at 2025-01-07 09:16:00
2025-03-06 13:42:54,018 - root - INFO - Token Token-249 completed task 'Monthly' at 2025-01-07 09:16:00.
2025-03-06 13:42:54,019 - root - INFO - Token Token-249 waiting for resource 'Tech' at 2025-01-07 09:16:00
2025-03-06 13:42:54,020 - root - INFO - Token Token-250 started task 'Monthly' at 2025-01-07 09:18:00, scheduled to end at 2025-01-07 09:18:00
2025-03-06 13:42:54,020 - root - INFO - Token Token-250 completed task 'Monthly' at 2025-01-07 09:18:00.
2025-03-06 13:42:54,021 - root - INFO - Token Token-250 waiting for resource 'Tech' at 2025-01-07 09:18:00
2025-03-06 13:42:54,021 - root - INFO - Token Token-251 started task 'Monthly' at 2025-01-07 09:20:00, scheduled to end at 2025-01-07 09:20:00
2025-03-06 13:42:54,021 - root - INFO - Token Token-251 completed task 'Monthly' at 2025-01-07 09:20:00.
2025-03-06 13:42:54,022 - root - INFO - Token Token-251 waiting for resource 'Tech' at 2025-01-07 09:20:00
2025-03-06 13:42:54,022 - root - INFO - Token Token-252 started task 'Monthly' at 2025-01-07 09:22:00, scheduled to end at 2025-01-07 09:22:00
2025-03-06 13:42:54,023 - root - INFO - Token Token-252 completed task 'Monthly' at 2025-01-07 09:22:00.
2025-03-06 13:42:54,023 - root - INFO - Token Token-252 waiting for resource 'Tech' at 2025-01-07 09:22:00
2025-03-06 13:42:54,024 - root - INFO - Token Token-253 started task 'Monthly' at 2025-01-07 09:24:00, scheduled to end at 2025-01-07 09:24:00
2025-03-06 13:42:54,024 - root - INFO - Token Token-253 completed task 'Monthly' at 2025-01-07 09:24:00.
2025-03-06 13:42:54,025 - root - INFO - Token Token-253 waiting for resource 'Tech' at 2025-01-07 09:24:00
2025-03-06 13:42:54,025 - root - INFO - Token Token-29 completed task 'Review AM using Asset Change Tracker (5.5.13.1)' at 2025-01-07 09:24:30.246616.
2025-03-06 13:42:54,026 - root - INFO - Token Token-30 released from wait queue for 'Tech'
2025-03-06 13:42:54,026 - root - INFO - Token Token-30 waited 1526.50 minutes for resource
2025-03-06 13:42:54,027 - root - INFO - Token Token-30 started task 'Review AM using Asset Change Tracker (5.5.13.1)' at 2025-01-07 09:24:30.246616, scheduled to end at 2025-01-07 09:32:14.393964
2025-03-06 13:42:54,027 - root - INFO - Token Token-29 started task 'Complete /Accurate?' at 2025-01-07 09:24:30.246616, scheduled to end at 2025-01-07 09:24:30.246616
2025-03-06 13:42:54,028 - root - INFO - Token Token-29 completed task 'Complete /Accurate?' at 2025-01-07 09:24:30.246616.
2025-03-06 13:42:54,028 - root - INFO - Token Token-29 waiting for resource 'Tech' at 2025-01-07 09:24:30.246616
2025-03-06 13:42:54,029 - root - INFO - Token Token-254 started task 'Monthly' at 2025-01-07 09:26:00, scheduled to end at 2025-01-07 09:26:00
2025-03-06 13:42:54,030 - root - INFO - Token Token-254 completed task 'Monthly' at 2025-01-07 09:26:00.
2025-03-06 13:42:54,030 - root - INFO - Token Token-254 waiting for resource 'Tech' at 2025-01-07 09:26:00
2025-03-06 13:42:54,031 - root - INFO - Token Token-255 started task 'Monthly' at 2025-01-07 09:28:00, scheduled to end at 2025-01-07 09:28:00
2025-03-06 13:42:54,032 - root - INFO - Token Token-255 completed task 'Monthly' at 2025-01-07 09:28:00.
2025-03-06 13:42:54,032 - root - INFO - Token Token-255 waiting for resource 'Tech' at 2025-01-07 09:28:00
2025-03-06 13:42:54,032 - root - INFO - Token Token-256 started task 'Monthly' at 2025-01-07 09:30:00, scheduled to end at 2025-01-07 09:30:00
2025-03-06 13:42:54,034 - root - INFO - Token Token-256 completed task 'Monthly' at 2025-01-07 09:30:00.
2025-03-06 13:42:54,034 - root - INFO - Token Token-256 waiting for resource 'Tech' at 2025-01-07 09:30:00
2025-03-06 13:42:54,041 - root - INFO - Token Token-257 started task 'Monthly' at 2025-01-07 09:32:00, scheduled to end at 2025-01-07 09:32:00
2025-03-06 13:42:54,041 - root - INFO - Token Token-257 completed task 'Monthly' at 2025-01-07 09:32:00.
2025-03-06 13:42:54,041 - root - INFO - Token Token-257 waiting for resource 'Tech' at 2025-01-07 09:32:00
2025-03-06 13:42:54,041 - root - INFO - Token Token-30 completed task 'Review AM using Asset Change Tracker (5.5.13.1)' at 2025-01-07 09:32:14.393964.
2025-03-06 13:42:54,041 - root - INFO - Token Token-31 released from wait queue for 'Tech'
2025-03-06 13:42:54,041 - root - INFO - Token Token-31 waited 1532.24 minutes for resource
2025-03-06 13:42:54,044 - root - INFO - Token Token-31 started task 'Review AM using Asset Change Tracker (5.5.13.1)' at 2025-01-07 09:32:14.393964, scheduled to end at 2025-01-07 09:39:33.462490
2025-03-06 13:42:54,044 - root - INFO - Token Token-30 started task 'Complete /Accurate?' at 2025-01-07 09:32:14.393964, scheduled to end at 2025-01-07 09:32:14.393964
2025-03-06 13:42:54,045 - root - INFO - Token Token-30 completed task 'Complete /Accurate?' at 2025-01-07 09:32:14.393964.
2025-03-06 13:42:54,045 - root - INFO - Token Token-30 waiting for resource 'Tech' at 2025-01-07 09:32:14.393964
2025-03-06 13:42:54,045 - root - INFO - Token Token-258 started task 'Monthly' at 2025-01-07 09:34:00, scheduled to end at 2025-01-07 09:34:00
2025-03-06 13:42:54,046 - root - INFO - Token Token-258 completed task 'Monthly' at 2025-01-07 09:34:00.
2025-03-06 13:42:54,046 - root - INFO - Token Token-258 waiting for resource 'Tech' at 2025-01-07 09:34:00
2025-03-06 13:42:54,046 - root - INFO - Token Token-259 started task 'Monthly' at 2025-01-07 09:36:00, scheduled to end at 2025-01-07 09:36:00
2025-03-06 13:42:54,046 - root - INFO - Token Token-259 completed task 'Monthly' at 2025-01-07 09:36:00.
2025-03-06 13:42:54,047 - root - INFO - Token Token-259 waiting for resource 'Tech' at 2025-01-07 09:36:00
2025-03-06 13:42:54,047 - root - INFO - Token Token-260 started task 'Monthly' at 2025-01-07 09:38:00, scheduled to end at 2025-01-07 09:38:00
2025-03-06 13:42:54,048 - root - INFO - Token Token-260 completed task 'Monthly' at 2025-01-07 09:38:00.
2025-03-06 13:42:54,048 - root - INFO - Token Token-260 waiting for resource 'Tech' at 2025-01-07 09:38:00
2025-03-06 13:42:54,048 - root - INFO - Token Token-31 completed task 'Review AM using Asset Change Tracker (5.5.13.1)' at 2025-01-07 09:39:33.462490.
2025-03-06 13:42:54,048 - root - INFO - Token Token-32 released from wait queue for 'Tech'
2025-03-06 13:42:54,049 - root - INFO - Token Token-32 waited 1537.56 minutes for resource
2025-03-06 13:42:54,049 - root - INFO - Token Token-32 started task 'Review AM using Asset Change Tracker (5.5.13.1)' at 2025-01-07 09:39:33.462490, scheduled to end at 2025-01-07 09:48:21.161628
2025-03-06 13:42:54,049 - root - INFO - Token Token-31 started task 'Complete /Accurate?' at 2025-01-07 09:39:33.462490, scheduled to end at 2025-01-07 09:39:33.462490
2025-03-06 13:42:54,050 - root - INFO - Token Token-31 completed task 'Complete /Accurate?' at 2025-01-07 09:39:33.462490.
2025-03-06 13:42:54,050 - root - INFO - Token Token-31 waiting for resource 'Tech' at 2025-01-07 09:39:33.462490
2025-03-06 13:42:54,050 - root - INFO - Token Token-261 started task 'Monthly' at 2025-01-07 09:40:00, scheduled to end at 2025-01-07 09:40:00
2025-03-06 13:42:54,050 - root - INFO - Token Token-261 completed task 'Monthly' at 2025-01-07 09:40:00.
2025-03-06 13:42:54,051 - root - INFO - Token Token-261 waiting for resource 'Tech' at 2025-01-07 09:40:00
2025-03-06 13:42:54,052 - root - INFO - Token Token-262 started task 'Monthly' at 2025-01-07 09:42:00, scheduled to end at 2025-01-07 09:42:00
2025-03-06 13:42:54,053 - root - INFO - Token Token-262 completed task 'Monthly' at 2025-01-07 09:42:00.
2025-03-06 13:42:54,054 - root - INFO - Token Token-262 waiting for resource 'Tech' at 2025-01-07 09:42:00
2025-03-06 13:42:54,054 - root - INFO - Token Token-263 started task 'Monthly' at 2025-01-07 09:44:00, scheduled to end at 2025-01-07 09:44:00
2025-03-06 13:42:54,055 - root - INFO - Token Token-263 completed task 'Monthly' at 2025-01-07 09:44:00.
2025-03-06 13:42:54,055 - root - INFO - Token Token-263 waiting for resource 'Tech' at 2025-01-07 09:44:00
2025-03-06 13:42:54,056 - root - INFO - Token Token-264 started task 'Monthly' at 2025-01-07 09:46:00, scheduled to end at 2025-01-07 09:46:00
2025-03-06 13:42:54,056 - root - INFO - Token Token-264 completed task 'Monthly' at 2025-01-07 09:46:00.
2025-03-06 13:42:54,057 - root - INFO - Token Token-264 waiting for resource 'Tech' at 2025-01-07 09:46:00
2025-03-06 13:42:54,057 - root - INFO - Token Token-265 started task 'Monthly' at 2025-01-07 09:48:00, scheduled to end at 2025-01-07 09:48:00
2025-03-06 13:42:54,058 - root - INFO - Token Token-265 completed task 'Monthly' at 2025-01-07 09:48:00.
2025-03-06 13:42:54,058 - root - INFO - Token Token-265 waiting for resource 'Tech' at 2025-01-07 09:48:00
2025-03-06 13:42:54,059 - root - INFO - Token Token-32 completed task 'Review AM using Asset Change Tracker (5.5.13.1)' at 2025-01-07 09:48:21.161628.
2025-03-06 13:42:54,059 - root - INFO - Token Token-33 released from wait queue for 'Tech'
2025-03-06 13:42:54,060 - root - INFO - Token Token-33 waited 1544.35 minutes for resource
2025-03-06 13:42:54,060 - root - INFO - Token Token-33 started task 'Review AM using Asset Change Tracker (5.5.13.1)' at 2025-01-07 09:48:21.161628, scheduled to end at 2025-01-07 09:54:54.134001
2025-03-06 13:42:54,060 - root - INFO - Token Token-32 started task 'Complete /Accurate?' at 2025-01-07 09:48:21.161628, scheduled to end at 2025-01-07 09:48:21.161628
2025-03-06 13:42:54,061 - root - INFO - Token Token-32 completed task 'Complete /Accurate?' at 2025-01-07 09:48:21.161628.
2025-03-06 13:42:54,062 - root - INFO - Token Token-32 waiting for resource 'Tech' at 2025-01-07 09:48:21.161628
2025-03-06 13:42:54,062 - root - INFO - Token Token-266 started task 'Monthly' at 2025-01-07 09:50:00, scheduled to end at 2025-01-07 09:50:00
2025-03-06 13:42:54,063 - root - INFO - Token Token-266 completed task 'Monthly' at 2025-01-07 09:50:00.
2025-03-06 13:42:54,064 - root - INFO - Token Token-266 waiting for resource 'Tech' at 2025-01-07 09:50:00
2025-03-06 13:42:54,064 - root - INFO - Token Token-267 started task 'Monthly' at 2025-01-07 09:52:00, scheduled to end at 2025-01-07 09:52:00
2025-03-06 13:42:54,065 - root - INFO - Token Token-267 completed task 'Monthly' at 2025-01-07 09:52:00.
2025-03-06 13:42:54,066 - root - INFO - Token Token-267 waiting for resource 'Tech' at 2025-01-07 09:52:00
2025-03-06 13:42:54,066 - root - INFO - Token Token-268 started task 'Monthly' at 2025-01-07 09:54:00, scheduled to end at 2025-01-07 09:54:00
2025-03-06 13:42:54,067 - root - INFO - Token Token-268 completed task 'Monthly' at 2025-01-07 09:54:00.
2025-03-06 13:42:54,067 - root - INFO - Token Token-268 waiting for resource 'Tech' at 2025-01-07 09:54:00
2025-03-06 13:42:54,068 - root - INFO - Token Token-33 completed task 'Review AM using Asset Change Tracker (5.5.13.1)' at 2025-01-07 09:54:54.134001.
2025-03-06 13:42:54,068 - root - INFO - Token Token-7 released from wait queue for 'Tech'
2025-03-06 13:42:54,068 - root - INFO - Token Token-7 waited 1550.41 minutes for resource
2025-03-06 13:42:54,069 - root - INFO - Token Token-7 started task 'Note Accuracy in Asset Change Tracker (5.5.13.2)' at 2025-01-07 09:54:54.134001, scheduled to end at 2025-01-07 10:01:30.597232
2025-03-06 13:42:54,070 - root - INFO - Token Token-33 started task 'Complete /Accurate?' at 2025-01-07 09:54:54.134001, scheduled to end at 2025-01-07 09:54:54.134001
2025-03-06 13:42:54,070 - root - INFO - Token Token-33 completed task 'Complete /Accurate?' at 2025-01-07 09:54:54.134001.
2025-03-06 13:42:54,071 - root - INFO - Token Token-33 waiting for resource 'Tech' at 2025-01-07 09:54:54.134001
2025-03-06 13:42:54,071 - root - INFO - Token Token-269 started task 'Monthly' at 2025-01-07 09:56:00, scheduled to end at 2025-01-07 09:56:00
2025-03-06 13:42:54,072 - root - INFO - Token Token-269 completed task 'Monthly' at 2025-01-07 09:56:00.
2025-03-06 13:42:54,072 - root - INFO - Token Token-269 waiting for resource 'Tech' at 2025-01-07 09:56:00
2025-03-06 13:42:54,073 - root - INFO - Token Token-270 started task 'Monthly' at 2025-01-07 09:58:00, scheduled to end at 2025-01-07 09:58:00
2025-03-06 13:42:54,073 - root - INFO - Token Token-270 completed task 'Monthly' at 2025-01-07 09:58:00.
2025-03-06 13:42:54,074 - root - INFO - Token Token-270 waiting for resource 'Tech' at 2025-01-07 09:58:00
2025-03-06 13:42:54,075 - root - INFO - Token Token-271 started task 'Monthly' at 2025-01-07 10:00:00, scheduled to end at 2025-01-07 10:00:00
2025-03-06 13:42:54,075 - root - INFO - Token Token-271 completed task 'Monthly' at 2025-01-07 10:00:00.
2025-03-06 13:42:54,075 - root - INFO - Token Token-271 waiting for resource 'Tech' at 2025-01-07 10:00:00
2025-03-06 13:42:54,075 - root - INFO - Token Token-7 completed task 'Note Accuracy in Asset Change Tracker (5.5.13.2)' at 2025-01-07 10:01:30.597232.
2025-03-06 13:42:54,075 - root - INFO - Token Token-34 released from wait queue for 'Tech'
2025-03-06 13:42:54,075 - root - INFO - Token Token-34 waited 1555.51 minutes for resource
2025-03-06 13:42:54,075 - root - INFO - Token Token-34 started task 'Review AM using Asset Change Tracker (5.5.13.1)' at 2025-01-07 10:01:30.597232, scheduled to end at 2025-01-07 10:09:00.302184
2025-03-06 13:42:54,077 - root - INFO - Token Token-7 started task 'Unknown' at 2025-01-07 10:01:30.597232, scheduled to end at 2025-01-07 10:01:30.597232
2025-03-06 13:42:54,077 - root - INFO - Token Token-7 completed task 'Unknown' at 2025-01-07 10:01:30.597232.
2025-03-06 13:42:54,077 - root - INFO - Token Token-7 has completed the entire process at 2025-01-07 10:01:30.597232.
2025-03-06 13:42:54,078 - root - INFO - Token Token-272 started task 'Monthly' at 2025-01-07 10:02:00, scheduled to end at 2025-01-07 10:02:00
2025-03-06 13:42:54,078 - root - INFO - Token Token-272 completed task 'Monthly' at 2025-01-07 10:02:00.
2025-03-06 13:42:54,078 - root - INFO - Token Token-272 waiting for resource 'Tech' at 2025-01-07 10:02:00
2025-03-06 13:42:54,079 - root - INFO - Token Token-273 started task 'Monthly' at 2025-01-07 10:04:00, scheduled to end at 2025-01-07 10:04:00
2025-03-06 13:42:54,090 - root - INFO - Token Token-273 completed task 'Monthly' at 2025-01-07 10:04:00.
2025-03-06 13:42:54,090 - root - INFO - Token Token-273 waiting for resource 'Tech' at 2025-01-07 10:04:00
2025-03-06 13:42:54,091 - root - INFO - Token Token-274 started task 'Monthly' at 2025-01-07 10:06:00, scheduled to end at 2025-01-07 10:06:00
2025-03-06 13:42:54,091 - root - INFO - Token Token-274 completed task 'Monthly' at 2025-01-07 10:06:00.
2025-03-06 13:42:54,091 - root - INFO - Token Token-274 waiting for resource 'Tech' at 2025-01-07 10:06:00
2025-03-06 13:42:54,092 - root - INFO - Token Token-275 started task 'Monthly' at 2025-01-07 10:08:00, scheduled to end at 2025-01-07 10:08:00
2025-03-06 13:42:54,092 - root - INFO - Token Token-275 completed task 'Monthly' at 2025-01-07 10:08:00.
2025-03-06 13:42:54,092 - root - INFO - Token Token-275 waiting for resource 'Tech' at 2025-01-07 10:08:00
2025-03-06 13:42:54,092 - root - INFO - Token Token-34 completed task 'Review AM using Asset Change Tracker (5.5.13.1)' at 2025-01-07 10:09:00.302184.
2025-03-06 13:42:54,093 - root - INFO - Token Token-35 released from wait queue for 'Tech'
2025-03-06 13:42:54,093 - root - INFO - Token Token-35 waited 1561.01 minutes for resource
2025-03-06 13:42:54,093 - root - INFO - Token Token-35 started task 'Review AM using Asset Change Tracker (5.5.13.1)' at 2025-01-07 10:09:00.302184, scheduled to end at 2025-01-07 10:16:35.896677
2025-03-06 13:42:54,093 - root - INFO - Token Token-34 started task 'Complete /Accurate?' at 2025-01-07 10:09:00.302184, scheduled to end at 2025-01-07 10:09:00.302184
2025-03-06 13:42:54,094 - root - INFO - Token Token-34 completed task 'Complete /Accurate?' at 2025-01-07 10:09:00.302184.
2025-03-06 13:42:54,094 - root - INFO - Token Token-34 waiting for resource 'Tech' at 2025-01-07 10:09:00.302184
2025-03-06 13:42:54,094 - root - INFO - Token Token-276 started task 'Monthly' at 2025-01-07 10:10:00, scheduled to end at 2025-01-07 10:10:00
2025-03-06 13:42:54,095 - root - INFO - Token Token-276 completed task 'Monthly' at 2025-01-07 10:10:00.
2025-03-06 13:42:54,095 - root - INFO - Token Token-276 waiting for resource 'Tech' at 2025-01-07 10:10:00
2025-03-06 13:42:54,095 - root - INFO - Token Token-277 started task 'Monthly' at 2025-01-07 10:12:00, scheduled to end at 2025-01-07 10:12:00
2025-03-06 13:42:54,095 - root - INFO - Token Token-277 completed task 'Monthly' at 2025-01-07 10:12:00.
2025-03-06 13:42:54,096 - root - INFO - Token Token-277 waiting for resource 'Tech' at 2025-01-07 10:12:00
2025-03-06 13:42:54,096 - root - INFO - Token Token-278 started task 'Monthly' at 2025-01-07 10:14:00, scheduled to end at 2025-01-07 10:14:00
2025-03-06 13:42:54,096 - root - INFO - Token Token-278 completed task 'Monthly' at 2025-01-07 10:14:00.
2025-03-06 13:42:54,097 - root - INFO - Token Token-278 waiting for resource 'Tech' at 2025-01-07 10:14:00
2025-03-06 13:42:54,098 - root - INFO - Token Token-279 started task 'Monthly' at 2025-01-07 10:16:00, scheduled to end at 2025-01-07 10:16:00
2025-03-06 13:42:54,098 - root - INFO - Token Token-279 completed task 'Monthly' at 2025-01-07 10:16:00.
2025-03-06 13:42:54,098 - root - INFO - Token Token-279 waiting for resource 'Tech' at 2025-01-07 10:16:00
2025-03-06 13:42:54,100 - root - INFO - Token Token-35 completed task 'Review AM using Asset Change Tracker (5.5.13.1)' at 2025-01-07 10:16:35.896677.
2025-03-06 13:42:54,100 - root - INFO - Token Token-36 released from wait queue for 'Tech'
2025-03-06 13:42:54,101 - root - INFO - Token Token-36 waited 1566.60 minutes for resource
2025-03-06 13:42:54,101 - root - INFO - Token Token-36 started task 'Review AM using Asset Change Tracker (5.5.13.1)' at 2025-01-07 10:16:35.896677, scheduled to end at 2025-01-07 10:25:51.576814
2025-03-06 13:42:54,102 - root - INFO - Token Token-35 started task 'Complete /Accurate?' at 2025-01-07 10:16:35.896677, scheduled to end at 2025-01-07 10:16:35.896677
2025-03-06 13:42:54,102 - root - INFO - Token Token-35 completed task 'Complete /Accurate?' at 2025-01-07 10:16:35.896677.
2025-03-06 13:42:54,103 - root - INFO - Token Token-35 waiting for resource 'Tech' at 2025-01-07 10:16:35.896677
2025-03-06 13:42:54,104 - root - INFO - Token Token-280 started task 'Monthly' at 2025-01-07 10:18:00, scheduled to end at 2025-01-07 10:18:00
2025-03-06 13:42:54,104 - root - INFO - Token Token-280 completed task 'Monthly' at 2025-01-07 10:18:00.
2025-03-06 13:42:54,105 - root - INFO - Token Token-280 waiting for resource 'Tech' at 2025-01-07 10:18:00
2025-03-06 13:42:54,106 - root - INFO - Token Token-281 started task 'Monthly' at 2025-01-07 10:20:00, scheduled to end at 2025-01-07 10:20:00
2025-03-06 13:42:54,106 - root - INFO - Token Token-281 completed task 'Monthly' at 2025-01-07 10:20:00.
2025-03-06 13:42:54,106 - root - INFO - Token Token-281 waiting for resource 'Tech' at 2025-01-07 10:20:00
2025-03-06 13:42:54,107 - root - INFO - Token Token-282 started task 'Monthly' at 2025-01-07 10:22:00, scheduled to end at 2025-01-07 10:22:00
2025-03-06 13:42:54,107 - root - INFO - Token Token-282 completed task 'Monthly' at 2025-01-07 10:22:00.
2025-03-06 13:42:54,108 - root - INFO - Token Token-282 waiting for resource 'Tech' at 2025-01-07 10:22:00
2025-03-06 13:42:54,108 - root - INFO - Token Token-283 started task 'Monthly' at 2025-01-07 10:24:00, scheduled to end at 2025-01-07 10:24:00
2025-03-06 13:42:54,109 - root - INFO - Token Token-283 completed task 'Monthly' at 2025-01-07 10:24:00.
2025-03-06 13:42:54,109 - root - INFO - Token Token-283 waiting for resource 'Tech' at 2025-01-07 10:24:00
2025-03-06 13:42:54,110 - root - INFO - Token Token-36 completed task 'Review AM using Asset Change Tracker (5.5.13.1)' at 2025-01-07 10:25:51.576814.
2025-03-06 13:42:54,110 - root - INFO - Token Token-37 released from wait queue for 'Tech'
2025-03-06 13:42:54,111 - root - INFO - Token Token-37 waited 1573.86 minutes for resource
2025-03-06 13:42:54,111 - root - INFO - Token Token-37 started task 'Review AM using Asset Change Tracker (5.5.13.1)' at 2025-01-07 10:25:51.576814, scheduled to end at 2025-01-07 10:35:00.566503
2025-03-06 13:42:54,112 - root - INFO - Token Token-36 started task 'Complete /Accurate?' at 2025-01-07 10:25:51.576814, scheduled to end at 2025-01-07 10:25:51.576814
2025-03-06 13:42:54,113 - root - INFO - Token Token-36 completed task 'Complete /Accurate?' at 2025-01-07 10:25:51.576814.
2025-03-06 13:42:54,113 - root - INFO - Token Token-36 waiting for resource 'Tech' at 2025-01-07 10:25:51.576814
2025-03-06 13:42:54,114 - root - INFO - Token Token-284 started task 'Monthly' at 2025-01-07 10:26:00, scheduled to end at 2025-01-07 10:26:00
2025-03-06 13:42:54,115 - root - INFO - Token Token-284 completed task 'Monthly' at 2025-01-07 10:26:00.
2025-03-06 13:42:54,117 - root - INFO - Token Token-284 waiting for resource 'Tech' at 2025-01-07 10:26:00
2025-03-06 13:42:54,118 - root - INFO - Token Token-285 started task 'Monthly' at 2025-01-07 10:28:00, scheduled to end at 2025-01-07 10:28:00
2025-03-06 13:42:54,118 - root - INFO - Token Token-285 completed task 'Monthly' at 2025-01-07 10:28:00.
2025-03-06 13:42:54,118 - root - INFO - Token Token-285 waiting for resource 'Tech' at 2025-01-07 10:28:00
2025-03-06 13:42:54,118 - root - INFO - Token Token-286 started task 'Monthly' at 2025-01-07 10:30:00, scheduled to end at 2025-01-07 10:30:00
2025-03-06 13:42:54,119 - root - INFO - Token Token-286 completed task 'Monthly' at 2025-01-07 10:30:00.
2025-03-06 13:42:54,119 - root - INFO - Token Token-286 waiting for resource 'Tech' at 2025-01-07 10:30:00
2025-03-06 13:42:54,120 - root - INFO - Token Token-287 started task 'Monthly' at 2025-01-07 10:32:00, scheduled to end at 2025-01-07 10:32:00
2025-03-06 13:42:54,121 - root - INFO - Token Token-287 completed task 'Monthly' at 2025-01-07 10:32:00.
2025-03-06 13:42:54,121 - root - INFO - Token Token-287 waiting for resource 'Tech' at 2025-01-07 10:32:00
2025-03-06 13:42:54,121 - root - INFO - Token Token-288 started task 'Monthly' at 2025-01-07 10:34:00, scheduled to end at 2025-01-07 10:34:00
2025-03-06 13:42:54,121 - root - INFO - Token Token-288 completed task 'Monthly' at 2025-01-07 10:34:00.
2025-03-06 13:42:54,121 - root - INFO - Token Token-288 waiting for resource 'Tech' at 2025-01-07 10:34:00
2025-03-06 13:42:54,121 - root - INFO - Token Token-37 completed task 'Review AM using Asset Change Tracker (5.5.13.1)' at 2025-01-07 10:35:00.566503.
2025-03-06 13:42:54,121 - root - INFO - Token Token-8 released from wait queue for 'Tech'
2025-03-06 13:42:54,123 - root - INFO - Token Token-8 waited 1581.61 minutes for resource
2025-03-06 13:42:54,123 - root - INFO - Token Token-8 started task 'Work with REO RPO to Correct (5.5.13.3)' at 2025-01-07 10:35:00.566503, scheduled to end at 2025-01-07 12:09:03.863729
2025-03-06 13:42:54,123 - root - INFO - Token Token-37 started task 'Complete /Accurate?' at 2025-01-07 10:35:00.566503, scheduled to end at 2025-01-07 10:35:00.566503
2025-03-06 13:42:54,124 - root - INFO - Token Token-37 completed task 'Complete /Accurate?' at 2025-01-07 10:35:00.566503.
2025-03-06 13:42:54,124 - root - INFO - Token Token-37 waiting for resource 'Tech' at 2025-01-07 10:35:00.566503
2025-03-06 13:42:54,124 - root - INFO - Token Token-289 started task 'Monthly' at 2025-01-07 10:36:00, scheduled to end at 2025-01-07 10:36:00
2025-03-06 13:42:54,124 - root - INFO - Token Token-289 completed task 'Monthly' at 2025-01-07 10:36:00.
2025-03-06 13:42:54,125 - root - INFO - Token Token-289 waiting for resource 'Tech' at 2025-01-07 10:36:00
2025-03-06 13:42:54,125 - root - INFO - Token Token-290 started task 'Monthly' at 2025-01-07 10:38:00, scheduled to end at 2025-01-07 10:38:00
2025-03-06 13:42:54,125 - root - INFO - Token Token-290 completed task 'Monthly' at 2025-01-07 10:38:00.
2025-03-06 13:42:54,125 - root - INFO - Token Token-290 waiting for resource 'Tech' at 2025-01-07 10:38:00
2025-03-06 13:42:54,126 - root - INFO - Token Token-291 started task 'Monthly' at 2025-01-07 10:40:00, scheduled to end at 2025-01-07 10:40:00
2025-03-06 13:42:54,126 - root - INFO - Token Token-291 completed task 'Monthly' at 2025-01-07 10:40:00.
2025-03-06 13:42:54,126 - root - INFO - Token Token-291 waiting for resource 'Tech' at 2025-01-07 10:40:00
2025-03-06 13:42:54,127 - root - INFO - Token Token-292 started task 'Monthly' at 2025-01-07 10:42:00, scheduled to end at 2025-01-07 10:42:00
2025-03-06 13:42:54,127 - root - INFO - Token Token-292 completed task 'Monthly' at 2025-01-07 10:42:00.
2025-03-06 13:42:54,128 - root - INFO - Token Token-292 waiting for resource 'Tech' at 2025-01-07 10:42:00
2025-03-06 13:42:54,129 - root - INFO - Token Token-293 started task 'Monthly' at 2025-01-07 10:44:00, scheduled to end at 2025-01-07 10:44:00
2025-03-06 13:42:54,129 - root - INFO - Token Token-293 completed task 'Monthly' at 2025-01-07 10:44:00.
2025-03-06 13:42:54,140 - root - INFO - Token Token-293 waiting for resource 'Tech' at 2025-01-07 10:44:00
2025-03-06 13:42:54,140 - root - INFO - Token Token-294 started task 'Monthly' at 2025-01-07 10:46:00, scheduled to end at 2025-01-07 10:46:00
2025-03-06 13:42:54,140 - root - INFO - Token Token-294 completed task 'Monthly' at 2025-01-07 10:46:00.
2025-03-06 13:42:54,141 - root - INFO - Token Token-294 waiting for resource 'Tech' at 2025-01-07 10:46:00
2025-03-06 13:42:54,141 - root - INFO - Token Token-295 started task 'Monthly' at 2025-01-07 10:48:00, scheduled to end at 2025-01-07 10:48:00
2025-03-06 13:42:54,141 - root - INFO - Token Token-295 completed task 'Monthly' at 2025-01-07 10:48:00.
2025-03-06 13:42:54,141 - root - INFO - Token Token-295 waiting for resource 'Tech' at 2025-01-07 10:48:00
2025-03-06 13:42:54,142 - root - INFO - Token Token-296 started task 'Monthly' at 2025-01-07 10:50:00, scheduled to end at 2025-01-07 10:50:00
2025-03-06 13:42:54,142 - root - INFO - Token Token-296 completed task 'Monthly' at 2025-01-07 10:50:00.
2025-03-06 13:42:54,142 - root - INFO - Token Token-296 waiting for resource 'Tech' at 2025-01-07 10:50:00
2025-03-06 13:42:54,143 - root - INFO - Token Token-297 started task 'Monthly' at 2025-01-07 10:52:00, scheduled to end at 2025-01-07 10:52:00
2025-03-06 13:42:54,143 - root - INFO - Token Token-297 completed task 'Monthly' at 2025-01-07 10:52:00.
2025-03-06 13:42:54,143 - root - INFO - Token Token-297 waiting for resource 'Tech' at 2025-01-07 10:52:00
2025-03-06 13:42:54,143 - root - INFO - Token Token-298 started task 'Monthly' at 2025-01-07 10:54:00, scheduled to end at 2025-01-07 10:54:00
2025-03-06 13:42:54,144 - root - INFO - Token Token-298 completed task 'Monthly' at 2025-01-07 10:54:00.
2025-03-06 13:42:54,144 - root - INFO - Token Token-298 waiting for resource 'Tech' at 2025-01-07 10:54:00
2025-03-06 13:42:54,144 - root - INFO - Token Token-299 started task 'Monthly' at 2025-01-07 10:56:00, scheduled to end at 2025-01-07 10:56:00
2025-03-06 13:42:54,145 - root - INFO - Token Token-299 completed task 'Monthly' at 2025-01-07 10:56:00.
2025-03-06 13:42:54,145 - root - INFO - Token Token-299 waiting for resource 'Tech' at 2025-01-07 10:56:00
2025-03-06 13:42:54,145 - root - INFO - Token Token-300 started task 'Monthly' at 2025-01-07 10:58:00, scheduled to end at 2025-01-07 10:58:00
2025-03-06 13:42:54,146 - root - INFO - Token Token-300 completed task 'Monthly' at 2025-01-07 10:58:00.
2025-03-06 13:42:54,146 - root - INFO - Token Token-300 waiting for resource 'Tech' at 2025-01-07 10:58:00
2025-03-06 13:42:54,146 - root - INFO - Token Token-301 started task 'Monthly' at 2025-01-07 11:00:00, scheduled to end at 2025-01-07 11:00:00
2025-03-06 13:42:54,147 - root - INFO - Token Token-301 completed task 'Monthly' at 2025-01-07 11:00:00.
2025-03-06 13:42:54,147 - root - INFO - Token Token-301 waiting for resource 'Tech' at 2025-01-07 11:00:00
2025-03-06 13:42:54,149 - root - INFO - Token Token-302 started task 'Monthly' at 2025-01-07 11:02:00, scheduled to end at 2025-01-07 11:02:00
2025-03-06 13:42:54,150 - root - INFO - Token Token-302 completed task 'Monthly' at 2025-01-07 11:02:00.
2025-03-06 13:42:54,150 - root - INFO - Token Token-302 waiting for resource 'Tech' at 2025-01-07 11:02:00
2025-03-06 13:42:54,151 - root - INFO - Token Token-303 started task 'Monthly' at 2025-01-07 11:04:00, scheduled to end at 2025-01-07 11:04:00
2025-03-06 13:42:54,151 - root - INFO - Token Token-303 completed task 'Monthly' at 2025-01-07 11:04:00.
2025-03-06 13:42:54,151 - root - INFO - Token Token-303 waiting for resource 'Tech' at 2025-01-07 11:04:00
2025-03-06 13:42:54,152 - root - INFO - Token Token-304 started task 'Monthly' at 2025-01-07 11:06:00, scheduled to end at 2025-01-07 11:06:00
2025-03-06 13:42:54,152 - root - INFO - Token Token-304 completed task 'Monthly' at 2025-01-07 11:06:00.
2025-03-06 13:42:54,153 - root - INFO - Token Token-304 waiting for resource 'Tech' at 2025-01-07 11:06:00
2025-03-06 13:42:54,154 - root - INFO - Token Token-305 started task 'Monthly' at 2025-01-07 11:08:00, scheduled to end at 2025-01-07 11:08:00
2025-03-06 13:42:54,154 - root - INFO - Token Token-305 completed task 'Monthly' at 2025-01-07 11:08:00.
2025-03-06 13:42:54,155 - root - INFO - Token Token-305 waiting for resource 'Tech' at 2025-01-07 11:08:00
2025-03-06 13:42:54,155 - root - INFO - Token Token-306 started task 'Monthly' at 2025-01-07 11:10:00, scheduled to end at 2025-01-07 11:10:00
2025-03-06 13:42:54,156 - root - INFO - Token Token-306 completed task 'Monthly' at 2025-01-07 11:10:00.
2025-03-06 13:42:54,156 - root - INFO - Token Token-306 waiting for resource 'Tech' at 2025-01-07 11:10:00
2025-03-06 13:42:54,157 - root - INFO - Token Token-307 started task 'Monthly' at 2025-01-07 11:12:00, scheduled to end at 2025-01-07 11:12:00
2025-03-06 13:42:54,157 - root - INFO - Token Token-307 completed task 'Monthly' at 2025-01-07 11:12:00.
2025-03-06 13:42:54,158 - root - INFO - Token Token-307 waiting for resource 'Tech' at 2025-01-07 11:12:00
2025-03-06 13:42:54,158 - root - INFO - Token Token-308 started task 'Monthly' at 2025-01-07 11:14:00, scheduled to end at 2025-01-07 11:14:00
2025-03-06 13:42:54,158 - root - INFO - Token Token-308 completed task 'Monthly' at 2025-01-07 11:14:00.
2025-03-06 13:42:54,159 - root - INFO - Token Token-308 waiting for resource 'Tech' at 2025-01-07 11:14:00
2025-03-06 13:42:54,159 - root - INFO - Token Token-309 started task 'Monthly' at 2025-01-07 11:16:00, scheduled to end at 2025-01-07 11:16:00
2025-03-06 13:42:54,160 - root - INFO - Token Token-309 completed task 'Monthly' at 2025-01-07 11:16:00.
2025-03-06 13:42:54,160 - root - INFO - Token Token-309 waiting for resource 'Tech' at 2025-01-07 11:16:00
2025-03-06 13:42:54,160 - root - INFO - Token Token-310 started task 'Monthly' at 2025-01-07 11:18:00, scheduled to end at 2025-01-07 11:18:00
2025-03-06 13:42:54,161 - root - INFO - Token Token-310 completed task 'Monthly' at 2025-01-07 11:18:00.
2025-03-06 13:42:54,161 - root - INFO - Token Token-310 waiting for resource 'Tech' at 2025-01-07 11:18:00
2025-03-06 13:42:54,163 - root - INFO - Token Token-311 started task 'Monthly' at 2025-01-07 11:20:00, scheduled to end at 2025-01-07 11:20:00
2025-03-06 13:42:54,163 - root - INFO - Token Token-311 completed task 'Monthly' at 2025-01-07 11:20:00.
2025-03-06 13:42:54,163 - root - INFO - Token Token-311 waiting for resource 'Tech' at 2025-01-07 11:20:00
2025-03-06 13:42:54,164 - root - INFO - Token Token-312 started task 'Monthly' at 2025-01-07 11:22:00, scheduled to end at 2025-01-07 11:22:00
2025-03-06 13:42:54,164 - root - INFO - Token Token-312 completed task 'Monthly' at 2025-01-07 11:22:00.
2025-03-06 13:42:54,165 - root - INFO - Token Token-312 waiting for resource 'Tech' at 2025-01-07 11:22:00
2025-03-06 13:42:54,166 - root - INFO - Token Token-313 started task 'Monthly' at 2025-01-07 11:24:00, scheduled to end at 2025-01-07 11:24:00
2025-03-06 13:42:54,167 - root - INFO - Token Token-313 completed task 'Monthly' at 2025-01-07 11:24:00.
2025-03-06 13:42:54,167 - root - INFO - Token Token-313 waiting for resource 'Tech' at 2025-01-07 11:24:00
2025-03-06 13:42:54,168 - root - INFO - Token Token-314 started task 'Monthly' at 2025-01-07 11:26:00, scheduled to end at 2025-01-07 11:26:00
2025-03-06 13:42:54,168 - root - INFO - Token Token-314 completed task 'Monthly' at 2025-01-07 11:26:00.
2025-03-06 13:42:54,168 - root - INFO - Token Token-314 waiting for resource 'Tech' at 2025-01-07 11:26:00
2025-03-06 13:42:54,169 - root - INFO - Token Token-315 started task 'Monthly' at 2025-01-07 11:28:00, scheduled to end at 2025-01-07 11:28:00
2025-03-06 13:42:54,170 - root - INFO - Token Token-315 completed task 'Monthly' at 2025-01-07 11:28:00.
2025-03-06 13:42:54,170 - root - INFO - Token Token-315 waiting for resource 'Tech' at 2025-01-07 11:28:00
2025-03-06 13:42:54,170 - root - INFO - Token Token-316 started task 'Monthly' at 2025-01-07 11:30:00, scheduled to end at 2025-01-07 11:30:00
2025-03-06 13:42:54,170 - root - INFO - Token Token-316 completed task 'Monthly' at 2025-01-07 11:30:00.
2025-03-06 13:42:54,170 - root - INFO - Token Token-316 waiting for resource 'Tech' at 2025-01-07 11:30:00
2025-03-06 13:42:54,170 - root - INFO - Token Token-317 started task 'Monthly' at 2025-01-07 11:32:00, scheduled to end at 2025-01-07 11:32:00
2025-03-06 13:42:54,170 - root - INFO - Token Token-317 completed task 'Monthly' at 2025-01-07 11:32:00.
2025-03-06 13:42:54,172 - root - INFO - Token Token-317 waiting for resource 'Tech' at 2025-01-07 11:32:00
2025-03-06 13:42:54,173 - root - INFO - Token Token-318 started task 'Monthly' at 2025-01-07 11:34:00, scheduled to end at 2025-01-07 11:34:00
2025-03-06 13:42:54,173 - root - INFO - Token Token-318 completed task 'Monthly' at 2025-01-07 11:34:00.
2025-03-06 13:42:54,173 - root - INFO - Token Token-318 waiting for resource 'Tech' at 2025-01-07 11:34:00
2025-03-06 13:42:54,173 - root - INFO - Token Token-319 started task 'Monthly' at 2025-01-07 11:36:00, scheduled to end at 2025-01-07 11:36:00
2025-03-06 13:42:54,173 - root - INFO - Token Token-319 completed task 'Monthly' at 2025-01-07 11:36:00.
2025-03-06 13:42:54,173 - root - INFO - Token Token-319 waiting for resource 'Tech' at 2025-01-07 11:36:00
2025-03-06 13:42:54,174 - root - INFO - Token Token-320 started task 'Monthly' at 2025-01-07 11:38:00, scheduled to end at 2025-01-07 11:38:00
2025-03-06 13:42:54,174 - root - INFO - Token Token-320 completed task 'Monthly' at 2025-01-07 11:38:00.
2025-03-06 13:42:54,174 - root - INFO - Token Token-320 waiting for resource 'Tech' at 2025-01-07 11:38:00
2025-03-06 13:42:54,175 - root - INFO - Token Token-321 started task 'Monthly' at 2025-01-07 11:40:00, scheduled to end at 2025-01-07 11:40:00
2025-03-06 13:42:54,175 - root - INFO - Token Token-321 completed task 'Monthly' at 2025-01-07 11:40:00.
2025-03-06 13:42:54,175 - root - INFO - Token Token-321 waiting for resource 'Tech' at 2025-01-07 11:40:00
2025-03-06 13:42:54,176 - root - INFO - Token Token-322 started task 'Monthly' at 2025-01-07 11:42:00, scheduled to end at 2025-01-07 11:42:00
2025-03-06 13:42:54,176 - root - INFO - Token Token-322 completed task 'Monthly' at 2025-01-07 11:42:00.
2025-03-06 13:42:54,176 - root - INFO - Token Token-322 waiting for resource 'Tech' at 2025-01-07 11:42:00
2025-03-06 13:42:54,176 - root - INFO - Token Token-323 started task 'Monthly' at 2025-01-07 11:44:00, scheduled to end at 2025-01-07 11:44:00
2025-03-06 13:42:54,177 - root - INFO - Token Token-323 completed task 'Monthly' at 2025-01-07 11:44:00.
2025-03-06 13:42:54,177 - root - INFO - Token Token-323 waiting for resource 'Tech' at 2025-01-07 11:44:00
2025-03-06 13:42:54,189 - root - INFO - Token Token-324 started task 'Monthly' at 2025-01-07 11:46:00, scheduled to end at 2025-01-07 11:46:00
2025-03-06 13:42:54,189 - root - INFO - Token Token-324 completed task 'Monthly' at 2025-01-07 11:46:00.
2025-03-06 13:42:54,190 - root - INFO - Token Token-324 waiting for resource 'Tech' at 2025-01-07 11:46:00
2025-03-06 13:42:54,190 - root - INFO - Token Token-325 started task 'Monthly' at 2025-01-07 11:48:00, scheduled to end at 2025-01-07 11:48:00
2025-03-06 13:42:54,190 - root - INFO - Token Token-325 completed task 'Monthly' at 2025-01-07 11:48:00.
2025-03-06 13:42:54,190 - root - INFO - Token Token-325 waiting for resource 'Tech' at 2025-01-07 11:48:00
2025-03-06 13:42:54,191 - root - INFO - Token Token-326 started task 'Monthly' at 2025-01-07 11:50:00, scheduled to end at 2025-01-07 11:50:00
2025-03-06 13:42:54,191 - root - INFO - Token Token-326 completed task 'Monthly' at 2025-01-07 11:50:00.
2025-03-06 13:42:54,191 - root - INFO - Token Token-326 waiting for resource 'Tech' at 2025-01-07 11:50:00
2025-03-06 13:42:54,192 - root - INFO - Token Token-327 started task 'Monthly' at 2025-01-07 11:52:00, scheduled to end at 2025-01-07 11:52:00
2025-03-06 13:42:54,192 - root - INFO - Token Token-327 completed task 'Monthly' at 2025-01-07 11:52:00.
2025-03-06 13:42:54,192 - root - INFO - Token Token-327 waiting for resource 'Tech' at 2025-01-07 11:52:00
2025-03-06 13:42:54,192 - root - INFO - Token Token-328 started task 'Monthly' at 2025-01-07 11:54:00, scheduled to end at 2025-01-07 11:54:00
2025-03-06 13:42:54,193 - root - INFO - Token Token-328 completed task 'Monthly' at 2025-01-07 11:54:00.
2025-03-06 13:42:54,193 - root - INFO - Token Token-328 waiting for resource 'Tech' at 2025-01-07 11:54:00
2025-03-06 13:42:54,193 - root - INFO - Token Token-329 started task 'Monthly' at 2025-01-07 11:56:00, scheduled to end at 2025-01-07 11:56:00
2025-03-06 13:42:54,193 - root - INFO - Token Token-329 completed task 'Monthly' at 2025-01-07 11:56:00.
2025-03-06 13:42:54,194 - root - INFO - Token Token-329 waiting for resource 'Tech' at 2025-01-07 11:56:00
2025-03-06 13:42:54,194 - root - INFO - Token Token-330 started task 'Monthly' at 2025-01-07 11:58:00, scheduled to end at 2025-01-07 11:58:00
2025-03-06 13:42:54,194 - root - INFO - Token Token-330 completed task 'Monthly' at 2025-01-07 11:58:00.
2025-03-06 13:42:54,194 - root - INFO - Token Token-330 waiting for resource 'Tech' at 2025-01-07 11:58:00
2025-03-06 13:42:54,195 - root - INFO - Token Token-331 started task 'Monthly' at 2025-01-07 12:00:00, scheduled to end at 2025-01-07 12:00:00
2025-03-06 13:42:54,195 - root - INFO - Token Token-331 completed task 'Monthly' at 2025-01-07 12:00:00.
2025-03-06 13:42:54,196 - root - INFO - Token Token-331 waiting for resource 'Tech' at 2025-01-07 12:00:00
2025-03-06 13:42:54,196 - root - INFO - Token Token-332 started task 'Monthly' at 2025-01-07 12:02:00, scheduled to end at 2025-01-07 12:02:00
2025-03-06 13:42:54,196 - root - INFO - Token Token-332 completed task 'Monthly' at 2025-01-07 12:02:00.
2025-03-06 13:42:54,197 - root - INFO - Token Token-332 waiting for resource 'Tech' at 2025-01-07 12:02:00
2025-03-06 13:42:54,197 - root - INFO - Token Token-333 started task 'Monthly' at 2025-01-07 12:04:00, scheduled to end at 2025-01-07 12:04:00
2025-03-06 13:42:54,199 - root - INFO - Token Token-333 completed task 'Monthly' at 2025-01-07 12:04:00.
2025-03-06 13:42:54,199 - root - INFO - Token Token-333 waiting for resource 'Tech' at 2025-01-07 12:04:00
2025-03-06 13:42:54,200 - root - INFO - Token Token-334 started task 'Monthly' at 2025-01-07 12:06:00, scheduled to end at 2025-01-07 12:06:00
2025-03-06 13:42:54,200 - root - INFO - Token Token-334 completed task 'Monthly' at 2025-01-07 12:06:00.
2025-03-06 13:42:54,201 - root - INFO - Token Token-334 waiting for resource 'Tech' at 2025-01-07 12:06:00
2025-03-06 13:42:54,201 - root - INFO - Token Token-335 started task 'Monthly' at 2025-01-07 12:08:00, scheduled to end at 2025-01-07 12:08:00
2025-03-06 13:42:54,202 - root - INFO - Token Token-335 completed task 'Monthly' at 2025-01-07 12:08:00.
2025-03-06 13:42:54,202 - root - INFO - Token Token-335 waiting for resource 'Tech' at 2025-01-07 12:08:00
2025-03-06 13:42:54,203 - root - INFO - Token Token-8 completed task 'Work with REO RPO to Correct (5.5.13.3)' at 2025-01-07 12:09:03.863729.
2025-03-06 13:42:54,203 - root - INFO - Token Token-38 released from wait queue for 'Tech'
2025-03-06 13:42:54,204 - root - INFO - Token Token-38 waited 1675.06 minutes for resource
2025-03-06 13:42:54,204 - root - INFO - Token Token-38 started task 'Review AM using Asset Change Tracker (5.5.13.1)' at 2025-01-07 12:09:03.863729, scheduled to end at 2025-01-07 12:17:56.489492
2025-03-06 13:42:54,205 - root - INFO - Token Token-8 started task 'Create Journal Entries?' at 2025-01-07 12:09:03.863729, scheduled to end at 2025-01-07 12:09:03.863729
2025-03-06 13:42:54,205 - root - INFO - Token Token-8 completed task 'Create Journal Entries?' at 2025-01-07 12:09:03.863729.
2025-03-06 13:42:54,205 - root - INFO - Token Token-8 started task 'Create/Post Journal Entries (5.5.13.4)' at 2025-01-07 12:09:03.863729, scheduled to end at 2025-01-07 12:18:59.617858
2025-03-06 13:42:54,206 - root - INFO - Token Token-8 waiting for resource 'Tech' at 2025-01-07 12:09:03.863729
2025-03-06 13:42:54,206 - root - INFO - Token Token-336 started task 'Monthly' at 2025-01-07 12:10:00, scheduled to end at 2025-01-07 12:10:00
2025-03-06 13:42:54,207 - root - INFO - Token Token-336 completed task 'Monthly' at 2025-01-07 12:10:00.
2025-03-06 13:42:54,207 - root - INFO - Token Token-336 waiting for resource 'Tech' at 2025-01-07 12:10:00
2025-03-06 13:42:54,208 - root - INFO - Token Token-337 started task 'Monthly' at 2025-01-07 12:12:00, scheduled to end at 2025-01-07 12:12:00
2025-03-06 13:42:54,208 - root - INFO - Token Token-337 completed task 'Monthly' at 2025-01-07 12:12:00.
2025-03-06 13:42:54,209 - root - INFO - Token Token-337 waiting for resource 'Tech' at 2025-01-07 12:12:00
2025-03-06 13:42:54,209 - root - INFO - Token Token-338 started task 'Monthly' at 2025-01-07 12:14:00, scheduled to end at 2025-01-07 12:14:00
2025-03-06 13:42:54,209 - root - INFO - Token Token-338 completed task 'Monthly' at 2025-01-07 12:14:00.
2025-03-06 13:42:54,210 - root - INFO - Token Token-338 waiting for resource 'Tech' at 2025-01-07 12:14:00
2025-03-06 13:42:54,210 - root - INFO - Token Token-339 started task 'Monthly' at 2025-01-07 12:16:00, scheduled to end at 2025-01-07 12:16:00
2025-03-06 13:42:54,211 - root - INFO - Token Token-339 completed task 'Monthly' at 2025-01-07 12:16:00.
2025-03-06 13:42:54,211 - root - INFO - Token Token-339 waiting for resource 'Tech' at 2025-01-07 12:16:00
2025-03-06 13:42:54,212 - root - INFO - Token Token-38 completed task 'Review AM using Asset Change Tracker (5.5.13.1)' at 2025-01-07 12:17:56.489492.
2025-03-06 13:42:54,212 - root - INFO - Token Token-39 released from wait queue for 'Tech'
2025-03-06 13:42:54,212 - root - INFO - Token Token-39 waited 1681.94 minutes for resource
2025-03-06 13:42:54,213 - root - INFO - Token Token-39 started task 'Review AM using Asset Change Tracker (5.5.13.1)' at 2025-01-07 12:17:56.489492, scheduled to end at 2025-01-07 12:25:58.300929
2025-03-06 13:42:54,213 - root - INFO - Token Token-38 started task 'Complete /Accurate?' at 2025-01-07 12:17:56.489492, scheduled to end at 2025-01-07 12:17:56.489492
2025-03-06 13:42:54,214 - root - INFO - Token Token-38 completed task 'Complete /Accurate?' at 2025-01-07 12:17:56.489492.
2025-03-06 13:42:54,214 - root - INFO - Token Token-38 waiting for resource 'Tech' at 2025-01-07 12:17:56.489492
2025-03-06 13:42:54,215 - root - INFO - Token Token-340 started task 'Monthly' at 2025-01-07 12:18:00, scheduled to end at 2025-01-07 12:18:00
2025-03-06 13:42:54,216 - root - INFO - Token Token-340 completed task 'Monthly' at 2025-01-07 12:18:00.
2025-03-06 13:42:54,217 - root - INFO - Token Token-340 waiting for resource 'Tech' at 2025-01-07 12:18:00
2025-03-06 13:42:54,217 - root - INFO - Token Token-8 completed task 'Create/Post Journal Entries (5.5.13.4)' at 2025-01-07 12:18:59.617858.
2025-03-06 13:42:54,217 - root - INFO - Token Token-8 waited 9.93 minutes for resource
2025-03-06 13:42:54,218 - root - INFO - Token Token-8 started task 'Unknown' at 2025-01-07 12:18:59.617858, scheduled to end at 2025-01-07 12:18:59.617858
2025-03-06 13:42:54,218 - root - INFO - Token Token-8 completed task 'Unknown' at 2025-01-07 12:18:59.617858.
2025-03-06 13:42:54,218 - root - INFO - Token Token-8 has completed the entire process at 2025-01-07 12:18:59.617858.
2025-03-06 13:42:54,218 - root - INFO - Token Token-341 started task 'Monthly' at 2025-01-07 12:20:00, scheduled to end at 2025-01-07 12:20:00
2025-03-06 13:42:54,231 - root - INFO - Token Token-341 completed task 'Monthly' at 2025-01-07 12:20:00.
2025-03-06 13:42:54,231 - root - INFO - Token Token-341 waiting for resource 'Tech' at 2025-01-07 12:20:00
2025-03-06 13:42:54,231 - root - INFO - Token Token-342 started task 'Monthly' at 2025-01-07 12:22:00, scheduled to end at 2025-01-07 12:22:00
2025-03-06 13:42:54,231 - root - INFO - Token Token-342 completed task 'Monthly' at 2025-01-07 12:22:00.
2025-03-06 13:42:54,231 - root - INFO - Token Token-342 waiting for resource 'Tech' at 2025-01-07 12:22:00
2025-03-06 13:42:54,231 - root - INFO - Token Token-343 started task 'Monthly' at 2025-01-07 12:24:00, scheduled to end at 2025-01-07 12:24:00
2025-03-06 13:42:54,231 - root - INFO - Token Token-343 completed task 'Monthly' at 2025-01-07 12:24:00.
2025-03-06 13:42:54,231 - root - INFO - Token Token-343 waiting for resource 'Tech' at 2025-01-07 12:24:00
2025-03-06 13:42:54,231 - root - INFO - Token Token-39 completed task 'Review AM using Asset Change Tracker (5.5.13.1)' at 2025-01-07 12:25:58.300929.
2025-03-06 13:42:54,231 - root - INFO - Token Token-40 released from wait queue for 'Tech'
2025-03-06 13:42:54,231 - root - INFO - Token Token-40 waited 1687.97 minutes for resource
2025-03-06 13:42:54,236 - root - INFO - Token Token-40 started task 'Review AM using Asset Change Tracker (5.5.13.1)' at 2025-01-07 12:25:58.300929, scheduled to end at 2025-01-07 12:32:47.494716
2025-03-06 13:42:54,236 - root - INFO - Token Token-39 started task 'Complete /Accurate?' at 2025-01-07 12:25:58.300929, scheduled to end at 2025-01-07 12:25:58.300929
2025-03-06 13:42:54,236 - root - INFO - Token Token-39 completed task 'Complete /Accurate?' at 2025-01-07 12:25:58.300929.
2025-03-06 13:42:54,237 - root - INFO - Token Token-39 waiting for resource 'Tech' at 2025-01-07 12:25:58.300929
2025-03-06 13:42:54,237 - root - INFO - Token Token-344 started task 'Monthly' at 2025-01-07 12:26:00, scheduled to end at 2025-01-07 12:26:00
2025-03-06 13:42:54,238 - root - INFO - Token Token-344 completed task 'Monthly' at 2025-01-07 12:26:00.
2025-03-06 13:42:54,238 - root - INFO - Token Token-344 waiting for resource 'Tech' at 2025-01-07 12:26:00
2025-03-06 13:42:54,238 - root - INFO - Token Token-345 started task 'Monthly' at 2025-01-07 12:28:00, scheduled to end at 2025-01-07 12:28:00
2025-03-06 13:42:54,239 - root - INFO - Token Token-345 completed task 'Monthly' at 2025-01-07 12:28:00.
2025-03-06 13:42:54,240 - root - INFO - Token Token-345 waiting for resource 'Tech' at 2025-01-07 12:28:00
2025-03-06 13:42:54,240 - root - INFO - Token Token-346 started task 'Monthly' at 2025-01-07 12:30:00, scheduled to end at 2025-01-07 12:30:00
2025-03-06 13:42:54,240 - root - INFO - Token Token-346 completed task 'Monthly' at 2025-01-07 12:30:00.
2025-03-06 13:42:54,241 - root - INFO - Token Token-346 waiting for resource 'Tech' at 2025-01-07 12:30:00
2025-03-06 13:42:54,241 - root - INFO - Token Token-347 started task 'Monthly' at 2025-01-07 12:32:00, scheduled to end at 2025-01-07 12:32:00
2025-03-06 13:42:54,241 - root - INFO - Token Token-347 completed task 'Monthly' at 2025-01-07 12:32:00.
2025-03-06 13:42:54,241 - root - INFO - Token Token-347 waiting for resource 'Tech' at 2025-01-07 12:32:00
2025-03-06 13:42:54,242 - root - INFO - Token Token-40 completed task 'Review AM using Asset Change Tracker (5.5.13.1)' at 2025-01-07 12:32:47.494716.
2025-03-06 13:42:54,242 - root - INFO - Token Token-41 released from wait queue for 'Tech'
2025-03-06 13:42:54,242 - root - INFO - Token Token-41 waited 1692.79 minutes for resource
2025-03-06 13:42:54,242 - root - INFO - Token Token-41 started task 'Review AM using Asset Change Tracker (5.5.13.1)' at 2025-01-07 12:32:47.494716, scheduled to end at 2025-01-07 12:41:46.747082
2025-03-06 13:42:54,243 - root - INFO - Token Token-40 started task 'Complete /Accurate?' at 2025-01-07 12:32:47.494716, scheduled to end at 2025-01-07 12:32:47.494716
2025-03-06 13:42:54,243 - root - INFO - Token Token-40 completed task 'Complete /Accurate?' at 2025-01-07 12:32:47.494716.
2025-03-06 13:42:54,243 - root - INFO - Token Token-40 waiting for resource 'Tech' at 2025-01-07 12:32:47.494716
2025-03-06 13:42:54,244 - root - INFO - Token Token-348 started task 'Monthly' at 2025-01-07 12:34:00, scheduled to end at 2025-01-07 12:34:00
2025-03-06 13:42:54,244 - root - INFO - Token Token-348 completed task 'Monthly' at 2025-01-07 12:34:00.
2025-03-06 13:42:54,244 - root - INFO - Token Token-348 waiting for resource 'Tech' at 2025-01-07 12:34:00
2025-03-06 13:42:54,244 - root - INFO - Token Token-349 started task 'Monthly' at 2025-01-07 12:36:00, scheduled to end at 2025-01-07 12:36:00
2025-03-06 13:42:54,245 - root - INFO - Token Token-349 completed task 'Monthly' at 2025-01-07 12:36:00.
2025-03-06 13:42:54,245 - root - INFO - Token Token-349 waiting for resource 'Tech' at 2025-01-07 12:36:00
2025-03-06 13:42:54,245 - root - INFO - Token Token-350 started task 'Monthly' at 2025-01-07 12:38:00, scheduled to end at 2025-01-07 12:38:00
2025-03-06 13:42:54,246 - root - INFO - Token Token-350 completed task 'Monthly' at 2025-01-07 12:38:00.
2025-03-06 13:42:54,247 - root - INFO - Token Token-350 waiting for resource 'Tech' at 2025-01-07 12:38:00
2025-03-06 13:42:54,248 - root - INFO - Token Token-351 started task 'Monthly' at 2025-01-07 12:40:00, scheduled to end at 2025-01-07 12:40:00
2025-03-06 13:42:54,248 - root - INFO - Token Token-351 completed task 'Monthly' at 2025-01-07 12:40:00.
2025-03-06 13:42:54,248 - root - INFO - Token Token-351 waiting for resource 'Tech' at 2025-01-07 12:40:00
2025-03-06 13:42:54,248 - root - INFO - Token Token-41 completed task 'Review AM using Asset Change Tracker (5.5.13.1)' at 2025-01-07 12:41:46.747082.
2025-03-06 13:42:54,250 - root - INFO - Token Token-42 released from wait queue for 'Tech'
2025-03-06 13:42:54,250 - root - INFO - Token Token-42 waited 1699.78 minutes for resource
2025-03-06 13:42:54,251 - root - INFO - Token Token-42 started task 'Review AM using Asset Change Tracker (5.5.13.1)' at 2025-01-07 12:41:46.747082, scheduled to end at 2025-01-07 12:47:06.205888
2025-03-06 13:42:54,251 - root - INFO - Token Token-41 started task 'Complete /Accurate?' at 2025-01-07 12:41:46.747082, scheduled to end at 2025-01-07 12:41:46.747082
2025-03-06 13:42:54,252 - root - INFO - Token Token-41 completed task 'Complete /Accurate?' at 2025-01-07 12:41:46.747082.
2025-03-06 13:42:54,252 - root - INFO - Token Token-41 waiting for resource 'Tech' at 2025-01-07 12:41:46.747082
2025-03-06 13:42:54,253 - root - INFO - Token Token-352 started task 'Monthly' at 2025-01-07 12:42:00, scheduled to end at 2025-01-07 12:42:00
2025-03-06 13:42:54,253 - root - INFO - Token Token-352 completed task 'Monthly' at 2025-01-07 12:42:00.
2025-03-06 13:42:54,254 - root - INFO - Token Token-352 waiting for resource 'Tech' at 2025-01-07 12:42:00
2025-03-06 13:42:54,254 - root - INFO - Token Token-353 started task 'Monthly' at 2025-01-07 12:44:00, scheduled to end at 2025-01-07 12:44:00
2025-03-06 13:42:54,255 - root - INFO - Token Token-353 completed task 'Monthly' at 2025-01-07 12:44:00.
2025-03-06 13:42:54,255 - root - INFO - Token Token-353 waiting for resource 'Tech' at 2025-01-07 12:44:00
2025-03-06 13:42:54,256 - root - INFO - Token Token-354 started task 'Monthly' at 2025-01-07 12:46:00, scheduled to end at 2025-01-07 12:46:00
2025-03-06 13:42:54,256 - root - INFO - Token Token-354 completed task 'Monthly' at 2025-01-07 12:46:00.
2025-03-06 13:42:54,256 - root - INFO - Token Token-354 waiting for resource 'Tech' at 2025-01-07 12:46:00
2025-03-06 13:42:54,257 - root - INFO - Token Token-42 completed task 'Review AM using Asset Change Tracker (5.5.13.1)' at 2025-01-07 12:47:06.205888.
2025-03-06 13:42:54,257 - root - INFO - Token Token-43 released from wait queue for 'Tech'
2025-03-06 13:42:54,258 - root - INFO - Token Token-43 waited 1703.10 minutes for resource
2025-03-06 13:42:54,258 - root - INFO - Token Token-43 started task 'Review AM using Asset Change Tracker (5.5.13.1)' at 2025-01-07 12:47:06.205888, scheduled to end at 2025-01-07 12:55:06.431008
2025-03-06 13:42:54,259 - root - INFO - Token Token-42 started task 'Complete /Accurate?' at 2025-01-07 12:47:06.205888, scheduled to end at 2025-01-07 12:47:06.205888
2025-03-06 13:42:54,259 - root - INFO - Token Token-42 completed task 'Complete /Accurate?' at 2025-01-07 12:47:06.205888.
2025-03-06 13:42:54,260 - root - INFO - Token Token-42 waiting for resource 'Tech' at 2025-01-07 12:47:06.205888
2025-03-06 13:42:54,261 - root - INFO - Token Token-355 started task 'Monthly' at 2025-01-07 12:48:00, scheduled to end at 2025-01-07 12:48:00
2025-03-06 13:42:54,261 - root - INFO - Token Token-355 completed task 'Monthly' at 2025-01-07 12:48:00.
2025-03-06 13:42:54,261 - root - INFO - Token Token-355 waiting for resource 'Tech' at 2025-01-07 12:48:00
2025-03-06 13:42:54,262 - root - INFO - Token Token-356 started task 'Monthly' at 2025-01-07 12:50:00, scheduled to end at 2025-01-07 12:50:00
2025-03-06 13:42:54,262 - root - INFO - Token Token-356 completed task 'Monthly' at 2025-01-07 12:50:00.
2025-03-06 13:42:54,263 - root - INFO - Token Token-356 waiting for resource 'Tech' at 2025-01-07 12:50:00
2025-03-06 13:42:54,264 - root - INFO - Token Token-357 started task 'Monthly' at 2025-01-07 12:52:00, scheduled to end at 2025-01-07 12:52:00
2025-03-06 13:42:54,264 - root - INFO - Token Token-357 completed task 'Monthly' at 2025-01-07 12:52:00.
2025-03-06 13:42:54,265 - root - INFO - Token Token-357 waiting for resource 'Tech' at 2025-01-07 12:52:00
2025-03-06 13:42:54,265 - root - INFO - Token Token-358 started task 'Monthly' at 2025-01-07 12:54:00, scheduled to end at 2025-01-07 12:54:00
2025-03-06 13:42:54,265 - root - INFO - Token Token-358 completed task 'Monthly' at 2025-01-07 12:54:00.
2025-03-06 13:42:54,266 - root - INFO - Token Token-358 waiting for resource 'Tech' at 2025-01-07 12:54:00
2025-03-06 13:42:54,267 - root - INFO - Token Token-43 completed task 'Review AM using Asset Change Tracker (5.5.13.1)' at 2025-01-07 12:55:06.431008.
2025-03-06 13:42:54,268 - root - INFO - Token Token-44 released from wait queue for 'Tech'
2025-03-06 13:42:54,284 - root - INFO - Token Token-44 waited 1709.11 minutes for resource
2025-03-06 13:42:54,284 - root - INFO - Token Token-44 started task 'Review AM using Asset Change Tracker (5.5.13.1)' at 2025-01-07 12:55:06.431008, scheduled to end at 2025-01-08 07:00:00
2025-03-06 13:42:54,284 - root - INFO - Token Token-43 started task 'Complete /Accurate?' at 2025-01-07 12:55:06.431008, scheduled to end at 2025-01-07 12:55:06.431008
2025-03-06 13:42:54,285 - root - INFO - Token Token-43 completed task 'Complete /Accurate?' at 2025-01-07 12:55:06.431008.
2025-03-06 13:42:54,285 - root - INFO - Token Token-43 waiting for resource 'Tech' at 2025-01-07 12:55:06.431008
2025-03-06 13:42:54,285 - root - INFO - Token Token-359 started task 'Monthly' at 2025-01-07 12:56:00, scheduled to end at 2025-01-07 12:56:00
2025-03-06 13:42:54,285 - root - INFO - Token Token-359 completed task 'Monthly' at 2025-01-07 12:56:00.
2025-03-06 13:42:54,286 - root - INFO - Token Token-359 waiting for resource 'Tech' at 2025-01-07 12:56:00
2025-03-06 13:42:54,286 - root - INFO - Token Token-360 started task 'Monthly' at 2025-01-07 12:58:00, scheduled to end at 2025-01-07 12:58:00
2025-03-06 13:42:54,286 - root - INFO - Token Token-360 completed task 'Monthly' at 2025-01-07 12:58:00.
2025-03-06 13:42:54,286 - root - INFO - Token Token-360 waiting for resource 'Tech' at 2025-01-07 12:58:00
2025-03-06 13:42:54,287 - root - INFO - Token Token-361 started task 'Monthly' at 2025-01-08 07:00:00, scheduled to end at 2025-01-08 07:00:00
2025-03-06 13:42:54,287 - root - INFO - Token Token-44 completed task 'Review AM using Asset Change Tracker (5.5.13.1)' at 2025-01-08 07:00:00.
2025-03-06 13:42:54,287 - root - INFO - Token Token-45 released from wait queue for 'Tech'
2025-03-06 13:42:54,287 - root - INFO - Token Token-361 completed task 'Monthly' at 2025-01-08 07:00:00.
2025-03-06 13:42:54,288 - root - INFO - Token Token-45 waited 2792.00 minutes for resource
2025-03-06 13:42:54,288 - root - INFO - Token Token-45 started task 'Review AM using Asset Change Tracker (5.5.13.1)' at 2025-01-08 07:00:00, scheduled to end at 2025-01-08 07:09:05.415528
2025-03-06 13:42:54,288 - root - INFO - Token Token-44 started task 'Complete /Accurate?' at 2025-01-08 07:00:00, scheduled to end at 2025-01-08 07:00:00
2025-03-06 13:42:54,289 - root - INFO - Token Token-361 waiting for resource 'Tech' at 2025-01-08 07:00:00
2025-03-06 13:42:54,289 - root - INFO - Token Token-44 completed task 'Complete /Accurate?' at 2025-01-08 07:00:00.
2025-03-06 13:42:54,290 - root - INFO - Token Token-44 waiting for resource 'Tech' at 2025-01-08 07:00:00
2025-03-06 13:42:54,290 - root - INFO - Token Token-362 started task 'Monthly' at 2025-01-08 07:02:00, scheduled to end at 2025-01-08 07:02:00
2025-03-06 13:42:54,291 - root - INFO - Token Token-362 completed task 'Monthly' at 2025-01-08 07:02:00.
2025-03-06 13:42:54,291 - root - INFO - Token Token-362 waiting for resource 'Tech' at 2025-01-08 07:02:00
2025-03-06 13:42:54,291 - root - INFO - Token Token-363 started task 'Monthly' at 2025-01-08 07:04:00, scheduled to end at 2025-01-08 07:04:00
2025-03-06 13:42:54,292 - root - INFO - Token Token-363 completed task 'Monthly' at 2025-01-08 07:04:00.
2025-03-06 13:42:54,293 - root - INFO - Token Token-363 waiting for resource 'Tech' at 2025-01-08 07:04:00
2025-03-06 13:42:54,293 - root - INFO - Token Token-364 started task 'Monthly' at 2025-01-08 07:06:00, scheduled to end at 2025-01-08 07:06:00
2025-03-06 13:42:54,293 - root - INFO - Token Token-364 completed task 'Monthly' at 2025-01-08 07:06:00.
2025-03-06 13:42:54,294 - root - INFO - Token Token-364 waiting for resource 'Tech' at 2025-01-08 07:06:00
2025-03-06 13:42:54,294 - root - INFO - Token Token-365 started task 'Monthly' at 2025-01-08 07:08:00, scheduled to end at 2025-01-08 07:08:00
2025-03-06 13:42:54,295 - root - INFO - Token Token-365 completed task 'Monthly' at 2025-01-08 07:08:00.
2025-03-06 13:42:54,295 - root - INFO - Token Token-365 waiting for resource 'Tech' at 2025-01-08 07:08:00
2025-03-06 13:42:54,296 - root - INFO - Token Token-45 completed task 'Review AM using Asset Change Tracker (5.5.13.1)' at 2025-01-08 07:09:05.415528.
2025-03-06 13:42:54,305 - root - INFO - Token Token-46 released from wait queue for 'Tech'
2025-03-06 13:42:54,305 - root - INFO - Token Token-46 waited 2799.09 minutes for resource
2025-03-06 13:42:54,306 - root - INFO - Token Token-46 started task 'Review AM using Asset Change Tracker (5.5.13.1)' at 2025-01-08 07:09:05.415528, scheduled to end at 2025-01-08 07:15:40.693097
2025-03-06 13:42:54,307 - root - INFO - Token Token-45 started task 'Complete /Accurate?' at 2025-01-08 07:09:05.415528, scheduled to end at 2025-01-08 07:09:05.415528
2025-03-06 13:42:54,308 - root - INFO - Token Token-45 completed task 'Complete /Accurate?' at 2025-01-08 07:09:05.415528.
2025-03-06 13:42:54,346 - root - INFO - Token Token-45 waiting for resource 'Tech' at 2025-01-08 07:09:05.415528
2025-03-06 13:42:54,346 - root - INFO - Token Token-366 started task 'Monthly' at 2025-01-08 07:10:00, scheduled to end at 2025-01-08 07:10:00
2025-03-06 13:42:54,346 - root - INFO - Token Token-366 completed task 'Monthly' at 2025-01-08 07:10:00.
2025-03-06 13:42:54,347 - root - INFO - Token Token-366 waiting for resource 'Tech' at 2025-01-08 07:10:00
2025-03-06 13:42:54,348 - root - INFO - Token Token-367 started task 'Monthly' at 2025-01-08 07:12:00, scheduled to end at 2025-01-08 07:12:00
2025-03-06 13:42:54,348 - root - INFO - Token Token-367 completed task 'Monthly' at 2025-01-08 07:12:00.
2025-03-06 13:42:54,349 - root - INFO - Token Token-367 waiting for resource 'Tech' at 2025-01-08 07:12:00
2025-03-06 13:42:54,367 - root - INFO - Token Token-368 started task 'Monthly' at 2025-01-08 07:14:00, scheduled to end at 2025-01-08 07:14:00
2025-03-06 13:42:54,367 - root - INFO - Token Token-368 completed task 'Monthly' at 2025-01-08 07:14:00.
2025-03-06 13:42:54,368 - root - INFO - Token Token-368 waiting for resource 'Tech' at 2025-01-08 07:14:00
2025-03-06 13:42:54,368 - root - INFO - Token Token-46 completed task 'Review AM using Asset Change Tracker (5.5.13.1)' at 2025-01-08 07:15:40.693097.
2025-03-06 13:42:54,368 - root - INFO - Token Token-47 released from wait queue for 'Tech'
2025-03-06 13:42:54,369 - root - INFO - Token Token-47 waited 2803.68 minutes for resource
2025-03-06 13:42:54,369 - root - INFO - Token Token-47 started task 'Review AM using Asset Change Tracker (5.5.13.1)' at 2025-01-08 07:15:40.693097, scheduled to end at 2025-01-08 07:25:10.289358
2025-03-06 13:42:54,369 - root - INFO - Token Token-46 started task 'Complete /Accurate?' at 2025-01-08 07:15:40.693097, scheduled to end at 2025-01-08 07:15:40.693097
2025-03-06 13:42:54,370 - root - INFO - Token Token-46 completed task 'Complete /Accurate?' at 2025-01-08 07:15:40.693097.
2025-03-06 13:42:54,370 - root - INFO - Token Token-46 waiting for resource 'Tech' at 2025-01-08 07:15:40.693097
2025-03-06 13:42:54,370 - root - INFO - Token Token-369 started task 'Monthly' at 2025-01-08 07:16:00, scheduled to end at 2025-01-08 07:16:00
2025-03-06 13:42:54,371 - root - INFO - Token Token-369 completed task 'Monthly' at 2025-01-08 07:16:00.
2025-03-06 13:42:54,371 - root - INFO - Token Token-369 waiting for resource 'Tech' at 2025-01-08 07:16:00
2025-03-06 13:42:54,371 - root - INFO - Token Token-370 started task 'Monthly' at 2025-01-08 07:18:00, scheduled to end at 2025-01-08 07:18:00
2025-03-06 13:42:54,372 - root - INFO - Token Token-370 completed task 'Monthly' at 2025-01-08 07:18:00.
2025-03-06 13:42:54,372 - root - INFO - Token Token-370 waiting for resource 'Tech' at 2025-01-08 07:18:00
2025-03-06 13:42:54,372 - root - INFO - Token Token-371 started task 'Monthly' at 2025-01-08 07:20:00, scheduled to end at 2025-01-08 07:20:00
2025-03-06 13:42:54,373 - root - INFO - Token Token-371 completed task 'Monthly' at 2025-01-08 07:20:00.
2025-03-06 13:42:54,373 - root - INFO - Token Token-371 waiting for resource 'Tech' at 2025-01-08 07:20:00
2025-03-06 13:42:54,373 - root - INFO - Token Token-372 started task 'Monthly' at 2025-01-08 07:22:00, scheduled to end at 2025-01-08 07:22:00
2025-03-06 13:42:54,373 - root - INFO - Token Token-372 completed task 'Monthly' at 2025-01-08 07:22:00.
2025-03-06 13:42:54,374 - root - INFO - Token Token-372 waiting for resource 'Tech' at 2025-01-08 07:22:00
2025-03-06 13:42:54,374 - root - INFO - Token Token-373 started task 'Monthly' at 2025-01-08 07:24:00, scheduled to end at 2025-01-08 07:24:00
2025-03-06 13:42:54,375 - root - INFO - Token Token-373 completed task 'Monthly' at 2025-01-08 07:24:00.
2025-03-06 13:42:54,375 - root - INFO - Token Token-373 waiting for resource 'Tech' at 2025-01-08 07:24:00
2025-03-06 13:42:54,376 - root - INFO - Token Token-47 completed task 'Review AM using Asset Change Tracker (5.5.13.1)' at 2025-01-08 07:25:10.289358.
2025-03-06 13:42:54,376 - root - INFO - Token Token-48 released from wait queue for 'Tech'
2025-03-06 13:42:54,376 - root - INFO - Token Token-48 waited 2811.17 minutes for resource
2025-03-06 13:42:54,376 - root - INFO - Token Token-48 started task 'Review AM using Asset Change Tracker (5.5.13.1)' at 2025-01-08 07:25:10.289358, scheduled to end at 2025-01-08 07:33:38.691462
2025-03-06 13:42:54,377 - root - INFO - Token Token-47 started task 'Complete /Accurate?' at 2025-01-08 07:25:10.289358, scheduled to end at 2025-01-08 07:25:10.289358
2025-03-06 13:42:54,377 - root - INFO - Token Token-47 completed task 'Complete /Accurate?' at 2025-01-08 07:25:10.289358.
2025-03-06 13:42:54,377 - root - INFO - Token Token-47 waiting for resource 'Tech' at 2025-01-08 07:25:10.289358
2025-03-06 13:42:54,377 - root - INFO - Token Token-374 started task 'Monthly' at 2025-01-08 07:26:00, scheduled to end at 2025-01-08 07:26:00
2025-03-06 13:42:54,378 - root - INFO - Token Token-374 completed task 'Monthly' at 2025-01-08 07:26:00.
2025-03-06 13:42:54,378 - root - INFO - Token Token-374 waiting for resource 'Tech' at 2025-01-08 07:26:00
2025-03-06 13:42:54,378 - root - INFO - Token Token-375 started task 'Monthly' at 2025-01-08 07:28:00, scheduled to end at 2025-01-08 07:28:00
2025-03-06 13:42:54,378 - root - INFO - Token Token-375 completed task 'Monthly' at 2025-01-08 07:28:00.
2025-03-06 13:42:54,379 - root - INFO - Token Token-375 waiting for resource 'Tech' at 2025-01-08 07:28:00
2025-03-06 13:42:54,379 - root - INFO - Token Token-376 started task 'Monthly' at 2025-01-08 07:30:00, scheduled to end at 2025-01-08 07:30:00
2025-03-06 13:42:54,379 - root - INFO - Token Token-376 completed task 'Monthly' at 2025-01-08 07:30:00.
2025-03-06 13:42:54,379 - root - INFO - Token Token-376 waiting for resource 'Tech' at 2025-01-08 07:30:00
2025-03-06 13:42:54,379 - root - INFO - Token Token-377 started task 'Monthly' at 2025-01-08 07:32:00, scheduled to end at 2025-01-08 07:32:00
2025-03-06 13:42:54,380 - root - INFO - Token Token-377 completed task 'Monthly' at 2025-01-08 07:32:00.
2025-03-06 13:42:54,380 - root - INFO - Token Token-377 waiting for resource 'Tech' at 2025-01-08 07:32:00
2025-03-06 13:42:54,380 - root - INFO - Token Token-48 completed task 'Review AM using Asset Change Tracker (5.5.13.1)' at 2025-01-08 07:33:38.691462.
2025-03-06 13:42:54,380 - root - INFO - Token Token-49 released from wait queue for 'Tech'
2025-03-06 13:42:54,381 - root - INFO - Token Token-49 waited 2817.64 minutes for resource
2025-03-06 13:42:54,381 - root - INFO - Token Token-49 started task 'Review AM using Asset Change Tracker (5.5.13.1)' at 2025-01-08 07:33:38.691462, scheduled to end at 2025-01-08 07:42:47.353383
2025-03-06 13:42:54,381 - root - INFO - Token Token-48 started task 'Complete /Accurate?' at 2025-01-08 07:33:38.691462, scheduled to end at 2025-01-08 07:33:38.691462
2025-03-06 13:42:54,381 - root - INFO - Token Token-48 completed task 'Complete /Accurate?' at 2025-01-08 07:33:38.691462.
2025-03-06 13:42:54,382 - root - INFO - Token Token-48 waiting for resource 'Tech' at 2025-01-08 07:33:38.691462
2025-03-06 13:42:54,382 - root - INFO - Token Token-378 started task 'Monthly' at 2025-01-08 07:34:00, scheduled to end at 2025-01-08 07:34:00
2025-03-06 13:42:54,382 - root - INFO - Token Token-378 completed task 'Monthly' at 2025-01-08 07:34:00.
2025-03-06 13:42:54,382 - root - INFO - Token Token-378 waiting for resource 'Tech' at 2025-01-08 07:34:00
2025-03-06 13:42:54,383 - root - INFO - Token Token-379 started task 'Monthly' at 2025-01-08 07:36:00, scheduled to end at 2025-01-08 07:36:00
2025-03-06 13:42:54,383 - root - INFO - Token Token-379 completed task 'Monthly' at 2025-01-08 07:36:00.
2025-03-06 13:42:54,383 - root - INFO - Token Token-379 waiting for resource 'Tech' at 2025-01-08 07:36:00
2025-03-06 13:42:54,383 - root - INFO - Token Token-380 started task 'Monthly' at 2025-01-08 07:38:00, scheduled to end at 2025-01-08 07:38:00
2025-03-06 13:42:54,383 - root - INFO - Token Token-380 completed task 'Monthly' at 2025-01-08 07:38:00.
2025-03-06 13:42:54,384 - root - INFO - Token Token-380 waiting for resource 'Tech' at 2025-01-08 07:38:00
2025-03-06 13:42:54,384 - root - INFO - Token Token-381 started task 'Monthly' at 2025-01-08 07:40:00, scheduled to end at 2025-01-08 07:40:00
2025-03-06 13:42:54,384 - root - INFO - Token Token-381 completed task 'Monthly' at 2025-01-08 07:40:00.
2025-03-06 13:42:54,384 - root - INFO - Token Token-381 waiting for resource 'Tech' at 2025-01-08 07:40:00
2025-03-06 13:42:54,384 - root - INFO - Token Token-382 started task 'Monthly' at 2025-01-08 07:42:00, scheduled to end at 2025-01-08 07:42:00
2025-03-06 13:42:54,385 - root - INFO - Token Token-382 completed task 'Monthly' at 2025-01-08 07:42:00.
2025-03-06 13:42:54,385 - root - INFO - Token Token-382 waiting for resource 'Tech' at 2025-01-08 07:42:00
2025-03-06 13:42:54,385 - root - INFO - Token Token-49 completed task 'Review AM using Asset Change Tracker (5.5.13.1)' at 2025-01-08 07:42:47.353383.
2025-03-06 13:42:54,385 - root - INFO - Token Token-50 released from wait queue for 'Tech'
2025-03-06 13:42:54,385 - root - INFO - Token Token-50 waited 2824.79 minutes for resource
2025-03-06 13:42:54,386 - root - INFO - Token Token-50 started task 'Review AM using Asset Change Tracker (5.5.13.1)' at 2025-01-08 07:42:47.353383, scheduled to end at 2025-01-08 07:51:59.122527
2025-03-06 13:42:54,386 - root - INFO - Token Token-49 started task 'Complete /Accurate?' at 2025-01-08 07:42:47.353383, scheduled to end at 2025-01-08 07:42:47.353383
2025-03-06 13:42:54,387 - root - INFO - Token Token-49 completed task 'Complete /Accurate?' at 2025-01-08 07:42:47.353383.
2025-03-06 13:42:54,388 - root - INFO - Token Token-49 waiting for resource 'Tech' at 2025-01-08 07:42:47.353383
2025-03-06 13:42:54,388 - root - INFO - Token Token-383 started task 'Monthly' at 2025-01-08 07:44:00, scheduled to end at 2025-01-08 07:44:00
2025-03-06 13:42:54,389 - root - INFO - Token Token-383 completed task 'Monthly' at 2025-01-08 07:44:00.
2025-03-06 13:42:54,389 - root - INFO - Token Token-383 waiting for resource 'Tech' at 2025-01-08 07:44:00
2025-03-06 13:42:54,389 - root - INFO - Token Token-384 started task 'Monthly' at 2025-01-08 07:46:00, scheduled to end at 2025-01-08 07:46:00
2025-03-06 13:42:54,390 - root - INFO - Token Token-384 completed task 'Monthly' at 2025-01-08 07:46:00.
2025-03-06 13:42:54,390 - root - INFO - Token Token-384 waiting for resource 'Tech' at 2025-01-08 07:46:00
2025-03-06 13:42:54,391 - root - INFO - Token Token-385 started task 'Monthly' at 2025-01-08 07:48:00, scheduled to end at 2025-01-08 07:48:00
2025-03-06 13:42:54,391 - root - INFO - Token Token-385 completed task 'Monthly' at 2025-01-08 07:48:00.
2025-03-06 13:42:54,392 - root - INFO - Token Token-385 waiting for resource 'Tech' at 2025-01-08 07:48:00
2025-03-06 13:42:54,392 - root - INFO - Token Token-386 started task 'Monthly' at 2025-01-08 07:50:00, scheduled to end at 2025-01-08 07:50:00
2025-03-06 13:42:54,392 - root - INFO - Token Token-386 completed task 'Monthly' at 2025-01-08 07:50:00.
2025-03-06 13:42:54,393 - root - INFO - Token Token-386 waiting for resource 'Tech' at 2025-01-08 07:50:00
2025-03-06 13:42:54,410 - root - INFO - Token Token-50 completed task 'Review AM using Asset Change Tracker (5.5.13.1)' at 2025-01-08 07:51:59.122527.
2025-03-06 13:42:54,410 - root - INFO - Token Token-51 released from wait queue for 'Tech'
2025-03-06 13:42:54,412 - root - INFO - Token Token-51 waited 2831.99 minutes for resource
2025-03-06 13:42:54,412 - root - INFO - Token Token-51 started task 'Review AM using Asset Change Tracker (5.5.13.1)' at 2025-01-08 07:51:59.122527, scheduled to end at 2025-01-08 07:58:18.313777
2025-03-06 13:42:54,412 - root - INFO - Token Token-50 started task 'Complete /Accurate?' at 2025-01-08 07:51:59.122527, scheduled to end at 2025-01-08 07:51:59.122527
2025-03-06 13:42:54,413 - root - INFO - Token Token-50 completed task 'Complete /Accurate?' at 2025-01-08 07:51:59.122527.
2025-03-06 13:42:54,413 - root - INFO - Token Token-50 waiting for resource 'Tech' at 2025-01-08 07:51:59.122527
2025-03-06 13:42:54,413 - root - INFO - Token Token-387 started task 'Monthly' at 2025-01-08 07:52:00, scheduled to end at 2025-01-08 07:52:00
2025-03-06 13:42:54,413 - root - INFO - Token Token-387 completed task 'Monthly' at 2025-01-08 07:52:00.
2025-03-06 13:42:54,414 - root - INFO - Token Token-387 waiting for resource 'Tech' at 2025-01-08 07:52:00
2025-03-06 13:42:54,414 - root - INFO - Token Token-388 started task 'Monthly' at 2025-01-08 07:54:00, scheduled to end at 2025-01-08 07:54:00
2025-03-06 13:42:54,414 - root - INFO - Token Token-388 completed task 'Monthly' at 2025-01-08 07:54:00.
2025-03-06 13:42:54,414 - root - INFO - Token Token-388 waiting for resource 'Tech' at 2025-01-08 07:54:00
2025-03-06 13:42:54,415 - root - INFO - Token Token-389 started task 'Monthly' at 2025-01-08 07:56:00, scheduled to end at 2025-01-08 07:56:00
2025-03-06 13:42:54,415 - root - INFO - Token Token-389 completed task 'Monthly' at 2025-01-08 07:56:00.
2025-03-06 13:42:54,415 - root - INFO - Token Token-389 waiting for resource 'Tech' at 2025-01-08 07:56:00
2025-03-06 13:42:54,416 - root - INFO - Token Token-390 started task 'Monthly' at 2025-01-08 07:58:00, scheduled to end at 2025-01-08 07:58:00
2025-03-06 13:42:54,416 - root - INFO - Token Token-390 completed task 'Monthly' at 2025-01-08 07:58:00.
2025-03-06 13:42:54,416 - root - INFO - Token Token-390 waiting for resource 'Tech' at 2025-01-08 07:58:00
2025-03-06 13:42:54,416 - root - INFO - Token Token-51 completed task 'Review AM using Asset Change Tracker (5.5.13.1)' at 2025-01-08 07:58:18.313777.
2025-03-06 13:42:54,417 - root - INFO - Token Token-52 released from wait queue for 'Tech'
2025-03-06 13:42:54,417 - root - INFO - Token Token-52 waited 2836.31 minutes for resource
2025-03-06 13:42:54,417 - root - INFO - Token Token-52 started task 'Review AM using Asset Change Tracker (5.5.13.1)' at 2025-01-08 07:58:18.313777, scheduled to end at 2025-01-08 08:07:40.532306
2025-03-06 13:42:54,417 - root - INFO - Token Token-51 started task 'Complete /Accurate?' at 2025-01-08 07:58:18.313777, scheduled to end at 2025-01-08 07:58:18.313777
2025-03-06 13:42:54,418 - root - INFO - Token Token-51 completed task 'Complete /Accurate?' at 2025-01-08 07:58:18.313777.
2025-03-06 13:42:54,418 - root - INFO - Token Token-51 waiting for resource 'Tech' at 2025-01-08 07:58:18.313777
2025-03-06 13:42:54,418 - root - INFO - Token Token-391 started task 'Monthly' at 2025-01-08 08:00:00, scheduled to end at 2025-01-08 08:00:00
2025-03-06 13:42:54,419 - root - INFO - Token Token-391 completed task 'Monthly' at 2025-01-08 08:00:00.
2025-03-06 13:42:54,420 - root - INFO - Token Token-391 waiting for resource 'Tech' at 2025-01-08 08:00:00
2025-03-06 13:42:54,420 - root - INFO - Token Token-392 started task 'Monthly' at 2025-01-08 08:02:00, scheduled to end at 2025-01-08 08:02:00
2025-03-06 13:42:54,420 - root - INFO - Token Token-392 completed task 'Monthly' at 2025-01-08 08:02:00.
2025-03-06 13:42:54,420 - root - INFO - Token Token-392 waiting for resource 'Tech' at 2025-01-08 08:02:00
2025-03-06 13:42:54,421 - root - INFO - Token Token-393 started task 'Monthly' at 2025-01-08 08:04:00, scheduled to end at 2025-01-08 08:04:00
2025-03-06 13:42:54,421 - root - INFO - Token Token-393 completed task 'Monthly' at 2025-01-08 08:04:00.
2025-03-06 13:42:54,421 - root - INFO - Token Token-393 waiting for resource 'Tech' at 2025-01-08 08:04:00
2025-03-06 13:42:54,421 - root - INFO - Token Token-394 started task 'Monthly' at 2025-01-08 08:06:00, scheduled to end at 2025-01-08 08:06:00
2025-03-06 13:42:54,421 - root - INFO - Token Token-394 completed task 'Monthly' at 2025-01-08 08:06:00.
2025-03-06 13:42:54,422 - root - INFO - Token Token-394 waiting for resource 'Tech' at 2025-01-08 08:06:00
2025-03-06 13:42:54,422 - root - INFO - Token Token-52 completed task 'Review AM using Asset Change Tracker (5.5.13.1)' at 2025-01-08 08:07:40.532306.
2025-03-06 13:42:54,422 - root - INFO - Token Token-53 released from wait queue for 'Tech'
2025-03-06 13:42:54,422 - root - INFO - Token Token-53 waited 2843.68 minutes for resource
2025-03-06 13:42:54,422 - root - INFO - Token Token-53 started task 'Review AM using Asset Change Tracker (5.5.13.1)' at 2025-01-08 08:07:40.532306, scheduled to end at 2025-01-08 08:17:12.810010
2025-03-06 13:42:54,423 - root - INFO - Token Token-52 started task 'Complete /Accurate?' at 2025-01-08 08:07:40.532306, scheduled to end at 2025-01-08 08:07:40.532306
2025-03-06 13:42:54,423 - root - INFO - Token Token-52 completed task 'Complete /Accurate?' at 2025-01-08 08:07:40.532306.
2025-03-06 13:42:54,423 - root - INFO - Token Token-52 waiting for resource 'Tech' at 2025-01-08 08:07:40.532306
2025-03-06 13:42:54,423 - root - INFO - Token Token-395 started task 'Monthly' at 2025-01-08 08:08:00, scheduled to end at 2025-01-08 08:08:00
2025-03-06 13:42:54,424 - root - INFO - Token Token-395 completed task 'Monthly' at 2025-01-08 08:08:00.
2025-03-06 13:42:54,424 - root - INFO - Token Token-395 waiting for resource 'Tech' at 2025-01-08 08:08:00
2025-03-06 13:42:54,424 - root - INFO - Token Token-396 started task 'Monthly' at 2025-01-08 08:10:00, scheduled to end at 2025-01-08 08:10:00
2025-03-06 13:42:54,424 - root - INFO - Token Token-396 completed task 'Monthly' at 2025-01-08 08:10:00.
2025-03-06 13:42:54,425 - root - INFO - Token Token-396 waiting for resource 'Tech' at 2025-01-08 08:10:00
2025-03-06 13:42:54,425 - root - INFO - Token Token-397 started task 'Monthly' at 2025-01-08 08:12:00, scheduled to end at 2025-01-08 08:12:00
2025-03-06 13:42:54,425 - root - INFO - Token Token-397 completed task 'Monthly' at 2025-01-08 08:12:00.
2025-03-06 13:42:54,425 - root - INFO - Token Token-397 waiting for resource 'Tech' at 2025-01-08 08:12:00
2025-03-06 13:42:54,425 - root - INFO - Token Token-398 started task 'Monthly' at 2025-01-08 08:14:00, scheduled to end at 2025-01-08 08:14:00
2025-03-06 13:42:54,426 - root - INFO - Token Token-398 completed task 'Monthly' at 2025-01-08 08:14:00.
2025-03-06 13:42:54,426 - root - INFO - Token Token-398 waiting for resource 'Tech' at 2025-01-08 08:14:00
2025-03-06 13:42:54,426 - root - INFO - Token Token-399 started task 'Monthly' at 2025-01-08 08:16:00, scheduled to end at 2025-01-08 08:16:00
2025-03-06 13:42:54,427 - root - INFO - Token Token-399 completed task 'Monthly' at 2025-01-08 08:16:00.
2025-03-06 13:42:54,427 - root - INFO - Token Token-399 waiting for resource 'Tech' at 2025-01-08 08:16:00
2025-03-06 13:42:54,427 - root - INFO - Token Token-53 completed task 'Review AM using Asset Change Tracker (5.5.13.1)' at 2025-01-08 08:17:12.810010.
2025-03-06 13:42:54,427 - root - INFO - Token Token-54 released from wait queue for 'Tech'
2025-03-06 13:42:54,427 - root - INFO - Token Token-54 waited 2851.21 minutes for resource
2025-03-06 13:42:54,428 - root - INFO - Token Token-54 started task 'Review AM using Asset Change Tracker (5.5.13.1)' at 2025-01-08 08:17:12.810010, scheduled to end at 2025-01-08 08:26:28.513833
2025-03-06 13:42:54,428 - root - INFO - Token Token-53 started task 'Complete /Accurate?' at 2025-01-08 08:17:12.810010, scheduled to end at 2025-01-08 08:17:12.810010
2025-03-06 13:42:54,428 - root - INFO - Token Token-53 completed task 'Complete /Accurate?' at 2025-01-08 08:17:12.810010.
2025-03-06 13:42:54,429 - root - INFO - Token Token-53 waiting for resource 'Tech' at 2025-01-08 08:17:12.810010
2025-03-06 13:42:54,429 - root - INFO - Token Token-400 started task 'Monthly' at 2025-01-08 08:18:00, scheduled to end at 2025-01-08 08:18:00
2025-03-06 13:42:54,429 - root - INFO - Token Token-400 completed task 'Monthly' at 2025-01-08 08:18:00.
2025-03-06 13:42:54,429 - root - INFO - Token Token-400 waiting for resource 'Tech' at 2025-01-08 08:18:00
2025-03-06 13:42:54,430 - root - INFO - Token Token-401 started task 'Monthly' at 2025-01-08 08:20:00, scheduled to end at 2025-01-08 08:20:00
2025-03-06 13:42:54,430 - root - INFO - Token Token-401 completed task 'Monthly' at 2025-01-08 08:20:00.
2025-03-06 13:42:54,430 - root - INFO - Token Token-401 waiting for resource 'Tech' at 2025-01-08 08:20:00
2025-03-06 13:42:54,430 - root - INFO - Token Token-402 started task 'Monthly' at 2025-01-08 08:22:00, scheduled to end at 2025-01-08 08:22:00
2025-03-06 13:42:54,430 - root - INFO - Token Token-402 completed task 'Monthly' at 2025-01-08 08:22:00.
2025-03-06 13:42:54,431 - root - INFO - Token Token-402 waiting for resource 'Tech' at 2025-01-08 08:22:00
2025-03-06 13:42:54,431 - root - INFO - Token Token-403 started task 'Monthly' at 2025-01-08 08:24:00, scheduled to end at 2025-01-08 08:24:00
2025-03-06 13:42:54,432 - root - INFO - Token Token-403 completed task 'Monthly' at 2025-01-08 08:24:00.
2025-03-06 13:42:54,433 - root - INFO - Token Token-403 waiting for resource 'Tech' at 2025-01-08 08:24:00
2025-03-06 13:42:54,433 - root - INFO - Token Token-404 started task 'Monthly' at 2025-01-08 08:26:00, scheduled to end at 2025-01-08 08:26:00
2025-03-06 13:42:54,433 - root - INFO - Token Token-404 completed task 'Monthly' at 2025-01-08 08:26:00.
2025-03-06 13:42:54,434 - root - INFO - Token Token-404 waiting for resource 'Tech' at 2025-01-08 08:26:00
2025-03-06 13:42:54,434 - root - INFO - Token Token-54 completed task 'Review AM using Asset Change Tracker (5.5.13.1)' at 2025-01-08 08:26:28.513833.
2025-03-06 13:42:54,435 - root - INFO - Token Token-55 released from wait queue for 'Tech'
2025-03-06 13:42:54,435 - root - INFO - Token Token-55 waited 2858.48 minutes for resource
2025-03-06 13:42:54,435 - root - INFO - Token Token-55 started task 'Review AM using Asset Change Tracker (5.5.13.1)' at 2025-01-08 08:26:28.513833, scheduled to end at 2025-01-08 08:34:32.810104
2025-03-06 13:42:54,436 - root - INFO - Token Token-54 started task 'Complete /Accurate?' at 2025-01-08 08:26:28.513833, scheduled to end at 2025-01-08 08:26:28.513833
2025-03-06 13:42:54,436 - root - INFO - Token Token-54 completed task 'Complete /Accurate?' at 2025-01-08 08:26:28.513833.
2025-03-06 13:42:54,436 - root - INFO - Token Token-54 waiting for resource 'Tech' at 2025-01-08 08:26:28.513833
2025-03-06 13:42:54,437 - root - INFO - Token Token-405 started task 'Monthly' at 2025-01-08 08:28:00, scheduled to end at 2025-01-08 08:28:00
2025-03-06 13:42:54,438 - root - INFO - Token Token-405 completed task 'Monthly' at 2025-01-08 08:28:00.
2025-03-06 13:42:54,439 - root - INFO - Token Token-405 waiting for resource 'Tech' at 2025-01-08 08:28:00
2025-03-06 13:42:54,439 - root - INFO - Token Token-406 started task 'Monthly' at 2025-01-08 08:30:00, scheduled to end at 2025-01-08 08:30:00
2025-03-06 13:42:54,440 - root - INFO - Token Token-406 completed task 'Monthly' at 2025-01-08 08:30:00.
2025-03-06 13:42:54,456 - root - INFO - Token Token-406 waiting for resource 'Tech' at 2025-01-08 08:30:00
2025-03-06 13:42:54,456 - root - INFO - Token Token-407 started task 'Monthly' at 2025-01-08 08:32:00, scheduled to end at 2025-01-08 08:32:00
2025-03-06 13:42:54,457 - root - INFO - Token Token-407 completed task 'Monthly' at 2025-01-08 08:32:00.
2025-03-06 13:42:54,457 - root - INFO - Token Token-407 waiting for resource 'Tech' at 2025-01-08 08:32:00
2025-03-06 13:42:54,457 - root - INFO - Token Token-408 started task 'Monthly' at 2025-01-08 08:34:00, scheduled to end at 2025-01-08 08:34:00
2025-03-06 13:42:54,457 - root - INFO - Token Token-408 completed task 'Monthly' at 2025-01-08 08:34:00.
2025-03-06 13:42:54,458 - root - INFO - Token Token-408 waiting for resource 'Tech' at 2025-01-08 08:34:00
2025-03-06 13:42:54,458 - root - INFO - Token Token-55 completed task 'Review AM using Asset Change Tracker (5.5.13.1)' at 2025-01-08 08:34:32.810104.
2025-03-06 13:42:54,458 - root - INFO - Token Token-56 released from wait queue for 'Tech'
2025-03-06 13:42:54,458 - root - INFO - Token Token-56 waited 2864.55 minutes for resource
2025-03-06 13:42:54,458 - root - INFO - Token Token-56 started task 'Review AM using Asset Change Tracker (5.5.13.1)' at 2025-01-08 08:34:32.810104, scheduled to end at 2025-01-08 08:42:58.564370
2025-03-06 13:42:54,459 - root - INFO - Token Token-55 started task 'Complete /Accurate?' at 2025-01-08 08:34:32.810104, scheduled to end at 2025-01-08 08:34:32.810104
2025-03-06 13:42:54,459 - root - INFO - Token Token-55 completed task 'Complete /Accurate?' at 2025-01-08 08:34:32.810104.
2025-03-06 13:42:54,459 - root - INFO - Token Token-55 waiting for resource 'Tech' at 2025-01-08 08:34:32.810104
2025-03-06 13:42:54,459 - root - INFO - Token Token-409 started task 'Monthly' at 2025-01-08 08:36:00, scheduled to end at 2025-01-08 08:36:00
2025-03-06 13:42:54,460 - root - INFO - Token Token-409 completed task 'Monthly' at 2025-01-08 08:36:00.
2025-03-06 13:42:54,460 - root - INFO - Token Token-409 waiting for resource 'Tech' at 2025-01-08 08:36:00
2025-03-06 13:42:54,460 - root - INFO - Token Token-410 started task 'Monthly' at 2025-01-08 08:38:00, scheduled to end at 2025-01-08 08:38:00
2025-03-06 13:42:54,460 - root - INFO - Token Token-410 completed task 'Monthly' at 2025-01-08 08:38:00.
2025-03-06 13:42:54,460 - root - INFO - Token Token-410 waiting for resource 'Tech' at 2025-01-08 08:38:00
2025-03-06 13:42:54,461 - root - INFO - Token Token-411 started task 'Monthly' at 2025-01-08 08:40:00, scheduled to end at 2025-01-08 08:40:00
2025-03-06 13:42:54,461 - root - INFO - Token Token-411 completed task 'Monthly' at 2025-01-08 08:40:00.
2025-03-06 13:42:54,461 - root - INFO - Token Token-411 waiting for resource 'Tech' at 2025-01-08 08:40:00
2025-03-06 13:42:54,462 - root - INFO - Token Token-412 started task 'Monthly' at 2025-01-08 08:42:00, scheduled to end at 2025-01-08 08:42:00
2025-03-06 13:42:54,462 - root - INFO - Token Token-412 completed task 'Monthly' at 2025-01-08 08:42:00.
2025-03-06 13:42:54,462 - root - INFO - Token Token-412 waiting for resource 'Tech' at 2025-01-08 08:42:00
2025-03-06 13:42:54,462 - root - INFO - Token Token-56 completed task 'Review AM using Asset Change Tracker (5.5.13.1)' at 2025-01-08 08:42:58.564370.
2025-03-06 13:42:54,463 - root - INFO - Token Token-57 released from wait queue for 'Tech'
2025-03-06 13:42:54,464 - root - INFO - Token Token-57 waited 2870.98 minutes for resource
2025-03-06 13:42:54,464 - root - INFO - Token Token-57 started task 'Review AM using Asset Change Tracker (5.5.13.1)' at 2025-01-08 08:42:58.564370, scheduled to end at 2025-01-08 08:51:48.638802
2025-03-06 13:42:54,464 - root - INFO - Token Token-56 started task 'Complete /Accurate?' at 2025-01-08 08:42:58.564370, scheduled to end at 2025-01-08 08:42:58.564370
2025-03-06 13:42:54,464 - root - INFO - Token Token-56 completed task 'Complete /Accurate?' at 2025-01-08 08:42:58.564370.
2025-03-06 13:42:54,464 - root - INFO - Token Token-56 waiting for resource 'Tech' at 2025-01-08 08:42:58.564370
2025-03-06 13:42:54,464 - root - INFO - Token Token-413 started task 'Monthly' at 2025-01-08 08:44:00, scheduled to end at 2025-01-08 08:44:00
2025-03-06 13:42:54,464 - root - INFO - Token Token-413 completed task 'Monthly' at 2025-01-08 08:44:00.
2025-03-06 13:42:54,465 - root - INFO - Token Token-413 waiting for resource 'Tech' at 2025-01-08 08:44:00
2025-03-06 13:42:54,465 - root - INFO - Token Token-414 started task 'Monthly' at 2025-01-08 08:46:00, scheduled to end at 2025-01-08 08:46:00
2025-03-06 13:42:54,465 - root - INFO - Token Token-414 completed task 'Monthly' at 2025-01-08 08:46:00.
2025-03-06 13:42:54,465 - root - INFO - Token Token-414 waiting for resource 'Tech' at 2025-01-08 08:46:00
2025-03-06 13:42:54,465 - root - INFO - Token Token-415 started task 'Monthly' at 2025-01-08 08:48:00, scheduled to end at 2025-01-08 08:48:00
2025-03-06 13:42:54,466 - root - INFO - Token Token-415 completed task 'Monthly' at 2025-01-08 08:48:00.
2025-03-06 13:42:54,466 - root - INFO - Token Token-415 waiting for resource 'Tech' at 2025-01-08 08:48:00
2025-03-06 13:42:54,466 - root - INFO - Token Token-416 started task 'Monthly' at 2025-01-08 08:50:00, scheduled to end at 2025-01-08 08:50:00
2025-03-06 13:42:54,467 - root - INFO - Token Token-416 completed task 'Monthly' at 2025-01-08 08:50:00.
2025-03-06 13:42:54,467 - root - INFO - Token Token-416 waiting for resource 'Tech' at 2025-01-08 08:50:00
2025-03-06 13:42:54,467 - root - INFO - Token Token-57 completed task 'Review AM using Asset Change Tracker (5.5.13.1)' at 2025-01-08 08:51:48.638802.
2025-03-06 13:42:54,467 - root - INFO - Token Token-58 released from wait queue for 'Tech'
2025-03-06 13:42:54,467 - root - INFO - Token Token-58 waited 2877.81 minutes for resource
2025-03-06 13:42:54,468 - root - INFO - Token Token-58 started task 'Review AM using Asset Change Tracker (5.5.13.1)' at 2025-01-08 08:51:48.638802, scheduled to end at 2025-01-08 08:58:48.499580
2025-03-06 13:42:54,468 - root - INFO - Token Token-57 started task 'Complete /Accurate?' at 2025-01-08 08:51:48.638802, scheduled to end at 2025-01-08 08:51:48.638802
2025-03-06 13:42:54,468 - root - INFO - Token Token-57 completed task 'Complete /Accurate?' at 2025-01-08 08:51:48.638802.
2025-03-06 13:42:54,468 - root - INFO - Token Token-57 waiting for resource 'Tech' at 2025-01-08 08:51:48.638802
2025-03-06 13:42:54,469 - root - INFO - Token Token-417 started task 'Monthly' at 2025-01-08 08:52:00, scheduled to end at 2025-01-08 08:52:00
2025-03-06 13:42:54,469 - root - INFO - Token Token-417 completed task 'Monthly' at 2025-01-08 08:52:00.
2025-03-06 13:42:54,469 - root - INFO - Token Token-417 waiting for resource 'Tech' at 2025-01-08 08:52:00
2025-03-06 13:42:54,469 - root - INFO - Token Token-418 started task 'Monthly' at 2025-01-08 08:54:00, scheduled to end at 2025-01-08 08:54:00
2025-03-06 13:42:54,470 - root - INFO - Token Token-418 completed task 'Monthly' at 2025-01-08 08:54:00.
2025-03-06 13:42:54,470 - root - INFO - Token Token-418 waiting for resource 'Tech' at 2025-01-08 08:54:00
2025-03-06 13:42:54,470 - root - INFO - Token Token-419 started task 'Monthly' at 2025-01-08 08:56:00, scheduled to end at 2025-01-08 08:56:00
2025-03-06 13:42:54,470 - root - INFO - Token Token-419 completed task 'Monthly' at 2025-01-08 08:56:00.
2025-03-06 13:42:54,471 - root - INFO - Token Token-419 waiting for resource 'Tech' at 2025-01-08 08:56:00
2025-03-06 13:42:54,471 - root - INFO - Token Token-420 started task 'Monthly' at 2025-01-08 08:58:00, scheduled to end at 2025-01-08 08:58:00
2025-03-06 13:42:54,471 - root - INFO - Token Token-420 completed task 'Monthly' at 2025-01-08 08:58:00.
2025-03-06 13:42:54,471 - root - INFO - Token Token-420 waiting for resource 'Tech' at 2025-01-08 08:58:00
2025-03-06 13:42:54,471 - root - INFO - Token Token-58 completed task 'Review AM using Asset Change Tracker (5.5.13.1)' at 2025-01-08 08:58:48.499580.
2025-03-06 13:42:54,472 - root - INFO - Token Token-59 released from wait queue for 'Tech'
2025-03-06 13:42:54,472 - root - INFO - Token Token-59 waited 2882.81 minutes for resource
2025-03-06 13:42:54,472 - root - INFO - Token Token-59 started task 'Review AM using Asset Change Tracker (5.5.13.1)' at 2025-01-08 08:58:48.499580, scheduled to end at 2025-01-08 09:08:02.311566
2025-03-06 13:42:54,472 - root - INFO - Token Token-58 started task 'Complete /Accurate?' at 2025-01-08 08:58:48.499580, scheduled to end at 2025-01-08 08:58:48.499580
2025-03-06 13:42:54,474 - root - INFO - Token Token-58 completed task 'Complete /Accurate?' at 2025-01-08 08:58:48.499580.
2025-03-06 13:42:54,474 - root - INFO - Token Token-58 waiting for resource 'Tech' at 2025-01-08 08:58:48.499580
2025-03-06 13:42:54,474 - root - INFO - Token Token-421 started task 'Monthly' at 2025-01-08 09:00:00, scheduled to end at 2025-01-08 09:00:00
2025-03-06 13:42:54,475 - root - INFO - Token Token-421 completed task 'Monthly' at 2025-01-08 09:00:00.
2025-03-06 13:42:54,475 - root - INFO - Token Token-421 waiting for resource 'Tech' at 2025-01-08 09:00:00
2025-03-06 13:42:54,475 - root - INFO - Token Token-422 started task 'Monthly' at 2025-01-08 09:02:00, scheduled to end at 2025-01-08 09:02:00
2025-03-06 13:42:54,475 - root - INFO - Token Token-422 completed task 'Monthly' at 2025-01-08 09:02:00.
2025-03-06 13:42:54,476 - root - INFO - Token Token-422 waiting for resource 'Tech' at 2025-01-08 09:02:00
2025-03-06 13:42:54,476 - root - INFO - Token Token-423 started task 'Monthly' at 2025-01-08 09:04:00, scheduled to end at 2025-01-08 09:04:00
2025-03-06 13:42:54,476 - root - INFO - Token Token-423 completed task 'Monthly' at 2025-01-08 09:04:00.
2025-03-06 13:42:54,476 - root - INFO - Token Token-423 waiting for resource 'Tech' at 2025-01-08 09:04:00
2025-03-06 13:42:54,476 - root - INFO - Token Token-424 started task 'Monthly' at 2025-01-08 09:06:00, scheduled to end at 2025-01-08 09:06:00
2025-03-06 13:42:54,477 - root - INFO - Token Token-424 completed task 'Monthly' at 2025-01-08 09:06:00.
2025-03-06 13:42:54,477 - root - INFO - Token Token-424 waiting for resource 'Tech' at 2025-01-08 09:06:00
2025-03-06 13:42:54,477 - root - INFO - Token Token-425 started task 'Monthly' at 2025-01-08 09:08:00, scheduled to end at 2025-01-08 09:08:00
2025-03-06 13:42:54,477 - root - INFO - Token Token-425 completed task 'Monthly' at 2025-01-08 09:08:00.
2025-03-06 13:42:54,479 - root - INFO - Token Token-425 waiting for resource 'Tech' at 2025-01-08 09:08:00
2025-03-06 13:42:54,479 - root - INFO - Token Token-59 completed task 'Review AM using Asset Change Tracker (5.5.13.1)' at 2025-01-08 09:08:02.311566.
2025-03-06 13:42:54,479 - root - INFO - Token Token-60 released from wait queue for 'Tech'
2025-03-06 13:42:54,480 - root - INFO - Token Token-60 waited 2890.04 minutes for resource
2025-03-06 13:42:54,481 - root - INFO - Token Token-60 started task 'Review AM using Asset Change Tracker (5.5.13.1)' at 2025-01-08 09:08:02.311566, scheduled to end at 2025-01-08 09:17:13.868281
2025-03-06 13:42:54,481 - root - INFO - Token Token-59 started task 'Complete /Accurate?' at 2025-01-08 09:08:02.311566, scheduled to end at 2025-01-08 09:08:02.311566
2025-03-06 13:42:54,482 - root - INFO - Token Token-59 completed task 'Complete /Accurate?' at 2025-01-08 09:08:02.311566.
2025-03-06 13:42:54,482 - root - INFO - Token Token-59 waiting for resource 'Tech' at 2025-01-08 09:08:02.311566
2025-03-06 13:42:54,482 - root - INFO - Token Token-426 started task 'Monthly' at 2025-01-08 09:10:00, scheduled to end at 2025-01-08 09:10:00
2025-03-06 13:42:54,483 - root - INFO - Token Token-426 completed task 'Monthly' at 2025-01-08 09:10:00.
2025-03-06 13:42:54,483 - root - INFO - Token Token-426 waiting for resource 'Tech' at 2025-01-08 09:10:00
2025-03-06 13:42:54,483 - root - INFO - Token Token-427 started task 'Monthly' at 2025-01-08 09:12:00, scheduled to end at 2025-01-08 09:12:00
2025-03-06 13:42:54,485 - root - INFO - Token Token-427 completed task 'Monthly' at 2025-01-08 09:12:00.
2025-03-06 13:42:54,502 - root - INFO - Token Token-427 waiting for resource 'Tech' at 2025-01-08 09:12:00
2025-03-06 13:42:54,502 - root - INFO - Token Token-428 started task 'Monthly' at 2025-01-08 09:14:00, scheduled to end at 2025-01-08 09:14:00
2025-03-06 13:42:54,502 - root - INFO - Token Token-428 completed task 'Monthly' at 2025-01-08 09:14:00.
2025-03-06 13:42:54,502 - root - INFO - Token Token-428 waiting for resource 'Tech' at 2025-01-08 09:14:00
2025-03-06 13:42:54,503 - root - INFO - Token Token-429 started task 'Monthly' at 2025-01-08 09:16:00, scheduled to end at 2025-01-08 09:16:00
2025-03-06 13:42:54,503 - root - INFO - Token Token-429 completed task 'Monthly' at 2025-01-08 09:16:00.
2025-03-06 13:42:54,503 - root - INFO - Token Token-429 waiting for resource 'Tech' at 2025-01-08 09:16:00
2025-03-06 13:42:54,503 - root - INFO - Token Token-60 completed task 'Review AM using Asset Change Tracker (5.5.13.1)' at 2025-01-08 09:17:13.868281.
2025-03-06 13:42:54,504 - root - INFO - Token Token-61 released from wait queue for 'Tech'
2025-03-06 13:42:54,504 - root - INFO - Token Token-61 waited 2897.23 minutes for resource
2025-03-06 13:42:54,504 - root - INFO - Token Token-61 started task 'Review AM using Asset Change Tracker (5.5.13.1)' at 2025-01-08 09:17:13.868281, scheduled to end at 2025-01-08 09:26:37.892465
2025-03-06 13:42:54,504 - root - INFO - Token Token-60 started task 'Complete /Accurate?' at 2025-01-08 09:17:13.868281, scheduled to end at 2025-01-08 09:17:13.868281
2025-03-06 13:42:54,505 - root - INFO - Token Token-60 completed task 'Complete /Accurate?' at 2025-01-08 09:17:13.868281.
2025-03-06 13:42:54,505 - root - INFO - Token Token-60 waiting for resource 'Tech' at 2025-01-08 09:17:13.868281
2025-03-06 13:42:54,505 - root - INFO - Token Token-430 started task 'Monthly' at 2025-01-08 09:18:00, scheduled to end at 2025-01-08 09:18:00
2025-03-06 13:42:54,505 - root - INFO - Token Token-430 completed task 'Monthly' at 2025-01-08 09:18:00.
2025-03-06 13:42:54,506 - root - INFO - Token Token-430 waiting for resource 'Tech' at 2025-01-08 09:18:00
2025-03-06 13:42:54,506 - root - INFO - Token Token-431 started task 'Monthly' at 2025-01-08 09:20:00, scheduled to end at 2025-01-08 09:20:00
2025-03-06 13:42:54,506 - root - INFO - Token Token-431 completed task 'Monthly' at 2025-01-08 09:20:00.
2025-03-06 13:42:54,506 - root - INFO - Token Token-431 waiting for resource 'Tech' at 2025-01-08 09:20:00
2025-03-06 13:42:54,506 - root - INFO - Token Token-432 started task 'Monthly' at 2025-01-08 09:22:00, scheduled to end at 2025-01-08 09:22:00
2025-03-06 13:42:54,507 - root - INFO - Token Token-432 completed task 'Monthly' at 2025-01-08 09:22:00.
2025-03-06 13:42:54,507 - root - INFO - Token Token-432 waiting for resource 'Tech' at 2025-01-08 09:22:00
2025-03-06 13:42:54,507 - root - INFO - Token Token-433 started task 'Monthly' at 2025-01-08 09:24:00, scheduled to end at 2025-01-08 09:24:00
2025-03-06 13:42:54,507 - root - INFO - Token Token-433 completed task 'Monthly' at 2025-01-08 09:24:00.
2025-03-06 13:42:54,509 - root - INFO - Token Token-433 waiting for resource 'Tech' at 2025-01-08 09:24:00
2025-03-06 13:42:54,509 - root - INFO - Token Token-434 started task 'Monthly' at 2025-01-08 09:26:00, scheduled to end at 2025-01-08 09:26:00
2025-03-06 13:42:54,509 - root - INFO - Token Token-434 completed task 'Monthly' at 2025-01-08 09:26:00.
2025-03-06 13:42:54,509 - root - INFO - Token Token-434 waiting for resource 'Tech' at 2025-01-08 09:26:00
2025-03-06 13:42:54,509 - root - INFO - Token Token-61 completed task 'Review AM using Asset Change Tracker (5.5.13.1)' at 2025-01-08 09:26:37.892465.
2025-03-06 13:42:54,510 - root - INFO - Token Token-62 released from wait queue for 'Tech'
2025-03-06 13:42:54,510 - root - INFO - Token Token-62 waited 2904.63 minutes for resource
2025-03-06 13:42:54,510 - root - INFO - Token Token-62 started task 'Review AM using Asset Change Tracker (5.5.13.1)' at 2025-01-08 09:26:37.892465, scheduled to end at 2025-01-08 09:35:05.619776
2025-03-06 13:42:54,511 - root - INFO - Token Token-61 started task 'Complete /Accurate?' at 2025-01-08 09:26:37.892465, scheduled to end at 2025-01-08 09:26:37.892465
2025-03-06 13:42:54,511 - root - INFO - Token Token-61 completed task 'Complete /Accurate?' at 2025-01-08 09:26:37.892465.
2025-03-06 13:42:54,512 - root - INFO - Token Token-61 waiting for resource 'Tech' at 2025-01-08 09:26:37.892465
2025-03-06 13:42:54,512 - root - INFO - Token Token-435 started task 'Monthly' at 2025-01-08 09:28:00, scheduled to end at 2025-01-08 09:28:00
2025-03-06 13:42:54,513 - root - INFO - Token Token-435 completed task 'Monthly' at 2025-01-08 09:28:00.
2025-03-06 13:42:54,513 - root - INFO - Token Token-435 waiting for resource 'Tech' at 2025-01-08 09:28:00
2025-03-06 13:42:54,513 - root - INFO - Token Token-436 started task 'Monthly' at 2025-01-08 09:30:00, scheduled to end at 2025-01-08 09:30:00
2025-03-06 13:42:54,514 - root - INFO - Token Token-436 completed task 'Monthly' at 2025-01-08 09:30:00.
2025-03-06 13:42:54,514 - root - INFO - Token Token-436 waiting for resource 'Tech' at 2025-01-08 09:30:00
2025-03-06 13:42:54,514 - root - INFO - Token Token-437 started task 'Monthly' at 2025-01-08 09:32:00, scheduled to end at 2025-01-08 09:32:00
2025-03-06 13:42:54,515 - root - INFO - Token Token-437 completed task 'Monthly' at 2025-01-08 09:32:00.
2025-03-06 13:42:54,515 - root - INFO - Token Token-437 waiting for resource 'Tech' at 2025-01-08 09:32:00
2025-03-06 13:42:54,515 - root - INFO - Token Token-438 started task 'Monthly' at 2025-01-08 09:34:00, scheduled to end at 2025-01-08 09:34:00
2025-03-06 13:42:54,516 - root - INFO - Token Token-438 completed task 'Monthly' at 2025-01-08 09:34:00.
2025-03-06 13:42:54,516 - root - INFO - Token Token-438 waiting for resource 'Tech' at 2025-01-08 09:34:00
2025-03-06 13:42:54,517 - root - INFO - Token Token-62 completed task 'Review AM using Asset Change Tracker (5.5.13.1)' at 2025-01-08 09:35:05.619776.
2025-03-06 13:42:54,518 - root - INFO - Token Token-63 released from wait queue for 'Tech'
2025-03-06 13:42:54,518 - root - INFO - Token Token-63 waited 2911.09 minutes for resource
2025-03-06 13:42:54,518 - root - INFO - Token Token-63 started task 'Review AM using Asset Change Tracker (5.5.13.1)' at 2025-01-08 09:35:05.619776, scheduled to end at 2025-01-08 09:41:08.579432
2025-03-06 13:42:54,519 - root - INFO - Token Token-62 started task 'Complete /Accurate?' at 2025-01-08 09:35:05.619776, scheduled to end at 2025-01-08 09:35:05.619776
2025-03-06 13:42:54,519 - root - INFO - Token Token-62 completed task 'Complete /Accurate?' at 2025-01-08 09:35:05.619776.
2025-03-06 13:42:54,520 - root - INFO - Token Token-62 waiting for resource 'Tech' at 2025-01-08 09:35:05.619776
2025-03-06 13:42:54,520 - root - INFO - Token Token-439 started task 'Monthly' at 2025-01-08 09:36:00, scheduled to end at 2025-01-08 09:36:00
2025-03-06 13:42:54,520 - root - INFO - Token Token-439 completed task 'Monthly' at 2025-01-08 09:36:00.
2025-03-06 13:42:54,521 - root - INFO - Token Token-439 waiting for resource 'Tech' at 2025-01-08 09:36:00
2025-03-06 13:42:54,521 - root - INFO - Token Token-440 started task 'Monthly' at 2025-01-08 09:38:00, scheduled to end at 2025-01-08 09:38:00
2025-03-06 13:42:54,521 - root - INFO - Token Token-440 completed task 'Monthly' at 2025-01-08 09:38:00.
2025-03-06 13:42:54,522 - root - INFO - Token Token-440 waiting for resource 'Tech' at 2025-01-08 09:38:00
2025-03-06 13:42:54,522 - root - INFO - Token Token-441 started task 'Monthly' at 2025-01-08 09:40:00, scheduled to end at 2025-01-08 09:40:00
2025-03-06 13:42:54,522 - root - INFO - Token Token-441 completed task 'Monthly' at 2025-01-08 09:40:00.
2025-03-06 13:42:54,523 - root - INFO - Token Token-441 waiting for resource 'Tech' at 2025-01-08 09:40:00
2025-03-06 13:42:54,523 - root - INFO - Token Token-63 completed task 'Review AM using Asset Change Tracker (5.5.13.1)' at 2025-01-08 09:41:08.579432.
2025-03-06 13:42:54,524 - root - INFO - Token Token-64 released from wait queue for 'Tech'
2025-03-06 13:42:54,524 - root - INFO - Token Token-64 waited 2915.14 minutes for resource
2025-03-06 13:42:54,524 - root - INFO - Token Token-64 started task 'Review AM using Asset Change Tracker (5.5.13.1)' at 2025-01-08 09:41:08.579432, scheduled to end at 2025-01-08 09:49:58.882340
2025-03-06 13:42:54,525 - root - INFO - Token Token-63 started task 'Complete /Accurate?' at 2025-01-08 09:41:08.579432, scheduled to end at 2025-01-08 09:41:08.579432
2025-03-06 13:42:54,525 - root - INFO - Token Token-63 completed task 'Complete /Accurate?' at 2025-01-08 09:41:08.579432.
2025-03-06 13:42:54,525 - root - INFO - Token Token-63 waiting for resource 'Tech' at 2025-01-08 09:41:08.579432
2025-03-06 13:42:54,526 - root - INFO - Token Token-442 started task 'Monthly' at 2025-01-08 09:42:00, scheduled to end at 2025-01-08 09:42:00
2025-03-06 13:42:54,526 - root - INFO - Token Token-442 completed task 'Monthly' at 2025-01-08 09:42:00.
2025-03-06 13:42:54,527 - root - INFO - Token Token-442 waiting for resource 'Tech' at 2025-01-08 09:42:00
2025-03-06 13:42:54,527 - root - INFO - Token Token-443 started task 'Monthly' at 2025-01-08 09:44:00, scheduled to end at 2025-01-08 09:44:00
2025-03-06 13:42:54,527 - root - INFO - Token Token-443 completed task 'Monthly' at 2025-01-08 09:44:00.
2025-03-06 13:42:54,528 - root - INFO - Token Token-443 waiting for resource 'Tech' at 2025-01-08 09:44:00
2025-03-06 13:42:54,528 - root - INFO - Token Token-444 started task 'Monthly' at 2025-01-08 09:46:00, scheduled to end at 2025-01-08 09:46:00
2025-03-06 13:42:54,529 - root - INFO - Token Token-444 completed task 'Monthly' at 2025-01-08 09:46:00.
2025-03-06 13:42:54,529 - root - INFO - Token Token-444 waiting for resource 'Tech' at 2025-01-08 09:46:00
2025-03-06 13:42:54,529 - root - INFO - Token Token-445 started task 'Monthly' at 2025-01-08 09:48:00, scheduled to end at 2025-01-08 09:48:00
2025-03-06 13:42:54,529 - root - INFO - Token Token-445 completed task 'Monthly' at 2025-01-08 09:48:00.
2025-03-06 13:42:54,530 - root - INFO - Token Token-445 waiting for resource 'Tech' at 2025-01-08 09:48:00
2025-03-06 13:42:54,530 - root - INFO - Token Token-64 completed task 'Review AM using Asset Change Tracker (5.5.13.1)' at 2025-01-08 09:49:58.882340.
2025-03-06 13:42:54,530 - root - INFO - Token Token-65 released from wait queue for 'Tech'
2025-03-06 13:42:54,530 - root - INFO - Token Token-65 waited 2921.98 minutes for resource
2025-03-06 13:42:54,530 - root - INFO - Token Token-65 started task 'Review AM using Asset Change Tracker (5.5.13.1)' at 2025-01-08 09:49:58.882340, scheduled to end at 2025-01-08 09:56:15.943116
2025-03-06 13:42:54,530 - root - INFO - Token Token-64 started task 'Complete /Accurate?' at 2025-01-08 09:49:58.882340, scheduled to end at 2025-01-08 09:49:58.882340
2025-03-06 13:42:54,530 - root - INFO - Token Token-64 completed task 'Complete /Accurate?' at 2025-01-08 09:49:58.882340.
2025-03-06 13:42:54,530 - root - INFO - Token Token-64 waiting for resource 'Tech' at 2025-01-08 09:49:58.882340
2025-03-06 13:42:54,532 - root - INFO - Token Token-446 started task 'Monthly' at 2025-01-08 09:50:00, scheduled to end at 2025-01-08 09:50:00
2025-03-06 13:42:54,532 - root - INFO - Token Token-446 completed task 'Monthly' at 2025-01-08 09:50:00.
2025-03-06 13:42:54,533 - root - INFO - Token Token-446 waiting for resource 'Tech' at 2025-01-08 09:50:00
2025-03-06 13:42:54,533 - root - INFO - Token Token-447 started task 'Monthly' at 2025-01-08 09:52:00, scheduled to end at 2025-01-08 09:52:00
2025-03-06 13:42:54,533 - root - INFO - Token Token-447 completed task 'Monthly' at 2025-01-08 09:52:00.
2025-03-06 13:42:54,533 - root - INFO - Token Token-447 waiting for resource 'Tech' at 2025-01-08 09:52:00
2025-03-06 13:42:54,533 - root - INFO - Token Token-448 started task 'Monthly' at 2025-01-08 09:54:00, scheduled to end at 2025-01-08 09:54:00
2025-03-06 13:42:54,534 - root - INFO - Token Token-448 completed task 'Monthly' at 2025-01-08 09:54:00.
2025-03-06 13:42:54,534 - root - INFO - Token Token-448 waiting for resource 'Tech' at 2025-01-08 09:54:00
2025-03-06 13:42:54,534 - root - INFO - Token Token-449 started task 'Monthly' at 2025-01-08 09:56:00, scheduled to end at 2025-01-08 09:56:00
2025-03-06 13:42:54,536 - root - INFO - Token Token-449 completed task 'Monthly' at 2025-01-08 09:56:00.
2025-03-06 13:42:54,536 - root - INFO - Token Token-449 waiting for resource 'Tech' at 2025-01-08 09:56:00
2025-03-06 13:42:54,548 - root - INFO - Token Token-65 completed task 'Review AM using Asset Change Tracker (5.5.13.1)' at 2025-01-08 09:56:15.943116.
2025-03-06 13:42:54,548 - root - INFO - Token Token-66 released from wait queue for 'Tech'
2025-03-06 13:42:54,548 - root - INFO - Token Token-66 waited 2926.27 minutes for resource
2025-03-06 13:42:54,549 - root - INFO - Token Token-66 started task 'Review AM using Asset Change Tracker (5.5.13.1)' at 2025-01-08 09:56:15.943116, scheduled to end at 2025-01-08 10:05:03.265055
2025-03-06 13:42:54,549 - root - INFO - Token Token-65 started task 'Complete /Accurate?' at 2025-01-08 09:56:15.943116, scheduled to end at 2025-01-08 09:56:15.943116
2025-03-06 13:42:54,549 - root - INFO - Token Token-65 completed task 'Complete /Accurate?' at 2025-01-08 09:56:15.943116.
2025-03-06 13:42:54,549 - root - INFO - Token Token-65 waiting for resource 'Tech' at 2025-01-08 09:56:15.943116
2025-03-06 13:42:54,550 - root - INFO - Token Token-450 started task 'Monthly' at 2025-01-08 09:58:00, scheduled to end at 2025-01-08 09:58:00
2025-03-06 13:42:54,550 - root - INFO - Token Token-450 completed task 'Monthly' at 2025-01-08 09:58:00.
2025-03-06 13:42:54,550 - root - INFO - Token Token-450 waiting for resource 'Tech' at 2025-01-08 09:58:00
2025-03-06 13:42:54,550 - root - INFO - Token Token-451 started task 'Monthly' at 2025-01-08 10:00:00, scheduled to end at 2025-01-08 10:00:00
2025-03-06 13:42:54,551 - root - INFO - Token Token-451 completed task 'Monthly' at 2025-01-08 10:00:00.
2025-03-06 13:42:54,552 - root - INFO - Token Token-451 waiting for resource 'Tech' at 2025-01-08 10:00:00
2025-03-06 13:42:54,552 - root - INFO - Token Token-452 started task 'Monthly' at 2025-01-08 10:02:00, scheduled to end at 2025-01-08 10:02:00
2025-03-06 13:42:54,552 - root - INFO - Token Token-452 completed task 'Monthly' at 2025-01-08 10:02:00.
2025-03-06 13:42:54,552 - root - INFO - Token Token-452 waiting for resource 'Tech' at 2025-01-08 10:02:00
2025-03-06 13:42:54,552 - root - INFO - Token Token-453 started task 'Monthly' at 2025-01-08 10:04:00, scheduled to end at 2025-01-08 10:04:00
2025-03-06 13:42:54,552 - root - INFO - Token Token-453 completed task 'Monthly' at 2025-01-08 10:04:00.
2025-03-06 13:42:54,552 - root - INFO - Token Token-453 waiting for resource 'Tech' at 2025-01-08 10:04:00
2025-03-06 13:42:54,552 - root - INFO - Token Token-66 completed task 'Review AM using Asset Change Tracker (5.5.13.1)' at 2025-01-08 10:05:03.265055.
2025-03-06 13:42:54,553 - root - INFO - Token Token-67 released from wait queue for 'Tech'
2025-03-06 13:42:54,553 - root - INFO - Token Token-67 waited 2933.05 minutes for resource
2025-03-06 13:42:54,553 - root - INFO - Token Token-67 started task 'Review AM using Asset Change Tracker (5.5.13.1)' at 2025-01-08 10:05:03.265055, scheduled to end at 2025-01-08 10:13:18.165332
2025-03-06 13:42:54,553 - root - INFO - Token Token-66 started task 'Complete /Accurate?' at 2025-01-08 10:05:03.265055, scheduled to end at 2025-01-08 10:05:03.265055
2025-03-06 13:42:54,553 - root - INFO - Token Token-66 completed task 'Complete /Accurate?' at 2025-01-08 10:05:03.265055.
2025-03-06 13:42:54,554 - root - INFO - Token Token-66 waiting for resource 'Tech' at 2025-01-08 10:05:03.265055
2025-03-06 13:42:54,554 - root - INFO - Token Token-454 started task 'Monthly' at 2025-01-08 10:06:00, scheduled to end at 2025-01-08 10:06:00
2025-03-06 13:42:54,554 - root - INFO - Token Token-454 completed task 'Monthly' at 2025-01-08 10:06:00.
2025-03-06 13:42:54,555 - root - INFO - Token Token-454 waiting for resource 'Tech' at 2025-01-08 10:06:00
2025-03-06 13:42:54,555 - root - INFO - Token Token-455 started task 'Monthly' at 2025-01-08 10:08:00, scheduled to end at 2025-01-08 10:08:00
2025-03-06 13:42:54,555 - root - INFO - Token Token-455 completed task 'Monthly' at 2025-01-08 10:08:00.
2025-03-06 13:42:54,555 - root - INFO - Token Token-455 waiting for resource 'Tech' at 2025-01-08 10:08:00
2025-03-06 13:42:54,556 - root - INFO - Token Token-456 started task 'Monthly' at 2025-01-08 10:10:00, scheduled to end at 2025-01-08 10:10:00
2025-03-06 13:42:54,556 - root - INFO - Token Token-456 completed task 'Monthly' at 2025-01-08 10:10:00.
2025-03-06 13:42:54,556 - root - INFO - Token Token-456 waiting for resource 'Tech' at 2025-01-08 10:10:00
2025-03-06 13:42:54,556 - root - INFO - Token Token-457 started task 'Monthly' at 2025-01-08 10:12:00, scheduled to end at 2025-01-08 10:12:00
2025-03-06 13:42:54,557 - root - INFO - Token Token-457 completed task 'Monthly' at 2025-01-08 10:12:00.
2025-03-06 13:42:54,557 - root - INFO - Token Token-457 waiting for resource 'Tech' at 2025-01-08 10:12:00
2025-03-06 13:42:54,558 - root - INFO - Token Token-67 completed task 'Review AM using Asset Change Tracker (5.5.13.1)' at 2025-01-08 10:13:18.165332.
2025-03-06 13:42:54,558 - root - INFO - Token Token-68 released from wait queue for 'Tech'
2025-03-06 13:42:54,558 - root - INFO - Token Token-68 waited 2939.30 minutes for resource
2025-03-06 13:42:54,558 - root - INFO - Token Token-68 started task 'Review AM using Asset Change Tracker (5.5.13.1)' at 2025-01-08 10:13:18.165332, scheduled to end at 2025-01-08 10:22:38.799042
2025-03-06 13:42:54,559 - root - INFO - Token Token-67 started task 'Complete /Accurate?' at 2025-01-08 10:13:18.165332, scheduled to end at 2025-01-08 10:13:18.165332
2025-03-06 13:42:54,559 - root - INFO - Token Token-67 completed task 'Complete /Accurate?' at 2025-01-08 10:13:18.165332.
2025-03-06 13:42:54,559 - root - INFO - Token Token-67 waiting for resource 'Tech' at 2025-01-08 10:13:18.165332
2025-03-06 13:42:54,559 - root - INFO - Token Token-458 started task 'Monthly' at 2025-01-08 10:14:00, scheduled to end at 2025-01-08 10:14:00
2025-03-06 13:42:54,559 - root - INFO - Token Token-458 completed task 'Monthly' at 2025-01-08 10:14:00.
2025-03-06 13:42:54,560 - root - INFO - Token Token-458 waiting for resource 'Tech' at 2025-01-08 10:14:00
2025-03-06 13:42:54,560 - root - INFO - Token Token-459 started task 'Monthly' at 2025-01-08 10:16:00, scheduled to end at 2025-01-08 10:16:00
2025-03-06 13:42:54,560 - root - INFO - Token Token-459 completed task 'Monthly' at 2025-01-08 10:16:00.
2025-03-06 13:42:54,560 - root - INFO - Token Token-459 waiting for resource 'Tech' at 2025-01-08 10:16:00
2025-03-06 13:42:54,561 - root - INFO - Token Token-460 started task 'Monthly' at 2025-01-08 10:18:00, scheduled to end at 2025-01-08 10:18:00
2025-03-06 13:42:54,561 - root - INFO - Token Token-460 completed task 'Monthly' at 2025-01-08 10:18:00.
2025-03-06 13:42:54,561 - root - INFO - Token Token-460 waiting for resource 'Tech' at 2025-01-08 10:18:00
2025-03-06 13:42:54,561 - root - INFO - Token Token-461 started task 'Monthly' at 2025-01-08 10:20:00, scheduled to end at 2025-01-08 10:20:00
2025-03-06 13:42:54,561 - root - INFO - Token Token-461 completed task 'Monthly' at 2025-01-08 10:20:00.
2025-03-06 13:42:54,562 - root - INFO - Token Token-461 waiting for resource 'Tech' at 2025-01-08 10:20:00
2025-03-06 13:42:54,562 - root - INFO - Token Token-462 started task 'Monthly' at 2025-01-08 10:22:00, scheduled to end at 2025-01-08 10:22:00
2025-03-06 13:42:54,562 - root - INFO - Token Token-462 completed task 'Monthly' at 2025-01-08 10:22:00.
2025-03-06 13:42:54,562 - root - INFO - Token Token-462 waiting for resource 'Tech' at 2025-01-08 10:22:00
2025-03-06 13:42:54,563 - root - INFO - Token Token-68 completed task 'Review AM using Asset Change Tracker (5.5.13.1)' at 2025-01-08 10:22:38.799042.
2025-03-06 13:42:54,563 - root - INFO - Token Token-69 released from wait queue for 'Tech'
2025-03-06 13:42:54,564 - root - INFO - Token Token-69 waited 2946.65 minutes for resource
2025-03-06 13:42:54,564 - root - INFO - Token Token-69 started task 'Review AM using Asset Change Tracker (5.5.13.1)' at 2025-01-08 10:22:38.799042, scheduled to end at 2025-01-08 10:31:06.071410
2025-03-06 13:42:54,564 - root - INFO - Token Token-68 started task 'Complete /Accurate?' at 2025-01-08 10:22:38.799042, scheduled to end at 2025-01-08 10:22:38.799042
2025-03-06 13:42:54,564 - root - INFO - Token Token-68 completed task 'Complete /Accurate?' at 2025-01-08 10:22:38.799042.
2025-03-06 13:42:54,565 - root - INFO - Token Token-68 waiting for resource 'Tech' at 2025-01-08 10:22:38.799042
2025-03-06 13:42:54,565 - root - INFO - Token Token-463 started task 'Monthly' at 2025-01-08 10:24:00, scheduled to end at 2025-01-08 10:24:00
2025-03-06 13:42:54,565 - root - INFO - Token Token-463 completed task 'Monthly' at 2025-01-08 10:24:00.
2025-03-06 13:42:54,565 - root - INFO - Token Token-463 waiting for resource 'Tech' at 2025-01-08 10:24:00
2025-03-06 13:42:54,565 - root - INFO - Token Token-464 started task 'Monthly' at 2025-01-08 10:26:00, scheduled to end at 2025-01-08 10:26:00
2025-03-06 13:42:54,566 - root - INFO - Token Token-464 completed task 'Monthly' at 2025-01-08 10:26:00.
2025-03-06 13:42:54,566 - root - INFO - Token Token-464 waiting for resource 'Tech' at 2025-01-08 10:26:00
2025-03-06 13:42:54,566 - root - INFO - Token Token-465 started task 'Monthly' at 2025-01-08 10:28:00, scheduled to end at 2025-01-08 10:28:00
2025-03-06 13:42:54,566 - root - INFO - Token Token-465 completed task 'Monthly' at 2025-01-08 10:28:00.
2025-03-06 13:42:54,567 - root - INFO - Token Token-465 waiting for resource 'Tech' at 2025-01-08 10:28:00
2025-03-06 13:42:54,567 - root - INFO - Token Token-466 started task 'Monthly' at 2025-01-08 10:30:00, scheduled to end at 2025-01-08 10:30:00
2025-03-06 13:42:54,567 - root - INFO - Token Token-466 completed task 'Monthly' at 2025-01-08 10:30:00.
2025-03-06 13:42:54,567 - root - INFO - Token Token-466 waiting for resource 'Tech' at 2025-01-08 10:30:00
2025-03-06 13:42:54,568 - root - INFO - Token Token-69 completed task 'Review AM using Asset Change Tracker (5.5.13.1)' at 2025-01-08 10:31:06.071410.
2025-03-06 13:42:54,568 - root - INFO - Token Token-70 released from wait queue for 'Tech'
2025-03-06 13:42:54,568 - root - INFO - Token Token-70 waited 2953.10 minutes for resource
2025-03-06 13:42:54,568 - root - INFO - Token Token-70 started task 'Review AM using Asset Change Tracker (5.5.13.1)' at 2025-01-08 10:31:06.071410, scheduled to end at 2025-01-08 10:38:40.435560
2025-03-06 13:42:54,568 - root - INFO - Token Token-69 started task 'Complete /Accurate?' at 2025-01-08 10:31:06.071410, scheduled to end at 2025-01-08 10:31:06.071410
2025-03-06 13:42:54,569 - root - INFO - Token Token-69 completed task 'Complete /Accurate?' at 2025-01-08 10:31:06.071410.
2025-03-06 13:42:54,569 - root - INFO - Token Token-69 waiting for resource 'Tech' at 2025-01-08 10:31:06.071410
2025-03-06 13:42:54,569 - root - INFO - Token Token-467 started task 'Monthly' at 2025-01-08 10:32:00, scheduled to end at 2025-01-08 10:32:00
2025-03-06 13:42:54,569 - root - INFO - Token Token-467 completed task 'Monthly' at 2025-01-08 10:32:00.
2025-03-06 13:42:54,569 - root - INFO - Token Token-467 waiting for resource 'Tech' at 2025-01-08 10:32:00
2025-03-06 13:42:54,570 - root - INFO - Token Token-468 started task 'Monthly' at 2025-01-08 10:34:00, scheduled to end at 2025-01-08 10:34:00
2025-03-06 13:42:54,570 - root - INFO - Token Token-468 completed task 'Monthly' at 2025-01-08 10:34:00.
2025-03-06 13:42:54,570 - root - INFO - Token Token-468 waiting for resource 'Tech' at 2025-01-08 10:34:00
2025-03-06 13:42:54,571 - root - INFO - Token Token-469 started task 'Monthly' at 2025-01-08 10:36:00, scheduled to end at 2025-01-08 10:36:00
2025-03-06 13:42:54,572 - root - INFO - Token Token-469 completed task 'Monthly' at 2025-01-08 10:36:00.
2025-03-06 13:42:54,572 - root - INFO - Token Token-469 waiting for resource 'Tech' at 2025-01-08 10:36:00
2025-03-06 13:42:54,572 - root - INFO - Token Token-470 started task 'Monthly' at 2025-01-08 10:38:00, scheduled to end at 2025-01-08 10:38:00
2025-03-06 13:42:54,573 - root - INFO - Token Token-470 completed task 'Monthly' at 2025-01-08 10:38:00.
2025-03-06 13:42:54,573 - root - INFO - Token Token-470 waiting for resource 'Tech' at 2025-01-08 10:38:00
2025-03-06 13:42:54,573 - root - INFO - Token Token-70 completed task 'Review AM using Asset Change Tracker (5.5.13.1)' at 2025-01-08 10:38:40.435560.
2025-03-06 13:42:54,574 - root - INFO - Token Token-71 released from wait queue for 'Tech'
2025-03-06 13:42:54,574 - root - INFO - Token Token-71 waited 2958.67 minutes for resource
2025-03-06 13:42:54,574 - root - INFO - Token Token-71 started task 'Review AM using Asset Change Tracker (5.5.13.1)' at 2025-01-08 10:38:40.435560, scheduled to end at 2025-01-08 10:48:04.054513
2025-03-06 13:42:54,575 - root - INFO - Token Token-70 started task 'Complete /Accurate?' at 2025-01-08 10:38:40.435560, scheduled to end at 2025-01-08 10:38:40.435560
2025-03-06 13:42:54,575 - root - INFO - Token Token-70 completed task 'Complete /Accurate?' at 2025-01-08 10:38:40.435560.
2025-03-06 13:42:54,576 - root - INFO - Token Token-70 waiting for resource 'Tech' at 2025-01-08 10:38:40.435560
2025-03-06 13:42:54,577 - root - INFO - Token Token-471 started task 'Monthly' at 2025-01-08 10:40:00, scheduled to end at 2025-01-08 10:40:00
2025-03-06 13:42:54,595 - root - INFO - Token Token-471 completed task 'Monthly' at 2025-01-08 10:40:00.
2025-03-06 13:42:54,595 - root - INFO - Token Token-471 waiting for resource 'Tech' at 2025-01-08 10:40:00
2025-03-06 13:42:54,596 - root - INFO - Token Token-472 started task 'Monthly' at 2025-01-08 10:42:00, scheduled to end at 2025-01-08 10:42:00
2025-03-06 13:42:54,596 - root - INFO - Token Token-472 completed task 'Monthly' at 2025-01-08 10:42:00.
2025-03-06 13:42:54,596 - root - INFO - Token Token-472 waiting for resource 'Tech' at 2025-01-08 10:42:00
2025-03-06 13:42:54,596 - root - INFO - Token Token-473 started task 'Monthly' at 2025-01-08 10:44:00, scheduled to end at 2025-01-08 10:44:00
2025-03-06 13:42:54,597 - root - INFO - Token Token-473 completed task 'Monthly' at 2025-01-08 10:44:00.
2025-03-06 13:42:54,597 - root - INFO - Token Token-473 waiting for resource 'Tech' at 2025-01-08 10:44:00
2025-03-06 13:42:54,597 - root - INFO - Token Token-474 started task 'Monthly' at 2025-01-08 10:46:00, scheduled to end at 2025-01-08 10:46:00
2025-03-06 13:42:54,597 - root - INFO - Token Token-474 completed task 'Monthly' at 2025-01-08 10:46:00.
2025-03-06 13:42:54,598 - root - INFO - Token Token-474 waiting for resource 'Tech' at 2025-01-08 10:46:00
2025-03-06 13:42:54,598 - root - INFO - Token Token-475 started task 'Monthly' at 2025-01-08 10:48:00, scheduled to end at 2025-01-08 10:48:00
2025-03-06 13:42:54,598 - root - INFO - Token Token-475 completed task 'Monthly' at 2025-01-08 10:48:00.
2025-03-06 13:42:54,598 - root - INFO - Token Token-475 waiting for resource 'Tech' at 2025-01-08 10:48:00
2025-03-06 13:42:54,598 - root - INFO - Token Token-71 completed task 'Review AM using Asset Change Tracker (5.5.13.1)' at 2025-01-08 10:48:04.054513.
2025-03-06 13:42:54,599 - root - INFO - Token Token-72 released from wait queue for 'Tech'
2025-03-06 13:42:54,599 - root - INFO - Token Token-72 waited 2966.07 minutes for resource
2025-03-06 13:42:54,599 - root - INFO - Token Token-72 started task 'Review AM using Asset Change Tracker (5.5.13.1)' at 2025-01-08 10:48:04.054513, scheduled to end at 2025-01-08 10:56:41.637052
2025-03-06 13:42:54,599 - root - INFO - Token Token-71 started task 'Complete /Accurate?' at 2025-01-08 10:48:04.054513, scheduled to end at 2025-01-08 10:48:04.054513
2025-03-06 13:42:54,599 - root - INFO - Token Token-71 completed task 'Complete /Accurate?' at 2025-01-08 10:48:04.054513.
2025-03-06 13:42:54,600 - root - INFO - Token Token-71 waiting for resource 'Tech' at 2025-01-08 10:48:04.054513
2025-03-06 13:42:54,600 - root - INFO - Token Token-476 started task 'Monthly' at 2025-01-08 10:50:00, scheduled to end at 2025-01-08 10:50:00
2025-03-06 13:42:54,600 - root - INFO - Token Token-476 completed task 'Monthly' at 2025-01-08 10:50:00.
2025-03-06 13:42:54,600 - root - INFO - Token Token-476 waiting for resource 'Tech' at 2025-01-08 10:50:00
2025-03-06 13:42:54,601 - root - INFO - Token Token-477 started task 'Monthly' at 2025-01-08 10:52:00, scheduled to end at 2025-01-08 10:52:00
2025-03-06 13:42:54,601 - root - INFO - Token Token-477 completed task 'Monthly' at 2025-01-08 10:52:00.
2025-03-06 13:42:54,601 - root - INFO - Token Token-477 waiting for resource 'Tech' at 2025-01-08 10:52:00
2025-03-06 13:42:54,601 - root - INFO - Token Token-478 started task 'Monthly' at 2025-01-08 10:54:00, scheduled to end at 2025-01-08 10:54:00
2025-03-06 13:42:54,602 - root - INFO - Token Token-478 completed task 'Monthly' at 2025-01-08 10:54:00.
2025-03-06 13:42:54,602 - root - INFO - Token Token-478 waiting for resource 'Tech' at 2025-01-08 10:54:00
2025-03-06 13:42:54,603 - root - INFO - Token Token-479 started task 'Monthly' at 2025-01-08 10:56:00, scheduled to end at 2025-01-08 10:56:00
2025-03-06 13:42:54,603 - root - INFO - Token Token-479 completed task 'Monthly' at 2025-01-08 10:56:00.
2025-03-06 13:42:54,603 - root - INFO - Token Token-479 waiting for resource 'Tech' at 2025-01-08 10:56:00
2025-03-06 13:42:54,603 - root - INFO - Token Token-72 completed task 'Review AM using Asset Change Tracker (5.5.13.1)' at 2025-01-08 10:56:41.637052.
2025-03-06 13:42:54,604 - root - INFO - Token Token-73 released from wait queue for 'Tech'
2025-03-06 13:42:54,604 - root - INFO - Token Token-73 waited 2972.69 minutes for resource
2025-03-06 13:42:54,604 - root - INFO - Token Token-73 started task 'Review AM using Asset Change Tracker (5.5.13.1)' at 2025-01-08 10:56:41.637052, scheduled to end at 2025-01-08 11:04:50.025039
2025-03-06 13:42:54,604 - root - INFO - Token Token-72 started task 'Complete /Accurate?' at 2025-01-08 10:56:41.637052, scheduled to end at 2025-01-08 10:56:41.637052
2025-03-06 13:42:54,605 - root - INFO - Token Token-72 completed task 'Complete /Accurate?' at 2025-01-08 10:56:41.637052.
2025-03-06 13:42:54,605 - root - INFO - Token Token-72 waiting for resource 'Tech' at 2025-01-08 10:56:41.637052
2025-03-06 13:42:54,605 - root - INFO - Token Token-480 started task 'Monthly' at 2025-01-08 10:58:00, scheduled to end at 2025-01-08 10:58:00
2025-03-06 13:42:54,605 - root - INFO - Token Token-480 completed task 'Monthly' at 2025-01-08 10:58:00.
2025-03-06 13:42:54,606 - root - INFO - Token Token-480 waiting for resource 'Tech' at 2025-01-08 10:58:00
2025-03-06 13:42:54,606 - root - INFO - Token Token-481 started task 'Monthly' at 2025-01-08 11:00:00, scheduled to end at 2025-01-08 11:00:00
2025-03-06 13:42:54,606 - root - INFO - Token Token-481 completed task 'Monthly' at 2025-01-08 11:00:00.
2025-03-06 13:42:54,606 - root - INFO - Token Token-481 waiting for resource 'Tech' at 2025-01-08 11:00:00
2025-03-06 13:42:54,606 - root - INFO - Token Token-482 started task 'Monthly' at 2025-01-08 11:02:00, scheduled to end at 2025-01-08 11:02:00
2025-03-06 13:42:54,607 - root - INFO - Token Token-482 completed task 'Monthly' at 2025-01-08 11:02:00.
2025-03-06 13:42:54,607 - root - INFO - Token Token-482 waiting for resource 'Tech' at 2025-01-08 11:02:00
2025-03-06 13:42:54,607 - root - INFO - Token Token-483 started task 'Monthly' at 2025-01-08 11:04:00, scheduled to end at 2025-01-08 11:04:00
2025-03-06 13:42:54,607 - root - INFO - Token Token-483 completed task 'Monthly' at 2025-01-08 11:04:00.
2025-03-06 13:42:54,608 - root - INFO - Token Token-483 waiting for resource 'Tech' at 2025-01-08 11:04:00
2025-03-06 13:42:54,608 - root - INFO - Token Token-73 completed task 'Review AM using Asset Change Tracker (5.5.13.1)' at 2025-01-08 11:04:50.025039.
2025-03-06 13:42:54,608 - root - INFO - Token Token-74 released from wait queue for 'Tech'
2025-03-06 13:42:54,608 - root - INFO - Token Token-74 waited 2978.83 minutes for resource
2025-03-06 13:42:54,608 - root - INFO - Token Token-74 started task 'Review AM using Asset Change Tracker (5.5.13.1)' at 2025-01-08 11:04:50.025039, scheduled to end at 2025-01-08 11:12:57.167483
2025-03-06 13:42:54,609 - root - INFO - Token Token-73 started task 'Complete /Accurate?' at 2025-01-08 11:04:50.025039, scheduled to end at 2025-01-08 11:04:50.025039
2025-03-06 13:42:54,609 - root - INFO - Token Token-73 completed task 'Complete /Accurate?' at 2025-01-08 11:04:50.025039.
2025-03-06 13:42:54,609 - root - INFO - Token Token-73 waiting for resource 'Tech' at 2025-01-08 11:04:50.025039
2025-03-06 13:42:54,610 - root - INFO - Token Token-484 started task 'Monthly' at 2025-01-08 11:06:00, scheduled to end at 2025-01-08 11:06:00
2025-03-06 13:42:54,610 - root - INFO - Token Token-484 completed task 'Monthly' at 2025-01-08 11:06:00.
2025-03-06 13:42:54,610 - root - INFO - Token Token-484 waiting for resource 'Tech' at 2025-01-08 11:06:00
2025-03-06 13:42:54,610 - root - INFO - Token Token-485 started task 'Monthly' at 2025-01-08 11:08:00, scheduled to end at 2025-01-08 11:08:00
2025-03-06 13:42:54,610 - root - INFO - Token Token-485 completed task 'Monthly' at 2025-01-08 11:08:00.
2025-03-06 13:42:54,611 - root - INFO - Token Token-485 waiting for resource 'Tech' at 2025-01-08 11:08:00
2025-03-06 13:42:54,611 - root - INFO - Token Token-486 started task 'Monthly' at 2025-01-08 11:10:00, scheduled to end at 2025-01-08 11:10:00
2025-03-06 13:42:54,611 - root - INFO - Token Token-486 completed task 'Monthly' at 2025-01-08 11:10:00.
2025-03-06 13:42:54,611 - root - INFO - Token Token-486 waiting for resource 'Tech' at 2025-01-08 11:10:00
2025-03-06 13:42:54,612 - root - INFO - Token Token-487 started task 'Monthly' at 2025-01-08 11:12:00, scheduled to end at 2025-01-08 11:12:00
2025-03-06 13:42:54,612 - root - INFO - Token Token-487 completed task 'Monthly' at 2025-01-08 11:12:00.
2025-03-06 13:42:54,612 - root - INFO - Token Token-487 waiting for resource 'Tech' at 2025-01-08 11:12:00
2025-03-06 13:42:54,612 - root - INFO - Token Token-74 completed task 'Review AM using Asset Change Tracker (5.5.13.1)' at 2025-01-08 11:12:57.167483.
2025-03-06 13:42:54,612 - root - INFO - Token Token-75 released from wait queue for 'Tech'
2025-03-06 13:42:54,613 - root - INFO - Token Token-75 waited 2984.95 minutes for resource
2025-03-06 13:42:54,613 - root - INFO - Token Token-75 started task 'Review AM using Asset Change Tracker (5.5.13.1)' at 2025-01-08 11:12:57.167483, scheduled to end at 2025-01-08 11:21:30.735219
2025-03-06 13:42:54,613 - root - INFO - Token Token-74 started task 'Complete /Accurate?' at 2025-01-08 11:12:57.167483, scheduled to end at 2025-01-08 11:12:57.167483
2025-03-06 13:42:54,613 - root - INFO - Token Token-74 completed task 'Complete /Accurate?' at 2025-01-08 11:12:57.167483.
2025-03-06 13:42:54,613 - root - INFO - Token Token-74 waiting for resource 'Tech' at 2025-01-08 11:12:57.167483
2025-03-06 13:42:54,614 - root - INFO - Token Token-488 started task 'Monthly' at 2025-01-08 11:14:00, scheduled to end at 2025-01-08 11:14:00
2025-03-06 13:42:54,614 - root - INFO - Token Token-488 completed task 'Monthly' at 2025-01-08 11:14:00.
2025-03-06 13:42:54,615 - root - INFO - Token Token-488 waiting for resource 'Tech' at 2025-01-08 11:14:00
2025-03-06 13:42:54,616 - root - INFO - Token Token-489 started task 'Monthly' at 2025-01-08 11:16:00, scheduled to end at 2025-01-08 11:16:00
2025-03-06 13:42:54,617 - root - INFO - Token Token-489 completed task 'Monthly' at 2025-01-08 11:16:00.
2025-03-06 13:42:54,617 - root - INFO - Token Token-489 waiting for resource 'Tech' at 2025-01-08 11:16:00
2025-03-06 13:42:54,617 - root - INFO - Token Token-490 started task 'Monthly' at 2025-01-08 11:18:00, scheduled to end at 2025-01-08 11:18:00
2025-03-06 13:42:54,618 - root - INFO - Token Token-490 completed task 'Monthly' at 2025-01-08 11:18:00.
2025-03-06 13:42:54,618 - root - INFO - Token Token-490 waiting for resource 'Tech' at 2025-01-08 11:18:00
2025-03-06 13:42:54,618 - root - INFO - Token Token-491 started task 'Monthly' at 2025-01-08 11:20:00, scheduled to end at 2025-01-08 11:20:00
2025-03-06 13:42:54,619 - root - INFO - Token Token-491 completed task 'Monthly' at 2025-01-08 11:20:00.
2025-03-06 13:42:54,619 - root - INFO - Token Token-491 waiting for resource 'Tech' at 2025-01-08 11:20:00
2025-03-06 13:42:54,620 - root - INFO - Token Token-75 completed task 'Review AM using Asset Change Tracker (5.5.13.1)' at 2025-01-08 11:21:30.735219.
2025-03-06 13:42:54,620 - root - INFO - Token Token-76 released from wait queue for 'Tech'
2025-03-06 13:42:54,620 - root - INFO - Token Token-76 waited 2991.51 minutes for resource
2025-03-06 13:42:54,621 - root - INFO - Token Token-76 started task 'Review AM using Asset Change Tracker (5.5.13.1)' at 2025-01-08 11:21:30.735219, scheduled to end at 2025-01-08 11:28:47.282246
2025-03-06 13:42:54,621 - root - INFO - Token Token-75 started task 'Complete /Accurate?' at 2025-01-08 11:21:30.735219, scheduled to end at 2025-01-08 11:21:30.735219
2025-03-06 13:42:54,621 - root - INFO - Token Token-75 completed task 'Complete /Accurate?' at 2025-01-08 11:21:30.735219.
2025-03-06 13:42:54,622 - root - INFO - Token Token-75 waiting for resource 'Tech' at 2025-01-08 11:21:30.735219
2025-03-06 13:42:54,624 - root - INFO - Token Token-492 started task 'Monthly' at 2025-01-08 11:22:00, scheduled to end at 2025-01-08 11:22:00
2025-03-06 13:42:54,625 - root - INFO - Token Token-492 completed task 'Monthly' at 2025-01-08 11:22:00.
2025-03-06 13:42:54,640 - root - INFO - Token Token-492 waiting for resource 'Tech' at 2025-01-08 11:22:00
2025-03-06 13:42:54,641 - root - INFO - Token Token-493 started task 'Monthly' at 2025-01-08 11:24:00, scheduled to end at 2025-01-08 11:24:00
2025-03-06 13:42:54,641 - root - INFO - Token Token-493 completed task 'Monthly' at 2025-01-08 11:24:00.
2025-03-06 13:42:54,641 - root - INFO - Token Token-493 waiting for resource 'Tech' at 2025-01-08 11:24:00
2025-03-06 13:42:54,642 - root - INFO - Token Token-494 started task 'Monthly' at 2025-01-08 11:26:00, scheduled to end at 2025-01-08 11:26:00
2025-03-06 13:42:54,642 - root - INFO - Token Token-494 completed task 'Monthly' at 2025-01-08 11:26:00.
2025-03-06 13:42:54,642 - root - INFO - Token Token-494 waiting for resource 'Tech' at 2025-01-08 11:26:00
2025-03-06 13:42:54,642 - root - INFO - Token Token-495 started task 'Monthly' at 2025-01-08 11:28:00, scheduled to end at 2025-01-08 11:28:00
2025-03-06 13:42:54,642 - root - INFO - Token Token-495 completed task 'Monthly' at 2025-01-08 11:28:00.
2025-03-06 13:42:54,643 - root - INFO - Token Token-495 waiting for resource 'Tech' at 2025-01-08 11:28:00
2025-03-06 13:42:54,643 - root - INFO - Token Token-76 completed task 'Review AM using Asset Change Tracker (5.5.13.1)' at 2025-01-08 11:28:47.282246.
2025-03-06 13:42:54,643 - root - INFO - Token Token-77 released from wait queue for 'Tech'
2025-03-06 13:42:54,643 - root - INFO - Token Token-77 waited 2996.79 minutes for resource
2025-03-06 13:42:54,644 - root - INFO - Token Token-77 started task 'Review AM using Asset Change Tracker (5.5.13.1)' at 2025-01-08 11:28:47.282246, scheduled to end at 2025-01-08 11:34:57.512356
2025-03-06 13:42:54,644 - root - INFO - Token Token-76 started task 'Complete /Accurate?' at 2025-01-08 11:28:47.282246, scheduled to end at 2025-01-08 11:28:47.282246
2025-03-06 13:42:54,644 - root - INFO - Token Token-76 completed task 'Complete /Accurate?' at 2025-01-08 11:28:47.282246.
2025-03-06 13:42:54,645 - root - INFO - Token Token-76 waiting for resource 'Tech' at 2025-01-08 11:28:47.282246
2025-03-06 13:42:54,645 - root - INFO - Token Token-496 started task 'Monthly' at 2025-01-08 11:30:00, scheduled to end at 2025-01-08 11:30:00
2025-03-06 13:42:54,645 - root - INFO - Token Token-496 completed task 'Monthly' at 2025-01-08 11:30:00.
2025-03-06 13:42:54,645 - root - INFO - Token Token-496 waiting for resource 'Tech' at 2025-01-08 11:30:00
2025-03-06 13:42:54,646 - root - INFO - Token Token-497 started task 'Monthly' at 2025-01-08 11:32:00, scheduled to end at 2025-01-08 11:32:00
2025-03-06 13:42:54,646 - root - INFO - Token Token-497 completed task 'Monthly' at 2025-01-08 11:32:00.
2025-03-06 13:42:54,646 - root - INFO - Token Token-497 waiting for resource 'Tech' at 2025-01-08 11:32:00
2025-03-06 13:42:54,646 - root - INFO - Token Token-498 started task 'Monthly' at 2025-01-08 11:34:00, scheduled to end at 2025-01-08 11:34:00
2025-03-06 13:42:54,647 - root - INFO - Token Token-498 completed task 'Monthly' at 2025-01-08 11:34:00.
2025-03-06 13:42:54,648 - root - INFO - Token Token-498 waiting for resource 'Tech' at 2025-01-08 11:34:00
2025-03-06 13:42:54,648 - root - INFO - Token Token-77 completed task 'Review AM using Asset Change Tracker (5.5.13.1)' at 2025-01-08 11:34:57.512356.
2025-03-06 13:42:54,648 - root - INFO - Token Token-78 released from wait queue for 'Tech'
2025-03-06 13:42:54,648 - root - INFO - Token Token-78 waited 3000.96 minutes for resource
2025-03-06 13:42:54,649 - root - INFO - Token Token-78 started task 'Review AM using Asset Change Tracker (5.5.13.1)' at 2025-01-08 11:34:57.512356, scheduled to end at 2025-01-08 11:43:50.642064
2025-03-06 13:42:54,649 - root - INFO - Token Token-77 started task 'Complete /Accurate?' at 2025-01-08 11:34:57.512356, scheduled to end at 2025-01-08 11:34:57.512356
2025-03-06 13:42:54,649 - root - INFO - Token Token-77 completed task 'Complete /Accurate?' at 2025-01-08 11:34:57.512356.
2025-03-06 13:42:54,649 - root - INFO - Token Token-77 waiting for resource 'Tech' at 2025-01-08 11:34:57.512356
2025-03-06 13:42:54,650 - root - INFO - Token Token-499 started task 'Monthly' at 2025-01-08 11:36:00, scheduled to end at 2025-01-08 11:36:00
2025-03-06 13:42:54,650 - root - INFO - Token Token-499 completed task 'Monthly' at 2025-01-08 11:36:00.
2025-03-06 13:42:54,650 - root - INFO - Token Token-499 waiting for resource 'Tech' at 2025-01-08 11:36:00
2025-03-06 13:42:54,650 - root - INFO - Token Token-500 started task 'Monthly' at 2025-01-08 11:38:00, scheduled to end at 2025-01-08 11:38:00
2025-03-06 13:42:54,650 - root - INFO - Token Token-500 completed task 'Monthly' at 2025-01-08 11:38:00.
2025-03-06 13:42:54,651 - root - INFO - Token Token-500 waiting for resource 'Tech' at 2025-01-08 11:38:00
2025-03-06 13:42:54,651 - root - INFO - Token Token-78 completed task 'Review AM using Asset Change Tracker (5.5.13.1)' at 2025-01-08 11:43:50.642064.
2025-03-06 13:42:54,651 - root - INFO - Token Token-79 released from wait queue for 'Tech'
2025-03-06 13:42:54,651 - root - INFO - Token Token-79 waited 3007.84 minutes for resource
2025-03-06 13:42:54,652 - root - INFO - Token Token-79 started task 'Review AM using Asset Change Tracker (5.5.13.1)' at 2025-01-08 11:43:50.642064, scheduled to end at 2025-01-08 11:51:17.775878
2025-03-06 13:42:54,652 - root - INFO - Token Token-78 started task 'Complete /Accurate?' at 2025-01-08 11:43:50.642064, scheduled to end at 2025-01-08 11:43:50.642064
2025-03-06 13:42:54,652 - root - INFO - Token Token-78 completed task 'Complete /Accurate?' at 2025-01-08 11:43:50.642064.
2025-03-06 13:42:54,652 - root - INFO - Token Token-78 waiting for resource 'Tech' at 2025-01-08 11:43:50.642064
2025-03-06 13:42:54,653 - root - INFO - Token Token-79 completed task 'Review AM using Asset Change Tracker (5.5.13.1)' at 2025-01-08 11:51:17.775878.
2025-03-06 13:42:54,653 - root - INFO - Token Token-80 released from wait queue for 'Tech'
2025-03-06 13:42:54,653 - root - INFO - Token Token-80 waited 3013.30 minutes for resource
2025-03-06 13:42:54,653 - root - INFO - Token Token-80 started task 'Review AM using Asset Change Tracker (5.5.13.1)' at 2025-01-08 11:51:17.775878, scheduled to end at 2025-01-08 11:57:58.934218
2025-03-06 13:42:54,653 - root - INFO - Token Token-79 started task 'Complete /Accurate?' at 2025-01-08 11:51:17.775878, scheduled to end at 2025-01-08 11:51:17.775878
2025-03-06 13:42:54,654 - root - INFO - Token Token-79 completed task 'Complete /Accurate?' at 2025-01-08 11:51:17.775878.
2025-03-06 13:42:54,654 - root - INFO - Token Token-79 waiting for resource 'Tech' at 2025-01-08 11:51:17.775878
2025-03-06 13:42:54,654 - root - INFO - Token Token-80 completed task 'Review AM using Asset Change Tracker (5.5.13.1)' at 2025-01-08 11:57:58.934218.
2025-03-06 13:42:54,654 - root - INFO - Token Token-81 released from wait queue for 'Tech'
2025-03-06 13:42:54,655 - root - INFO - Token Token-81 waited 3017.98 minutes for resource
2025-03-06 13:42:54,655 - root - INFO - Token Token-81 started task 'Review AM using Asset Change Tracker (5.5.13.1)' at 2025-01-08 11:57:58.934218, scheduled to end at 2025-01-08 12:06:25.934605
2025-03-06 13:42:54,655 - root - INFO - Token Token-80 started task 'Complete /Accurate?' at 2025-01-08 11:57:58.934218, scheduled to end at 2025-01-08 11:57:58.934218
2025-03-06 13:42:54,655 - root - INFO - Token Token-80 completed task 'Complete /Accurate?' at 2025-01-08 11:57:58.934218.
2025-03-06 13:42:54,656 - root - INFO - Token Token-80 waiting for resource 'Tech' at 2025-01-08 11:57:58.934218
2025-03-06 13:42:54,656 - root - INFO - Token Token-81 completed task 'Review AM using Asset Change Tracker (5.5.13.1)' at 2025-01-08 12:06:25.934605.
2025-03-06 13:42:54,656 - root - INFO - Token Token-82 released from wait queue for 'Tech'
2025-03-06 13:42:54,656 - root - INFO - Token Token-82 waited 3024.43 minutes for resource
2025-03-06 13:42:54,656 - root - INFO - Token Token-82 started task 'Review AM using Asset Change Tracker (5.5.13.1)' at 2025-01-08 12:06:25.934605, scheduled to end at 2025-01-08 12:15:48.219856
2025-03-06 13:42:54,657 - root - INFO - Token Token-81 started task 'Complete /Accurate?' at 2025-01-08 12:06:25.934605, scheduled to end at 2025-01-08 12:06:25.934605
2025-03-06 13:42:54,657 - root - INFO - Token Token-81 completed task 'Complete /Accurate?' at 2025-01-08 12:06:25.934605.
2025-03-06 13:42:54,657 - root - INFO - Token Token-81 waiting for resource 'Tech' at 2025-01-08 12:06:25.934605
2025-03-06 13:42:54,657 - root - INFO - Token Token-82 completed task 'Review AM using Asset Change Tracker (5.5.13.1)' at 2025-01-08 12:15:48.219856.
2025-03-06 13:42:54,658 - root - INFO - Token Token-83 released from wait queue for 'Tech'
2025-03-06 13:42:54,658 - root - INFO - Token Token-83 waited 3031.80 minutes for resource
2025-03-06 13:42:54,658 - root - INFO - Token Token-83 started task 'Review AM using Asset Change Tracker (5.5.13.1)' at 2025-01-08 12:15:48.219856, scheduled to end at 2025-01-08 12:22:01.751035
2025-03-06 13:42:54,658 - root - INFO - Token Token-82 started task 'Complete /Accurate?' at 2025-01-08 12:15:48.219856, scheduled to end at 2025-01-08 12:15:48.219856
2025-03-06 13:42:54,658 - root - INFO - Token Token-82 completed task 'Complete /Accurate?' at 2025-01-08 12:15:48.219856.
2025-03-06 13:42:54,659 - root - INFO - Token Token-82 waiting for resource 'Tech' at 2025-01-08 12:15:48.219856
2025-03-06 13:42:54,659 - root - INFO - Token Token-83 completed task 'Review AM using Asset Change Tracker (5.5.13.1)' at 2025-01-08 12:22:01.751035.
2025-03-06 13:42:54,659 - root - INFO - Token Token-84 released from wait queue for 'Tech'
2025-03-06 13:42:54,659 - root - INFO - Token Token-84 waited 3036.03 minutes for resource
2025-03-06 13:42:54,660 - root - INFO - Token Token-84 started task 'Review AM using Asset Change Tracker (5.5.13.1)' at 2025-01-08 12:22:01.751035, scheduled to end at 2025-01-08 12:31:02.974664
2025-03-06 13:42:54,660 - root - INFO - Token Token-83 started task 'Complete /Accurate?' at 2025-01-08 12:22:01.751035, scheduled to end at 2025-01-08 12:22:01.751035
2025-03-06 13:42:54,660 - root - INFO - Token Token-83 completed task 'Complete /Accurate?' at 2025-01-08 12:22:01.751035.
2025-03-06 13:42:54,660 - root - INFO - Token Token-83 waiting for resource 'Tech' at 2025-01-08 12:22:01.751035
2025-03-06 13:42:54,661 - root - INFO - Token Token-84 completed task 'Review AM using Asset Change Tracker (5.5.13.1)' at 2025-01-08 12:31:02.974664.
2025-03-06 13:42:54,661 - root - INFO - Token Token-85 released from wait queue for 'Tech'
2025-03-06 13:42:54,661 - root - INFO - Token Token-85 waited 3043.05 minutes for resource
2025-03-06 13:42:54,661 - root - INFO - Token Token-85 started task 'Review AM using Asset Change Tracker (5.5.13.1)' at 2025-01-08 12:31:02.974664, scheduled to end at 2025-01-08 12:40:25.992799
2025-03-06 13:42:54,661 - root - INFO - Token Token-84 started task 'Complete /Accurate?' at 2025-01-08 12:31:02.974664, scheduled to end at 2025-01-08 12:31:02.974664
2025-03-06 13:42:54,662 - root - INFO - Token Token-84 completed task 'Complete /Accurate?' at 2025-01-08 12:31:02.974664.
2025-03-06 13:42:54,662 - root - INFO - Token Token-84 waiting for resource 'Tech' at 2025-01-08 12:31:02.974664
2025-03-06 13:42:54,664 - root - INFO - Token Token-85 completed task 'Review AM using Asset Change Tracker (5.5.13.1)' at 2025-01-08 12:40:25.992799.
2025-03-06 13:42:54,664 - root - INFO - Token Token-86 released from wait queue for 'Tech'
2025-03-06 13:42:54,665 - root - INFO - Token Token-86 waited 3050.43 minutes for resource
2025-03-06 13:42:54,665 - root - INFO - Token Token-86 started task 'Review AM using Asset Change Tracker (5.5.13.1)' at 2025-01-08 12:40:25.992799, scheduled to end at 2025-01-08 12:49:02.293021
2025-03-06 13:42:54,666 - root - INFO - Token Token-85 started task 'Complete /Accurate?' at 2025-01-08 12:40:25.992799, scheduled to end at 2025-01-08 12:40:25.992799
2025-03-06 13:42:54,666 - root - INFO - Token Token-85 completed task 'Complete /Accurate?' at 2025-01-08 12:40:25.992799.
2025-03-06 13:42:54,666 - root - INFO - Token Token-85 waiting for resource 'Tech' at 2025-01-08 12:40:25.992799
2025-03-06 13:42:54,667 - root - INFO - Token Token-86 completed task 'Review AM using Asset Change Tracker (5.5.13.1)' at 2025-01-08 12:49:02.293021.
2025-03-06 13:42:54,667 - root - INFO - Token Token-87 released from wait queue for 'Tech'
2025-03-06 13:42:54,668 - root - INFO - Token Token-87 waited 3057.04 minutes for resource
2025-03-06 13:42:54,668 - root - INFO - Token Token-87 started task 'Review AM using Asset Change Tracker (5.5.13.1)' at 2025-01-08 12:49:02.293021, scheduled to end at 2025-01-08 12:55:43.711223
2025-03-06 13:42:54,668 - root - INFO - Token Token-86 started task 'Complete /Accurate?' at 2025-01-08 12:49:02.293021, scheduled to end at 2025-01-08 12:49:02.293021
2025-03-06 13:42:54,669 - root - INFO - Token Token-86 completed task 'Complete /Accurate?' at 2025-01-08 12:49:02.293021.
2025-03-06 13:42:54,669 - root - INFO - Token Token-86 waiting for resource 'Tech' at 2025-01-08 12:49:02.293021
2025-03-06 13:42:54,669 - root - INFO - Token Token-87 completed task 'Review AM using Asset Change Tracker (5.5.13.1)' at 2025-01-08 12:55:43.711223.
2025-03-06 13:42:54,670 - root - INFO - Token Token-88 released from wait queue for 'Tech'
2025-03-06 13:42:54,670 - root - INFO - Token Token-88 waited 3061.73 minutes for resource
2025-03-06 13:42:54,671 - root - INFO - Token Token-88 started task 'Review AM using Asset Change Tracker (5.5.13.1)' at 2025-01-08 12:55:43.711223, scheduled to end at 2025-01-09 07:00:00
2025-03-06 13:42:54,671 - root - INFO - Token Token-87 started task 'Complete /Accurate?' at 2025-01-08 12:55:43.711223, scheduled to end at 2025-01-08 12:55:43.711223
2025-03-06 13:42:54,671 - root - INFO - Token Token-87 completed task 'Complete /Accurate?' at 2025-01-08 12:55:43.711223.
2025-03-06 13:42:54,672 - root - INFO - Token Token-87 waiting for resource 'Tech' at 2025-01-08 12:55:43.711223
2025-03-06 13:42:54,672 - root - INFO - Token Token-88 completed task 'Review AM using Asset Change Tracker (5.5.13.1)' at 2025-01-09 07:00:00.
2025-03-06 13:42:54,673 - root - INFO - Token Token-89 released from wait queue for 'Tech'
2025-03-06 13:42:54,673 - root - INFO - Token Token-89 waited 4144.00 minutes for resource
2025-03-06 13:42:54,673 - root - INFO - Token Token-89 started task 'Review AM using Asset Change Tracker (5.5.13.1)' at 2025-01-09 07:00:00, scheduled to end at 2025-01-09 07:07:40.938700
2025-03-06 13:42:54,674 - root - INFO - Token Token-88 started task 'Complete /Accurate?' at 2025-01-09 07:00:00, scheduled to end at 2025-01-09 07:00:00
2025-03-06 13:42:54,674 - root - INFO - Token Token-88 completed task 'Complete /Accurate?' at 2025-01-09 07:00:00.
2025-03-06 13:42:54,675 - root - INFO - Token Token-88 waiting for resource 'Tech' at 2025-01-09 07:00:00
2025-03-06 13:42:54,675 - root - INFO - Token Token-89 completed task 'Review AM using Asset Change Tracker (5.5.13.1)' at 2025-01-09 07:07:40.938700.
2025-03-06 13:42:54,675 - root - INFO - Token Token-90 released from wait queue for 'Tech'
2025-03-06 13:42:54,675 - root - INFO - Token Token-90 waited 4149.68 minutes for resource
2025-03-06 13:42:54,676 - root - INFO - Token Token-90 started task 'Review AM using Asset Change Tracker (5.5.13.1)' at 2025-01-09 07:07:40.938700, scheduled to end at 2025-01-09 07:16:41.857444
2025-03-06 13:42:54,676 - root - INFO - Token Token-89 started task 'Complete /Accurate?' at 2025-01-09 07:07:40.938700, scheduled to end at 2025-01-09 07:07:40.938700
2025-03-06 13:42:54,677 - root - INFO - Token Token-89 completed task 'Complete /Accurate?' at 2025-01-09 07:07:40.938700.
2025-03-06 13:42:54,693 - root - INFO - Token Token-89 waiting for resource 'Tech' at 2025-01-09 07:07:40.938700
2025-03-06 13:42:54,694 - root - INFO - Token Token-90 completed task 'Review AM using Asset Change Tracker (5.5.13.1)' at 2025-01-09 07:16:41.857444.
2025-03-06 13:42:54,694 - root - INFO - Token Token-91 released from wait queue for 'Tech'
2025-03-06 13:42:54,694 - root - INFO - Token Token-91 waited 4156.70 minutes for resource
2025-03-06 13:42:54,694 - root - INFO - Token Token-91 started task 'Review AM using Asset Change Tracker (5.5.13.1)' at 2025-01-09 07:16:41.857444, scheduled to end at 2025-01-09 07:26:00.672811
2025-03-06 13:42:54,695 - root - INFO - Token Token-90 started task 'Complete /Accurate?' at 2025-01-09 07:16:41.857444, scheduled to end at 2025-01-09 07:16:41.857444
2025-03-06 13:42:54,695 - root - INFO - Token Token-90 completed task 'Complete /Accurate?' at 2025-01-09 07:16:41.857444.
2025-03-06 13:42:54,695 - root - INFO - Token Token-90 waiting for resource 'Tech' at 2025-01-09 07:16:41.857444
2025-03-06 13:42:54,695 - root - INFO - Token Token-91 completed task 'Review AM using Asset Change Tracker (5.5.13.1)' at 2025-01-09 07:26:00.672811.
2025-03-06 13:42:54,696 - root - INFO - Token Token-92 released from wait queue for 'Tech'
2025-03-06 13:42:54,696 - root - INFO - Token Token-92 waited 4164.01 minutes for resource
2025-03-06 13:42:54,696 - root - INFO - Token Token-92 started task 'Review AM using Asset Change Tracker (5.5.13.1)' at 2025-01-09 07:26:00.672811, scheduled to end at 2025-01-09 07:34:56.588789
2025-03-06 13:42:54,696 - root - INFO - Token Token-91 started task 'Complete /Accurate?' at 2025-01-09 07:26:00.672811, scheduled to end at 2025-01-09 07:26:00.672811
2025-03-06 13:42:54,696 - root - INFO - Token Token-91 completed task 'Complete /Accurate?' at 2025-01-09 07:26:00.672811.
2025-03-06 13:42:54,697 - root - INFO - Token Token-91 waiting for resource 'Tech' at 2025-01-09 07:26:00.672811
2025-03-06 13:42:54,697 - root - INFO - Token Token-92 completed task 'Review AM using Asset Change Tracker (5.5.13.1)' at 2025-01-09 07:34:56.588789.
2025-03-06 13:42:54,697 - root - INFO - Token Token-93 released from wait queue for 'Tech'
2025-03-06 13:42:54,697 - root - INFO - Token Token-93 waited 4170.94 minutes for resource
2025-03-06 13:42:54,697 - root - INFO - Token Token-93 started task 'Review AM using Asset Change Tracker (5.5.13.1)' at 2025-01-09 07:34:56.588789, scheduled to end at 2025-01-09 07:40:52.568762
2025-03-06 13:42:54,698 - root - INFO - Token Token-92 started task 'Complete /Accurate?' at 2025-01-09 07:34:56.588789, scheduled to end at 2025-01-09 07:34:56.588789
2025-03-06 13:42:54,698 - root - INFO - Token Token-92 completed task 'Complete /Accurate?' at 2025-01-09 07:34:56.588789.
2025-03-06 13:42:54,698 - root - INFO - Token Token-92 waiting for resource 'Tech' at 2025-01-09 07:34:56.588789
2025-03-06 13:42:54,698 - root - INFO - Token Token-93 completed task 'Review AM using Asset Change Tracker (5.5.13.1)' at 2025-01-09 07:40:52.568762.
2025-03-06 13:42:54,699 - root - INFO - Token Token-94 released from wait queue for 'Tech'
2025-03-06 13:42:54,699 - root - INFO - Token Token-94 waited 4174.88 minutes for resource
2025-03-06 13:42:54,699 - root - INFO - Token Token-94 started task 'Review AM using Asset Change Tracker (5.5.13.1)' at 2025-01-09 07:40:52.568762, scheduled to end at 2025-01-09 07:46:42.836477
2025-03-06 13:42:54,699 - root - INFO - Token Token-93 started task 'Complete /Accurate?' at 2025-01-09 07:40:52.568762, scheduled to end at 2025-01-09 07:40:52.568762
2025-03-06 13:42:54,700 - root - INFO - Token Token-93 completed task 'Complete /Accurate?' at 2025-01-09 07:40:52.568762.
2025-03-06 13:42:54,700 - root - INFO - Token Token-93 waiting for resource 'Tech' at 2025-01-09 07:40:52.568762
2025-03-06 13:42:54,701 - root - INFO - Token Token-94 completed task 'Review AM using Asset Change Tracker (5.5.13.1)' at 2025-01-09 07:46:42.836477.
2025-03-06 13:42:54,701 - root - INFO - Token Token-95 released from wait queue for 'Tech'
2025-03-06 13:42:54,701 - root - INFO - Token Token-95 waited 4178.71 minutes for resource
2025-03-06 13:42:54,701 - root - INFO - Token Token-95 started task 'Review AM using Asset Change Tracker (5.5.13.1)' at 2025-01-09 07:46:42.836477, scheduled to end at 2025-01-09 07:55:03.088814
2025-03-06 13:42:54,702 - root - INFO - Token Token-94 started task 'Complete /Accurate?' at 2025-01-09 07:46:42.836477, scheduled to end at 2025-01-09 07:46:42.836477
2025-03-06 13:42:54,702 - root - INFO - Token Token-94 completed task 'Complete /Accurate?' at 2025-01-09 07:46:42.836477.
2025-03-06 13:42:54,702 - root - INFO - Token Token-94 waiting for resource 'Tech' at 2025-01-09 07:46:42.836477
2025-03-06 13:42:54,703 - root - INFO - Token Token-95 completed task 'Review AM using Asset Change Tracker (5.5.13.1)' at 2025-01-09 07:55:03.088814.
2025-03-06 13:42:54,703 - root - INFO - Token Token-96 released from wait queue for 'Tech'
2025-03-06 13:42:54,703 - root - INFO - Token Token-96 waited 4185.05 minutes for resource
2025-03-06 13:42:54,704 - root - INFO - Token Token-96 started task 'Review AM using Asset Change Tracker (5.5.13.1)' at 2025-01-09 07:55:03.088814, scheduled to end at 2025-01-09 08:02:36.307697
2025-03-06 13:42:54,704 - root - INFO - Token Token-95 started task 'Complete /Accurate?' at 2025-01-09 07:55:03.088814, scheduled to end at 2025-01-09 07:55:03.088814
2025-03-06 13:42:54,704 - root - INFO - Token Token-95 completed task 'Complete /Accurate?' at 2025-01-09 07:55:03.088814.
2025-03-06 13:42:54,704 - root - INFO - Token Token-95 waiting for resource 'Tech' at 2025-01-09 07:55:03.088814
2025-03-06 13:42:54,705 - root - INFO - Token Token-96 completed task 'Review AM using Asset Change Tracker (5.5.13.1)' at 2025-01-09 08:02:36.307697.
2025-03-06 13:42:54,705 - root - INFO - Token Token-97 released from wait queue for 'Tech'
2025-03-06 13:42:54,705 - root - INFO - Token Token-97 waited 4190.61 minutes for resource
2025-03-06 13:42:54,705 - root - INFO - Token Token-97 started task 'Review AM using Asset Change Tracker (5.5.13.1)' at 2025-01-09 08:02:36.307697, scheduled to end at 2025-01-09 08:11:23.273711
2025-03-06 13:42:54,705 - root - INFO - Token Token-96 started task 'Complete /Accurate?' at 2025-01-09 08:02:36.307697, scheduled to end at 2025-01-09 08:02:36.307697
2025-03-06 13:42:54,706 - root - INFO - Token Token-96 completed task 'Complete /Accurate?' at 2025-01-09 08:02:36.307697.
2025-03-06 13:42:54,706 - root - INFO - Token Token-96 waiting for resource 'Tech' at 2025-01-09 08:02:36.307697
2025-03-06 13:42:54,706 - root - INFO - Token Token-97 completed task 'Review AM using Asset Change Tracker (5.5.13.1)' at 2025-01-09 08:11:23.273711.
2025-03-06 13:42:54,706 - root - INFO - Token Token-98 released from wait queue for 'Tech'
2025-03-06 13:42:54,707 - root - INFO - Token Token-98 waited 4197.39 minutes for resource
2025-03-06 13:42:54,707 - root - INFO - Token Token-98 started task 'Review AM using Asset Change Tracker (5.5.13.1)' at 2025-01-09 08:11:23.273711, scheduled to end at 2025-01-09 08:18:04.464678
2025-03-06 13:42:54,707 - root - INFO - Token Token-97 started task 'Complete /Accurate?' at 2025-01-09 08:11:23.273711, scheduled to end at 2025-01-09 08:11:23.273711
2025-03-06 13:42:54,708 - root - INFO - Token Token-97 completed task 'Complete /Accurate?' at 2025-01-09 08:11:23.273711.
2025-03-06 13:42:54,709 - root - INFO - Token Token-97 waiting for resource 'Tech' at 2025-01-09 08:11:23.273711
2025-03-06 13:42:54,709 - root - INFO - Token Token-98 completed task 'Review AM using Asset Change Tracker (5.5.13.1)' at 2025-01-09 08:18:04.464678.
2025-03-06 13:42:54,709 - root - INFO - Token Token-99 released from wait queue for 'Tech'
2025-03-06 13:42:54,710 - root - INFO - Token Token-99 waited 4202.07 minutes for resource
2025-03-06 13:42:54,710 - root - INFO - Token Token-99 started task 'Review AM using Asset Change Tracker (5.5.13.1)' at 2025-01-09 08:18:04.464678, scheduled to end at 2025-01-09 08:25:48.704970
2025-03-06 13:42:54,711 - root - INFO - Token Token-98 started task 'Complete /Accurate?' at 2025-01-09 08:18:04.464678, scheduled to end at 2025-01-09 08:18:04.464678
2025-03-06 13:42:54,711 - root - INFO - Token Token-98 completed task 'Complete /Accurate?' at 2025-01-09 08:18:04.464678.
2025-03-06 13:42:54,711 - root - INFO - Token Token-98 waiting for resource 'Tech' at 2025-01-09 08:18:04.464678
2025-03-06 13:42:54,712 - root - INFO - Token Token-99 completed task 'Review AM using Asset Change Tracker (5.5.13.1)' at 2025-01-09 08:25:48.704970.
2025-03-06 13:42:54,712 - root - INFO - Token Token-100 released from wait queue for 'Tech'
2025-03-06 13:42:54,712 - root - INFO - Token Token-100 waited 4207.81 minutes for resource
2025-03-06 13:42:54,713 - root - INFO - Token Token-100 started task 'Review AM using Asset Change Tracker (5.5.13.1)' at 2025-01-09 08:25:48.704970, scheduled to end at 2025-01-09 08:34:39.610926
2025-03-06 13:42:54,713 - root - INFO - Token Token-99 started task 'Complete /Accurate?' at 2025-01-09 08:25:48.704970, scheduled to end at 2025-01-09 08:25:48.704970
2025-03-06 13:42:54,713 - root - INFO - Token Token-99 completed task 'Complete /Accurate?' at 2025-01-09 08:25:48.704970.
2025-03-06 13:42:54,714 - root - INFO - Token Token-99 waiting for resource 'Tech' at 2025-01-09 08:25:48.704970
2025-03-06 13:42:54,714 - root - INFO - Token Token-100 completed task 'Review AM using Asset Change Tracker (5.5.13.1)' at 2025-01-09 08:34:39.610926.
2025-03-06 13:42:54,715 - root - INFO - Token Token-101 released from wait queue for 'Tech'
2025-03-06 13:42:54,715 - root - INFO - Token Token-101 waited 4214.66 minutes for resource
2025-03-06 13:42:54,715 - root - INFO - Token Token-101 started task 'Review AM using Asset Change Tracker (5.5.13.1)' at 2025-01-09 08:34:39.610926, scheduled to end at 2025-01-09 08:43:21.724044
2025-03-06 13:42:54,716 - root - INFO - Token Token-100 started task 'Complete /Accurate?' at 2025-01-09 08:34:39.610926, scheduled to end at 2025-01-09 08:34:39.610926
2025-03-06 13:42:54,716 - root - INFO - Token Token-100 completed task 'Complete /Accurate?' at 2025-01-09 08:34:39.610926.
2025-03-06 13:42:54,717 - root - INFO - Token Token-100 waiting for resource 'Tech' at 2025-01-09 08:34:39.610926
2025-03-06 13:42:54,717 - root - INFO - Token Token-101 completed task 'Review AM using Asset Change Tracker (5.5.13.1)' at 2025-01-09 08:43:21.724044.
2025-03-06 13:42:54,718 - root - INFO - Token Token-102 released from wait queue for 'Tech'
2025-03-06 13:42:54,718 - root - INFO - Token Token-102 waited 4221.36 minutes for resource
2025-03-06 13:42:54,718 - root - INFO - Token Token-102 started task 'Review AM using Asset Change Tracker (5.5.13.1)' at 2025-01-09 08:43:21.724044, scheduled to end at 2025-01-09 08:51:47.251038
2025-03-06 13:42:54,719 - root - INFO - Token Token-101 started task 'Complete /Accurate?' at 2025-01-09 08:43:21.724044, scheduled to end at 2025-01-09 08:43:21.724044
2025-03-06 13:42:54,719 - root - INFO - Token Token-101 completed task 'Complete /Accurate?' at 2025-01-09 08:43:21.724044.
2025-03-06 13:42:54,720 - root - INFO - Token Token-101 waiting for resource 'Tech' at 2025-01-09 08:43:21.724044
2025-03-06 13:42:54,720 - root - INFO - Token Token-102 completed task 'Review AM using Asset Change Tracker (5.5.13.1)' at 2025-01-09 08:51:47.251038.
2025-03-06 13:42:54,722 - root - INFO - Token Token-103 released from wait queue for 'Tech'
2025-03-06 13:42:54,723 - root - INFO - Token Token-103 waited 4227.79 minutes for resource
2025-03-06 13:42:54,723 - root - INFO - Token Token-103 started task 'Review AM using Asset Change Tracker (5.5.13.1)' at 2025-01-09 08:51:47.251038, scheduled to end at 2025-01-09 09:00:24.924963
2025-03-06 13:42:54,738 - root - INFO - Token Token-102 started task 'Complete /Accurate?' at 2025-01-09 08:51:47.251038, scheduled to end at 2025-01-09 08:51:47.251038
2025-03-06 13:42:54,739 - root - INFO - Token Token-102 completed task 'Complete /Accurate?' at 2025-01-09 08:51:47.251038.
2025-03-06 13:42:54,739 - root - INFO - Token Token-102 waiting for resource 'Tech' at 2025-01-09 08:51:47.251038
2025-03-06 13:42:54,739 - root - INFO - Token Token-103 completed task 'Review AM using Asset Change Tracker (5.5.13.1)' at 2025-01-09 09:00:24.924963.
2025-03-06 13:42:54,740 - root - INFO - Token Token-2 released from wait queue for 'Tech'
2025-03-06 13:42:54,740 - root - INFO - Token Token-103 started task 'Complete /Accurate?' at 2025-01-09 09:00:24.924963, scheduled to end at 2025-01-09 09:00:24.924963
2025-03-06 13:42:54,740 - root - INFO - Token Token-103 completed task 'Complete /Accurate?' at 2025-01-09 09:00:24.924963.
2025-03-06 13:42:54,740 - root - INFO - Token Token-103 started task 'Note Accuracy in Asset Change Tracker (5.5.13.2)' at 2025-01-09 09:00:24.924963, scheduled to end at 2025-01-09 09:04:56.572306
2025-03-06 13:42:54,741 - root - INFO - Token Token-103 completed task 'Note Accuracy in Asset Change Tracker (5.5.13.2)' at 2025-01-09 09:04:56.572306.
2025-03-06 13:42:54,741 - root - INFO - Token Token-104 released from wait queue for 'Tech'
2025-03-06 13:42:54,741 - root - INFO - Token Token-104 waited 4238.94 minutes for resource
2025-03-06 13:42:54,741 - root - INFO - Token Token-104 started task 'Review AM using Asset Change Tracker (5.5.13.1)' at 2025-01-09 09:04:56.572306, scheduled to end at 2025-01-09 09:11:30.229947
2025-03-06 13:42:54,741 - root - INFO - Token Token-103 started task 'Unknown' at 2025-01-09 09:04:56.572306, scheduled to end at 2025-01-09 09:04:56.572306
2025-03-06 13:42:54,742 - root - INFO - Token Token-103 completed task 'Unknown' at 2025-01-09 09:04:56.572306.
2025-03-06 13:42:54,742 - root - INFO - Token Token-103 has completed the entire process at 2025-01-09 09:04:56.572306.
2025-03-06 13:42:54,742 - root - INFO - Token Token-104 completed task 'Review AM using Asset Change Tracker (5.5.13.1)' at 2025-01-09 09:11:30.229947.
2025-03-06 13:42:54,742 - root - INFO - Token Token-105 released from wait queue for 'Tech'
2025-03-06 13:42:54,743 - root - INFO - Token Token-105 waited 4243.50 minutes for resource
2025-03-06 13:42:54,743 - root - INFO - Token Token-105 started task 'Review AM using Asset Change Tracker (5.5.13.1)' at 2025-01-09 09:11:30.229947, scheduled to end at 2025-01-09 09:20:55.260297
2025-03-06 13:42:54,743 - root - INFO - Token Token-104 started task 'Complete /Accurate?' at 2025-01-09 09:11:30.229947, scheduled to end at 2025-01-09 09:11:30.229947
2025-03-06 13:42:54,743 - root - INFO - Token Token-104 completed task 'Complete /Accurate?' at 2025-01-09 09:11:30.229947.
2025-03-06 13:42:54,743 - root - INFO - Token Token-104 waiting for resource 'Tech' at 2025-01-09 09:11:30.229947
2025-03-06 13:42:54,744 - root - INFO - Token Token-105 completed task 'Review AM using Asset Change Tracker (5.5.13.1)' at 2025-01-09 09:20:55.260297.
2025-03-06 13:42:54,744 - root - INFO - Token Token-106 released from wait queue for 'Tech'
2025-03-06 13:42:54,744 - root - INFO - Token Token-106 waited 4250.92 minutes for resource
2025-03-06 13:42:54,744 - root - INFO - Token Token-106 started task 'Review AM using Asset Change Tracker (5.5.13.1)' at 2025-01-09 09:20:55.260297, scheduled to end at 2025-01-09 09:30:08.311963
2025-03-06 13:42:54,744 - root - INFO - Token Token-105 started task 'Complete /Accurate?' at 2025-01-09 09:20:55.260297, scheduled to end at 2025-01-09 09:20:55.260297
2025-03-06 13:42:54,745 - root - INFO - Token Token-105 completed task 'Complete /Accurate?' at 2025-01-09 09:20:55.260297.
2025-03-06 13:42:54,745 - root - INFO - Token Token-105 waiting for resource 'Tech' at 2025-01-09 09:20:55.260297
2025-03-06 13:42:54,745 - root - INFO - Token Token-106 completed task 'Review AM using Asset Change Tracker (5.5.13.1)' at 2025-01-09 09:30:08.311963.
2025-03-06 13:42:54,746 - root - INFO - Token Token-107 released from wait queue for 'Tech'
2025-03-06 13:42:54,747 - root - INFO - Token Token-107 waited 4258.14 minutes for resource
2025-03-06 13:42:54,747 - root - INFO - Token Token-107 started task 'Review AM using Asset Change Tracker (5.5.13.1)' at 2025-01-09 09:30:08.311963, scheduled to end at 2025-01-09 09:39:14.676170
2025-03-06 13:42:54,747 - root - INFO - Token Token-106 started task 'Complete /Accurate?' at 2025-01-09 09:30:08.311963, scheduled to end at 2025-01-09 09:30:08.311963
2025-03-06 13:42:54,748 - root - INFO - Token Token-106 completed task 'Complete /Accurate?' at 2025-01-09 09:30:08.311963.
2025-03-06 13:42:54,748 - root - INFO - Token Token-106 waiting for resource 'Tech' at 2025-01-09 09:30:08.311963
2025-03-06 13:42:54,748 - root - INFO - Token Token-107 completed task 'Review AM using Asset Change Tracker (5.5.13.1)' at 2025-01-09 09:39:14.676170.
2025-03-06 13:42:54,748 - root - INFO - Token Token-9 released from wait queue for 'Tech'
2025-03-06 13:42:54,748 - root - INFO - Token Token-9 waited 4265.65 minutes for resource
2025-03-06 13:42:54,749 - root - INFO - Token Token-9 started task 'Note Accuracy in Asset Change Tracker (5.5.13.2)' at 2025-01-09 09:39:14.676170, scheduled to end at 2025-01-09 09:44:41.912585
2025-03-06 13:42:54,749 - root - INFO - Token Token-107 started task 'Complete /Accurate?' at 2025-01-09 09:39:14.676170, scheduled to end at 2025-01-09 09:39:14.676170
2025-03-06 13:42:54,749 - root - INFO - Token Token-107 completed task 'Complete /Accurate?' at 2025-01-09 09:39:14.676170.
2025-03-06 13:42:54,749 - root - INFO - Token Token-107 waiting for resource 'Tech' at 2025-01-09 09:39:14.676170
2025-03-06 13:42:54,750 - root - INFO - Token Token-9 completed task 'Note Accuracy in Asset Change Tracker (5.5.13.2)' at 2025-01-09 09:44:41.912585.
2025-03-06 13:42:54,750 - root - INFO - Token Token-108 released from wait queue for 'Tech'
2025-03-06 13:42:54,750 - root - INFO - Token Token-108 waited 4270.70 minutes for resource
2025-03-06 13:42:54,750 - root - INFO - Token Token-108 started task 'Review AM using Asset Change Tracker (5.5.13.1)' at 2025-01-09 09:44:41.912585, scheduled to end at 2025-01-09 09:52:15.861716
2025-03-06 13:42:54,751 - root - INFO - Token Token-9 started task 'Unknown' at 2025-01-09 09:44:41.912585, scheduled to end at 2025-01-09 09:44:41.912585
2025-03-06 13:42:54,751 - root - INFO - Token Token-9 completed task 'Unknown' at 2025-01-09 09:44:41.912585.
2025-03-06 13:42:54,751 - root - INFO - Token Token-9 has completed the entire process at 2025-01-09 09:44:41.912585.
2025-03-06 13:42:54,751 - root - INFO - Token Token-108 completed task 'Review AM using Asset Change Tracker (5.5.13.1)' at 2025-01-09 09:52:15.861716.
2025-03-06 13:42:54,751 - root - INFO - Token Token-109 released from wait queue for 'Tech'
2025-03-06 13:42:54,752 - root - INFO - Token Token-109 waited 4276.26 minutes for resource
2025-03-06 13:42:54,752 - root - INFO - Token Token-109 started task 'Review AM using Asset Change Tracker (5.5.13.1)' at 2025-01-09 09:52:15.861716, scheduled to end at 2025-01-09 09:59:15.300029
2025-03-06 13:42:54,752 - root - INFO - Token Token-108 started task 'Complete /Accurate?' at 2025-01-09 09:52:15.861716, scheduled to end at 2025-01-09 09:52:15.861716
2025-03-06 13:42:54,752 - root - INFO - Token Token-108 completed task 'Complete /Accurate?' at 2025-01-09 09:52:15.861716.
2025-03-06 13:42:54,752 - root - INFO - Token Token-108 waiting for resource 'Tech' at 2025-01-09 09:52:15.861716
2025-03-06 13:42:54,753 - root - INFO - Token Token-109 completed task 'Review AM using Asset Change Tracker (5.5.13.1)' at 2025-01-09 09:59:15.300029.
2025-03-06 13:42:54,753 - root - INFO - Token Token-110 released from wait queue for 'Tech'
2025-03-06 13:42:54,753 - root - INFO - Token Token-110 waited 4281.26 minutes for resource
2025-03-06 13:42:54,753 - root - INFO - Token Token-110 started task 'Review AM using Asset Change Tracker (5.5.13.1)' at 2025-01-09 09:59:15.300029, scheduled to end at 2025-01-09 10:05:53.943522
2025-03-06 13:42:54,754 - root - INFO - Token Token-109 started task 'Complete /Accurate?' at 2025-01-09 09:59:15.300029, scheduled to end at 2025-01-09 09:59:15.300029
2025-03-06 13:42:54,754 - root - INFO - Token Token-109 completed task 'Complete /Accurate?' at 2025-01-09 09:59:15.300029.
2025-03-06 13:42:54,756 - root - INFO - Token Token-109 waiting for resource 'Tech' at 2025-01-09 09:59:15.300029
2025-03-06 13:42:54,756 - root - INFO - Token Token-110 completed task 'Review AM using Asset Change Tracker (5.5.13.1)' at 2025-01-09 10:05:53.943522.
2025-03-06 13:42:54,756 - root - INFO - Token Token-111 released from wait queue for 'Tech'
2025-03-06 13:42:54,757 - root - INFO - Token Token-111 waited 4285.90 minutes for resource
2025-03-06 13:42:54,757 - root - INFO - Token Token-111 started task 'Review AM using Asset Change Tracker (5.5.13.1)' at 2025-01-09 10:05:53.943522, scheduled to end at 2025-01-09 10:14:24.172720
2025-03-06 13:42:54,757 - root - INFO - Token Token-110 started task 'Complete /Accurate?' at 2025-01-09 10:05:53.943522, scheduled to end at 2025-01-09 10:05:53.943522
2025-03-06 13:42:54,758 - root - INFO - Token Token-110 completed task 'Complete /Accurate?' at 2025-01-09 10:05:53.943522.
2025-03-06 13:42:54,758 - root - INFO - Token Token-110 waiting for resource 'Tech' at 2025-01-09 10:05:53.943522
2025-03-06 13:42:54,758 - root - INFO - Token Token-111 completed task 'Review AM using Asset Change Tracker (5.5.13.1)' at 2025-01-09 10:14:24.172720.
2025-03-06 13:42:54,759 - root - INFO - Token Token-10 released from wait queue for 'Tech'
2025-03-06 13:42:54,759 - root - INFO - Token Token-10 waited 4292.88 minutes for resource
2025-03-06 13:42:54,759 - root - INFO - Token Token-10 started task 'Work with REO RPO to Correct (5.5.13.3)' at 2025-01-09 10:14:24.172720, scheduled to end at 2025-01-09 12:54:52.882644
2025-03-06 13:42:54,760 - root - INFO - Token Token-111 started task 'Complete /Accurate?' at 2025-01-09 10:14:24.172720, scheduled to end at 2025-01-09 10:14:24.172720
2025-03-06 13:42:54,760 - root - INFO - Token Token-111 completed task 'Complete /Accurate?' at 2025-01-09 10:14:24.172720.
2025-03-06 13:42:54,761 - root - INFO - Token Token-111 waiting for resource 'Tech' at 2025-01-09 10:14:24.172720
2025-03-06 13:42:54,761 - root - INFO - Token Token-10 completed task 'Work with REO RPO to Correct (5.5.13.3)' at 2025-01-09 12:54:52.882644.
2025-03-06 13:42:54,762 - root - INFO - Token Token-112 released from wait queue for 'Tech'
2025-03-06 13:42:54,762 - root - INFO - Token Token-112 waited 4452.88 minutes for resource
2025-03-06 13:42:54,762 - root - INFO - Token Token-112 started task 'Review AM using Asset Change Tracker (5.5.13.1)' at 2025-01-09 12:54:52.882644, scheduled to end at 2025-01-10 07:00:00
2025-03-06 13:42:54,763 - root - INFO - Token Token-10 started task 'Create Journal Entries?' at 2025-01-09 12:54:52.882644, scheduled to end at 2025-01-09 12:54:52.882644
2025-03-06 13:42:54,763 - root - INFO - Token Token-10 completed task 'Create Journal Entries?' at 2025-01-09 12:54:52.882644.
2025-03-06 13:42:54,764 - root - INFO - Token Token-10 started task 'Create/Post Journal Entries (5.5.13.4)' at 2025-01-09 12:54:52.882644, scheduled to end at 2025-01-10 07:00:00
2025-03-06 13:42:54,765 - root - INFO - Token Token-10 waiting for resource 'Tech' at 2025-01-09 12:54:52.882644
2025-03-06 13:42:54,783 - root - INFO - Token Token-112 completed task 'Review AM using Asset Change Tracker (5.5.13.1)' at 2025-01-10 07:00:00.
2025-03-06 13:42:54,784 - root - INFO - Token Token-113 released from wait queue for 'Tech'
2025-03-06 13:42:54,784 - root - INFO - Token Token-10 completed task 'Create/Post Journal Entries (5.5.13.4)' at 2025-01-10 07:00:00.
2025-03-06 13:42:54,784 - root - INFO - Token Token-113 waited 5536.00 minutes for resource
2025-03-06 13:42:54,784 - root - INFO - Token Token-113 started task 'Review AM using Asset Change Tracker (5.5.13.1)' at 2025-01-10 07:00:00, scheduled to end at 2025-01-10 07:08:06.698868
2025-03-06 13:42:54,785 - root - INFO - Token Token-112 started task 'Complete /Accurate?' at 2025-01-10 07:00:00, scheduled to end at 2025-01-10 07:00:00
2025-03-06 13:42:54,785 - root - INFO - Token Token-10 waited 1085.12 minutes for resource
2025-03-06 13:42:54,785 - root - INFO - Token Token-10 started task 'Unknown' at 2025-01-10 07:00:00, scheduled to end at 2025-01-10 07:00:00
2025-03-06 13:42:54,785 - root - INFO - Token Token-112 completed task 'Complete /Accurate?' at 2025-01-10 07:00:00.
2025-03-06 13:42:54,785 - root - INFO - Token Token-10 completed task 'Unknown' at 2025-01-10 07:00:00.
2025-03-06 13:42:54,786 - root - INFO - Token Token-10 has completed the entire process at 2025-01-10 07:00:00.
2025-03-06 13:42:54,786 - root - INFO - Token Token-112 waiting for resource 'Tech' at 2025-01-10 07:00:00
2025-03-06 13:42:54,786 - root - INFO - Token Token-113 completed task 'Review AM using Asset Change Tracker (5.5.13.1)' at 2025-01-10 07:08:06.698868.
2025-03-06 13:42:54,786 - root - INFO - Token Token-114 released from wait queue for 'Tech'
2025-03-06 13:42:54,786 - root - INFO - Token Token-114 waited 5542.11 minutes for resource
2025-03-06 13:42:54,787 - root - INFO - Token Token-114 started task 'Review AM using Asset Change Tracker (5.5.13.1)' at 2025-01-10 07:08:06.698868, scheduled to end at 2025-01-10 07:17:21.626355
2025-03-06 13:42:54,787 - root - INFO - Token Token-113 started task 'Complete /Accurate?' at 2025-01-10 07:08:06.698868, scheduled to end at 2025-01-10 07:08:06.698868
2025-03-06 13:42:54,787 - root - INFO - Token Token-113 completed task 'Complete /Accurate?' at 2025-01-10 07:08:06.698868.
2025-03-06 13:42:54,787 - root - INFO - Token Token-113 waiting for resource 'Tech' at 2025-01-10 07:08:06.698868
2025-03-06 13:42:54,788 - root - INFO - Token Token-114 completed task 'Review AM using Asset Change Tracker (5.5.13.1)' at 2025-01-10 07:17:21.626355.
2025-03-06 13:42:54,788 - root - INFO - Token Token-115 released from wait queue for 'Tech'
2025-03-06 13:42:54,788 - root - INFO - Token Token-115 waited 5549.36 minutes for resource
2025-03-06 13:42:54,788 - root - INFO - Token Token-115 started task 'Review AM using Asset Change Tracker (5.5.13.1)' at 2025-01-10 07:17:21.626355, scheduled to end at 2025-01-10 07:24:24.343236
2025-03-06 13:42:54,788 - root - INFO - Token Token-114 started task 'Complete /Accurate?' at 2025-01-10 07:17:21.626355, scheduled to end at 2025-01-10 07:17:21.626355
2025-03-06 13:42:54,788 - root - INFO - Token Token-114 completed task 'Complete /Accurate?' at 2025-01-10 07:17:21.626355.
2025-03-06 13:42:54,789 - root - INFO - Token Token-114 waiting for resource 'Tech' at 2025-01-10 07:17:21.626355
2025-03-06 13:42:54,789 - root - INFO - Token Token-115 completed task 'Review AM using Asset Change Tracker (5.5.13.1)' at 2025-01-10 07:24:24.343236.
2025-03-06 13:42:54,789 - root - INFO - Token Token-11 released from wait queue for 'Tech'
2025-03-06 13:42:54,789 - root - INFO - Token Token-11 waited 5555.73 minutes for resource
2025-03-06 13:42:54,790 - root - INFO - Token Token-11 started task 'Note Accuracy in Asset Change Tracker (5.5.13.2)' at 2025-01-10 07:24:24.343236, scheduled to end at 2025-01-10 07:29:38.042306
2025-03-06 13:42:54,790 - root - INFO - Token Token-115 started task 'Complete /Accurate?' at 2025-01-10 07:24:24.343236, scheduled to end at 2025-01-10 07:24:24.343236
2025-03-06 13:42:54,791 - root - INFO - Token Token-115 completed task 'Complete /Accurate?' at 2025-01-10 07:24:24.343236.
2025-03-06 13:42:54,791 - root - INFO - Token Token-115 waiting for resource 'Tech' at 2025-01-10 07:24:24.343236
2025-03-06 13:42:54,791 - root - INFO - Token Token-11 completed task 'Note Accuracy in Asset Change Tracker (5.5.13.2)' at 2025-01-10 07:29:38.042306.
2025-03-06 13:42:54,791 - root - INFO - Token Token-116 released from wait queue for 'Tech'
2025-03-06 13:42:54,792 - root - INFO - Token Token-116 waited 5559.63 minutes for resource
2025-03-06 13:42:54,792 - root - INFO - Token Token-116 started task 'Review AM using Asset Change Tracker (5.5.13.1)' at 2025-01-10 07:29:38.042306, scheduled to end at 2025-01-10 07:35:51.345112
2025-03-06 13:42:54,792 - root - INFO - Token Token-11 started task 'Unknown' at 2025-01-10 07:29:38.042306, scheduled to end at 2025-01-10 07:29:38.042306
2025-03-06 13:42:54,792 - root - INFO - Token Token-11 completed task 'Unknown' at 2025-01-10 07:29:38.042306.
2025-03-06 13:42:54,793 - root - INFO - Token Token-11 has completed the entire process at 2025-01-10 07:29:38.042306.
2025-03-06 13:42:54,793 - root - INFO - Token Token-116 completed task 'Review AM using Asset Change Tracker (5.5.13.1)' at 2025-01-10 07:35:51.345112.
2025-03-06 13:42:54,793 - root - INFO - Token Token-117 released from wait queue for 'Tech'
2025-03-06 13:42:54,793 - root - INFO - Token Token-117 waited 5563.86 minutes for resource
2025-03-06 13:42:54,793 - root - INFO - Token Token-117 started task 'Review AM using Asset Change Tracker (5.5.13.1)' at 2025-01-10 07:35:51.345112, scheduled to end at 2025-01-10 07:44:17.892147
2025-03-06 13:42:54,794 - root - INFO - Token Token-116 started task 'Complete /Accurate?' at 2025-01-10 07:35:51.345112, scheduled to end at 2025-01-10 07:35:51.345112
2025-03-06 13:42:54,794 - root - INFO - Token Token-116 completed task 'Complete /Accurate?' at 2025-01-10 07:35:51.345112.
2025-03-06 13:42:54,794 - root - INFO - Token Token-116 waiting for resource 'Tech' at 2025-01-10 07:35:51.345112
2025-03-06 13:42:54,794 - root - INFO - Token Token-117 completed task 'Review AM using Asset Change Tracker (5.5.13.1)' at 2025-01-10 07:44:17.892147.
2025-03-06 13:42:54,795 - root - INFO - Token Token-118 released from wait queue for 'Tech'
2025-03-06 13:42:54,795 - root - INFO - Token Token-118 waited 5570.30 minutes for resource
2025-03-06 13:42:54,795 - root - INFO - Token Token-118 started task 'Review AM using Asset Change Tracker (5.5.13.1)' at 2025-01-10 07:44:17.892147, scheduled to end at 2025-01-10 07:52:40.193161
2025-03-06 13:42:54,795 - root - INFO - Token Token-117 started task 'Complete /Accurate?' at 2025-01-10 07:44:17.892147, scheduled to end at 2025-01-10 07:44:17.892147
2025-03-06 13:42:54,795 - root - INFO - Token Token-117 completed task 'Complete /Accurate?' at 2025-01-10 07:44:17.892147.
2025-03-06 13:42:54,796 - root - INFO - Token Token-117 waiting for resource 'Tech' at 2025-01-10 07:44:17.892147
2025-03-06 13:42:54,796 - root - INFO - Token Token-118 completed task 'Review AM using Asset Change Tracker (5.5.13.1)' at 2025-01-10 07:52:40.193161.
2025-03-06 13:42:54,796 - root - INFO - Token Token-119 released from wait queue for 'Tech'
2025-03-06 13:42:54,797 - root - INFO - Token Token-119 waited 5576.67 minutes for resource
2025-03-06 13:42:54,797 - root - INFO - Token Token-119 started task 'Review AM using Asset Change Tracker (5.5.13.1)' at 2025-01-10 07:52:40.193161, scheduled to end at 2025-01-10 08:01:17.106187
2025-03-06 13:42:54,797 - root - INFO - Token Token-118 started task 'Complete /Accurate?' at 2025-01-10 07:52:40.193161, scheduled to end at 2025-01-10 07:52:40.193161
2025-03-06 13:42:54,797 - root - INFO - Token Token-118 completed task 'Complete /Accurate?' at 2025-01-10 07:52:40.193161.
2025-03-06 13:42:54,799 - root - INFO - Token Token-118 waiting for resource 'Tech' at 2025-01-10 07:52:40.193161
2025-03-06 13:42:54,799 - root - INFO - Token Token-119 completed task 'Review AM using Asset Change Tracker (5.5.13.1)' at 2025-01-10 08:01:17.106187.
2025-03-06 13:42:54,799 - root - INFO - Token Token-12 released from wait queue for 'Tech'
2025-03-06 13:42:54,799 - root - INFO - Token Token-12 waited 5584.56 minutes for resource
2025-03-06 13:42:54,799 - root - INFO - Token Token-12 started task 'Note Accuracy in Asset Change Tracker (5.5.13.2)' at 2025-01-10 08:01:17.106187, scheduled to end at 2025-01-10 08:06:17.865290
2025-03-06 13:42:54,800 - root - INFO - Token Token-119 started task 'Complete /Accurate?' at 2025-01-10 08:01:17.106187, scheduled to end at 2025-01-10 08:01:17.106187
2025-03-06 13:42:54,800 - root - INFO - Token Token-119 completed task 'Complete /Accurate?' at 2025-01-10 08:01:17.106187.
2025-03-06 13:42:54,801 - root - INFO - Token Token-119 waiting for resource 'Tech' at 2025-01-10 08:01:17.106187
2025-03-06 13:42:54,802 - root - INFO - Token Token-12 completed task 'Note Accuracy in Asset Change Tracker (5.5.13.2)' at 2025-01-10 08:06:17.865290.
2025-03-06 13:42:54,802 - root - INFO - Token Token-120 released from wait queue for 'Tech'
2025-03-06 13:42:54,802 - root - INFO - Token Token-120 waited 5588.30 minutes for resource
2025-03-06 13:42:54,803 - root - INFO - Token Token-120 started task 'Review AM using Asset Change Tracker (5.5.13.1)' at 2025-01-10 08:06:17.865290, scheduled to end at 2025-01-10 08:14:18.220561
2025-03-06 13:42:54,803 - root - INFO - Token Token-12 started task 'Unknown' at 2025-01-10 08:06:17.865290, scheduled to end at 2025-01-10 08:06:17.865290
2025-03-06 13:42:54,804 - root - INFO - Token Token-12 completed task 'Unknown' at 2025-01-10 08:06:17.865290.
2025-03-06 13:42:54,804 - root - INFO - Token Token-12 has completed the entire process at 2025-01-10 08:06:17.865290.
2025-03-06 13:42:54,804 - root - INFO - Token Token-120 completed task 'Review AM using Asset Change Tracker (5.5.13.1)' at 2025-01-10 08:14:18.220561.
2025-03-06 13:42:54,805 - root - INFO - Token Token-121 released from wait queue for 'Tech'
2025-03-06 13:42:54,805 - root - INFO - Token Token-121 waited 5594.30 minutes for resource
2025-03-06 13:42:54,805 - root - INFO - Token Token-121 started task 'Review AM using Asset Change Tracker (5.5.13.1)' at 2025-01-10 08:14:18.220561, scheduled to end at 2025-01-10 08:23:11.644373
2025-03-06 13:42:54,806 - root - INFO - Token Token-120 started task 'Complete /Accurate?' at 2025-01-10 08:14:18.220561, scheduled to end at 2025-01-10 08:14:18.220561
2025-03-06 13:42:54,806 - root - INFO - Token Token-120 completed task 'Complete /Accurate?' at 2025-01-10 08:14:18.220561.
2025-03-06 13:42:54,807 - root - INFO - Token Token-120 waiting for resource 'Tech' at 2025-01-10 08:14:18.220561
2025-03-06 13:42:54,807 - root - INFO - Token Token-121 completed task 'Review AM using Asset Change Tracker (5.5.13.1)' at 2025-01-10 08:23:11.644373.
2025-03-06 13:42:54,807 - root - INFO - Token Token-122 released from wait queue for 'Tech'
2025-03-06 13:42:54,808 - root - INFO - Token Token-122 waited 5601.19 minutes for resource
2025-03-06 13:42:54,808 - root - INFO - Token Token-122 started task 'Review AM using Asset Change Tracker (5.5.13.1)' at 2025-01-10 08:23:11.644373, scheduled to end at 2025-01-10 08:32:01.135236
2025-03-06 13:42:54,809 - root - INFO - Token Token-121 started task 'Complete /Accurate?' at 2025-01-10 08:23:11.644373, scheduled to end at 2025-01-10 08:23:11.644373
2025-03-06 13:42:54,809 - root - INFO - Token Token-121 completed task 'Complete /Accurate?' at 2025-01-10 08:23:11.644373.
2025-03-06 13:42:54,810 - root - INFO - Token Token-121 waiting for resource 'Tech' at 2025-01-10 08:23:11.644373
2025-03-06 13:42:54,810 - root - INFO - Token Token-122 completed task 'Review AM using Asset Change Tracker (5.5.13.1)' at 2025-01-10 08:32:01.135236.
2025-03-06 13:42:54,811 - root - INFO - Token Token-123 released from wait queue for 'Tech'
2025-03-06 13:42:54,811 - root - INFO - Token Token-123 waited 5608.02 minutes for resource
2025-03-06 13:42:54,812 - root - INFO - Token Token-123 started task 'Review AM using Asset Change Tracker (5.5.13.1)' at 2025-01-10 08:32:01.135236, scheduled to end at 2025-01-10 08:40:11.292402
2025-03-06 13:42:54,813 - root - INFO - Token Token-122 started task 'Complete /Accurate?' at 2025-01-10 08:32:01.135236, scheduled to end at 2025-01-10 08:32:01.135236
2025-03-06 13:42:54,814 - root - INFO - Token Token-122 completed task 'Complete /Accurate?' at 2025-01-10 08:32:01.135236.
2025-03-06 13:42:54,831 - root - INFO - Token Token-122 waiting for resource 'Tech' at 2025-01-10 08:32:01.135236
2025-03-06 13:42:54,831 - root - INFO - Token Token-123 completed task 'Review AM using Asset Change Tracker (5.5.13.1)' at 2025-01-10 08:40:11.292402.
2025-03-06 13:42:54,831 - root - INFO - Token Token-13 released from wait queue for 'Tech'
2025-03-06 13:42:54,831 - root - INFO - Token Token-13 waited 5615.01 minutes for resource
2025-03-06 13:42:54,831 - root - INFO - Token Token-13 started task 'Note Accuracy in Asset Change Tracker (5.5.13.2)' at 2025-01-10 08:40:11.292402, scheduled to end at 2025-01-10 08:46:53.061032
2025-03-06 13:42:54,831 - root - INFO - Token Token-123 started task 'Complete /Accurate?' at 2025-01-10 08:40:11.292402, scheduled to end at 2025-01-10 08:40:11.292402
2025-03-06 13:42:54,832 - root - INFO - Token Token-123 completed task 'Complete /Accurate?' at 2025-01-10 08:40:11.292402.
2025-03-06 13:42:54,832 - root - INFO - Token Token-123 waiting for resource 'Tech' at 2025-01-10 08:40:11.292402
2025-03-06 13:42:54,832 - root - INFO - Token Token-13 completed task 'Note Accuracy in Asset Change Tracker (5.5.13.2)' at 2025-01-10 08:46:53.061032.
2025-03-06 13:42:54,833 - root - INFO - Token Token-124 released from wait queue for 'Tech'
2025-03-06 13:42:54,833 - root - INFO - Token Token-124 waited 5620.88 minutes for resource
2025-03-06 13:42:54,833 - root - INFO - Token Token-124 started task 'Review AM using Asset Change Tracker (5.5.13.1)' at 2025-01-10 08:46:53.061032, scheduled to end at 2025-01-10 08:52:02.396514
2025-03-06 13:42:54,833 - root - INFO - Token Token-13 started task 'Unknown' at 2025-01-10 08:46:53.061032, scheduled to end at 2025-01-10 08:46:53.061032
2025-03-06 13:42:54,833 - root - INFO - Token Token-13 completed task 'Unknown' at 2025-01-10 08:46:53.061032.
2025-03-06 13:42:54,834 - root - INFO - Token Token-13 has completed the entire process at 2025-01-10 08:46:53.061032.
2025-03-06 13:42:54,834 - root - INFO - Token Token-124 completed task 'Review AM using Asset Change Tracker (5.5.13.1)' at 2025-01-10 08:52:02.396514.
2025-03-06 13:42:54,834 - root - INFO - Token Token-125 released from wait queue for 'Tech'
2025-03-06 13:42:54,834 - root - INFO - Token Token-125 waited 5624.04 minutes for resource
2025-03-06 13:42:54,834 - root - INFO - Token Token-125 started task 'Review AM using Asset Change Tracker (5.5.13.1)' at 2025-01-10 08:52:02.396514, scheduled to end at 2025-01-10 08:59:20.370510
2025-03-06 13:42:54,835 - root - INFO - Token Token-124 started task 'Complete /Accurate?' at 2025-01-10 08:52:02.396514, scheduled to end at 2025-01-10 08:52:02.396514
2025-03-06 13:42:54,835 - root - INFO - Token Token-124 completed task 'Complete /Accurate?' at 2025-01-10 08:52:02.396514.
2025-03-06 13:42:54,835 - root - INFO - Token Token-124 waiting for resource 'Tech' at 2025-01-10 08:52:02.396514
2025-03-06 13:42:54,836 - root - INFO - Token Token-125 completed task 'Review AM using Asset Change Tracker (5.5.13.1)' at 2025-01-10 08:59:20.370510.
2025-03-06 13:42:54,836 - root - INFO - Token Token-126 released from wait queue for 'Tech'
2025-03-06 13:42:54,836 - root - INFO - Token Token-126 waited 5629.34 minutes for resource
2025-03-06 13:42:54,836 - root - INFO - Token Token-126 started task 'Review AM using Asset Change Tracker (5.5.13.1)' at 2025-01-10 08:59:20.370510, scheduled to end at 2025-01-10 09:08:01.632601
2025-03-06 13:42:54,837 - root - INFO - Token Token-125 started task 'Complete /Accurate?' at 2025-01-10 08:59:20.370510, scheduled to end at 2025-01-10 08:59:20.370510
2025-03-06 13:42:54,837 - root - INFO - Token Token-125 completed task 'Complete /Accurate?' at 2025-01-10 08:59:20.370510.
2025-03-06 13:42:54,838 - root - INFO - Token Token-125 waiting for resource 'Tech' at 2025-01-10 08:59:20.370510
2025-03-06 13:42:54,838 - root - INFO - Token Token-126 completed task 'Review AM using Asset Change Tracker (5.5.13.1)' at 2025-01-10 09:08:01.632601.
2025-03-06 13:42:54,838 - root - INFO - Token Token-127 released from wait queue for 'Tech'
2025-03-06 13:42:54,838 - root - INFO - Token Token-127 waited 5636.03 minutes for resource
2025-03-06 13:42:54,839 - root - INFO - Token Token-127 started task 'Review AM using Asset Change Tracker (5.5.13.1)' at 2025-01-10 09:08:01.632601, scheduled to end at 2025-01-10 09:17:10.254583
2025-03-06 13:42:54,839 - root - INFO - Token Token-126 started task 'Complete /Accurate?' at 2025-01-10 09:08:01.632601, scheduled to end at 2025-01-10 09:08:01.632601
2025-03-06 13:42:54,839 - root - INFO - Token Token-126 completed task 'Complete /Accurate?' at 2025-01-10 09:08:01.632601.
2025-03-06 13:42:54,839 - root - INFO - Token Token-126 waiting for resource 'Tech' at 2025-01-10 09:08:01.632601
2025-03-06 13:42:54,840 - root - INFO - Token Token-127 completed task 'Review AM using Asset Change Tracker (5.5.13.1)' at 2025-01-10 09:17:10.254583.
2025-03-06 13:42:54,840 - root - INFO - Token Token-128 released from wait queue for 'Tech'
2025-03-06 13:42:54,840 - root - INFO - Token Token-128 waited 5643.17 minutes for resource
2025-03-06 13:42:54,840 - root - INFO - Token Token-128 started task 'Review AM using Asset Change Tracker (5.5.13.1)' at 2025-01-10 09:17:10.254583, scheduled to end at 2025-01-10 09:24:21.775502
2025-03-06 13:42:54,840 - root - INFO - Token Token-127 started task 'Complete /Accurate?' at 2025-01-10 09:17:10.254583, scheduled to end at 2025-01-10 09:17:10.254583
2025-03-06 13:42:54,841 - root - INFO - Token Token-127 completed task 'Complete /Accurate?' at 2025-01-10 09:17:10.254583.
2025-03-06 13:42:54,841 - root - INFO - Token Token-127 waiting for resource 'Tech' at 2025-01-10 09:17:10.254583
2025-03-06 13:42:54,841 - root - INFO - Token Token-128 completed task 'Review AM using Asset Change Tracker (5.5.13.1)' at 2025-01-10 09:24:21.775502.
2025-03-06 13:42:54,841 - root - INFO - Token Token-129 released from wait queue for 'Tech'
2025-03-06 13:42:54,842 - root - INFO - Token Token-129 waited 5648.36 minutes for resource
2025-03-06 13:42:54,842 - root - INFO - Token Token-129 started task 'Review AM using Asset Change Tracker (5.5.13.1)' at 2025-01-10 09:24:21.775502, scheduled to end at 2025-01-10 09:33:08.501939
2025-03-06 13:42:54,842 - root - INFO - Token Token-128 started task 'Complete /Accurate?' at 2025-01-10 09:24:21.775502, scheduled to end at 2025-01-10 09:24:21.775502
2025-03-06 13:42:54,842 - root - INFO - Token Token-128 completed task 'Complete /Accurate?' at 2025-01-10 09:24:21.775502.
2025-03-06 13:42:54,842 - root - INFO - Token Token-128 waiting for resource 'Tech' at 2025-01-10 09:24:21.775502
2025-03-06 13:42:54,843 - root - INFO - Token Token-129 completed task 'Review AM using Asset Change Tracker (5.5.13.1)' at 2025-01-10 09:33:08.501939.
2025-03-06 13:42:54,843 - root - INFO - Token Token-130 released from wait queue for 'Tech'
2025-03-06 13:42:54,843 - root - INFO - Token Token-130 waited 5655.14 minutes for resource
2025-03-06 13:42:54,843 - root - INFO - Token Token-130 started task 'Review AM using Asset Change Tracker (5.5.13.1)' at 2025-01-10 09:33:08.501939, scheduled to end at 2025-01-10 09:39:41.021207
2025-03-06 13:42:54,844 - root - INFO - Token Token-129 started task 'Complete /Accurate?' at 2025-01-10 09:33:08.501939, scheduled to end at 2025-01-10 09:33:08.501939
2025-03-06 13:42:54,844 - root - INFO - Token Token-129 completed task 'Complete /Accurate?' at 2025-01-10 09:33:08.501939.
2025-03-06 13:42:54,844 - root - INFO - Token Token-129 waiting for resource 'Tech' at 2025-01-10 09:33:08.501939
2025-03-06 13:42:54,845 - root - INFO - Token Token-130 completed task 'Review AM using Asset Change Tracker (5.5.13.1)' at 2025-01-10 09:39:41.021207.
2025-03-06 13:42:54,845 - root - INFO - Token Token-131 released from wait queue for 'Tech'
2025-03-06 13:42:54,845 - root - INFO - Token Token-131 waited 5659.68 minutes for resource
2025-03-06 13:42:54,845 - root - INFO - Token Token-131 started task 'Review AM using Asset Change Tracker (5.5.13.1)' at 2025-01-10 09:39:41.021207, scheduled to end at 2025-01-10 09:47:00.467982
2025-03-06 13:42:54,845 - root - INFO - Token Token-130 started task 'Complete /Accurate?' at 2025-01-10 09:39:41.021207, scheduled to end at 2025-01-10 09:39:41.021207
2025-03-06 13:42:54,846 - root - INFO - Token Token-130 completed task 'Complete /Accurate?' at 2025-01-10 09:39:41.021207.
2025-03-06 13:42:54,846 - root - INFO - Token Token-130 waiting for resource 'Tech' at 2025-01-10 09:39:41.021207
2025-03-06 13:42:54,847 - root - INFO - Token Token-131 completed task 'Review AM using Asset Change Tracker (5.5.13.1)' at 2025-01-10 09:47:00.467982.
2025-03-06 13:42:54,847 - root - INFO - Token Token-132 released from wait queue for 'Tech'
2025-03-06 13:42:54,848 - root - INFO - Token Token-132 waited 5665.01 minutes for resource
2025-03-06 13:42:54,848 - root - INFO - Token Token-132 started task 'Review AM using Asset Change Tracker (5.5.13.1)' at 2025-01-10 09:47:00.467982, scheduled to end at 2025-01-10 09:55:23.532069
2025-03-06 13:42:54,849 - root - INFO - Token Token-131 started task 'Complete /Accurate?' at 2025-01-10 09:47:00.467982, scheduled to end at 2025-01-10 09:47:00.467982
2025-03-06 13:42:54,849 - root - INFO - Token Token-131 completed task 'Complete /Accurate?' at 2025-01-10 09:47:00.467982.
2025-03-06 13:42:54,849 - root - INFO - Token Token-131 waiting for resource 'Tech' at 2025-01-10 09:47:00.467982
2025-03-06 13:42:54,850 - root - INFO - Token Token-132 completed task 'Review AM using Asset Change Tracker (5.5.13.1)' at 2025-01-10 09:55:23.532069.
2025-03-06 13:42:54,850 - root - INFO - Token Token-133 released from wait queue for 'Tech'
2025-03-06 13:42:54,851 - root - INFO - Token Token-133 waited 5671.39 minutes for resource
2025-03-06 13:42:54,851 - root - INFO - Token Token-133 started task 'Review AM using Asset Change Tracker (5.5.13.1)' at 2025-01-10 09:55:23.532069, scheduled to end at 2025-01-10 10:04:24.662366
2025-03-06 13:42:54,851 - root - INFO - Token Token-132 started task 'Complete /Accurate?' at 2025-01-10 09:55:23.532069, scheduled to end at 2025-01-10 09:55:23.532069
2025-03-06 13:42:54,852 - root - INFO - Token Token-132 completed task 'Complete /Accurate?' at 2025-01-10 09:55:23.532069.
2025-03-06 13:42:54,852 - root - INFO - Token Token-132 waiting for resource 'Tech' at 2025-01-10 09:55:23.532069
2025-03-06 13:42:54,853 - root - INFO - Token Token-133 completed task 'Review AM using Asset Change Tracker (5.5.13.1)' at 2025-01-10 10:04:24.662366.
2025-03-06 13:42:54,853 - root - INFO - Token Token-134 released from wait queue for 'Tech'
2025-03-06 13:42:54,853 - root - INFO - Token Token-134 waited 5678.41 minutes for resource
2025-03-06 13:42:54,854 - root - INFO - Token Token-134 started task 'Review AM using Asset Change Tracker (5.5.13.1)' at 2025-01-10 10:04:24.662366, scheduled to end at 2025-01-10 10:12:39.531063
2025-03-06 13:42:54,854 - root - INFO - Token Token-133 started task 'Complete /Accurate?' at 2025-01-10 10:04:24.662366, scheduled to end at 2025-01-10 10:04:24.662366
2025-03-06 13:42:54,855 - root - INFO - Token Token-133 completed task 'Complete /Accurate?' at 2025-01-10 10:04:24.662366.
2025-03-06 13:42:54,855 - root - INFO - Token Token-133 waiting for resource 'Tech' at 2025-01-10 10:04:24.662366
2025-03-06 13:42:54,855 - root - INFO - Token Token-134 completed task 'Review AM using Asset Change Tracker (5.5.13.1)' at 2025-01-10 10:12:39.531063.
2025-03-06 13:42:54,857 - root - INFO - Token Token-135 released from wait queue for 'Tech'
2025-03-06 13:42:54,874 - root - INFO - Token Token-135 waited 5684.66 minutes for resource
2025-03-06 13:42:54,874 - root - INFO - Token Token-135 started task 'Review AM using Asset Change Tracker (5.5.13.1)' at 2025-01-10 10:12:39.531063, scheduled to end at 2025-01-10 10:19:30.194007
2025-03-06 13:42:54,875 - root - INFO - Token Token-134 started task 'Complete /Accurate?' at 2025-01-10 10:12:39.531063, scheduled to end at 2025-01-10 10:12:39.531063
2025-03-06 13:42:54,876 - root - INFO - Token Token-134 completed task 'Complete /Accurate?' at 2025-01-10 10:12:39.531063.
2025-03-06 13:42:54,876 - root - INFO - Token Token-134 waiting for resource 'Tech' at 2025-01-10 10:12:39.531063
2025-03-06 13:42:54,876 - root - INFO - Token Token-135 completed task 'Review AM using Asset Change Tracker (5.5.13.1)' at 2025-01-10 10:19:30.194007.
2025-03-06 13:42:54,876 - root - INFO - Token Token-136 released from wait queue for 'Tech'
2025-03-06 13:42:54,876 - root - INFO - Token Token-136 waited 5689.50 minutes for resource
2025-03-06 13:42:54,876 - root - INFO - Token Token-136 started task 'Review AM using Asset Change Tracker (5.5.13.1)' at 2025-01-10 10:19:30.194007, scheduled to end at 2025-01-10 10:28:51.619978
2025-03-06 13:42:54,876 - root - INFO - Token Token-135 started task 'Complete /Accurate?' at 2025-01-10 10:19:30.194007, scheduled to end at 2025-01-10 10:19:30.194007
2025-03-06 13:42:54,876 - root - INFO - Token Token-135 completed task 'Complete /Accurate?' at 2025-01-10 10:19:30.194007.
2025-03-06 13:42:54,878 - root - INFO - Token Token-135 waiting for resource 'Tech' at 2025-01-10 10:19:30.194007
2025-03-06 13:42:54,878 - root - INFO - Token Token-136 completed task 'Review AM using Asset Change Tracker (5.5.13.1)' at 2025-01-10 10:28:51.619978.
2025-03-06 13:42:54,878 - root - INFO - Token Token-137 released from wait queue for 'Tech'
2025-03-06 13:42:54,878 - root - INFO - Token Token-137 waited 5696.86 minutes for resource
2025-03-06 13:42:54,879 - root - INFO - Token Token-137 started task 'Review AM using Asset Change Tracker (5.5.13.1)' at 2025-01-10 10:28:51.619978, scheduled to end at 2025-01-10 10:37:45.012871
2025-03-06 13:42:54,879 - root - INFO - Token Token-136 started task 'Complete /Accurate?' at 2025-01-10 10:28:51.619978, scheduled to end at 2025-01-10 10:28:51.619978
2025-03-06 13:42:54,879 - root - INFO - Token Token-136 completed task 'Complete /Accurate?' at 2025-01-10 10:28:51.619978.
2025-03-06 13:42:54,879 - root - INFO - Token Token-136 waiting for resource 'Tech' at 2025-01-10 10:28:51.619978
2025-03-06 13:42:54,880 - root - INFO - Token Token-137 completed task 'Review AM using Asset Change Tracker (5.5.13.1)' at 2025-01-10 10:37:45.012871.
2025-03-06 13:42:54,880 - root - INFO - Token Token-138 released from wait queue for 'Tech'
2025-03-06 13:42:54,880 - root - INFO - Token Token-138 waited 5703.75 minutes for resource
2025-03-06 13:42:54,880 - root - INFO - Token Token-138 started task 'Review AM using Asset Change Tracker (5.5.13.1)' at 2025-01-10 10:37:45.012871, scheduled to end at 2025-01-10 10:45:19.203699
2025-03-06 13:42:54,881 - root - INFO - Token Token-137 started task 'Complete /Accurate?' at 2025-01-10 10:37:45.012871, scheduled to end at 2025-01-10 10:37:45.012871
2025-03-06 13:42:54,881 - root - INFO - Token Token-137 completed task 'Complete /Accurate?' at 2025-01-10 10:37:45.012871.
2025-03-06 13:42:54,881 - root - INFO - Token Token-137 waiting for resource 'Tech' at 2025-01-10 10:37:45.012871
2025-03-06 13:42:54,881 - root - INFO - Token Token-138 completed task 'Review AM using Asset Change Tracker (5.5.13.1)' at 2025-01-10 10:45:19.203699.
2025-03-06 13:42:54,882 - root - INFO - Token Token-139 released from wait queue for 'Tech'
2025-03-06 13:42:54,882 - root - INFO - Token Token-139 waited 5709.32 minutes for resource
2025-03-06 13:42:54,883 - root - INFO - Token Token-139 started task 'Review AM using Asset Change Tracker (5.5.13.1)' at 2025-01-10 10:45:19.203699, scheduled to end at 2025-01-10 10:53:28.691345
2025-03-06 13:42:54,883 - root - INFO - Token Token-138 started task 'Complete /Accurate?' at 2025-01-10 10:45:19.203699, scheduled to end at 2025-01-10 10:45:19.203699
2025-03-06 13:42:54,883 - root - INFO - Token Token-138 completed task 'Complete /Accurate?' at 2025-01-10 10:45:19.203699.
2025-03-06 13:42:54,884 - root - INFO - Token Token-138 waiting for resource 'Tech' at 2025-01-10 10:45:19.203699
2025-03-06 13:42:54,884 - root - INFO - Token Token-139 completed task 'Review AM using Asset Change Tracker (5.5.13.1)' at 2025-01-10 10:53:28.691345.
2025-03-06 13:42:54,884 - root - INFO - Token Token-140 released from wait queue for 'Tech'
2025-03-06 13:42:54,884 - root - INFO - Token Token-140 waited 5715.48 minutes for resource
2025-03-06 13:42:54,884 - root - INFO - Token Token-140 started task 'Review AM using Asset Change Tracker (5.5.13.1)' at 2025-01-10 10:53:28.691345, scheduled to end at 2025-01-10 11:02:00.737056
2025-03-06 13:42:54,885 - root - INFO - Token Token-139 started task 'Complete /Accurate?' at 2025-01-10 10:53:28.691345, scheduled to end at 2025-01-10 10:53:28.691345
2025-03-06 13:42:54,885 - root - INFO - Token Token-139 completed task 'Complete /Accurate?' at 2025-01-10 10:53:28.691345.
2025-03-06 13:42:54,885 - root - INFO - Token Token-139 waiting for resource 'Tech' at 2025-01-10 10:53:28.691345
2025-03-06 13:42:54,885 - root - INFO - Token Token-140 completed task 'Review AM using Asset Change Tracker (5.5.13.1)' at 2025-01-10 11:02:00.737056.
2025-03-06 13:42:54,886 - root - INFO - Token Token-141 released from wait queue for 'Tech'
2025-03-06 13:42:54,886 - root - INFO - Token Token-141 waited 5722.01 minutes for resource
2025-03-06 13:42:54,886 - root - INFO - Token Token-141 started task 'Review AM using Asset Change Tracker (5.5.13.1)' at 2025-01-10 11:02:00.737056, scheduled to end at 2025-01-10 11:08:41.502177
2025-03-06 13:42:54,886 - root - INFO - Token Token-140 started task 'Complete /Accurate?' at 2025-01-10 11:02:00.737056, scheduled to end at 2025-01-10 11:02:00.737056
2025-03-06 13:42:54,887 - root - INFO - Token Token-140 completed task 'Complete /Accurate?' at 2025-01-10 11:02:00.737056.
2025-03-06 13:42:54,887 - root - INFO - Token Token-140 waiting for resource 'Tech' at 2025-01-10 11:02:00.737056
2025-03-06 13:42:54,887 - root - INFO - Token Token-141 completed task 'Review AM using Asset Change Tracker (5.5.13.1)' at 2025-01-10 11:08:41.502177.
2025-03-06 13:42:54,887 - root - INFO - Token Token-142 released from wait queue for 'Tech'
2025-03-06 13:42:54,887 - root - INFO - Token Token-142 waited 5726.69 minutes for resource
2025-03-06 13:42:54,888 - root - INFO - Token Token-142 started task 'Review AM using Asset Change Tracker (5.5.13.1)' at 2025-01-10 11:08:41.502177, scheduled to end at 2025-01-10 11:16:10.773276
2025-03-06 13:42:54,888 - root - INFO - Token Token-141 started task 'Complete /Accurate?' at 2025-01-10 11:08:41.502177, scheduled to end at 2025-01-10 11:08:41.502177
2025-03-06 13:42:54,888 - root - INFO - Token Token-141 completed task 'Complete /Accurate?' at 2025-01-10 11:08:41.502177.
2025-03-06 13:42:54,888 - root - INFO - Token Token-141 waiting for resource 'Tech' at 2025-01-10 11:08:41.502177
2025-03-06 13:42:54,889 - root - INFO - Token Token-142 completed task 'Review AM using Asset Change Tracker (5.5.13.1)' at 2025-01-10 11:16:10.773276.
2025-03-06 13:42:54,889 - root - INFO - Token Token-143 released from wait queue for 'Tech'
2025-03-06 13:42:54,889 - root - INFO - Token Token-143 waited 5732.18 minutes for resource
2025-03-06 13:42:54,889 - root - INFO - Token Token-143 started task 'Review AM using Asset Change Tracker (5.5.13.1)' at 2025-01-10 11:16:10.773276, scheduled to end at 2025-01-10 11:24:29.319273
2025-03-06 13:42:54,890 - root - INFO - Token Token-142 started task 'Complete /Accurate?' at 2025-01-10 11:16:10.773276, scheduled to end at 2025-01-10 11:16:10.773276
2025-03-06 13:42:54,890 - root - INFO - Token Token-142 completed task 'Complete /Accurate?' at 2025-01-10 11:16:10.773276.
2025-03-06 13:42:54,890 - root - INFO - Token Token-142 waiting for resource 'Tech' at 2025-01-10 11:16:10.773276
2025-03-06 13:42:54,890 - root - INFO - Token Token-143 completed task 'Review AM using Asset Change Tracker (5.5.13.1)' at 2025-01-10 11:24:29.319273.
2025-03-06 13:42:54,891 - root - INFO - Token Token-144 released from wait queue for 'Tech'
2025-03-06 13:42:54,891 - root - INFO - Token Token-144 waited 5738.49 minutes for resource
2025-03-06 13:42:54,892 - root - INFO - Token Token-144 started task 'Review AM using Asset Change Tracker (5.5.13.1)' at 2025-01-10 11:24:29.319273, scheduled to end at 2025-01-10 11:32:43.293153
2025-03-06 13:42:54,892 - root - INFO - Token Token-143 started task 'Complete /Accurate?' at 2025-01-10 11:24:29.319273, scheduled to end at 2025-01-10 11:24:29.319273
2025-03-06 13:42:54,893 - root - INFO - Token Token-143 completed task 'Complete /Accurate?' at 2025-01-10 11:24:29.319273.
2025-03-06 13:42:54,893 - root - INFO - Token Token-143 waiting for resource 'Tech' at 2025-01-10 11:24:29.319273
2025-03-06 13:42:54,894 - root - INFO - Token Token-144 completed task 'Review AM using Asset Change Tracker (5.5.13.1)' at 2025-01-10 11:32:43.293153.
2025-03-06 13:42:54,894 - root - INFO - Token Token-145 released from wait queue for 'Tech'
2025-03-06 13:42:54,894 - root - INFO - Token Token-145 waited 5744.72 minutes for resource
2025-03-06 13:42:54,895 - root - INFO - Token Token-145 started task 'Review AM using Asset Change Tracker (5.5.13.1)' at 2025-01-10 11:32:43.293153, scheduled to end at 2025-01-10 11:41:41.302809
2025-03-06 13:42:54,895 - root - INFO - Token Token-144 started task 'Complete /Accurate?' at 2025-01-10 11:32:43.293153, scheduled to end at 2025-01-10 11:32:43.293153
2025-03-06 13:42:54,896 - root - INFO - Token Token-144 completed task 'Complete /Accurate?' at 2025-01-10 11:32:43.293153.
2025-03-06 13:42:54,896 - root - INFO - Token Token-144 waiting for resource 'Tech' at 2025-01-10 11:32:43.293153
2025-03-06 13:42:54,896 - root - INFO - Token Token-145 completed task 'Review AM using Asset Change Tracker (5.5.13.1)' at 2025-01-10 11:41:41.302809.
2025-03-06 13:42:54,897 - root - INFO - Token Token-146 released from wait queue for 'Tech'
2025-03-06 13:42:54,897 - root - INFO - Token Token-146 waited 5751.69 minutes for resource
2025-03-06 13:42:54,898 - root - INFO - Token Token-146 started task 'Review AM using Asset Change Tracker (5.5.13.1)' at 2025-01-10 11:41:41.302809, scheduled to end at 2025-01-10 11:51:09.093222
2025-03-06 13:42:54,898 - root - INFO - Token Token-145 started task 'Complete /Accurate?' at 2025-01-10 11:41:41.302809, scheduled to end at 2025-01-10 11:41:41.302809
2025-03-06 13:42:54,898 - root - INFO - Token Token-145 completed task 'Complete /Accurate?' at 2025-01-10 11:41:41.302809.
2025-03-06 13:42:54,899 - root - INFO - Token Token-145 waiting for resource 'Tech' at 2025-01-10 11:41:41.302809
2025-03-06 13:42:54,899 - root - INFO - Token Token-146 completed task 'Review AM using Asset Change Tracker (5.5.13.1)' at 2025-01-10 11:51:09.093222.
2025-03-06 13:42:54,900 - root - INFO - Token Token-147 released from wait queue for 'Tech'
2025-03-06 13:42:54,900 - root - INFO - Token Token-147 waited 5759.15 minutes for resource
2025-03-06 13:42:54,900 - root - INFO - Token Token-147 started task 'Review AM using Asset Change Tracker (5.5.13.1)' at 2025-01-10 11:51:09.093222, scheduled to end at 2025-01-10 11:59:00.921223
2025-03-06 13:42:54,901 - root - INFO - Token Token-146 started task 'Complete /Accurate?' at 2025-01-10 11:51:09.093222, scheduled to end at 2025-01-10 11:51:09.093222
2025-03-06 13:42:54,901 - root - INFO - Token Token-146 completed task 'Complete /Accurate?' at 2025-01-10 11:51:09.093222.
2025-03-06 13:42:54,902 - root - INFO - Token Token-146 waiting for resource 'Tech' at 2025-01-10 11:51:09.093222
2025-03-06 13:42:54,902 - root - INFO - Token Token-147 completed task 'Review AM using Asset Change Tracker (5.5.13.1)' at 2025-01-10 11:59:00.921223.
2025-03-06 13:42:54,902 - root - INFO - Token Token-148 released from wait queue for 'Tech'
2025-03-06 13:42:54,903 - root - INFO - Token Token-148 waited 5765.02 minutes for resource
2025-03-06 13:42:54,903 - root - INFO - Token Token-148 started task 'Review AM using Asset Change Tracker (5.5.13.1)' at 2025-01-10 11:59:00.921223, scheduled to end at 2025-01-10 12:06:49.432330
2025-03-06 13:42:54,904 - root - INFO - Token Token-147 started task 'Complete /Accurate?' at 2025-01-10 11:59:00.921223, scheduled to end at 2025-01-10 11:59:00.921223
2025-03-06 13:42:54,904 - root - INFO - Token Token-147 completed task 'Complete /Accurate?' at 2025-01-10 11:59:00.921223.
2025-03-06 13:42:54,905 - root - INFO - Token Token-147 waiting for resource 'Tech' at 2025-01-10 11:59:00.921223
2025-03-06 13:42:54,905 - root - INFO - Token Token-148 completed task 'Review AM using Asset Change Tracker (5.5.13.1)' at 2025-01-10 12:06:49.432330.
2025-03-06 13:42:54,905 - root - INFO - Token Token-149 released from wait queue for 'Tech'
2025-03-06 13:42:54,906 - root - INFO - Token Token-149 waited 5770.82 minutes for resource
2025-03-06 13:42:54,906 - root - INFO - Token Token-149 started task 'Review AM using Asset Change Tracker (5.5.13.1)' at 2025-01-10 12:06:49.432330, scheduled to end at 2025-01-10 12:12:15.967178
2025-03-06 13:42:54,907 - root - INFO - Token Token-148 started task 'Complete /Accurate?' at 2025-01-10 12:06:49.432330, scheduled to end at 2025-01-10 12:06:49.432330
2025-03-06 13:42:54,907 - root - INFO - Token Token-148 completed task 'Complete /Accurate?' at 2025-01-10 12:06:49.432330.
2025-03-06 13:42:54,907 - root - INFO - Token Token-148 waiting for resource 'Tech' at 2025-01-10 12:06:49.432330
2025-03-06 13:42:54,908 - root - INFO - Token Token-149 completed task 'Review AM using Asset Change Tracker (5.5.13.1)' at 2025-01-10 12:12:15.967178.
2025-03-06 13:42:54,908 - root - INFO - Token Token-150 released from wait queue for 'Tech'
2025-03-06 13:42:54,909 - root - INFO - Token Token-150 waited 5774.27 minutes for resource
2025-03-06 13:42:54,909 - root - INFO - Token Token-150 started task 'Review AM using Asset Change Tracker (5.5.13.1)' at 2025-01-10 12:12:15.967178, scheduled to end at 2025-01-10 12:21:34.512953
2025-03-06 13:42:54,910 - root - INFO - Token Token-149 started task 'Complete /Accurate?' at 2025-01-10 12:12:15.967178, scheduled to end at 2025-01-10 12:12:15.967178
2025-03-06 13:42:54,912 - root - INFO - Token Token-149 completed task 'Complete /Accurate?' at 2025-01-10 12:12:15.967178.
2025-03-06 13:42:54,912 - root - INFO - Token Token-149 waiting for resource 'Tech' at 2025-01-10 12:12:15.967178
2025-03-06 13:42:54,926 - root - INFO - Token Token-150 completed task 'Review AM using Asset Change Tracker (5.5.13.1)' at 2025-01-10 12:21:34.512953.
2025-03-06 13:42:54,926 - root - INFO - Token Token-151 released from wait queue for 'Tech'
2025-03-06 13:42:54,926 - root - INFO - Token Token-151 waited 5781.58 minutes for resource
2025-03-06 13:42:54,927 - root - INFO - Token Token-151 started task 'Review AM using Asset Change Tracker (5.5.13.1)' at 2025-01-10 12:21:34.512953, scheduled to end at 2025-01-10 12:30:13.185590
2025-03-06 13:42:54,927 - root - INFO - Token Token-150 started task 'Complete /Accurate?' at 2025-01-10 12:21:34.512953, scheduled to end at 2025-01-10 12:21:34.512953
2025-03-06 13:42:54,927 - root - INFO - Token Token-150 completed task 'Complete /Accurate?' at 2025-01-10 12:21:34.512953.
2025-03-06 13:42:54,927 - root - INFO - Token Token-150 waiting for resource 'Tech' at 2025-01-10 12:21:34.512953
2025-03-06 13:42:54,928 - root - INFO - Token Token-151 completed task 'Review AM using Asset Change Tracker (5.5.13.1)' at 2025-01-10 12:30:13.185590.
2025-03-06 13:42:54,928 - root - INFO - Token Token-152 released from wait queue for 'Tech'
2025-03-06 13:42:54,928 - root - INFO - Token Token-152 waited 5788.22 minutes for resource
2025-03-06 13:42:54,928 - root - INFO - Token Token-152 started task 'Review AM using Asset Change Tracker (5.5.13.1)' at 2025-01-10 12:30:13.185590, scheduled to end at 2025-01-10 12:36:01.182714
2025-03-06 13:42:54,929 - root - INFO - Token Token-151 started task 'Complete /Accurate?' at 2025-01-10 12:30:13.185590, scheduled to end at 2025-01-10 12:30:13.185590
2025-03-06 13:42:54,929 - root - INFO - Token Token-151 completed task 'Complete /Accurate?' at 2025-01-10 12:30:13.185590.
2025-03-06 13:42:54,929 - root - INFO - Token Token-151 waiting for resource 'Tech' at 2025-01-10 12:30:13.185590
2025-03-06 13:42:54,929 - root - INFO - Token Token-152 completed task 'Review AM using Asset Change Tracker (5.5.13.1)' at 2025-01-10 12:36:01.182714.
2025-03-06 13:42:54,929 - root - INFO - Token Token-153 released from wait queue for 'Tech'
2025-03-06 13:42:54,930 - root - INFO - Token Token-153 waited 5792.02 minutes for resource
2025-03-06 13:42:54,930 - root - INFO - Token Token-153 started task 'Review AM using Asset Change Tracker (5.5.13.1)' at 2025-01-10 12:36:01.182714, scheduled to end at 2025-01-10 12:44:31.152222
2025-03-06 13:42:54,930 - root - INFO - Token Token-152 started task 'Complete /Accurate?' at 2025-01-10 12:36:01.182714, scheduled to end at 2025-01-10 12:36:01.182714
2025-03-06 13:42:54,930 - root - INFO - Token Token-152 completed task 'Complete /Accurate?' at 2025-01-10 12:36:01.182714.
2025-03-06 13:42:54,931 - root - INFO - Token Token-152 waiting for resource 'Tech' at 2025-01-10 12:36:01.182714
2025-03-06 13:42:54,931 - root - INFO - Token Token-153 completed task 'Review AM using Asset Change Tracker (5.5.13.1)' at 2025-01-10 12:44:31.152222.
2025-03-06 13:42:54,931 - root - INFO - Token Token-154 released from wait queue for 'Tech'
2025-03-06 13:42:54,931 - root - INFO - Token Token-154 waited 5798.52 minutes for resource
2025-03-06 13:42:54,931 - root - INFO - Token Token-154 started task 'Review AM using Asset Change Tracker (5.5.13.1)' at 2025-01-10 12:44:31.152222, scheduled to end at 2025-01-10 12:53:32.834255
2025-03-06 13:42:54,932 - root - INFO - Token Token-153 started task 'Complete /Accurate?' at 2025-01-10 12:44:31.152222, scheduled to end at 2025-01-10 12:44:31.152222
2025-03-06 13:42:54,932 - root - INFO - Token Token-153 completed task 'Complete /Accurate?' at 2025-01-10 12:44:31.152222.
2025-03-06 13:42:54,932 - root - INFO - Token Token-153 waiting for resource 'Tech' at 2025-01-10 12:44:31.152222
2025-03-06 13:42:54,933 - root - INFO - Token Token-154 completed task 'Review AM using Asset Change Tracker (5.5.13.1)' at 2025-01-10 12:53:32.834255.
2025-03-06 13:42:54,934 - root - INFO - Token Token-155 released from wait queue for 'Tech'
2025-03-06 13:42:54,934 - root - INFO - Token Token-155 waited 5805.55 minutes for resource
2025-03-06 13:42:54,934 - root - INFO - Token Token-155 started task 'Review AM using Asset Change Tracker (5.5.13.1)' at 2025-01-10 12:53:32.834255, scheduled to end at 2025-01-13 07:00:00
2025-03-06 13:42:54,935 - root - INFO - Token Token-154 started task 'Complete /Accurate?' at 2025-01-10 12:53:32.834255, scheduled to end at 2025-01-10 12:53:32.834255
2025-03-06 13:42:54,935 - root - INFO - Token Token-154 completed task 'Complete /Accurate?' at 2025-01-10 12:53:32.834255.
2025-03-06 13:42:54,935 - root - INFO - Token Token-154 waiting for resource 'Tech' at 2025-01-10 12:53:32.834255
2025-03-06 13:42:54,935 - root - INFO - Token Token-155 completed task 'Review AM using Asset Change Tracker (5.5.13.1)' at 2025-01-13 07:00:00.
2025-03-06 13:42:54,936 - root - INFO - Token Token-156 released from wait queue for 'Tech'
2025-03-06 13:42:54,936 - root - INFO - Token Token-156 waited 9770.00 minutes for resource
2025-03-06 13:42:54,936 - root - INFO - Token Token-156 started task 'Review AM using Asset Change Tracker (5.5.13.1)' at 2025-01-13 07:00:00, scheduled to end at 2025-01-13 07:08:11.300270
2025-03-06 13:42:54,936 - root - INFO - Token Token-155 started task 'Complete /Accurate?' at 2025-01-13 07:00:00, scheduled to end at 2025-01-13 07:00:00
2025-03-06 13:42:54,936 - root - INFO - Token Token-155 completed task 'Complete /Accurate?' at 2025-01-13 07:00:00.
2025-03-06 13:42:54,937 - root - INFO - Token Token-155 waiting for resource 'Tech' at 2025-01-13 07:00:00
2025-03-06 13:42:54,937 - root - INFO - Token Token-156 completed task 'Review AM using Asset Change Tracker (5.5.13.1)' at 2025-01-13 07:08:11.300270.
2025-03-06 13:42:54,937 - root - INFO - Token Token-157 released from wait queue for 'Tech'
2025-03-06 13:42:54,937 - root - INFO - Token Token-157 waited 9776.19 minutes for resource
2025-03-06 13:42:54,939 - root - INFO - Token Token-157 started task 'Review AM using Asset Change Tracker (5.5.13.1)' at 2025-01-13 07:08:11.300270, scheduled to end at 2025-01-13 07:16:33.369202
2025-03-06 13:42:54,939 - root - INFO - Token Token-156 started task 'Complete /Accurate?' at 2025-01-13 07:08:11.300270, scheduled to end at 2025-01-13 07:08:11.300270
2025-03-06 13:42:54,940 - root - INFO - Token Token-156 completed task 'Complete /Accurate?' at 2025-01-13 07:08:11.300270.
2025-03-06 13:42:54,941 - root - INFO - Token Token-156 waiting for resource 'Tech' at 2025-01-13 07:08:11.300270
2025-03-06 13:42:54,941 - root - INFO - Token Token-157 completed task 'Review AM using Asset Change Tracker (5.5.13.1)' at 2025-01-13 07:16:33.369202.
2025-03-06 13:42:54,942 - root - INFO - Token Token-158 released from wait queue for 'Tech'
2025-03-06 13:42:54,942 - root - INFO - Token Token-158 waited 9782.56 minutes for resource
2025-03-06 13:42:54,942 - root - INFO - Token Token-158 started task 'Review AM using Asset Change Tracker (5.5.13.1)' at 2025-01-13 07:16:33.369202, scheduled to end at 2025-01-13 07:25:46.817420
2025-03-06 13:42:54,943 - root - INFO - Token Token-157 started task 'Complete /Accurate?' at 2025-01-13 07:16:33.369202, scheduled to end at 2025-01-13 07:16:33.369202
2025-03-06 13:42:54,943 - root - INFO - Token Token-157 completed task 'Complete /Accurate?' at 2025-01-13 07:16:33.369202.
2025-03-06 13:42:54,944 - root - INFO - Token Token-157 waiting for resource 'Tech' at 2025-01-13 07:16:33.369202
2025-03-06 13:42:54,944 - root - INFO - Token Token-158 completed task 'Review AM using Asset Change Tracker (5.5.13.1)' at 2025-01-13 07:25:46.817420.
2025-03-06 13:42:54,944 - root - INFO - Token Token-159 released from wait queue for 'Tech'
2025-03-06 13:42:54,945 - root - INFO - Token Token-159 waited 9789.78 minutes for resource
2025-03-06 13:42:54,945 - root - INFO - Token Token-159 started task 'Review AM using Asset Change Tracker (5.5.13.1)' at 2025-01-13 07:25:46.817420, scheduled to end at 2025-01-13 07:34:14.527958
2025-03-06 13:42:54,945 - root - INFO - Token Token-158 started task 'Complete /Accurate?' at 2025-01-13 07:25:46.817420, scheduled to end at 2025-01-13 07:25:46.817420
2025-03-06 13:42:54,946 - root - INFO - Token Token-158 completed task 'Complete /Accurate?' at 2025-01-13 07:25:46.817420.
2025-03-06 13:42:54,946 - root - INFO - Token Token-158 waiting for resource 'Tech' at 2025-01-13 07:25:46.817420
2025-03-06 13:42:54,947 - root - INFO - Token Token-159 completed task 'Review AM using Asset Change Tracker (5.5.13.1)' at 2025-01-13 07:34:14.527958.
2025-03-06 13:42:54,947 - root - INFO - Token Token-160 released from wait queue for 'Tech'
2025-03-06 13:42:54,947 - root - INFO - Token Token-160 waited 9796.24 minutes for resource
2025-03-06 13:42:54,948 - root - INFO - Token Token-160 started task 'Review AM using Asset Change Tracker (5.5.13.1)' at 2025-01-13 07:34:14.527958, scheduled to end at 2025-01-13 07:43:20.527758
2025-03-06 13:42:54,948 - root - INFO - Token Token-159 started task 'Complete /Accurate?' at 2025-01-13 07:34:14.527958, scheduled to end at 2025-01-13 07:34:14.527958
2025-03-06 13:42:54,949 - root - INFO - Token Token-159 completed task 'Complete /Accurate?' at 2025-01-13 07:34:14.527958.
2025-03-06 13:42:54,950 - root - INFO - Token Token-159 waiting for resource 'Tech' at 2025-01-13 07:34:14.527958
2025-03-06 13:42:54,950 - root - INFO - Token Token-160 completed task 'Review AM using Asset Change Tracker (5.5.13.1)' at 2025-01-13 07:43:20.527758.
2025-03-06 13:42:54,951 - root - INFO - Token Token-161 released from wait queue for 'Tech'
2025-03-06 13:42:54,951 - root - INFO - Token Token-161 waited 9803.34 minutes for resource
2025-03-06 13:42:54,952 - root - INFO - Token Token-161 started task 'Review AM using Asset Change Tracker (5.5.13.1)' at 2025-01-13 07:43:20.527758, scheduled to end at 2025-01-13 07:50:24.862924
2025-03-06 13:42:54,952 - root - INFO - Token Token-160 started task 'Complete /Accurate?' at 2025-01-13 07:43:20.527758, scheduled to end at 2025-01-13 07:43:20.527758
2025-03-06 13:42:54,953 - root - INFO - Token Token-160 completed task 'Complete /Accurate?' at 2025-01-13 07:43:20.527758.
2025-03-06 13:42:54,953 - root - INFO - Token Token-160 waiting for resource 'Tech' at 2025-01-13 07:43:20.527758
2025-03-06 13:42:54,953 - root - INFO - Token Token-161 completed task 'Review AM using Asset Change Tracker (5.5.13.1)' at 2025-01-13 07:50:24.862924.
2025-03-06 13:42:54,955 - root - INFO - Token Token-162 released from wait queue for 'Tech'
2025-03-06 13:42:54,968 - root - INFO - Token Token-162 waited 9808.41 minutes for resource
2025-03-06 13:42:54,968 - root - INFO - Token Token-162 started task 'Review AM using Asset Change Tracker (5.5.13.1)' at 2025-01-13 07:50:24.862924, scheduled to end at 2025-01-13 07:56:40.367889
2025-03-06 13:42:54,970 - root - INFO - Token Token-161 started task 'Complete /Accurate?' at 2025-01-13 07:50:24.862924, scheduled to end at 2025-01-13 07:50:24.862924
2025-03-06 13:42:54,970 - root - INFO - Token Token-161 completed task 'Complete /Accurate?' at 2025-01-13 07:50:24.862924.
2025-03-06 13:42:54,971 - root - INFO - Token Token-161 waiting for resource 'Tech' at 2025-01-13 07:50:24.862924
2025-03-06 13:42:54,971 - root - INFO - Token Token-162 completed task 'Review AM using Asset Change Tracker (5.5.13.1)' at 2025-01-13 07:56:40.367889.
2025-03-06 13:42:54,971 - root - INFO - Token Token-163 released from wait queue for 'Tech'
2025-03-06 13:42:54,971 - root - INFO - Token Token-163 waited 9812.67 minutes for resource
2025-03-06 13:42:54,971 - root - INFO - Token Token-163 started task 'Review AM using Asset Change Tracker (5.5.13.1)' at 2025-01-13 07:56:40.367889, scheduled to end at 2025-01-13 08:02:47.598147
2025-03-06 13:42:54,972 - root - INFO - Token Token-162 started task 'Complete /Accurate?' at 2025-01-13 07:56:40.367889, scheduled to end at 2025-01-13 07:56:40.367889
2025-03-06 13:42:54,972 - root - INFO - Token Token-162 completed task 'Complete /Accurate?' at 2025-01-13 07:56:40.367889.
2025-03-06 13:42:54,972 - root - INFO - Token Token-162 waiting for resource 'Tech' at 2025-01-13 07:56:40.367889
2025-03-06 13:42:54,972 - root - INFO - Token Token-163 completed task 'Review AM using Asset Change Tracker (5.5.13.1)' at 2025-01-13 08:02:47.598147.
2025-03-06 13:42:54,973 - root - INFO - Token Token-164 released from wait queue for 'Tech'
2025-03-06 13:42:54,973 - root - INFO - Token Token-164 waited 9816.79 minutes for resource
2025-03-06 13:42:54,973 - root - INFO - Token Token-164 started task 'Review AM using Asset Change Tracker (5.5.13.1)' at 2025-01-13 08:02:47.598147, scheduled to end at 2025-01-13 08:11:37.416256
2025-03-06 13:42:54,973 - root - INFO - Token Token-163 started task 'Complete /Accurate?' at 2025-01-13 08:02:47.598147, scheduled to end at 2025-01-13 08:02:47.598147
2025-03-06 13:42:54,974 - root - INFO - Token Token-163 completed task 'Complete /Accurate?' at 2025-01-13 08:02:47.598147.
2025-03-06 13:42:54,974 - root - INFO - Token Token-163 waiting for resource 'Tech' at 2025-01-13 08:02:47.598147
2025-03-06 13:42:54,974 - root - INFO - Token Token-164 completed task 'Review AM using Asset Change Tracker (5.5.13.1)' at 2025-01-13 08:11:37.416256.
2025-03-06 13:42:54,974 - root - INFO - Token Token-165 released from wait queue for 'Tech'
2025-03-06 13:42:54,974 - root - INFO - Token Token-165 waited 9823.62 minutes for resource
2025-03-06 13:42:54,975 - root - INFO - Token Token-165 started task 'Review AM using Asset Change Tracker (5.5.13.1)' at 2025-01-13 08:11:37.416256, scheduled to end at 2025-01-13 08:18:33.086013
2025-03-06 13:42:54,975 - root - INFO - Token Token-164 started task 'Complete /Accurate?' at 2025-01-13 08:11:37.416256, scheduled to end at 2025-01-13 08:11:37.416256
2025-03-06 13:42:54,975 - root - INFO - Token Token-164 completed task 'Complete /Accurate?' at 2025-01-13 08:11:37.416256.
2025-03-06 13:42:54,976 - root - INFO - Token Token-164 waiting for resource 'Tech' at 2025-01-13 08:11:37.416256
2025-03-06 13:42:54,976 - root - INFO - Token Token-165 completed task 'Review AM using Asset Change Tracker (5.5.13.1)' at 2025-01-13 08:18:33.086013.
2025-03-06 13:42:54,977 - root - INFO - Token Token-166 released from wait queue for 'Tech'
2025-03-06 13:42:54,977 - root - INFO - Token Token-166 waited 9828.55 minutes for resource
2025-03-06 13:42:54,977 - root - INFO - Token Token-166 started task 'Review AM using Asset Change Tracker (5.5.13.1)' at 2025-01-13 08:18:33.086013, scheduled to end at 2025-01-13 08:27:41.281542
2025-03-06 13:42:54,977 - root - INFO - Token Token-165 started task 'Complete /Accurate?' at 2025-01-13 08:18:33.086013, scheduled to end at 2025-01-13 08:18:33.086013
2025-03-06 13:42:54,978 - root - INFO - Token Token-165 completed task 'Complete /Accurate?' at 2025-01-13 08:18:33.086013.
2025-03-06 13:42:54,978 - root - INFO - Token Token-165 waiting for resource 'Tech' at 2025-01-13 08:18:33.086013
2025-03-06 13:42:54,978 - root - INFO - Token Token-166 completed task 'Review AM using Asset Change Tracker (5.5.13.1)' at 2025-01-13 08:27:41.281542.
2025-03-06 13:42:54,978 - root - INFO - Token Token-167 released from wait queue for 'Tech'
2025-03-06 13:42:54,978 - root - INFO - Token Token-167 waited 9835.69 minutes for resource
2025-03-06 13:42:54,979 - root - INFO - Token Token-167 started task 'Review AM using Asset Change Tracker (5.5.13.1)' at 2025-01-13 08:27:41.281542, scheduled to end at 2025-01-13 08:35:23.561214
2025-03-06 13:42:54,979 - root - INFO - Token Token-166 started task 'Complete /Accurate?' at 2025-01-13 08:27:41.281542, scheduled to end at 2025-01-13 08:27:41.281542
2025-03-06 13:42:54,979 - root - INFO - Token Token-166 completed task 'Complete /Accurate?' at 2025-01-13 08:27:41.281542.
2025-03-06 13:42:54,979 - root - INFO - Token Token-166 waiting for resource 'Tech' at 2025-01-13 08:27:41.281542
2025-03-06 13:42:54,980 - root - INFO - Token Token-167 completed task 'Review AM using Asset Change Tracker (5.5.13.1)' at 2025-01-13 08:35:23.561214.
2025-03-06 13:42:54,980 - root - INFO - Token Token-168 released from wait queue for 'Tech'
2025-03-06 13:42:54,980 - root - INFO - Token Token-168 waited 9841.39 minutes for resource
2025-03-06 13:42:54,980 - root - INFO - Token Token-168 started task 'Review AM using Asset Change Tracker (5.5.13.1)' at 2025-01-13 08:35:23.561214, scheduled to end at 2025-01-13 08:44:40.183506
2025-03-06 13:42:54,980 - root - INFO - Token Token-167 started task 'Complete /Accurate?' at 2025-01-13 08:35:23.561214, scheduled to end at 2025-01-13 08:35:23.561214
2025-03-06 13:42:54,981 - root - INFO - Token Token-167 completed task 'Complete /Accurate?' at 2025-01-13 08:35:23.561214.
2025-03-06 13:42:54,981 - root - INFO - Token Token-167 waiting for resource 'Tech' at 2025-01-13 08:35:23.561214
2025-03-06 13:42:54,981 - root - INFO - Token Token-168 completed task 'Review AM using Asset Change Tracker (5.5.13.1)' at 2025-01-13 08:44:40.183506.
2025-03-06 13:42:54,981 - root - INFO - Token Token-169 released from wait queue for 'Tech'
2025-03-06 13:42:54,982 - root - INFO - Token Token-169 waited 9848.67 minutes for resource
2025-03-06 13:42:54,982 - root - INFO - Token Token-169 started task 'Review AM using Asset Change Tracker (5.5.13.1)' at 2025-01-13 08:44:40.183506, scheduled to end at 2025-01-13 08:54:10.426800
2025-03-06 13:42:54,983 - root - INFO - Token Token-168 started task 'Complete /Accurate?' at 2025-01-13 08:44:40.183506, scheduled to end at 2025-01-13 08:44:40.183506
2025-03-06 13:42:54,984 - root - INFO - Token Token-168 completed task 'Complete /Accurate?' at 2025-01-13 08:44:40.183506.
2025-03-06 13:42:54,984 - root - INFO - Token Token-168 waiting for resource 'Tech' at 2025-01-13 08:44:40.183506
2025-03-06 13:42:54,985 - root - INFO - Token Token-169 completed task 'Review AM using Asset Change Tracker (5.5.13.1)' at 2025-01-13 08:54:10.426800.
2025-03-06 13:42:54,985 - root - INFO - Token Token-170 released from wait queue for 'Tech'
2025-03-06 13:42:54,986 - root - INFO - Token Token-170 waited 9856.17 minutes for resource
2025-03-06 13:42:54,986 - root - INFO - Token Token-170 started task 'Review AM using Asset Change Tracker (5.5.13.1)' at 2025-01-13 08:54:10.426800, scheduled to end at 2025-01-13 09:00:32.570590
2025-03-06 13:42:54,986 - root - INFO - Token Token-169 started task 'Complete /Accurate?' at 2025-01-13 08:54:10.426800, scheduled to end at 2025-01-13 08:54:10.426800
2025-03-06 13:42:54,987 - root - INFO - Token Token-169 completed task 'Complete /Accurate?' at 2025-01-13 08:54:10.426800.
2025-03-06 13:42:54,987 - root - INFO - Token Token-169 waiting for resource 'Tech' at 2025-01-13 08:54:10.426800
2025-03-06 13:42:54,988 - root - INFO - Token Token-170 completed task 'Review AM using Asset Change Tracker (5.5.13.1)' at 2025-01-13 09:00:32.570590.
2025-03-06 13:42:54,988 - root - INFO - Token Token-171 released from wait queue for 'Tech'
2025-03-06 13:42:54,988 - root - INFO - Token Token-171 waited 9860.54 minutes for resource
2025-03-06 13:42:54,989 - root - INFO - Token Token-171 started task 'Review AM using Asset Change Tracker (5.5.13.1)' at 2025-01-13 09:00:32.570590, scheduled to end at 2025-01-13 09:06:49.107981
2025-03-06 13:42:54,989 - root - INFO - Token Token-170 started task 'Complete /Accurate?' at 2025-01-13 09:00:32.570590, scheduled to end at 2025-01-13 09:00:32.570590
2025-03-06 13:42:54,990 - root - INFO - Token Token-170 completed task 'Complete /Accurate?' at 2025-01-13 09:00:32.570590.
2025-03-06 13:42:54,990 - root - INFO - Token Token-170 waiting for resource 'Tech' at 2025-01-13 09:00:32.570590
2025-03-06 13:42:54,990 - root - INFO - Token Token-171 completed task 'Review AM using Asset Change Tracker (5.5.13.1)' at 2025-01-13 09:06:49.107981.
2025-03-06 13:42:54,991 - root - INFO - Token Token-172 released from wait queue for 'Tech'
2025-03-06 13:42:54,991 - root - INFO - Token Token-172 waited 9864.82 minutes for resource
2025-03-06 13:42:54,991 - root - INFO - Token Token-172 started task 'Review AM using Asset Change Tracker (5.5.13.1)' at 2025-01-13 09:06:49.107981, scheduled to end at 2025-01-13 09:13:46.839181
2025-03-06 13:42:54,992 - root - INFO - Token Token-171 started task 'Complete /Accurate?' at 2025-01-13 09:06:49.107981, scheduled to end at 2025-01-13 09:06:49.107981
2025-03-06 13:42:54,992 - root - INFO - Token Token-171 completed task 'Complete /Accurate?' at 2025-01-13 09:06:49.107981.
2025-03-06 13:42:54,993 - root - INFO - Token Token-171 waiting for resource 'Tech' at 2025-01-13 09:06:49.107981
2025-03-06 13:42:54,993 - root - INFO - Token Token-172 completed task 'Review AM using Asset Change Tracker (5.5.13.1)' at 2025-01-13 09:13:46.839181.
2025-03-06 13:42:54,994 - root - INFO - Token Token-173 released from wait queue for 'Tech'
2025-03-06 13:42:54,994 - root - INFO - Token Token-173 waited 9869.78 minutes for resource
2025-03-06 13:42:54,995 - root - INFO - Token Token-173 started task 'Review AM using Asset Change Tracker (5.5.13.1)' at 2025-01-13 09:13:46.839181, scheduled to end at 2025-01-13 09:21:56.390714
2025-03-06 13:42:54,995 - root - INFO - Token Token-172 started task 'Complete /Accurate?' at 2025-01-13 09:13:46.839181, scheduled to end at 2025-01-13 09:13:46.839181
2025-03-06 13:42:54,995 - root - INFO - Token Token-172 completed task 'Complete /Accurate?' at 2025-01-13 09:13:46.839181.
2025-03-06 13:42:54,996 - root - INFO - Token Token-172 waiting for resource 'Tech' at 2025-01-13 09:13:46.839181
2025-03-06 13:42:54,997 - root - INFO - Token Token-173 completed task 'Review AM using Asset Change Tracker (5.5.13.1)' at 2025-01-13 09:21:56.390714.
2025-03-06 13:42:54,997 - root - INFO - Token Token-174 released from wait queue for 'Tech'
2025-03-06 13:42:54,998 - root - INFO - Token Token-174 waited 9875.94 minutes for resource
2025-03-06 13:42:54,998 - root - INFO - Token Token-174 started task 'Review AM using Asset Change Tracker (5.5.13.1)' at 2025-01-13 09:21:56.390714, scheduled to end at 2025-01-13 09:28:00.742623
2025-03-06 13:42:54,999 - root - INFO - Token Token-173 started task 'Complete /Accurate?' at 2025-01-13 09:21:56.390714, scheduled to end at 2025-01-13 09:21:56.390714
2025-03-06 13:42:54,999 - root - INFO - Token Token-173 completed task 'Complete /Accurate?' at 2025-01-13 09:21:56.390714.
2025-03-06 13:42:55,000 - root - INFO - Token Token-173 waiting for resource 'Tech' at 2025-01-13 09:21:56.390714
2025-03-06 13:42:55,000 - root - INFO - Token Token-174 completed task 'Review AM using Asset Change Tracker (5.5.13.1)' at 2025-01-13 09:28:00.742623.
2025-03-06 13:42:55,000 - root - INFO - Token Token-175 released from wait queue for 'Tech'
2025-03-06 13:42:55,001 - root - INFO - Token Token-175 waited 9880.01 minutes for resource
2025-03-06 13:42:55,001 - root - INFO - Token Token-175 started task 'Review AM using Asset Change Tracker (5.5.13.1)' at 2025-01-13 09:28:00.742623, scheduled to end at 2025-01-13 09:35:45.690371
2025-03-06 13:42:55,001 - root - INFO - Token Token-174 started task 'Complete /Accurate?' at 2025-01-13 09:28:00.742623, scheduled to end at 2025-01-13 09:28:00.742623
2025-03-06 13:42:55,002 - root - INFO - Token Token-174 completed task 'Complete /Accurate?' at 2025-01-13 09:28:00.742623.
2025-03-06 13:42:55,002 - root - INFO - Token Token-174 waiting for resource 'Tech' at 2025-01-13 09:28:00.742623
2025-03-06 13:42:55,003 - root - INFO - Token Token-175 completed task 'Review AM using Asset Change Tracker (5.5.13.1)' at 2025-01-13 09:35:45.690371.
2025-03-06 13:42:55,003 - root - INFO - Token Token-176 released from wait queue for 'Tech'
2025-03-06 13:42:55,004 - root - INFO - Token Token-176 waited 9885.76 minutes for resource
2025-03-06 13:42:55,005 - root - INFO - Token Token-176 started task 'Review AM using Asset Change Tracker (5.5.13.1)' at 2025-01-13 09:35:45.690371, scheduled to end at 2025-01-13 09:44:05.309009
2025-03-06 13:42:55,006 - root - INFO - Token Token-175 started task 'Complete /Accurate?' at 2025-01-13 09:35:45.690371, scheduled to end at 2025-01-13 09:35:45.690371
2025-03-06 13:42:55,011 - root - INFO - Token Token-175 completed task 'Complete /Accurate?' at 2025-01-13 09:35:45.690371.
2025-03-06 13:42:55,013 - root - INFO - Token Token-175 waiting for resource 'Tech' at 2025-01-13 09:35:45.690371
2025-03-06 13:42:55,014 - root - INFO - Token Token-176 completed task 'Review AM using Asset Change Tracker (5.5.13.1)' at 2025-01-13 09:44:05.309009.
2025-03-06 13:42:55,014 - root - INFO - Token Token-177 released from wait queue for 'Tech'
2025-03-06 13:42:55,014 - root - INFO - Token Token-177 waited 9892.09 minutes for resource
2025-03-06 13:42:55,014 - root - INFO - Token Token-177 started task 'Review AM using Asset Change Tracker (5.5.13.1)' at 2025-01-13 09:44:05.309009, scheduled to end at 2025-01-13 09:53:33.272737
2025-03-06 13:42:55,015 - root - INFO - Token Token-176 started task 'Complete /Accurate?' at 2025-01-13 09:44:05.309009, scheduled to end at 2025-01-13 09:44:05.309009
2025-03-06 13:42:55,015 - root - INFO - Token Token-176 completed task 'Complete /Accurate?' at 2025-01-13 09:44:05.309009.
2025-03-06 13:42:55,015 - root - INFO - Token Token-176 waiting for resource 'Tech' at 2025-01-13 09:44:05.309009
2025-03-06 13:42:55,015 - root - INFO - Token Token-177 completed task 'Review AM using Asset Change Tracker (5.5.13.1)' at 2025-01-13 09:53:33.272737.
2025-03-06 13:42:55,015 - root - INFO - Token Token-178 released from wait queue for 'Tech'
2025-03-06 13:42:55,016 - root - INFO - Token Token-178 waited 9899.55 minutes for resource
2025-03-06 13:42:55,016 - root - INFO - Token Token-178 started task 'Review AM using Asset Change Tracker (5.5.13.1)' at 2025-01-13 09:53:33.272737, scheduled to end at 2025-01-13 10:03:06.078421
2025-03-06 13:42:55,017 - root - INFO - Token Token-177 started task 'Complete /Accurate?' at 2025-01-13 09:53:33.272737, scheduled to end at 2025-01-13 09:53:33.272737
2025-03-06 13:42:55,017 - root - INFO - Token Token-177 completed task 'Complete /Accurate?' at 2025-01-13 09:53:33.272737.
2025-03-06 13:42:55,017 - root - INFO - Token Token-177 waiting for resource 'Tech' at 2025-01-13 09:53:33.272737
2025-03-06 13:42:55,017 - root - INFO - Token Token-178 completed task 'Review AM using Asset Change Tracker (5.5.13.1)' at 2025-01-13 10:03:06.078421.
2025-03-06 13:42:55,018 - root - INFO - Token Token-179 released from wait queue for 'Tech'
2025-03-06 13:42:55,018 - root - INFO - Token Token-179 waited 9907.10 minutes for resource
2025-03-06 13:42:55,018 - root - INFO - Token Token-179 started task 'Review AM using Asset Change Tracker (5.5.13.1)' at 2025-01-13 10:03:06.078421, scheduled to end at 2025-01-13 10:12:32.690446
2025-03-06 13:42:55,018 - root - INFO - Token Token-178 started task 'Complete /Accurate?' at 2025-01-13 10:03:06.078421, scheduled to end at 2025-01-13 10:03:06.078421
2025-03-06 13:42:55,019 - root - INFO - Token Token-178 completed task 'Complete /Accurate?' at 2025-01-13 10:03:06.078421.
2025-03-06 13:42:55,019 - root - INFO - Token Token-178 waiting for resource 'Tech' at 2025-01-13 10:03:06.078421
2025-03-06 13:42:55,019 - root - INFO - Token Token-179 completed task 'Review AM using Asset Change Tracker (5.5.13.1)' at 2025-01-13 10:12:32.690446.
2025-03-06 13:42:55,019 - root - INFO - Token Token-180 released from wait queue for 'Tech'
2025-03-06 13:42:55,020 - root - INFO - Token Token-180 waited 9914.54 minutes for resource
2025-03-06 13:42:55,020 - root - INFO - Token Token-180 started task 'Review AM using Asset Change Tracker (5.5.13.1)' at 2025-01-13 10:12:32.690446, scheduled to end at 2025-01-13 10:19:11.216506
2025-03-06 13:42:55,020 - root - INFO - Token Token-179 started task 'Complete /Accurate?' at 2025-01-13 10:12:32.690446, scheduled to end at 2025-01-13 10:12:32.690446
2025-03-06 13:42:55,021 - root - INFO - Token Token-179 completed task 'Complete /Accurate?' at 2025-01-13 10:12:32.690446.
2025-03-06 13:42:55,021 - root - INFO - Token Token-179 waiting for resource 'Tech' at 2025-01-13 10:12:32.690446
2025-03-06 13:42:55,021 - root - INFO - Token Token-180 completed task 'Review AM using Asset Change Tracker (5.5.13.1)' at 2025-01-13 10:19:11.216506.
2025-03-06 13:42:55,021 - root - INFO - Token Token-181 released from wait queue for 'Tech'
2025-03-06 13:42:55,022 - root - INFO - Token Token-181 waited 8839.19 minutes for resource
2025-03-06 13:42:55,022 - root - INFO - Token Token-181 started task 'Review AM using Asset Change Tracker (5.5.13.1)' at 2025-01-13 10:19:11.216506, scheduled to end at 2025-01-13 10:27:56.520553
2025-03-06 13:42:55,023 - root - INFO - Token Token-180 started task 'Complete /Accurate?' at 2025-01-13 10:19:11.216506, scheduled to end at 2025-01-13 10:19:11.216506
2025-03-06 13:42:55,023 - root - INFO - Token Token-180 completed task 'Complete /Accurate?' at 2025-01-13 10:19:11.216506.
2025-03-06 13:42:55,023 - root - INFO - Token Token-180 waiting for resource 'Tech' at 2025-01-13 10:19:11.216506
2025-03-06 13:42:55,023 - root - INFO - Token Token-181 completed task 'Review AM using Asset Change Tracker (5.5.13.1)' at 2025-01-13 10:27:56.520553.
2025-03-06 13:42:55,023 - root - INFO - Token Token-3 released from wait queue for 'Tech'
2025-03-06 13:42:55,024 - root - INFO - Token Token-181 started task 'Complete /Accurate?' at 2025-01-13 10:27:56.520553, scheduled to end at 2025-01-13 10:27:56.520553
2025-03-06 13:42:55,024 - root - INFO - Token Token-181 completed task 'Complete /Accurate?' at 2025-01-13 10:27:56.520553.
2025-03-06 13:42:55,024 - root - INFO - Token Token-181 started task 'Note Accuracy in Asset Change Tracker (5.5.13.2)' at 2025-01-13 10:27:56.520553, scheduled to end at 2025-01-13 10:34:35.466710
2025-03-06 13:42:55,024 - root - INFO - Token Token-181 completed task 'Note Accuracy in Asset Change Tracker (5.5.13.2)' at 2025-01-13 10:34:35.466710.
2025-03-06 13:42:55,025 - root - INFO - Token Token-182 released from wait queue for 'Tech'
2025-03-06 13:42:55,025 - root - INFO - Token Token-182 waited 8852.59 minutes for resource
2025-03-06 13:42:55,025 - root - INFO - Token Token-182 started task 'Review AM using Asset Change Tracker (5.5.13.1)' at 2025-01-13 10:34:35.466710, scheduled to end at 2025-01-13 10:43:52.057183
2025-03-06 13:42:55,025 - root - INFO - Token Token-181 started task 'Unknown' at 2025-01-13 10:34:35.466710, scheduled to end at 2025-01-13 10:34:35.466710
2025-03-06 13:42:55,026 - root - INFO - Token Token-181 completed task 'Unknown' at 2025-01-13 10:34:35.466710.
2025-03-06 13:42:55,026 - root - INFO - Token Token-181 has completed the entire process at 2025-01-13 10:34:35.466710.
2025-03-06 13:42:55,026 - root - INFO - Token Token-182 completed task 'Review AM using Asset Change Tracker (5.5.13.1)' at 2025-01-13 10:43:52.057183.
2025-03-06 13:42:55,026 - root - INFO - Token Token-183 released from wait queue for 'Tech'
2025-03-06 13:42:55,026 - root - INFO - Token Token-183 waited 8859.87 minutes for resource
2025-03-06 13:42:55,027 - root - INFO - Token Token-183 started task 'Review AM using Asset Change Tracker (5.5.13.1)' at 2025-01-13 10:43:52.057183, scheduled to end at 2025-01-13 10:53:18.196547
2025-03-06 13:42:55,027 - root - INFO - Token Token-182 started task 'Complete /Accurate?' at 2025-01-13 10:43:52.057183, scheduled to end at 2025-01-13 10:43:52.057183
2025-03-06 13:42:55,027 - root - INFO - Token Token-182 completed task 'Complete /Accurate?' at 2025-01-13 10:43:52.057183.
2025-03-06 13:42:55,027 - root - INFO - Token Token-182 waiting for resource 'Tech' at 2025-01-13 10:43:52.057183
2025-03-06 13:42:55,028 - root - INFO - Token Token-183 completed task 'Review AM using Asset Change Tracker (5.5.13.1)' at 2025-01-13 10:53:18.196547.
2025-03-06 13:42:55,028 - root - INFO - Token Token-184 released from wait queue for 'Tech'
2025-03-06 13:42:55,028 - root - INFO - Token Token-184 waited 8867.30 minutes for resource
2025-03-06 13:42:55,028 - root - INFO - Token Token-184 started task 'Review AM using Asset Change Tracker (5.5.13.1)' at 2025-01-13 10:53:18.196547, scheduled to end at 2025-01-13 11:01:05.214465
2025-03-06 13:42:55,028 - root - INFO - Token Token-183 started task 'Complete /Accurate?' at 2025-01-13 10:53:18.196547, scheduled to end at 2025-01-13 10:53:18.196547
2025-03-06 13:42:55,029 - root - INFO - Token Token-183 completed task 'Complete /Accurate?' at 2025-01-13 10:53:18.196547.
2025-03-06 13:42:55,030 - root - INFO - Token Token-183 waiting for resource 'Tech' at 2025-01-13 10:53:18.196547
2025-03-06 13:42:55,030 - root - INFO - Token Token-184 completed task 'Review AM using Asset Change Tracker (5.5.13.1)' at 2025-01-13 11:01:05.214465.
2025-03-06 13:42:55,032 - root - INFO - Token Token-14 released from wait queue for 'Tech'
2025-03-06 13:42:55,032 - root - INFO - Token Token-14 waited 8874.28 minutes for resource
2025-03-06 13:42:55,032 - root - INFO - Token Token-14 started task 'Note Accuracy in Asset Change Tracker (5.5.13.2)' at 2025-01-13 11:01:05.214465, scheduled to end at 2025-01-13 11:07:00.365559
2025-03-06 13:42:55,033 - root - INFO - Token Token-184 started task 'Complete /Accurate?' at 2025-01-13 11:01:05.214465, scheduled to end at 2025-01-13 11:01:05.214465
2025-03-06 13:42:55,033 - root - INFO - Token Token-184 completed task 'Complete /Accurate?' at 2025-01-13 11:01:05.214465.
2025-03-06 13:42:55,034 - root - INFO - Token Token-184 waiting for resource 'Tech' at 2025-01-13 11:01:05.214465
2025-03-06 13:42:55,034 - root - INFO - Token Token-14 completed task 'Note Accuracy in Asset Change Tracker (5.5.13.2)' at 2025-01-13 11:07:00.365559.
2025-03-06 13:42:55,034 - root - INFO - Token Token-185 released from wait queue for 'Tech'
2025-03-06 13:42:55,035 - root - INFO - Token Token-185 waited 8879.01 minutes for resource
2025-03-06 13:42:55,035 - root - INFO - Token Token-185 started task 'Review AM using Asset Change Tracker (5.5.13.1)' at 2025-01-13 11:07:00.365559, scheduled to end at 2025-01-13 11:16:31.053893
2025-03-06 13:42:55,036 - root - INFO - Token Token-14 started task 'Unknown' at 2025-01-13 11:07:00.365559, scheduled to end at 2025-01-13 11:07:00.365559
2025-03-06 13:42:55,036 - root - INFO - Token Token-14 completed task 'Unknown' at 2025-01-13 11:07:00.365559.
2025-03-06 13:42:55,037 - root - INFO - Token Token-14 has completed the entire process at 2025-01-13 11:07:00.365559.
2025-03-06 13:42:55,037 - root - INFO - Token Token-185 completed task 'Review AM using Asset Change Tracker (5.5.13.1)' at 2025-01-13 11:16:31.053893.
2025-03-06 13:42:55,037 - root - INFO - Token Token-186 released from wait queue for 'Tech'
2025-03-06 13:42:55,038 - root - INFO - Token Token-186 waited 8886.52 minutes for resource
2025-03-06 13:42:55,038 - root - INFO - Token Token-186 started task 'Review AM using Asset Change Tracker (5.5.13.1)' at 2025-01-13 11:16:31.053893, scheduled to end at 2025-01-13 11:24:21.986317
2025-03-06 13:42:55,038 - root - INFO - Token Token-185 started task 'Complete /Accurate?' at 2025-01-13 11:16:31.053893, scheduled to end at 2025-01-13 11:16:31.053893
2025-03-06 13:42:55,039 - root - INFO - Token Token-185 completed task 'Complete /Accurate?' at 2025-01-13 11:16:31.053893.
2025-03-06 13:42:55,039 - root - INFO - Token Token-185 waiting for resource 'Tech' at 2025-01-13 11:16:31.053893
2025-03-06 13:42:55,042 - root - INFO - Token Token-186 completed task 'Review AM using Asset Change Tracker (5.5.13.1)' at 2025-01-13 11:24:21.986317.
2025-03-06 13:42:55,042 - root - INFO - Token Token-187 released from wait queue for 'Tech'
2025-03-06 13:42:55,042 - root - INFO - Token Token-187 waited 8892.37 minutes for resource
2025-03-06 13:42:55,043 - root - INFO - Token Token-187 started task 'Review AM using Asset Change Tracker (5.5.13.1)' at 2025-01-13 11:24:21.986317, scheduled to end at 2025-01-13 11:29:56.311600
2025-03-06 13:42:55,043 - root - INFO - Token Token-186 started task 'Complete /Accurate?' at 2025-01-13 11:24:21.986317, scheduled to end at 2025-01-13 11:24:21.986317
2025-03-06 13:42:55,044 - root - INFO - Token Token-186 completed task 'Complete /Accurate?' at 2025-01-13 11:24:21.986317.
2025-03-06 13:42:55,044 - root - INFO - Token Token-186 waiting for resource 'Tech' at 2025-01-13 11:24:21.986317
2025-03-06 13:42:55,044 - root - INFO - Token Token-187 completed task 'Review AM using Asset Change Tracker (5.5.13.1)' at 2025-01-13 11:29:56.311600.
2025-03-06 13:42:55,045 - root - INFO - Token Token-188 released from wait queue for 'Tech'
2025-03-06 13:42:55,045 - root - INFO - Token Token-188 waited 8895.94 minutes for resource
2025-03-06 13:42:55,045 - root - INFO - Token Token-188 started task 'Review AM using Asset Change Tracker (5.5.13.1)' at 2025-01-13 11:29:56.311600, scheduled to end at 2025-01-13 11:38:03.958969
2025-03-06 13:42:55,046 - root - INFO - Token Token-187 started task 'Complete /Accurate?' at 2025-01-13 11:29:56.311600, scheduled to end at 2025-01-13 11:29:56.311600
2025-03-06 13:42:55,046 - root - INFO - Token Token-187 completed task 'Complete /Accurate?' at 2025-01-13 11:29:56.311600.
2025-03-06 13:42:55,047 - root - INFO - Token Token-187 waiting for resource 'Tech' at 2025-01-13 11:29:56.311600
2025-03-06 13:42:55,047 - root - INFO - Token Token-188 completed task 'Review AM using Asset Change Tracker (5.5.13.1)' at 2025-01-13 11:38:03.958969.
2025-03-06 13:42:55,047 - root - INFO - Token Token-15 released from wait queue for 'Tech'
2025-03-06 13:42:55,048 - root - INFO - Token Token-15 waited 8903.11 minutes for resource
2025-03-06 13:42:55,048 - root - INFO - Token Token-15 started task 'Work with REO RPO to Correct (5.5.13.3)' at 2025-01-13 11:38:03.958969, scheduled to end at 2025-01-14 07:00:00
2025-03-06 13:42:55,049 - root - INFO - Token Token-188 started task 'Complete /Accurate?' at 2025-01-13 11:38:03.958969, scheduled to end at 2025-01-13 11:38:03.958969
2025-03-06 13:42:55,049 - root - INFO - Token Token-188 completed task 'Complete /Accurate?' at 2025-01-13 11:38:03.958969.
2025-03-06 13:42:55,050 - root - INFO - Token Token-188 waiting for resource 'Tech' at 2025-01-13 11:38:03.958969
2025-03-06 13:42:55,064 - root - INFO - Token Token-15 completed task 'Work with REO RPO to Correct (5.5.13.3)' at 2025-01-14 07:00:00.
2025-03-06 13:42:55,065 - root - INFO - Token Token-189 released from wait queue for 'Tech'
2025-03-06 13:42:55,065 - root - INFO - Token Token-189 waited 10064.00 minutes for resource
2025-03-06 13:42:55,065 - root - INFO - Token Token-189 started task 'Review AM using Asset Change Tracker (5.5.13.1)' at 2025-01-14 07:00:00, scheduled to end at 2025-01-14 07:07:43.886673
2025-03-06 13:42:55,065 - root - INFO - Token Token-15 started task 'Create Journal Entries?' at 2025-01-14 07:00:00, scheduled to end at 2025-01-14 07:00:00
2025-03-06 13:42:55,066 - root - INFO - Token Token-15 completed task 'Create Journal Entries?' at 2025-01-14 07:00:00.
2025-03-06 13:42:55,066 - root - INFO - Token Token-15 started task 'Create/Post Journal Entries (5.5.13.4)' at 2025-01-14 07:00:00, scheduled to end at 2025-01-14 07:08:39.694046
2025-03-06 13:42:55,066 - root - INFO - Token Token-15 waiting for resource 'Tech' at 2025-01-14 07:00:00
2025-03-06 13:42:55,066 - root - INFO - Token Token-189 completed task 'Review AM using Asset Change Tracker (5.5.13.1)' at 2025-01-14 07:07:43.886673.
2025-03-06 13:42:55,067 - root - INFO - Token Token-190 released from wait queue for 'Tech'
2025-03-06 13:42:55,067 - root - INFO - Token Token-190 waited 10069.73 minutes for resource
2025-03-06 13:42:55,067 - root - INFO - Token Token-190 started task 'Review AM using Asset Change Tracker (5.5.13.1)' at 2025-01-14 07:07:43.886673, scheduled to end at 2025-01-14 07:16:07.066012
2025-03-06 13:42:55,067 - root - INFO - Token Token-189 started task 'Complete /Accurate?' at 2025-01-14 07:07:43.886673, scheduled to end at 2025-01-14 07:07:43.886673
2025-03-06 13:42:55,068 - root - INFO - Token Token-189 completed task 'Complete /Accurate?' at 2025-01-14 07:07:43.886673.
2025-03-06 13:42:55,068 - root - INFO - Token Token-189 waiting for resource 'Tech' at 2025-01-14 07:07:43.886673
2025-03-06 13:42:55,068 - root - INFO - Token Token-15 completed task 'Create/Post Journal Entries (5.5.13.4)' at 2025-01-14 07:08:39.694046.
2025-03-06 13:42:55,069 - root - INFO - Token Token-15 waited 8.66 minutes for resource
2025-03-06 13:42:55,069 - root - INFO - Token Token-15 started task 'Unknown' at 2025-01-14 07:08:39.694046, scheduled to end at 2025-01-14 07:08:39.694046
2025-03-06 13:42:55,069 - root - INFO - Token Token-15 completed task 'Unknown' at 2025-01-14 07:08:39.694046.
2025-03-06 13:42:55,069 - root - INFO - Token Token-15 has completed the entire process at 2025-01-14 07:08:39.694046.
2025-03-06 13:42:55,069 - root - INFO - Token Token-190 completed task 'Review AM using Asset Change Tracker (5.5.13.1)' at 2025-01-14 07:16:07.066012.
2025-03-06 13:42:55,070 - root - INFO - Token Token-191 released from wait queue for 'Tech'
2025-03-06 13:42:55,070 - root - INFO - Token Token-191 waited 10076.12 minutes for resource
2025-03-06 13:42:55,070 - root - INFO - Token Token-191 started task 'Review AM using Asset Change Tracker (5.5.13.1)' at 2025-01-14 07:16:07.066012, scheduled to end at 2025-01-14 07:24:37.062112
2025-03-06 13:42:55,070 - root - INFO - Token Token-190 started task 'Complete /Accurate?' at 2025-01-14 07:16:07.066012, scheduled to end at 2025-01-14 07:16:07.066012
2025-03-06 13:42:55,071 - root - INFO - Token Token-190 completed task 'Complete /Accurate?' at 2025-01-14 07:16:07.066012.
2025-03-06 13:42:55,072 - root - INFO - Token Token-190 waiting for resource 'Tech' at 2025-01-14 07:16:07.066012
2025-03-06 13:42:55,072 - root - INFO - Token Token-191 completed task 'Review AM using Asset Change Tracker (5.5.13.1)' at 2025-01-14 07:24:37.062112.
2025-03-06 13:42:55,072 - root - INFO - Token Token-192 released from wait queue for 'Tech'
2025-03-06 13:42:55,072 - root - INFO - Token Token-192 waited 10082.62 minutes for resource
2025-03-06 13:42:55,072 - root - INFO - Token Token-192 started task 'Review AM using Asset Change Tracker (5.5.13.1)' at 2025-01-14 07:24:37.062112, scheduled to end at 2025-01-14 07:32:10.286145
2025-03-06 13:42:55,073 - root - INFO - Token Token-191 started task 'Complete /Accurate?' at 2025-01-14 07:24:37.062112, scheduled to end at 2025-01-14 07:24:37.062112
2025-03-06 13:42:55,074 - root - INFO - Token Token-191 completed task 'Complete /Accurate?' at 2025-01-14 07:24:37.062112.
2025-03-06 13:42:55,075 - root - INFO - Token Token-191 waiting for resource 'Tech' at 2025-01-14 07:24:37.062112
2025-03-06 13:42:55,075 - root - INFO - Token Token-192 completed task 'Review AM using Asset Change Tracker (5.5.13.1)' at 2025-01-14 07:32:10.286145.
2025-03-06 13:42:55,075 - root - INFO - Token Token-16 released from wait queue for 'Tech'
2025-03-06 13:42:55,076 - root - INFO - Token Token-16 waited 10089.31 minutes for resource
2025-03-06 13:42:55,076 - root - INFO - Token Token-16 started task 'Note Accuracy in Asset Change Tracker (5.5.13.2)' at 2025-01-14 07:32:10.286145, scheduled to end at 2025-01-14 07:37:22.082996
2025-03-06 13:42:55,077 - root - INFO - Token Token-192 started task 'Complete /Accurate?' at 2025-01-14 07:32:10.286145, scheduled to end at 2025-01-14 07:32:10.286145
2025-03-06 13:42:55,077 - root - INFO - Token Token-192 completed task 'Complete /Accurate?' at 2025-01-14 07:32:10.286145.
2025-03-06 13:42:55,077 - root - INFO - Token Token-192 waiting for resource 'Tech' at 2025-01-14 07:32:10.286145
2025-03-06 13:42:55,078 - root - INFO - Token Token-16 completed task 'Note Accuracy in Asset Change Tracker (5.5.13.2)' at 2025-01-14 07:37:22.082996.
2025-03-06 13:42:55,078 - root - INFO - Token Token-193 released from wait queue for 'Tech'
2025-03-06 13:42:55,079 - root - INFO - Token Token-193 waited 10093.37 minutes for resource
2025-03-06 13:42:55,079 - root - INFO - Token Token-193 started task 'Review AM using Asset Change Tracker (5.5.13.1)' at 2025-01-14 07:37:22.082996, scheduled to end at 2025-01-14 07:46:18.972424
2025-03-06 13:42:55,079 - root - INFO - Token Token-16 started task 'Unknown' at 2025-01-14 07:37:22.082996, scheduled to end at 2025-01-14 07:37:22.082996
2025-03-06 13:42:55,080 - root - INFO - Token Token-16 completed task 'Unknown' at 2025-01-14 07:37:22.082996.
2025-03-06 13:42:55,080 - root - INFO - Token Token-16 has completed the entire process at 2025-01-14 07:37:22.082996.
2025-03-06 13:42:55,081 - root - INFO - Token Token-193 completed task 'Review AM using Asset Change Tracker (5.5.13.1)' at 2025-01-14 07:46:18.972424.
2025-03-06 13:42:55,081 - root - INFO - Token Token-194 released from wait queue for 'Tech'
2025-03-06 13:42:55,082 - root - INFO - Token Token-194 waited 10100.32 minutes for resource
2025-03-06 13:42:55,083 - root - INFO - Token Token-194 started task 'Review AM using Asset Change Tracker (5.5.13.1)' at 2025-01-14 07:46:18.972424, scheduled to end at 2025-01-14 07:53:28.387353
2025-03-06 13:42:55,083 - root - INFO - Token Token-193 started task 'Complete /Accurate?' at 2025-01-14 07:46:18.972424, scheduled to end at 2025-01-14 07:46:18.972424
2025-03-06 13:42:55,084 - root - INFO - Token Token-193 completed task 'Complete /Accurate?' at 2025-01-14 07:46:18.972424.
2025-03-06 13:42:55,084 - root - INFO - Token Token-193 waiting for resource 'Tech' at 2025-01-14 07:46:18.972424
2025-03-06 13:42:55,085 - root - INFO - Token Token-194 completed task 'Review AM using Asset Change Tracker (5.5.13.1)' at 2025-01-14 07:53:28.387353.
2025-03-06 13:42:55,085 - root - INFO - Token Token-195 released from wait queue for 'Tech'
2025-03-06 13:42:55,086 - root - INFO - Token Token-195 waited 10105.47 minutes for resource
2025-03-06 13:42:55,086 - root - INFO - Token Token-195 started task 'Review AM using Asset Change Tracker (5.5.13.1)' at 2025-01-14 07:53:28.387353, scheduled to end at 2025-01-14 08:01:00.342886
2025-03-06 13:42:55,086 - root - INFO - Token Token-194 started task 'Complete /Accurate?' at 2025-01-14 07:53:28.387353, scheduled to end at 2025-01-14 07:53:28.387353
2025-03-06 13:42:55,087 - root - INFO - Token Token-194 completed task 'Complete /Accurate?' at 2025-01-14 07:53:28.387353.
2025-03-06 13:42:55,087 - root - INFO - Token Token-194 waiting for resource 'Tech' at 2025-01-14 07:53:28.387353
2025-03-06 13:42:55,089 - root - INFO - Token Token-195 completed task 'Review AM using Asset Change Tracker (5.5.13.1)' at 2025-01-14 08:01:00.342886.
2025-03-06 13:42:55,089 - root - INFO - Token Token-196 released from wait queue for 'Tech'
2025-03-06 13:42:55,089 - root - INFO - Token Token-196 waited 10111.01 minutes for resource
2025-03-06 13:42:55,089 - root - INFO - Token Token-196 started task 'Review AM using Asset Change Tracker (5.5.13.1)' at 2025-01-14 08:01:00.342886, scheduled to end at 2025-01-14 08:06:23.772308
2025-03-06 13:42:55,090 - root - INFO - Token Token-195 started task 'Complete /Accurate?' at 2025-01-14 08:01:00.342886, scheduled to end at 2025-01-14 08:01:00.342886
2025-03-06 13:42:55,090 - root - INFO - Token Token-195 completed task 'Complete /Accurate?' at 2025-01-14 08:01:00.342886.
2025-03-06 13:42:55,091 - root - INFO - Token Token-195 waiting for resource 'Tech' at 2025-01-14 08:01:00.342886
2025-03-06 13:42:55,092 - root - INFO - Token Token-196 completed task 'Review AM using Asset Change Tracker (5.5.13.1)' at 2025-01-14 08:06:23.772308.
2025-03-06 13:42:55,092 - root - INFO - Token Token-17 released from wait queue for 'Tech'
2025-03-06 13:42:55,093 - root - INFO - Token Token-17 waited 10115.13 minutes for resource
2025-03-06 13:42:55,094 - root - INFO - Token Token-17 started task 'Note Accuracy in Asset Change Tracker (5.5.13.2)' at 2025-01-14 08:06:23.772308, scheduled to end at 2025-01-14 08:10:39.325634
2025-03-06 13:42:55,106 - root - INFO - Token Token-196 started task 'Complete /Accurate?' at 2025-01-14 08:06:23.772308, scheduled to end at 2025-01-14 08:06:23.772308
2025-03-06 13:42:55,106 - root - INFO - Token Token-196 completed task 'Complete /Accurate?' at 2025-01-14 08:06:23.772308.
2025-03-06 13:42:55,107 - root - INFO - Token Token-196 waiting for resource 'Tech' at 2025-01-14 08:06:23.772308
2025-03-06 13:42:55,107 - root - INFO - Token Token-17 completed task 'Note Accuracy in Asset Change Tracker (5.5.13.2)' at 2025-01-14 08:10:39.325634.
2025-03-06 13:42:55,107 - root - INFO - Token Token-197 released from wait queue for 'Tech'
2025-03-06 13:42:55,108 - root - INFO - Token Token-197 waited 10118.66 minutes for resource
2025-03-06 13:42:55,108 - root - INFO - Token Token-197 started task 'Review AM using Asset Change Tracker (5.5.13.1)' at 2025-01-14 08:10:39.325634, scheduled to end at 2025-01-14 08:18:24.887187
2025-03-06 13:42:55,108 - root - INFO - Token Token-17 started task 'Unknown' at 2025-01-14 08:10:39.325634, scheduled to end at 2025-01-14 08:10:39.325634
2025-03-06 13:42:55,108 - root - INFO - Token Token-17 completed task 'Unknown' at 2025-01-14 08:10:39.325634.
2025-03-06 13:42:55,108 - root - INFO - Token Token-17 has completed the entire process at 2025-01-14 08:10:39.325634.
2025-03-06 13:42:55,109 - root - INFO - Token Token-197 completed task 'Review AM using Asset Change Tracker (5.5.13.1)' at 2025-01-14 08:18:24.887187.
2025-03-06 13:42:55,109 - root - INFO - Token Token-198 released from wait queue for 'Tech'
2025-03-06 13:42:55,109 - root - INFO - Token Token-198 waited 10124.41 minutes for resource
2025-03-06 13:42:55,109 - root - INFO - Token Token-198 started task 'Review AM using Asset Change Tracker (5.5.13.1)' at 2025-01-14 08:18:24.887187, scheduled to end at 2025-01-14 08:25:04.981427
2025-03-06 13:42:55,110 - root - INFO - Token Token-197 started task 'Complete /Accurate?' at 2025-01-14 08:18:24.887187, scheduled to end at 2025-01-14 08:18:24.887187
2025-03-06 13:42:55,110 - root - INFO - Token Token-197 completed task 'Complete /Accurate?' at 2025-01-14 08:18:24.887187.
2025-03-06 13:42:55,110 - root - INFO - Token Token-197 waiting for resource 'Tech' at 2025-01-14 08:18:24.887187
2025-03-06 13:42:55,110 - root - INFO - Token Token-198 completed task 'Review AM using Asset Change Tracker (5.5.13.1)' at 2025-01-14 08:25:04.981427.
2025-03-06 13:42:55,110 - root - INFO - Token Token-199 released from wait queue for 'Tech'
2025-03-06 13:42:55,111 - root - INFO - Token Token-199 waited 10129.08 minutes for resource
2025-03-06 13:42:55,111 - root - INFO - Token Token-199 started task 'Review AM using Asset Change Tracker (5.5.13.1)' at 2025-01-14 08:25:04.981427, scheduled to end at 2025-01-14 08:34:20.467871
2025-03-06 13:42:55,111 - root - INFO - Token Token-198 started task 'Complete /Accurate?' at 2025-01-14 08:25:04.981427, scheduled to end at 2025-01-14 08:25:04.981427
2025-03-06 13:42:55,111 - root - INFO - Token Token-198 completed task 'Complete /Accurate?' at 2025-01-14 08:25:04.981427.
2025-03-06 13:42:55,112 - root - INFO - Token Token-198 waiting for resource 'Tech' at 2025-01-14 08:25:04.981427
2025-03-06 13:42:55,112 - root - INFO - Token Token-199 completed task 'Review AM using Asset Change Tracker (5.5.13.1)' at 2025-01-14 08:34:20.467871.
2025-03-06 13:42:55,112 - root - INFO - Token Token-200 released from wait queue for 'Tech'
2025-03-06 13:42:55,112 - root - INFO - Token Token-200 waited 10136.34 minutes for resource
2025-03-06 13:42:55,114 - root - INFO - Token Token-200 started task 'Review AM using Asset Change Tracker (5.5.13.1)' at 2025-01-14 08:34:20.467871, scheduled to end at 2025-01-14 08:42:04.006568
2025-03-06 13:42:55,115 - root - INFO - Token Token-199 started task 'Complete /Accurate?' at 2025-01-14 08:34:20.467871, scheduled to end at 2025-01-14 08:34:20.467871
2025-03-06 13:42:55,116 - root - INFO - Token Token-199 completed task 'Complete /Accurate?' at 2025-01-14 08:34:20.467871.
2025-03-06 13:42:55,116 - root - INFO - Token Token-199 waiting for resource 'Tech' at 2025-01-14 08:34:20.467871
2025-03-06 13:42:55,116 - root - INFO - Token Token-200 completed task 'Review AM using Asset Change Tracker (5.5.13.1)' at 2025-01-14 08:42:04.006568.
2025-03-06 13:42:55,117 - root - INFO - Token Token-201 released from wait queue for 'Tech'
2025-03-06 13:42:55,117 - root - INFO - Token Token-201 waited 10142.07 minutes for resource
2025-03-06 13:42:55,117 - root - INFO - Token Token-201 started task 'Review AM using Asset Change Tracker (5.5.13.1)' at 2025-01-14 08:42:04.006568, scheduled to end at 2025-01-14 08:49:34.335561
2025-03-06 13:42:55,118 - root - INFO - Token Token-200 started task 'Complete /Accurate?' at 2025-01-14 08:42:04.006568, scheduled to end at 2025-01-14 08:42:04.006568
2025-03-06 13:42:55,118 - root - INFO - Token Token-200 completed task 'Complete /Accurate?' at 2025-01-14 08:42:04.006568.
2025-03-06 13:42:55,118 - root - INFO - Token Token-200 waiting for resource 'Tech' at 2025-01-14 08:42:04.006568
2025-03-06 13:42:55,119 - root - INFO - Token Token-201 completed task 'Review AM using Asset Change Tracker (5.5.13.1)' at 2025-01-14 08:49:34.335561.
2025-03-06 13:42:55,119 - root - INFO - Token Token-202 released from wait queue for 'Tech'
2025-03-06 13:42:55,119 - root - INFO - Token Token-202 waited 10147.57 minutes for resource
2025-03-06 13:42:55,120 - root - INFO - Token Token-202 started task 'Review AM using Asset Change Tracker (5.5.13.1)' at 2025-01-14 08:49:34.335561, scheduled to end at 2025-01-14 08:58:21.288392
2025-03-06 13:42:55,120 - root - INFO - Token Token-201 started task 'Complete /Accurate?' at 2025-01-14 08:49:34.335561, scheduled to end at 2025-01-14 08:49:34.335561
2025-03-06 13:42:55,120 - root - INFO - Token Token-201 completed task 'Complete /Accurate?' at 2025-01-14 08:49:34.335561.
2025-03-06 13:42:55,122 - root - INFO - Token Token-201 waiting for resource 'Tech' at 2025-01-14 08:49:34.335561
2025-03-06 13:42:55,124 - root - INFO - Token Token-202 completed task 'Review AM using Asset Change Tracker (5.5.13.1)' at 2025-01-14 08:58:21.288392.
2025-03-06 13:42:55,125 - root - INFO - Token Token-203 released from wait queue for 'Tech'
2025-03-06 13:42:55,125 - root - INFO - Token Token-203 waited 10154.35 minutes for resource
2025-03-06 13:42:55,126 - root - INFO - Token Token-203 started task 'Review AM using Asset Change Tracker (5.5.13.1)' at 2025-01-14 08:58:21.288392, scheduled to end at 2025-01-14 09:07:13.720652
2025-03-06 13:42:55,126 - root - INFO - Token Token-202 started task 'Complete /Accurate?' at 2025-01-14 08:58:21.288392, scheduled to end at 2025-01-14 08:58:21.288392
2025-03-06 13:42:55,126 - root - INFO - Token Token-202 completed task 'Complete /Accurate?' at 2025-01-14 08:58:21.288392.
2025-03-06 13:42:55,127 - root - INFO - Token Token-202 waiting for resource 'Tech' at 2025-01-14 08:58:21.288392
2025-03-06 13:42:55,127 - root - INFO - Token Token-203 completed task 'Review AM using Asset Change Tracker (5.5.13.1)' at 2025-01-14 09:07:13.720652.
2025-03-06 13:42:55,128 - root - INFO - Token Token-18 released from wait queue for 'Tech'
2025-03-06 13:42:55,128 - root - INFO - Token Token-18 waited 10161.92 minutes for resource
2025-03-06 13:42:55,128 - root - INFO - Token Token-18 started task 'Note Accuracy in Asset Change Tracker (5.5.13.2)' at 2025-01-14 09:07:13.720652, scheduled to end at 2025-01-14 09:13:43.133295
2025-03-06 13:42:55,129 - root - INFO - Token Token-203 started task 'Complete /Accurate?' at 2025-01-14 09:07:13.720652, scheduled to end at 2025-01-14 09:07:13.720652
2025-03-06 13:42:55,129 - root - INFO - Token Token-203 completed task 'Complete /Accurate?' at 2025-01-14 09:07:13.720652.
2025-03-06 13:42:55,130 - root - INFO - Token Token-203 waiting for resource 'Tech' at 2025-01-14 09:07:13.720652
2025-03-06 13:42:55,130 - root - INFO - Token Token-18 completed task 'Note Accuracy in Asset Change Tracker (5.5.13.2)' at 2025-01-14 09:13:43.133295.
2025-03-06 13:42:55,130 - root - INFO - Token Token-204 released from wait queue for 'Tech'
2025-03-06 13:42:55,131 - root - INFO - Token Token-204 waited 10167.72 minutes for resource
2025-03-06 13:42:55,131 - root - INFO - Token Token-204 started task 'Review AM using Asset Change Tracker (5.5.13.1)' at 2025-01-14 09:13:43.133295, scheduled to end at 2025-01-14 09:21:47.159216
2025-03-06 13:42:55,132 - root - INFO - Token Token-18 started task 'Unknown' at 2025-01-14 09:13:43.133295, scheduled to end at 2025-01-14 09:13:43.133295
2025-03-06 13:42:55,132 - root - INFO - Token Token-18 completed task 'Unknown' at 2025-01-14 09:13:43.133295.
2025-03-06 13:42:55,132 - root - INFO - Token Token-18 has completed the entire process at 2025-01-14 09:13:43.133295.
2025-03-06 13:42:55,133 - root - INFO - Token Token-204 completed task 'Review AM using Asset Change Tracker (5.5.13.1)' at 2025-01-14 09:21:47.159216.
2025-03-06 13:42:55,133 - root - INFO - Token Token-205 released from wait queue for 'Tech'
2025-03-06 13:42:55,133 - root - INFO - Token Token-205 waited 10173.79 minutes for resource
2025-03-06 13:42:55,134 - root - INFO - Token Token-205 started task 'Review AM using Asset Change Tracker (5.5.13.1)' at 2025-01-14 09:21:47.159216, scheduled to end at 2025-01-14 09:29:22.117729
2025-03-06 13:42:55,134 - root - INFO - Token Token-204 started task 'Complete /Accurate?' at 2025-01-14 09:21:47.159216, scheduled to end at 2025-01-14 09:21:47.159216
2025-03-06 13:42:55,135 - root - INFO - Token Token-204 completed task 'Complete /Accurate?' at 2025-01-14 09:21:47.159216.
2025-03-06 13:42:55,135 - root - INFO - Token Token-204 waiting for resource 'Tech' at 2025-01-14 09:21:47.159216
2025-03-06 13:42:55,135 - root - INFO - Token Token-205 completed task 'Review AM using Asset Change Tracker (5.5.13.1)' at 2025-01-14 09:29:22.117729.
2025-03-06 13:42:55,137 - root - INFO - Token Token-206 released from wait queue for 'Tech'
2025-03-06 13:42:55,137 - root - INFO - Token Token-206 waited 10179.37 minutes for resource
2025-03-06 13:42:55,137 - root - INFO - Token Token-206 started task 'Review AM using Asset Change Tracker (5.5.13.1)' at 2025-01-14 09:29:22.117729, scheduled to end at 2025-01-14 09:38:36.728869
2025-03-06 13:42:55,138 - root - INFO - Token Token-205 started task 'Complete /Accurate?' at 2025-01-14 09:29:22.117729, scheduled to end at 2025-01-14 09:29:22.117729
2025-03-06 13:42:55,138 - root - INFO - Token Token-205 completed task 'Complete /Accurate?' at 2025-01-14 09:29:22.117729.
2025-03-06 13:42:55,139 - root - INFO - Token Token-205 waiting for resource 'Tech' at 2025-01-14 09:29:22.117729
2025-03-06 13:42:55,139 - root - INFO - Token Token-206 completed task 'Review AM using Asset Change Tracker (5.5.13.1)' at 2025-01-14 09:38:36.728869.
2025-03-06 13:42:55,139 - root - INFO - Token Token-207 released from wait queue for 'Tech'
2025-03-06 13:42:55,140 - root - INFO - Token Token-207 waited 10186.61 minutes for resource
2025-03-06 13:42:55,140 - root - INFO - Token Token-207 started task 'Review AM using Asset Change Tracker (5.5.13.1)' at 2025-01-14 09:38:36.728869, scheduled to end at 2025-01-14 09:48:07.291132
2025-03-06 13:42:55,140 - root - INFO - Token Token-206 started task 'Complete /Accurate?' at 2025-01-14 09:38:36.728869, scheduled to end at 2025-01-14 09:38:36.728869
2025-03-06 13:42:55,141 - root - INFO - Token Token-206 completed task 'Complete /Accurate?' at 2025-01-14 09:38:36.728869.
2025-03-06 13:42:55,141 - root - INFO - Token Token-206 waiting for resource 'Tech' at 2025-01-14 09:38:36.728869
2025-03-06 13:42:55,142 - root - INFO - Token Token-207 completed task 'Review AM using Asset Change Tracker (5.5.13.1)' at 2025-01-14 09:48:07.291132.
2025-03-06 13:42:55,149 - root - INFO - Token Token-208 released from wait queue for 'Tech'
2025-03-06 13:42:55,150 - root - INFO - Token Token-208 waited 10194.12 minutes for resource
2025-03-06 13:42:55,150 - root - INFO - Token Token-208 started task 'Review AM using Asset Change Tracker (5.5.13.1)' at 2025-01-14 09:48:07.291132, scheduled to end at 2025-01-14 09:57:36.392163
2025-03-06 13:42:55,150 - root - INFO - Token Token-207 started task 'Complete /Accurate?' at 2025-01-14 09:48:07.291132, scheduled to end at 2025-01-14 09:48:07.291132
2025-03-06 13:42:55,150 - root - INFO - Token Token-207 completed task 'Complete /Accurate?' at 2025-01-14 09:48:07.291132.
2025-03-06 13:42:55,150 - root - INFO - Token Token-207 waiting for resource 'Tech' at 2025-01-14 09:48:07.291132
2025-03-06 13:42:55,151 - root - INFO - Token Token-208 completed task 'Review AM using Asset Change Tracker (5.5.13.1)' at 2025-01-14 09:57:36.392163.
2025-03-06 13:42:55,151 - root - INFO - Token Token-19 released from wait queue for 'Tech'
2025-03-06 13:42:55,151 - root - INFO - Token Token-19 waited 10203.45 minutes for resource
2025-03-06 13:42:55,151 - root - INFO - Token Token-19 started task 'Note Accuracy in Asset Change Tracker (5.5.13.2)' at 2025-01-14 09:57:36.392163, scheduled to end at 2025-01-14 10:03:59.026143
2025-03-06 13:42:55,152 - root - INFO - Token Token-208 started task 'Complete /Accurate?' at 2025-01-14 09:57:36.392163, scheduled to end at 2025-01-14 09:57:36.392163
2025-03-06 13:42:55,152 - root - INFO - Token Token-208 completed task 'Complete /Accurate?' at 2025-01-14 09:57:36.392163.
2025-03-06 13:42:55,152 - root - INFO - Token Token-208 waiting for resource 'Tech' at 2025-01-14 09:57:36.392163
2025-03-06 13:42:55,152 - root - INFO - Token Token-19 completed task 'Note Accuracy in Asset Change Tracker (5.5.13.2)' at 2025-01-14 10:03:59.026143.
2025-03-06 13:42:55,152 - root - INFO - Token Token-209 released from wait queue for 'Tech'
2025-03-06 13:42:55,153 - root - INFO - Token Token-209 waited 10207.98 minutes for resource
2025-03-06 13:42:55,153 - root - INFO - Token Token-209 started task 'Review AM using Asset Change Tracker (5.5.13.1)' at 2025-01-14 10:03:59.026143, scheduled to end at 2025-01-14 10:11:25.553250
2025-03-06 13:42:55,153 - root - INFO - Token Token-19 started task 'Unknown' at 2025-01-14 10:03:59.026143, scheduled to end at 2025-01-14 10:03:59.026143
2025-03-06 13:42:55,153 - root - INFO - Token Token-19 completed task 'Unknown' at 2025-01-14 10:03:59.026143.
2025-03-06 13:42:55,154 - root - INFO - Token Token-19 has completed the entire process at 2025-01-14 10:03:59.026143.
2025-03-06 13:42:55,154 - root - INFO - Token Token-209 completed task 'Review AM using Asset Change Tracker (5.5.13.1)' at 2025-01-14 10:11:25.553250.
2025-03-06 13:42:55,154 - root - INFO - Token Token-210 released from wait queue for 'Tech'
2025-03-06 13:42:55,154 - root - INFO - Token Token-210 waited 10213.43 minutes for resource
2025-03-06 13:42:55,154 - root - INFO - Token Token-210 started task 'Review AM using Asset Change Tracker (5.5.13.1)' at 2025-01-14 10:11:25.553250, scheduled to end at 2025-01-14 10:20:14.886133
2025-03-06 13:42:55,155 - root - INFO - Token Token-209 started task 'Complete /Accurate?' at 2025-01-14 10:11:25.553250, scheduled to end at 2025-01-14 10:11:25.553250
2025-03-06 13:42:55,155 - root - INFO - Token Token-209 completed task 'Complete /Accurate?' at 2025-01-14 10:11:25.553250.
2025-03-06 13:42:55,155 - root - INFO - Token Token-209 waiting for resource 'Tech' at 2025-01-14 10:11:25.553250
2025-03-06 13:42:55,156 - root - INFO - Token Token-210 completed task 'Review AM using Asset Change Tracker (5.5.13.1)' at 2025-01-14 10:20:14.886133.
2025-03-06 13:42:55,156 - root - INFO - Token Token-211 released from wait queue for 'Tech'
2025-03-06 13:42:55,156 - root - INFO - Token Token-211 waited 10220.25 minutes for resource
2025-03-06 13:42:55,157 - root - INFO - Token Token-211 started task 'Review AM using Asset Change Tracker (5.5.13.1)' at 2025-01-14 10:20:14.886133, scheduled to end at 2025-01-14 10:26:58.799309
2025-03-06 13:42:55,158 - root - INFO - Token Token-210 started task 'Complete /Accurate?' at 2025-01-14 10:20:14.886133, scheduled to end at 2025-01-14 10:20:14.886133
2025-03-06 13:42:55,158 - root - INFO - Token Token-210 completed task 'Complete /Accurate?' at 2025-01-14 10:20:14.886133.
2025-03-06 13:42:55,158 - root - INFO - Token Token-210 waiting for resource 'Tech' at 2025-01-14 10:20:14.886133
2025-03-06 13:42:55,158 - root - INFO - Token Token-211 completed task 'Review AM using Asset Change Tracker (5.5.13.1)' at 2025-01-14 10:26:58.799309.
2025-03-06 13:42:55,159 - root - INFO - Token Token-20 released from wait queue for 'Tech'
2025-03-06 13:42:55,160 - root - INFO - Token Token-20 waited 10225.86 minutes for resource
2025-03-06 13:42:55,160 - root - INFO - Token Token-20 started task 'Note Accuracy in Asset Change Tracker (5.5.13.2)' at 2025-01-14 10:26:58.799309, scheduled to end at 2025-01-14 10:32:07.768129
2025-03-06 13:42:55,160 - root - INFO - Token Token-211 started task 'Complete /Accurate?' at 2025-01-14 10:26:58.799309, scheduled to end at 2025-01-14 10:26:58.799309
2025-03-06 13:42:55,160 - root - INFO - Token Token-211 completed task 'Complete /Accurate?' at 2025-01-14 10:26:58.799309.
2025-03-06 13:42:55,161 - root - INFO - Token Token-211 waiting for resource 'Tech' at 2025-01-14 10:26:58.799309
2025-03-06 13:42:55,161 - root - INFO - Token Token-20 completed task 'Note Accuracy in Asset Change Tracker (5.5.13.2)' at 2025-01-14 10:32:07.768129.
2025-03-06 13:42:55,161 - root - INFO - Token Token-212 released from wait queue for 'Tech'
2025-03-06 13:42:55,161 - root - INFO - Token Token-212 waited 10230.13 minutes for resource
2025-03-06 13:42:55,162 - root - INFO - Token Token-212 started task 'Review AM using Asset Change Tracker (5.5.13.1)' at 2025-01-14 10:32:07.768129, scheduled to end at 2025-01-14 10:39:24.671772
2025-03-06 13:42:55,162 - root - INFO - Token Token-20 started task 'Unknown' at 2025-01-14 10:32:07.768129, scheduled to end at 2025-01-14 10:32:07.768129
2025-03-06 13:42:55,162 - root - INFO - Token Token-20 completed task 'Unknown' at 2025-01-14 10:32:07.768129.
2025-03-06 13:42:55,163 - root - INFO - Token Token-20 has completed the entire process at 2025-01-14 10:32:07.768129.
2025-03-06 13:42:55,163 - root - INFO - Token Token-212 completed task 'Review AM using Asset Change Tracker (5.5.13.1)' at 2025-01-14 10:39:24.671772.
2025-03-06 13:42:55,163 - root - INFO - Token Token-213 released from wait queue for 'Tech'
2025-03-06 13:42:55,163 - root - INFO - Token Token-213 waited 10235.41 minutes for resource
2025-03-06 13:42:55,163 - root - INFO - Token Token-213 started task 'Review AM using Asset Change Tracker (5.5.13.1)' at 2025-01-14 10:39:24.671772, scheduled to end at 2025-01-14 10:48:12.201367
2025-03-06 13:42:55,164 - root - INFO - Token Token-212 started task 'Complete /Accurate?' at 2025-01-14 10:39:24.671772, scheduled to end at 2025-01-14 10:39:24.671772
2025-03-06 13:42:55,164 - root - INFO - Token Token-212 completed task 'Complete /Accurate?' at 2025-01-14 10:39:24.671772.
2025-03-06 13:42:55,165 - root - INFO - Token Token-212 waiting for resource 'Tech' at 2025-01-14 10:39:24.671772
2025-03-06 13:42:55,166 - root - INFO - Token Token-213 completed task 'Review AM using Asset Change Tracker (5.5.13.1)' at 2025-01-14 10:48:12.201367.
2025-03-06 13:42:55,166 - root - INFO - Token Token-214 released from wait queue for 'Tech'
2025-03-06 13:42:55,166 - root - INFO - Token Token-214 waited 10242.20 minutes for resource
2025-03-06 13:42:55,167 - root - INFO - Token Token-214 started task 'Review AM using Asset Change Tracker (5.5.13.1)' at 2025-01-14 10:48:12.201367, scheduled to end at 2025-01-14 10:57:20.027718
2025-03-06 13:42:55,167 - root - INFO - Token Token-213 started task 'Complete /Accurate?' at 2025-01-14 10:48:12.201367, scheduled to end at 2025-01-14 10:48:12.201367
2025-03-06 13:42:55,168 - root - INFO - Token Token-213 completed task 'Complete /Accurate?' at 2025-01-14 10:48:12.201367.
2025-03-06 13:42:55,169 - root - INFO - Token Token-213 waiting for resource 'Tech' at 2025-01-14 10:48:12.201367
2025-03-06 13:42:55,169 - root - INFO - Token Token-214 completed task 'Review AM using Asset Change Tracker (5.5.13.1)' at 2025-01-14 10:57:20.027718.
2025-03-06 13:42:55,169 - root - INFO - Token Token-215 released from wait queue for 'Tech'
2025-03-06 13:42:55,170 - root - INFO - Token Token-215 waited 10249.33 minutes for resource
2025-03-06 13:42:55,170 - root - INFO - Token Token-215 started task 'Review AM using Asset Change Tracker (5.5.13.1)' at 2025-01-14 10:57:20.027718, scheduled to end at 2025-01-14 11:06:21.166230
2025-03-06 13:42:55,170 - root - INFO - Token Token-214 started task 'Complete /Accurate?' at 2025-01-14 10:57:20.027718, scheduled to end at 2025-01-14 10:57:20.027718
2025-03-06 13:42:55,171 - root - INFO - Token Token-214 completed task 'Complete /Accurate?' at 2025-01-14 10:57:20.027718.
2025-03-06 13:42:55,171 - root - INFO - Token Token-214 waiting for resource 'Tech' at 2025-01-14 10:57:20.027718
2025-03-06 13:42:55,172 - root - INFO - Token Token-215 completed task 'Review AM using Asset Change Tracker (5.5.13.1)' at 2025-01-14 11:06:21.166230.
2025-03-06 13:42:55,172 - root - INFO - Token Token-21 released from wait queue for 'Tech'
2025-03-06 13:42:55,172 - root - INFO - Token Token-21 waited 10256.67 minutes for resource
2025-03-06 13:42:55,173 - root - INFO - Token Token-21 started task 'Note Accuracy in Asset Change Tracker (5.5.13.2)' at 2025-01-14 11:06:21.166230, scheduled to end at 2025-01-14 11:10:11.182328
2025-03-06 13:42:55,173 - root - INFO - Token Token-215 started task 'Complete /Accurate?' at 2025-01-14 11:06:21.166230, scheduled to end at 2025-01-14 11:06:21.166230
2025-03-06 13:42:55,173 - root - INFO - Token Token-215 completed task 'Complete /Accurate?' at 2025-01-14 11:06:21.166230.
2025-03-06 13:42:55,174 - root - INFO - Token Token-215 waiting for resource 'Tech' at 2025-01-14 11:06:21.166230
2025-03-06 13:42:55,174 - root - INFO - Token Token-21 completed task 'Note Accuracy in Asset Change Tracker (5.5.13.2)' at 2025-01-14 11:10:11.182328.
2025-03-06 13:42:55,174 - root - INFO - Token Token-216 released from wait queue for 'Tech'
2025-03-06 13:42:55,175 - root - INFO - Token Token-216 waited 10260.19 minutes for resource
2025-03-06 13:42:55,175 - root - INFO - Token Token-216 started task 'Review AM using Asset Change Tracker (5.5.13.1)' at 2025-01-14 11:10:11.182328, scheduled to end at 2025-01-14 11:17:58.983907
2025-03-06 13:42:55,176 - root - INFO - Token Token-21 started task 'Unknown' at 2025-01-14 11:10:11.182328, scheduled to end at 2025-01-14 11:10:11.182328
2025-03-06 13:42:55,176 - root - INFO - Token Token-21 completed task 'Unknown' at 2025-01-14 11:10:11.182328.
2025-03-06 13:42:55,178 - root - INFO - Token Token-21 has completed the entire process at 2025-01-14 11:10:11.182328.
2025-03-06 13:42:55,180 - root - INFO - Token Token-216 completed task 'Review AM using Asset Change Tracker (5.5.13.1)' at 2025-01-14 11:17:58.983907.
2025-03-06 13:42:55,180 - root - INFO - Token Token-217 released from wait queue for 'Tech'
2025-03-06 13:42:55,189 - root - INFO - Token Token-217 waited 10265.98 minutes for resource
2025-03-06 13:42:55,189 - root - INFO - Token Token-217 started task 'Review AM using Asset Change Tracker (5.5.13.1)' at 2025-01-14 11:17:58.983907, scheduled to end at 2025-01-14 11:26:44.390546
2025-03-06 13:42:55,190 - root - INFO - Token Token-216 started task 'Complete /Accurate?' at 2025-01-14 11:17:58.983907, scheduled to end at 2025-01-14 11:17:58.983907
2025-03-06 13:42:55,190 - root - INFO - Token Token-216 completed task 'Complete /Accurate?' at 2025-01-14 11:17:58.983907.
2025-03-06 13:42:55,190 - root - INFO - Token Token-216 waiting for resource 'Tech' at 2025-01-14 11:17:58.983907
2025-03-06 13:42:55,190 - root - INFO - Token Token-217 completed task 'Review AM using Asset Change Tracker (5.5.13.1)' at 2025-01-14 11:26:44.390546.
2025-03-06 13:42:55,191 - root - INFO - Token Token-218 released from wait queue for 'Tech'
2025-03-06 13:42:55,191 - root - INFO - Token Token-218 waited 10272.74 minutes for resource
2025-03-06 13:42:55,191 - root - INFO - Token Token-218 started task 'Review AM using Asset Change Tracker (5.5.13.1)' at 2025-01-14 11:26:44.390546, scheduled to end at 2025-01-14 11:35:27.758602
2025-03-06 13:42:55,191 - root - INFO - Token Token-217 started task 'Complete /Accurate?' at 2025-01-14 11:26:44.390546, scheduled to end at 2025-01-14 11:26:44.390546
2025-03-06 13:42:55,192 - root - INFO - Token Token-217 completed task 'Complete /Accurate?' at 2025-01-14 11:26:44.390546.
2025-03-06 13:42:55,192 - root - INFO - Token Token-217 waiting for resource 'Tech' at 2025-01-14 11:26:44.390546
2025-03-06 13:42:55,192 - root - INFO - Token Token-218 completed task 'Review AM using Asset Change Tracker (5.5.13.1)' at 2025-01-14 11:35:27.758602.
2025-03-06 13:42:55,192 - root - INFO - Token Token-219 released from wait queue for 'Tech'
2025-03-06 13:42:55,193 - root - INFO - Token Token-219 waited 10279.46 minutes for resource
2025-03-06 13:42:55,193 - root - INFO - Token Token-219 started task 'Review AM using Asset Change Tracker (5.5.13.1)' at 2025-01-14 11:35:27.758602, scheduled to end at 2025-01-14 11:44:52.434544
2025-03-06 13:42:55,193 - root - INFO - Token Token-218 started task 'Complete /Accurate?' at 2025-01-14 11:35:27.758602, scheduled to end at 2025-01-14 11:35:27.758602
2025-03-06 13:42:55,193 - root - INFO - Token Token-218 completed task 'Complete /Accurate?' at 2025-01-14 11:35:27.758602.
2025-03-06 13:42:55,194 - root - INFO - Token Token-218 waiting for resource 'Tech' at 2025-01-14 11:35:27.758602
2025-03-06 13:42:55,194 - root - INFO - Token Token-219 completed task 'Review AM using Asset Change Tracker (5.5.13.1)' at 2025-01-14 11:44:52.434544.
2025-03-06 13:42:55,194 - root - INFO - Token Token-220 released from wait queue for 'Tech'
2025-03-06 13:42:55,194 - root - INFO - Token Token-220 waited 10286.87 minutes for resource
2025-03-06 13:42:55,195 - root - INFO - Token Token-220 started task 'Review AM using Asset Change Tracker (5.5.13.1)' at 2025-01-14 11:44:52.434544, scheduled to end at 2025-01-14 11:51:08.911976
2025-03-06 13:42:55,195 - root - INFO - Token Token-219 started task 'Complete /Accurate?' at 2025-01-14 11:44:52.434544, scheduled to end at 2025-01-14 11:44:52.434544
2025-03-06 13:42:55,195 - root - INFO - Token Token-219 completed task 'Complete /Accurate?' at 2025-01-14 11:44:52.434544.
2025-03-06 13:42:55,196 - root - INFO - Token Token-219 waiting for resource 'Tech' at 2025-01-14 11:44:52.434544
2025-03-06 13:42:55,196 - root - INFO - Token Token-220 completed task 'Review AM using Asset Change Tracker (5.5.13.1)' at 2025-01-14 11:51:08.911976.
2025-03-06 13:42:55,196 - root - INFO - Token Token-22 released from wait queue for 'Tech'
2025-03-06 13:42:55,197 - root - INFO - Token Token-22 waited 10292.29 minutes for resource
2025-03-06 13:42:55,197 - root - INFO - Token Token-22 started task 'Work with REO RPO to Correct (5.5.13.3)' at 2025-01-14 11:51:08.911976, scheduled to end at 2025-01-15 07:00:00
2025-03-06 13:42:55,197 - root - INFO - Token Token-220 started task 'Complete /Accurate?' at 2025-01-14 11:51:08.911976, scheduled to end at 2025-01-14 11:51:08.911976
2025-03-06 13:42:55,198 - root - INFO - Token Token-220 completed task 'Complete /Accurate?' at 2025-01-14 11:51:08.911976.
2025-03-06 13:42:55,199 - root - INFO - Token Token-220 waiting for resource 'Tech' at 2025-01-14 11:51:08.911976
2025-03-06 13:42:55,199 - root - INFO - Token Token-22 completed task 'Work with REO RPO to Correct (5.5.13.3)' at 2025-01-15 07:00:00.
2025-03-06 13:42:55,200 - root - INFO - Token Token-221 released from wait queue for 'Tech'
2025-03-06 13:42:55,200 - root - INFO - Token Token-221 waited 11440.00 minutes for resource
2025-03-06 13:42:55,200 - root - INFO - Token Token-221 started task 'Review AM using Asset Change Tracker (5.5.13.1)' at 2025-01-15 07:00:00, scheduled to end at 2025-01-15 07:08:01.158419
2025-03-06 13:42:55,201 - root - INFO - Token Token-22 started task 'Create Journal Entries?' at 2025-01-15 07:00:00, scheduled to end at 2025-01-15 07:00:00
2025-03-06 13:42:55,201 - root - INFO - Token Token-22 completed task 'Create Journal Entries?' at 2025-01-15 07:00:00.
2025-03-06 13:42:55,202 - root - INFO - Token Token-22 started task 'Create/Post Journal Entries (5.5.13.4)' at 2025-01-15 07:00:00, scheduled to end at 2025-01-15 07:09:58.940831
2025-03-06 13:42:55,202 - root - INFO - Token Token-22 waiting for resource 'Tech' at 2025-01-15 07:00:00
2025-03-06 13:42:55,202 - root - INFO - Token Token-221 completed task 'Review AM using Asset Change Tracker (5.5.13.1)' at 2025-01-15 07:08:01.158419.
2025-03-06 13:42:55,203 - root - INFO - Token Token-222 released from wait queue for 'Tech'
2025-03-06 13:42:55,203 - root - INFO - Token Token-222 waited 11446.02 minutes for resource
2025-03-06 13:42:55,204 - root - INFO - Token Token-222 started task 'Review AM using Asset Change Tracker (5.5.13.1)' at 2025-01-15 07:08:01.158419, scheduled to end at 2025-01-15 07:14:33.266186
2025-03-06 13:42:55,204 - root - INFO - Token Token-221 started task 'Complete /Accurate?' at 2025-01-15 07:08:01.158419, scheduled to end at 2025-01-15 07:08:01.158419
2025-03-06 13:42:55,204 - root - INFO - Token Token-221 completed task 'Complete /Accurate?' at 2025-01-15 07:08:01.158419.
2025-03-06 13:42:55,205 - root - INFO - Token Token-221 waiting for resource 'Tech' at 2025-01-15 07:08:01.158419
2025-03-06 13:42:55,205 - root - INFO - Token Token-22 completed task 'Create/Post Journal Entries (5.5.13.4)' at 2025-01-15 07:09:58.940831.
2025-03-06 13:42:55,206 - root - INFO - Token Token-22 waited 9.98 minutes for resource
2025-03-06 13:42:55,206 - root - INFO - Token Token-22 started task 'Unknown' at 2025-01-15 07:09:58.940831, scheduled to end at 2025-01-15 07:09:58.940831
2025-03-06 13:42:55,207 - root - INFO - Token Token-22 completed task 'Unknown' at 2025-01-15 07:09:58.940831.
2025-03-06 13:42:55,207 - root - INFO - Token Token-22 has completed the entire process at 2025-01-15 07:09:58.940831.
2025-03-06 13:42:55,207 - root - INFO - Token Token-222 completed task 'Review AM using Asset Change Tracker (5.5.13.1)' at 2025-01-15 07:14:33.266186.
2025-03-06 13:42:55,208 - root - INFO - Token Token-223 released from wait queue for 'Tech'
2025-03-06 13:42:55,208 - root - INFO - Token Token-223 waited 11450.55 minutes for resource
2025-03-06 13:42:55,208 - root - INFO - Token Token-223 started task 'Review AM using Asset Change Tracker (5.5.13.1)' at 2025-01-15 07:14:33.266186, scheduled to end at 2025-01-15 07:21:01.093807
2025-03-06 13:42:55,209 - root - INFO - Token Token-222 started task 'Complete /Accurate?' at 2025-01-15 07:14:33.266186, scheduled to end at 2025-01-15 07:14:33.266186
2025-03-06 13:42:55,209 - root - INFO - Token Token-222 completed task 'Complete /Accurate?' at 2025-01-15 07:14:33.266186.
2025-03-06 13:42:55,210 - root - INFO - Token Token-222 waiting for resource 'Tech' at 2025-01-15 07:14:33.266186
2025-03-06 13:42:55,210 - root - INFO - Token Token-223 completed task 'Review AM using Asset Change Tracker (5.5.13.1)' at 2025-01-15 07:21:01.093807.
2025-03-06 13:42:55,210 - root - INFO - Token Token-224 released from wait queue for 'Tech'
2025-03-06 13:42:55,211 - root - INFO - Token Token-224 waited 11455.02 minutes for resource
2025-03-06 13:42:55,211 - root - INFO - Token Token-224 started task 'Review AM using Asset Change Tracker (5.5.13.1)' at 2025-01-15 07:21:01.093807, scheduled to end at 2025-01-15 07:29:28.628469
2025-03-06 13:42:55,211 - root - INFO - Token Token-223 started task 'Complete /Accurate?' at 2025-01-15 07:21:01.093807, scheduled to end at 2025-01-15 07:21:01.093807
2025-03-06 13:42:55,212 - root - INFO - Token Token-223 completed task 'Complete /Accurate?' at 2025-01-15 07:21:01.093807.
2025-03-06 13:42:55,212 - root - INFO - Token Token-223 waiting for resource 'Tech' at 2025-01-15 07:21:01.093807
2025-03-06 13:42:55,213 - root - INFO - Token Token-224 completed task 'Review AM using Asset Change Tracker (5.5.13.1)' at 2025-01-15 07:29:28.628469.
2025-03-06 13:42:55,213 - root - INFO - Token Token-23 released from wait queue for 'Tech'
2025-03-06 13:42:55,213 - root - INFO - Token Token-23 waited 11461.52 minutes for resource
2025-03-06 13:42:55,214 - root - INFO - Token Token-23 started task 'Note Accuracy in Asset Change Tracker (5.5.13.2)' at 2025-01-15 07:29:28.628469, scheduled to end at 2025-01-15 07:35:55.947617
2025-03-06 13:42:55,214 - root - INFO - Token Token-224 started task 'Complete /Accurate?' at 2025-01-15 07:29:28.628469, scheduled to end at 2025-01-15 07:29:28.628469
2025-03-06 13:42:55,215 - root - INFO - Token Token-224 completed task 'Complete /Accurate?' at 2025-01-15 07:29:28.628469.
2025-03-06 13:42:55,216 - root - INFO - Token Token-224 waiting for resource 'Tech' at 2025-01-15 07:29:28.628469
2025-03-06 13:42:55,230 - root - INFO - Token Token-23 completed task 'Note Accuracy in Asset Change Tracker (5.5.13.2)' at 2025-01-15 07:35:55.947617.
2025-03-06 13:42:55,231 - root - INFO - Token Token-225 released from wait queue for 'Tech'
2025-03-06 13:42:55,231 - root - INFO - Token Token-225 waited 11467.93 minutes for resource
2025-03-06 13:42:55,231 - root - INFO - Token Token-225 started task 'Review AM using Asset Change Tracker (5.5.13.1)' at 2025-01-15 07:35:55.947617, scheduled to end at 2025-01-15 07:45:18.938326
2025-03-06 13:42:55,232 - root - INFO - Token Token-23 started task 'Unknown' at 2025-01-15 07:35:55.947617, scheduled to end at 2025-01-15 07:35:55.947617
2025-03-06 13:42:55,232 - root - INFO - Token Token-23 completed task 'Unknown' at 2025-01-15 07:35:55.947617.
2025-03-06 13:42:55,232 - root - INFO - Token Token-23 has completed the entire process at 2025-01-15 07:35:55.947617.
2025-03-06 13:42:55,232 - root - INFO - Token Token-225 completed task 'Review AM using Asset Change Tracker (5.5.13.1)' at 2025-01-15 07:45:18.938326.
2025-03-06 13:42:55,233 - root - INFO - Token Token-226 released from wait queue for 'Tech'
2025-03-06 13:42:55,233 - root - INFO - Token Token-226 waited 11475.32 minutes for resource
2025-03-06 13:42:55,233 - root - INFO - Token Token-226 started task 'Review AM using Asset Change Tracker (5.5.13.1)' at 2025-01-15 07:45:18.938326, scheduled to end at 2025-01-15 07:54:49.515219
2025-03-06 13:42:55,233 - root - INFO - Token Token-225 started task 'Complete /Accurate?' at 2025-01-15 07:45:18.938326, scheduled to end at 2025-01-15 07:45:18.938326
2025-03-06 13:42:55,234 - root - INFO - Token Token-225 completed task 'Complete /Accurate?' at 2025-01-15 07:45:18.938326.
2025-03-06 13:42:55,234 - root - INFO - Token Token-225 waiting for resource 'Tech' at 2025-01-15 07:45:18.938326
2025-03-06 13:42:55,234 - root - INFO - Token Token-226 completed task 'Review AM using Asset Change Tracker (5.5.13.1)' at 2025-01-15 07:54:49.515219.
2025-03-06 13:42:55,234 - root - INFO - Token Token-227 released from wait queue for 'Tech'
2025-03-06 13:42:55,235 - root - INFO - Token Token-227 waited 11482.83 minutes for resource
2025-03-06 13:42:55,235 - root - INFO - Token Token-227 started task 'Review AM using Asset Change Tracker (5.5.13.1)' at 2025-01-15 07:54:49.515219, scheduled to end at 2025-01-15 08:04:18.789601
2025-03-06 13:42:55,235 - root - INFO - Token Token-226 started task 'Complete /Accurate?' at 2025-01-15 07:54:49.515219, scheduled to end at 2025-01-15 07:54:49.515219
2025-03-06 13:42:55,235 - root - INFO - Token Token-226 completed task 'Complete /Accurate?' at 2025-01-15 07:54:49.515219.
2025-03-06 13:42:55,236 - root - INFO - Token Token-226 waiting for resource 'Tech' at 2025-01-15 07:54:49.515219
2025-03-06 13:42:55,236 - root - INFO - Token Token-227 completed task 'Review AM using Asset Change Tracker (5.5.13.1)' at 2025-01-15 08:04:18.789601.
2025-03-06 13:42:55,236 - root - INFO - Token Token-228 released from wait queue for 'Tech'
2025-03-06 13:42:55,236 - root - INFO - Token Token-228 waited 11490.31 minutes for resource
2025-03-06 13:42:55,236 - root - INFO - Token Token-228 started task 'Review AM using Asset Change Tracker (5.5.13.1)' at 2025-01-15 08:04:18.789601, scheduled to end at 2025-01-15 08:10:51.367169
2025-03-06 13:42:55,237 - root - INFO - Token Token-227 started task 'Complete /Accurate?' at 2025-01-15 08:04:18.789601, scheduled to end at 2025-01-15 08:04:18.789601
2025-03-06 13:42:55,237 - root - INFO - Token Token-227 completed task 'Complete /Accurate?' at 2025-01-15 08:04:18.789601.
2025-03-06 13:42:55,237 - root - INFO - Token Token-227 waiting for resource 'Tech' at 2025-01-15 08:04:18.789601
2025-03-06 13:42:55,237 - root - INFO - Token Token-228 completed task 'Review AM using Asset Change Tracker (5.5.13.1)' at 2025-01-15 08:10:51.367169.
2025-03-06 13:42:55,238 - root - INFO - Token Token-229 released from wait queue for 'Tech'
2025-03-06 13:42:55,238 - root - INFO - Token Token-229 waited 11494.86 minutes for resource
2025-03-06 13:42:55,238 - root - INFO - Token Token-229 started task 'Review AM using Asset Change Tracker (5.5.13.1)' at 2025-01-15 08:10:51.367169, scheduled to end at 2025-01-15 08:18:06.257607
2025-03-06 13:42:55,238 - root - INFO - Token Token-228 started task 'Complete /Accurate?' at 2025-01-15 08:10:51.367169, scheduled to end at 2025-01-15 08:10:51.367169
2025-03-06 13:42:55,239 - root - INFO - Token Token-228 completed task 'Complete /Accurate?' at 2025-01-15 08:10:51.367169.
2025-03-06 13:42:55,240 - root - INFO - Token Token-228 waiting for resource 'Tech' at 2025-01-15 08:10:51.367169
2025-03-06 13:42:55,240 - root - INFO - Token Token-229 completed task 'Review AM using Asset Change Tracker (5.5.13.1)' at 2025-01-15 08:18:06.257607.
2025-03-06 13:42:55,240 - root - INFO - Token Token-230 released from wait queue for 'Tech'
2025-03-06 13:42:55,240 - root - INFO - Token Token-230 waited 11500.10 minutes for resource
2025-03-06 13:42:55,240 - root - INFO - Token Token-230 started task 'Review AM using Asset Change Tracker (5.5.13.1)' at 2025-01-15 08:18:06.257607, scheduled to end at 2025-01-15 08:26:17.236269
2025-03-06 13:42:55,241 - root - INFO - Token Token-229 started task 'Complete /Accurate?' at 2025-01-15 08:18:06.257607, scheduled to end at 2025-01-15 08:18:06.257607
2025-03-06 13:42:55,241 - root - INFO - Token Token-229 completed task 'Complete /Accurate?' at 2025-01-15 08:18:06.257607.
2025-03-06 13:42:55,241 - root - INFO - Token Token-229 waiting for resource 'Tech' at 2025-01-15 08:18:06.257607
2025-03-06 13:42:55,241 - root - INFO - Token Token-230 completed task 'Review AM using Asset Change Tracker (5.5.13.1)' at 2025-01-15 08:26:17.236269.
2025-03-06 13:42:55,242 - root - INFO - Token Token-231 released from wait queue for 'Tech'
2025-03-06 13:42:55,243 - root - INFO - Token Token-231 waited 11506.29 minutes for resource
2025-03-06 13:42:55,243 - root - INFO - Token Token-231 started task 'Review AM using Asset Change Tracker (5.5.13.1)' at 2025-01-15 08:26:17.236269, scheduled to end at 2025-01-15 08:35:16.344770
2025-03-06 13:42:55,244 - root - INFO - Token Token-230 started task 'Complete /Accurate?' at 2025-01-15 08:26:17.236269, scheduled to end at 2025-01-15 08:26:17.236269
2025-03-06 13:42:55,244 - root - INFO - Token Token-230 completed task 'Complete /Accurate?' at 2025-01-15 08:26:17.236269.
2025-03-06 13:42:55,245 - root - INFO - Token Token-230 waiting for resource 'Tech' at 2025-01-15 08:26:17.236269
2025-03-06 13:42:55,245 - root - INFO - Token Token-231 completed task 'Review AM using Asset Change Tracker (5.5.13.1)' at 2025-01-15 08:35:16.344770.
2025-03-06 13:42:55,246 - root - INFO - Token Token-24 released from wait queue for 'Tech'
2025-03-06 13:42:55,246 - root - INFO - Token Token-24 waited 11514.41 minutes for resource
2025-03-06 13:42:55,246 - root - INFO - Token Token-24 started task 'Note Accuracy in Asset Change Tracker (5.5.13.2)' at 2025-01-15 08:35:16.344770, scheduled to end at 2025-01-15 08:39:08.526584
2025-03-06 13:42:55,247 - root - INFO - Token Token-231 started task 'Complete /Accurate?' at 2025-01-15 08:35:16.344770, scheduled to end at 2025-01-15 08:35:16.344770
2025-03-06 13:42:55,247 - root - INFO - Token Token-231 completed task 'Complete /Accurate?' at 2025-01-15 08:35:16.344770.
2025-03-06 13:42:55,248 - root - INFO - Token Token-231 waiting for resource 'Tech' at 2025-01-15 08:35:16.344770
2025-03-06 13:42:55,248 - root - INFO - Token Token-24 completed task 'Note Accuracy in Asset Change Tracker (5.5.13.2)' at 2025-01-15 08:39:08.526584.
2025-03-06 13:42:55,248 - root - INFO - Token Token-232 released from wait queue for 'Tech'
2025-03-06 13:42:55,249 - root - INFO - Token Token-232 waited 11517.14 minutes for resource
2025-03-06 13:42:55,249 - root - INFO - Token Token-232 started task 'Review AM using Asset Change Tracker (5.5.13.1)' at 2025-01-15 08:39:08.526584, scheduled to end at 2025-01-15 08:48:37.864922
2025-03-06 13:42:55,249 - root - INFO - Token Token-24 started task 'Unknown' at 2025-01-15 08:39:08.526584, scheduled to end at 2025-01-15 08:39:08.526584
2025-03-06 13:42:55,250 - root - INFO - Token Token-24 completed task 'Unknown' at 2025-01-15 08:39:08.526584.
2025-03-06 13:42:55,250 - root - INFO - Token Token-24 has completed the entire process at 2025-01-15 08:39:08.526584.
2025-03-06 13:42:55,251 - root - INFO - Token Token-232 completed task 'Review AM using Asset Change Tracker (5.5.13.1)' at 2025-01-15 08:48:37.864922.
2025-03-06 13:42:55,251 - root - INFO - Token Token-233 released from wait queue for 'Tech'
2025-03-06 13:42:55,251 - root - INFO - Token Token-233 waited 11524.63 minutes for resource
2025-03-06 13:42:55,252 - root - INFO - Token Token-233 started task 'Review AM using Asset Change Tracker (5.5.13.1)' at 2025-01-15 08:48:37.864922, scheduled to end at 2025-01-15 08:55:21.584278
2025-03-06 13:42:55,252 - root - INFO - Token Token-232 started task 'Complete /Accurate?' at 2025-01-15 08:48:37.864922, scheduled to end at 2025-01-15 08:48:37.864922
2025-03-06 13:42:55,252 - root - INFO - Token Token-232 completed task 'Complete /Accurate?' at 2025-01-15 08:48:37.864922.
2025-03-06 13:42:55,253 - root - INFO - Token Token-232 waiting for resource 'Tech' at 2025-01-15 08:48:37.864922
2025-03-06 13:42:55,253 - root - INFO - Token Token-233 completed task 'Review AM using Asset Change Tracker (5.5.13.1)' at 2025-01-15 08:55:21.584278.
2025-03-06 13:42:55,254 - root - INFO - Token Token-234 released from wait queue for 'Tech'
2025-03-06 13:42:55,254 - root - INFO - Token Token-234 waited 11529.36 minutes for resource
2025-03-06 13:42:55,255 - root - INFO - Token Token-234 started task 'Review AM using Asset Change Tracker (5.5.13.1)' at 2025-01-15 08:55:21.584278, scheduled to end at 2025-01-15 09:02:04.765851
2025-03-06 13:42:55,255 - root - INFO - Token Token-233 started task 'Complete /Accurate?' at 2025-01-15 08:55:21.584278, scheduled to end at 2025-01-15 08:55:21.584278
2025-03-06 13:42:55,255 - root - INFO - Token Token-233 completed task 'Complete /Accurate?' at 2025-01-15 08:55:21.584278.
2025-03-06 13:42:55,256 - root - INFO - Token Token-233 waiting for resource 'Tech' at 2025-01-15 08:55:21.584278
2025-03-06 13:42:55,256 - root - INFO - Token Token-234 completed task 'Review AM using Asset Change Tracker (5.5.13.1)' at 2025-01-15 09:02:04.765851.
2025-03-06 13:42:55,256 - root - INFO - Token Token-25 released from wait queue for 'Tech'
2025-03-06 13:42:55,257 - root - INFO - Token Token-25 waited 11534.36 minutes for resource
2025-03-06 13:42:55,257 - root - INFO - Token Token-25 started task 'Note Accuracy in Asset Change Tracker (5.5.13.2)' at 2025-01-15 09:02:04.765851, scheduled to end at 2025-01-15 09:08:22.992399
2025-03-06 13:42:55,258 - root - INFO - Token Token-234 started task 'Complete /Accurate?' at 2025-01-15 09:02:04.765851, scheduled to end at 2025-01-15 09:02:04.765851
2025-03-06 13:42:55,258 - root - INFO - Token Token-234 completed task 'Complete /Accurate?' at 2025-01-15 09:02:04.765851.
2025-03-06 13:42:55,259 - root - INFO - Token Token-234 waiting for resource 'Tech' at 2025-01-15 09:02:04.765851
2025-03-06 13:42:55,259 - root - INFO - Token Token-25 completed task 'Note Accuracy in Asset Change Tracker (5.5.13.2)' at 2025-01-15 09:08:22.992399.
2025-03-06 13:42:55,259 - root - INFO - Token Token-235 released from wait queue for 'Tech'
2025-03-06 13:42:55,259 - root - INFO - Token Token-235 waited 11540.38 minutes for resource
2025-03-06 13:42:55,260 - root - INFO - Token Token-235 started task 'Review AM using Asset Change Tracker (5.5.13.1)' at 2025-01-15 09:08:22.992399, scheduled to end at 2025-01-15 09:17:07.109027
2025-03-06 13:42:55,260 - root - INFO - Token Token-25 started task 'Unknown' at 2025-01-15 09:08:22.992399, scheduled to end at 2025-01-15 09:08:22.992399
2025-03-06 13:42:55,261 - root - INFO - Token Token-25 completed task 'Unknown' at 2025-01-15 09:08:22.992399.
2025-03-06 13:42:55,261 - root - INFO - Token Token-25 has completed the entire process at 2025-01-15 09:08:22.992399.
2025-03-06 13:42:55,261 - root - INFO - Token Token-235 completed task 'Review AM using Asset Change Tracker (5.5.13.1)' at 2025-01-15 09:17:07.109027.
2025-03-06 13:42:55,262 - root - INFO - Token Token-236 released from wait queue for 'Tech'
2025-03-06 13:42:55,262 - root - INFO - Token Token-236 waited 11547.12 minutes for resource
2025-03-06 13:42:55,263 - root - INFO - Token Token-236 started task 'Review AM using Asset Change Tracker (5.5.13.1)' at 2025-01-15 09:17:07.109027, scheduled to end at 2025-01-15 09:26:37.722635
2025-03-06 13:42:55,263 - root - INFO - Token Token-235 started task 'Complete /Accurate?' at 2025-01-15 09:17:07.109027, scheduled to end at 2025-01-15 09:17:07.109027
2025-03-06 13:42:55,264 - root - INFO - Token Token-235 completed task 'Complete /Accurate?' at 2025-01-15 09:17:07.109027.
2025-03-06 13:42:55,264 - root - INFO - Token Token-235 waiting for resource 'Tech' at 2025-01-15 09:17:07.109027
2025-03-06 13:42:55,264 - root - INFO - Token Token-236 completed task 'Review AM using Asset Change Tracker (5.5.13.1)' at 2025-01-15 09:26:37.722635.
2025-03-06 13:42:55,264 - root - INFO - Token Token-237 released from wait queue for 'Tech'
2025-03-06 13:42:55,264 - root - INFO - Token Token-237 waited 11554.63 minutes for resource
2025-03-06 13:42:55,264 - root - INFO - Token Token-237 started task 'Review AM using Asset Change Tracker (5.5.13.1)' at 2025-01-15 09:26:37.722635, scheduled to end at 2025-01-15 09:34:54.180440
2025-03-06 13:42:55,264 - root - INFO - Token Token-236 started task 'Complete /Accurate?' at 2025-01-15 09:26:37.722635, scheduled to end at 2025-01-15 09:26:37.722635
2025-03-06 13:42:55,264 - root - INFO - Token Token-236 completed task 'Complete /Accurate?' at 2025-01-15 09:26:37.722635.
2025-03-06 13:42:55,264 - root - INFO - Token Token-236 waiting for resource 'Tech' at 2025-01-15 09:26:37.722635
2025-03-06 13:42:55,264 - root - INFO - Token Token-237 completed task 'Review AM using Asset Change Tracker (5.5.13.1)' at 2025-01-15 09:34:54.180440.
2025-03-06 13:42:55,266 - root - INFO - Token Token-238 released from wait queue for 'Tech'
2025-03-06 13:42:55,266 - root - INFO - Token Token-238 waited 11560.90 minutes for resource
2025-03-06 13:42:55,266 - root - INFO - Token Token-238 started task 'Review AM using Asset Change Tracker (5.5.13.1)' at 2025-01-15 09:34:54.180440, scheduled to end at 2025-01-15 09:41:58.479021
2025-03-06 13:42:55,268 - root - INFO - Token Token-237 started task 'Complete /Accurate?' at 2025-01-15 09:34:54.180440, scheduled to end at 2025-01-15 09:34:54.180440
2025-03-06 13:42:55,268 - root - INFO - Token Token-237 completed task 'Complete /Accurate?' at 2025-01-15 09:34:54.180440.
2025-03-06 13:42:55,280 - root - INFO - Token Token-237 waiting for resource 'Tech' at 2025-01-15 09:34:54.180440
2025-03-06 13:42:55,281 - root - INFO - Token Token-238 completed task 'Review AM using Asset Change Tracker (5.5.13.1)' at 2025-01-15 09:41:58.479021.
2025-03-06 13:42:55,281 - root - INFO - Token Token-26 released from wait queue for 'Tech'
2025-03-06 13:42:55,281 - root - INFO - Token Token-26 waited 11567.38 minutes for resource
2025-03-06 13:42:55,281 - root - INFO - Token Token-26 started task 'Note Accuracy in Asset Change Tracker (5.5.13.2)' at 2025-01-15 09:41:58.479021, scheduled to end at 2025-01-15 09:46:08.274586
2025-03-06 13:42:55,281 - root - INFO - Token Token-238 started task 'Complete /Accurate?' at 2025-01-15 09:41:58.479021, scheduled to end at 2025-01-15 09:41:58.479021
2025-03-06 13:42:55,282 - root - INFO - Token Token-238 completed task 'Complete /Accurate?' at 2025-01-15 09:41:58.479021.
2025-03-06 13:42:55,282 - root - INFO - Token Token-238 waiting for resource 'Tech' at 2025-01-15 09:41:58.479021
2025-03-06 13:42:55,282 - root - INFO - Token Token-26 completed task 'Note Accuracy in Asset Change Tracker (5.5.13.2)' at 2025-01-15 09:46:08.274586.
2025-03-06 13:42:55,282 - root - INFO - Token Token-239 released from wait queue for 'Tech'
2025-03-06 13:42:55,283 - root - INFO - Token Token-239 waited 11570.14 minutes for resource
2025-03-06 13:42:55,283 - root - INFO - Token Token-239 started task 'Review AM using Asset Change Tracker (5.5.13.1)' at 2025-01-15 09:46:08.274586, scheduled to end at 2025-01-15 09:54:00.745642
2025-03-06 13:42:55,283 - root - INFO - Token Token-26 started task 'Unknown' at 2025-01-15 09:46:08.274586, scheduled to end at 2025-01-15 09:46:08.274586
2025-03-06 13:42:55,284 - root - INFO - Token Token-26 completed task 'Unknown' at 2025-01-15 09:46:08.274586.
2025-03-06 13:42:55,285 - root - INFO - Token Token-26 has completed the entire process at 2025-01-15 09:46:08.274586.
2025-03-06 13:42:55,285 - root - INFO - Token Token-239 completed task 'Review AM using Asset Change Tracker (5.5.13.1)' at 2025-01-15 09:54:00.745642.
2025-03-06 13:42:55,285 - root - INFO - Token Token-240 released from wait queue for 'Tech'
2025-03-06 13:42:55,285 - root - INFO - Token Token-240 waited 11576.01 minutes for resource
2025-03-06 13:42:55,286 - root - INFO - Token Token-240 started task 'Review AM using Asset Change Tracker (5.5.13.1)' at 2025-01-15 09:54:00.745642, scheduled to end at 2025-01-15 10:02:47.523512
2025-03-06 13:42:55,286 - root - INFO - Token Token-239 started task 'Complete /Accurate?' at 2025-01-15 09:54:00.745642, scheduled to end at 2025-01-15 09:54:00.745642
2025-03-06 13:42:55,286 - root - INFO - Token Token-239 completed task 'Complete /Accurate?' at 2025-01-15 09:54:00.745642.
2025-03-06 13:42:55,286 - root - INFO - Token Token-239 waiting for resource 'Tech' at 2025-01-15 09:54:00.745642
2025-03-06 13:42:55,287 - root - INFO - Token Token-240 completed task 'Review AM using Asset Change Tracker (5.5.13.1)' at 2025-01-15 10:02:47.523512.
2025-03-06 13:42:55,287 - root - INFO - Token Token-241 released from wait queue for 'Tech'
2025-03-06 13:42:55,287 - root - INFO - Token Token-241 waited 11582.79 minutes for resource
2025-03-06 13:42:55,287 - root - INFO - Token Token-241 started task 'Review AM using Asset Change Tracker (5.5.13.1)' at 2025-01-15 10:02:47.523512, scheduled to end at 2025-01-15 10:11:05.356031
2025-03-06 13:42:55,288 - root - INFO - Token Token-240 started task 'Complete /Accurate?' at 2025-01-15 10:02:47.523512, scheduled to end at 2025-01-15 10:02:47.523512
2025-03-06 13:42:55,288 - root - INFO - Token Token-240 completed task 'Complete /Accurate?' at 2025-01-15 10:02:47.523512.
2025-03-06 13:42:55,288 - root - INFO - Token Token-240 waiting for resource 'Tech' at 2025-01-15 10:02:47.523512
2025-03-06 13:42:55,289 - root - INFO - Token Token-241 completed task 'Review AM using Asset Change Tracker (5.5.13.1)' at 2025-01-15 10:11:05.356031.
2025-03-06 13:42:55,289 - root - INFO - Token Token-242 released from wait queue for 'Tech'
2025-03-06 13:42:55,291 - root - INFO - Token Token-242 waited 11589.09 minutes for resource
2025-03-06 13:42:55,291 - root - INFO - Token Token-242 started task 'Review AM using Asset Change Tracker (5.5.13.1)' at 2025-01-15 10:11:05.356031, scheduled to end at 2025-01-15 10:18:14.916783
2025-03-06 13:42:55,292 - root - INFO - Token Token-241 started task 'Complete /Accurate?' at 2025-01-15 10:11:05.356031, scheduled to end at 2025-01-15 10:11:05.356031
2025-03-06 13:42:55,292 - root - INFO - Token Token-241 completed task 'Complete /Accurate?' at 2025-01-15 10:11:05.356031.
2025-03-06 13:42:55,293 - root - INFO - Token Token-241 waiting for resource 'Tech' at 2025-01-15 10:11:05.356031
2025-03-06 13:42:55,293 - root - INFO - Token Token-242 completed task 'Review AM using Asset Change Tracker (5.5.13.1)' at 2025-01-15 10:18:14.916783.
2025-03-06 13:42:55,293 - root - INFO - Token Token-27 released from wait queue for 'Tech'
2025-03-06 13:42:55,294 - root - INFO - Token Token-27 waited 11595.40 minutes for resource
2025-03-06 13:42:55,294 - root - INFO - Token Token-27 started task 'Note Accuracy in Asset Change Tracker (5.5.13.2)' at 2025-01-15 10:18:14.916783, scheduled to end at 2025-01-15 10:24:34.664876
2025-03-06 13:42:55,294 - root - INFO - Token Token-242 started task 'Complete /Accurate?' at 2025-01-15 10:18:14.916783, scheduled to end at 2025-01-15 10:18:14.916783
2025-03-06 13:42:55,295 - root - INFO - Token Token-242 completed task 'Complete /Accurate?' at 2025-01-15 10:18:14.916783.
2025-03-06 13:42:55,295 - root - INFO - Token Token-242 waiting for resource 'Tech' at 2025-01-15 10:18:14.916783
2025-03-06 13:42:55,296 - root - INFO - Token Token-27 completed task 'Note Accuracy in Asset Change Tracker (5.5.13.2)' at 2025-01-15 10:24:34.664876.
2025-03-06 13:42:55,296 - root - INFO - Token Token-243 released from wait queue for 'Tech'
2025-03-06 13:42:55,296 - root - INFO - Token Token-243 waited 11600.58 minutes for resource
2025-03-06 13:42:55,297 - root - INFO - Token Token-243 started task 'Review AM using Asset Change Tracker (5.5.13.1)' at 2025-01-15 10:24:34.664876, scheduled to end at 2025-01-15 10:32:28.278782
2025-03-06 13:42:55,297 - root - INFO - Token Token-27 started task 'Unknown' at 2025-01-15 10:24:34.664876, scheduled to end at 2025-01-15 10:24:34.664876
2025-03-06 13:42:55,297 - root - INFO - Token Token-27 completed task 'Unknown' at 2025-01-15 10:24:34.664876.
2025-03-06 13:42:55,298 - root - INFO - Token Token-27 has completed the entire process at 2025-01-15 10:24:34.664876.
2025-03-06 13:42:55,298 - root - INFO - Token Token-243 completed task 'Review AM using Asset Change Tracker (5.5.13.1)' at 2025-01-15 10:32:28.278782.
2025-03-06 13:42:55,298 - root - INFO - Token Token-244 released from wait queue for 'Tech'
2025-03-06 13:42:55,299 - root - INFO - Token Token-244 waited 11606.47 minutes for resource
2025-03-06 13:42:55,299 - root - INFO - Token Token-244 started task 'Review AM using Asset Change Tracker (5.5.13.1)' at 2025-01-15 10:32:28.278782, scheduled to end at 2025-01-15 10:40:42.738014
2025-03-06 13:42:55,300 - root - INFO - Token Token-243 started task 'Complete /Accurate?' at 2025-01-15 10:32:28.278782, scheduled to end at 2025-01-15 10:32:28.278782
2025-03-06 13:42:55,300 - root - INFO - Token Token-243 completed task 'Complete /Accurate?' at 2025-01-15 10:32:28.278782.
2025-03-06 13:42:55,300 - root - INFO - Token Token-243 waiting for resource 'Tech' at 2025-01-15 10:32:28.278782
2025-03-06 13:42:55,301 - root - INFO - Token Token-244 completed task 'Review AM using Asset Change Tracker (5.5.13.1)' at 2025-01-15 10:40:42.738014.
2025-03-06 13:42:55,301 - root - INFO - Token Token-245 released from wait queue for 'Tech'
2025-03-06 13:42:55,301 - root - INFO - Token Token-245 waited 11612.71 minutes for resource
2025-03-06 13:42:55,302 - root - INFO - Token Token-245 started task 'Review AM using Asset Change Tracker (5.5.13.1)' at 2025-01-15 10:40:42.738014, scheduled to end at 2025-01-15 10:49:36.642979
2025-03-06 13:42:55,302 - root - INFO - Token Token-244 started task 'Complete /Accurate?' at 2025-01-15 10:40:42.738014, scheduled to end at 2025-01-15 10:40:42.738014
2025-03-06 13:42:55,302 - root - INFO - Token Token-244 completed task 'Complete /Accurate?' at 2025-01-15 10:40:42.738014.
2025-03-06 13:42:55,303 - root - INFO - Token Token-244 waiting for resource 'Tech' at 2025-01-15 10:40:42.738014
2025-03-06 13:42:55,303 - root - INFO - Token Token-245 completed task 'Review AM using Asset Change Tracker (5.5.13.1)' at 2025-01-15 10:49:36.642979.
2025-03-06 13:42:55,304 - root - INFO - Token Token-28 released from wait queue for 'Tech'
2025-03-06 13:42:55,304 - root - INFO - Token Token-28 waited 11620.03 minutes for resource
2025-03-06 13:42:55,304 - root - INFO - Token Token-28 started task 'Note Accuracy in Asset Change Tracker (5.5.13.2)' at 2025-01-15 10:49:36.642979, scheduled to end at 2025-01-15 10:55:02.845694
2025-03-06 13:42:55,305 - root - INFO - Token Token-245 started task 'Complete /Accurate?' at 2025-01-15 10:49:36.642979, scheduled to end at 2025-01-15 10:49:36.642979
2025-03-06 13:42:55,305 - root - INFO - Token Token-245 completed task 'Complete /Accurate?' at 2025-01-15 10:49:36.642979.
2025-03-06 13:42:55,305 - root - INFO - Token Token-245 waiting for resource 'Tech' at 2025-01-15 10:49:36.642979
2025-03-06 13:42:55,306 - root - INFO - Token Token-28 completed task 'Note Accuracy in Asset Change Tracker (5.5.13.2)' at 2025-01-15 10:55:02.845694.
2025-03-06 13:42:55,306 - root - INFO - Token Token-246 released from wait queue for 'Tech'
2025-03-06 13:42:55,306 - root - INFO - Token Token-246 waited 11625.05 minutes for resource
2025-03-06 13:42:55,307 - root - INFO - Token Token-246 started task 'Review AM using Asset Change Tracker (5.5.13.1)' at 2025-01-15 10:55:02.845694, scheduled to end at 2025-01-15 11:02:12.420213
2025-03-06 13:42:55,307 - root - INFO - Token Token-28 started task 'Unknown' at 2025-01-15 10:55:02.845694, scheduled to end at 2025-01-15 10:55:02.845694
2025-03-06 13:42:55,308 - root - INFO - Token Token-28 completed task 'Unknown' at 2025-01-15 10:55:02.845694.
2025-03-06 13:42:55,308 - root - INFO - Token Token-28 has completed the entire process at 2025-01-15 10:55:02.845694.
2025-03-06 13:42:55,309 - root - INFO - Token Token-246 completed task 'Review AM using Asset Change Tracker (5.5.13.1)' at 2025-01-15 11:02:12.420213.
2025-03-06 13:42:55,309 - root - INFO - Token Token-247 released from wait queue for 'Tech'
2025-03-06 13:42:55,309 - root - INFO - Token Token-247 waited 11630.21 minutes for resource
2025-03-06 13:42:55,310 - root - INFO - Token Token-247 started task 'Review AM using Asset Change Tracker (5.5.13.1)' at 2025-01-15 11:02:12.420213, scheduled to end at 2025-01-15 11:11:44.862124
2025-03-06 13:42:55,310 - root - INFO - Token Token-246 started task 'Complete /Accurate?' at 2025-01-15 11:02:12.420213, scheduled to end at 2025-01-15 11:02:12.420213
2025-03-06 13:42:55,311 - root - INFO - Token Token-246 completed task 'Complete /Accurate?' at 2025-01-15 11:02:12.420213.
2025-03-06 13:42:55,311 - root - INFO - Token Token-246 waiting for resource 'Tech' at 2025-01-15 11:02:12.420213
2025-03-06 13:42:55,311 - root - INFO - Token Token-247 completed task 'Review AM using Asset Change Tracker (5.5.13.1)' at 2025-01-15 11:11:44.862124.
2025-03-06 13:42:55,312 - root - INFO - Token Token-248 released from wait queue for 'Tech'
2025-03-06 13:42:55,312 - root - INFO - Token Token-248 waited 11637.75 minutes for resource
2025-03-06 13:42:55,312 - root - INFO - Token Token-248 started task 'Review AM using Asset Change Tracker (5.5.13.1)' at 2025-01-15 11:11:44.862124, scheduled to end at 2025-01-15 11:19:46.813399
2025-03-06 13:42:55,312 - root - INFO - Token Token-247 started task 'Complete /Accurate?' at 2025-01-15 11:11:44.862124, scheduled to end at 2025-01-15 11:11:44.862124
2025-03-06 13:42:55,312 - root - INFO - Token Token-247 completed task 'Complete /Accurate?' at 2025-01-15 11:11:44.862124.
2025-03-06 13:42:55,312 - root - INFO - Token Token-247 waiting for resource 'Tech' at 2025-01-15 11:11:44.862124
2025-03-06 13:42:55,312 - root - INFO - Token Token-248 completed task 'Review AM using Asset Change Tracker (5.5.13.1)' at 2025-01-15 11:19:46.813399.
2025-03-06 13:42:55,314 - root - INFO - Token Token-249 released from wait queue for 'Tech'
2025-03-06 13:42:55,314 - root - INFO - Token Token-249 waited 11643.78 minutes for resource
2025-03-06 13:42:55,314 - root - INFO - Token Token-249 started task 'Review AM using Asset Change Tracker (5.5.13.1)' at 2025-01-15 11:19:46.813399, scheduled to end at 2025-01-15 11:28:56.099849
2025-03-06 13:42:55,314 - root - INFO - Token Token-248 started task 'Complete /Accurate?' at 2025-01-15 11:19:46.813399, scheduled to end at 2025-01-15 11:19:46.813399
2025-03-06 13:42:55,315 - root - INFO - Token Token-248 completed task 'Complete /Accurate?' at 2025-01-15 11:19:46.813399.
2025-03-06 13:42:55,315 - root - INFO - Token Token-248 waiting for resource 'Tech' at 2025-01-15 11:19:46.813399
2025-03-06 13:42:55,315 - root - INFO - Token Token-249 completed task 'Review AM using Asset Change Tracker (5.5.13.1)' at 2025-01-15 11:28:56.099849.
2025-03-06 13:42:55,315 - root - INFO - Token Token-250 released from wait queue for 'Tech'
2025-03-06 13:42:55,316 - root - INFO - Token Token-250 waited 11650.93 minutes for resource
2025-03-06 13:42:55,316 - root - INFO - Token Token-250 started task 'Review AM using Asset Change Tracker (5.5.13.1)' at 2025-01-15 11:28:56.099849, scheduled to end at 2025-01-15 11:36:04.260175
2025-03-06 13:42:55,316 - root - INFO - Token Token-249 started task 'Complete /Accurate?' at 2025-01-15 11:28:56.099849, scheduled to end at 2025-01-15 11:28:56.099849
2025-03-06 13:42:55,329 - root - INFO - Token Token-249 completed task 'Complete /Accurate?' at 2025-01-15 11:28:56.099849.
2025-03-06 13:42:55,329 - root - INFO - Token Token-249 waiting for resource 'Tech' at 2025-01-15 11:28:56.099849
2025-03-06 13:42:55,329 - root - INFO - Token Token-250 completed task 'Review AM using Asset Change Tracker (5.5.13.1)' at 2025-01-15 11:36:04.260175.
2025-03-06 13:42:55,330 - root - INFO - Token Token-251 released from wait queue for 'Tech'
2025-03-06 13:42:55,330 - root - INFO - Token Token-251 waited 11656.07 minutes for resource
2025-03-06 13:42:55,330 - root - INFO - Token Token-251 started task 'Review AM using Asset Change Tracker (5.5.13.1)' at 2025-01-15 11:36:04.260175, scheduled to end at 2025-01-15 11:45:16.125912
2025-03-06 13:42:55,330 - root - INFO - Token Token-250 started task 'Complete /Accurate?' at 2025-01-15 11:36:04.260175, scheduled to end at 2025-01-15 11:36:04.260175
2025-03-06 13:42:55,331 - root - INFO - Token Token-250 completed task 'Complete /Accurate?' at 2025-01-15 11:36:04.260175.
2025-03-06 13:42:55,331 - root - INFO - Token Token-250 waiting for resource 'Tech' at 2025-01-15 11:36:04.260175
2025-03-06 13:42:55,331 - root - INFO - Token Token-251 completed task 'Review AM using Asset Change Tracker (5.5.13.1)' at 2025-01-15 11:45:16.125912.
2025-03-06 13:42:55,331 - root - INFO - Token Token-252 released from wait queue for 'Tech'
2025-03-06 13:42:55,333 - root - INFO - Token Token-252 waited 11663.27 minutes for resource
2025-03-06 13:42:55,333 - root - INFO - Token Token-252 started task 'Review AM using Asset Change Tracker (5.5.13.1)' at 2025-01-15 11:45:16.125912, scheduled to end at 2025-01-15 11:51:05.835850
2025-03-06 13:42:55,333 - root - INFO - Token Token-251 started task 'Complete /Accurate?' at 2025-01-15 11:45:16.125912, scheduled to end at 2025-01-15 11:45:16.125912
2025-03-06 13:42:55,333 - root - INFO - Token Token-251 completed task 'Complete /Accurate?' at 2025-01-15 11:45:16.125912.
2025-03-06 13:42:55,334 - root - INFO - Token Token-251 waiting for resource 'Tech' at 2025-01-15 11:45:16.125912
2025-03-06 13:42:55,334 - root - INFO - Token Token-252 completed task 'Review AM using Asset Change Tracker (5.5.13.1)' at 2025-01-15 11:51:05.835850.
2025-03-06 13:42:55,334 - root - INFO - Token Token-253 released from wait queue for 'Tech'
2025-03-06 13:42:55,334 - root - INFO - Token Token-253 waited 11667.10 minutes for resource
2025-03-06 13:42:55,334 - root - INFO - Token Token-253 started task 'Review AM using Asset Change Tracker (5.5.13.1)' at 2025-01-15 11:51:05.835850, scheduled to end at 2025-01-15 11:59:40.312205
2025-03-06 13:42:55,335 - root - INFO - Token Token-252 started task 'Complete /Accurate?' at 2025-01-15 11:51:05.835850, scheduled to end at 2025-01-15 11:51:05.835850
2025-03-06 13:42:55,335 - root - INFO - Token Token-252 completed task 'Complete /Accurate?' at 2025-01-15 11:51:05.835850.
2025-03-06 13:42:55,335 - root - INFO - Token Token-252 waiting for resource 'Tech' at 2025-01-15 11:51:05.835850
2025-03-06 13:42:55,335 - root - INFO - Token Token-253 completed task 'Review AM using Asset Change Tracker (5.5.13.1)' at 2025-01-15 11:59:40.312205.
2025-03-06 13:42:55,336 - root - INFO - Token Token-29 released from wait queue for 'Tech'
2025-03-06 13:42:55,336 - root - INFO - Token Token-29 waited 11675.17 minutes for resource
2025-03-06 13:42:55,336 - root - INFO - Token Token-29 started task 'Note Accuracy in Asset Change Tracker (5.5.13.2)' at 2025-01-15 11:59:40.312205, scheduled to end at 2025-01-15 12:06:17.766480
2025-03-06 13:42:55,337 - root - INFO - Token Token-253 started task 'Complete /Accurate?' at 2025-01-15 11:59:40.312205, scheduled to end at 2025-01-15 11:59:40.312205
2025-03-06 13:42:55,337 - root - INFO - Token Token-253 completed task 'Complete /Accurate?' at 2025-01-15 11:59:40.312205.
2025-03-06 13:42:55,339 - root - INFO - Token Token-253 waiting for resource 'Tech' at 2025-01-15 11:59:40.312205
2025-03-06 13:42:55,339 - root - INFO - Token Token-29 completed task 'Note Accuracy in Asset Change Tracker (5.5.13.2)' at 2025-01-15 12:06:17.766480.
2025-03-06 13:42:55,340 - root - INFO - Token Token-254 released from wait queue for 'Tech'
2025-03-06 13:42:55,340 - root - INFO - Token Token-254 waited 11680.30 minutes for resource
2025-03-06 13:42:55,340 - root - INFO - Token Token-254 started task 'Review AM using Asset Change Tracker (5.5.13.1)' at 2025-01-15 12:06:17.766480, scheduled to end at 2025-01-15 12:15:43.489841
2025-03-06 13:42:55,341 - root - INFO - Token Token-29 started task 'Unknown' at 2025-01-15 12:06:17.766480, scheduled to end at 2025-01-15 12:06:17.766480
2025-03-06 13:42:55,341 - root - INFO - Token Token-29 completed task 'Unknown' at 2025-01-15 12:06:17.766480.
2025-03-06 13:42:55,342 - root - INFO - Token Token-29 has completed the entire process at 2025-01-15 12:06:17.766480.
2025-03-06 13:42:55,342 - root - INFO - Token Token-254 completed task 'Review AM using Asset Change Tracker (5.5.13.1)' at 2025-01-15 12:15:43.489841.
2025-03-06 13:42:55,342 - root - INFO - Token Token-255 released from wait queue for 'Tech'
2025-03-06 13:42:55,343 - root - INFO - Token Token-255 waited 11687.72 minutes for resource
2025-03-06 13:42:55,343 - root - INFO - Token Token-255 started task 'Review AM using Asset Change Tracker (5.5.13.1)' at 2025-01-15 12:15:43.489841, scheduled to end at 2025-01-15 12:24:26.193018
2025-03-06 13:42:55,343 - root - INFO - Token Token-254 started task 'Complete /Accurate?' at 2025-01-15 12:15:43.489841, scheduled to end at 2025-01-15 12:15:43.489841
2025-03-06 13:42:55,344 - root - INFO - Token Token-254 completed task 'Complete /Accurate?' at 2025-01-15 12:15:43.489841.
2025-03-06 13:42:55,344 - root - INFO - Token Token-254 waiting for resource 'Tech' at 2025-01-15 12:15:43.489841
2025-03-06 13:42:55,345 - root - INFO - Token Token-255 completed task 'Review AM using Asset Change Tracker (5.5.13.1)' at 2025-01-15 12:24:26.193018.
2025-03-06 13:42:55,345 - root - INFO - Token Token-256 released from wait queue for 'Tech'
2025-03-06 13:42:55,345 - root - INFO - Token Token-256 waited 11694.44 minutes for resource
2025-03-06 13:42:55,346 - root - INFO - Token Token-256 started task 'Review AM using Asset Change Tracker (5.5.13.1)' at 2025-01-15 12:24:26.193018, scheduled to end at 2025-01-15 12:33:26.023900
2025-03-06 13:42:55,346 - root - INFO - Token Token-255 started task 'Complete /Accurate?' at 2025-01-15 12:24:26.193018, scheduled to end at 2025-01-15 12:24:26.193018
2025-03-06 13:42:55,347 - root - INFO - Token Token-255 completed task 'Complete /Accurate?' at 2025-01-15 12:24:26.193018.
2025-03-06 13:42:55,347 - root - INFO - Token Token-255 waiting for resource 'Tech' at 2025-01-15 12:24:26.193018
2025-03-06 13:42:55,348 - root - INFO - Token Token-256 completed task 'Review AM using Asset Change Tracker (5.5.13.1)' at 2025-01-15 12:33:26.023900.
2025-03-06 13:42:55,348 - root - INFO - Token Token-257 released from wait queue for 'Tech'
2025-03-06 13:42:55,348 - root - INFO - Token Token-257 waited 11701.43 minutes for resource
2025-03-06 13:42:55,349 - root - INFO - Token Token-257 started task 'Review AM using Asset Change Tracker (5.5.13.1)' at 2025-01-15 12:33:26.023900, scheduled to end at 2025-01-15 12:41:54.792579
2025-03-06 13:42:55,349 - root - INFO - Token Token-256 started task 'Complete /Accurate?' at 2025-01-15 12:33:26.023900, scheduled to end at 2025-01-15 12:33:26.023900
2025-03-06 13:42:55,350 - root - INFO - Token Token-256 completed task 'Complete /Accurate?' at 2025-01-15 12:33:26.023900.
2025-03-06 13:42:55,350 - root - INFO - Token Token-256 waiting for resource 'Tech' at 2025-01-15 12:33:26.023900
2025-03-06 13:42:55,350 - root - INFO - Token Token-257 completed task 'Review AM using Asset Change Tracker (5.5.13.1)' at 2025-01-15 12:41:54.792579.
2025-03-06 13:42:55,351 - root - INFO - Token Token-30 released from wait queue for 'Tech'
2025-03-06 13:42:55,351 - root - INFO - Token Token-30 waited 11709.67 minutes for resource
2025-03-06 13:42:55,351 - root - INFO - Token Token-30 started task 'Note Accuracy in Asset Change Tracker (5.5.13.2)' at 2025-01-15 12:41:54.792579, scheduled to end at 2025-01-15 12:47:31.306057
2025-03-06 13:42:55,352 - root - INFO - Token Token-257 started task 'Complete /Accurate?' at 2025-01-15 12:41:54.792579, scheduled to end at 2025-01-15 12:41:54.792579
2025-03-06 13:42:55,352 - root - INFO - Token Token-257 completed task 'Complete /Accurate?' at 2025-01-15 12:41:54.792579.
2025-03-06 13:42:55,352 - root - INFO - Token Token-257 waiting for resource 'Tech' at 2025-01-15 12:41:54.792579
2025-03-06 13:42:55,353 - root - INFO - Token Token-30 completed task 'Note Accuracy in Asset Change Tracker (5.5.13.2)' at 2025-01-15 12:47:31.306057.
2025-03-06 13:42:55,353 - root - INFO - Token Token-258 released from wait queue for 'Tech'
2025-03-06 13:42:55,353 - root - INFO - Token Token-258 waited 11713.52 minutes for resource
2025-03-06 13:42:55,354 - root - INFO - Token Token-258 started task 'Review AM using Asset Change Tracker (5.5.13.1)' at 2025-01-15 12:47:31.306057, scheduled to end at 2025-01-15 12:56:17.227044
2025-03-06 13:42:55,354 - root - INFO - Token Token-30 started task 'Unknown' at 2025-01-15 12:47:31.306057, scheduled to end at 2025-01-15 12:47:31.306057
2025-03-06 13:42:55,355 - root - INFO - Token Token-30 completed task 'Unknown' at 2025-01-15 12:47:31.306057.
2025-03-06 13:42:55,355 - root - INFO - Token Token-30 has completed the entire process at 2025-01-15 12:47:31.306057.
2025-03-06 13:42:55,355 - root - INFO - Token Token-258 completed task 'Review AM using Asset Change Tracker (5.5.13.1)' at 2025-01-15 12:56:17.227044.
2025-03-06 13:42:55,356 - root - INFO - Token Token-259 released from wait queue for 'Tech'
2025-03-06 13:42:55,356 - root - INFO - Token Token-259 waited 11720.29 minutes for resource
2025-03-06 13:42:55,357 - root - INFO - Token Token-259 started task 'Review AM using Asset Change Tracker (5.5.13.1)' at 2025-01-15 12:56:17.227044, scheduled to end at 2025-01-16 07:00:00
2025-03-06 13:42:55,357 - root - INFO - Token Token-258 started task 'Complete /Accurate?' at 2025-01-15 12:56:17.227044, scheduled to end at 2025-01-15 12:56:17.227044
2025-03-06 13:42:55,358 - root - INFO - Token Token-258 completed task 'Complete /Accurate?' at 2025-01-15 12:56:17.227044.
2025-03-06 13:42:55,359 - root - INFO - Token Token-258 waiting for resource 'Tech' at 2025-01-15 12:56:17.227044
2025-03-06 13:42:55,360 - root - INFO - Token Token-259 completed task 'Review AM using Asset Change Tracker (5.5.13.1)' at 2025-01-16 07:00:00.
2025-03-06 13:42:55,372 - root - INFO - Token Token-260 released from wait queue for 'Tech'
2025-03-06 13:42:55,372 - root - INFO - Token Token-260 waited 12802.00 minutes for resource
2025-03-06 13:42:55,373 - root - INFO - Token Token-260 started task 'Review AM using Asset Change Tracker (5.5.13.1)' at 2025-01-16 07:00:00, scheduled to end at 2025-01-16 07:09:32.229239
2025-03-06 13:42:55,373 - root - INFO - Token Token-259 started task 'Complete /Accurate?' at 2025-01-16 07:00:00, scheduled to end at 2025-01-16 07:00:00
2025-03-06 13:42:55,373 - root - INFO - Token Token-259 completed task 'Complete /Accurate?' at 2025-01-16 07:00:00.
2025-03-06 13:42:55,373 - root - INFO - Token Token-259 waiting for resource 'Tech' at 2025-01-16 07:00:00
2025-03-06 13:42:55,374 - root - INFO - Token Token-260 completed task 'Review AM using Asset Change Tracker (5.5.13.1)' at 2025-01-16 07:09:32.229239.
2025-03-06 13:42:55,374 - root - INFO - Token Token-31 released from wait queue for 'Tech'
2025-03-06 13:42:55,374 - root - INFO - Token Token-31 waited 12809.98 minutes for resource
2025-03-06 13:42:55,374 - root - INFO - Token Token-31 started task 'Work with REO RPO to Correct (5.5.13.3)' at 2025-01-16 07:09:32.229239, scheduled to end at 2025-01-16 08:59:00.768455
2025-03-06 13:42:55,375 - root - INFO - Token Token-260 started task 'Complete /Accurate?' at 2025-01-16 07:09:32.229239, scheduled to end at 2025-01-16 07:09:32.229239
2025-03-06 13:42:55,375 - root - INFO - Token Token-260 completed task 'Complete /Accurate?' at 2025-01-16 07:09:32.229239.
2025-03-06 13:42:55,375 - root - INFO - Token Token-260 waiting for resource 'Tech' at 2025-01-16 07:09:32.229239
2025-03-06 13:42:55,375 - root - INFO - Token Token-31 completed task 'Work with REO RPO to Correct (5.5.13.3)' at 2025-01-16 08:59:00.768455.
2025-03-06 13:42:55,376 - root - INFO - Token Token-261 released from wait queue for 'Tech'
2025-03-06 13:42:55,376 - root - INFO - Token Token-261 waited 12919.01 minutes for resource
2025-03-06 13:42:55,376 - root - INFO - Token Token-261 started task 'Review AM using Asset Change Tracker (5.5.13.1)' at 2025-01-16 08:59:00.768455, scheduled to end at 2025-01-16 09:04:56.550035
2025-03-06 13:42:55,376 - root - INFO - Token Token-31 started task 'Create Journal Entries?' at 2025-01-16 08:59:00.768455, scheduled to end at 2025-01-16 08:59:00.768455
2025-03-06 13:42:55,377 - root - INFO - Token Token-31 completed task 'Create Journal Entries?' at 2025-01-16 08:59:00.768455.
2025-03-06 13:42:55,377 - root - INFO - Token Token-31 started task 'Create/Post Journal Entries (5.5.13.4)' at 2025-01-16 08:59:00.768455, scheduled to end at 2025-01-16 09:10:09.586960
2025-03-06 13:42:55,377 - root - INFO - Token Token-31 waiting for resource 'Tech' at 2025-01-16 08:59:00.768455
2025-03-06 13:42:55,377 - root - INFO - Token Token-261 completed task 'Review AM using Asset Change Tracker (5.5.13.1)' at 2025-01-16 09:04:56.550035.
2025-03-06 13:42:55,377 - root - INFO - Token Token-262 released from wait queue for 'Tech'
2025-03-06 13:42:55,378 - root - INFO - Token Token-262 waited 12922.94 minutes for resource
2025-03-06 13:42:55,378 - root - INFO - Token Token-262 started task 'Review AM using Asset Change Tracker (5.5.13.1)' at 2025-01-16 09:04:56.550035, scheduled to end at 2025-01-16 09:14:25.355490
2025-03-06 13:42:55,378 - root - INFO - Token Token-261 started task 'Complete /Accurate?' at 2025-01-16 09:04:56.550035, scheduled to end at 2025-01-16 09:04:56.550035
2025-03-06 13:42:55,379 - root - INFO - Token Token-261 completed task 'Complete /Accurate?' at 2025-01-16 09:04:56.550035.
2025-03-06 13:42:55,379 - root - INFO - Token Token-261 waiting for resource 'Tech' at 2025-01-16 09:04:56.550035
2025-03-06 13:42:55,380 - root - INFO - Token Token-31 completed task 'Create/Post Journal Entries (5.5.13.4)' at 2025-01-16 09:10:09.586960.
2025-03-06 13:42:55,380 - root - INFO - Token Token-31 waited 11.15 minutes for resource
2025-03-06 13:42:55,380 - root - INFO - Token Token-31 started task 'Unknown' at 2025-01-16 09:10:09.586960, scheduled to end at 2025-01-16 09:10:09.586960
2025-03-06 13:42:55,380 - root - INFO - Token Token-31 completed task 'Unknown' at 2025-01-16 09:10:09.586960.
2025-03-06 13:42:55,381 - root - INFO - Token Token-31 has completed the entire process at 2025-01-16 09:10:09.586960.
2025-03-06 13:42:55,382 - root - INFO - Token Token-262 completed task 'Review AM using Asset Change Tracker (5.5.13.1)' at 2025-01-16 09:14:25.355490.
2025-03-06 13:42:55,382 - root - INFO - Token Token-263 released from wait queue for 'Tech'
2025-03-06 13:42:55,383 - root - INFO - Token Token-263 waited 12930.42 minutes for resource
2025-03-06 13:42:55,383 - root - INFO - Token Token-263 started task 'Review AM using Asset Change Tracker (5.5.13.1)' at 2025-01-16 09:14:25.355490, scheduled to end at 2025-01-16 09:23:46.165742
2025-03-06 13:42:55,384 - root - INFO - Token Token-262 started task 'Complete /Accurate?' at 2025-01-16 09:14:25.355490, scheduled to end at 2025-01-16 09:14:25.355490
2025-03-06 13:42:55,384 - root - INFO - Token Token-262 completed task 'Complete /Accurate?' at 2025-01-16 09:14:25.355490.
2025-03-06 13:42:55,384 - root - INFO - Token Token-262 waiting for resource 'Tech' at 2025-01-16 09:14:25.355490
2025-03-06 13:42:55,385 - root - INFO - Token Token-263 completed task 'Review AM using Asset Change Tracker (5.5.13.1)' at 2025-01-16 09:23:46.165742.
2025-03-06 13:42:55,385 - root - INFO - Token Token-264 released from wait queue for 'Tech'
2025-03-06 13:42:55,385 - root - INFO - Token Token-264 waited 12937.77 minutes for resource
2025-03-06 13:42:55,386 - root - INFO - Token Token-264 started task 'Review AM using Asset Change Tracker (5.5.13.1)' at 2025-01-16 09:23:46.165742, scheduled to end at 2025-01-16 09:32:44.983539
2025-03-06 13:42:55,386 - root - INFO - Token Token-263 started task 'Complete /Accurate?' at 2025-01-16 09:23:46.165742, scheduled to end at 2025-01-16 09:23:46.165742
2025-03-06 13:42:55,386 - root - INFO - Token Token-263 completed task 'Complete /Accurate?' at 2025-01-16 09:23:46.165742.
2025-03-06 13:42:55,387 - root - INFO - Token Token-263 waiting for resource 'Tech' at 2025-01-16 09:23:46.165742
2025-03-06 13:42:55,387 - root - INFO - Token Token-264 completed task 'Review AM using Asset Change Tracker (5.5.13.1)' at 2025-01-16 09:32:44.983539.
2025-03-06 13:42:55,388 - root - INFO - Token Token-265 released from wait queue for 'Tech'
2025-03-06 13:42:55,388 - root - INFO - Token Token-265 waited 12944.75 minutes for resource
2025-03-06 13:42:55,388 - root - INFO - Token Token-265 started task 'Review AM using Asset Change Tracker (5.5.13.1)' at 2025-01-16 09:32:44.983539, scheduled to end at 2025-01-16 09:41:16.607056
2025-03-06 13:42:55,389 - root - INFO - Token Token-264 started task 'Complete /Accurate?' at 2025-01-16 09:32:44.983539, scheduled to end at 2025-01-16 09:32:44.983539
2025-03-06 13:42:55,389 - root - INFO - Token Token-264 completed task 'Complete /Accurate?' at 2025-01-16 09:32:44.983539.
2025-03-06 13:42:55,389 - root - INFO - Token Token-264 waiting for resource 'Tech' at 2025-01-16 09:32:44.983539
2025-03-06 13:42:55,390 - root - INFO - Token Token-265 completed task 'Review AM using Asset Change Tracker (5.5.13.1)' at 2025-01-16 09:41:16.607056.
2025-03-06 13:42:55,390 - root - INFO - Token Token-32 released from wait queue for 'Tech'
2025-03-06 13:42:55,390 - root - INFO - Token Token-32 waited 12952.92 minutes for resource
2025-03-06 13:42:55,391 - root - INFO - Token Token-32 started task 'Note Accuracy in Asset Change Tracker (5.5.13.2)' at 2025-01-16 09:41:16.607056, scheduled to end at 2025-01-16 09:47:24.637115
2025-03-06 13:42:55,391 - root - INFO - Token Token-265 started task 'Complete /Accurate?' at 2025-01-16 09:41:16.607056, scheduled to end at 2025-01-16 09:41:16.607056
2025-03-06 13:42:55,392 - root - INFO - Token Token-265 completed task 'Complete /Accurate?' at 2025-01-16 09:41:16.607056.
2025-03-06 13:42:55,392 - root - INFO - Token Token-265 waiting for resource 'Tech' at 2025-01-16 09:41:16.607056
2025-03-06 13:42:55,392 - root - INFO - Token Token-32 completed task 'Note Accuracy in Asset Change Tracker (5.5.13.2)' at 2025-01-16 09:47:24.637115.
2025-03-06 13:42:55,393 - root - INFO - Token Token-266 released from wait queue for 'Tech'
2025-03-06 13:42:55,393 - root - INFO - Token Token-266 waited 12957.41 minutes for resource
2025-03-06 13:42:55,394 - root - INFO - Token Token-266 started task 'Review AM using Asset Change Tracker (5.5.13.1)' at 2025-01-16 09:47:24.637115, scheduled to end at 2025-01-16 09:56:52.517196
2025-03-06 13:42:55,394 - root - INFO - Token Token-32 started task 'Unknown' at 2025-01-16 09:47:24.637115, scheduled to end at 2025-01-16 09:47:24.637115
2025-03-06 13:42:55,395 - root - INFO - Token Token-32 completed task 'Unknown' at 2025-01-16 09:47:24.637115.
2025-03-06 13:42:55,395 - root - INFO - Token Token-32 has completed the entire process at 2025-01-16 09:47:24.637115.
2025-03-06 13:42:55,395 - root - INFO - Token Token-266 completed task 'Review AM using Asset Change Tracker (5.5.13.1)' at 2025-01-16 09:56:52.517196.
2025-03-06 13:42:55,396 - root - INFO - Token Token-267 released from wait queue for 'Tech'
2025-03-06 13:42:55,396 - root - INFO - Token Token-267 waited 12964.88 minutes for resource
2025-03-06 13:42:55,396 - root - INFO - Token Token-267 started task 'Review AM using Asset Change Tracker (5.5.13.1)' at 2025-01-16 09:56:52.517196, scheduled to end at 2025-01-16 10:05:14.959181
2025-03-06 13:42:55,397 - root - INFO - Token Token-266 started task 'Complete /Accurate?' at 2025-01-16 09:56:52.517196, scheduled to end at 2025-01-16 09:56:52.517196
2025-03-06 13:42:55,397 - root - INFO - Token Token-266 completed task 'Complete /Accurate?' at 2025-01-16 09:56:52.517196.
2025-03-06 13:42:55,398 - root - INFO - Token Token-266 waiting for resource 'Tech' at 2025-01-16 09:56:52.517196
2025-03-06 13:42:55,398 - root - INFO - Token Token-267 completed task 'Review AM using Asset Change Tracker (5.5.13.1)' at 2025-01-16 10:05:14.959181.
2025-03-06 13:42:55,398 - root - INFO - Token Token-268 released from wait queue for 'Tech'
2025-03-06 13:42:55,399 - root - INFO - Token Token-268 waited 12971.25 minutes for resource
2025-03-06 13:42:55,399 - root - INFO - Token Token-268 started task 'Review AM using Asset Change Tracker (5.5.13.1)' at 2025-01-16 10:05:14.959181, scheduled to end at 2025-01-16 10:12:04.633081
2025-03-06 13:42:55,399 - root - INFO - Token Token-267 started task 'Complete /Accurate?' at 2025-01-16 10:05:14.959181, scheduled to end at 2025-01-16 10:05:14.959181
2025-03-06 13:42:55,400 - root - INFO - Token Token-267 completed task 'Complete /Accurate?' at 2025-01-16 10:05:14.959181.
2025-03-06 13:42:55,400 - root - INFO - Token Token-267 waiting for resource 'Tech' at 2025-01-16 10:05:14.959181
2025-03-06 13:42:55,401 - root - INFO - Token Token-268 completed task 'Review AM using Asset Change Tracker (5.5.13.1)' at 2025-01-16 10:12:04.633081.
2025-03-06 13:42:55,401 - root - INFO - Token Token-33 released from wait queue for 'Tech'
2025-03-06 13:42:55,401 - root - INFO - Token Token-33 waited 12977.17 minutes for resource
2025-03-06 13:42:55,402 - root - INFO - Token Token-33 started task 'Work with REO RPO to Correct (5.5.13.3)' at 2025-01-16 10:12:04.633081, scheduled to end at 2025-01-16 12:15:24.708088
2025-03-06 13:42:55,402 - root - INFO - Token Token-268 started task 'Complete /Accurate?' at 2025-01-16 10:12:04.633081, scheduled to end at 2025-01-16 10:12:04.633081
2025-03-06 13:42:55,402 - root - INFO - Token Token-268 completed task 'Complete /Accurate?' at 2025-01-16 10:12:04.633081.
2025-03-06 13:42:55,403 - root - INFO - Token Token-268 waiting for resource 'Tech' at 2025-01-16 10:12:04.633081
2025-03-06 13:42:55,403 - root - INFO - Token Token-33 completed task 'Work with REO RPO to Correct (5.5.13.3)' at 2025-01-16 12:15:24.708088.
2025-03-06 13:42:55,403 - root - INFO - Token Token-269 released from wait queue for 'Tech'
2025-03-06 13:42:55,403 - root - INFO - Token Token-269 waited 13099.41 minutes for resource
2025-03-06 13:42:55,403 - root - INFO - Token Token-269 started task 'Review AM using Asset Change Tracker (5.5.13.1)' at 2025-01-16 12:15:24.708088, scheduled to end at 2025-01-16 12:22:14.925081
2025-03-06 13:42:55,403 - root - INFO - Token Token-33 started task 'Create Journal Entries?' at 2025-01-16 12:15:24.708088, scheduled to end at 2025-01-16 12:15:24.708088
2025-03-06 13:42:55,403 - root - INFO - Token Token-33 completed task 'Create Journal Entries?' at 2025-01-16 12:15:24.708088.
2025-03-06 13:42:55,405 - root - INFO - Token Token-33 started task 'Create/Post Journal Entries (5.5.13.4)' at 2025-01-16 12:15:24.708088, scheduled to end at 2025-01-16 12:27:22.850809
2025-03-06 13:42:55,405 - root - INFO - Token Token-33 waiting for resource 'Tech' at 2025-01-16 12:15:24.708088
2025-03-06 13:42:55,405 - root - INFO - Token Token-269 completed task 'Review AM using Asset Change Tracker (5.5.13.1)' at 2025-01-16 12:22:14.925081.
2025-03-06 13:42:55,405 - root - INFO - Token Token-270 released from wait queue for 'Tech'
2025-03-06 13:42:55,406 - root - INFO - Token Token-270 waited 13104.25 minutes for resource
2025-03-06 13:42:55,406 - root - INFO - Token Token-270 started task 'Review AM using Asset Change Tracker (5.5.13.1)' at 2025-01-16 12:22:14.925081, scheduled to end at 2025-01-16 12:28:15.305669
2025-03-06 13:42:55,406 - root - INFO - Token Token-269 started task 'Complete /Accurate?' at 2025-01-16 12:22:14.925081, scheduled to end at 2025-01-16 12:22:14.925081
2025-03-06 13:42:55,413 - root - INFO - Token Token-269 completed task 'Complete /Accurate?' at 2025-01-16 12:22:14.925081.
2025-03-06 13:42:55,414 - root - INFO - Token Token-269 waiting for resource 'Tech' at 2025-01-16 12:22:14.925081
2025-03-06 13:42:55,414 - root - INFO - Token Token-33 completed task 'Create/Post Journal Entries (5.5.13.4)' at 2025-01-16 12:27:22.850809.
2025-03-06 13:42:55,415 - root - INFO - Token Token-33 waited 11.97 minutes for resource
2025-03-06 13:42:55,415 - root - INFO - Token Token-33 started task 'Unknown' at 2025-01-16 12:27:22.850809, scheduled to end at 2025-01-16 12:27:22.850809
2025-03-06 13:42:55,416 - root - INFO - Token Token-33 completed task 'Unknown' at 2025-01-16 12:27:22.850809.
2025-03-06 13:42:55,416 - root - INFO - Token Token-33 has completed the entire process at 2025-01-16 12:27:22.850809.
2025-03-06 13:42:55,416 - root - INFO - Token Token-270 completed task 'Review AM using Asset Change Tracker (5.5.13.1)' at 2025-01-16 12:28:15.305669.
2025-03-06 13:42:55,416 - root - INFO - Token Token-271 released from wait queue for 'Tech'
2025-03-06 13:42:55,416 - root - INFO - Token Token-271 waited 13108.26 minutes for resource
2025-03-06 13:42:55,416 - root - INFO - Token Token-271 started task 'Review AM using Asset Change Tracker (5.5.13.1)' at 2025-01-16 12:28:15.305669, scheduled to end at 2025-01-16 12:35:30.550606
2025-03-06 13:42:55,417 - root - INFO - Token Token-270 started task 'Complete /Accurate?' at 2025-01-16 12:28:15.305669, scheduled to end at 2025-01-16 12:28:15.305669
2025-03-06 13:42:55,417 - root - INFO - Token Token-270 completed task 'Complete /Accurate?' at 2025-01-16 12:28:15.305669.
2025-03-06 13:42:55,417 - root - INFO - Token Token-270 waiting for resource 'Tech' at 2025-01-16 12:28:15.305669
2025-03-06 13:42:55,418 - root - INFO - Token Token-271 completed task 'Review AM using Asset Change Tracker (5.5.13.1)' at 2025-01-16 12:35:30.550606.
2025-03-06 13:42:55,418 - root - INFO - Token Token-272 released from wait queue for 'Tech'
2025-03-06 13:42:55,418 - root - INFO - Token Token-272 waited 13113.51 minutes for resource
2025-03-06 13:42:55,418 - root - INFO - Token Token-272 started task 'Review AM using Asset Change Tracker (5.5.13.1)' at 2025-01-16 12:35:30.550606, scheduled to end at 2025-01-16 12:43:38.129180
2025-03-06 13:42:55,418 - root - INFO - Token Token-271 started task 'Complete /Accurate?' at 2025-01-16 12:35:30.550606, scheduled to end at 2025-01-16 12:35:30.550606
2025-03-06 13:42:55,419 - root - INFO - Token Token-271 completed task 'Complete /Accurate?' at 2025-01-16 12:35:30.550606.
2025-03-06 13:42:55,419 - root - INFO - Token Token-271 waiting for resource 'Tech' at 2025-01-16 12:35:30.550606
2025-03-06 13:42:55,419 - root - INFO - Token Token-272 completed task 'Review AM using Asset Change Tracker (5.5.13.1)' at 2025-01-16 12:43:38.129180.
2025-03-06 13:42:55,419 - root - INFO - Token Token-273 released from wait queue for 'Tech'
2025-03-06 13:42:55,420 - root - INFO - Token Token-273 waited 13119.64 minutes for resource
2025-03-06 13:42:55,420 - root - INFO - Token Token-273 started task 'Review AM using Asset Change Tracker (5.5.13.1)' at 2025-01-16 12:43:38.129180, scheduled to end at 2025-01-16 12:52:41.057490
2025-03-06 13:42:55,420 - root - INFO - Token Token-272 started task 'Complete /Accurate?' at 2025-01-16 12:43:38.129180, scheduled to end at 2025-01-16 12:43:38.129180
2025-03-06 13:42:55,421 - root - INFO - Token Token-272 completed task 'Complete /Accurate?' at 2025-01-16 12:43:38.129180.
2025-03-06 13:42:55,421 - root - INFO - Token Token-272 waiting for resource 'Tech' at 2025-01-16 12:43:38.129180
2025-03-06 13:42:55,422 - root - INFO - Token Token-273 completed task 'Review AM using Asset Change Tracker (5.5.13.1)' at 2025-01-16 12:52:41.057490.
2025-03-06 13:42:55,422 - root - INFO - Token Token-274 released from wait queue for 'Tech'
2025-03-06 13:42:55,422 - root - INFO - Token Token-274 waited 13126.68 minutes for resource
2025-03-06 13:42:55,423 - root - INFO - Token Token-274 started task 'Review AM using Asset Change Tracker (5.5.13.1)' at 2025-01-16 12:52:41.057490, scheduled to end at 2025-01-16 12:59:08.203848
2025-03-06 13:42:55,423 - root - INFO - Token Token-273 started task 'Complete /Accurate?' at 2025-01-16 12:52:41.057490, scheduled to end at 2025-01-16 12:52:41.057490
2025-03-06 13:42:55,424 - root - INFO - Token Token-273 completed task 'Complete /Accurate?' at 2025-01-16 12:52:41.057490.
2025-03-06 13:42:55,424 - root - INFO - Token Token-273 waiting for resource 'Tech' at 2025-01-16 12:52:41.057490
2025-03-06 13:42:55,424 - root - INFO - Token Token-274 completed task 'Review AM using Asset Change Tracker (5.5.13.1)' at 2025-01-16 12:59:08.203848.
2025-03-06 13:42:55,424 - root - INFO - Token Token-275 released from wait queue for 'Tech'
2025-03-06 13:42:55,424 - root - INFO - Token Token-275 waited 13131.14 minutes for resource
2025-03-06 13:42:55,425 - root - INFO - Token Token-275 started task 'Review AM using Asset Change Tracker (5.5.13.1)' at 2025-01-16 12:59:08.203848, scheduled to end at 2025-01-17 07:00:00
2025-03-06 13:42:55,425 - root - INFO - Token Token-274 started task 'Complete /Accurate?' at 2025-01-16 12:59:08.203848, scheduled to end at 2025-01-16 12:59:08.203848
2025-03-06 13:42:55,425 - root - INFO - Token Token-274 completed task 'Complete /Accurate?' at 2025-01-16 12:59:08.203848.
2025-03-06 13:42:55,426 - root - INFO - Token Token-274 waiting for resource 'Tech' at 2025-01-16 12:59:08.203848
2025-03-06 13:42:55,426 - root - INFO - Token Token-275 completed task 'Review AM using Asset Change Tracker (5.5.13.1)' at 2025-01-17 07:00:00.
2025-03-06 13:42:55,426 - root - INFO - Token Token-34 released from wait queue for 'Tech'
2025-03-06 13:42:55,427 - root - INFO - Token Token-34 waited 14210.99 minutes for resource
2025-03-06 13:42:55,428 - root - INFO - Token Token-34 started task 'Note Accuracy in Asset Change Tracker (5.5.13.2)' at 2025-01-17 07:00:00, scheduled to end at 2025-01-17 07:05:55.408157
2025-03-06 13:42:55,428 - root - INFO - Token Token-275 started task 'Complete /Accurate?' at 2025-01-17 07:00:00, scheduled to end at 2025-01-17 07:00:00
2025-03-06 13:42:55,429 - root - INFO - Token Token-275 completed task 'Complete /Accurate?' at 2025-01-17 07:00:00.
2025-03-06 13:42:55,429 - root - INFO - Token Token-275 waiting for resource 'Tech' at 2025-01-17 07:00:00
2025-03-06 13:42:55,429 - root - INFO - Token Token-34 completed task 'Note Accuracy in Asset Change Tracker (5.5.13.2)' at 2025-01-17 07:05:55.408157.
2025-03-06 13:42:55,430 - root - INFO - Token Token-276 released from wait queue for 'Tech'
2025-03-06 13:42:55,430 - root - INFO - Token Token-276 waited 14215.92 minutes for resource
2025-03-06 13:42:55,430 - root - INFO - Token Token-276 started task 'Review AM using Asset Change Tracker (5.5.13.1)' at 2025-01-17 07:05:55.408157, scheduled to end at 2025-01-17 07:11:50.350759
2025-03-06 13:42:55,431 - root - INFO - Token Token-34 started task 'Unknown' at 2025-01-17 07:05:55.408157, scheduled to end at 2025-01-17 07:05:55.408157
2025-03-06 13:42:55,431 - root - INFO - Token Token-34 completed task 'Unknown' at 2025-01-17 07:05:55.408157.
2025-03-06 13:42:55,432 - root - INFO - Token Token-34 has completed the entire process at 2025-01-17 07:05:55.408157.
2025-03-06 13:42:55,433 - root - INFO - Token Token-276 completed task 'Review AM using Asset Change Tracker (5.5.13.1)' at 2025-01-17 07:11:50.350759.
2025-03-06 13:42:55,433 - root - INFO - Token Token-277 released from wait queue for 'Tech'
2025-03-06 13:42:55,433 - root - INFO - Token Token-277 waited 14219.84 minutes for resource
2025-03-06 13:42:55,434 - root - INFO - Token Token-277 started task 'Review AM using Asset Change Tracker (5.5.13.1)' at 2025-01-17 07:11:50.350759, scheduled to end at 2025-01-17 07:20:56.867075
2025-03-06 13:42:55,434 - root - INFO - Token Token-276 started task 'Complete /Accurate?' at 2025-01-17 07:11:50.350759, scheduled to end at 2025-01-17 07:11:50.350759
2025-03-06 13:42:55,435 - root - INFO - Token Token-276 completed task 'Complete /Accurate?' at 2025-01-17 07:11:50.350759.
2025-03-06 13:42:55,435 - root - INFO - Token Token-276 waiting for resource 'Tech' at 2025-01-17 07:11:50.350759
2025-03-06 13:42:55,435 - root - INFO - Token Token-277 completed task 'Review AM using Asset Change Tracker (5.5.13.1)' at 2025-01-17 07:20:56.867075.
2025-03-06 13:42:55,436 - root - INFO - Token Token-278 released from wait queue for 'Tech'
2025-03-06 13:42:55,436 - root - INFO - Token Token-278 waited 14226.95 minutes for resource
2025-03-06 13:42:55,436 - root - INFO - Token Token-278 started task 'Review AM using Asset Change Tracker (5.5.13.1)' at 2025-01-17 07:20:56.867075, scheduled to end at 2025-01-17 07:30:05.344644
2025-03-06 13:42:55,437 - root - INFO - Token Token-277 started task 'Complete /Accurate?' at 2025-01-17 07:20:56.867075, scheduled to end at 2025-01-17 07:20:56.867075
2025-03-06 13:42:55,437 - root - INFO - Token Token-277 completed task 'Complete /Accurate?' at 2025-01-17 07:20:56.867075.
2025-03-06 13:42:55,438 - root - INFO - Token Token-277 waiting for resource 'Tech' at 2025-01-17 07:20:56.867075
2025-03-06 13:42:55,438 - root - INFO - Token Token-278 completed task 'Review AM using Asset Change Tracker (5.5.13.1)' at 2025-01-17 07:30:05.344644.
2025-03-06 13:42:55,439 - root - INFO - Token Token-279 released from wait queue for 'Tech'
2025-03-06 13:42:55,439 - root - INFO - Token Token-279 waited 14234.09 minutes for resource
2025-03-06 13:42:55,439 - root - INFO - Token Token-279 started task 'Review AM using Asset Change Tracker (5.5.13.1)' at 2025-01-17 07:30:05.344644, scheduled to end at 2025-01-17 07:39:18.458831
2025-03-06 13:42:55,440 - root - INFO - Token Token-278 started task 'Complete /Accurate?' at 2025-01-17 07:30:05.344644, scheduled to end at 2025-01-17 07:30:05.344644
2025-03-06 13:42:55,440 - root - INFO - Token Token-278 completed task 'Complete /Accurate?' at 2025-01-17 07:30:05.344644.
2025-03-06 13:42:55,441 - root - INFO - Token Token-278 waiting for resource 'Tech' at 2025-01-17 07:30:05.344644
2025-03-06 13:42:55,441 - root - INFO - Token Token-279 completed task 'Review AM using Asset Change Tracker (5.5.13.1)' at 2025-01-17 07:39:18.458831.
2025-03-06 13:42:55,442 - root - INFO - Token Token-35 released from wait queue for 'Tech'
2025-03-06 13:42:55,443 - root - INFO - Token Token-35 waited 14242.71 minutes for resource
2025-03-06 13:42:55,443 - root - INFO - Token Token-35 started task 'Note Accuracy in Asset Change Tracker (5.5.13.2)' at 2025-01-17 07:39:18.458831, scheduled to end at 2025-01-17 07:45:43.549149
2025-03-06 13:42:55,444 - root - INFO - Token Token-279 started task 'Complete /Accurate?' at 2025-01-17 07:39:18.458831, scheduled to end at 2025-01-17 07:39:18.458831
2025-03-06 13:42:55,444 - root - INFO - Token Token-279 completed task 'Complete /Accurate?' at 2025-01-17 07:39:18.458831.
2025-03-06 13:42:55,445 - root - INFO - Token Token-279 waiting for resource 'Tech' at 2025-01-17 07:39:18.458831
2025-03-06 13:42:55,458 - root - INFO - Token Token-35 completed task 'Note Accuracy in Asset Change Tracker (5.5.13.2)' at 2025-01-17 07:45:43.549149.
2025-03-06 13:42:55,459 - root - INFO - Token Token-280 released from wait queue for 'Tech'
2025-03-06 13:42:55,459 - root - INFO - Token Token-280 waited 14247.73 minutes for resource
2025-03-06 13:42:55,459 - root - INFO - Token Token-280 started task 'Review AM using Asset Change Tracker (5.5.13.1)' at 2025-01-17 07:45:43.549149, scheduled to end at 2025-01-17 07:54:15.592821
2025-03-06 13:42:55,459 - root - INFO - Token Token-35 started task 'Unknown' at 2025-01-17 07:45:43.549149, scheduled to end at 2025-01-17 07:45:43.549149
2025-03-06 13:42:55,460 - root - INFO - Token Token-35 completed task 'Unknown' at 2025-01-17 07:45:43.549149.
2025-03-06 13:42:55,460 - root - INFO - Token Token-35 has completed the entire process at 2025-01-17 07:45:43.549149.
2025-03-06 13:42:55,460 - root - INFO - Token Token-280 completed task 'Review AM using Asset Change Tracker (5.5.13.1)' at 2025-01-17 07:54:15.592821.
2025-03-06 13:42:55,460 - root - INFO - Token Token-281 released from wait queue for 'Tech'
2025-03-06 13:42:55,460 - root - INFO - Token Token-281 waited 14254.26 minutes for resource
2025-03-06 13:42:55,461 - root - INFO - Token Token-281 started task 'Review AM using Asset Change Tracker (5.5.13.1)' at 2025-01-17 07:54:15.592821, scheduled to end at 2025-01-17 08:02:48.394497
2025-03-06 13:42:55,461 - root - INFO - Token Token-280 started task 'Complete /Accurate?' at 2025-01-17 07:54:15.592821, scheduled to end at 2025-01-17 07:54:15.592821
2025-03-06 13:42:55,461 - root - INFO - Token Token-280 completed task 'Complete /Accurate?' at 2025-01-17 07:54:15.592821.
2025-03-06 13:42:55,462 - root - INFO - Token Token-280 waiting for resource 'Tech' at 2025-01-17 07:54:15.592821
2025-03-06 13:42:55,462 - root - INFO - Token Token-281 completed task 'Review AM using Asset Change Tracker (5.5.13.1)' at 2025-01-17 08:02:48.394497.
2025-03-06 13:42:55,462 - root - INFO - Token Token-282 released from wait queue for 'Tech'
2025-03-06 13:42:55,462 - root - INFO - Token Token-282 waited 14260.81 minutes for resource
2025-03-06 13:42:55,462 - root - INFO - Token Token-282 started task 'Review AM using Asset Change Tracker (5.5.13.1)' at 2025-01-17 08:02:48.394497, scheduled to end at 2025-01-17 08:11:48.762842
2025-03-06 13:42:55,463 - root - INFO - Token Token-281 started task 'Complete /Accurate?' at 2025-01-17 08:02:48.394497, scheduled to end at 2025-01-17 08:02:48.394497
2025-03-06 13:42:55,463 - root - INFO - Token Token-281 completed task 'Complete /Accurate?' at 2025-01-17 08:02:48.394497.
2025-03-06 13:42:55,463 - root - INFO - Token Token-281 waiting for resource 'Tech' at 2025-01-17 08:02:48.394497
2025-03-06 13:42:55,464 - root - INFO - Token Token-282 completed task 'Review AM using Asset Change Tracker (5.5.13.1)' at 2025-01-17 08:11:48.762842.
2025-03-06 13:42:55,464 - root - INFO - Token Token-283 released from wait queue for 'Tech'
2025-03-06 13:42:55,464 - root - INFO - Token Token-283 waited 14267.81 minutes for resource
2025-03-06 13:42:55,464 - root - INFO - Token Token-283 started task 'Review AM using Asset Change Tracker (5.5.13.1)' at 2025-01-17 08:11:48.762842, scheduled to end at 2025-01-17 08:18:51.899276
2025-03-06 13:42:55,465 - root - INFO - Token Token-282 started task 'Complete /Accurate?' at 2025-01-17 08:11:48.762842, scheduled to end at 2025-01-17 08:11:48.762842
2025-03-06 13:42:55,465 - root - INFO - Token Token-282 completed task 'Complete /Accurate?' at 2025-01-17 08:11:48.762842.
2025-03-06 13:42:55,465 - root - INFO - Token Token-282 waiting for resource 'Tech' at 2025-01-17 08:11:48.762842
2025-03-06 13:42:55,465 - root - INFO - Token Token-283 completed task 'Review AM using Asset Change Tracker (5.5.13.1)' at 2025-01-17 08:18:51.899276.
2025-03-06 13:42:55,466 - root - INFO - Token Token-36 released from wait queue for 'Tech'
2025-03-06 13:42:55,466 - root - INFO - Token Token-36 waited 14273.01 minutes for resource
2025-03-06 13:42:55,467 - root - INFO - Token Token-36 started task 'Note Accuracy in Asset Change Tracker (5.5.13.2)' at 2025-01-17 08:18:51.899276, scheduled to end at 2025-01-17 08:24:42.317112
2025-03-06 13:42:55,467 - root - INFO - Token Token-283 started task 'Complete /Accurate?' at 2025-01-17 08:18:51.899276, scheduled to end at 2025-01-17 08:18:51.899276
2025-03-06 13:42:55,467 - root - INFO - Token Token-283 completed task 'Complete /Accurate?' at 2025-01-17 08:18:51.899276.
2025-03-06 13:42:55,468 - root - INFO - Token Token-283 waiting for resource 'Tech' at 2025-01-17 08:18:51.899276
2025-03-06 13:42:55,468 - root - INFO - Token Token-36 completed task 'Note Accuracy in Asset Change Tracker (5.5.13.2)' at 2025-01-17 08:24:42.317112.
2025-03-06 13:42:55,468 - root - INFO - Token Token-284 released from wait queue for 'Tech'
2025-03-06 13:42:55,468 - root - INFO - Token Token-284 waited 14278.71 minutes for resource
2025-03-06 13:42:55,468 - root - INFO - Token Token-284 started task 'Review AM using Asset Change Tracker (5.5.13.1)' at 2025-01-17 08:24:42.317112, scheduled to end at 2025-01-17 08:33:25.156070
2025-03-06 13:42:55,469 - root - INFO - Token Token-36 started task 'Unknown' at 2025-01-17 08:24:42.317112, scheduled to end at 2025-01-17 08:24:42.317112
2025-03-06 13:42:55,469 - root - INFO - Token Token-36 completed task 'Unknown' at 2025-01-17 08:24:42.317112.
2025-03-06 13:42:55,469 - root - INFO - Token Token-36 has completed the entire process at 2025-01-17 08:24:42.317112.
2025-03-06 13:42:55,470 - root - INFO - Token Token-284 completed task 'Review AM using Asset Change Tracker (5.5.13.1)' at 2025-01-17 08:33:25.156070.
2025-03-06 13:42:55,470 - root - INFO - Token Token-285 released from wait queue for 'Tech'
2025-03-06 13:42:55,470 - root - INFO - Token Token-285 waited 14285.42 minutes for resource
2025-03-06 13:42:55,470 - root - INFO - Token Token-285 started task 'Review AM using Asset Change Tracker (5.5.13.1)' at 2025-01-17 08:33:25.156070, scheduled to end at 2025-01-17 08:41:13.089584
2025-03-06 13:42:55,471 - root - INFO - Token Token-284 started task 'Complete /Accurate?' at 2025-01-17 08:33:25.156070, scheduled to end at 2025-01-17 08:33:25.156070
2025-03-06 13:42:55,471 - root - INFO - Token Token-284 completed task 'Complete /Accurate?' at 2025-01-17 08:33:25.156070.
2025-03-06 13:42:55,472 - root - INFO - Token Token-284 waiting for resource 'Tech' at 2025-01-17 08:33:25.156070
2025-03-06 13:42:55,473 - root - INFO - Token Token-285 completed task 'Review AM using Asset Change Tracker (5.5.13.1)' at 2025-01-17 08:41:13.089584.
2025-03-06 13:42:55,473 - root - INFO - Token Token-286 released from wait queue for 'Tech'
2025-03-06 13:42:55,475 - root - INFO - Token Token-286 waited 14291.22 minutes for resource
2025-03-06 13:42:55,475 - root - INFO - Token Token-286 started task 'Review AM using Asset Change Tracker (5.5.13.1)' at 2025-01-17 08:41:13.089584, scheduled to end at 2025-01-17 08:48:47.806805
2025-03-06 13:42:55,476 - root - INFO - Token Token-285 started task 'Complete /Accurate?' at 2025-01-17 08:41:13.089584, scheduled to end at 2025-01-17 08:41:13.089584
2025-03-06 13:42:55,476 - root - INFO - Token Token-285 completed task 'Complete /Accurate?' at 2025-01-17 08:41:13.089584.
2025-03-06 13:42:55,477 - root - INFO - Token Token-285 waiting for resource 'Tech' at 2025-01-17 08:41:13.089584
2025-03-06 13:42:55,477 - root - INFO - Token Token-286 completed task 'Review AM using Asset Change Tracker (5.5.13.1)' at 2025-01-17 08:48:47.806805.
2025-03-06 13:42:55,477 - root - INFO - Token Token-287 released from wait queue for 'Tech'
2025-03-06 13:42:55,478 - root - INFO - Token Token-287 waited 14296.80 minutes for resource
2025-03-06 13:42:55,478 - root - INFO - Token Token-287 started task 'Review AM using Asset Change Tracker (5.5.13.1)' at 2025-01-17 08:48:47.806805, scheduled to end at 2025-01-17 08:55:53.449361
2025-03-06 13:42:55,479 - root - INFO - Token Token-286 started task 'Complete /Accurate?' at 2025-01-17 08:48:47.806805, scheduled to end at 2025-01-17 08:48:47.806805
2025-03-06 13:42:55,479 - root - INFO - Token Token-286 completed task 'Complete /Accurate?' at 2025-01-17 08:48:47.806805.
2025-03-06 13:42:55,479 - root - INFO - Token Token-286 waiting for resource 'Tech' at 2025-01-17 08:48:47.806805
2025-03-06 13:42:55,480 - root - INFO - Token Token-287 completed task 'Review AM using Asset Change Tracker (5.5.13.1)' at 2025-01-17 08:55:53.449361.
2025-03-06 13:42:55,480 - root - INFO - Token Token-288 released from wait queue for 'Tech'
2025-03-06 13:42:55,480 - root - INFO - Token Token-288 waited 14301.89 minutes for resource
2025-03-06 13:42:55,481 - root - INFO - Token Token-288 started task 'Review AM using Asset Change Tracker (5.5.13.1)' at 2025-01-17 08:55:53.449361, scheduled to end at 2025-01-17 09:04:14.276555
2025-03-06 13:42:55,481 - root - INFO - Token Token-287 started task 'Complete /Accurate?' at 2025-01-17 08:55:53.449361, scheduled to end at 2025-01-17 08:55:53.449361
2025-03-06 13:42:55,482 - root - INFO - Token Token-287 completed task 'Complete /Accurate?' at 2025-01-17 08:55:53.449361.
2025-03-06 13:42:55,482 - root - INFO - Token Token-287 waiting for resource 'Tech' at 2025-01-17 08:55:53.449361
2025-03-06 13:42:55,482 - root - INFO - Token Token-288 completed task 'Review AM using Asset Change Tracker (5.5.13.1)' at 2025-01-17 09:04:14.276555.
2025-03-06 13:42:55,483 - root - INFO - Token Token-37 released from wait queue for 'Tech'
2025-03-06 13:42:55,483 - root - INFO - Token Token-37 waited 14309.23 minutes for resource
2025-03-06 13:42:55,483 - root - INFO - Token Token-37 started task 'Note Accuracy in Asset Change Tracker (5.5.13.2)' at 2025-01-17 09:04:14.276555, scheduled to end at 2025-01-17 09:10:05.645144
2025-03-06 13:42:55,484 - root - INFO - Token Token-288 started task 'Complete /Accurate?' at 2025-01-17 09:04:14.276555, scheduled to end at 2025-01-17 09:04:14.276555
2025-03-06 13:42:55,484 - root - INFO - Token Token-288 completed task 'Complete /Accurate?' at 2025-01-17 09:04:14.276555.
2025-03-06 13:42:55,485 - root - INFO - Token Token-288 waiting for resource 'Tech' at 2025-01-17 09:04:14.276555
2025-03-06 13:42:55,486 - root - INFO - Token Token-37 completed task 'Note Accuracy in Asset Change Tracker (5.5.13.2)' at 2025-01-17 09:10:05.645144.
2025-03-06 13:42:55,496 - root - INFO - Token Token-289 released from wait queue for 'Tech'
2025-03-06 13:42:55,496 - root - INFO - Token Token-289 waited 14314.09 minutes for resource
2025-03-06 13:42:55,497 - root - INFO - Token Token-289 started task 'Review AM using Asset Change Tracker (5.5.13.1)' at 2025-01-17 09:10:05.645144, scheduled to end at 2025-01-17 09:18:48.594315
2025-03-06 13:42:55,497 - root - INFO - Token Token-37 started task 'Unknown' at 2025-01-17 09:10:05.645144, scheduled to end at 2025-01-17 09:10:05.645144
2025-03-06 13:42:55,497 - root - INFO - Token Token-37 completed task 'Unknown' at 2025-01-17 09:10:05.645144.
2025-03-06 13:42:55,497 - root - INFO - Token Token-37 has completed the entire process at 2025-01-17 09:10:05.645144.
2025-03-06 13:42:55,498 - root - INFO - Token Token-289 completed task 'Review AM using Asset Change Tracker (5.5.13.1)' at 2025-01-17 09:18:48.594315.
2025-03-06 13:42:55,498 - root - INFO - Token Token-290 released from wait queue for 'Tech'
2025-03-06 13:42:55,498 - root - INFO - Token Token-290 waited 14320.81 minutes for resource
2025-03-06 13:42:55,498 - root - INFO - Token Token-290 started task 'Review AM using Asset Change Tracker (5.5.13.1)' at 2025-01-17 09:18:48.594315, scheduled to end at 2025-01-17 09:27:49.362759
2025-03-06 13:42:55,499 - root - INFO - Token Token-289 started task 'Complete /Accurate?' at 2025-01-17 09:18:48.594315, scheduled to end at 2025-01-17 09:18:48.594315
2025-03-06 13:42:55,499 - root - INFO - Token Token-289 completed task 'Complete /Accurate?' at 2025-01-17 09:18:48.594315.
2025-03-06 13:42:55,499 - root - INFO - Token Token-289 waiting for resource 'Tech' at 2025-01-17 09:18:48.594315
2025-03-06 13:42:55,500 - root - INFO - Token Token-290 completed task 'Review AM using Asset Change Tracker (5.5.13.1)' at 2025-01-17 09:27:49.362759.
2025-03-06 13:42:55,500 - root - INFO - Token Token-291 released from wait queue for 'Tech'
2025-03-06 13:42:55,500 - root - INFO - Token Token-291 waited 14327.82 minutes for resource
2025-03-06 13:42:55,500 - root - INFO - Token Token-291 started task 'Review AM using Asset Change Tracker (5.5.13.1)' at 2025-01-17 09:27:49.362759, scheduled to end at 2025-01-17 09:35:09.977976
2025-03-06 13:42:55,501 - root - INFO - Token Token-290 started task 'Complete /Accurate?' at 2025-01-17 09:27:49.362759, scheduled to end at 2025-01-17 09:27:49.362759
2025-03-06 13:42:55,501 - root - INFO - Token Token-290 completed task 'Complete /Accurate?' at 2025-01-17 09:27:49.362759.
2025-03-06 13:42:55,501 - root - INFO - Token Token-290 waiting for resource 'Tech' at 2025-01-17 09:27:49.362759
2025-03-06 13:42:55,502 - root - INFO - Token Token-291 completed task 'Review AM using Asset Change Tracker (5.5.13.1)' at 2025-01-17 09:35:09.977976.
2025-03-06 13:42:55,502 - root - INFO - Token Token-292 released from wait queue for 'Tech'
2025-03-06 13:42:55,502 - root - INFO - Token Token-292 waited 14333.17 minutes for resource
2025-03-06 13:42:55,502 - root - INFO - Token Token-292 started task 'Review AM using Asset Change Tracker (5.5.13.1)' at 2025-01-17 09:35:09.977976, scheduled to end at 2025-01-17 09:44:39.714246
2025-03-06 13:42:55,503 - root - INFO - Token Token-291 started task 'Complete /Accurate?' at 2025-01-17 09:35:09.977976, scheduled to end at 2025-01-17 09:35:09.977976
2025-03-06 13:42:55,503 - root - INFO - Token Token-291 completed task 'Complete /Accurate?' at 2025-01-17 09:35:09.977976.
2025-03-06 13:42:55,503 - root - INFO - Token Token-291 waiting for resource 'Tech' at 2025-01-17 09:35:09.977976
2025-03-06 13:42:55,503 - root - INFO - Token Token-292 completed task 'Review AM using Asset Change Tracker (5.5.13.1)' at 2025-01-17 09:44:39.714246.
2025-03-06 13:42:55,504 - root - INFO - Token Token-293 released from wait queue for 'Tech'
2025-03-06 13:42:55,505 - root - INFO - Token Token-293 waited 14340.66 minutes for resource
2025-03-06 13:42:55,506 - root - INFO - Token Token-293 started task 'Review AM using Asset Change Tracker (5.5.13.1)' at 2025-01-17 09:44:39.714246, scheduled to end at 2025-01-17 09:52:10.563051
2025-03-06 13:42:55,506 - root - INFO - Token Token-292 started task 'Complete /Accurate?' at 2025-01-17 09:44:39.714246, scheduled to end at 2025-01-17 09:44:39.714246
2025-03-06 13:42:55,507 - root - INFO - Token Token-292 completed task 'Complete /Accurate?' at 2025-01-17 09:44:39.714246.
2025-03-06 13:42:55,507 - root - INFO - Token Token-292 waiting for resource 'Tech' at 2025-01-17 09:44:39.714246
2025-03-06 13:42:55,508 - root - INFO - Token Token-293 completed task 'Review AM using Asset Change Tracker (5.5.13.1)' at 2025-01-17 09:52:10.563051.
2025-03-06 13:42:55,508 - root - INFO - Token Token-294 released from wait queue for 'Tech'
2025-03-06 13:42:55,508 - root - INFO - Token Token-294 waited 14346.18 minutes for resource
2025-03-06 13:42:55,509 - root - INFO - Token Token-294 started task 'Review AM using Asset Change Tracker (5.5.13.1)' at 2025-01-17 09:52:10.563051, scheduled to end at 2025-01-17 09:59:01.046115
2025-03-06 13:42:55,509 - root - INFO - Token Token-293 started task 'Complete /Accurate?' at 2025-01-17 09:52:10.563051, scheduled to end at 2025-01-17 09:52:10.563051
2025-03-06 13:42:55,510 - root - INFO - Token Token-293 completed task 'Complete /Accurate?' at 2025-01-17 09:52:10.563051.
2025-03-06 13:42:55,510 - root - INFO - Token Token-293 waiting for resource 'Tech' at 2025-01-17 09:52:10.563051
2025-03-06 13:42:55,510 - root - INFO - Token Token-294 completed task 'Review AM using Asset Change Tracker (5.5.13.1)' at 2025-01-17 09:59:01.046115.
2025-03-06 13:42:55,511 - root - INFO - Token Token-295 released from wait queue for 'Tech'
2025-03-06 13:42:55,511 - root - INFO - Token Token-295 waited 14351.02 minutes for resource
2025-03-06 13:42:55,511 - root - INFO - Token Token-295 started task 'Review AM using Asset Change Tracker (5.5.13.1)' at 2025-01-17 09:59:01.046115, scheduled to end at 2025-01-17 10:05:44.249277
2025-03-06 13:42:55,512 - root - INFO - Token Token-294 started task 'Complete /Accurate?' at 2025-01-17 09:59:01.046115, scheduled to end at 2025-01-17 09:59:01.046115
2025-03-06 13:42:55,512 - root - INFO - Token Token-294 completed task 'Complete /Accurate?' at 2025-01-17 09:59:01.046115.
2025-03-06 13:42:55,513 - root - INFO - Token Token-294 waiting for resource 'Tech' at 2025-01-17 09:59:01.046115
2025-03-06 13:42:55,513 - root - INFO - Token Token-295 completed task 'Review AM using Asset Change Tracker (5.5.13.1)' at 2025-01-17 10:05:44.249277.
2025-03-06 13:42:55,513 - root - INFO - Token Token-296 released from wait queue for 'Tech'
2025-03-06 13:42:55,514 - root - INFO - Token Token-296 waited 14355.74 minutes for resource
2025-03-06 13:42:55,514 - root - INFO - Token Token-296 started task 'Review AM using Asset Change Tracker (5.5.13.1)' at 2025-01-17 10:05:44.249277, scheduled to end at 2025-01-17 10:13:32.820892
2025-03-06 13:42:55,515 - root - INFO - Token Token-295 started task 'Complete /Accurate?' at 2025-01-17 10:05:44.249277, scheduled to end at 2025-01-17 10:05:44.249277
2025-03-06 13:42:55,515 - root - INFO - Token Token-295 completed task 'Complete /Accurate?' at 2025-01-17 10:05:44.249277.
2025-03-06 13:42:55,516 - root - INFO - Token Token-295 waiting for resource 'Tech' at 2025-01-17 10:05:44.249277
2025-03-06 13:42:55,516 - root - INFO - Token Token-296 completed task 'Review AM using Asset Change Tracker (5.5.13.1)' at 2025-01-17 10:13:32.820892.
2025-03-06 13:42:55,516 - root - INFO - Token Token-297 released from wait queue for 'Tech'
2025-03-06 13:42:55,517 - root - INFO - Token Token-297 waited 14361.55 minutes for resource
2025-03-06 13:42:55,517 - root - INFO - Token Token-297 started task 'Review AM using Asset Change Tracker (5.5.13.1)' at 2025-01-17 10:13:32.820892, scheduled to end at 2025-01-17 10:20:47.691347
2025-03-06 13:42:55,517 - root - INFO - Token Token-296 started task 'Complete /Accurate?' at 2025-01-17 10:13:32.820892, scheduled to end at 2025-01-17 10:13:32.820892
2025-03-06 13:42:55,518 - root - INFO - Token Token-296 completed task 'Complete /Accurate?' at 2025-01-17 10:13:32.820892.
2025-03-06 13:42:55,518 - root - INFO - Token Token-296 waiting for resource 'Tech' at 2025-01-17 10:13:32.820892
2025-03-06 13:42:55,519 - root - INFO - Token Token-297 completed task 'Review AM using Asset Change Tracker (5.5.13.1)' at 2025-01-17 10:20:47.691347.
2025-03-06 13:42:55,519 - root - INFO - Token Token-298 released from wait queue for 'Tech'
2025-03-06 13:42:55,519 - root - INFO - Token Token-298 waited 14366.79 minutes for resource
2025-03-06 13:42:55,520 - root - INFO - Token Token-298 started task 'Review AM using Asset Change Tracker (5.5.13.1)' at 2025-01-17 10:20:47.691347, scheduled to end at 2025-01-17 10:28:28.643018
2025-03-06 13:42:55,520 - root - INFO - Token Token-297 started task 'Complete /Accurate?' at 2025-01-17 10:20:47.691347, scheduled to end at 2025-01-17 10:20:47.691347
2025-03-06 13:42:55,521 - root - INFO - Token Token-297 completed task 'Complete /Accurate?' at 2025-01-17 10:20:47.691347.
2025-03-06 13:42:55,521 - root - INFO - Token Token-297 waiting for resource 'Tech' at 2025-01-17 10:20:47.691347
2025-03-06 13:42:55,521 - root - INFO - Token Token-298 completed task 'Review AM using Asset Change Tracker (5.5.13.1)' at 2025-01-17 10:28:28.643018.
2025-03-06 13:42:55,522 - root - INFO - Token Token-299 released from wait queue for 'Tech'
2025-03-06 13:42:55,522 - root - INFO - Token Token-299 waited 14372.48 minutes for resource
2025-03-06 13:42:55,522 - root - INFO - Token Token-299 started task 'Review AM using Asset Change Tracker (5.5.13.1)' at 2025-01-17 10:28:28.643018, scheduled to end at 2025-01-17 10:36:29.474880
2025-03-06 13:42:55,523 - root - INFO - Token Token-298 started task 'Complete /Accurate?' at 2025-01-17 10:28:28.643018, scheduled to end at 2025-01-17 10:28:28.643018
2025-03-06 13:42:55,523 - root - INFO - Token Token-298 completed task 'Complete /Accurate?' at 2025-01-17 10:28:28.643018.
2025-03-06 13:42:55,524 - root - INFO - Token Token-298 waiting for resource 'Tech' at 2025-01-17 10:28:28.643018
2025-03-06 13:42:55,524 - root - INFO - Token Token-299 completed task 'Review AM using Asset Change Tracker (5.5.13.1)' at 2025-01-17 10:36:29.474880.
2025-03-06 13:42:55,525 - root - INFO - Token Token-300 released from wait queue for 'Tech'
2025-03-06 13:42:55,525 - root - INFO - Token Token-300 waited 14378.49 minutes for resource
2025-03-06 13:42:55,525 - root - INFO - Token Token-300 started task 'Review AM using Asset Change Tracker (5.5.13.1)' at 2025-01-17 10:36:29.474880, scheduled to end at 2025-01-17 10:45:23.938117
2025-03-06 13:42:55,525 - root - INFO - Token Token-299 started task 'Complete /Accurate?' at 2025-01-17 10:36:29.474880, scheduled to end at 2025-01-17 10:36:29.474880
2025-03-06 13:42:55,525 - root - INFO - Token Token-299 completed task 'Complete /Accurate?' at 2025-01-17 10:36:29.474880.
2025-03-06 13:42:55,525 - root - INFO - Token Token-299 waiting for resource 'Tech' at 2025-01-17 10:36:29.474880
2025-03-06 13:42:55,525 - root - INFO - Token Token-300 completed task 'Review AM using Asset Change Tracker (5.5.13.1)' at 2025-01-17 10:45:23.938117.
2025-03-06 13:42:55,525 - root - INFO - Token Token-301 released from wait queue for 'Tech'
2025-03-06 13:42:55,525 - root - INFO - Token Token-301 waited 14385.40 minutes for resource
2025-03-06 13:42:55,528 - root - INFO - Token Token-301 started task 'Review AM using Asset Change Tracker (5.5.13.1)' at 2025-01-17 10:45:23.938117, scheduled to end at 2025-01-17 10:54:52.316667
2025-03-06 13:42:55,528 - root - INFO - Token Token-300 started task 'Complete /Accurate?' at 2025-01-17 10:45:23.938117, scheduled to end at 2025-01-17 10:45:23.938117
2025-03-06 13:42:55,528 - root - INFO - Token Token-300 completed task 'Complete /Accurate?' at 2025-01-17 10:45:23.938117.
2025-03-06 13:42:55,529 - root - INFO - Token Token-300 waiting for resource 'Tech' at 2025-01-17 10:45:23.938117
2025-03-06 13:42:55,529 - root - INFO - Token Token-301 completed task 'Review AM using Asset Change Tracker (5.5.13.1)' at 2025-01-17 10:54:52.316667.
2025-03-06 13:42:55,529 - root - INFO - Token Token-302 released from wait queue for 'Tech'
2025-03-06 13:42:55,529 - root - INFO - Token Token-302 waited 14392.87 minutes for resource
2025-03-06 13:42:55,529 - root - INFO - Token Token-302 started task 'Review AM using Asset Change Tracker (5.5.13.1)' at 2025-01-17 10:54:52.316667, scheduled to end at 2025-01-17 11:02:33.156982
2025-03-06 13:42:55,530 - root - INFO - Token Token-301 started task 'Complete /Accurate?' at 2025-01-17 10:54:52.316667, scheduled to end at 2025-01-17 10:54:52.316667
2025-03-06 13:42:55,530 - root - INFO - Token Token-301 completed task 'Complete /Accurate?' at 2025-01-17 10:54:52.316667.
2025-03-06 13:42:55,530 - root - INFO - Token Token-301 waiting for resource 'Tech' at 2025-01-17 10:54:52.316667
2025-03-06 13:42:55,530 - root - INFO - Token Token-302 completed task 'Review AM using Asset Change Tracker (5.5.13.1)' at 2025-01-17 11:02:33.156982.
2025-03-06 13:42:55,531 - root - INFO - Token Token-303 released from wait queue for 'Tech'
2025-03-06 13:42:55,531 - root - INFO - Token Token-303 waited 14398.55 minutes for resource
2025-03-06 13:42:55,532 - root - INFO - Token Token-303 started task 'Review AM using Asset Change Tracker (5.5.13.1)' at 2025-01-17 11:02:33.156982, scheduled to end at 2025-01-17 11:09:50.344057
2025-03-06 13:42:55,533 - root - INFO - Token Token-302 started task 'Complete /Accurate?' at 2025-01-17 11:02:33.156982, scheduled to end at 2025-01-17 11:02:33.156982
2025-03-06 13:42:55,533 - root - INFO - Token Token-302 completed task 'Complete /Accurate?' at 2025-01-17 11:02:33.156982.
2025-03-06 13:42:55,534 - root - INFO - Token Token-302 waiting for resource 'Tech' at 2025-01-17 11:02:33.156982
2025-03-06 13:42:55,541 - root - INFO - Token Token-303 completed task 'Review AM using Asset Change Tracker (5.5.13.1)' at 2025-01-17 11:09:50.344057.
2025-03-06 13:42:55,541 - root - INFO - Token Token-304 released from wait queue for 'Tech'
2025-03-06 13:42:55,541 - root - INFO - Token Token-304 waited 14403.84 minutes for resource
2025-03-06 13:42:55,541 - root - INFO - Token Token-304 started task 'Review AM using Asset Change Tracker (5.5.13.1)' at 2025-01-17 11:09:50.344057, scheduled to end at 2025-01-17 11:18:48.091115
2025-03-06 13:42:55,542 - root - INFO - Token Token-303 started task 'Complete /Accurate?' at 2025-01-17 11:09:50.344057, scheduled to end at 2025-01-17 11:09:50.344057
2025-03-06 13:42:55,542 - root - INFO - Token Token-303 completed task 'Complete /Accurate?' at 2025-01-17 11:09:50.344057.
2025-03-06 13:42:55,542 - root - INFO - Token Token-303 waiting for resource 'Tech' at 2025-01-17 11:09:50.344057
2025-03-06 13:42:55,543 - root - INFO - Token Token-304 completed task 'Review AM using Asset Change Tracker (5.5.13.1)' at 2025-01-17 11:18:48.091115.
2025-03-06 13:42:55,543 - root - INFO - Token Token-305 released from wait queue for 'Tech'
2025-03-06 13:42:55,543 - root - INFO - Token Token-305 waited 14410.80 minutes for resource
2025-03-06 13:42:55,543 - root - INFO - Token Token-305 started task 'Review AM using Asset Change Tracker (5.5.13.1)' at 2025-01-17 11:18:48.091115, scheduled to end at 2025-01-17 11:28:01.301176
2025-03-06 13:42:55,544 - root - INFO - Token Token-304 started task 'Complete /Accurate?' at 2025-01-17 11:18:48.091115, scheduled to end at 2025-01-17 11:18:48.091115
2025-03-06 13:42:55,544 - root - INFO - Token Token-304 completed task 'Complete /Accurate?' at 2025-01-17 11:18:48.091115.
2025-03-06 13:42:55,544 - root - INFO - Token Token-304 waiting for resource 'Tech' at 2025-01-17 11:18:48.091115
2025-03-06 13:42:55,544 - root - INFO - Token Token-305 completed task 'Review AM using Asset Change Tracker (5.5.13.1)' at 2025-01-17 11:28:01.301176.
2025-03-06 13:42:55,545 - root - INFO - Token Token-306 released from wait queue for 'Tech'
2025-03-06 13:42:55,545 - root - INFO - Token Token-306 waited 14418.02 minutes for resource
2025-03-06 13:42:55,545 - root - INFO - Token Token-306 started task 'Review AM using Asset Change Tracker (5.5.13.1)' at 2025-01-17 11:28:01.301176, scheduled to end at 2025-01-17 11:35:06.012372
2025-03-06 13:42:55,545 - root - INFO - Token Token-305 started task 'Complete /Accurate?' at 2025-01-17 11:28:01.301176, scheduled to end at 2025-01-17 11:28:01.301176
2025-03-06 13:42:55,545 - root - INFO - Token Token-305 completed task 'Complete /Accurate?' at 2025-01-17 11:28:01.301176.
2025-03-06 13:42:55,546 - root - INFO - Token Token-305 waiting for resource 'Tech' at 2025-01-17 11:28:01.301176
2025-03-06 13:42:55,546 - root - INFO - Token Token-306 completed task 'Review AM using Asset Change Tracker (5.5.13.1)' at 2025-01-17 11:35:06.012372.
2025-03-06 13:42:55,546 - root - INFO - Token Token-307 released from wait queue for 'Tech'
2025-03-06 13:42:55,546 - root - INFO - Token Token-307 waited 14423.10 minutes for resource
2025-03-06 13:42:55,546 - root - INFO - Token Token-307 started task 'Review AM using Asset Change Tracker (5.5.13.1)' at 2025-01-17 11:35:06.012372, scheduled to end at 2025-01-17 11:42:05.843021
2025-03-06 13:42:55,547 - root - INFO - Token Token-306 started task 'Complete /Accurate?' at 2025-01-17 11:35:06.012372, scheduled to end at 2025-01-17 11:35:06.012372
2025-03-06 13:42:55,547 - root - INFO - Token Token-306 completed task 'Complete /Accurate?' at 2025-01-17 11:35:06.012372.
2025-03-06 13:42:55,547 - root - INFO - Token Token-306 waiting for resource 'Tech' at 2025-01-17 11:35:06.012372
2025-03-06 13:42:55,548 - root - INFO - Token Token-307 completed task 'Review AM using Asset Change Tracker (5.5.13.1)' at 2025-01-17 11:42:05.843021.
2025-03-06 13:42:55,548 - root - INFO - Token Token-308 released from wait queue for 'Tech'
2025-03-06 13:42:55,548 - root - INFO - Token Token-308 waited 14428.10 minutes for resource
2025-03-06 13:42:55,548 - root - INFO - Token Token-308 started task 'Review AM using Asset Change Tracker (5.5.13.1)' at 2025-01-17 11:42:05.843021, scheduled to end at 2025-01-17 11:49:27.471349
2025-03-06 13:42:55,549 - root - INFO - Token Token-307 started task 'Complete /Accurate?' at 2025-01-17 11:42:05.843021, scheduled to end at 2025-01-17 11:42:05.843021
2025-03-06 13:42:55,549 - root - INFO - Token Token-307 completed task 'Complete /Accurate?' at 2025-01-17 11:42:05.843021.
2025-03-06 13:42:55,550 - root - INFO - Token Token-307 waiting for resource 'Tech' at 2025-01-17 11:42:05.843021
2025-03-06 13:42:55,551 - root - INFO - Token Token-308 completed task 'Review AM using Asset Change Tracker (5.5.13.1)' at 2025-01-17 11:49:27.471349.
2025-03-06 13:42:55,552 - root - INFO - Token Token-309 released from wait queue for 'Tech'
2025-03-06 13:42:55,552 - root - INFO - Token Token-309 waited 14433.46 minutes for resource
2025-03-06 13:42:55,552 - root - INFO - Token Token-309 started task 'Review AM using Asset Change Tracker (5.5.13.1)' at 2025-01-17 11:49:27.471349, scheduled to end at 2025-01-17 11:58:56.783931
2025-03-06 13:42:55,553 - root - INFO - Token Token-308 started task 'Complete /Accurate?' at 2025-01-17 11:49:27.471349, scheduled to end at 2025-01-17 11:49:27.471349
2025-03-06 13:42:55,553 - root - INFO - Token Token-308 completed task 'Complete /Accurate?' at 2025-01-17 11:49:27.471349.
2025-03-06 13:42:55,554 - root - INFO - Token Token-308 waiting for resource 'Tech' at 2025-01-17 11:49:27.471349
2025-03-06 13:42:55,554 - root - INFO - Token Token-309 completed task 'Review AM using Asset Change Tracker (5.5.13.1)' at 2025-01-17 11:58:56.783931.
2025-03-06 13:42:55,554 - root - INFO - Token Token-310 released from wait queue for 'Tech'
2025-03-06 13:42:55,555 - root - INFO - Token Token-310 waited 14440.95 minutes for resource
2025-03-06 13:42:55,555 - root - INFO - Token Token-310 started task 'Review AM using Asset Change Tracker (5.5.13.1)' at 2025-01-17 11:58:56.783931, scheduled to end at 2025-01-17 12:08:04.576085
2025-03-06 13:42:55,555 - root - INFO - Token Token-309 started task 'Complete /Accurate?' at 2025-01-17 11:58:56.783931, scheduled to end at 2025-01-17 11:58:56.783931
2025-03-06 13:42:55,556 - root - INFO - Token Token-309 completed task 'Complete /Accurate?' at 2025-01-17 11:58:56.783931.
2025-03-06 13:42:55,556 - root - INFO - Token Token-309 waiting for resource 'Tech' at 2025-01-17 11:58:56.783931
2025-03-06 13:42:55,556 - root - INFO - Token Token-310 completed task 'Review AM using Asset Change Tracker (5.5.13.1)' at 2025-01-17 12:08:04.576085.
2025-03-06 13:42:55,557 - root - INFO - Token Token-311 released from wait queue for 'Tech'
2025-03-06 13:42:55,557 - root - INFO - Token Token-311 waited 14448.08 minutes for resource
2025-03-06 13:42:55,558 - root - INFO - Token Token-311 started task 'Review AM using Asset Change Tracker (5.5.13.1)' at 2025-01-17 12:08:04.576085, scheduled to end at 2025-01-17 12:14:23.575706
2025-03-06 13:42:55,559 - root - INFO - Token Token-310 started task 'Complete /Accurate?' at 2025-01-17 12:08:04.576085, scheduled to end at 2025-01-17 12:08:04.576085
2025-03-06 13:42:55,559 - root - INFO - Token Token-310 completed task 'Complete /Accurate?' at 2025-01-17 12:08:04.576085.
2025-03-06 13:42:55,560 - root - INFO - Token Token-310 waiting for resource 'Tech' at 2025-01-17 12:08:04.576085
2025-03-06 13:42:55,561 - root - INFO - Token Token-311 completed task 'Review AM using Asset Change Tracker (5.5.13.1)' at 2025-01-17 12:14:23.575706.
2025-03-06 13:42:55,561 - root - INFO - Token Token-312 released from wait queue for 'Tech'
2025-03-06 13:42:55,562 - root - INFO - Token Token-312 waited 14452.39 minutes for resource
2025-03-06 13:42:55,562 - root - INFO - Token Token-312 started task 'Review AM using Asset Change Tracker (5.5.13.1)' at 2025-01-17 12:14:23.575706, scheduled to end at 2025-01-17 12:23:53.730584
2025-03-06 13:42:55,562 - root - INFO - Token Token-311 started task 'Complete /Accurate?' at 2025-01-17 12:14:23.575706, scheduled to end at 2025-01-17 12:14:23.575706
2025-03-06 13:42:55,563 - root - INFO - Token Token-311 completed task 'Complete /Accurate?' at 2025-01-17 12:14:23.575706.
2025-03-06 13:42:55,563 - root - INFO - Token Token-311 waiting for resource 'Tech' at 2025-01-17 12:14:23.575706
2025-03-06 13:42:55,564 - root - INFO - Token Token-312 completed task 'Review AM using Asset Change Tracker (5.5.13.1)' at 2025-01-17 12:23:53.730584.
2025-03-06 13:42:55,564 - root - INFO - Token Token-313 released from wait queue for 'Tech'
2025-03-06 13:42:55,564 - root - INFO - Token Token-313 waited 14459.90 minutes for resource
2025-03-06 13:42:55,565 - root - INFO - Token Token-313 started task 'Review AM using Asset Change Tracker (5.5.13.1)' at 2025-01-17 12:23:53.730584, scheduled to end at 2025-01-17 12:31:48.305012
2025-03-06 13:42:55,565 - root - INFO - Token Token-312 started task 'Complete /Accurate?' at 2025-01-17 12:23:53.730584, scheduled to end at 2025-01-17 12:23:53.730584
2025-03-06 13:42:55,565 - root - INFO - Token Token-312 completed task 'Complete /Accurate?' at 2025-01-17 12:23:53.730584.
2025-03-06 13:42:55,566 - root - INFO - Token Token-312 waiting for resource 'Tech' at 2025-01-17 12:23:53.730584
2025-03-06 13:42:55,566 - root - INFO - Token Token-313 completed task 'Review AM using Asset Change Tracker (5.5.13.1)' at 2025-01-17 12:31:48.305012.
2025-03-06 13:42:55,567 - root - INFO - Token Token-314 released from wait queue for 'Tech'
2025-03-06 13:42:55,568 - root - INFO - Token Token-314 waited 14465.81 minutes for resource
2025-03-06 13:42:55,581 - root - INFO - Token Token-314 started task 'Review AM using Asset Change Tracker (5.5.13.1)' at 2025-01-17 12:31:48.305012, scheduled to end at 2025-01-17 12:39:41.511226
2025-03-06 13:42:55,581 - root - INFO - Token Token-313 started task 'Complete /Accurate?' at 2025-01-17 12:31:48.305012, scheduled to end at 2025-01-17 12:31:48.305012
2025-03-06 13:42:55,582 - root - INFO - Token Token-313 completed task 'Complete /Accurate?' at 2025-01-17 12:31:48.305012.
2025-03-06 13:42:55,582 - root - INFO - Token Token-313 waiting for resource 'Tech' at 2025-01-17 12:31:48.305012
2025-03-06 13:42:55,582 - root - INFO - Token Token-314 completed task 'Review AM using Asset Change Tracker (5.5.13.1)' at 2025-01-17 12:39:41.511226.
2025-03-06 13:42:55,582 - root - INFO - Token Token-315 released from wait queue for 'Tech'
2025-03-06 13:42:55,583 - root - INFO - Token Token-315 waited 14471.69 minutes for resource
2025-03-06 13:42:55,583 - root - INFO - Token Token-315 started task 'Review AM using Asset Change Tracker (5.5.13.1)' at 2025-01-17 12:39:41.511226, scheduled to end at 2025-01-17 12:48:41.782080
2025-03-06 13:42:55,583 - root - INFO - Token Token-314 started task 'Complete /Accurate?' at 2025-01-17 12:39:41.511226, scheduled to end at 2025-01-17 12:39:41.511226
2025-03-06 13:42:55,583 - root - INFO - Token Token-314 completed task 'Complete /Accurate?' at 2025-01-17 12:39:41.511226.
2025-03-06 13:42:55,583 - root - INFO - Token Token-314 waiting for resource 'Tech' at 2025-01-17 12:39:41.511226
2025-03-06 13:42:55,584 - root - INFO - Token Token-315 completed task 'Review AM using Asset Change Tracker (5.5.13.1)' at 2025-01-17 12:48:41.782080.
2025-03-06 13:42:55,584 - root - INFO - Token Token-316 released from wait queue for 'Tech'
2025-03-06 13:42:55,584 - root - INFO - Token Token-316 waited 14478.70 minutes for resource
2025-03-06 13:42:55,584 - root - INFO - Token Token-316 started task 'Review AM using Asset Change Tracker (5.5.13.1)' at 2025-01-17 12:48:41.782080, scheduled to end at 2025-01-17 12:57:33.076373
2025-03-06 13:42:55,585 - root - INFO - Token Token-315 started task 'Complete /Accurate?' at 2025-01-17 12:48:41.782080, scheduled to end at 2025-01-17 12:48:41.782080
2025-03-06 13:42:55,585 - root - INFO - Token Token-315 completed task 'Complete /Accurate?' at 2025-01-17 12:48:41.782080.
2025-03-06 13:42:55,585 - root - INFO - Token Token-315 waiting for resource 'Tech' at 2025-01-17 12:48:41.782080
2025-03-06 13:42:55,585 - root - INFO - Token Token-316 completed task 'Review AM using Asset Change Tracker (5.5.13.1)' at 2025-01-17 12:57:33.076373.
2025-03-06 13:42:55,585 - root - INFO - Token Token-317 released from wait queue for 'Tech'
2025-03-06 13:42:55,586 - root - INFO - Token Token-317 waited 14485.55 minutes for resource
2025-03-06 13:42:55,586 - root - INFO - Token Token-317 started task 'Review AM using Asset Change Tracker (5.5.13.1)' at 2025-01-17 12:57:33.076373, scheduled to end at 2025-01-20 07:00:00
2025-03-06 13:42:55,586 - root - INFO - Token Token-316 started task 'Complete /Accurate?' at 2025-01-17 12:57:33.076373, scheduled to end at 2025-01-17 12:57:33.076373
2025-03-06 13:42:55,586 - root - INFO - Token Token-316 completed task 'Complete /Accurate?' at 2025-01-17 12:57:33.076373.
2025-03-06 13:42:55,587 - root - INFO - Token Token-316 waiting for resource 'Tech' at 2025-01-17 12:57:33.076373
2025-03-06 13:42:55,587 - root - INFO - Token Token-317 completed task 'Review AM using Asset Change Tracker (5.5.13.1)' at 2025-01-20 07:00:00.
2025-03-06 13:42:55,587 - root - INFO - Token Token-318 released from wait queue for 'Tech'
2025-03-06 13:42:55,587 - root - INFO - Token Token-318 waited 18446.00 minutes for resource
2025-03-06 13:42:55,588 - root - INFO - Token Token-318 started task 'Review AM using Asset Change Tracker (5.5.13.1)' at 2025-01-20 07:00:00, scheduled to end at 2025-01-20 07:05:13.620582
2025-03-06 13:42:55,589 - root - INFO - Token Token-317 started task 'Complete /Accurate?' at 2025-01-20 07:00:00, scheduled to end at 2025-01-20 07:00:00
2025-03-06 13:42:55,589 - root - INFO - Token Token-317 completed task 'Complete /Accurate?' at 2025-01-20 07:00:00.
2025-03-06 13:42:55,589 - root - INFO - Token Token-317 waiting for resource 'Tech' at 2025-01-20 07:00:00
2025-03-06 13:42:55,589 - root - INFO - Token Token-318 completed task 'Review AM using Asset Change Tracker (5.5.13.1)' at 2025-01-20 07:05:13.620582.
2025-03-06 13:42:55,589 - root - INFO - Token Token-319 released from wait queue for 'Tech'
2025-03-06 13:42:55,590 - root - INFO - Token Token-319 waited 18449.23 minutes for resource
2025-03-06 13:42:55,591 - root - INFO - Token Token-319 started task 'Review AM using Asset Change Tracker (5.5.13.1)' at 2025-01-20 07:05:13.620582, scheduled to end at 2025-01-20 07:11:42.522806
2025-03-06 13:42:55,592 - root - INFO - Token Token-318 started task 'Complete /Accurate?' at 2025-01-20 07:05:13.620582, scheduled to end at 2025-01-20 07:05:13.620582
2025-03-06 13:42:55,592 - root - INFO - Token Token-318 completed task 'Complete /Accurate?' at 2025-01-20 07:05:13.620582.
2025-03-06 13:42:55,592 - root - INFO - Token Token-318 waiting for resource 'Tech' at 2025-01-20 07:05:13.620582
2025-03-06 13:42:55,593 - root - INFO - Token Token-319 completed task 'Review AM using Asset Change Tracker (5.5.13.1)' at 2025-01-20 07:11:42.522806.
2025-03-06 13:42:55,593 - root - INFO - Token Token-320 released from wait queue for 'Tech'
2025-03-06 13:42:55,593 - root - INFO - Token Token-320 waited 18453.71 minutes for resource
2025-03-06 13:42:55,594 - root - INFO - Token Token-320 started task 'Review AM using Asset Change Tracker (5.5.13.1)' at 2025-01-20 07:11:42.522806, scheduled to end at 2025-01-20 07:19:59.229904
2025-03-06 13:42:55,594 - root - INFO - Token Token-319 started task 'Complete /Accurate?' at 2025-01-20 07:11:42.522806, scheduled to end at 2025-01-20 07:11:42.522806
2025-03-06 13:42:55,595 - root - INFO - Token Token-319 completed task 'Complete /Accurate?' at 2025-01-20 07:11:42.522806.
2025-03-06 13:42:55,595 - root - INFO - Token Token-319 waiting for resource 'Tech' at 2025-01-20 07:11:42.522806
2025-03-06 13:42:55,595 - root - INFO - Token Token-320 completed task 'Review AM using Asset Change Tracker (5.5.13.1)' at 2025-01-20 07:19:59.229904.
2025-03-06 13:42:55,596 - root - INFO - Token Token-321 released from wait queue for 'Tech'
2025-03-06 13:42:55,596 - root - INFO - Token Token-321 waited 18459.99 minutes for resource
2025-03-06 13:42:55,596 - root - INFO - Token Token-321 started task 'Review AM using Asset Change Tracker (5.5.13.1)' at 2025-01-20 07:19:59.229904, scheduled to end at 2025-01-20 07:26:34.350503
2025-03-06 13:42:55,597 - root - INFO - Token Token-320 started task 'Complete /Accurate?' at 2025-01-20 07:19:59.229904, scheduled to end at 2025-01-20 07:19:59.229904
2025-03-06 13:42:55,597 - root - INFO - Token Token-320 completed task 'Complete /Accurate?' at 2025-01-20 07:19:59.229904.
2025-03-06 13:42:55,598 - root - INFO - Token Token-320 waiting for resource 'Tech' at 2025-01-20 07:19:59.229904
2025-03-06 13:42:55,598 - root - INFO - Token Token-321 completed task 'Review AM using Asset Change Tracker (5.5.13.1)' at 2025-01-20 07:26:34.350503.
2025-03-06 13:42:55,598 - root - INFO - Token Token-322 released from wait queue for 'Tech'
2025-03-06 13:42:55,599 - root - INFO - Token Token-322 waited 18464.57 minutes for resource
2025-03-06 13:42:55,599 - root - INFO - Token Token-322 started task 'Review AM using Asset Change Tracker (5.5.13.1)' at 2025-01-20 07:26:34.350503, scheduled to end at 2025-01-20 07:35:54.757071
2025-03-06 13:42:55,599 - root - INFO - Token Token-321 started task 'Complete /Accurate?' at 2025-01-20 07:26:34.350503, scheduled to end at 2025-01-20 07:26:34.350503
2025-03-06 13:42:55,600 - root - INFO - Token Token-321 completed task 'Complete /Accurate?' at 2025-01-20 07:26:34.350503.
2025-03-06 13:42:55,600 - root - INFO - Token Token-321 waiting for resource 'Tech' at 2025-01-20 07:26:34.350503
2025-03-06 13:42:55,600 - root - INFO - Token Token-322 completed task 'Review AM using Asset Change Tracker (5.5.13.1)' at 2025-01-20 07:35:54.757071.
2025-03-06 13:42:55,601 - root - INFO - Token Token-323 released from wait queue for 'Tech'
2025-03-06 13:42:55,601 - root - INFO - Token Token-323 waited 18471.91 minutes for resource
2025-03-06 13:42:55,602 - root - INFO - Token Token-323 started task 'Review AM using Asset Change Tracker (5.5.13.1)' at 2025-01-20 07:35:54.757071, scheduled to end at 2025-01-20 07:43:15.860867
2025-03-06 13:42:55,602 - root - INFO - Token Token-322 started task 'Complete /Accurate?' at 2025-01-20 07:35:54.757071, scheduled to end at 2025-01-20 07:35:54.757071
2025-03-06 13:42:55,603 - root - INFO - Token Token-322 completed task 'Complete /Accurate?' at 2025-01-20 07:35:54.757071.
2025-03-06 13:42:55,603 - root - INFO - Token Token-322 waiting for resource 'Tech' at 2025-01-20 07:35:54.757071
2025-03-06 13:42:55,603 - root - INFO - Token Token-323 completed task 'Review AM using Asset Change Tracker (5.5.13.1)' at 2025-01-20 07:43:15.860867.
2025-03-06 13:42:55,604 - root - INFO - Token Token-324 released from wait queue for 'Tech'
2025-03-06 13:42:55,604 - root - INFO - Token Token-324 waited 18477.26 minutes for resource
2025-03-06 13:42:55,604 - root - INFO - Token Token-324 started task 'Review AM using Asset Change Tracker (5.5.13.1)' at 2025-01-20 07:43:15.860867, scheduled to end at 2025-01-20 07:52:05.839816
2025-03-06 13:42:55,605 - root - INFO - Token Token-323 started task 'Complete /Accurate?' at 2025-01-20 07:43:15.860867, scheduled to end at 2025-01-20 07:43:15.860867
2025-03-06 13:42:55,605 - root - INFO - Token Token-323 completed task 'Complete /Accurate?' at 2025-01-20 07:43:15.860867.
2025-03-06 13:42:55,606 - root - INFO - Token Token-323 waiting for resource 'Tech' at 2025-01-20 07:43:15.860867
2025-03-06 13:42:55,607 - root - INFO - Token Token-324 completed task 'Review AM using Asset Change Tracker (5.5.13.1)' at 2025-01-20 07:52:05.839816.
2025-03-06 13:42:55,607 - root - INFO - Token Token-325 released from wait queue for 'Tech'
2025-03-06 13:42:55,607 - root - INFO - Token Token-325 waited 18484.10 minutes for resource
2025-03-06 13:42:55,608 - root - INFO - Token Token-325 started task 'Review AM using Asset Change Tracker (5.5.13.1)' at 2025-01-20 07:52:05.839816, scheduled to end at 2025-01-20 07:59:48.659351
2025-03-06 13:42:55,609 - root - INFO - Token Token-324 started task 'Complete /Accurate?' at 2025-01-20 07:52:05.839816, scheduled to end at 2025-01-20 07:52:05.839816
2025-03-06 13:42:55,610 - root - INFO - Token Token-324 completed task 'Complete /Accurate?' at 2025-01-20 07:52:05.839816.
2025-03-06 13:42:55,611 - root - INFO - Token Token-324 waiting for resource 'Tech' at 2025-01-20 07:52:05.839816
2025-03-06 13:42:55,624 - root - INFO - Token Token-325 completed task 'Review AM using Asset Change Tracker (5.5.13.1)' at 2025-01-20 07:59:48.659351.
2025-03-06 13:42:55,624 - root - INFO - Token Token-326 released from wait queue for 'Tech'
2025-03-06 13:42:55,624 - root - INFO - Token Token-326 waited 18489.81 minutes for resource
2025-03-06 13:42:55,625 - root - INFO - Token Token-326 started task 'Review AM using Asset Change Tracker (5.5.13.1)' at 2025-01-20 07:59:48.659351, scheduled to end at 2025-01-20 08:08:22.606478
2025-03-06 13:42:55,625 - root - INFO - Token Token-325 started task 'Complete /Accurate?' at 2025-01-20 07:59:48.659351, scheduled to end at 2025-01-20 07:59:48.659351
2025-03-06 13:42:55,625 - root - INFO - Token Token-325 completed task 'Complete /Accurate?' at 2025-01-20 07:59:48.659351.
2025-03-06 13:42:55,625 - root - INFO - Token Token-325 waiting for resource 'Tech' at 2025-01-20 07:59:48.659351
2025-03-06 13:42:55,626 - root - INFO - Token Token-326 completed task 'Review AM using Asset Change Tracker (5.5.13.1)' at 2025-01-20 08:08:22.606478.
2025-03-06 13:42:55,626 - root - INFO - Token Token-327 released from wait queue for 'Tech'
2025-03-06 13:42:55,626 - root - INFO - Token Token-327 waited 18496.38 minutes for resource
2025-03-06 13:42:55,626 - root - INFO - Token Token-327 started task 'Review AM using Asset Change Tracker (5.5.13.1)' at 2025-01-20 08:08:22.606478, scheduled to end at 2025-01-20 08:17:07.388582
2025-03-06 13:42:55,627 - root - INFO - Token Token-326 started task 'Complete /Accurate?' at 2025-01-20 08:08:22.606478, scheduled to end at 2025-01-20 08:08:22.606478
2025-03-06 13:42:55,627 - root - INFO - Token Token-326 completed task 'Complete /Accurate?' at 2025-01-20 08:08:22.606478.
2025-03-06 13:42:55,627 - root - INFO - Token Token-326 waiting for resource 'Tech' at 2025-01-20 08:08:22.606478
2025-03-06 13:42:55,627 - root - INFO - Token Token-327 completed task 'Review AM using Asset Change Tracker (5.5.13.1)' at 2025-01-20 08:17:07.388582.
2025-03-06 13:42:55,628 - root - INFO - Token Token-328 released from wait queue for 'Tech'
2025-03-06 13:42:55,628 - root - INFO - Token Token-328 waited 18503.12 minutes for resource
2025-03-06 13:42:55,628 - root - INFO - Token Token-328 started task 'Review AM using Asset Change Tracker (5.5.13.1)' at 2025-01-20 08:17:07.388582, scheduled to end at 2025-01-20 08:26:26.143204
2025-03-06 13:42:55,628 - root - INFO - Token Token-327 started task 'Complete /Accurate?' at 2025-01-20 08:17:07.388582, scheduled to end at 2025-01-20 08:17:07.388582
2025-03-06 13:42:55,628 - root - INFO - Token Token-327 completed task 'Complete /Accurate?' at 2025-01-20 08:17:07.388582.
2025-03-06 13:42:55,629 - root - INFO - Token Token-327 waiting for resource 'Tech' at 2025-01-20 08:17:07.388582
2025-03-06 13:42:55,629 - root - INFO - Token Token-328 completed task 'Review AM using Asset Change Tracker (5.5.13.1)' at 2025-01-20 08:26:26.143204.
2025-03-06 13:42:55,629 - root - INFO - Token Token-329 released from wait queue for 'Tech'
2025-03-06 13:42:55,630 - root - INFO - Token Token-329 waited 18510.44 minutes for resource
2025-03-06 13:42:55,630 - root - INFO - Token Token-329 started task 'Review AM using Asset Change Tracker (5.5.13.1)' at 2025-01-20 08:26:26.143204, scheduled to end at 2025-01-20 08:34:15.785249
2025-03-06 13:42:55,630 - root - INFO - Token Token-328 started task 'Complete /Accurate?' at 2025-01-20 08:26:26.143204, scheduled to end at 2025-01-20 08:26:26.143204
2025-03-06 13:42:55,630 - root - INFO - Token Token-328 completed task 'Complete /Accurate?' at 2025-01-20 08:26:26.143204.
2025-03-06 13:42:55,631 - root - INFO - Token Token-328 waiting for resource 'Tech' at 2025-01-20 08:26:26.143204
2025-03-06 13:42:55,631 - root - INFO - Token Token-329 completed task 'Review AM using Asset Change Tracker (5.5.13.1)' at 2025-01-20 08:34:15.785249.
2025-03-06 13:42:55,632 - root - INFO - Token Token-330 released from wait queue for 'Tech'
2025-03-06 13:42:55,632 - root - INFO - Token Token-330 waited 18516.26 minutes for resource
2025-03-06 13:42:55,632 - root - INFO - Token Token-330 started task 'Review AM using Asset Change Tracker (5.5.13.1)' at 2025-01-20 08:34:15.785249, scheduled to end at 2025-01-20 08:42:16.753958
2025-03-06 13:42:55,633 - root - INFO - Token Token-329 started task 'Complete /Accurate?' at 2025-01-20 08:34:15.785249, scheduled to end at 2025-01-20 08:34:15.785249
2025-03-06 13:42:55,633 - root - INFO - Token Token-329 completed task 'Complete /Accurate?' at 2025-01-20 08:34:15.785249.
2025-03-06 13:42:55,633 - root - INFO - Token Token-329 waiting for resource 'Tech' at 2025-01-20 08:34:15.785249
2025-03-06 13:42:55,633 - root - INFO - Token Token-330 completed task 'Review AM using Asset Change Tracker (5.5.13.1)' at 2025-01-20 08:42:16.753958.
2025-03-06 13:42:55,633 - root - INFO - Token Token-331 released from wait queue for 'Tech'
2025-03-06 13:42:55,634 - root - INFO - Token Token-331 waited 18522.28 minutes for resource
2025-03-06 13:42:55,634 - root - INFO - Token Token-331 started task 'Review AM using Asset Change Tracker (5.5.13.1)' at 2025-01-20 08:42:16.753958, scheduled to end at 2025-01-20 08:50:28.800360
2025-03-06 13:42:55,634 - root - INFO - Token Token-330 started task 'Complete /Accurate?' at 2025-01-20 08:42:16.753958, scheduled to end at 2025-01-20 08:42:16.753958
2025-03-06 13:42:55,634 - root - INFO - Token Token-330 completed task 'Complete /Accurate?' at 2025-01-20 08:42:16.753958.
2025-03-06 13:42:55,635 - root - INFO - Token Token-330 waiting for resource 'Tech' at 2025-01-20 08:42:16.753958
2025-03-06 13:42:55,635 - root - INFO - Token Token-331 completed task 'Review AM using Asset Change Tracker (5.5.13.1)' at 2025-01-20 08:50:28.800360.
2025-03-06 13:42:55,635 - root - INFO - Token Token-332 released from wait queue for 'Tech'
2025-03-06 13:42:55,635 - root - INFO - Token Token-332 waited 18528.48 minutes for resource
2025-03-06 13:42:55,635 - root - INFO - Token Token-332 started task 'Review AM using Asset Change Tracker (5.5.13.1)' at 2025-01-20 08:50:28.800360, scheduled to end at 2025-01-20 08:57:12.732404
2025-03-06 13:42:55,636 - root - INFO - Token Token-331 started task 'Complete /Accurate?' at 2025-01-20 08:50:28.800360, scheduled to end at 2025-01-20 08:50:28.800360
2025-03-06 13:42:55,636 - root - INFO - Token Token-331 completed task 'Complete /Accurate?' at 2025-01-20 08:50:28.800360.
2025-03-06 13:42:55,636 - root - INFO - Token Token-331 waiting for resource 'Tech' at 2025-01-20 08:50:28.800360
2025-03-06 13:42:55,636 - root - INFO - Token Token-332 completed task 'Review AM using Asset Change Tracker (5.5.13.1)' at 2025-01-20 08:57:12.732404.
2025-03-06 13:42:55,637 - root - INFO - Token Token-333 released from wait queue for 'Tech'
2025-03-06 13:42:55,637 - root - INFO - Token Token-333 waited 18533.21 minutes for resource
2025-03-06 13:42:55,638 - root - INFO - Token Token-333 started task 'Review AM using Asset Change Tracker (5.5.13.1)' at 2025-01-20 08:57:12.732404, scheduled to end at 2025-01-20 09:06:45.533738
2025-03-06 13:42:55,639 - root - INFO - Token Token-332 started task 'Complete /Accurate?' at 2025-01-20 08:57:12.732404, scheduled to end at 2025-01-20 08:57:12.732404
2025-03-06 13:42:55,639 - root - INFO - Token Token-332 completed task 'Complete /Accurate?' at 2025-01-20 08:57:12.732404.
2025-03-06 13:42:55,639 - root - INFO - Token Token-332 waiting for resource 'Tech' at 2025-01-20 08:57:12.732404
2025-03-06 13:42:55,640 - root - INFO - Token Token-333 completed task 'Review AM using Asset Change Tracker (5.5.13.1)' at 2025-01-20 09:06:45.533738.
2025-03-06 13:42:55,640 - root - INFO - Token Token-334 released from wait queue for 'Tech'
2025-03-06 13:42:55,641 - root - INFO - Token Token-334 waited 18540.76 minutes for resource
2025-03-06 13:42:55,641 - root - INFO - Token Token-334 started task 'Review AM using Asset Change Tracker (5.5.13.1)' at 2025-01-20 09:06:45.533738, scheduled to end at 2025-01-20 09:15:25.578974
2025-03-06 13:42:55,641 - root - INFO - Token Token-333 started task 'Complete /Accurate?' at 2025-01-20 09:06:45.533738, scheduled to end at 2025-01-20 09:06:45.533738
2025-03-06 13:42:55,642 - root - INFO - Token Token-333 completed task 'Complete /Accurate?' at 2025-01-20 09:06:45.533738.
2025-03-06 13:42:55,642 - root - INFO - Token Token-333 waiting for resource 'Tech' at 2025-01-20 09:06:45.533738
2025-03-06 13:42:55,643 - root - INFO - Token Token-334 completed task 'Review AM using Asset Change Tracker (5.5.13.1)' at 2025-01-20 09:15:25.578974.
2025-03-06 13:42:55,643 - root - INFO - Token Token-335 released from wait queue for 'Tech'
2025-03-06 13:42:55,643 - root - INFO - Token Token-335 waited 18547.43 minutes for resource
2025-03-06 13:42:55,644 - root - INFO - Token Token-335 started task 'Review AM using Asset Change Tracker (5.5.13.1)' at 2025-01-20 09:15:25.578974, scheduled to end at 2025-01-20 09:24:21.298707
2025-03-06 13:42:55,644 - root - INFO - Token Token-334 started task 'Complete /Accurate?' at 2025-01-20 09:15:25.578974, scheduled to end at 2025-01-20 09:15:25.578974
2025-03-06 13:42:55,644 - root - INFO - Token Token-334 completed task 'Complete /Accurate?' at 2025-01-20 09:15:25.578974.
2025-03-06 13:42:55,645 - root - INFO - Token Token-334 waiting for resource 'Tech' at 2025-01-20 09:15:25.578974
2025-03-06 13:42:55,645 - root - INFO - Token Token-335 completed task 'Review AM using Asset Change Tracker (5.5.13.1)' at 2025-01-20 09:24:21.298707.
2025-03-06 13:42:55,645 - root - INFO - Token Token-8 released from wait queue for 'Tech'
2025-03-06 13:42:55,646 - root - INFO - Token Token-335 started task 'Complete /Accurate?' at 2025-01-20 09:24:21.298707, scheduled to end at 2025-01-20 09:24:21.298707
2025-03-06 13:42:55,646 - root - INFO - Token Token-335 completed task 'Complete /Accurate?' at 2025-01-20 09:24:21.298707.
2025-03-06 13:42:55,647 - root - INFO - Token Token-335 started task 'Note Accuracy in Asset Change Tracker (5.5.13.2)' at 2025-01-20 09:24:21.298707, scheduled to end at 2025-01-20 09:31:01.953356
2025-03-06 13:42:55,647 - root - INFO - Token Token-335 completed task 'Note Accuracy in Asset Change Tracker (5.5.13.2)' at 2025-01-20 09:31:01.953356.
2025-03-06 13:42:55,648 - root - INFO - Token Token-336 released from wait queue for 'Tech'
2025-03-06 13:42:55,648 - root - INFO - Token Token-336 waited 18561.03 minutes for resource
2025-03-06 13:42:55,648 - root - INFO - Token Token-336 started task 'Review AM using Asset Change Tracker (5.5.13.1)' at 2025-01-20 09:31:01.953356, scheduled to end at 2025-01-20 09:40:05.856127
2025-03-06 13:42:55,650 - root - INFO - Token Token-335 started task 'Unknown' at 2025-01-20 09:31:01.953356, scheduled to end at 2025-01-20 09:31:01.953356
2025-03-06 13:42:55,650 - root - INFO - Token Token-335 completed task 'Unknown' at 2025-01-20 09:31:01.953356.
2025-03-06 13:42:55,651 - root - INFO - Token Token-335 has completed the entire process at 2025-01-20 09:31:01.953356.
2025-03-06 13:42:55,651 - root - INFO - Token Token-336 completed task 'Review AM using Asset Change Tracker (5.5.13.1)' at 2025-01-20 09:40:05.856127.
2025-03-06 13:42:55,652 - root - INFO - Token Token-337 released from wait queue for 'Tech'
2025-03-06 13:42:55,652 - root - INFO - Token Token-337 waited 18568.10 minutes for resource
2025-03-06 13:42:55,652 - root - INFO - Token Token-337 started task 'Review AM using Asset Change Tracker (5.5.13.1)' at 2025-01-20 09:40:05.856127, scheduled to end at 2025-01-20 09:49:18.758715
2025-03-06 13:42:55,653 - root - INFO - Token Token-336 started task 'Complete /Accurate?' at 2025-01-20 09:40:05.856127, scheduled to end at 2025-01-20 09:40:05.856127
2025-03-06 13:42:55,653 - root - INFO - Token Token-336 completed task 'Complete /Accurate?' at 2025-01-20 09:40:05.856127.
2025-03-06 13:42:55,654 - root - INFO - Token Token-336 waiting for resource 'Tech' at 2025-01-20 09:40:05.856127
2025-03-06 13:42:55,654 - root - INFO - Token Token-337 completed task 'Review AM using Asset Change Tracker (5.5.13.1)' at 2025-01-20 09:49:18.758715.
2025-03-06 13:42:55,654 - root - INFO - Token Token-338 released from wait queue for 'Tech'
2025-03-06 13:42:55,655 - root - INFO - Token Token-338 waited 18575.31 minutes for resource
2025-03-06 13:42:55,655 - root - INFO - Token Token-338 started task 'Review AM using Asset Change Tracker (5.5.13.1)' at 2025-01-20 09:49:18.758715, scheduled to end at 2025-01-20 09:58:29.283394
2025-03-06 13:42:55,656 - root - INFO - Token Token-337 started task 'Complete /Accurate?' at 2025-01-20 09:49:18.758715, scheduled to end at 2025-01-20 09:49:18.758715
2025-03-06 13:42:55,656 - root - INFO - Token Token-337 completed task 'Complete /Accurate?' at 2025-01-20 09:49:18.758715.
2025-03-06 13:42:55,656 - root - INFO - Token Token-337 waiting for resource 'Tech' at 2025-01-20 09:49:18.758715
2025-03-06 13:42:55,657 - root - INFO - Token Token-338 completed task 'Review AM using Asset Change Tracker (5.5.13.1)' at 2025-01-20 09:58:29.283394.
2025-03-06 13:42:55,657 - root - INFO - Token Token-339 released from wait queue for 'Tech'
2025-03-06 13:42:55,657 - root - INFO - Token Token-339 waited 18582.49 minutes for resource
2025-03-06 13:42:55,658 - root - INFO - Token Token-339 started task 'Review AM using Asset Change Tracker (5.5.13.1)' at 2025-01-20 09:58:29.283394, scheduled to end at 2025-01-20 10:06:52.024210
2025-03-06 13:42:55,658 - root - INFO - Token Token-338 started task 'Complete /Accurate?' at 2025-01-20 09:58:29.283394, scheduled to end at 2025-01-20 09:58:29.283394
2025-03-06 13:42:55,658 - root - INFO - Token Token-338 completed task 'Complete /Accurate?' at 2025-01-20 09:58:29.283394.
2025-03-06 13:42:55,672 - root - INFO - Token Token-338 waiting for resource 'Tech' at 2025-01-20 09:58:29.283394
2025-03-06 13:42:55,672 - root - INFO - Token Token-339 completed task 'Review AM using Asset Change Tracker (5.5.13.1)' at 2025-01-20 10:06:52.024210.
2025-03-06 13:42:55,673 - root - INFO - Token Token-38 released from wait queue for 'Tech'
2025-03-06 13:42:55,673 - root - INFO - Token Token-38 waited 18588.93 minutes for resource
2025-03-06 13:42:55,673 - root - INFO - Token Token-38 started task 'Note Accuracy in Asset Change Tracker (5.5.13.2)' at 2025-01-20 10:06:52.024210, scheduled to end at 2025-01-20 10:10:19.788466
2025-03-06 13:42:55,673 - root - INFO - Token Token-339 started task 'Complete /Accurate?' at 2025-01-20 10:06:52.024210, scheduled to end at 2025-01-20 10:06:52.024210
2025-03-06 13:42:55,674 - root - INFO - Token Token-339 completed task 'Complete /Accurate?' at 2025-01-20 10:06:52.024210.
2025-03-06 13:42:55,674 - root - INFO - Token Token-339 waiting for resource 'Tech' at 2025-01-20 10:06:52.024210
2025-03-06 13:42:55,674 - root - INFO - Token Token-38 completed task 'Note Accuracy in Asset Change Tracker (5.5.13.2)' at 2025-01-20 10:10:19.788466.
2025-03-06 13:42:55,674 - root - INFO - Token Token-340 released from wait queue for 'Tech'
2025-03-06 13:42:55,675 - root - INFO - Token Token-340 waited 18592.33 minutes for resource
2025-03-06 13:42:55,675 - root - INFO - Token Token-340 started task 'Review AM using Asset Change Tracker (5.5.13.1)' at 2025-01-20 10:10:19.788466, scheduled to end at 2025-01-20 10:18:35.688235
2025-03-06 13:42:55,675 - root - INFO - Token Token-38 started task 'Unknown' at 2025-01-20 10:10:19.788466, scheduled to end at 2025-01-20 10:10:19.788466
2025-03-06 13:42:55,675 - root - INFO - Token Token-38 completed task 'Unknown' at 2025-01-20 10:10:19.788466.
2025-03-06 13:42:55,676 - root - INFO - Token Token-38 has completed the entire process at 2025-01-20 10:10:19.788466.
2025-03-06 13:42:55,676 - root - INFO - Token Token-340 completed task 'Review AM using Asset Change Tracker (5.5.13.1)' at 2025-01-20 10:18:35.688235.
2025-03-06 13:42:55,676 - root - INFO - Token Token-341 released from wait queue for 'Tech'
2025-03-06 13:42:55,676 - root - INFO - Token Token-341 waited 18598.59 minutes for resource
2025-03-06 13:42:55,676 - root - INFO - Token Token-341 started task 'Review AM using Asset Change Tracker (5.5.13.1)' at 2025-01-20 10:18:35.688235, scheduled to end at 2025-01-20 10:27:48.885182
2025-03-06 13:42:55,677 - root - INFO - Token Token-340 started task 'Complete /Accurate?' at 2025-01-20 10:18:35.688235, scheduled to end at 2025-01-20 10:18:35.688235
2025-03-06 13:42:55,677 - root - INFO - Token Token-340 completed task 'Complete /Accurate?' at 2025-01-20 10:18:35.688235.
2025-03-06 13:42:55,677 - root - INFO - Token Token-340 waiting for resource 'Tech' at 2025-01-20 10:18:35.688235
2025-03-06 13:42:55,677 - root - INFO - Token Token-341 completed task 'Review AM using Asset Change Tracker (5.5.13.1)' at 2025-01-20 10:27:48.885182.
2025-03-06 13:42:55,677 - root - INFO - Token Token-342 released from wait queue for 'Tech'
2025-03-06 13:42:55,678 - root - INFO - Token Token-342 waited 18605.81 minutes for resource
2025-03-06 13:42:55,678 - root - INFO - Token Token-342 started task 'Review AM using Asset Change Tracker (5.5.13.1)' at 2025-01-20 10:27:48.885182, scheduled to end at 2025-01-20 10:34:44.103986
2025-03-06 13:42:55,678 - root - INFO - Token Token-341 started task 'Complete /Accurate?' at 2025-01-20 10:27:48.885182, scheduled to end at 2025-01-20 10:27:48.885182
2025-03-06 13:42:55,679 - root - INFO - Token Token-341 completed task 'Complete /Accurate?' at 2025-01-20 10:27:48.885182.
2025-03-06 13:42:55,679 - root - INFO - Token Token-341 waiting for resource 'Tech' at 2025-01-20 10:27:48.885182
2025-03-06 13:42:55,680 - root - INFO - Token Token-342 completed task 'Review AM using Asset Change Tracker (5.5.13.1)' at 2025-01-20 10:34:44.103986.
2025-03-06 13:42:55,680 - root - INFO - Token Token-343 released from wait queue for 'Tech'
2025-03-06 13:42:55,680 - root - INFO - Token Token-343 waited 18610.74 minutes for resource
2025-03-06 13:42:55,680 - root - INFO - Token Token-343 started task 'Review AM using Asset Change Tracker (5.5.13.1)' at 2025-01-20 10:34:44.103986, scheduled to end at 2025-01-20 10:42:59.731704
2025-03-06 13:42:55,681 - root - INFO - Token Token-342 started task 'Complete /Accurate?' at 2025-01-20 10:34:44.103986, scheduled to end at 2025-01-20 10:34:44.103986
2025-03-06 13:42:55,681 - root - INFO - Token Token-342 completed task 'Complete /Accurate?' at 2025-01-20 10:34:44.103986.
2025-03-06 13:42:55,681 - root - INFO - Token Token-342 waiting for resource 'Tech' at 2025-01-20 10:34:44.103986
2025-03-06 13:42:55,682 - root - INFO - Token Token-343 completed task 'Review AM using Asset Change Tracker (5.5.13.1)' at 2025-01-20 10:42:59.731704.
2025-03-06 13:42:55,683 - root - INFO - Token Token-39 released from wait queue for 'Tech'
2025-03-06 13:42:55,683 - root - INFO - Token Token-39 waited 18617.02 minutes for resource
2025-03-06 13:42:55,684 - root - INFO - Token Token-39 started task 'Note Accuracy in Asset Change Tracker (5.5.13.2)' at 2025-01-20 10:42:59.731704, scheduled to end at 2025-01-20 10:47:00.632099
2025-03-06 13:42:55,684 - root - INFO - Token Token-343 started task 'Complete /Accurate?' at 2025-01-20 10:42:59.731704, scheduled to end at 2025-01-20 10:42:59.731704
2025-03-06 13:42:55,684 - root - INFO - Token Token-343 completed task 'Complete /Accurate?' at 2025-01-20 10:42:59.731704.
2025-03-06 13:42:55,685 - root - INFO - Token Token-343 waiting for resource 'Tech' at 2025-01-20 10:42:59.731704
2025-03-06 13:42:55,685 - root - INFO - Token Token-39 completed task 'Note Accuracy in Asset Change Tracker (5.5.13.2)' at 2025-01-20 10:47:00.632099.
2025-03-06 13:42:55,686 - root - INFO - Token Token-344 released from wait queue for 'Tech'
2025-03-06 13:42:55,686 - root - INFO - Token Token-344 waited 18621.01 minutes for resource
2025-03-06 13:42:55,686 - root - INFO - Token Token-344 started task 'Review AM using Asset Change Tracker (5.5.13.1)' at 2025-01-20 10:47:00.632099, scheduled to end at 2025-01-20 10:54:38.305170
2025-03-06 13:42:55,687 - root - INFO - Token Token-39 started task 'Unknown' at 2025-01-20 10:47:00.632099, scheduled to end at 2025-01-20 10:47:00.632099
2025-03-06 13:42:55,687 - root - INFO - Token Token-39 completed task 'Unknown' at 2025-01-20 10:47:00.632099.
2025-03-06 13:42:55,687 - root - INFO - Token Token-39 has completed the entire process at 2025-01-20 10:47:00.632099.
2025-03-06 13:42:55,688 - root - INFO - Token Token-344 completed task 'Review AM using Asset Change Tracker (5.5.13.1)' at 2025-01-20 10:54:38.305170.
2025-03-06 13:42:55,688 - root - INFO - Token Token-345 released from wait queue for 'Tech'
2025-03-06 13:42:55,689 - root - INFO - Token Token-345 waited 18626.64 minutes for resource
2025-03-06 13:42:55,689 - root - INFO - Token Token-345 started task 'Review AM using Asset Change Tracker (5.5.13.1)' at 2025-01-20 10:54:38.305170, scheduled to end at 2025-01-20 11:03:37.511580
2025-03-06 13:42:55,689 - root - INFO - Token Token-344 started task 'Complete /Accurate?' at 2025-01-20 10:54:38.305170, scheduled to end at 2025-01-20 10:54:38.305170
2025-03-06 13:42:55,690 - root - INFO - Token Token-344 completed task 'Complete /Accurate?' at 2025-01-20 10:54:38.305170.
2025-03-06 13:42:55,690 - root - INFO - Token Token-344 waiting for resource 'Tech' at 2025-01-20 10:54:38.305170
2025-03-06 13:42:55,691 - root - INFO - Token Token-345 completed task 'Review AM using Asset Change Tracker (5.5.13.1)' at 2025-01-20 11:03:37.511580.
2025-03-06 13:42:55,691 - root - INFO - Token Token-346 released from wait queue for 'Tech'
2025-03-06 13:42:55,691 - root - INFO - Token Token-346 waited 18633.63 minutes for resource
2025-03-06 13:42:55,692 - root - INFO - Token Token-346 started task 'Review AM using Asset Change Tracker (5.5.13.1)' at 2025-01-20 11:03:37.511580, scheduled to end at 2025-01-20 11:11:23.877771
2025-03-06 13:42:55,692 - root - INFO - Token Token-345 started task 'Complete /Accurate?' at 2025-01-20 11:03:37.511580, scheduled to end at 2025-01-20 11:03:37.511580
2025-03-06 13:42:55,693 - root - INFO - Token Token-345 completed task 'Complete /Accurate?' at 2025-01-20 11:03:37.511580.
2025-03-06 13:42:55,693 - root - INFO - Token Token-345 waiting for resource 'Tech' at 2025-01-20 11:03:37.511580
2025-03-06 13:42:55,693 - root - INFO - Token Token-346 completed task 'Review AM using Asset Change Tracker (5.5.13.1)' at 2025-01-20 11:11:23.877771.
2025-03-06 13:42:55,694 - root - INFO - Token Token-347 released from wait queue for 'Tech'
2025-03-06 13:42:55,694 - root - INFO - Token Token-347 waited 18639.40 minutes for resource
2025-03-06 13:42:55,694 - root - INFO - Token Token-347 started task 'Review AM using Asset Change Tracker (5.5.13.1)' at 2025-01-20 11:11:23.877771, scheduled to end at 2025-01-20 11:20:16.822224
2025-03-06 13:42:55,695 - root - INFO - Token Token-346 started task 'Complete /Accurate?' at 2025-01-20 11:11:23.877771, scheduled to end at 2025-01-20 11:11:23.877771
2025-03-06 13:42:55,695 - root - INFO - Token Token-346 completed task 'Complete /Accurate?' at 2025-01-20 11:11:23.877771.
2025-03-06 13:42:55,696 - root - INFO - Token Token-346 waiting for resource 'Tech' at 2025-01-20 11:11:23.877771
2025-03-06 13:42:55,696 - root - INFO - Token Token-347 completed task 'Review AM using Asset Change Tracker (5.5.13.1)' at 2025-01-20 11:20:16.822224.
2025-03-06 13:42:55,696 - root - INFO - Token Token-40 released from wait queue for 'Tech'
2025-03-06 13:42:55,697 - root - INFO - Token Token-40 waited 18647.49 minutes for resource
2025-03-06 13:42:55,697 - root - INFO - Token Token-40 started task 'Note Accuracy in Asset Change Tracker (5.5.13.2)' at 2025-01-20 11:20:16.822224, scheduled to end at 2025-01-20 11:23:57.790222
2025-03-06 13:42:55,697 - root - INFO - Token Token-347 started task 'Complete /Accurate?' at 2025-01-20 11:20:16.822224, scheduled to end at 2025-01-20 11:20:16.822224
2025-03-06 13:42:55,698 - root - INFO - Token Token-347 completed task 'Complete /Accurate?' at 2025-01-20 11:20:16.822224.
2025-03-06 13:42:55,698 - root - INFO - Token Token-347 waiting for resource 'Tech' at 2025-01-20 11:20:16.822224
2025-03-06 13:42:55,699 - root - INFO - Token Token-40 completed task 'Note Accuracy in Asset Change Tracker (5.5.13.2)' at 2025-01-20 11:23:57.790222.
2025-03-06 13:42:55,699 - root - INFO - Token Token-348 released from wait queue for 'Tech'
2025-03-06 13:42:55,699 - root - INFO - Token Token-348 waited 18649.96 minutes for resource
2025-03-06 13:42:55,700 - root - INFO - Token Token-348 started task 'Review AM using Asset Change Tracker (5.5.13.1)' at 2025-01-20 11:23:57.790222, scheduled to end at 2025-01-20 11:33:11.144185
2025-03-06 13:42:55,700 - root - INFO - Token Token-40 started task 'Unknown' at 2025-01-20 11:23:57.790222, scheduled to end at 2025-01-20 11:23:57.790222
2025-03-06 13:42:55,700 - root - INFO - Token Token-40 completed task 'Unknown' at 2025-01-20 11:23:57.790222.
2025-03-06 13:42:55,701 - root - INFO - Token Token-40 has completed the entire process at 2025-01-20 11:23:57.790222.
2025-03-06 13:42:55,701 - root - INFO - Token Token-348 completed task 'Review AM using Asset Change Tracker (5.5.13.1)' at 2025-01-20 11:33:11.144185.
2025-03-06 13:42:55,701 - root - INFO - Token Token-349 released from wait queue for 'Tech'
2025-03-06 13:42:55,702 - root - INFO - Token Token-349 waited 18657.19 minutes for resource
2025-03-06 13:42:55,702 - root - INFO - Token Token-349 started task 'Review AM using Asset Change Tracker (5.5.13.1)' at 2025-01-20 11:33:11.144185, scheduled to end at 2025-01-20 11:41:37.486674
2025-03-06 13:42:55,702 - root - INFO - Token Token-348 started task 'Complete /Accurate?' at 2025-01-20 11:33:11.144185, scheduled to end at 2025-01-20 11:33:11.144185
2025-03-06 13:42:55,703 - root - INFO - Token Token-348 completed task 'Complete /Accurate?' at 2025-01-20 11:33:11.144185.
2025-03-06 13:42:55,704 - root - INFO - Token Token-348 waiting for resource 'Tech' at 2025-01-20 11:33:11.144185
2025-03-06 13:42:55,704 - root - INFO - Token Token-349 completed task 'Review AM using Asset Change Tracker (5.5.13.1)' at 2025-01-20 11:41:37.486674.
2025-03-06 13:42:55,704 - root - INFO - Token Token-350 released from wait queue for 'Tech'
2025-03-06 13:42:55,704 - root - INFO - Token Token-350 waited 18663.62 minutes for resource
2025-03-06 13:42:55,704 - root - INFO - Token Token-350 started task 'Review AM using Asset Change Tracker (5.5.13.1)' at 2025-01-20 11:41:37.486674, scheduled to end at 2025-01-20 11:50:10.977081
2025-03-06 13:42:55,704 - root - INFO - Token Token-349 started task 'Complete /Accurate?' at 2025-01-20 11:41:37.486674, scheduled to end at 2025-01-20 11:41:37.486674
2025-03-06 13:42:55,704 - root - INFO - Token Token-349 completed task 'Complete /Accurate?' at 2025-01-20 11:41:37.486674.
2025-03-06 13:42:55,704 - root - INFO - Token Token-349 waiting for resource 'Tech' at 2025-01-20 11:41:37.486674
2025-03-06 13:42:55,704 - root - INFO - Token Token-350 completed task 'Review AM using Asset Change Tracker (5.5.13.1)' at 2025-01-20 11:50:10.977081.
2025-03-06 13:42:55,704 - root - INFO - Token Token-351 released from wait queue for 'Tech'
2025-03-06 13:42:55,704 - root - INFO - Token Token-351 waited 18670.18 minutes for resource
2025-03-06 13:42:55,706 - root - INFO - Token Token-351 started task 'Review AM using Asset Change Tracker (5.5.13.1)' at 2025-01-20 11:50:10.977081, scheduled to end at 2025-01-20 11:58:38.536135
2025-03-06 13:42:55,706 - root - INFO - Token Token-350 started task 'Complete /Accurate?' at 2025-01-20 11:50:10.977081, scheduled to end at 2025-01-20 11:50:10.977081
2025-03-06 13:42:55,706 - root - INFO - Token Token-350 completed task 'Complete /Accurate?' at 2025-01-20 11:50:10.977081.
2025-03-06 13:42:55,706 - root - INFO - Token Token-350 waiting for resource 'Tech' at 2025-01-20 11:50:10.977081
2025-03-06 13:42:55,707 - root - INFO - Token Token-351 completed task 'Review AM using Asset Change Tracker (5.5.13.1)' at 2025-01-20 11:58:38.536135.
2025-03-06 13:42:55,707 - root - INFO - Token Token-41 released from wait queue for 'Tech'
2025-03-06 13:42:55,708 - root - INFO - Token Token-41 waited 18676.86 minutes for resource
2025-03-06 13:42:55,709 - root - INFO - Token Token-41 started task 'Note Accuracy in Asset Change Tracker (5.5.13.2)' at 2025-01-20 11:58:38.536135, scheduled to end at 2025-01-20 12:04:10.580094
2025-03-06 13:42:55,722 - root - INFO - Token Token-351 started task 'Complete /Accurate?' at 2025-01-20 11:58:38.536135, scheduled to end at 2025-01-20 11:58:38.536135
2025-03-06 13:42:55,723 - root - INFO - Token Token-351 completed task 'Complete /Accurate?' at 2025-01-20 11:58:38.536135.
2025-03-06 13:42:55,723 - root - INFO - Token Token-351 waiting for resource 'Tech' at 2025-01-20 11:58:38.536135
2025-03-06 13:42:55,723 - root - INFO - Token Token-41 completed task 'Note Accuracy in Asset Change Tracker (5.5.13.2)' at 2025-01-20 12:04:10.580094.
2025-03-06 13:42:55,724 - root - INFO - Token Token-352 released from wait queue for 'Tech'
2025-03-06 13:42:55,724 - root - INFO - Token Token-352 waited 18682.18 minutes for resource
2025-03-06 13:42:55,724 - root - INFO - Token Token-352 started task 'Review AM using Asset Change Tracker (5.5.13.1)' at 2025-01-20 12:04:10.580094, scheduled to end at 2025-01-20 12:13:14.977161
2025-03-06 13:42:55,724 - root - INFO - Token Token-41 started task 'Unknown' at 2025-01-20 12:04:10.580094, scheduled to end at 2025-01-20 12:04:10.580094
2025-03-06 13:42:55,725 - root - INFO - Token Token-41 completed task 'Unknown' at 2025-01-20 12:04:10.580094.
2025-03-06 13:42:55,725 - root - INFO - Token Token-41 has completed the entire process at 2025-01-20 12:04:10.580094.
2025-03-06 13:42:55,725 - root - INFO - Token Token-352 completed task 'Review AM using Asset Change Tracker (5.5.13.1)' at 2025-01-20 12:13:14.977161.
2025-03-06 13:42:55,725 - root - INFO - Token Token-353 released from wait queue for 'Tech'
2025-03-06 13:42:55,726 - root - INFO - Token Token-353 waited 18689.25 minutes for resource
2025-03-06 13:42:55,726 - root - INFO - Token Token-353 started task 'Review AM using Asset Change Tracker (5.5.13.1)' at 2025-01-20 12:13:14.977161, scheduled to end at 2025-01-20 12:22:09.156452
2025-03-06 13:42:55,726 - root - INFO - Token Token-352 started task 'Complete /Accurate?' at 2025-01-20 12:13:14.977161, scheduled to end at 2025-01-20 12:13:14.977161
2025-03-06 13:42:55,726 - root - INFO - Token Token-352 completed task 'Complete /Accurate?' at 2025-01-20 12:13:14.977161.
2025-03-06 13:42:55,726 - root - INFO - Token Token-352 waiting for resource 'Tech' at 2025-01-20 12:13:14.977161
2025-03-06 13:42:55,727 - root - INFO - Token Token-353 completed task 'Review AM using Asset Change Tracker (5.5.13.1)' at 2025-01-20 12:22:09.156452.
2025-03-06 13:42:55,727 - root - INFO - Token Token-354 released from wait queue for 'Tech'
2025-03-06 13:42:55,727 - root - INFO - Token Token-354 waited 18696.15 minutes for resource
2025-03-06 13:42:55,727 - root - INFO - Token Token-354 started task 'Review AM using Asset Change Tracker (5.5.13.1)' at 2025-01-20 12:22:09.156452, scheduled to end at 2025-01-20 12:30:09.808291
2025-03-06 13:42:55,728 - root - INFO - Token Token-353 started task 'Complete /Accurate?' at 2025-01-20 12:22:09.156452, scheduled to end at 2025-01-20 12:22:09.156452
2025-03-06 13:42:55,728 - root - INFO - Token Token-353 completed task 'Complete /Accurate?' at 2025-01-20 12:22:09.156452.
2025-03-06 13:42:55,728 - root - INFO - Token Token-353 waiting for resource 'Tech' at 2025-01-20 12:22:09.156452
2025-03-06 13:42:55,728 - root - INFO - Token Token-354 completed task 'Review AM using Asset Change Tracker (5.5.13.1)' at 2025-01-20 12:30:09.808291.
2025-03-06 13:42:55,728 - root - INFO - Token Token-42 released from wait queue for 'Tech'
2025-03-06 13:42:55,729 - root - INFO - Token Token-42 waited 18703.06 minutes for resource
2025-03-06 13:42:55,729 - root - INFO - Token Token-42 started task 'Work with REO RPO to Correct (5.5.13.3)' at 2025-01-20 12:30:09.808291, scheduled to end at 2025-01-21 07:00:00
2025-03-06 13:42:55,729 - root - INFO - Token Token-354 started task 'Complete /Accurate?' at 2025-01-20 12:30:09.808291, scheduled to end at 2025-01-20 12:30:09.808291
2025-03-06 13:42:55,729 - root - INFO - Token Token-354 completed task 'Complete /Accurate?' at 2025-01-20 12:30:09.808291.
2025-03-06 13:42:55,730 - root - INFO - Token Token-354 waiting for resource 'Tech' at 2025-01-20 12:30:09.808291
2025-03-06 13:42:55,730 - root - INFO - Token Token-42 completed task 'Work with REO RPO to Correct (5.5.13.3)' at 2025-01-21 07:00:00.
2025-03-06 13:42:55,731 - root - INFO - Token Token-355 released from wait queue for 'Tech'
2025-03-06 13:42:55,731 - root - INFO - Token Token-355 waited 19812.00 minutes for resource
2025-03-06 13:42:55,731 - root - INFO - Token Token-355 started task 'Review AM using Asset Change Tracker (5.5.13.1)' at 2025-01-21 07:00:00, scheduled to end at 2025-01-21 07:08:12.471465
2025-03-06 13:42:55,731 - root - INFO - Token Token-42 started task 'Create Journal Entries?' at 2025-01-21 07:00:00, scheduled to end at 2025-01-21 07:00:00
2025-03-06 13:42:55,733 - root - INFO - Token Token-42 completed task 'Create Journal Entries?' at 2025-01-21 07:00:00.
2025-03-06 13:42:55,733 - root - INFO - Token Token-42 started task 'Create/Post Journal Entries (5.5.13.4)' at 2025-01-21 07:00:00, scheduled to end at 2025-01-21 07:09:12.460847
2025-03-06 13:42:55,734 - root - INFO - Token Token-42 waiting for resource 'Tech' at 2025-01-21 07:00:00
2025-03-06 13:42:55,734 - root - INFO - Token Token-355 completed task 'Review AM using Asset Change Tracker (5.5.13.1)' at 2025-01-21 07:08:12.471465.
2025-03-06 13:42:55,734 - root - INFO - Token Token-356 released from wait queue for 'Tech'
2025-03-06 13:42:55,735 - root - INFO - Token Token-356 waited 19818.21 minutes for resource
2025-03-06 13:42:55,735 - root - INFO - Token Token-356 started task 'Review AM using Asset Change Tracker (5.5.13.1)' at 2025-01-21 07:08:12.471465, scheduled to end at 2025-01-21 07:17:27.536854
2025-03-06 13:42:55,736 - root - INFO - Token Token-355 started task 'Complete /Accurate?' at 2025-01-21 07:08:12.471465, scheduled to end at 2025-01-21 07:08:12.471465
2025-03-06 13:42:55,736 - root - INFO - Token Token-355 completed task 'Complete /Accurate?' at 2025-01-21 07:08:12.471465.
2025-03-06 13:42:55,736 - root - INFO - Token Token-355 waiting for resource 'Tech' at 2025-01-21 07:08:12.471465
2025-03-06 13:42:55,737 - root - INFO - Token Token-42 completed task 'Create/Post Journal Entries (5.5.13.4)' at 2025-01-21 07:09:12.460847.
2025-03-06 13:42:55,737 - root - INFO - Token Token-42 waited 9.21 minutes for resource
2025-03-06 13:42:55,737 - root - INFO - Token Token-42 started task 'Unknown' at 2025-01-21 07:09:12.460847, scheduled to end at 2025-01-21 07:09:12.460847
2025-03-06 13:42:55,738 - root - INFO - Token Token-42 completed task 'Unknown' at 2025-01-21 07:09:12.460847.
2025-03-06 13:42:55,738 - root - INFO - Token Token-42 has completed the entire process at 2025-01-21 07:09:12.460847.
2025-03-06 13:42:55,738 - root - INFO - Token Token-356 completed task 'Review AM using Asset Change Tracker (5.5.13.1)' at 2025-01-21 07:17:27.536854.
2025-03-06 13:42:55,739 - root - INFO - Token Token-357 released from wait queue for 'Tech'
2025-03-06 13:42:55,739 - root - INFO - Token Token-357 waited 19825.46 minutes for resource
2025-03-06 13:42:55,740 - root - INFO - Token Token-357 started task 'Review AM using Asset Change Tracker (5.5.13.1)' at 2025-01-21 07:17:27.536854, scheduled to end at 2025-01-21 07:26:04.683615
2025-03-06 13:42:55,740 - root - INFO - Token Token-356 started task 'Complete /Accurate?' at 2025-01-21 07:17:27.536854, scheduled to end at 2025-01-21 07:17:27.536854
2025-03-06 13:42:55,740 - root - INFO - Token Token-356 completed task 'Complete /Accurate?' at 2025-01-21 07:17:27.536854.
2025-03-06 13:42:55,741 - root - INFO - Token Token-356 waiting for resource 'Tech' at 2025-01-21 07:17:27.536854
2025-03-06 13:42:55,741 - root - INFO - Token Token-357 completed task 'Review AM using Asset Change Tracker (5.5.13.1)' at 2025-01-21 07:26:04.683615.
2025-03-06 13:42:55,741 - root - INFO - Token Token-358 released from wait queue for 'Tech'
2025-03-06 13:42:55,742 - root - INFO - Token Token-358 waited 19832.08 minutes for resource
2025-03-06 13:42:55,742 - root - INFO - Token Token-358 started task 'Review AM using Asset Change Tracker (5.5.13.1)' at 2025-01-21 07:26:04.683615, scheduled to end at 2025-01-21 07:34:54.438266
2025-03-06 13:42:55,743 - root - INFO - Token Token-357 started task 'Complete /Accurate?' at 2025-01-21 07:26:04.683615, scheduled to end at 2025-01-21 07:26:04.683615
2025-03-06 13:42:55,743 - root - INFO - Token Token-357 completed task 'Complete /Accurate?' at 2025-01-21 07:26:04.683615.
2025-03-06 13:42:55,744 - root - INFO - Token Token-357 waiting for resource 'Tech' at 2025-01-21 07:26:04.683615
2025-03-06 13:42:55,744 - root - INFO - Token Token-358 completed task 'Review AM using Asset Change Tracker (5.5.13.1)' at 2025-01-21 07:34:54.438266.
2025-03-06 13:42:55,745 - root - INFO - Token Token-43 released from wait queue for 'Tech'
2025-03-06 13:42:55,745 - root - INFO - Token Token-43 waited 19839.80 minutes for resource
2025-03-06 13:42:55,745 - root - INFO - Token Token-43 started task 'Note Accuracy in Asset Change Tracker (5.5.13.2)' at 2025-01-21 07:34:54.438266, scheduled to end at 2025-01-21 07:41:16.884235
2025-03-06 13:42:55,746 - root - INFO - Token Token-358 started task 'Complete /Accurate?' at 2025-01-21 07:34:54.438266, scheduled to end at 2025-01-21 07:34:54.438266
2025-03-06 13:42:55,746 - root - INFO - Token Token-358 completed task 'Complete /Accurate?' at 2025-01-21 07:34:54.438266.
2025-03-06 13:42:55,746 - root - INFO - Token Token-358 waiting for resource 'Tech' at 2025-01-21 07:34:54.438266
2025-03-06 13:42:55,747 - root - INFO - Token Token-43 completed task 'Note Accuracy in Asset Change Tracker (5.5.13.2)' at 2025-01-21 07:41:16.884235.
2025-03-06 13:42:55,747 - root - INFO - Token Token-359 released from wait queue for 'Tech'
2025-03-06 13:42:55,748 - root - INFO - Token Token-359 waited 19845.28 minutes for resource
2025-03-06 13:42:55,748 - root - INFO - Token Token-359 started task 'Review AM using Asset Change Tracker (5.5.13.1)' at 2025-01-21 07:41:16.884235, scheduled to end at 2025-01-21 07:49:06.522991
2025-03-06 13:42:55,748 - root - INFO - Token Token-43 started task 'Unknown' at 2025-01-21 07:41:16.884235, scheduled to end at 2025-01-21 07:41:16.884235
2025-03-06 13:42:55,749 - root - INFO - Token Token-43 completed task 'Unknown' at 2025-01-21 07:41:16.884235.
2025-03-06 13:42:55,749 - root - INFO - Token Token-43 has completed the entire process at 2025-01-21 07:41:16.884235.
2025-03-06 13:42:55,749 - root - INFO - Token Token-359 completed task 'Review AM using Asset Change Tracker (5.5.13.1)' at 2025-01-21 07:49:06.522991.
2025-03-06 13:42:55,750 - root - INFO - Token Token-360 released from wait queue for 'Tech'
2025-03-06 13:42:55,750 - root - INFO - Token Token-360 waited 19851.11 minutes for resource
2025-03-06 13:42:55,765 - root - INFO - Token Token-360 started task 'Review AM using Asset Change Tracker (5.5.13.1)' at 2025-01-21 07:49:06.522991, scheduled to end at 2025-01-21 07:54:58.560509
2025-03-06 13:42:55,766 - root - INFO - Token Token-359 started task 'Complete /Accurate?' at 2025-01-21 07:49:06.522991, scheduled to end at 2025-01-21 07:49:06.522991
2025-03-06 13:42:55,766 - root - INFO - Token Token-359 completed task 'Complete /Accurate?' at 2025-01-21 07:49:06.522991.
2025-03-06 13:42:55,766 - root - INFO - Token Token-359 waiting for resource 'Tech' at 2025-01-21 07:49:06.522991
2025-03-06 13:42:55,766 - root - INFO - Token Token-360 completed task 'Review AM using Asset Change Tracker (5.5.13.1)' at 2025-01-21 07:54:58.560509.
2025-03-06 13:42:55,767 - root - INFO - Token Token-361 released from wait queue for 'Tech'
2025-03-06 13:42:55,767 - root - INFO - Token Token-361 waited 18774.98 minutes for resource
2025-03-06 13:42:55,767 - root - INFO - Token Token-361 started task 'Review AM using Asset Change Tracker (5.5.13.1)' at 2025-01-21 07:54:58.560509, scheduled to end at 2025-01-21 08:03:50.210867
2025-03-06 13:42:55,767 - root - INFO - Token Token-360 started task 'Complete /Accurate?' at 2025-01-21 07:54:58.560509, scheduled to end at 2025-01-21 07:54:58.560509
2025-03-06 13:42:55,767 - root - INFO - Token Token-360 completed task 'Complete /Accurate?' at 2025-01-21 07:54:58.560509.
2025-03-06 13:42:55,768 - root - INFO - Token Token-360 waiting for resource 'Tech' at 2025-01-21 07:54:58.560509
2025-03-06 13:42:55,768 - root - INFO - Token Token-361 completed task 'Review AM using Asset Change Tracker (5.5.13.1)' at 2025-01-21 08:03:50.210867.
2025-03-06 13:42:55,768 - root - INFO - Token Token-44 released from wait queue for 'Tech'
2025-03-06 13:42:55,768 - root - INFO - Token Token-44 waited 18783.84 minutes for resource
2025-03-06 13:42:55,769 - root - INFO - Token Token-44 started task 'Note Accuracy in Asset Change Tracker (5.5.13.2)' at 2025-01-21 08:03:50.210867, scheduled to end at 2025-01-21 08:09:00.843154
2025-03-06 13:42:55,769 - root - INFO - Token Token-361 started task 'Complete /Accurate?' at 2025-01-21 08:03:50.210867, scheduled to end at 2025-01-21 08:03:50.210867
2025-03-06 13:42:55,769 - root - INFO - Token Token-361 completed task 'Complete /Accurate?' at 2025-01-21 08:03:50.210867.
2025-03-06 13:42:55,769 - root - INFO - Token Token-361 waiting for resource 'Tech' at 2025-01-21 08:03:50.210867
2025-03-06 13:42:55,769 - root - INFO - Token Token-44 completed task 'Note Accuracy in Asset Change Tracker (5.5.13.2)' at 2025-01-21 08:09:00.843154.
2025-03-06 13:42:55,770 - root - INFO - Token Token-362 released from wait queue for 'Tech'
2025-03-06 13:42:55,770 - root - INFO - Token Token-362 waited 18787.01 minutes for resource
2025-03-06 13:42:55,770 - root - INFO - Token Token-362 started task 'Review AM using Asset Change Tracker (5.5.13.1)' at 2025-01-21 08:09:00.843154, scheduled to end at 2025-01-21 08:17:53.874162
2025-03-06 13:42:55,770 - root - INFO - Token Token-44 started task 'Unknown' at 2025-01-21 08:09:00.843154, scheduled to end at 2025-01-21 08:09:00.843154
2025-03-06 13:42:55,771 - root - INFO - Token Token-44 completed task 'Unknown' at 2025-01-21 08:09:00.843154.
2025-03-06 13:42:55,771 - root - INFO - Token Token-44 has completed the entire process at 2025-01-21 08:09:00.843154.
2025-03-06 13:42:55,771 - root - INFO - Token Token-362 completed task 'Review AM using Asset Change Tracker (5.5.13.1)' at 2025-01-21 08:17:53.874162.
2025-03-06 13:42:55,772 - root - INFO - Token Token-363 released from wait queue for 'Tech'
2025-03-06 13:42:55,772 - root - INFO - Token Token-363 waited 18793.90 minutes for resource
2025-03-06 13:42:55,772 - root - INFO - Token Token-363 started task 'Review AM using Asset Change Tracker (5.5.13.1)' at 2025-01-21 08:17:53.874162, scheduled to end at 2025-01-21 08:26:00.502058
2025-03-06 13:42:55,773 - root - INFO - Token Token-362 started task 'Complete /Accurate?' at 2025-01-21 08:17:53.874162, scheduled to end at 2025-01-21 08:17:53.874162
2025-03-06 13:42:55,773 - root - INFO - Token Token-362 completed task 'Complete /Accurate?' at 2025-01-21 08:17:53.874162.
2025-03-06 13:42:55,773 - root - INFO - Token Token-362 waiting for resource 'Tech' at 2025-01-21 08:17:53.874162
2025-03-06 13:42:55,774 - root - INFO - Token Token-363 completed task 'Review AM using Asset Change Tracker (5.5.13.1)' at 2025-01-21 08:26:00.502058.
2025-03-06 13:42:55,774 - root - INFO - Token Token-364 released from wait queue for 'Tech'
2025-03-06 13:42:55,774 - root - INFO - Token Token-364 waited 18800.01 minutes for resource
2025-03-06 13:42:55,774 - root - INFO - Token Token-364 started task 'Review AM using Asset Change Tracker (5.5.13.1)' at 2025-01-21 08:26:00.502058, scheduled to end at 2025-01-21 08:34:58.771536
2025-03-06 13:42:55,775 - root - INFO - Token Token-363 started task 'Complete /Accurate?' at 2025-01-21 08:26:00.502058, scheduled to end at 2025-01-21 08:26:00.502058
2025-03-06 13:42:55,775 - root - INFO - Token Token-363 completed task 'Complete /Accurate?' at 2025-01-21 08:26:00.502058.
2025-03-06 13:42:55,776 - root - INFO - Token Token-363 waiting for resource 'Tech' at 2025-01-21 08:26:00.502058
2025-03-06 13:42:55,776 - root - INFO - Token Token-364 completed task 'Review AM using Asset Change Tracker (5.5.13.1)' at 2025-01-21 08:34:58.771536.
2025-03-06 13:42:55,777 - root - INFO - Token Token-365 released from wait queue for 'Tech'
2025-03-06 13:42:55,777 - root - INFO - Token Token-365 waited 18806.98 minutes for resource
2025-03-06 13:42:55,777 - root - INFO - Token Token-365 started task 'Review AM using Asset Change Tracker (5.5.13.1)' at 2025-01-21 08:34:58.771536, scheduled to end at 2025-01-21 08:40:44.582021
2025-03-06 13:42:55,778 - root - INFO - Token Token-364 started task 'Complete /Accurate?' at 2025-01-21 08:34:58.771536, scheduled to end at 2025-01-21 08:34:58.771536
2025-03-06 13:42:55,778 - root - INFO - Token Token-364 completed task 'Complete /Accurate?' at 2025-01-21 08:34:58.771536.
2025-03-06 13:42:55,779 - root - INFO - Token Token-364 waiting for resource 'Tech' at 2025-01-21 08:34:58.771536
2025-03-06 13:42:55,779 - root - INFO - Token Token-365 completed task 'Review AM using Asset Change Tracker (5.5.13.1)' at 2025-01-21 08:40:44.582021.
2025-03-06 13:42:55,779 - root - INFO - Token Token-45 released from wait queue for 'Tech'
2025-03-06 13:42:55,780 - root - INFO - Token Token-45 waited 18811.65 minutes for resource
2025-03-06 13:42:55,780 - root - INFO - Token Token-45 started task 'Note Accuracy in Asset Change Tracker (5.5.13.2)' at 2025-01-21 08:40:44.582021, scheduled to end at 2025-01-21 08:45:31.541427
2025-03-06 13:42:55,780 - root - INFO - Token Token-365 started task 'Complete /Accurate?' at 2025-01-21 08:40:44.582021, scheduled to end at 2025-01-21 08:40:44.582021
2025-03-06 13:42:55,781 - root - INFO - Token Token-365 completed task 'Complete /Accurate?' at 2025-01-21 08:40:44.582021.
2025-03-06 13:42:55,781 - root - INFO - Token Token-365 waiting for resource 'Tech' at 2025-01-21 08:40:44.582021
2025-03-06 13:42:55,782 - root - INFO - Token Token-45 completed task 'Note Accuracy in Asset Change Tracker (5.5.13.2)' at 2025-01-21 08:45:31.541427.
2025-03-06 13:42:55,782 - root - INFO - Token Token-366 released from wait queue for 'Tech'
2025-03-06 13:42:55,782 - root - INFO - Token Token-366 waited 18815.53 minutes for resource
2025-03-06 13:42:55,783 - root - INFO - Token Token-366 started task 'Review AM using Asset Change Tracker (5.5.13.1)' at 2025-01-21 08:45:31.541427, scheduled to end at 2025-01-21 08:52:30.583678
2025-03-06 13:42:55,783 - root - INFO - Token Token-45 started task 'Unknown' at 2025-01-21 08:45:31.541427, scheduled to end at 2025-01-21 08:45:31.541427
2025-03-06 13:42:55,784 - root - INFO - Token Token-45 completed task 'Unknown' at 2025-01-21 08:45:31.541427.
2025-03-06 13:42:55,784 - root - INFO - Token Token-45 has completed the entire process at 2025-01-21 08:45:31.541427.
2025-03-06 13:42:55,784 - root - INFO - Token Token-366 completed task 'Review AM using Asset Change Tracker (5.5.13.1)' at 2025-01-21 08:52:30.583678.
2025-03-06 13:42:55,785 - root - INFO - Token Token-367 released from wait queue for 'Tech'
2025-03-06 13:42:55,785 - root - INFO - Token Token-367 waited 18820.51 minutes for resource
2025-03-06 13:42:55,785 - root - INFO - Token Token-367 started task 'Review AM using Asset Change Tracker (5.5.13.1)' at 2025-01-21 08:52:30.583678, scheduled to end at 2025-01-21 09:01:01.494172
2025-03-06 13:42:55,786 - root - INFO - Token Token-366 started task 'Complete /Accurate?' at 2025-01-21 08:52:30.583678, scheduled to end at 2025-01-21 08:52:30.583678
2025-03-06 13:42:55,786 - root - INFO - Token Token-366 completed task 'Complete /Accurate?' at 2025-01-21 08:52:30.583678.
2025-03-06 13:42:55,786 - root - INFO - Token Token-366 waiting for resource 'Tech' at 2025-01-21 08:52:30.583678
2025-03-06 13:42:55,787 - root - INFO - Token Token-367 completed task 'Review AM using Asset Change Tracker (5.5.13.1)' at 2025-01-21 09:01:01.494172.
2025-03-06 13:42:55,787 - root - INFO - Token Token-368 released from wait queue for 'Tech'
2025-03-06 13:42:55,788 - root - INFO - Token Token-368 waited 18827.02 minutes for resource
2025-03-06 13:42:55,788 - root - INFO - Token Token-368 started task 'Review AM using Asset Change Tracker (5.5.13.1)' at 2025-01-21 09:01:01.494172, scheduled to end at 2025-01-21 09:09:18.416073
2025-03-06 13:42:55,789 - root - INFO - Token Token-367 started task 'Complete /Accurate?' at 2025-01-21 09:01:01.494172, scheduled to end at 2025-01-21 09:01:01.494172
2025-03-06 13:42:55,789 - root - INFO - Token Token-367 completed task 'Complete /Accurate?' at 2025-01-21 09:01:01.494172.
2025-03-06 13:42:55,789 - root - INFO - Token Token-367 waiting for resource 'Tech' at 2025-01-21 09:01:01.494172
2025-03-06 13:42:55,790 - root - INFO - Token Token-368 completed task 'Review AM using Asset Change Tracker (5.5.13.1)' at 2025-01-21 09:09:18.416073.
2025-03-06 13:42:55,790 - root - INFO - Token Token-46 released from wait queue for 'Tech'
2025-03-06 13:42:55,790 - root - INFO - Token Token-46 waited 18833.63 minutes for resource
2025-03-06 13:42:55,791 - root - INFO - Token Token-46 started task 'Work with REO RPO to Correct (5.5.13.3)' at 2025-01-21 09:09:18.416073, scheduled to end at 2025-01-21 11:10:07.032026
2025-03-06 13:42:55,791 - root - INFO - Token Token-368 started task 'Complete /Accurate?' at 2025-01-21 09:09:18.416073, scheduled to end at 2025-01-21 09:09:18.416073
2025-03-06 13:42:55,792 - root - INFO - Token Token-368 completed task 'Complete /Accurate?' at 2025-01-21 09:09:18.416073.
2025-03-06 13:42:55,792 - root - INFO - Token Token-368 waiting for resource 'Tech' at 2025-01-21 09:09:18.416073
2025-03-06 13:42:55,793 - root - INFO - Token Token-46 completed task 'Work with REO RPO to Correct (5.5.13.3)' at 2025-01-21 11:10:07.032026.
2025-03-06 13:42:55,794 - root - INFO - Token Token-369 released from wait queue for 'Tech'
2025-03-06 13:42:55,795 - root - INFO - Token Token-369 waited 18954.12 minutes for resource
2025-03-06 13:42:55,809 - root - INFO - Token Token-369 started task 'Review AM using Asset Change Tracker (5.5.13.1)' at 2025-01-21 11:10:07.032026, scheduled to end at 2025-01-21 11:18:00.807529
2025-03-06 13:42:55,809 - root - INFO - Token Token-46 started task 'Create Journal Entries?' at 2025-01-21 11:10:07.032026, scheduled to end at 2025-01-21 11:10:07.032026
2025-03-06 13:42:55,810 - root - INFO - Token Token-46 completed task 'Create Journal Entries?' at 2025-01-21 11:10:07.032026.
2025-03-06 13:42:55,810 - root - INFO - Token Token-46 started task 'Create/Post Journal Entries (5.5.13.4)' at 2025-01-21 11:10:07.032026, scheduled to end at 2025-01-21 11:22:03.441626
2025-03-06 13:42:55,810 - root - INFO - Token Token-46 waiting for resource 'Tech' at 2025-01-21 11:10:07.032026
2025-03-06 13:42:55,810 - root - INFO - Token Token-369 completed task 'Review AM using Asset Change Tracker (5.5.13.1)' at 2025-01-21 11:18:00.807529.
2025-03-06 13:42:55,811 - root - INFO - Token Token-370 released from wait queue for 'Tech'
2025-03-06 13:42:55,811 - root - INFO - Token Token-370 waited 18960.01 minutes for resource
2025-03-06 13:42:55,811 - root - INFO - Token Token-370 started task 'Review AM using Asset Change Tracker (5.5.13.1)' at 2025-01-21 11:18:00.807529, scheduled to end at 2025-01-21 11:26:09.821331
2025-03-06 13:42:55,811 - root - INFO - Token Token-369 started task 'Complete /Accurate?' at 2025-01-21 11:18:00.807529, scheduled to end at 2025-01-21 11:18:00.807529
2025-03-06 13:42:55,812 - root - INFO - Token Token-369 completed task 'Complete /Accurate?' at 2025-01-21 11:18:00.807529.
2025-03-06 13:42:55,812 - root - INFO - Token Token-369 waiting for resource 'Tech' at 2025-01-21 11:18:00.807529
2025-03-06 13:42:55,812 - root - INFO - Token Token-46 completed task 'Create/Post Journal Entries (5.5.13.4)' at 2025-01-21 11:22:03.441626.
2025-03-06 13:42:55,812 - root - INFO - Token Token-46 waited 11.94 minutes for resource
2025-03-06 13:42:55,813 - root - INFO - Token Token-46 started task 'Unknown' at 2025-01-21 11:22:03.441626, scheduled to end at 2025-01-21 11:22:03.441626
2025-03-06 13:42:55,813 - root - INFO - Token Token-46 completed task 'Unknown' at 2025-01-21 11:22:03.441626.
2025-03-06 13:42:55,813 - root - INFO - Token Token-46 has completed the entire process at 2025-01-21 11:22:03.441626.
2025-03-06 13:42:55,813 - root - INFO - Token Token-370 completed task 'Review AM using Asset Change Tracker (5.5.13.1)' at 2025-01-21 11:26:09.821331.
2025-03-06 13:42:55,814 - root - INFO - Token Token-371 released from wait queue for 'Tech'
2025-03-06 13:42:55,814 - root - INFO - Token Token-371 waited 18966.16 minutes for resource
2025-03-06 13:42:55,814 - root - INFO - Token Token-371 started task 'Review AM using Asset Change Tracker (5.5.13.1)' at 2025-01-21 11:26:09.821331, scheduled to end at 2025-01-21 11:35:33.835689
2025-03-06 13:42:55,814 - root - INFO - Token Token-370 started task 'Complete /Accurate?' at 2025-01-21 11:26:09.821331, scheduled to end at 2025-01-21 11:26:09.821331
2025-03-06 13:42:55,815 - root - INFO - Token Token-370 completed task 'Complete /Accurate?' at 2025-01-21 11:26:09.821331.
2025-03-06 13:42:55,815 - root - INFO - Token Token-370 waiting for resource 'Tech' at 2025-01-21 11:26:09.821331
2025-03-06 13:42:55,815 - root - INFO - Token Token-371 completed task 'Review AM using Asset Change Tracker (5.5.13.1)' at 2025-01-21 11:35:33.835689.
2025-03-06 13:42:55,816 - root - INFO - Token Token-372 released from wait queue for 'Tech'
2025-03-06 13:42:55,816 - root - INFO - Token Token-372 waited 18973.56 minutes for resource
2025-03-06 13:42:55,816 - root - INFO - Token Token-372 started task 'Review AM using Asset Change Tracker (5.5.13.1)' at 2025-01-21 11:35:33.835689, scheduled to end at 2025-01-21 11:45:06.861907
2025-03-06 13:42:55,816 - root - INFO - Token Token-371 started task 'Complete /Accurate?' at 2025-01-21 11:35:33.835689, scheduled to end at 2025-01-21 11:35:33.835689
2025-03-06 13:42:55,818 - root - INFO - Token Token-371 completed task 'Complete /Accurate?' at 2025-01-21 11:35:33.835689.
2025-03-06 13:42:55,818 - root - INFO - Token Token-371 waiting for resource 'Tech' at 2025-01-21 11:35:33.835689
2025-03-06 13:42:55,818 - root - INFO - Token Token-372 completed task 'Review AM using Asset Change Tracker (5.5.13.1)' at 2025-01-21 11:45:06.861907.
2025-03-06 13:42:55,818 - root - INFO - Token Token-373 released from wait queue for 'Tech'
2025-03-06 13:42:55,819 - root - INFO - Token Token-373 waited 18981.11 minutes for resource
2025-03-06 13:42:55,819 - root - INFO - Token Token-373 started task 'Review AM using Asset Change Tracker (5.5.13.1)' at 2025-01-21 11:45:06.861907, scheduled to end at 2025-01-21 11:54:00.633323
2025-03-06 13:42:55,819 - root - INFO - Token Token-372 started task 'Complete /Accurate?' at 2025-01-21 11:45:06.861907, scheduled to end at 2025-01-21 11:45:06.861907
2025-03-06 13:42:55,819 - root - INFO - Token Token-372 completed task 'Complete /Accurate?' at 2025-01-21 11:45:06.861907.
2025-03-06 13:42:55,819 - root - INFO - Token Token-372 waiting for resource 'Tech' at 2025-01-21 11:45:06.861907
2025-03-06 13:42:55,820 - root - INFO - Token Token-373 completed task 'Review AM using Asset Change Tracker (5.5.13.1)' at 2025-01-21 11:54:00.633323.
2025-03-06 13:42:55,820 - root - INFO - Token Token-47 released from wait queue for 'Tech'
2025-03-06 13:42:55,820 - root - INFO - Token Token-47 waited 18988.84 minutes for resource
2025-03-06 13:42:55,820 - root - INFO - Token Token-47 started task 'Note Accuracy in Asset Change Tracker (5.5.13.2)' at 2025-01-21 11:54:00.633323, scheduled to end at 2025-01-21 12:00:27.616789
2025-03-06 13:42:55,821 - root - INFO - Token Token-373 started task 'Complete /Accurate?' at 2025-01-21 11:54:00.633323, scheduled to end at 2025-01-21 11:54:00.633323
2025-03-06 13:42:55,821 - root - INFO - Token Token-373 completed task 'Complete /Accurate?' at 2025-01-21 11:54:00.633323.
2025-03-06 13:42:55,822 - root - INFO - Token Token-373 waiting for resource 'Tech' at 2025-01-21 11:54:00.633323
2025-03-06 13:42:55,823 - root - INFO - Token Token-47 completed task 'Note Accuracy in Asset Change Tracker (5.5.13.2)' at 2025-01-21 12:00:27.616789.
2025-03-06 13:42:55,823 - root - INFO - Token Token-374 released from wait queue for 'Tech'
2025-03-06 13:42:55,823 - root - INFO - Token Token-374 waited 18994.46 minutes for resource
2025-03-06 13:42:55,824 - root - INFO - Token Token-374 started task 'Review AM using Asset Change Tracker (5.5.13.1)' at 2025-01-21 12:00:27.616789, scheduled to end at 2025-01-21 12:09:27.147350
2025-03-06 13:42:55,824 - root - INFO - Token Token-47 started task 'Unknown' at 2025-01-21 12:00:27.616789, scheduled to end at 2025-01-21 12:00:27.616789
2025-03-06 13:42:55,825 - root - INFO - Token Token-47 completed task 'Unknown' at 2025-01-21 12:00:27.616789.
2025-03-06 13:42:55,825 - root - INFO - Token Token-47 has completed the entire process at 2025-01-21 12:00:27.616789.
2025-03-06 13:42:55,825 - root - INFO - Token Token-374 completed task 'Review AM using Asset Change Tracker (5.5.13.1)' at 2025-01-21 12:09:27.147350.
2025-03-06 13:42:55,826 - root - INFO - Token Token-375 released from wait queue for 'Tech'
2025-03-06 13:42:55,826 - root - INFO - Token Token-375 waited 19001.45 minutes for resource
2025-03-06 13:42:55,826 - root - INFO - Token Token-375 started task 'Review AM using Asset Change Tracker (5.5.13.1)' at 2025-01-21 12:09:27.147350, scheduled to end at 2025-01-21 12:17:01.887496
2025-03-06 13:42:55,827 - root - INFO - Token Token-374 started task 'Complete /Accurate?' at 2025-01-21 12:09:27.147350, scheduled to end at 2025-01-21 12:09:27.147350
2025-03-06 13:42:55,827 - root - INFO - Token Token-374 completed task 'Complete /Accurate?' at 2025-01-21 12:09:27.147350.
2025-03-06 13:42:55,828 - root - INFO - Token Token-374 waiting for resource 'Tech' at 2025-01-21 12:09:27.147350
2025-03-06 13:42:55,828 - root - INFO - Token Token-375 completed task 'Review AM using Asset Change Tracker (5.5.13.1)' at 2025-01-21 12:17:01.887496.
2025-03-06 13:42:55,828 - root - INFO - Token Token-376 released from wait queue for 'Tech'
2025-03-06 13:42:55,829 - root - INFO - Token Token-376 waited 19007.03 minutes for resource
2025-03-06 13:42:55,829 - root - INFO - Token Token-376 started task 'Review AM using Asset Change Tracker (5.5.13.1)' at 2025-01-21 12:17:01.887496, scheduled to end at 2025-01-21 12:25:48.968025
2025-03-06 13:42:55,829 - root - INFO - Token Token-375 started task 'Complete /Accurate?' at 2025-01-21 12:17:01.887496, scheduled to end at 2025-01-21 12:17:01.887496
2025-03-06 13:42:55,830 - root - INFO - Token Token-375 completed task 'Complete /Accurate?' at 2025-01-21 12:17:01.887496.
2025-03-06 13:42:55,830 - root - INFO - Token Token-375 waiting for resource 'Tech' at 2025-01-21 12:17:01.887496
2025-03-06 13:42:55,831 - root - INFO - Token Token-376 completed task 'Review AM using Asset Change Tracker (5.5.13.1)' at 2025-01-21 12:25:48.968025.
2025-03-06 13:42:55,831 - root - INFO - Token Token-377 released from wait queue for 'Tech'
2025-03-06 13:42:55,831 - root - INFO - Token Token-377 waited 19013.82 minutes for resource
2025-03-06 13:42:55,832 - root - INFO - Token Token-377 started task 'Review AM using Asset Change Tracker (5.5.13.1)' at 2025-01-21 12:25:48.968025, scheduled to end at 2025-01-21 12:35:12.603243
2025-03-06 13:42:55,832 - root - INFO - Token Token-376 started task 'Complete /Accurate?' at 2025-01-21 12:25:48.968025, scheduled to end at 2025-01-21 12:25:48.968025
2025-03-06 13:42:55,833 - root - INFO - Token Token-376 completed task 'Complete /Accurate?' at 2025-01-21 12:25:48.968025.
2025-03-06 13:42:55,833 - root - INFO - Token Token-376 waiting for resource 'Tech' at 2025-01-21 12:25:48.968025
2025-03-06 13:42:55,834 - root - INFO - Token Token-377 completed task 'Review AM using Asset Change Tracker (5.5.13.1)' at 2025-01-21 12:35:12.603243.
2025-03-06 13:42:55,834 - root - INFO - Token Token-48 released from wait queue for 'Tech'
2025-03-06 13:42:55,835 - root - INFO - Token Token-48 waited 19021.57 minutes for resource
2025-03-06 13:42:55,835 - root - INFO - Token Token-48 started task 'Note Accuracy in Asset Change Tracker (5.5.13.2)' at 2025-01-21 12:35:12.603243, scheduled to end at 2025-01-21 12:40:53.446068
2025-03-06 13:42:55,836 - root - INFO - Token Token-377 started task 'Complete /Accurate?' at 2025-01-21 12:35:12.603243, scheduled to end at 2025-01-21 12:35:12.603243
2025-03-06 13:42:55,836 - root - INFO - Token Token-377 completed task 'Complete /Accurate?' at 2025-01-21 12:35:12.603243.
2025-03-06 13:42:55,836 - root - INFO - Token Token-377 waiting for resource 'Tech' at 2025-01-21 12:35:12.603243
2025-03-06 13:42:55,837 - root - INFO - Token Token-48 completed task 'Note Accuracy in Asset Change Tracker (5.5.13.2)' at 2025-01-21 12:40:53.446068.
2025-03-06 13:42:55,837 - root - INFO - Token Token-378 released from wait queue for 'Tech'
2025-03-06 13:42:55,837 - root - INFO - Token Token-378 waited 19026.89 minutes for resource
2025-03-06 13:42:55,838 - root - INFO - Token Token-378 started task 'Review AM using Asset Change Tracker (5.5.13.1)' at 2025-01-21 12:40:53.446068, scheduled to end at 2025-01-21 12:47:02.389137
2025-03-06 13:42:55,838 - root - INFO - Token Token-48 started task 'Unknown' at 2025-01-21 12:40:53.446068, scheduled to end at 2025-01-21 12:40:53.446068
2025-03-06 13:42:55,839 - root - INFO - Token Token-48 completed task 'Unknown' at 2025-01-21 12:40:53.446068.
2025-03-06 13:42:55,839 - root - INFO - Token Token-48 has completed the entire process at 2025-01-21 12:40:53.446068.
2025-03-06 13:42:55,840 - root - INFO - Token Token-378 completed task 'Review AM using Asset Change Tracker (5.5.13.1)' at 2025-01-21 12:47:02.389137.
2025-03-06 13:42:55,840 - root - INFO - Token Token-379 released from wait queue for 'Tech'
2025-03-06 13:42:55,840 - root - INFO - Token Token-379 waited 19031.04 minutes for resource
2025-03-06 13:42:55,841 - root - INFO - Token Token-379 started task 'Review AM using Asset Change Tracker (5.5.13.1)' at 2025-01-21 12:47:02.389137, scheduled to end at 2025-01-21 12:56:16.705741
2025-03-06 13:42:55,841 - root - INFO - Token Token-378 started task 'Complete /Accurate?' at 2025-01-21 12:47:02.389137, scheduled to end at 2025-01-21 12:47:02.389137
2025-03-06 13:42:55,841 - root - INFO - Token Token-378 completed task 'Complete /Accurate?' at 2025-01-21 12:47:02.389137.
2025-03-06 13:42:55,842 - root - INFO - Token Token-378 waiting for resource 'Tech' at 2025-01-21 12:47:02.389137
2025-03-06 13:42:55,842 - root - INFO - Token Token-379 completed task 'Review AM using Asset Change Tracker (5.5.13.1)' at 2025-01-21 12:56:16.705741.
2025-03-06 13:42:55,842 - root - INFO - Token Token-380 released from wait queue for 'Tech'
2025-03-06 13:42:55,842 - root - INFO - Token Token-380 waited 19038.28 minutes for resource
2025-03-06 13:42:55,842 - root - INFO - Token Token-380 started task 'Review AM using Asset Change Tracker (5.5.13.1)' at 2025-01-21 12:56:16.705741, scheduled to end at 2025-01-22 07:00:00
2025-03-06 13:42:55,842 - root - INFO - Token Token-379 started task 'Complete /Accurate?' at 2025-01-21 12:56:16.705741, scheduled to end at 2025-01-21 12:56:16.705741
2025-03-06 13:42:55,842 - root - INFO - Token Token-379 completed task 'Complete /Accurate?' at 2025-01-21 12:56:16.705741.
2025-03-06 13:42:55,842 - root - INFO - Token Token-379 waiting for resource 'Tech' at 2025-01-21 12:56:16.705741
2025-03-06 13:42:55,842 - root - INFO - Token Token-380 completed task 'Review AM using Asset Change Tracker (5.5.13.1)' at 2025-01-22 07:00:00.
2025-03-06 13:42:55,842 - root - INFO - Token Token-381 released from wait queue for 'Tech'
2025-03-06 13:42:55,845 - root - INFO - Token Token-381 waited 20120.00 minutes for resource
2025-03-06 13:42:55,845 - root - INFO - Token Token-381 started task 'Review AM using Asset Change Tracker (5.5.13.1)' at 2025-01-22 07:00:00, scheduled to end at 2025-01-22 07:08:04.832927
2025-03-06 13:42:55,858 - root - INFO - Token Token-380 started task 'Complete /Accurate?' at 2025-01-22 07:00:00, scheduled to end at 2025-01-22 07:00:00
2025-03-06 13:42:55,859 - root - INFO - Token Token-380 completed task 'Complete /Accurate?' at 2025-01-22 07:00:00.
2025-03-06 13:42:55,859 - root - INFO - Token Token-380 waiting for resource 'Tech' at 2025-01-22 07:00:00
2025-03-06 13:42:55,859 - root - INFO - Token Token-381 completed task 'Review AM using Asset Change Tracker (5.5.13.1)' at 2025-01-22 07:08:04.832927.
2025-03-06 13:42:55,859 - root - INFO - Token Token-382 released from wait queue for 'Tech'
2025-03-06 13:42:55,860 - root - INFO - Token Token-382 waited 20126.08 minutes for resource
2025-03-06 13:42:55,860 - root - INFO - Token Token-382 started task 'Review AM using Asset Change Tracker (5.5.13.1)' at 2025-01-22 07:08:04.832927, scheduled to end at 2025-01-22 07:16:07.779922
2025-03-06 13:42:55,860 - root - INFO - Token Token-381 started task 'Complete /Accurate?' at 2025-01-22 07:08:04.832927, scheduled to end at 2025-01-22 07:08:04.832927
2025-03-06 13:42:55,860 - root - INFO - Token Token-381 completed task 'Complete /Accurate?' at 2025-01-22 07:08:04.832927.
2025-03-06 13:42:55,861 - root - INFO - Token Token-381 waiting for resource 'Tech' at 2025-01-22 07:08:04.832927
2025-03-06 13:42:55,861 - root - INFO - Token Token-382 completed task 'Review AM using Asset Change Tracker (5.5.13.1)' at 2025-01-22 07:16:07.779922.
2025-03-06 13:42:55,861 - root - INFO - Token Token-49 released from wait queue for 'Tech'
2025-03-06 13:42:55,861 - root - INFO - Token Token-49 waited 20133.34 minutes for resource
2025-03-06 13:42:55,861 - root - INFO - Token Token-49 started task 'Note Accuracy in Asset Change Tracker (5.5.13.2)' at 2025-01-22 07:16:07.779922, scheduled to end at 2025-01-22 07:22:13.145935
2025-03-06 13:42:55,862 - root - INFO - Token Token-382 started task 'Complete /Accurate?' at 2025-01-22 07:16:07.779922, scheduled to end at 2025-01-22 07:16:07.779922
2025-03-06 13:42:55,862 - root - INFO - Token Token-382 completed task 'Complete /Accurate?' at 2025-01-22 07:16:07.779922.
2025-03-06 13:42:55,862 - root - INFO - Token Token-382 waiting for resource 'Tech' at 2025-01-22 07:16:07.779922
2025-03-06 13:42:55,862 - root - INFO - Token Token-49 completed task 'Note Accuracy in Asset Change Tracker (5.5.13.2)' at 2025-01-22 07:22:13.145935.
2025-03-06 13:42:55,863 - root - INFO - Token Token-383 released from wait queue for 'Tech'
2025-03-06 13:42:55,863 - root - INFO - Token Token-383 waited 20138.22 minutes for resource
2025-03-06 13:42:55,863 - root - INFO - Token Token-383 started task 'Review AM using Asset Change Tracker (5.5.13.1)' at 2025-01-22 07:22:13.145935, scheduled to end at 2025-01-22 07:29:00.493685
2025-03-06 13:42:55,863 - root - INFO - Token Token-49 started task 'Unknown' at 2025-01-22 07:22:13.145935, scheduled to end at 2025-01-22 07:22:13.145935
2025-03-06 13:42:55,864 - root - INFO - Token Token-49 completed task 'Unknown' at 2025-01-22 07:22:13.145935.
2025-03-06 13:42:55,864 - root - INFO - Token Token-49 has completed the entire process at 2025-01-22 07:22:13.145935.
2025-03-06 13:42:55,864 - root - INFO - Token Token-383 completed task 'Review AM using Asset Change Tracker (5.5.13.1)' at 2025-01-22 07:29:00.493685.
2025-03-06 13:42:55,864 - root - INFO - Token Token-384 released from wait queue for 'Tech'
2025-03-06 13:42:55,865 - root - INFO - Token Token-384 waited 20143.01 minutes for resource
2025-03-06 13:42:55,865 - root - INFO - Token Token-384 started task 'Review AM using Asset Change Tracker (5.5.13.1)' at 2025-01-22 07:29:00.493685, scheduled to end at 2025-01-22 07:35:40.846652
2025-03-06 13:42:55,866 - root - INFO - Token Token-383 started task 'Complete /Accurate?' at 2025-01-22 07:29:00.493685, scheduled to end at 2025-01-22 07:29:00.493685
2025-03-06 13:42:55,866 - root - INFO - Token Token-383 completed task 'Complete /Accurate?' at 2025-01-22 07:29:00.493685.
2025-03-06 13:42:55,866 - root - INFO - Token Token-383 waiting for resource 'Tech' at 2025-01-22 07:29:00.493685
2025-03-06 13:42:55,867 - root - INFO - Token Token-384 completed task 'Review AM using Asset Change Tracker (5.5.13.1)' at 2025-01-22 07:35:40.846652.
2025-03-06 13:42:55,868 - root - INFO - Token Token-385 released from wait queue for 'Tech'
2025-03-06 13:42:55,869 - root - INFO - Token Token-385 waited 20147.68 minutes for resource
2025-03-06 13:42:55,869 - root - INFO - Token Token-385 started task 'Review AM using Asset Change Tracker (5.5.13.1)' at 2025-01-22 07:35:40.846652, scheduled to end at 2025-01-22 07:43:24.215545
2025-03-06 13:42:55,870 - root - INFO - Token Token-384 started task 'Complete /Accurate?' at 2025-01-22 07:35:40.846652, scheduled to end at 2025-01-22 07:35:40.846652
2025-03-06 13:42:55,870 - root - INFO - Token Token-384 completed task 'Complete /Accurate?' at 2025-01-22 07:35:40.846652.
2025-03-06 13:42:55,870 - root - INFO - Token Token-384 waiting for resource 'Tech' at 2025-01-22 07:35:40.846652
2025-03-06 13:42:55,871 - root - INFO - Token Token-385 completed task 'Review AM using Asset Change Tracker (5.5.13.1)' at 2025-01-22 07:43:24.215545.
2025-03-06 13:42:55,871 - root - INFO - Token Token-386 released from wait queue for 'Tech'
2025-03-06 13:42:55,872 - root - INFO - Token Token-386 waited 20153.40 minutes for resource
2025-03-06 13:42:55,872 - root - INFO - Token Token-386 started task 'Review AM using Asset Change Tracker (5.5.13.1)' at 2025-01-22 07:43:24.215545, scheduled to end at 2025-01-22 07:52:55.939686
2025-03-06 13:42:55,872 - root - INFO - Token Token-385 started task 'Complete /Accurate?' at 2025-01-22 07:43:24.215545, scheduled to end at 2025-01-22 07:43:24.215545
2025-03-06 13:42:55,873 - root - INFO - Token Token-385 completed task 'Complete /Accurate?' at 2025-01-22 07:43:24.215545.
2025-03-06 13:42:55,873 - root - INFO - Token Token-385 waiting for resource 'Tech' at 2025-01-22 07:43:24.215545
2025-03-06 13:42:55,874 - root - INFO - Token Token-386 completed task 'Review AM using Asset Change Tracker (5.5.13.1)' at 2025-01-22 07:52:55.939686.
2025-03-06 13:42:55,874 - root - INFO - Token Token-50 released from wait queue for 'Tech'
2025-03-06 13:42:55,874 - root - INFO - Token Token-50 waited 20160.95 minutes for resource
2025-03-06 13:42:55,875 - root - INFO - Token Token-50 started task 'Work with REO RPO to Correct (5.5.13.3)' at 2025-01-22 07:52:55.939686, scheduled to end at 2025-01-22 10:14:50.203670
2025-03-06 13:42:55,875 - root - INFO - Token Token-386 started task 'Complete /Accurate?' at 2025-01-22 07:52:55.939686, scheduled to end at 2025-01-22 07:52:55.939686
2025-03-06 13:42:55,876 - root - INFO - Token Token-386 completed task 'Complete /Accurate?' at 2025-01-22 07:52:55.939686.
2025-03-06 13:42:55,876 - root - INFO - Token Token-386 waiting for resource 'Tech' at 2025-01-22 07:52:55.939686
2025-03-06 13:42:55,877 - root - INFO - Token Token-50 completed task 'Work with REO RPO to Correct (5.5.13.3)' at 2025-01-22 10:14:50.203670.
2025-03-06 13:42:55,877 - root - INFO - Token Token-387 released from wait queue for 'Tech'
2025-03-06 13:42:55,878 - root - INFO - Token Token-387 waited 20302.84 minutes for resource
2025-03-06 13:42:55,878 - root - INFO - Token Token-387 started task 'Review AM using Asset Change Tracker (5.5.13.1)' at 2025-01-22 10:14:50.203670, scheduled to end at 2025-01-22 10:23:29.934279
2025-03-06 13:42:55,878 - root - INFO - Token Token-50 started task 'Create Journal Entries?' at 2025-01-22 10:14:50.203670, scheduled to end at 2025-01-22 10:14:50.203670
2025-03-06 13:42:55,879 - root - INFO - Token Token-50 completed task 'Create Journal Entries?' at 2025-01-22 10:14:50.203670.
2025-03-06 13:42:55,879 - root - INFO - Token Token-50 started task 'Create/Post Journal Entries (5.5.13.4)' at 2025-01-22 10:14:50.203670, scheduled to end at 2025-01-22 10:22:09.462454
2025-03-06 13:42:55,880 - root - INFO - Token Token-50 waiting for resource 'Tech' at 2025-01-22 10:14:50.203670
2025-03-06 13:42:55,880 - root - INFO - Token Token-50 completed task 'Create/Post Journal Entries (5.5.13.4)' at 2025-01-22 10:22:09.462454.
2025-03-06 13:42:55,880 - root - INFO - Token Token-50 waited 7.32 minutes for resource
2025-03-06 13:42:55,881 - root - INFO - Token Token-50 started task 'Unknown' at 2025-01-22 10:22:09.462454, scheduled to end at 2025-01-22 10:22:09.462454
2025-03-06 13:42:55,881 - root - INFO - Token Token-50 completed task 'Unknown' at 2025-01-22 10:22:09.462454.
2025-03-06 13:42:55,881 - root - INFO - Token Token-50 has completed the entire process at 2025-01-22 10:22:09.462454.
2025-03-06 13:42:55,882 - root - INFO - Token Token-387 completed task 'Review AM using Asset Change Tracker (5.5.13.1)' at 2025-01-22 10:23:29.934279.
2025-03-06 13:42:55,882 - root - INFO - Token Token-388 released from wait queue for 'Tech'
2025-03-06 13:42:55,882 - root - INFO - Token Token-388 waited 20309.50 minutes for resource
2025-03-06 13:42:55,883 - root - INFO - Token Token-388 started task 'Review AM using Asset Change Tracker (5.5.13.1)' at 2025-01-22 10:23:29.934279, scheduled to end at 2025-01-22 10:30:24.001737
2025-03-06 13:42:55,883 - root - INFO - Token Token-387 started task 'Complete /Accurate?' at 2025-01-22 10:23:29.934279, scheduled to end at 2025-01-22 10:23:29.934279
2025-03-06 13:42:55,884 - root - INFO - Token Token-387 completed task 'Complete /Accurate?' at 2025-01-22 10:23:29.934279.
2025-03-06 13:42:55,884 - root - INFO - Token Token-387 waiting for resource 'Tech' at 2025-01-22 10:23:29.934279
2025-03-06 13:42:55,884 - root - INFO - Token Token-388 completed task 'Review AM using Asset Change Tracker (5.5.13.1)' at 2025-01-22 10:30:24.001737.
2025-03-06 13:42:55,885 - root - INFO - Token Token-389 released from wait queue for 'Tech'
2025-03-06 13:42:55,885 - root - INFO - Token Token-389 waited 20314.40 minutes for resource
2025-03-06 13:42:55,885 - root - INFO - Token Token-389 started task 'Review AM using Asset Change Tracker (5.5.13.1)' at 2025-01-22 10:30:24.001737, scheduled to end at 2025-01-22 10:38:57.921619
2025-03-06 13:42:55,886 - root - INFO - Token Token-388 started task 'Complete /Accurate?' at 2025-01-22 10:30:24.001737, scheduled to end at 2025-01-22 10:30:24.001737
2025-03-06 13:42:55,886 - root - INFO - Token Token-388 completed task 'Complete /Accurate?' at 2025-01-22 10:30:24.001737.
2025-03-06 13:42:55,887 - root - INFO - Token Token-388 waiting for resource 'Tech' at 2025-01-22 10:30:24.001737
2025-03-06 13:42:55,887 - root - INFO - Token Token-389 completed task 'Review AM using Asset Change Tracker (5.5.13.1)' at 2025-01-22 10:38:57.921619.
2025-03-06 13:42:55,887 - root - INFO - Token Token-390 released from wait queue for 'Tech'
2025-03-06 13:42:55,888 - root - INFO - Token Token-390 waited 20320.97 minutes for resource
2025-03-06 13:42:55,888 - root - INFO - Token Token-390 started task 'Review AM using Asset Change Tracker (5.5.13.1)' at 2025-01-22 10:38:57.921619, scheduled to end at 2025-01-22 10:44:48.888741
2025-03-06 13:42:55,888 - root - INFO - Token Token-389 started task 'Complete /Accurate?' at 2025-01-22 10:38:57.921619, scheduled to end at 2025-01-22 10:38:57.921619
2025-03-06 13:42:55,889 - root - INFO - Token Token-389 completed task 'Complete /Accurate?' at 2025-01-22 10:38:57.921619.
2025-03-06 13:42:55,889 - root - INFO - Token Token-389 waiting for resource 'Tech' at 2025-01-22 10:38:57.921619
2025-03-06 13:42:55,889 - root - INFO - Token Token-390 completed task 'Review AM using Asset Change Tracker (5.5.13.1)' at 2025-01-22 10:44:48.888741.
2025-03-06 13:42:55,889 - root - INFO - Token Token-51 released from wait queue for 'Tech'
2025-03-06 13:42:55,889 - root - INFO - Token Token-51 waited 20326.51 minutes for resource
2025-03-06 13:42:55,889 - root - INFO - Token Token-51 started task 'Note Accuracy in Asset Change Tracker (5.5.13.2)' at 2025-01-22 10:44:48.888741, scheduled to end at 2025-01-22 10:51:07.600731
2025-03-06 13:42:55,889 - root - INFO - Token Token-390 started task 'Complete /Accurate?' at 2025-01-22 10:44:48.888741, scheduled to end at 2025-01-22 10:44:48.888741
2025-03-06 13:42:55,889 - root - INFO - Token Token-390 completed task 'Complete /Accurate?' at 2025-01-22 10:44:48.888741.
2025-03-06 13:42:55,889 - root - INFO - Token Token-390 waiting for resource 'Tech' at 2025-01-22 10:44:48.888741
2025-03-06 13:42:55,892 - root - INFO - Token Token-51 completed task 'Note Accuracy in Asset Change Tracker (5.5.13.2)' at 2025-01-22 10:51:07.600731.
2025-03-06 13:42:55,892 - root - INFO - Token Token-391 released from wait queue for 'Tech'
2025-03-06 13:42:55,892 - root - INFO - Token Token-391 waited 20331.13 minutes for resource
2025-03-06 13:42:55,892 - root - INFO - Token Token-391 started task 'Review AM using Asset Change Tracker (5.5.13.1)' at 2025-01-22 10:51:07.600731, scheduled to end at 2025-01-22 10:59:53.125974
2025-03-06 13:42:55,893 - root - INFO - Token Token-51 started task 'Unknown' at 2025-01-22 10:51:07.600731, scheduled to end at 2025-01-22 10:51:07.600731
2025-03-06 13:42:55,893 - root - INFO - Token Token-51 completed task 'Unknown' at 2025-01-22 10:51:07.600731.
2025-03-06 13:42:55,894 - root - INFO - Token Token-51 has completed the entire process at 2025-01-22 10:51:07.600731.
2025-03-06 13:42:55,895 - root - INFO - Token Token-391 completed task 'Review AM using Asset Change Tracker (5.5.13.1)' at 2025-01-22 10:59:53.125974.
2025-03-06 13:42:55,895 - root - INFO - Token Token-392 released from wait queue for 'Tech'
2025-03-06 13:42:55,908 - root - INFO - Token Token-392 waited 20337.89 minutes for resource
2025-03-06 13:42:55,908 - root - INFO - Token Token-392 started task 'Review AM using Asset Change Tracker (5.5.13.1)' at 2025-01-22 10:59:53.125974, scheduled to end at 2025-01-22 11:07:32.269875
2025-03-06 13:42:55,908 - root - INFO - Token Token-391 started task 'Complete /Accurate?' at 2025-01-22 10:59:53.125974, scheduled to end at 2025-01-22 10:59:53.125974
2025-03-06 13:42:55,908 - root - INFO - Token Token-391 completed task 'Complete /Accurate?' at 2025-01-22 10:59:53.125974.
2025-03-06 13:42:55,909 - root - INFO - Token Token-391 waiting for resource 'Tech' at 2025-01-22 10:59:53.125974
2025-03-06 13:42:55,909 - root - INFO - Token Token-392 completed task 'Review AM using Asset Change Tracker (5.5.13.1)' at 2025-01-22 11:07:32.269875.
2025-03-06 13:42:55,909 - root - INFO - Token Token-393 released from wait queue for 'Tech'
2025-03-06 13:42:55,910 - root - INFO - Token Token-393 waited 20343.54 minutes for resource
2025-03-06 13:42:55,910 - root - INFO - Token Token-393 started task 'Review AM using Asset Change Tracker (5.5.13.1)' at 2025-01-22 11:07:32.269875, scheduled to end at 2025-01-22 11:17:06.900639
2025-03-06 13:42:55,910 - root - INFO - Token Token-392 started task 'Complete /Accurate?' at 2025-01-22 11:07:32.269875, scheduled to end at 2025-01-22 11:07:32.269875
2025-03-06 13:42:55,910 - root - INFO - Token Token-392 completed task 'Complete /Accurate?' at 2025-01-22 11:07:32.269875.
2025-03-06 13:42:55,911 - root - INFO - Token Token-392 waiting for resource 'Tech' at 2025-01-22 11:07:32.269875
2025-03-06 13:42:55,911 - root - INFO - Token Token-393 completed task 'Review AM using Asset Change Tracker (5.5.13.1)' at 2025-01-22 11:17:06.900639.
2025-03-06 13:42:55,911 - root - INFO - Token Token-394 released from wait queue for 'Tech'
2025-03-06 13:42:55,911 - root - INFO - Token Token-394 waited 20351.12 minutes for resource
2025-03-06 13:42:55,911 - root - INFO - Token Token-394 started task 'Review AM using Asset Change Tracker (5.5.13.1)' at 2025-01-22 11:17:06.900639, scheduled to end at 2025-01-22 11:24:11.128937
2025-03-06 13:42:55,912 - root - INFO - Token Token-393 started task 'Complete /Accurate?' at 2025-01-22 11:17:06.900639, scheduled to end at 2025-01-22 11:17:06.900639
2025-03-06 13:42:55,912 - root - INFO - Token Token-393 completed task 'Complete /Accurate?' at 2025-01-22 11:17:06.900639.
2025-03-06 13:42:55,912 - root - INFO - Token Token-393 waiting for resource 'Tech' at 2025-01-22 11:17:06.900639
2025-03-06 13:42:55,912 - root - INFO - Token Token-394 completed task 'Review AM using Asset Change Tracker (5.5.13.1)' at 2025-01-22 11:24:11.128937.
2025-03-06 13:42:55,913 - root - INFO - Token Token-52 released from wait queue for 'Tech'
2025-03-06 13:42:55,913 - root - INFO - Token Token-52 waited 20356.51 minutes for resource
2025-03-06 13:42:55,913 - root - INFO - Token Token-52 started task 'Note Accuracy in Asset Change Tracker (5.5.13.2)' at 2025-01-22 11:24:11.128937, scheduled to end at 2025-01-22 11:30:17.610818
2025-03-06 13:42:55,913 - root - INFO - Token Token-394 started task 'Complete /Accurate?' at 2025-01-22 11:24:11.128937, scheduled to end at 2025-01-22 11:24:11.128937
2025-03-06 13:42:55,914 - root - INFO - Token Token-394 completed task 'Complete /Accurate?' at 2025-01-22 11:24:11.128937.
2025-03-06 13:42:55,914 - root - INFO - Token Token-394 waiting for resource 'Tech' at 2025-01-22 11:24:11.128937
2025-03-06 13:42:55,914 - root - INFO - Token Token-52 completed task 'Note Accuracy in Asset Change Tracker (5.5.13.2)' at 2025-01-22 11:30:17.610818.
2025-03-06 13:42:55,914 - root - INFO - Token Token-395 released from wait queue for 'Tech'
2025-03-06 13:42:55,915 - root - INFO - Token Token-395 waited 20362.29 minutes for resource
2025-03-06 13:42:55,916 - root - INFO - Token Token-395 started task 'Review AM using Asset Change Tracker (5.5.13.1)' at 2025-01-22 11:30:17.610818, scheduled to end at 2025-01-22 11:38:50.625278
2025-03-06 13:42:55,916 - root - INFO - Token Token-52 started task 'Unknown' at 2025-01-22 11:30:17.610818, scheduled to end at 2025-01-22 11:30:17.610818
2025-03-06 13:42:55,916 - root - INFO - Token Token-52 completed task 'Unknown' at 2025-01-22 11:30:17.610818.
2025-03-06 13:42:55,916 - root - INFO - Token Token-52 has completed the entire process at 2025-01-22 11:30:17.610818.
2025-03-06 13:42:55,917 - root - INFO - Token Token-395 completed task 'Review AM using Asset Change Tracker (5.5.13.1)' at 2025-01-22 11:38:50.625278.
2025-03-06 13:42:55,918 - root - INFO - Token Token-396 released from wait queue for 'Tech'
2025-03-06 13:42:55,918 - root - INFO - Token Token-396 waited 20368.84 minutes for resource
2025-03-06 13:42:55,919 - root - INFO - Token Token-396 started task 'Review AM using Asset Change Tracker (5.5.13.1)' at 2025-01-22 11:38:50.625278, scheduled to end at 2025-01-22 11:47:05.091231
2025-03-06 13:42:55,919 - root - INFO - Token Token-395 started task 'Complete /Accurate?' at 2025-01-22 11:38:50.625278, scheduled to end at 2025-01-22 11:38:50.625278
2025-03-06 13:42:55,920 - root - INFO - Token Token-395 completed task 'Complete /Accurate?' at 2025-01-22 11:38:50.625278.
2025-03-06 13:42:55,920 - root - INFO - Token Token-395 waiting for resource 'Tech' at 2025-01-22 11:38:50.625278
2025-03-06 13:42:55,920 - root - INFO - Token Token-396 completed task 'Review AM using Asset Change Tracker (5.5.13.1)' at 2025-01-22 11:47:05.091231.
2025-03-06 13:42:55,921 - root - INFO - Token Token-397 released from wait queue for 'Tech'
2025-03-06 13:42:55,921 - root - INFO - Token Token-397 waited 20375.08 minutes for resource
2025-03-06 13:42:55,921 - root - INFO - Token Token-397 started task 'Review AM using Asset Change Tracker (5.5.13.1)' at 2025-01-22 11:47:05.091231, scheduled to end at 2025-01-22 11:56:20.411009
2025-03-06 13:42:55,922 - root - INFO - Token Token-396 started task 'Complete /Accurate?' at 2025-01-22 11:47:05.091231, scheduled to end at 2025-01-22 11:47:05.091231
2025-03-06 13:42:55,922 - root - INFO - Token Token-396 completed task 'Complete /Accurate?' at 2025-01-22 11:47:05.091231.
2025-03-06 13:42:55,923 - root - INFO - Token Token-396 waiting for resource 'Tech' at 2025-01-22 11:47:05.091231
2025-03-06 13:42:55,923 - root - INFO - Token Token-397 completed task 'Review AM using Asset Change Tracker (5.5.13.1)' at 2025-01-22 11:56:20.411009.
2025-03-06 13:42:55,923 - root - INFO - Token Token-398 released from wait queue for 'Tech'
2025-03-06 13:42:55,924 - root - INFO - Token Token-398 waited 20382.34 minutes for resource
2025-03-06 13:42:55,924 - root - INFO - Token Token-398 started task 'Review AM using Asset Change Tracker (5.5.13.1)' at 2025-01-22 11:56:20.411009, scheduled to end at 2025-01-22 12:05:34.627543
2025-03-06 13:42:55,925 - root - INFO - Token Token-397 started task 'Complete /Accurate?' at 2025-01-22 11:56:20.411009, scheduled to end at 2025-01-22 11:56:20.411009
2025-03-06 13:42:55,925 - root - INFO - Token Token-397 completed task 'Complete /Accurate?' at 2025-01-22 11:56:20.411009.
2025-03-06 13:42:55,926 - root - INFO - Token Token-397 waiting for resource 'Tech' at 2025-01-22 11:56:20.411009
2025-03-06 13:42:55,926 - root - INFO - Token Token-398 completed task 'Review AM using Asset Change Tracker (5.5.13.1)' at 2025-01-22 12:05:34.627543.
2025-03-06 13:42:55,926 - root - INFO - Token Token-399 released from wait queue for 'Tech'
2025-03-06 13:42:55,927 - root - INFO - Token Token-399 waited 20389.58 minutes for resource
2025-03-06 13:42:55,927 - root - INFO - Token Token-399 started task 'Review AM using Asset Change Tracker (5.5.13.1)' at 2025-01-22 12:05:34.627543, scheduled to end at 2025-01-22 12:14:38.755742
2025-03-06 13:42:55,928 - root - INFO - Token Token-398 started task 'Complete /Accurate?' at 2025-01-22 12:05:34.627543, scheduled to end at 2025-01-22 12:05:34.627543
2025-03-06 13:42:55,928 - root - INFO - Token Token-398 completed task 'Complete /Accurate?' at 2025-01-22 12:05:34.627543.
2025-03-06 13:42:55,928 - root - INFO - Token Token-398 waiting for resource 'Tech' at 2025-01-22 12:05:34.627543
2025-03-06 13:42:55,929 - root - INFO - Token Token-399 completed task 'Review AM using Asset Change Tracker (5.5.13.1)' at 2025-01-22 12:14:38.755742.
2025-03-06 13:42:55,929 - root - INFO - Token Token-53 released from wait queue for 'Tech'
2025-03-06 13:42:55,930 - root - INFO - Token Token-53 waited 20397.43 minutes for resource
2025-03-06 13:42:55,930 - root - INFO - Token Token-53 started task 'Note Accuracy in Asset Change Tracker (5.5.13.2)' at 2025-01-22 12:14:38.755742, scheduled to end at 2025-01-22 12:20:36.100769
2025-03-06 13:42:55,930 - root - INFO - Token Token-399 started task 'Complete /Accurate?' at 2025-01-22 12:14:38.755742, scheduled to end at 2025-01-22 12:14:38.755742
2025-03-06 13:42:55,931 - root - INFO - Token Token-399 completed task 'Complete /Accurate?' at 2025-01-22 12:14:38.755742.
2025-03-06 13:42:55,931 - root - INFO - Token Token-399 waiting for resource 'Tech' at 2025-01-22 12:14:38.755742
2025-03-06 13:42:55,932 - root - INFO - Token Token-53 completed task 'Note Accuracy in Asset Change Tracker (5.5.13.2)' at 2025-01-22 12:20:36.100769.
2025-03-06 13:42:55,932 - root - INFO - Token Token-400 released from wait queue for 'Tech'
2025-03-06 13:42:55,932 - root - INFO - Token Token-400 waited 20402.60 minutes for resource
2025-03-06 13:42:55,932 - root - INFO - Token Token-400 started task 'Review AM using Asset Change Tracker (5.5.13.1)' at 2025-01-22 12:20:36.100769, scheduled to end at 2025-01-22 12:28:59.837651
2025-03-06 13:42:55,933 - root - INFO - Token Token-53 started task 'Unknown' at 2025-01-22 12:20:36.100769, scheduled to end at 2025-01-22 12:20:36.100769
2025-03-06 13:42:55,933 - root - INFO - Token Token-53 completed task 'Unknown' at 2025-01-22 12:20:36.100769.
2025-03-06 13:42:55,934 - root - INFO - Token Token-53 has completed the entire process at 2025-01-22 12:20:36.100769.
2025-03-06 13:42:55,934 - root - INFO - Token Token-400 completed task 'Review AM using Asset Change Tracker (5.5.13.1)' at 2025-01-22 12:28:59.837651.
2025-03-06 13:42:55,934 - root - INFO - Token Token-401 released from wait queue for 'Tech'
2025-03-06 13:42:55,935 - root - INFO - Token Token-401 waited 20409.00 minutes for resource
2025-03-06 13:42:55,936 - root - INFO - Token Token-401 started task 'Review AM using Asset Change Tracker (5.5.13.1)' at 2025-01-22 12:28:59.837651, scheduled to end at 2025-01-22 12:38:25.301921
2025-03-06 13:42:55,949 - root - INFO - Token Token-400 started task 'Complete /Accurate?' at 2025-01-22 12:28:59.837651, scheduled to end at 2025-01-22 12:28:59.837651
2025-03-06 13:42:55,949 - root - INFO - Token Token-400 completed task 'Complete /Accurate?' at 2025-01-22 12:28:59.837651.
2025-03-06 13:42:55,949 - root - INFO - Token Token-400 waiting for resource 'Tech' at 2025-01-22 12:28:59.837651
2025-03-06 13:42:55,950 - root - INFO - Token Token-401 completed task 'Review AM using Asset Change Tracker (5.5.13.1)' at 2025-01-22 12:38:25.301921.
2025-03-06 13:42:55,950 - root - INFO - Token Token-402 released from wait queue for 'Tech'
2025-03-06 13:42:55,950 - root - INFO - Token Token-402 waited 20416.42 minutes for resource
2025-03-06 13:42:55,950 - root - INFO - Token Token-402 started task 'Review AM using Asset Change Tracker (5.5.13.1)' at 2025-01-22 12:38:25.301921, scheduled to end at 2025-01-22 12:47:04.004074
2025-03-06 13:42:55,950 - root - INFO - Token Token-401 started task 'Complete /Accurate?' at 2025-01-22 12:38:25.301921, scheduled to end at 2025-01-22 12:38:25.301921
2025-03-06 13:42:55,951 - root - INFO - Token Token-401 completed task 'Complete /Accurate?' at 2025-01-22 12:38:25.301921.
2025-03-06 13:42:55,951 - root - INFO - Token Token-401 waiting for resource 'Tech' at 2025-01-22 12:38:25.301921
2025-03-06 13:42:55,951 - root - INFO - Token Token-402 completed task 'Review AM using Asset Change Tracker (5.5.13.1)' at 2025-01-22 12:47:04.004074.
2025-03-06 13:42:55,951 - root - INFO - Token Token-403 released from wait queue for 'Tech'
2025-03-06 13:42:55,952 - root - INFO - Token Token-403 waited 20423.07 minutes for resource
2025-03-06 13:42:55,952 - root - INFO - Token Token-403 started task 'Review AM using Asset Change Tracker (5.5.13.1)' at 2025-01-22 12:47:04.004074, scheduled to end at 2025-01-22 12:56:13.088699
2025-03-06 13:42:55,952 - root - INFO - Token Token-402 started task 'Complete /Accurate?' at 2025-01-22 12:47:04.004074, scheduled to end at 2025-01-22 12:47:04.004074
2025-03-06 13:42:55,952 - root - INFO - Token Token-402 completed task 'Complete /Accurate?' at 2025-01-22 12:47:04.004074.
2025-03-06 13:42:55,953 - root - INFO - Token Token-402 waiting for resource 'Tech' at 2025-01-22 12:47:04.004074
2025-03-06 13:42:55,953 - root - INFO - Token Token-403 completed task 'Review AM using Asset Change Tracker (5.5.13.1)' at 2025-01-22 12:56:13.088699.
2025-03-06 13:42:55,953 - root - INFO - Token Token-404 released from wait queue for 'Tech'
2025-03-06 13:42:55,953 - root - INFO - Token Token-404 waited 20430.22 minutes for resource
2025-03-06 13:42:55,953 - root - INFO - Token Token-404 started task 'Review AM using Asset Change Tracker (5.5.13.1)' at 2025-01-22 12:56:13.088699, scheduled to end at 2025-01-23 07:00:00
2025-03-06 13:42:55,954 - root - INFO - Token Token-403 started task 'Complete /Accurate?' at 2025-01-22 12:56:13.088699, scheduled to end at 2025-01-22 12:56:13.088699
2025-03-06 13:42:55,954 - root - INFO - Token Token-403 completed task 'Complete /Accurate?' at 2025-01-22 12:56:13.088699.
2025-03-06 13:42:55,954 - root - INFO - Token Token-403 waiting for resource 'Tech' at 2025-01-22 12:56:13.088699
2025-03-06 13:42:55,954 - root - INFO - Token Token-404 completed task 'Review AM using Asset Change Tracker (5.5.13.1)' at 2025-01-23 07:00:00.
2025-03-06 13:42:55,955 - root - INFO - Token Token-54 released from wait queue for 'Tech'
2025-03-06 13:42:55,955 - root - INFO - Token Token-54 waited 21513.52 minutes for resource
2025-03-06 13:42:55,955 - root - INFO - Token Token-54 started task 'Work with REO RPO to Correct (5.5.13.3)' at 2025-01-23 07:00:00, scheduled to end at 2025-01-23 09:38:45.048030
2025-03-06 13:42:55,955 - root - INFO - Token Token-404 started task 'Complete /Accurate?' at 2025-01-23 07:00:00, scheduled to end at 2025-01-23 07:00:00
2025-03-06 13:42:55,956 - root - INFO - Token Token-404 completed task 'Complete /Accurate?' at 2025-01-23 07:00:00.
2025-03-06 13:42:55,956 - root - INFO - Token Token-404 waiting for resource 'Tech' at 2025-01-23 07:00:00
2025-03-06 13:42:55,957 - root - INFO - Token Token-54 completed task 'Work with REO RPO to Correct (5.5.13.3)' at 2025-01-23 09:38:45.048030.
2025-03-06 13:42:55,957 - root - INFO - Token Token-405 released from wait queue for 'Tech'
2025-03-06 13:42:55,957 - root - INFO - Token Token-405 waited 21670.75 minutes for resource
2025-03-06 13:42:55,958 - root - INFO - Token Token-405 started task 'Review AM using Asset Change Tracker (5.5.13.1)' at 2025-01-23 09:38:45.048030, scheduled to end at 2025-01-23 09:44:59.470047
2025-03-06 13:42:55,959 - root - INFO - Token Token-54 started task 'Create Journal Entries?' at 2025-01-23 09:38:45.048030, scheduled to end at 2025-01-23 09:38:45.048030
2025-03-06 13:42:55,959 - root - INFO - Token Token-54 completed task 'Create Journal Entries?' at 2025-01-23 09:38:45.048030.
2025-03-06 13:42:55,960 - root - INFO - Token Token-54 started task 'Create/Post Journal Entries (5.5.13.4)' at 2025-01-23 09:38:45.048030, scheduled to end at 2025-01-23 09:46:21.970267
2025-03-06 13:42:55,960 - root - INFO - Token Token-54 waiting for resource 'Tech' at 2025-01-23 09:38:45.048030
2025-03-06 13:42:55,961 - root - INFO - Token Token-405 completed task 'Review AM using Asset Change Tracker (5.5.13.1)' at 2025-01-23 09:44:59.470047.
2025-03-06 13:42:55,961 - root - INFO - Token Token-406 released from wait queue for 'Tech'
2025-03-06 13:42:55,961 - root - INFO - Token Token-406 waited 21674.99 minutes for resource
2025-03-06 13:42:55,961 - root - INFO - Token Token-406 started task 'Review AM using Asset Change Tracker (5.5.13.1)' at 2025-01-23 09:44:59.470047, scheduled to end at 2025-01-23 09:54:02.075256
2025-03-06 13:42:55,963 - root - INFO - Token Token-405 started task 'Complete /Accurate?' at 2025-01-23 09:44:59.470047, scheduled to end at 2025-01-23 09:44:59.470047
2025-03-06 13:42:55,963 - root - INFO - Token Token-405 completed task 'Complete /Accurate?' at 2025-01-23 09:44:59.470047.
2025-03-06 13:42:55,963 - root - INFO - Token Token-405 waiting for resource 'Tech' at 2025-01-23 09:44:59.470047
2025-03-06 13:42:55,964 - root - INFO - Token Token-54 completed task 'Create/Post Journal Entries (5.5.13.4)' at 2025-01-23 09:46:21.970267.
2025-03-06 13:42:55,964 - root - INFO - Token Token-54 waited 7.62 minutes for resource
2025-03-06 13:42:55,964 - root - INFO - Token Token-54 started task 'Unknown' at 2025-01-23 09:46:21.970267, scheduled to end at 2025-01-23 09:46:21.970267
2025-03-06 13:42:55,965 - root - INFO - Token Token-54 completed task 'Unknown' at 2025-01-23 09:46:21.970267.
2025-03-06 13:42:55,965 - root - INFO - Token Token-54 has completed the entire process at 2025-01-23 09:46:21.970267.
2025-03-06 13:42:55,965 - root - INFO - Token Token-406 completed task 'Review AM using Asset Change Tracker (5.5.13.1)' at 2025-01-23 09:54:02.075256.
2025-03-06 13:42:55,966 - root - INFO - Token Token-407 released from wait queue for 'Tech'
2025-03-06 13:42:55,966 - root - INFO - Token Token-407 waited 21682.03 minutes for resource
2025-03-06 13:42:55,966 - root - INFO - Token Token-407 started task 'Review AM using Asset Change Tracker (5.5.13.1)' at 2025-01-23 09:54:02.075256, scheduled to end at 2025-01-23 10:02:17.975896
2025-03-06 13:42:55,967 - root - INFO - Token Token-406 started task 'Complete /Accurate?' at 2025-01-23 09:54:02.075256, scheduled to end at 2025-01-23 09:54:02.075256
2025-03-06 13:42:55,967 - root - INFO - Token Token-406 completed task 'Complete /Accurate?' at 2025-01-23 09:54:02.075256.
2025-03-06 13:42:55,968 - root - INFO - Token Token-406 waiting for resource 'Tech' at 2025-01-23 09:54:02.075256
2025-03-06 13:42:55,968 - root - INFO - Token Token-407 completed task 'Review AM using Asset Change Tracker (5.5.13.1)' at 2025-01-23 10:02:17.975896.
2025-03-06 13:42:55,968 - root - INFO - Token Token-408 released from wait queue for 'Tech'
2025-03-06 13:42:55,969 - root - INFO - Token Token-408 waited 21688.30 minutes for resource
2025-03-06 13:42:55,969 - root - INFO - Token Token-408 started task 'Review AM using Asset Change Tracker (5.5.13.1)' at 2025-01-23 10:02:17.975896, scheduled to end at 2025-01-23 10:10:15.306648
2025-03-06 13:42:55,969 - root - INFO - Token Token-407 started task 'Complete /Accurate?' at 2025-01-23 10:02:17.975896, scheduled to end at 2025-01-23 10:02:17.975896
2025-03-06 13:42:55,970 - root - INFO - Token Token-407 completed task 'Complete /Accurate?' at 2025-01-23 10:02:17.975896.
2025-03-06 13:42:55,970 - root - INFO - Token Token-407 waiting for resource 'Tech' at 2025-01-23 10:02:17.975896
2025-03-06 13:42:55,971 - root - INFO - Token Token-408 completed task 'Review AM using Asset Change Tracker (5.5.13.1)' at 2025-01-23 10:10:15.306648.
2025-03-06 13:42:55,971 - root - INFO - Token Token-55 released from wait queue for 'Tech'
2025-03-06 13:42:55,973 - root - INFO - Token Token-55 waited 21695.71 minutes for resource
2025-03-06 13:42:55,973 - root - INFO - Token Token-55 started task 'Note Accuracy in Asset Change Tracker (5.5.13.2)' at 2025-01-23 10:10:15.306648, scheduled to end at 2025-01-23 10:16:30.140249
2025-03-06 13:42:55,974 - root - INFO - Token Token-408 started task 'Complete /Accurate?' at 2025-01-23 10:10:15.306648, scheduled to end at 2025-01-23 10:10:15.306648
2025-03-06 13:42:55,974 - root - INFO - Token Token-408 completed task 'Complete /Accurate?' at 2025-01-23 10:10:15.306648.
2025-03-06 13:42:55,974 - root - INFO - Token Token-408 waiting for resource 'Tech' at 2025-01-23 10:10:15.306648
2025-03-06 13:42:55,975 - root - INFO - Token Token-55 completed task 'Note Accuracy in Asset Change Tracker (5.5.13.2)' at 2025-01-23 10:16:30.140249.
2025-03-06 13:42:55,975 - root - INFO - Token Token-409 released from wait queue for 'Tech'
2025-03-06 13:42:55,976 - root - INFO - Token Token-409 waited 21700.50 minutes for resource
2025-03-06 13:42:55,976 - root - INFO - Token Token-409 started task 'Review AM using Asset Change Tracker (5.5.13.1)' at 2025-01-23 10:16:30.140249, scheduled to end at 2025-01-23 10:25:09.621080
2025-03-06 13:42:55,976 - root - INFO - Token Token-55 started task 'Unknown' at 2025-01-23 10:16:30.140249, scheduled to end at 2025-01-23 10:16:30.140249
2025-03-06 13:42:55,977 - root - INFO - Token Token-55 completed task 'Unknown' at 2025-01-23 10:16:30.140249.
2025-03-06 13:42:55,977 - root - INFO - Token Token-55 has completed the entire process at 2025-01-23 10:16:30.140249.
2025-03-06 13:42:55,977 - root - INFO - Token Token-409 completed task 'Review AM using Asset Change Tracker (5.5.13.1)' at 2025-01-23 10:25:09.621080.
2025-03-06 13:42:55,978 - root - INFO - Token Token-410 released from wait queue for 'Tech'
2025-03-06 13:42:55,978 - root - INFO - Token Token-410 waited 21707.16 minutes for resource
2025-03-06 13:42:55,978 - root - INFO - Token Token-410 started task 'Review AM using Asset Change Tracker (5.5.13.1)' at 2025-01-23 10:25:09.621080, scheduled to end at 2025-01-23 10:31:59.075636
2025-03-06 13:42:55,979 - root - INFO - Token Token-409 started task 'Complete /Accurate?' at 2025-01-23 10:25:09.621080, scheduled to end at 2025-01-23 10:25:09.621080
2025-03-06 13:42:55,979 - root - INFO - Token Token-409 completed task 'Complete /Accurate?' at 2025-01-23 10:25:09.621080.
2025-03-06 13:42:55,980 - root - INFO - Token Token-409 waiting for resource 'Tech' at 2025-01-23 10:25:09.621080
2025-03-06 13:42:55,980 - root - INFO - Token Token-410 completed task 'Review AM using Asset Change Tracker (5.5.13.1)' at 2025-01-23 10:31:59.075636.
2025-03-06 13:42:55,980 - root - INFO - Token Token-411 released from wait queue for 'Tech'
2025-03-06 13:42:55,980 - root - INFO - Token Token-411 waited 21711.98 minutes for resource
2025-03-06 13:42:55,980 - root - INFO - Token Token-411 started task 'Review AM using Asset Change Tracker (5.5.13.1)' at 2025-01-23 10:31:59.075636, scheduled to end at 2025-01-23 10:40:49.468564
2025-03-06 13:42:55,980 - root - INFO - Token Token-410 started task 'Complete /Accurate?' at 2025-01-23 10:31:59.075636, scheduled to end at 2025-01-23 10:31:59.075636
2025-03-06 13:42:55,980 - root - INFO - Token Token-410 completed task 'Complete /Accurate?' at 2025-01-23 10:31:59.075636.
2025-03-06 13:42:55,980 - root - INFO - Token Token-410 waiting for resource 'Tech' at 2025-01-23 10:31:59.075636
2025-03-06 13:42:55,980 - root - INFO - Token Token-411 completed task 'Review AM using Asset Change Tracker (5.5.13.1)' at 2025-01-23 10:40:49.468564.
2025-03-06 13:42:55,980 - root - INFO - Token Token-412 released from wait queue for 'Tech'
2025-03-06 13:42:55,982 - root - INFO - Token Token-412 waited 21718.82 minutes for resource
2025-03-06 13:42:55,982 - root - INFO - Token Token-412 started task 'Review AM using Asset Change Tracker (5.5.13.1)' at 2025-01-23 10:40:49.468564, scheduled to end at 2025-01-23 10:50:05.998737
2025-03-06 13:42:55,982 - root - INFO - Token Token-411 started task 'Complete /Accurate?' at 2025-01-23 10:40:49.468564, scheduled to end at 2025-01-23 10:40:49.468564
2025-03-06 13:42:55,982 - root - INFO - Token Token-411 completed task 'Complete /Accurate?' at 2025-01-23 10:40:49.468564.
2025-03-06 13:42:55,983 - root - INFO - Token Token-411 waiting for resource 'Tech' at 2025-01-23 10:40:49.468564
2025-03-06 13:42:55,983 - root - INFO - Token Token-412 completed task 'Review AM using Asset Change Tracker (5.5.13.1)' at 2025-01-23 10:50:05.998737.
2025-03-06 13:42:55,983 - root - INFO - Token Token-56 released from wait queue for 'Tech'
2025-03-06 13:42:55,983 - root - INFO - Token Token-56 waited 21727.12 minutes for resource
2025-03-06 13:42:55,984 - root - INFO - Token Token-56 started task 'Note Accuracy in Asset Change Tracker (5.5.13.2)' at 2025-01-23 10:50:05.998737, scheduled to end at 2025-01-23 10:54:34.332606
2025-03-06 13:42:55,984 - root - INFO - Token Token-412 started task 'Complete /Accurate?' at 2025-01-23 10:50:05.998737, scheduled to end at 2025-01-23 10:50:05.998737
2025-03-06 13:42:55,984 - root - INFO - Token Token-412 completed task 'Complete /Accurate?' at 2025-01-23 10:50:05.998737.
2025-03-06 13:42:55,986 - root - INFO - Token Token-412 waiting for resource 'Tech' at 2025-01-23 10:50:05.998737
2025-03-06 13:42:55,986 - root - INFO - Token Token-56 completed task 'Note Accuracy in Asset Change Tracker (5.5.13.2)' at 2025-01-23 10:54:34.332606.
2025-03-06 13:42:55,999 - root - INFO - Token Token-413 released from wait queue for 'Tech'
2025-03-06 13:42:55,999 - root - INFO - Token Token-413 waited 21730.57 minutes for resource
2025-03-06 13:42:55,999 - root - INFO - Token Token-413 started task 'Review AM using Asset Change Tracker (5.5.13.1)' at 2025-01-23 10:54:34.332606, scheduled to end at 2025-01-23 11:02:29.630522
2025-03-06 13:42:56,000 - root - INFO - Token Token-56 started task 'Unknown' at 2025-01-23 10:54:34.332606, scheduled to end at 2025-01-23 10:54:34.332606
2025-03-06 13:42:56,000 - root - INFO - Token Token-56 completed task 'Unknown' at 2025-01-23 10:54:34.332606.
2025-03-06 13:42:56,000 - root - INFO - Token Token-56 has completed the entire process at 2025-01-23 10:54:34.332606.
2025-03-06 13:42:56,000 - root - INFO - Token Token-413 completed task 'Review AM using Asset Change Tracker (5.5.13.1)' at 2025-01-23 11:02:29.630522.
2025-03-06 13:42:56,001 - root - INFO - Token Token-414 released from wait queue for 'Tech'
2025-03-06 13:42:56,001 - root - INFO - Token Token-414 waited 21736.49 minutes for resource
2025-03-06 13:42:56,001 - root - INFO - Token Token-414 started task 'Review AM using Asset Change Tracker (5.5.13.1)' at 2025-01-23 11:02:29.630522, scheduled to end at 2025-01-23 11:11:01.124084
2025-03-06 13:42:56,001 - root - INFO - Token Token-413 started task 'Complete /Accurate?' at 2025-01-23 11:02:29.630522, scheduled to end at 2025-01-23 11:02:29.630522
2025-03-06 13:42:56,002 - root - INFO - Token Token-413 completed task 'Complete /Accurate?' at 2025-01-23 11:02:29.630522.
2025-03-06 13:42:56,002 - root - INFO - Token Token-413 waiting for resource 'Tech' at 2025-01-23 11:02:29.630522
2025-03-06 13:42:56,002 - root - INFO - Token Token-414 completed task 'Review AM using Asset Change Tracker (5.5.13.1)' at 2025-01-23 11:11:01.124084.
2025-03-06 13:42:56,002 - root - INFO - Token Token-415 released from wait queue for 'Tech'
2025-03-06 13:42:56,002 - root - INFO - Token Token-415 waited 21743.02 minutes for resource
2025-03-06 13:42:56,004 - root - INFO - Token Token-415 started task 'Review AM using Asset Change Tracker (5.5.13.1)' at 2025-01-23 11:11:01.124084, scheduled to end at 2025-01-23 11:19:46.143206
2025-03-06 13:42:56,004 - root - INFO - Token Token-414 started task 'Complete /Accurate?' at 2025-01-23 11:11:01.124084, scheduled to end at 2025-01-23 11:11:01.124084
2025-03-06 13:42:56,004 - root - INFO - Token Token-414 completed task 'Complete /Accurate?' at 2025-01-23 11:11:01.124084.
2025-03-06 13:42:56,004 - root - INFO - Token Token-414 waiting for resource 'Tech' at 2025-01-23 11:11:01.124084
2025-03-06 13:42:56,005 - root - INFO - Token Token-415 completed task 'Review AM using Asset Change Tracker (5.5.13.1)' at 2025-01-23 11:19:46.143206.
2025-03-06 13:42:56,005 - root - INFO - Token Token-416 released from wait queue for 'Tech'
2025-03-06 13:42:56,005 - root - INFO - Token Token-416 waited 21749.77 minutes for resource
2025-03-06 13:42:56,006 - root - INFO - Token Token-416 started task 'Review AM using Asset Change Tracker (5.5.13.1)' at 2025-01-23 11:19:46.143206, scheduled to end at 2025-01-23 11:28:52.126380
2025-03-06 13:42:56,006 - root - INFO - Token Token-415 started task 'Complete /Accurate?' at 2025-01-23 11:19:46.143206, scheduled to end at 2025-01-23 11:19:46.143206
2025-03-06 13:42:56,006 - root - INFO - Token Token-415 completed task 'Complete /Accurate?' at 2025-01-23 11:19:46.143206.
2025-03-06 13:42:56,006 - root - INFO - Token Token-415 waiting for resource 'Tech' at 2025-01-23 11:19:46.143206
2025-03-06 13:42:56,007 - root - INFO - Token Token-416 completed task 'Review AM using Asset Change Tracker (5.5.13.1)' at 2025-01-23 11:28:52.126380.
2025-03-06 13:42:56,007 - root - INFO - Token Token-57 released from wait queue for 'Tech'
2025-03-06 13:42:56,008 - root - INFO - Token Token-57 waited 21757.06 minutes for resource
2025-03-06 13:42:56,008 - root - INFO - Token Token-57 started task 'Note Accuracy in Asset Change Tracker (5.5.13.2)' at 2025-01-23 11:28:52.126380, scheduled to end at 2025-01-23 11:32:58.309884
2025-03-06 13:42:56,008 - root - INFO - Token Token-416 started task 'Complete /Accurate?' at 2025-01-23 11:28:52.126380, scheduled to end at 2025-01-23 11:28:52.126380
2025-03-06 13:42:56,010 - root - INFO - Token Token-416 completed task 'Complete /Accurate?' at 2025-01-23 11:28:52.126380.
2025-03-06 13:42:56,010 - root - INFO - Token Token-416 waiting for resource 'Tech' at 2025-01-23 11:28:52.126380
2025-03-06 13:42:56,011 - root - INFO - Token Token-57 completed task 'Note Accuracy in Asset Change Tracker (5.5.13.2)' at 2025-01-23 11:32:58.309884.
2025-03-06 13:42:56,011 - root - INFO - Token Token-417 released from wait queue for 'Tech'
2025-03-06 13:42:56,011 - root - INFO - Token Token-417 waited 21760.97 minutes for resource
2025-03-06 13:42:56,012 - root - INFO - Token Token-417 started task 'Review AM using Asset Change Tracker (5.5.13.1)' at 2025-01-23 11:32:58.309884, scheduled to end at 2025-01-23 11:40:59.028278
2025-03-06 13:42:56,012 - root - INFO - Token Token-57 started task 'Unknown' at 2025-01-23 11:32:58.309884, scheduled to end at 2025-01-23 11:32:58.309884
2025-03-06 13:42:56,013 - root - INFO - Token Token-57 completed task 'Unknown' at 2025-01-23 11:32:58.309884.
2025-03-06 13:42:56,013 - root - INFO - Token Token-57 has completed the entire process at 2025-01-23 11:32:58.309884.
2025-03-06 13:42:56,013 - root - INFO - Token Token-417 completed task 'Review AM using Asset Change Tracker (5.5.13.1)' at 2025-01-23 11:40:59.028278.
2025-03-06 13:42:56,014 - root - INFO - Token Token-418 released from wait queue for 'Tech'
2025-03-06 13:42:56,014 - root - INFO - Token Token-418 waited 21766.98 minutes for resource
2025-03-06 13:42:56,014 - root - INFO - Token Token-418 started task 'Review AM using Asset Change Tracker (5.5.13.1)' at 2025-01-23 11:40:59.028278, scheduled to end at 2025-01-23 11:47:18.241695
2025-03-06 13:42:56,015 - root - INFO - Token Token-417 started task 'Complete /Accurate?' at 2025-01-23 11:40:59.028278, scheduled to end at 2025-01-23 11:40:59.028278
2025-03-06 13:42:56,015 - root - INFO - Token Token-417 completed task 'Complete /Accurate?' at 2025-01-23 11:40:59.028278.
2025-03-06 13:42:56,016 - root - INFO - Token Token-417 waiting for resource 'Tech' at 2025-01-23 11:40:59.028278
2025-03-06 13:42:56,016 - root - INFO - Token Token-418 completed task 'Review AM using Asset Change Tracker (5.5.13.1)' at 2025-01-23 11:47:18.241695.
2025-03-06 13:42:56,016 - root - INFO - Token Token-419 released from wait queue for 'Tech'
2025-03-06 13:42:56,017 - root - INFO - Token Token-419 waited 21771.30 minutes for resource
2025-03-06 13:42:56,017 - root - INFO - Token Token-419 started task 'Review AM using Asset Change Tracker (5.5.13.1)' at 2025-01-23 11:47:18.241695, scheduled to end at 2025-01-23 11:56:03.933826
2025-03-06 13:42:56,017 - root - INFO - Token Token-418 started task 'Complete /Accurate?' at 2025-01-23 11:47:18.241695, scheduled to end at 2025-01-23 11:47:18.241695
2025-03-06 13:42:56,017 - root - INFO - Token Token-418 completed task 'Complete /Accurate?' at 2025-01-23 11:47:18.241695.
2025-03-06 13:42:56,018 - root - INFO - Token Token-418 waiting for resource 'Tech' at 2025-01-23 11:47:18.241695
2025-03-06 13:42:56,018 - root - INFO - Token Token-419 completed task 'Review AM using Asset Change Tracker (5.5.13.1)' at 2025-01-23 11:56:03.933826.
2025-03-06 13:42:56,019 - root - INFO - Token Token-420 released from wait queue for 'Tech'
2025-03-06 13:42:56,019 - root - INFO - Token Token-420 waited 21778.07 minutes for resource
2025-03-06 13:42:56,019 - root - INFO - Token Token-420 started task 'Review AM using Asset Change Tracker (5.5.13.1)' at 2025-01-23 11:56:03.933826, scheduled to end at 2025-01-23 12:05:07.585681
2025-03-06 13:42:56,020 - root - INFO - Token Token-419 started task 'Complete /Accurate?' at 2025-01-23 11:56:03.933826, scheduled to end at 2025-01-23 11:56:03.933826
2025-03-06 13:42:56,020 - root - INFO - Token Token-419 completed task 'Complete /Accurate?' at 2025-01-23 11:56:03.933826.
2025-03-06 13:42:56,021 - root - INFO - Token Token-419 waiting for resource 'Tech' at 2025-01-23 11:56:03.933826
2025-03-06 13:42:56,021 - root - INFO - Token Token-420 completed task 'Review AM using Asset Change Tracker (5.5.13.1)' at 2025-01-23 12:05:07.585681.
2025-03-06 13:42:56,022 - root - INFO - Token Token-58 released from wait queue for 'Tech'
2025-03-06 13:42:56,022 - root - INFO - Token Token-58 waited 21786.32 minutes for resource
2025-03-06 13:42:56,022 - root - INFO - Token Token-58 started task 'Note Accuracy in Asset Change Tracker (5.5.13.2)' at 2025-01-23 12:05:07.585681, scheduled to end at 2025-01-23 12:11:39.367654
2025-03-06 13:42:56,023 - root - INFO - Token Token-420 started task 'Complete /Accurate?' at 2025-01-23 12:05:07.585681, scheduled to end at 2025-01-23 12:05:07.585681
2025-03-06 13:42:56,023 - root - INFO - Token Token-420 completed task 'Complete /Accurate?' at 2025-01-23 12:05:07.585681.
2025-03-06 13:42:56,023 - root - INFO - Token Token-420 waiting for resource 'Tech' at 2025-01-23 12:05:07.585681
2025-03-06 13:42:56,024 - root - INFO - Token Token-58 completed task 'Note Accuracy in Asset Change Tracker (5.5.13.2)' at 2025-01-23 12:11:39.367654.
2025-03-06 13:42:56,024 - root - INFO - Token Token-421 released from wait queue for 'Tech'
2025-03-06 13:42:56,025 - root - INFO - Token Token-421 waited 21791.66 minutes for resource
2025-03-06 13:42:56,025 - root - INFO - Token Token-421 started task 'Review AM using Asset Change Tracker (5.5.13.1)' at 2025-01-23 12:11:39.367654, scheduled to end at 2025-01-23 12:20:12.056804
2025-03-06 13:42:56,025 - root - INFO - Token Token-58 started task 'Unknown' at 2025-01-23 12:11:39.367654, scheduled to end at 2025-01-23 12:11:39.367654
2025-03-06 13:42:56,026 - root - INFO - Token Token-58 completed task 'Unknown' at 2025-01-23 12:11:39.367654.
2025-03-06 13:42:56,026 - root - INFO - Token Token-58 has completed the entire process at 2025-01-23 12:11:39.367654.
2025-03-06 13:42:56,026 - root - INFO - Token Token-421 completed task 'Review AM using Asset Change Tracker (5.5.13.1)' at 2025-01-23 12:20:12.056804.
2025-03-06 13:42:56,027 - root - INFO - Token Token-422 released from wait queue for 'Tech'
2025-03-06 13:42:56,027 - root - INFO - Token Token-422 waited 21798.20 minutes for resource
2025-03-06 13:42:56,027 - root - INFO - Token Token-422 started task 'Review AM using Asset Change Tracker (5.5.13.1)' at 2025-01-23 12:20:12.056804, scheduled to end at 2025-01-23 12:26:43.510180
2025-03-06 13:42:56,028 - root - INFO - Token Token-421 started task 'Complete /Accurate?' at 2025-01-23 12:20:12.056804, scheduled to end at 2025-01-23 12:20:12.056804
2025-03-06 13:42:56,028 - root - INFO - Token Token-421 completed task 'Complete /Accurate?' at 2025-01-23 12:20:12.056804.
2025-03-06 13:42:56,029 - root - INFO - Token Token-421 waiting for resource 'Tech' at 2025-01-23 12:20:12.056804
2025-03-06 13:42:56,029 - root - INFO - Token Token-422 completed task 'Review AM using Asset Change Tracker (5.5.13.1)' at 2025-01-23 12:26:43.510180.
2025-03-06 13:42:56,030 - root - INFO - Token Token-423 released from wait queue for 'Tech'
2025-03-06 13:42:56,030 - root - INFO - Token Token-423 waited 21802.73 minutes for resource
2025-03-06 13:42:56,030 - root - INFO - Token Token-423 started task 'Review AM using Asset Change Tracker (5.5.13.1)' at 2025-01-23 12:26:43.510180, scheduled to end at 2025-01-23 12:35:30.858169
2025-03-06 13:42:56,030 - root - INFO - Token Token-422 started task 'Complete /Accurate?' at 2025-01-23 12:26:43.510180, scheduled to end at 2025-01-23 12:26:43.510180
2025-03-06 13:42:56,030 - root - INFO - Token Token-422 completed task 'Complete /Accurate?' at 2025-01-23 12:26:43.510180.
2025-03-06 13:42:56,030 - root - INFO - Token Token-422 waiting for resource 'Tech' at 2025-01-23 12:26:43.510180
2025-03-06 13:42:56,030 - root - INFO - Token Token-423 completed task 'Review AM using Asset Change Tracker (5.5.13.1)' at 2025-01-23 12:35:30.858169.
2025-03-06 13:42:56,030 - root - INFO - Token Token-424 released from wait queue for 'Tech'
2025-03-06 13:42:56,030 - root - INFO - Token Token-424 waited 21809.51 minutes for resource
2025-03-06 13:42:56,030 - root - INFO - Token Token-424 started task 'Review AM using Asset Change Tracker (5.5.13.1)' at 2025-01-23 12:35:30.858169, scheduled to end at 2025-01-23 12:43:40.087332
2025-03-06 13:42:56,030 - root - INFO - Token Token-423 started task 'Complete /Accurate?' at 2025-01-23 12:35:30.858169, scheduled to end at 2025-01-23 12:35:30.858169
2025-03-06 13:42:56,032 - root - INFO - Token Token-423 completed task 'Complete /Accurate?' at 2025-01-23 12:35:30.858169.
2025-03-06 13:42:56,032 - root - INFO - Token Token-423 waiting for resource 'Tech' at 2025-01-23 12:35:30.858169
2025-03-06 13:42:56,032 - root - INFO - Token Token-424 completed task 'Review AM using Asset Change Tracker (5.5.13.1)' at 2025-01-23 12:43:40.087332.
2025-03-06 13:42:56,032 - root - INFO - Token Token-425 released from wait queue for 'Tech'
2025-03-06 13:42:56,034 - root - INFO - Token Token-425 waited 21815.67 minutes for resource
2025-03-06 13:42:56,034 - root - INFO - Token Token-425 started task 'Review AM using Asset Change Tracker (5.5.13.1)' at 2025-01-23 12:43:40.087332, scheduled to end at 2025-01-23 12:51:45.638315
2025-03-06 13:42:56,034 - root - INFO - Token Token-424 started task 'Complete /Accurate?' at 2025-01-23 12:43:40.087332, scheduled to end at 2025-01-23 12:43:40.087332
2025-03-06 13:42:56,034 - root - INFO - Token Token-424 completed task 'Complete /Accurate?' at 2025-01-23 12:43:40.087332.
2025-03-06 13:42:56,035 - root - INFO - Token Token-424 waiting for resource 'Tech' at 2025-01-23 12:43:40.087332
2025-03-06 13:42:56,035 - root - INFO - Token Token-425 completed task 'Review AM using Asset Change Tracker (5.5.13.1)' at 2025-01-23 12:51:45.638315.
2025-03-06 13:42:56,035 - root - INFO - Token Token-59 released from wait queue for 'Tech'
2025-03-06 13:42:56,048 - root - INFO - Token Token-59 waited 21823.72 minutes for resource
2025-03-06 13:42:56,049 - root - INFO - Token Token-59 started task 'Note Accuracy in Asset Change Tracker (5.5.13.2)' at 2025-01-23 12:51:45.638315, scheduled to end at 2025-01-23 12:57:29.113245
2025-03-06 13:42:56,049 - root - INFO - Token Token-425 started task 'Complete /Accurate?' at 2025-01-23 12:51:45.638315, scheduled to end at 2025-01-23 12:51:45.638315
2025-03-06 13:42:56,049 - root - INFO - Token Token-425 completed task 'Complete /Accurate?' at 2025-01-23 12:51:45.638315.
2025-03-06 13:42:56,049 - root - INFO - Token Token-425 waiting for resource 'Tech' at 2025-01-23 12:51:45.638315
2025-03-06 13:42:56,050 - root - INFO - Token Token-59 completed task 'Note Accuracy in Asset Change Tracker (5.5.13.2)' at 2025-01-23 12:57:29.113245.
2025-03-06 13:42:56,050 - root - INFO - Token Token-426 released from wait queue for 'Tech'
2025-03-06 13:42:56,050 - root - INFO - Token Token-426 waited 21827.49 minutes for resource
2025-03-06 13:42:56,050 - root - INFO - Token Token-426 started task 'Review AM using Asset Change Tracker (5.5.13.1)' at 2025-01-23 12:57:29.113245, scheduled to end at 2025-01-24 07:00:00
2025-03-06 13:42:56,051 - root - INFO - Token Token-59 started task 'Unknown' at 2025-01-23 12:57:29.113245, scheduled to end at 2025-01-23 12:57:29.113245
2025-03-06 13:42:56,051 - root - INFO - Token Token-59 completed task 'Unknown' at 2025-01-23 12:57:29.113245.
2025-03-06 13:42:56,051 - root - INFO - Token Token-59 has completed the entire process at 2025-01-23 12:57:29.113245.
2025-03-06 13:42:56,051 - root - INFO - Token Token-426 completed task 'Review AM using Asset Change Tracker (5.5.13.1)' at 2025-01-24 07:00:00.
2025-03-06 13:42:56,051 - root - INFO - Token Token-427 released from wait queue for 'Tech'
2025-03-06 13:42:56,052 - root - INFO - Token Token-427 waited 22908.00 minutes for resource
2025-03-06 13:42:56,052 - root - INFO - Token Token-427 started task 'Review AM using Asset Change Tracker (5.5.13.1)' at 2025-01-24 07:00:00, scheduled to end at 2025-01-24 07:07:02.453357
2025-03-06 13:42:56,052 - root - INFO - Token Token-426 started task 'Complete /Accurate?' at 2025-01-24 07:00:00, scheduled to end at 2025-01-24 07:00:00
2025-03-06 13:42:56,052 - root - INFO - Token Token-426 completed task 'Complete /Accurate?' at 2025-01-24 07:00:00.
2025-03-06 13:42:56,052 - root - INFO - Token Token-426 waiting for resource 'Tech' at 2025-01-24 07:00:00
2025-03-06 13:42:56,053 - root - INFO - Token Token-427 completed task 'Review AM using Asset Change Tracker (5.5.13.1)' at 2025-01-24 07:07:02.453357.
2025-03-06 13:42:56,053 - root - INFO - Token Token-428 released from wait queue for 'Tech'
2025-03-06 13:42:56,053 - root - INFO - Token Token-428 waited 22913.04 minutes for resource
2025-03-06 13:42:56,053 - root - INFO - Token Token-428 started task 'Review AM using Asset Change Tracker (5.5.13.1)' at 2025-01-24 07:07:02.453357, scheduled to end at 2025-01-24 07:13:58.632413
2025-03-06 13:42:56,054 - root - INFO - Token Token-427 started task 'Complete /Accurate?' at 2025-01-24 07:07:02.453357, scheduled to end at 2025-01-24 07:07:02.453357
2025-03-06 13:42:56,054 - root - INFO - Token Token-427 completed task 'Complete /Accurate?' at 2025-01-24 07:07:02.453357.
2025-03-06 13:42:56,054 - root - INFO - Token Token-427 waiting for resource 'Tech' at 2025-01-24 07:07:02.453357
2025-03-06 13:42:56,055 - root - INFO - Token Token-428 completed task 'Review AM using Asset Change Tracker (5.5.13.1)' at 2025-01-24 07:13:58.632413.
2025-03-06 13:42:56,055 - root - INFO - Token Token-429 released from wait queue for 'Tech'
2025-03-06 13:42:56,056 - root - INFO - Token Token-429 waited 22917.98 minutes for resource
2025-03-06 13:42:56,056 - root - INFO - Token Token-429 started task 'Review AM using Asset Change Tracker (5.5.13.1)' at 2025-01-24 07:13:58.632413, scheduled to end at 2025-01-24 07:22:11.123520
2025-03-06 13:42:56,056 - root - INFO - Token Token-428 started task 'Complete /Accurate?' at 2025-01-24 07:13:58.632413, scheduled to end at 2025-01-24 07:13:58.632413
2025-03-06 13:42:56,057 - root - INFO - Token Token-428 completed task 'Complete /Accurate?' at 2025-01-24 07:13:58.632413.
2025-03-06 13:42:56,058 - root - INFO - Token Token-428 waiting for resource 'Tech' at 2025-01-24 07:13:58.632413
2025-03-06 13:42:56,058 - root - INFO - Token Token-429 completed task 'Review AM using Asset Change Tracker (5.5.13.1)' at 2025-01-24 07:22:11.123520.
2025-03-06 13:42:56,059 - root - INFO - Token Token-60 released from wait queue for 'Tech'
2025-03-06 13:42:56,059 - root - INFO - Token Token-60 waited 22924.95 minutes for resource
2025-03-06 13:42:56,059 - root - INFO - Token Token-60 started task 'Note Accuracy in Asset Change Tracker (5.5.13.2)' at 2025-01-24 07:22:11.123520, scheduled to end at 2025-01-24 07:27:49.586700
2025-03-06 13:42:56,060 - root - INFO - Token Token-429 started task 'Complete /Accurate?' at 2025-01-24 07:22:11.123520, scheduled to end at 2025-01-24 07:22:11.123520
2025-03-06 13:42:56,060 - root - INFO - Token Token-429 completed task 'Complete /Accurate?' at 2025-01-24 07:22:11.123520.
2025-03-06 13:42:56,061 - root - INFO - Token Token-429 waiting for resource 'Tech' at 2025-01-24 07:22:11.123520
2025-03-06 13:42:56,061 - root - INFO - Token Token-60 completed task 'Note Accuracy in Asset Change Tracker (5.5.13.2)' at 2025-01-24 07:27:49.586700.
2025-03-06 13:42:56,062 - root - INFO - Token Token-430 released from wait queue for 'Tech'
2025-03-06 13:42:56,062 - root - INFO - Token Token-430 waited 22929.83 minutes for resource
2025-03-06 13:42:56,062 - root - INFO - Token Token-430 started task 'Review AM using Asset Change Tracker (5.5.13.1)' at 2025-01-24 07:27:49.586700, scheduled to end at 2025-01-24 07:35:12.467159
2025-03-06 13:42:56,063 - root - INFO - Token Token-60 started task 'Unknown' at 2025-01-24 07:27:49.586700, scheduled to end at 2025-01-24 07:27:49.586700
2025-03-06 13:42:56,063 - root - INFO - Token Token-60 completed task 'Unknown' at 2025-01-24 07:27:49.586700.
2025-03-06 13:42:56,064 - root - INFO - Token Token-60 has completed the entire process at 2025-01-24 07:27:49.586700.
2025-03-06 13:42:56,064 - root - INFO - Token Token-430 completed task 'Review AM using Asset Change Tracker (5.5.13.1)' at 2025-01-24 07:35:12.467159.
2025-03-06 13:42:56,064 - root - INFO - Token Token-431 released from wait queue for 'Tech'
2025-03-06 13:42:56,065 - root - INFO - Token Token-431 waited 22935.21 minutes for resource
2025-03-06 13:42:56,065 - root - INFO - Token Token-431 started task 'Review AM using Asset Change Tracker (5.5.13.1)' at 2025-01-24 07:35:12.467159, scheduled to end at 2025-01-24 07:43:10.383836
2025-03-06 13:42:56,065 - root - INFO - Token Token-430 started task 'Complete /Accurate?' at 2025-01-24 07:35:12.467159, scheduled to end at 2025-01-24 07:35:12.467159
2025-03-06 13:42:56,066 - root - INFO - Token Token-430 completed task 'Complete /Accurate?' at 2025-01-24 07:35:12.467159.
2025-03-06 13:42:56,066 - root - INFO - Token Token-430 waiting for resource 'Tech' at 2025-01-24 07:35:12.467159
2025-03-06 13:42:56,066 - root - INFO - Token Token-431 completed task 'Review AM using Asset Change Tracker (5.5.13.1)' at 2025-01-24 07:43:10.383836.
2025-03-06 13:42:56,067 - root - INFO - Token Token-432 released from wait queue for 'Tech'
2025-03-06 13:42:56,067 - root - INFO - Token Token-432 waited 22941.17 minutes for resource
2025-03-06 13:42:56,067 - root - INFO - Token Token-432 started task 'Review AM using Asset Change Tracker (5.5.13.1)' at 2025-01-24 07:43:10.383836, scheduled to end at 2025-01-24 07:51:07.312669
2025-03-06 13:42:56,068 - root - INFO - Token Token-431 started task 'Complete /Accurate?' at 2025-01-24 07:43:10.383836, scheduled to end at 2025-01-24 07:43:10.383836
2025-03-06 13:42:56,068 - root - INFO - Token Token-431 completed task 'Complete /Accurate?' at 2025-01-24 07:43:10.383836.
2025-03-06 13:42:56,069 - root - INFO - Token Token-431 waiting for resource 'Tech' at 2025-01-24 07:43:10.383836
2025-03-06 13:42:56,069 - root - INFO - Token Token-432 completed task 'Review AM using Asset Change Tracker (5.5.13.1)' at 2025-01-24 07:51:07.312669.
2025-03-06 13:42:56,069 - root - INFO - Token Token-433 released from wait queue for 'Tech'
2025-03-06 13:42:56,070 - root - INFO - Token Token-433 waited 22947.12 minutes for resource
2025-03-06 13:42:56,070 - root - INFO - Token Token-433 started task 'Review AM using Asset Change Tracker (5.5.13.1)' at 2025-01-24 07:51:07.312669, scheduled to end at 2025-01-24 07:57:38.659464
2025-03-06 13:42:56,070 - root - INFO - Token Token-432 started task 'Complete /Accurate?' at 2025-01-24 07:51:07.312669, scheduled to end at 2025-01-24 07:51:07.312669
2025-03-06 13:42:56,071 - root - INFO - Token Token-432 completed task 'Complete /Accurate?' at 2025-01-24 07:51:07.312669.
2025-03-06 13:42:56,071 - root - INFO - Token Token-432 waiting for resource 'Tech' at 2025-01-24 07:51:07.312669
2025-03-06 13:42:56,072 - root - INFO - Token Token-433 completed task 'Review AM using Asset Change Tracker (5.5.13.1)' at 2025-01-24 07:57:38.659464.
2025-03-06 13:42:56,072 - root - INFO - Token Token-434 released from wait queue for 'Tech'
2025-03-06 13:42:56,073 - root - INFO - Token Token-434 waited 22951.64 minutes for resource
2025-03-06 13:42:56,073 - root - INFO - Token Token-434 started task 'Review AM using Asset Change Tracker (5.5.13.1)' at 2025-01-24 07:57:38.659464, scheduled to end at 2025-01-24 08:06:48.841121
2025-03-06 13:42:56,073 - root - INFO - Token Token-433 started task 'Complete /Accurate?' at 2025-01-24 07:57:38.659464, scheduled to end at 2025-01-24 07:57:38.659464
2025-03-06 13:42:56,074 - root - INFO - Token Token-433 completed task 'Complete /Accurate?' at 2025-01-24 07:57:38.659464.
2025-03-06 13:42:56,074 - root - INFO - Token Token-433 waiting for resource 'Tech' at 2025-01-24 07:57:38.659464
2025-03-06 13:42:56,075 - root - INFO - Token Token-434 completed task 'Review AM using Asset Change Tracker (5.5.13.1)' at 2025-01-24 08:06:48.841121.
2025-03-06 13:42:56,075 - root - INFO - Token Token-61 released from wait queue for 'Tech'
2025-03-06 13:42:56,076 - root - INFO - Token Token-61 waited 22960.18 minutes for resource
2025-03-06 13:42:56,077 - root - INFO - Token Token-61 started task 'Work with REO RPO to Correct (5.5.13.3)' at 2025-01-24 08:06:48.841121, scheduled to end at 2025-01-24 09:55:41.943073
2025-03-06 13:42:56,078 - root - INFO - Token Token-434 started task 'Complete /Accurate?' at 2025-01-24 08:06:48.841121, scheduled to end at 2025-01-24 08:06:48.841121
2025-03-06 13:42:56,090 - root - INFO - Token Token-434 completed task 'Complete /Accurate?' at 2025-01-24 08:06:48.841121.
2025-03-06 13:42:56,091 - root - INFO - Token Token-434 waiting for resource 'Tech' at 2025-01-24 08:06:48.841121
2025-03-06 13:42:56,091 - root - INFO - Token Token-61 completed task 'Work with REO RPO to Correct (5.5.13.3)' at 2025-01-24 09:55:41.943073.
2025-03-06 13:42:56,091 - root - INFO - Token Token-435 released from wait queue for 'Tech'
2025-03-06 13:42:56,091 - root - INFO - Token Token-435 waited 23067.70 minutes for resource
2025-03-06 13:42:56,091 - root - INFO - Token Token-435 started task 'Review AM using Asset Change Tracker (5.5.13.1)' at 2025-01-24 09:55:41.943073, scheduled to end at 2025-01-24 10:04:05.809911
2025-03-06 13:42:56,092 - root - INFO - Token Token-61 started task 'Create Journal Entries?' at 2025-01-24 09:55:41.943073, scheduled to end at 2025-01-24 09:55:41.943073
2025-03-06 13:42:56,092 - root - INFO - Token Token-61 completed task 'Create Journal Entries?' at 2025-01-24 09:55:41.943073.
2025-03-06 13:42:56,092 - root - INFO - Token Token-61 started task 'Create/Post Journal Entries (5.5.13.4)' at 2025-01-24 09:55:41.943073, scheduled to end at 2025-01-24 10:07:38.002835
2025-03-06 13:42:56,093 - root - INFO - Token Token-61 waiting for resource 'Tech' at 2025-01-24 09:55:41.943073
2025-03-06 13:42:56,093 - root - INFO - Token Token-435 completed task 'Review AM using Asset Change Tracker (5.5.13.1)' at 2025-01-24 10:04:05.809911.
2025-03-06 13:42:56,093 - root - INFO - Token Token-436 released from wait queue for 'Tech'
2025-03-06 13:42:56,093 - root - INFO - Token Token-436 waited 23074.10 minutes for resource
2025-03-06 13:42:56,093 - root - INFO - Token Token-436 started task 'Review AM using Asset Change Tracker (5.5.13.1)' at 2025-01-24 10:04:05.809911, scheduled to end at 2025-01-24 10:12:52.555833
2025-03-06 13:42:56,094 - root - INFO - Token Token-435 started task 'Complete /Accurate?' at 2025-01-24 10:04:05.809911, scheduled to end at 2025-01-24 10:04:05.809911
2025-03-06 13:42:56,094 - root - INFO - Token Token-435 completed task 'Complete /Accurate?' at 2025-01-24 10:04:05.809911.
2025-03-06 13:42:56,094 - root - INFO - Token Token-435 waiting for resource 'Tech' at 2025-01-24 10:04:05.809911
2025-03-06 13:42:56,094 - root - INFO - Token Token-61 completed task 'Create/Post Journal Entries (5.5.13.4)' at 2025-01-24 10:07:38.002835.
2025-03-06 13:42:56,094 - root - INFO - Token Token-61 waited 11.93 minutes for resource
2025-03-06 13:42:56,095 - root - INFO - Token Token-61 started task 'Unknown' at 2025-01-24 10:07:38.002835, scheduled to end at 2025-01-24 10:07:38.002835
2025-03-06 13:42:56,095 - root - INFO - Token Token-61 completed task 'Unknown' at 2025-01-24 10:07:38.002835.
2025-03-06 13:42:56,095 - root - INFO - Token Token-61 has completed the entire process at 2025-01-24 10:07:38.002835.
2025-03-06 13:42:56,095 - root - INFO - Token Token-436 completed task 'Review AM using Asset Change Tracker (5.5.13.1)' at 2025-01-24 10:12:52.555833.
2025-03-06 13:42:56,096 - root - INFO - Token Token-437 released from wait queue for 'Tech'
2025-03-06 13:42:56,096 - root - INFO - Token Token-437 waited 23080.88 minutes for resource
2025-03-06 13:42:56,096 - root - INFO - Token Token-437 started task 'Review AM using Asset Change Tracker (5.5.13.1)' at 2025-01-24 10:12:52.555833, scheduled to end at 2025-01-24 10:21:33.382621
2025-03-06 13:42:56,097 - root - INFO - Token Token-436 started task 'Complete /Accurate?' at 2025-01-24 10:12:52.555833, scheduled to end at 2025-01-24 10:12:52.555833
2025-03-06 13:42:56,097 - root - INFO - Token Token-436 completed task 'Complete /Accurate?' at 2025-01-24 10:12:52.555833.
2025-03-06 13:42:56,098 - root - INFO - Token Token-436 waiting for resource 'Tech' at 2025-01-24 10:12:52.555833
2025-03-06 13:42:56,098 - root - INFO - Token Token-437 completed task 'Review AM using Asset Change Tracker (5.5.13.1)' at 2025-01-24 10:21:33.382621.
2025-03-06 13:42:56,099 - root - INFO - Token Token-438 released from wait queue for 'Tech'
2025-03-06 13:42:56,100 - root - INFO - Token Token-438 waited 23087.56 minutes for resource
2025-03-06 13:42:56,100 - root - INFO - Token Token-438 started task 'Review AM using Asset Change Tracker (5.5.13.1)' at 2025-01-24 10:21:33.382621, scheduled to end at 2025-01-24 10:30:40.344604
2025-03-06 13:42:56,101 - root - INFO - Token Token-437 started task 'Complete /Accurate?' at 2025-01-24 10:21:33.382621, scheduled to end at 2025-01-24 10:21:33.382621
2025-03-06 13:42:56,102 - root - INFO - Token Token-437 completed task 'Complete /Accurate?' at 2025-01-24 10:21:33.382621.
2025-03-06 13:42:56,102 - root - INFO - Token Token-437 waiting for resource 'Tech' at 2025-01-24 10:21:33.382621
2025-03-06 13:42:56,102 - root - INFO - Token Token-438 completed task 'Review AM using Asset Change Tracker (5.5.13.1)' at 2025-01-24 10:30:40.344604.
2025-03-06 13:42:56,103 - root - INFO - Token Token-62 released from wait queue for 'Tech'
2025-03-06 13:42:56,103 - root - INFO - Token Token-62 waited 23095.58 minutes for resource
2025-03-06 13:42:56,103 - root - INFO - Token Token-62 started task 'Note Accuracy in Asset Change Tracker (5.5.13.2)' at 2025-01-24 10:30:40.344604, scheduled to end at 2025-01-24 10:34:37.832419
2025-03-06 13:42:56,104 - root - INFO - Token Token-438 started task 'Complete /Accurate?' at 2025-01-24 10:30:40.344604, scheduled to end at 2025-01-24 10:30:40.344604
2025-03-06 13:42:56,104 - root - INFO - Token Token-438 completed task 'Complete /Accurate?' at 2025-01-24 10:30:40.344604.
2025-03-06 13:42:56,105 - root - INFO - Token Token-438 waiting for resource 'Tech' at 2025-01-24 10:30:40.344604
2025-03-06 13:42:56,105 - root - INFO - Token Token-62 completed task 'Note Accuracy in Asset Change Tracker (5.5.13.2)' at 2025-01-24 10:34:37.832419.
2025-03-06 13:42:56,105 - root - INFO - Token Token-439 released from wait queue for 'Tech'
2025-03-06 13:42:56,106 - root - INFO - Token Token-439 waited 23098.63 minutes for resource
2025-03-06 13:42:56,106 - root - INFO - Token Token-439 started task 'Review AM using Asset Change Tracker (5.5.13.1)' at 2025-01-24 10:34:37.832419, scheduled to end at 2025-01-24 10:43:57.008328
2025-03-06 13:42:56,107 - root - INFO - Token Token-62 started task 'Unknown' at 2025-01-24 10:34:37.832419, scheduled to end at 2025-01-24 10:34:37.832419
2025-03-06 13:42:56,107 - root - INFO - Token Token-62 completed task 'Unknown' at 2025-01-24 10:34:37.832419.
2025-03-06 13:42:56,108 - root - INFO - Token Token-62 has completed the entire process at 2025-01-24 10:34:37.832419.
2025-03-06 13:42:56,108 - root - INFO - Token Token-439 completed task 'Review AM using Asset Change Tracker (5.5.13.1)' at 2025-01-24 10:43:57.008328.
2025-03-06 13:42:56,109 - root - INFO - Token Token-440 released from wait queue for 'Tech'
2025-03-06 13:42:56,109 - root - INFO - Token Token-440 waited 23105.95 minutes for resource
2025-03-06 13:42:56,109 - root - INFO - Token Token-440 started task 'Review AM using Asset Change Tracker (5.5.13.1)' at 2025-01-24 10:43:57.008328, scheduled to end at 2025-01-24 10:51:41.152572
2025-03-06 13:42:56,110 - root - INFO - Token Token-439 started task 'Complete /Accurate?' at 2025-01-24 10:43:57.008328, scheduled to end at 2025-01-24 10:43:57.008328
2025-03-06 13:42:56,110 - root - INFO - Token Token-439 completed task 'Complete /Accurate?' at 2025-01-24 10:43:57.008328.
2025-03-06 13:42:56,110 - root - INFO - Token Token-439 waiting for resource 'Tech' at 2025-01-24 10:43:57.008328
2025-03-06 13:42:56,111 - root - INFO - Token Token-440 completed task 'Review AM using Asset Change Tracker (5.5.13.1)' at 2025-01-24 10:51:41.152572.
2025-03-06 13:42:56,111 - root - INFO - Token Token-441 released from wait queue for 'Tech'
2025-03-06 13:42:56,112 - root - INFO - Token Token-441 waited 23111.69 minutes for resource
2025-03-06 13:42:56,112 - root - INFO - Token Token-441 started task 'Review AM using Asset Change Tracker (5.5.13.1)' at 2025-01-24 10:51:41.152572, scheduled to end at 2025-01-24 10:59:11.635593
2025-03-06 13:42:56,112 - root - INFO - Token Token-440 started task 'Complete /Accurate?' at 2025-01-24 10:51:41.152572, scheduled to end at 2025-01-24 10:51:41.152572
2025-03-06 13:42:56,113 - root - INFO - Token Token-440 completed task 'Complete /Accurate?' at 2025-01-24 10:51:41.152572.
2025-03-06 13:42:56,113 - root - INFO - Token Token-440 waiting for resource 'Tech' at 2025-01-24 10:51:41.152572
2025-03-06 13:42:56,113 - root - INFO - Token Token-441 completed task 'Review AM using Asset Change Tracker (5.5.13.1)' at 2025-01-24 10:59:11.635593.
2025-03-06 13:42:56,114 - root - INFO - Token Token-63 released from wait queue for 'Tech'
2025-03-06 13:42:56,114 - root - INFO - Token Token-63 waited 23118.05 minutes for resource
2025-03-06 13:42:56,115 - root - INFO - Token Token-63 started task 'Note Accuracy in Asset Change Tracker (5.5.13.2)' at 2025-01-24 10:59:11.635593, scheduled to end at 2025-01-24 11:04:14.084870
2025-03-06 13:42:56,115 - root - INFO - Token Token-441 started task 'Complete /Accurate?' at 2025-01-24 10:59:11.635593, scheduled to end at 2025-01-24 10:59:11.635593
2025-03-06 13:42:56,116 - root - INFO - Token Token-441 completed task 'Complete /Accurate?' at 2025-01-24 10:59:11.635593.
2025-03-06 13:42:56,116 - root - INFO - Token Token-441 waiting for resource 'Tech' at 2025-01-24 10:59:11.635593
2025-03-06 13:42:56,116 - root - INFO - Token Token-63 completed task 'Note Accuracy in Asset Change Tracker (5.5.13.2)' at 2025-01-24 11:04:14.084870.
2025-03-06 13:42:56,116 - root - INFO - Token Token-442 released from wait queue for 'Tech'
2025-03-06 13:42:56,117 - root - INFO - Token Token-442 waited 23122.23 minutes for resource
2025-03-06 13:42:56,117 - root - INFO - Token Token-442 started task 'Review AM using Asset Change Tracker (5.5.13.1)' at 2025-01-24 11:04:14.084870, scheduled to end at 2025-01-24 11:13:18.068769
2025-03-06 13:42:56,117 - root - INFO - Token Token-63 started task 'Unknown' at 2025-01-24 11:04:14.084870, scheduled to end at 2025-01-24 11:04:14.084870
2025-03-06 13:42:56,118 - root - INFO - Token Token-63 completed task 'Unknown' at 2025-01-24 11:04:14.084870.
2025-03-06 13:42:56,118 - root - INFO - Token Token-63 has completed the entire process at 2025-01-24 11:04:14.084870.
2025-03-06 13:42:56,119 - root - INFO - Token Token-442 completed task 'Review AM using Asset Change Tracker (5.5.13.1)' at 2025-01-24 11:13:18.068769.
2025-03-06 13:42:56,119 - root - INFO - Token Token-443 released from wait queue for 'Tech'
2025-03-06 13:42:56,119 - root - INFO - Token Token-443 waited 23129.30 minutes for resource
2025-03-06 13:42:56,120 - root - INFO - Token Token-443 started task 'Review AM using Asset Change Tracker (5.5.13.1)' at 2025-01-24 11:13:18.068769, scheduled to end at 2025-01-24 11:21:35.947860
2025-03-06 13:42:56,120 - root - INFO - Token Token-442 started task 'Complete /Accurate?' at 2025-01-24 11:13:18.068769, scheduled to end at 2025-01-24 11:13:18.068769
2025-03-06 13:42:56,121 - root - INFO - Token Token-442 completed task 'Complete /Accurate?' at 2025-01-24 11:13:18.068769.
2025-03-06 13:42:56,121 - root - INFO - Token Token-442 waiting for resource 'Tech' at 2025-01-24 11:13:18.068769
2025-03-06 13:42:56,121 - root - INFO - Token Token-443 completed task 'Review AM using Asset Change Tracker (5.5.13.1)' at 2025-01-24 11:21:35.947860.
2025-03-06 13:42:56,121 - root - INFO - Token Token-444 released from wait queue for 'Tech'
2025-03-06 13:42:56,121 - root - INFO - Token Token-444 waited 23135.60 minutes for resource
2025-03-06 13:42:56,121 - root - INFO - Token Token-444 started task 'Review AM using Asset Change Tracker (5.5.13.1)' at 2025-01-24 11:21:35.947860, scheduled to end at 2025-01-24 11:28:40.238279
2025-03-06 13:42:56,121 - root - INFO - Token Token-443 started task 'Complete /Accurate?' at 2025-01-24 11:21:35.947860, scheduled to end at 2025-01-24 11:21:35.947860
2025-03-06 13:42:56,121 - root - INFO - Token Token-443 completed task 'Complete /Accurate?' at 2025-01-24 11:21:35.947860.
2025-03-06 13:42:56,121 - root - INFO - Token Token-443 waiting for resource 'Tech' at 2025-01-24 11:21:35.947860
2025-03-06 13:42:56,124 - root - INFO - Token Token-444 completed task 'Review AM using Asset Change Tracker (5.5.13.1)' at 2025-01-24 11:28:40.238279.
2025-03-06 13:42:56,124 - root - INFO - Token Token-445 released from wait queue for 'Tech'
2025-03-06 13:42:56,124 - root - INFO - Token Token-445 waited 23140.67 minutes for resource
2025-03-06 13:42:56,124 - root - INFO - Token Token-445 started task 'Review AM using Asset Change Tracker (5.5.13.1)' at 2025-01-24 11:28:40.238279, scheduled to end at 2025-01-24 11:38:13.052794
2025-03-06 13:42:56,125 - root - INFO - Token Token-444 started task 'Complete /Accurate?' at 2025-01-24 11:28:40.238279, scheduled to end at 2025-01-24 11:28:40.238279
2025-03-06 13:42:56,125 - root - INFO - Token Token-444 completed task 'Complete /Accurate?' at 2025-01-24 11:28:40.238279.
2025-03-06 13:42:56,125 - root - INFO - Token Token-444 waiting for resource 'Tech' at 2025-01-24 11:28:40.238279
2025-03-06 13:42:56,125 - root - INFO - Token Token-445 completed task 'Review AM using Asset Change Tracker (5.5.13.1)' at 2025-01-24 11:38:13.052794.
2025-03-06 13:42:56,126 - root - INFO - Token Token-64 released from wait queue for 'Tech'
2025-03-06 13:42:56,126 - root - INFO - Token Token-64 waited 23148.24 minutes for resource
2025-03-06 13:42:56,126 - root - INFO - Token Token-64 started task 'Note Accuracy in Asset Change Tracker (5.5.13.2)' at 2025-01-24 11:38:13.052794, scheduled to end at 2025-01-24 11:41:42.887770
2025-03-06 13:42:56,139 - root - INFO - Token Token-445 started task 'Complete /Accurate?' at 2025-01-24 11:38:13.052794, scheduled to end at 2025-01-24 11:38:13.052794
2025-03-06 13:42:56,139 - root - INFO - Token Token-445 completed task 'Complete /Accurate?' at 2025-01-24 11:38:13.052794.
2025-03-06 13:42:56,140 - root - INFO - Token Token-445 waiting for resource 'Tech' at 2025-01-24 11:38:13.052794
2025-03-06 13:42:56,140 - root - INFO - Token Token-64 completed task 'Note Accuracy in Asset Change Tracker (5.5.13.2)' at 2025-01-24 11:41:42.887770.
2025-03-06 13:42:56,140 - root - INFO - Token Token-446 released from wait queue for 'Tech'
2025-03-06 13:42:56,141 - root - INFO - Token Token-446 waited 23151.71 minutes for resource
2025-03-06 13:42:56,141 - root - INFO - Token Token-446 started task 'Review AM using Asset Change Tracker (5.5.13.1)' at 2025-01-24 11:41:42.887770, scheduled to end at 2025-01-24 11:50:48.640782
2025-03-06 13:42:56,141 - root - INFO - Token Token-64 started task 'Unknown' at 2025-01-24 11:41:42.887770, scheduled to end at 2025-01-24 11:41:42.887770
2025-03-06 13:42:56,141 - root - INFO - Token Token-64 completed task 'Unknown' at 2025-01-24 11:41:42.887770.
2025-03-06 13:42:56,142 - root - INFO - Token Token-64 has completed the entire process at 2025-01-24 11:41:42.887770.
2025-03-06 13:42:56,142 - root - INFO - Token Token-446 completed task 'Review AM using Asset Change Tracker (5.5.13.1)' at 2025-01-24 11:50:48.640782.
2025-03-06 13:42:56,142 - root - INFO - Token Token-447 released from wait queue for 'Tech'
2025-03-06 13:42:56,142 - root - INFO - Token Token-447 waited 23158.81 minutes for resource
2025-03-06 13:42:56,143 - root - INFO - Token Token-447 started task 'Review AM using Asset Change Tracker (5.5.13.1)' at 2025-01-24 11:50:48.640782, scheduled to end at 2025-01-24 11:57:47.088952
2025-03-06 13:42:56,143 - root - INFO - Token Token-446 started task 'Complete /Accurate?' at 2025-01-24 11:50:48.640782, scheduled to end at 2025-01-24 11:50:48.640782
2025-03-06 13:42:56,143 - root - INFO - Token Token-446 completed task 'Complete /Accurate?' at 2025-01-24 11:50:48.640782.
2025-03-06 13:42:56,143 - root - INFO - Token Token-446 waiting for resource 'Tech' at 2025-01-24 11:50:48.640782
2025-03-06 13:42:56,143 - root - INFO - Token Token-447 completed task 'Review AM using Asset Change Tracker (5.5.13.1)' at 2025-01-24 11:57:47.088952.
2025-03-06 13:42:56,144 - root - INFO - Token Token-448 released from wait queue for 'Tech'
2025-03-06 13:42:56,144 - root - INFO - Token Token-448 waited 23163.78 minutes for resource
2025-03-06 13:42:56,144 - root - INFO - Token Token-448 started task 'Review AM using Asset Change Tracker (5.5.13.1)' at 2025-01-24 11:57:47.088952, scheduled to end at 2025-01-24 12:07:14.841787
2025-03-06 13:42:56,144 - root - INFO - Token Token-447 started task 'Complete /Accurate?' at 2025-01-24 11:57:47.088952, scheduled to end at 2025-01-24 11:57:47.088952
2025-03-06 13:42:56,145 - root - INFO - Token Token-447 completed task 'Complete /Accurate?' at 2025-01-24 11:57:47.088952.
2025-03-06 13:42:56,145 - root - INFO - Token Token-447 waiting for resource 'Tech' at 2025-01-24 11:57:47.088952
2025-03-06 13:42:56,145 - root - INFO - Token Token-448 completed task 'Review AM using Asset Change Tracker (5.5.13.1)' at 2025-01-24 12:07:14.841787.
2025-03-06 13:42:56,145 - root - INFO - Token Token-449 released from wait queue for 'Tech'
2025-03-06 13:42:56,146 - root - INFO - Token Token-449 waited 23171.25 minutes for resource
2025-03-06 13:42:56,146 - root - INFO - Token Token-449 started task 'Review AM using Asset Change Tracker (5.5.13.1)' at 2025-01-24 12:07:14.841787, scheduled to end at 2025-01-24 12:15:58.130858
2025-03-06 13:42:56,147 - root - INFO - Token Token-448 started task 'Complete /Accurate?' at 2025-01-24 12:07:14.841787, scheduled to end at 2025-01-24 12:07:14.841787
2025-03-06 13:42:56,147 - root - INFO - Token Token-448 completed task 'Complete /Accurate?' at 2025-01-24 12:07:14.841787.
2025-03-06 13:42:56,147 - root - INFO - Token Token-448 waiting for resource 'Tech' at 2025-01-24 12:07:14.841787
2025-03-06 13:42:56,147 - root - INFO - Token Token-449 completed task 'Review AM using Asset Change Tracker (5.5.13.1)' at 2025-01-24 12:15:58.130858.
2025-03-06 13:42:56,148 - root - INFO - Token Token-65 released from wait queue for 'Tech'
2025-03-06 13:42:56,148 - root - INFO - Token Token-65 waited 23179.70 minutes for resource
2025-03-06 13:42:56,148 - root - INFO - Token Token-65 started task 'Note Accuracy in Asset Change Tracker (5.5.13.2)' at 2025-01-24 12:15:58.130858, scheduled to end at 2025-01-24 12:19:41.121654
2025-03-06 13:42:56,149 - root - INFO - Token Token-449 started task 'Complete /Accurate?' at 2025-01-24 12:15:58.130858, scheduled to end at 2025-01-24 12:15:58.130858
2025-03-06 13:42:56,150 - root - INFO - Token Token-449 completed task 'Complete /Accurate?' at 2025-01-24 12:15:58.130858.
2025-03-06 13:42:56,150 - root - INFO - Token Token-449 waiting for resource 'Tech' at 2025-01-24 12:15:58.130858
2025-03-06 13:42:56,151 - root - INFO - Token Token-65 completed task 'Note Accuracy in Asset Change Tracker (5.5.13.2)' at 2025-01-24 12:19:41.121654.
2025-03-06 13:42:56,151 - root - INFO - Token Token-450 released from wait queue for 'Tech'
2025-03-06 13:42:56,152 - root - INFO - Token Token-450 waited 23181.69 minutes for resource
2025-03-06 13:42:56,152 - root - INFO - Token Token-450 started task 'Review AM using Asset Change Tracker (5.5.13.1)' at 2025-01-24 12:19:41.121654, scheduled to end at 2025-01-24 12:27:36.938154
2025-03-06 13:42:56,152 - root - INFO - Token Token-65 started task 'Unknown' at 2025-01-24 12:19:41.121654, scheduled to end at 2025-01-24 12:19:41.121654
2025-03-06 13:42:56,153 - root - INFO - Token Token-65 completed task 'Unknown' at 2025-01-24 12:19:41.121654.
2025-03-06 13:42:56,153 - root - INFO - Token Token-65 has completed the entire process at 2025-01-24 12:19:41.121654.
2025-03-06 13:42:56,153 - root - INFO - Token Token-450 completed task 'Review AM using Asset Change Tracker (5.5.13.1)' at 2025-01-24 12:27:36.938154.
2025-03-06 13:42:56,154 - root - INFO - Token Token-451 released from wait queue for 'Tech'
2025-03-06 13:42:56,154 - root - INFO - Token Token-451 waited 23187.62 minutes for resource
2025-03-06 13:42:56,154 - root - INFO - Token Token-451 started task 'Review AM using Asset Change Tracker (5.5.13.1)' at 2025-01-24 12:27:36.938154, scheduled to end at 2025-01-24 12:36:44.636098
2025-03-06 13:42:56,155 - root - INFO - Token Token-450 started task 'Complete /Accurate?' at 2025-01-24 12:27:36.938154, scheduled to end at 2025-01-24 12:27:36.938154
2025-03-06 13:42:56,155 - root - INFO - Token Token-450 completed task 'Complete /Accurate?' at 2025-01-24 12:27:36.938154.
2025-03-06 13:42:56,156 - root - INFO - Token Token-450 waiting for resource 'Tech' at 2025-01-24 12:27:36.938154
2025-03-06 13:42:56,156 - root - INFO - Token Token-451 completed task 'Review AM using Asset Change Tracker (5.5.13.1)' at 2025-01-24 12:36:44.636098.
2025-03-06 13:42:56,157 - root - INFO - Token Token-452 released from wait queue for 'Tech'
2025-03-06 13:42:56,157 - root - INFO - Token Token-452 waited 23194.74 minutes for resource
2025-03-06 13:42:56,157 - root - INFO - Token Token-452 started task 'Review AM using Asset Change Tracker (5.5.13.1)' at 2025-01-24 12:36:44.636098, scheduled to end at 2025-01-24 12:42:52.680967
2025-03-06 13:42:56,158 - root - INFO - Token Token-451 started task 'Complete /Accurate?' at 2025-01-24 12:36:44.636098, scheduled to end at 2025-01-24 12:36:44.636098
2025-03-06 13:42:56,158 - root - INFO - Token Token-451 completed task 'Complete /Accurate?' at 2025-01-24 12:36:44.636098.
2025-03-06 13:42:56,159 - root - INFO - Token Token-451 waiting for resource 'Tech' at 2025-01-24 12:36:44.636098
2025-03-06 13:42:56,159 - root - INFO - Token Token-452 completed task 'Review AM using Asset Change Tracker (5.5.13.1)' at 2025-01-24 12:42:52.680967.
2025-03-06 13:42:56,159 - root - INFO - Token Token-453 released from wait queue for 'Tech'
2025-03-06 13:42:56,160 - root - INFO - Token Token-453 waited 23198.88 minutes for resource
2025-03-06 13:42:56,160 - root - INFO - Token Token-453 started task 'Review AM using Asset Change Tracker (5.5.13.1)' at 2025-01-24 12:42:52.680967, scheduled to end at 2025-01-24 12:51:15.067884
2025-03-06 13:42:56,161 - root - INFO - Token Token-452 started task 'Complete /Accurate?' at 2025-01-24 12:42:52.680967, scheduled to end at 2025-01-24 12:42:52.680967
2025-03-06 13:42:56,161 - root - INFO - Token Token-452 completed task 'Complete /Accurate?' at 2025-01-24 12:42:52.680967.
2025-03-06 13:42:56,161 - root - INFO - Token Token-452 waiting for resource 'Tech' at 2025-01-24 12:42:52.680967
2025-03-06 13:42:56,162 - root - INFO - Token Token-453 completed task 'Review AM using Asset Change Tracker (5.5.13.1)' at 2025-01-24 12:51:15.067884.
2025-03-06 13:42:56,162 - root - INFO - Token Token-66 released from wait queue for 'Tech'
2025-03-06 13:42:56,163 - root - INFO - Token Token-66 waited 23206.20 minutes for resource
2025-03-06 13:42:56,163 - root - INFO - Token Token-66 started task 'Note Accuracy in Asset Change Tracker (5.5.13.2)' at 2025-01-24 12:51:15.067884, scheduled to end at 2025-01-24 12:57:04.465608
2025-03-06 13:42:56,164 - root - INFO - Token Token-453 started task 'Complete /Accurate?' at 2025-01-24 12:51:15.067884, scheduled to end at 2025-01-24 12:51:15.067884
2025-03-06 13:42:56,164 - root - INFO - Token Token-453 completed task 'Complete /Accurate?' at 2025-01-24 12:51:15.067884.
2025-03-06 13:42:56,165 - root - INFO - Token Token-453 waiting for resource 'Tech' at 2025-01-24 12:51:15.067884
2025-03-06 13:42:56,165 - root - INFO - Token Token-66 completed task 'Note Accuracy in Asset Change Tracker (5.5.13.2)' at 2025-01-24 12:57:04.465608.
2025-03-06 13:42:56,165 - root - INFO - Token Token-454 released from wait queue for 'Tech'
2025-03-06 13:42:56,166 - root - INFO - Token Token-454 waited 23211.07 minutes for resource
2025-03-06 13:42:56,166 - root - INFO - Token Token-454 started task 'Review AM using Asset Change Tracker (5.5.13.1)' at 2025-01-24 12:57:04.465608, scheduled to end at 2025-01-27 07:00:00
2025-03-06 13:42:56,167 - root - INFO - Token Token-66 started task 'Unknown' at 2025-01-24 12:57:04.465608, scheduled to end at 2025-01-24 12:57:04.465608
2025-03-06 13:42:56,167 - root - INFO - Token Token-66 completed task 'Unknown' at 2025-01-24 12:57:04.465608.
2025-03-06 13:42:56,168 - root - INFO - Token Token-66 has completed the entire process at 2025-01-24 12:57:04.465608.
2025-03-06 13:42:56,168 - root - INFO - Token Token-454 completed task 'Review AM using Asset Change Tracker (5.5.13.1)' at 2025-01-27 07:00:00.
2025-03-06 13:42:56,168 - root - INFO - Token Token-455 released from wait queue for 'Tech'
2025-03-06 13:42:56,169 - root - INFO - Token Token-455 waited 27172.00 minutes for resource
2025-03-06 13:42:56,169 - root - INFO - Token Token-455 started task 'Review AM using Asset Change Tracker (5.5.13.1)' at 2025-01-27 07:00:00, scheduled to end at 2025-01-27 07:07:53.214082
2025-03-06 13:42:56,170 - root - INFO - Token Token-454 started task 'Complete /Accurate?' at 2025-01-27 07:00:00, scheduled to end at 2025-01-27 07:00:00
2025-03-06 13:42:56,170 - root - INFO - Token Token-454 completed task 'Complete /Accurate?' at 2025-01-27 07:00:00.
2025-03-06 13:42:56,170 - root - INFO - Token Token-454 waiting for resource 'Tech' at 2025-01-27 07:00:00
2025-03-06 13:42:56,171 - root - INFO - Token Token-455 completed task 'Review AM using Asset Change Tracker (5.5.13.1)' at 2025-01-27 07:07:53.214082.
2025-03-06 13:42:56,172 - root - INFO - Token Token-456 released from wait queue for 'Tech'
2025-03-06 13:42:56,172 - root - INFO - Token Token-456 waited 27177.89 minutes for resource
2025-03-06 13:42:56,172 - root - INFO - Token Token-456 started task 'Review AM using Asset Change Tracker (5.5.13.1)' at 2025-01-27 07:07:53.214082, scheduled to end at 2025-01-27 07:16:13.854493
2025-03-06 13:42:56,172 - root - INFO - Token Token-455 started task 'Complete /Accurate?' at 2025-01-27 07:07:53.214082, scheduled to end at 2025-01-27 07:07:53.214082
2025-03-06 13:42:56,172 - root - INFO - Token Token-455 completed task 'Complete /Accurate?' at 2025-01-27 07:07:53.214082.
2025-03-06 13:42:56,172 - root - INFO - Token Token-455 waiting for resource 'Tech' at 2025-01-27 07:07:53.214082
2025-03-06 13:42:56,172 - root - INFO - Token Token-456 completed task 'Review AM using Asset Change Tracker (5.5.13.1)' at 2025-01-27 07:16:13.854493.
2025-03-06 13:42:56,172 - root - INFO - Token Token-457 released from wait queue for 'Tech'
2025-03-06 13:42:56,172 - root - INFO - Token Token-457 waited 27184.23 minutes for resource
2025-03-06 13:42:56,172 - root - INFO - Token Token-457 started task 'Review AM using Asset Change Tracker (5.5.13.1)' at 2025-01-27 07:16:13.854493, scheduled to end at 2025-01-27 07:25:19.301391
2025-03-06 13:42:56,172 - root - INFO - Token Token-456 started task 'Complete /Accurate?' at 2025-01-27 07:16:13.854493, scheduled to end at 2025-01-27 07:16:13.854493
2025-03-06 13:42:56,174 - root - INFO - Token Token-456 completed task 'Complete /Accurate?' at 2025-01-27 07:16:13.854493.
2025-03-06 13:42:56,175 - root - INFO - Token Token-456 waiting for resource 'Tech' at 2025-01-27 07:16:13.854493
2025-03-06 13:42:56,175 - root - INFO - Token Token-457 completed task 'Review AM using Asset Change Tracker (5.5.13.1)' at 2025-01-27 07:25:19.301391.
2025-03-06 13:42:56,176 - root - INFO - Token Token-67 released from wait queue for 'Tech'
2025-03-06 13:42:56,183 - root - INFO - Token Token-67 waited 27192.02 minutes for resource
2025-03-06 13:42:56,183 - root - INFO - Token Token-67 started task 'Note Accuracy in Asset Change Tracker (5.5.13.2)' at 2025-01-27 07:25:19.301391, scheduled to end at 2025-01-27 07:31:18.102569
2025-03-06 13:42:56,183 - root - INFO - Token Token-457 started task 'Complete /Accurate?' at 2025-01-27 07:25:19.301391, scheduled to end at 2025-01-27 07:25:19.301391
2025-03-06 13:42:56,184 - root - INFO - Token Token-457 completed task 'Complete /Accurate?' at 2025-01-27 07:25:19.301391.
2025-03-06 13:42:56,184 - root - INFO - Token Token-457 waiting for resource 'Tech' at 2025-01-27 07:25:19.301391
2025-03-06 13:42:56,184 - root - INFO - Token Token-67 completed task 'Note Accuracy in Asset Change Tracker (5.5.13.2)' at 2025-01-27 07:31:18.102569.
2025-03-06 13:42:56,184 - root - INFO - Token Token-458 released from wait queue for 'Tech'
2025-03-06 13:42:56,185 - root - INFO - Token Token-458 waited 27197.30 minutes for resource
2025-03-06 13:42:56,185 - root - INFO - Token Token-458 started task 'Review AM using Asset Change Tracker (5.5.13.1)' at 2025-01-27 07:31:18.102569, scheduled to end at 2025-01-27 07:40:39.104232
2025-03-06 13:42:56,185 - root - INFO - Token Token-67 started task 'Unknown' at 2025-01-27 07:31:18.102569, scheduled to end at 2025-01-27 07:31:18.102569
2025-03-06 13:42:56,185 - root - INFO - Token Token-67 completed task 'Unknown' at 2025-01-27 07:31:18.102569.
2025-03-06 13:42:56,186 - root - INFO - Token Token-67 has completed the entire process at 2025-01-27 07:31:18.102569.
2025-03-06 13:42:56,186 - root - INFO - Token Token-458 completed task 'Review AM using Asset Change Tracker (5.5.13.1)' at 2025-01-27 07:40:39.104232.
2025-03-06 13:42:56,187 - root - INFO - Token Token-459 released from wait queue for 'Tech'
2025-03-06 13:42:56,187 - root - INFO - Token Token-459 waited 27204.65 minutes for resource
2025-03-06 13:42:56,187 - root - INFO - Token Token-459 started task 'Review AM using Asset Change Tracker (5.5.13.1)' at 2025-01-27 07:40:39.104232, scheduled to end at 2025-01-27 07:50:10.814388
2025-03-06 13:42:56,187 - root - INFO - Token Token-458 started task 'Complete /Accurate?' at 2025-01-27 07:40:39.104232, scheduled to end at 2025-01-27 07:40:39.104232
2025-03-06 13:42:56,187 - root - INFO - Token Token-458 completed task 'Complete /Accurate?' at 2025-01-27 07:40:39.104232.
2025-03-06 13:42:56,188 - root - INFO - Token Token-458 waiting for resource 'Tech' at 2025-01-27 07:40:39.104232
2025-03-06 13:42:56,188 - root - INFO - Token Token-459 completed task 'Review AM using Asset Change Tracker (5.5.13.1)' at 2025-01-27 07:50:10.814388.
2025-03-06 13:42:56,188 - root - INFO - Token Token-460 released from wait queue for 'Tech'
2025-03-06 13:42:56,188 - root - INFO - Token Token-460 waited 27212.18 minutes for resource
2025-03-06 13:42:56,189 - root - INFO - Token Token-460 started task 'Review AM using Asset Change Tracker (5.5.13.1)' at 2025-01-27 07:50:10.814388, scheduled to end at 2025-01-27 07:59:21.922273
2025-03-06 13:42:56,189 - root - INFO - Token Token-459 started task 'Complete /Accurate?' at 2025-01-27 07:50:10.814388, scheduled to end at 2025-01-27 07:50:10.814388
2025-03-06 13:42:56,189 - root - INFO - Token Token-459 completed task 'Complete /Accurate?' at 2025-01-27 07:50:10.814388.
2025-03-06 13:42:56,190 - root - INFO - Token Token-459 waiting for resource 'Tech' at 2025-01-27 07:50:10.814388
2025-03-06 13:42:56,190 - root - INFO - Token Token-460 completed task 'Review AM using Asset Change Tracker (5.5.13.1)' at 2025-01-27 07:59:21.922273.
2025-03-06 13:42:56,190 - root - INFO - Token Token-461 released from wait queue for 'Tech'
2025-03-06 13:42:56,190 - root - INFO - Token Token-461 waited 27219.37 minutes for resource
2025-03-06 13:42:56,191 - root - INFO - Token Token-461 started task 'Review AM using Asset Change Tracker (5.5.13.1)' at 2025-01-27 07:59:21.922273, scheduled to end at 2025-01-27 08:06:58.162204
2025-03-06 13:42:56,191 - root - INFO - Token Token-460 started task 'Complete /Accurate?' at 2025-01-27 07:59:21.922273, scheduled to end at 2025-01-27 07:59:21.922273
2025-03-06 13:42:56,191 - root - INFO - Token Token-460 completed task 'Complete /Accurate?' at 2025-01-27 07:59:21.922273.
2025-03-06 13:42:56,193 - root - INFO - Token Token-460 waiting for resource 'Tech' at 2025-01-27 07:59:21.922273
2025-03-06 13:42:56,193 - root - INFO - Token Token-461 completed task 'Review AM using Asset Change Tracker (5.5.13.1)' at 2025-01-27 08:06:58.162204.
2025-03-06 13:42:56,194 - root - INFO - Token Token-462 released from wait queue for 'Tech'
2025-03-06 13:42:56,194 - root - INFO - Token Token-462 waited 27224.97 minutes for resource
2025-03-06 13:42:56,195 - root - INFO - Token Token-462 started task 'Review AM using Asset Change Tracker (5.5.13.1)' at 2025-01-27 08:06:58.162204, scheduled to end at 2025-01-27 08:15:31.930756
2025-03-06 13:42:56,195 - root - INFO - Token Token-461 started task 'Complete /Accurate?' at 2025-01-27 08:06:58.162204, scheduled to end at 2025-01-27 08:06:58.162204
2025-03-06 13:42:56,195 - root - INFO - Token Token-461 completed task 'Complete /Accurate?' at 2025-01-27 08:06:58.162204.
2025-03-06 13:42:56,196 - root - INFO - Token Token-461 waiting for resource 'Tech' at 2025-01-27 08:06:58.162204
2025-03-06 13:42:56,196 - root - INFO - Token Token-462 completed task 'Review AM using Asset Change Tracker (5.5.13.1)' at 2025-01-27 08:15:31.930756.
2025-03-06 13:42:56,197 - root - INFO - Token Token-68 released from wait queue for 'Tech'
2025-03-06 13:42:56,197 - root - INFO - Token Token-68 waited 27232.89 minutes for resource
2025-03-06 13:42:56,198 - root - INFO - Token Token-68 started task 'Work with REO RPO to Correct (5.5.13.3)' at 2025-01-27 08:15:31.930756, scheduled to end at 2025-01-27 10:05:31.271200
2025-03-06 13:42:56,198 - root - INFO - Token Token-462 started task 'Complete /Accurate?' at 2025-01-27 08:15:31.930756, scheduled to end at 2025-01-27 08:15:31.930756
2025-03-06 13:42:56,199 - root - INFO - Token Token-462 completed task 'Complete /Accurate?' at 2025-01-27 08:15:31.930756.
2025-03-06 13:42:56,199 - root - INFO - Token Token-462 waiting for resource 'Tech' at 2025-01-27 08:15:31.930756
2025-03-06 13:42:56,199 - root - INFO - Token Token-68 completed task 'Work with REO RPO to Correct (5.5.13.3)' at 2025-01-27 10:05:31.271200.
2025-03-06 13:42:56,200 - root - INFO - Token Token-463 released from wait queue for 'Tech'
2025-03-06 13:42:56,200 - root - INFO - Token Token-463 waited 27341.52 minutes for resource
2025-03-06 13:42:56,201 - root - INFO - Token Token-463 started task 'Review AM using Asset Change Tracker (5.5.13.1)' at 2025-01-27 10:05:31.271200, scheduled to end at 2025-01-27 10:14:57.068888
2025-03-06 13:42:56,201 - root - INFO - Token Token-68 started task 'Create Journal Entries?' at 2025-01-27 10:05:31.271200, scheduled to end at 2025-01-27 10:05:31.271200
2025-03-06 13:42:56,202 - root - INFO - Token Token-68 completed task 'Create Journal Entries?' at 2025-01-27 10:05:31.271200.
2025-03-06 13:42:56,202 - root - INFO - Token Token-68 started task 'Create/Post Journal Entries (5.5.13.4)' at 2025-01-27 10:05:31.271200, scheduled to end at 2025-01-27 10:16:36.711252
2025-03-06 13:42:56,203 - root - INFO - Token Token-68 waiting for resource 'Tech' at 2025-01-27 10:05:31.271200
2025-03-06 13:42:56,203 - root - INFO - Token Token-463 completed task 'Review AM using Asset Change Tracker (5.5.13.1)' at 2025-01-27 10:14:57.068888.
2025-03-06 13:42:56,204 - root - INFO - Token Token-464 released from wait queue for 'Tech'
2025-03-06 13:42:56,204 - root - INFO - Token Token-464 waited 27348.95 minutes for resource
2025-03-06 13:42:56,204 - root - INFO - Token Token-464 started task 'Review AM using Asset Change Tracker (5.5.13.1)' at 2025-01-27 10:14:57.068888, scheduled to end at 2025-01-27 10:24:12.237220
2025-03-06 13:42:56,205 - root - INFO - Token Token-463 started task 'Complete /Accurate?' at 2025-01-27 10:14:57.068888, scheduled to end at 2025-01-27 10:14:57.068888
2025-03-06 13:42:56,205 - root - INFO - Token Token-463 completed task 'Complete /Accurate?' at 2025-01-27 10:14:57.068888.
2025-03-06 13:42:56,206 - root - INFO - Token Token-463 waiting for resource 'Tech' at 2025-01-27 10:14:57.068888
2025-03-06 13:42:56,206 - root - INFO - Token Token-68 completed task 'Create/Post Journal Entries (5.5.13.4)' at 2025-01-27 10:16:36.711252.
2025-03-06 13:42:56,207 - root - INFO - Token Token-68 waited 11.09 minutes for resource
2025-03-06 13:42:56,207 - root - INFO - Token Token-68 started task 'Unknown' at 2025-01-27 10:16:36.711252, scheduled to end at 2025-01-27 10:16:36.711252
2025-03-06 13:42:56,207 - root - INFO - Token Token-68 completed task 'Unknown' at 2025-01-27 10:16:36.711252.
2025-03-06 13:42:56,208 - root - INFO - Token Token-68 has completed the entire process at 2025-01-27 10:16:36.711252.
2025-03-06 13:42:56,208 - root - INFO - Token Token-464 completed task 'Review AM using Asset Change Tracker (5.5.13.1)' at 2025-01-27 10:24:12.237220.
2025-03-06 13:42:56,208 - root - INFO - Token Token-465 released from wait queue for 'Tech'
2025-03-06 13:42:56,209 - root - INFO - Token Token-465 waited 27356.20 minutes for resource
2025-03-06 13:42:56,209 - root - INFO - Token Token-465 started task 'Review AM using Asset Change Tracker (5.5.13.1)' at 2025-01-27 10:24:12.237220, scheduled to end at 2025-01-27 10:33:16.117863
2025-03-06 13:42:56,209 - root - INFO - Token Token-464 started task 'Complete /Accurate?' at 2025-01-27 10:24:12.237220, scheduled to end at 2025-01-27 10:24:12.237220
2025-03-06 13:42:56,210 - root - INFO - Token Token-464 completed task 'Complete /Accurate?' at 2025-01-27 10:24:12.237220.
2025-03-06 13:42:56,210 - root - INFO - Token Token-464 waiting for resource 'Tech' at 2025-01-27 10:24:12.237220
2025-03-06 13:42:56,211 - root - INFO - Token Token-465 completed task 'Review AM using Asset Change Tracker (5.5.13.1)' at 2025-01-27 10:33:16.117863.
2025-03-06 13:42:56,211 - root - INFO - Token Token-466 released from wait queue for 'Tech'
2025-03-06 13:42:56,212 - root - INFO - Token Token-466 waited 27363.27 minutes for resource
2025-03-06 13:42:56,212 - root - INFO - Token Token-466 started task 'Review AM using Asset Change Tracker (5.5.13.1)' at 2025-01-27 10:33:16.117863, scheduled to end at 2025-01-27 10:39:25.172556
2025-03-06 13:42:56,212 - root - INFO - Token Token-465 started task 'Complete /Accurate?' at 2025-01-27 10:33:16.117863, scheduled to end at 2025-01-27 10:33:16.117863
2025-03-06 13:42:56,213 - root - INFO - Token Token-465 completed task 'Complete /Accurate?' at 2025-01-27 10:33:16.117863.
2025-03-06 13:42:56,214 - root - INFO - Token Token-465 waiting for resource 'Tech' at 2025-01-27 10:33:16.117863
2025-03-06 13:42:56,214 - root - INFO - Token Token-466 completed task 'Review AM using Asset Change Tracker (5.5.13.1)' at 2025-01-27 10:39:25.172556.
2025-03-06 13:42:56,214 - root - INFO - Token Token-69 released from wait queue for 'Tech'
2025-03-06 13:42:56,214 - root - INFO - Token Token-69 waited 27368.32 minutes for resource
2025-03-06 13:42:56,214 - root - INFO - Token Token-69 started task 'Note Accuracy in Asset Change Tracker (5.5.13.2)' at 2025-01-27 10:39:25.172556, scheduled to end at 2025-01-27 10:46:05.377847
2025-03-06 13:42:56,214 - root - INFO - Token Token-466 started task 'Complete /Accurate?' at 2025-01-27 10:39:25.172556, scheduled to end at 2025-01-27 10:39:25.172556
2025-03-06 13:42:56,214 - root - INFO - Token Token-466 completed task 'Complete /Accurate?' at 2025-01-27 10:39:25.172556.
2025-03-06 13:42:56,214 - root - INFO - Token Token-466 waiting for resource 'Tech' at 2025-01-27 10:39:25.172556
2025-03-06 13:42:56,214 - root - INFO - Token Token-69 completed task 'Note Accuracy in Asset Change Tracker (5.5.13.2)' at 2025-01-27 10:46:05.377847.
2025-03-06 13:42:56,214 - root - INFO - Token Token-467 released from wait queue for 'Tech'
2025-03-06 13:42:56,216 - root - INFO - Token Token-467 waited 27374.09 minutes for resource
2025-03-06 13:42:56,217 - root - INFO - Token Token-467 started task 'Review AM using Asset Change Tracker (5.5.13.1)' at 2025-01-27 10:46:05.377847, scheduled to end at 2025-01-27 10:54:22.786978
2025-03-06 13:42:56,217 - root - INFO - Token Token-69 started task 'Unknown' at 2025-01-27 10:46:05.377847, scheduled to end at 2025-01-27 10:46:05.377847
2025-03-06 13:42:56,217 - root - INFO - Token Token-69 completed task 'Unknown' at 2025-01-27 10:46:05.377847.
2025-03-06 13:42:56,217 - root - INFO - Token Token-69 has completed the entire process at 2025-01-27 10:46:05.377847.
2025-03-06 13:42:56,217 - root - INFO - Token Token-467 completed task 'Review AM using Asset Change Tracker (5.5.13.1)' at 2025-01-27 10:54:22.786978.
2025-03-06 13:42:56,217 - root - INFO - Token Token-468 released from wait queue for 'Tech'
2025-03-06 13:42:56,217 - root - INFO - Token Token-468 waited 27380.38 minutes for resource
2025-03-06 13:42:56,218 - root - INFO - Token Token-468 started task 'Review AM using Asset Change Tracker (5.5.13.1)' at 2025-01-27 10:54:22.786978, scheduled to end at 2025-01-27 11:03:56.710760
2025-03-06 13:42:56,218 - root - INFO - Token Token-467 started task 'Complete /Accurate?' at 2025-01-27 10:54:22.786978, scheduled to end at 2025-01-27 10:54:22.786978
2025-03-06 13:42:56,218 - root - INFO - Token Token-467 completed task 'Complete /Accurate?' at 2025-01-27 10:54:22.786978.
2025-03-06 13:42:56,232 - root - INFO - Token Token-467 waiting for resource 'Tech' at 2025-01-27 10:54:22.786978
2025-03-06 13:42:56,233 - root - INFO - Token Token-468 completed task 'Review AM using Asset Change Tracker (5.5.13.1)' at 2025-01-27 11:03:56.710760.
2025-03-06 13:42:56,233 - root - INFO - Token Token-469 released from wait queue for 'Tech'
2025-03-06 13:42:56,233 - root - INFO - Token Token-469 waited 27387.95 minutes for resource
2025-03-06 13:42:56,233 - root - INFO - Token Token-469 started task 'Review AM using Asset Change Tracker (5.5.13.1)' at 2025-01-27 11:03:56.710760, scheduled to end at 2025-01-27 11:12:09.311103
2025-03-06 13:42:56,234 - root - INFO - Token Token-468 started task 'Complete /Accurate?' at 2025-01-27 11:03:56.710760, scheduled to end at 2025-01-27 11:03:56.710760
2025-03-06 13:42:56,234 - root - INFO - Token Token-468 completed task 'Complete /Accurate?' at 2025-01-27 11:03:56.710760.
2025-03-06 13:42:56,234 - root - INFO - Token Token-468 waiting for resource 'Tech' at 2025-01-27 11:03:56.710760
2025-03-06 13:42:56,234 - root - INFO - Token Token-469 completed task 'Review AM using Asset Change Tracker (5.5.13.1)' at 2025-01-27 11:12:09.311103.
2025-03-06 13:42:56,235 - root - INFO - Token Token-470 released from wait queue for 'Tech'
2025-03-06 13:42:56,235 - root - INFO - Token Token-470 waited 27394.16 minutes for resource
2025-03-06 13:42:56,235 - root - INFO - Token Token-470 started task 'Review AM using Asset Change Tracker (5.5.13.1)' at 2025-01-27 11:12:09.311103, scheduled to end at 2025-01-27 11:21:05.458967
2025-03-06 13:42:56,235 - root - INFO - Token Token-469 started task 'Complete /Accurate?' at 2025-01-27 11:12:09.311103, scheduled to end at 2025-01-27 11:12:09.311103
2025-03-06 13:42:56,235 - root - INFO - Token Token-469 completed task 'Complete /Accurate?' at 2025-01-27 11:12:09.311103.
2025-03-06 13:42:56,236 - root - INFO - Token Token-469 waiting for resource 'Tech' at 2025-01-27 11:12:09.311103
2025-03-06 13:42:56,236 - root - INFO - Token Token-470 completed task 'Review AM using Asset Change Tracker (5.5.13.1)' at 2025-01-27 11:21:05.458967.
2025-03-06 13:42:56,236 - root - INFO - Token Token-70 released from wait queue for 'Tech'
2025-03-06 13:42:56,236 - root - INFO - Token Token-70 waited 27402.42 minutes for resource
2025-03-06 13:42:56,237 - root - INFO - Token Token-70 started task 'Work with REO RPO to Correct (5.5.13.3)' at 2025-01-27 11:21:05.458967, scheduled to end at 2025-01-28 07:00:00
2025-03-06 13:42:56,237 - root - INFO - Token Token-470 started task 'Complete /Accurate?' at 2025-01-27 11:21:05.458967, scheduled to end at 2025-01-27 11:21:05.458967
2025-03-06 13:42:56,237 - root - INFO - Token Token-470 completed task 'Complete /Accurate?' at 2025-01-27 11:21:05.458967.
2025-03-06 13:42:56,237 - root - INFO - Token Token-470 waiting for resource 'Tech' at 2025-01-27 11:21:05.458967
2025-03-06 13:42:56,238 - root - INFO - Token Token-70 completed task 'Work with REO RPO to Correct (5.5.13.3)' at 2025-01-28 07:00:00.
2025-03-06 13:42:56,238 - root - INFO - Token Token-471 released from wait queue for 'Tech'
2025-03-06 13:42:56,238 - root - INFO - Token Token-471 waited 28580.00 minutes for resource
2025-03-06 13:42:56,238 - root - INFO - Token Token-471 started task 'Review AM using Asset Change Tracker (5.5.13.1)' at 2025-01-28 07:00:00, scheduled to end at 2025-01-28 07:08:32.453508
2025-03-06 13:42:56,239 - root - INFO - Token Token-70 started task 'Create Journal Entries?' at 2025-01-28 07:00:00, scheduled to end at 2025-01-28 07:00:00
2025-03-06 13:42:56,240 - root - INFO - Token Token-70 completed task 'Create Journal Entries?' at 2025-01-28 07:00:00.
2025-03-06 13:42:56,240 - root - INFO - Token Token-70 started task 'Create/Post Journal Entries (5.5.13.4)' at 2025-01-28 07:00:00, scheduled to end at 2025-01-28 07:08:21.755837
2025-03-06 13:42:56,240 - root - INFO - Token Token-70 waiting for resource 'Tech' at 2025-01-28 07:00:00
2025-03-06 13:42:56,242 - root - INFO - Token Token-70 completed task 'Create/Post Journal Entries (5.5.13.4)' at 2025-01-28 07:08:21.755837.
2025-03-06 13:42:56,242 - root - INFO - Token Token-70 waited 8.36 minutes for resource
2025-03-06 13:42:56,242 - root - INFO - Token Token-70 started task 'Unknown' at 2025-01-28 07:08:21.755837, scheduled to end at 2025-01-28 07:08:21.755837
2025-03-06 13:42:56,243 - root - INFO - Token Token-70 completed task 'Unknown' at 2025-01-28 07:08:21.755837.
2025-03-06 13:42:56,243 - root - INFO - Token Token-70 has completed the entire process at 2025-01-28 07:08:21.755837.
2025-03-06 13:42:56,244 - root - INFO - Token Token-471 completed task 'Review AM using Asset Change Tracker (5.5.13.1)' at 2025-01-28 07:08:32.453508.
2025-03-06 13:42:56,244 - root - INFO - Token Token-472 released from wait queue for 'Tech'
2025-03-06 13:42:56,244 - root - INFO - Token Token-472 waited 28586.54 minutes for resource
2025-03-06 13:42:56,245 - root - INFO - Token Token-472 started task 'Review AM using Asset Change Tracker (5.5.13.1)' at 2025-01-28 07:08:32.453508, scheduled to end at 2025-01-28 07:17:07.060773
2025-03-06 13:42:56,245 - root - INFO - Token Token-471 started task 'Complete /Accurate?' at 2025-01-28 07:08:32.453508, scheduled to end at 2025-01-28 07:08:32.453508
2025-03-06 13:42:56,246 - root - INFO - Token Token-471 completed task 'Complete /Accurate?' at 2025-01-28 07:08:32.453508.
2025-03-06 13:42:56,246 - root - INFO - Token Token-471 waiting for resource 'Tech' at 2025-01-28 07:08:32.453508
2025-03-06 13:42:56,246 - root - INFO - Token Token-472 completed task 'Review AM using Asset Change Tracker (5.5.13.1)' at 2025-01-28 07:17:07.060773.
2025-03-06 13:42:56,247 - root - INFO - Token Token-473 released from wait queue for 'Tech'
2025-03-06 13:42:56,247 - root - INFO - Token Token-473 waited 28593.12 minutes for resource
2025-03-06 13:42:56,247 - root - INFO - Token Token-473 started task 'Review AM using Asset Change Tracker (5.5.13.1)' at 2025-01-28 07:17:07.060773, scheduled to end at 2025-01-28 07:25:58.080366
2025-03-06 13:42:56,248 - root - INFO - Token Token-472 started task 'Complete /Accurate?' at 2025-01-28 07:17:07.060773, scheduled to end at 2025-01-28 07:17:07.060773
2025-03-06 13:42:56,248 - root - INFO - Token Token-472 completed task 'Complete /Accurate?' at 2025-01-28 07:17:07.060773.
2025-03-06 13:42:56,249 - root - INFO - Token Token-472 waiting for resource 'Tech' at 2025-01-28 07:17:07.060773
2025-03-06 13:42:56,249 - root - INFO - Token Token-473 completed task 'Review AM using Asset Change Tracker (5.5.13.1)' at 2025-01-28 07:25:58.080366.
2025-03-06 13:42:56,249 - root - INFO - Token Token-474 released from wait queue for 'Tech'
2025-03-06 13:42:56,250 - root - INFO - Token Token-474 waited 28599.97 minutes for resource
2025-03-06 13:42:56,250 - root - INFO - Token Token-474 started task 'Review AM using Asset Change Tracker (5.5.13.1)' at 2025-01-28 07:25:58.080366, scheduled to end at 2025-01-28 07:35:19.406211
2025-03-06 13:42:56,251 - root - INFO - Token Token-473 started task 'Complete /Accurate?' at 2025-01-28 07:25:58.080366, scheduled to end at 2025-01-28 07:25:58.080366
2025-03-06 13:42:56,251 - root - INFO - Token Token-473 completed task 'Complete /Accurate?' at 2025-01-28 07:25:58.080366.
2025-03-06 13:42:56,252 - root - INFO - Token Token-473 waiting for resource 'Tech' at 2025-01-28 07:25:58.080366
2025-03-06 13:42:56,252 - root - INFO - Token Token-474 completed task 'Review AM using Asset Change Tracker (5.5.13.1)' at 2025-01-28 07:35:19.406211.
2025-03-06 13:42:56,252 - root - INFO - Token Token-475 released from wait queue for 'Tech'
2025-03-06 13:42:56,253 - root - INFO - Token Token-475 waited 28607.32 minutes for resource
2025-03-06 13:42:56,253 - root - INFO - Token Token-475 started task 'Review AM using Asset Change Tracker (5.5.13.1)' at 2025-01-28 07:35:19.406211, scheduled to end at 2025-01-28 07:43:29.014224
2025-03-06 13:42:56,253 - root - INFO - Token Token-474 started task 'Complete /Accurate?' at 2025-01-28 07:35:19.406211, scheduled to end at 2025-01-28 07:35:19.406211
2025-03-06 13:42:56,254 - root - INFO - Token Token-474 completed task 'Complete /Accurate?' at 2025-01-28 07:35:19.406211.
2025-03-06 13:42:56,254 - root - INFO - Token Token-474 waiting for resource 'Tech' at 2025-01-28 07:35:19.406211
2025-03-06 13:42:56,255 - root - INFO - Token Token-475 completed task 'Review AM using Asset Change Tracker (5.5.13.1)' at 2025-01-28 07:43:29.014224.
2025-03-06 13:42:56,255 - root - INFO - Token Token-71 released from wait queue for 'Tech'
2025-03-06 13:42:56,255 - root - INFO - Token Token-71 waited 28615.42 minutes for resource
2025-03-06 13:42:56,256 - root - INFO - Token Token-71 started task 'Work with REO RPO to Correct (5.5.13.3)' at 2025-01-28 07:43:29.014224, scheduled to end at 2025-01-28 09:54:19.034916
2025-03-06 13:42:56,256 - root - INFO - Token Token-475 started task 'Complete /Accurate?' at 2025-01-28 07:43:29.014224, scheduled to end at 2025-01-28 07:43:29.014224
2025-03-06 13:42:56,257 - root - INFO - Token Token-475 completed task 'Complete /Accurate?' at 2025-01-28 07:43:29.014224.
2025-03-06 13:42:56,257 - root - INFO - Token Token-475 waiting for resource 'Tech' at 2025-01-28 07:43:29.014224
2025-03-06 13:42:56,257 - root - INFO - Token Token-71 completed task 'Work with REO RPO to Correct (5.5.13.3)' at 2025-01-28 09:54:19.034916.
2025-03-06 13:42:56,258 - root - INFO - Token Token-476 released from wait queue for 'Tech'
2025-03-06 13:42:56,258 - root - INFO - Token Token-476 waited 28744.32 minutes for resource
2025-03-06 13:42:56,258 - root - INFO - Token Token-476 started task 'Review AM using Asset Change Tracker (5.5.13.1)' at 2025-01-28 09:54:19.034916, scheduled to end at 2025-01-28 10:01:41.339455
2025-03-06 13:42:56,259 - root - INFO - Token Token-71 started task 'Create Journal Entries?' at 2025-01-28 09:54:19.034916, scheduled to end at 2025-01-28 09:54:19.034916
2025-03-06 13:42:56,259 - root - INFO - Token Token-71 completed task 'Create Journal Entries?' at 2025-01-28 09:54:19.034916.
2025-03-06 13:42:56,260 - root - INFO - Token Token-71 started task 'Create/Post Journal Entries (5.5.13.4)' at 2025-01-28 09:54:19.034916, scheduled to end at 2025-01-28 10:05:52.693604
2025-03-06 13:42:56,260 - root - INFO - Token Token-71 waiting for resource 'Tech' at 2025-01-28 09:54:19.034916
2025-03-06 13:42:56,261 - root - INFO - Token Token-476 completed task 'Review AM using Asset Change Tracker (5.5.13.1)' at 2025-01-28 10:01:41.339455.
2025-03-06 13:42:56,261 - root - INFO - Token Token-477 released from wait queue for 'Tech'
2025-03-06 13:42:56,261 - root - INFO - Token Token-477 waited 28749.69 minutes for resource
2025-03-06 13:42:56,262 - root - INFO - Token Token-477 started task 'Review AM using Asset Change Tracker (5.5.13.1)' at 2025-01-28 10:01:41.339455, scheduled to end at 2025-01-28 10:09:59.538749
2025-03-06 13:42:56,262 - root - INFO - Token Token-476 started task 'Complete /Accurate?' at 2025-01-28 10:01:41.339455, scheduled to end at 2025-01-28 10:01:41.339455
2025-03-06 13:42:56,262 - root - INFO - Token Token-476 completed task 'Complete /Accurate?' at 2025-01-28 10:01:41.339455.
2025-03-06 13:42:56,262 - root - INFO - Token Token-476 waiting for resource 'Tech' at 2025-01-28 10:01:41.339455
2025-03-06 13:42:56,262 - root - INFO - Token Token-71 completed task 'Create/Post Journal Entries (5.5.13.4)' at 2025-01-28 10:05:52.693604.
2025-03-06 13:42:56,262 - root - INFO - Token Token-71 waited 11.56 minutes for resource
2025-03-06 13:42:56,262 - root - INFO - Token Token-71 started task 'Unknown' at 2025-01-28 10:05:52.693604, scheduled to end at 2025-01-28 10:05:52.693604
2025-03-06 13:42:56,262 - root - INFO - Token Token-71 completed task 'Unknown' at 2025-01-28 10:05:52.693604.
2025-03-06 13:42:56,262 - root - INFO - Token Token-71 has completed the entire process at 2025-01-28 10:05:52.693604.
2025-03-06 13:42:56,262 - root - INFO - Token Token-477 completed task 'Review AM using Asset Change Tracker (5.5.13.1)' at 2025-01-28 10:09:59.538749.
2025-03-06 13:42:56,262 - root - INFO - Token Token-478 released from wait queue for 'Tech'
2025-03-06 13:42:56,262 - root - INFO - Token Token-478 waited 28755.99 minutes for resource
2025-03-06 13:42:56,265 - root - INFO - Token Token-478 started task 'Review AM using Asset Change Tracker (5.5.13.1)' at 2025-01-28 10:09:59.538749, scheduled to end at 2025-01-28 10:18:57.132898
2025-03-06 13:42:56,265 - root - INFO - Token Token-477 started task 'Complete /Accurate?' at 2025-01-28 10:09:59.538749, scheduled to end at 2025-01-28 10:09:59.538749
2025-03-06 13:42:56,265 - root - INFO - Token Token-477 completed task 'Complete /Accurate?' at 2025-01-28 10:09:59.538749.
2025-03-06 13:42:56,266 - root - INFO - Token Token-477 waiting for resource 'Tech' at 2025-01-28 10:09:59.538749
2025-03-06 13:42:56,266 - root - INFO - Token Token-478 completed task 'Review AM using Asset Change Tracker (5.5.13.1)' at 2025-01-28 10:18:57.132898.
2025-03-06 13:42:56,266 - root - INFO - Token Token-479 released from wait queue for 'Tech'
2025-03-06 13:42:56,266 - root - INFO - Token Token-479 waited 28762.95 minutes for resource
2025-03-06 13:42:56,266 - root - INFO - Token Token-479 started task 'Review AM using Asset Change Tracker (5.5.13.1)' at 2025-01-28 10:18:57.132898, scheduled to end at 2025-01-28 10:27:07.820009
2025-03-06 13:42:56,267 - root - INFO - Token Token-478 started task 'Complete /Accurate?' at 2025-01-28 10:18:57.132898, scheduled to end at 2025-01-28 10:18:57.132898
2025-03-06 13:42:56,267 - root - INFO - Token Token-478 completed task 'Complete /Accurate?' at 2025-01-28 10:18:57.132898.
2025-03-06 13:42:56,268 - root - INFO - Token Token-478 waiting for resource 'Tech' at 2025-01-28 10:18:57.132898
2025-03-06 13:42:56,269 - root - INFO - Token Token-479 completed task 'Review AM using Asset Change Tracker (5.5.13.1)' at 2025-01-28 10:27:07.820009.
2025-03-06 13:42:56,269 - root - INFO - Token Token-72 released from wait queue for 'Tech'
2025-03-06 13:42:56,281 - root - INFO - Token Token-72 waited 28770.44 minutes for resource
2025-03-06 13:42:56,282 - root - INFO - Token Token-72 started task 'Note Accuracy in Asset Change Tracker (5.5.13.2)' at 2025-01-28 10:27:07.820009, scheduled to end at 2025-01-28 10:33:15.995488
2025-03-06 13:42:56,282 - root - INFO - Token Token-479 started task 'Complete /Accurate?' at 2025-01-28 10:27:07.820009, scheduled to end at 2025-01-28 10:27:07.820009
2025-03-06 13:42:56,282 - root - INFO - Token Token-479 completed task 'Complete /Accurate?' at 2025-01-28 10:27:07.820009.
2025-03-06 13:42:56,282 - root - INFO - Token Token-479 waiting for resource 'Tech' at 2025-01-28 10:27:07.820009
2025-03-06 13:42:56,283 - root - INFO - Token Token-72 completed task 'Note Accuracy in Asset Change Tracker (5.5.13.2)' at 2025-01-28 10:33:15.995488.
2025-03-06 13:42:56,283 - root - INFO - Token Token-480 released from wait queue for 'Tech'
2025-03-06 13:42:56,283 - root - INFO - Token Token-480 waited 28775.27 minutes for resource
2025-03-06 13:42:56,283 - root - INFO - Token Token-480 started task 'Review AM using Asset Change Tracker (5.5.13.1)' at 2025-01-28 10:33:15.995488, scheduled to end at 2025-01-28 10:38:58.540040
2025-03-06 13:42:56,283 - root - INFO - Token Token-72 started task 'Unknown' at 2025-01-28 10:33:15.995488, scheduled to end at 2025-01-28 10:33:15.995488
2025-03-06 13:42:56,284 - root - INFO - Token Token-72 completed task 'Unknown' at 2025-01-28 10:33:15.995488.
2025-03-06 13:42:56,284 - root - INFO - Token Token-72 has completed the entire process at 2025-01-28 10:33:15.995488.
2025-03-06 13:42:56,284 - root - INFO - Token Token-480 completed task 'Review AM using Asset Change Tracker (5.5.13.1)' at 2025-01-28 10:38:58.540040.
2025-03-06 13:42:56,284 - root - INFO - Token Token-481 released from wait queue for 'Tech'
2025-03-06 13:42:56,284 - root - INFO - Token Token-481 waited 28778.98 minutes for resource
2025-03-06 13:42:56,285 - root - INFO - Token Token-481 started task 'Review AM using Asset Change Tracker (5.5.13.1)' at 2025-01-28 10:38:58.540040, scheduled to end at 2025-01-28 10:46:15.227471
2025-03-06 13:42:56,285 - root - INFO - Token Token-480 started task 'Complete /Accurate?' at 2025-01-28 10:38:58.540040, scheduled to end at 2025-01-28 10:38:58.540040
2025-03-06 13:42:56,285 - root - INFO - Token Token-480 completed task 'Complete /Accurate?' at 2025-01-28 10:38:58.540040.
2025-03-06 13:42:56,285 - root - INFO - Token Token-480 waiting for resource 'Tech' at 2025-01-28 10:38:58.540040
2025-03-06 13:42:56,286 - root - INFO - Token Token-481 completed task 'Review AM using Asset Change Tracker (5.5.13.1)' at 2025-01-28 10:46:15.227471.
2025-03-06 13:42:56,286 - root - INFO - Token Token-482 released from wait queue for 'Tech'
2025-03-06 13:42:56,286 - root - INFO - Token Token-482 waited 28784.25 minutes for resource
2025-03-06 13:42:56,286 - root - INFO - Token Token-482 started task 'Review AM using Asset Change Tracker (5.5.13.1)' at 2025-01-28 10:46:15.227471, scheduled to end at 2025-01-28 10:55:01.710083
2025-03-06 13:42:56,286 - root - INFO - Token Token-481 started task 'Complete /Accurate?' at 2025-01-28 10:46:15.227471, scheduled to end at 2025-01-28 10:46:15.227471
2025-03-06 13:42:56,287 - root - INFO - Token Token-481 completed task 'Complete /Accurate?' at 2025-01-28 10:46:15.227471.
2025-03-06 13:42:56,287 - root - INFO - Token Token-481 waiting for resource 'Tech' at 2025-01-28 10:46:15.227471
2025-03-06 13:42:56,287 - root - INFO - Token Token-482 completed task 'Review AM using Asset Change Tracker (5.5.13.1)' at 2025-01-28 10:55:01.710083.
2025-03-06 13:42:56,287 - root - INFO - Token Token-483 released from wait queue for 'Tech'
2025-03-06 13:42:56,288 - root - INFO - Token Token-483 waited 28791.03 minutes for resource
2025-03-06 13:42:56,288 - root - INFO - Token Token-483 started task 'Review AM using Asset Change Tracker (5.5.13.1)' at 2025-01-28 10:55:01.710083, scheduled to end at 2025-01-28 11:02:57.015384
2025-03-06 13:42:56,288 - root - INFO - Token Token-482 started task 'Complete /Accurate?' at 2025-01-28 10:55:01.710083, scheduled to end at 2025-01-28 10:55:01.710083
2025-03-06 13:42:56,289 - root - INFO - Token Token-482 completed task 'Complete /Accurate?' at 2025-01-28 10:55:01.710083.
2025-03-06 13:42:56,289 - root - INFO - Token Token-482 waiting for resource 'Tech' at 2025-01-28 10:55:01.710083
2025-03-06 13:42:56,291 - root - INFO - Token Token-483 completed task 'Review AM using Asset Change Tracker (5.5.13.1)' at 2025-01-28 11:02:57.015384.
2025-03-06 13:42:56,291 - root - INFO - Token Token-73 released from wait queue for 'Tech'
2025-03-06 13:42:56,291 - root - INFO - Token Token-73 waited 28798.12 minutes for resource
2025-03-06 13:42:56,292 - root - INFO - Token Token-73 started task 'Note Accuracy in Asset Change Tracker (5.5.13.2)' at 2025-01-28 11:02:57.015384, scheduled to end at 2025-01-28 11:08:55.042383
2025-03-06 13:42:56,292 - root - INFO - Token Token-483 started task 'Complete /Accurate?' at 2025-01-28 11:02:57.015384, scheduled to end at 2025-01-28 11:02:57.015384
2025-03-06 13:42:56,293 - root - INFO - Token Token-483 completed task 'Complete /Accurate?' at 2025-01-28 11:02:57.015384.
2025-03-06 13:42:56,293 - root - INFO - Token Token-483 waiting for resource 'Tech' at 2025-01-28 11:02:57.015384
2025-03-06 13:42:56,293 - root - INFO - Token Token-73 completed task 'Note Accuracy in Asset Change Tracker (5.5.13.2)' at 2025-01-28 11:08:55.042383.
2025-03-06 13:42:56,294 - root - INFO - Token Token-484 released from wait queue for 'Tech'
2025-03-06 13:42:56,294 - root - INFO - Token Token-484 waited 28802.92 minutes for resource
2025-03-06 13:42:56,294 - root - INFO - Token Token-484 started task 'Review AM using Asset Change Tracker (5.5.13.1)' at 2025-01-28 11:08:55.042383, scheduled to end at 2025-01-28 11:16:36.139266
2025-03-06 13:42:56,295 - root - INFO - Token Token-73 started task 'Unknown' at 2025-01-28 11:08:55.042383, scheduled to end at 2025-01-28 11:08:55.042383
2025-03-06 13:42:56,295 - root - INFO - Token Token-73 completed task 'Unknown' at 2025-01-28 11:08:55.042383.
2025-03-06 13:42:56,296 - root - INFO - Token Token-73 has completed the entire process at 2025-01-28 11:08:55.042383.
2025-03-06 13:42:56,296 - root - INFO - Token Token-484 completed task 'Review AM using Asset Change Tracker (5.5.13.1)' at 2025-01-28 11:16:36.139266.
2025-03-06 13:42:56,296 - root - INFO - Token Token-485 released from wait queue for 'Tech'
2025-03-06 13:42:56,297 - root - INFO - Token Token-485 waited 28808.60 minutes for resource
2025-03-06 13:42:56,297 - root - INFO - Token Token-485 started task 'Review AM using Asset Change Tracker (5.5.13.1)' at 2025-01-28 11:16:36.139266, scheduled to end at 2025-01-28 11:25:49.034774
2025-03-06 13:42:56,297 - root - INFO - Token Token-484 started task 'Complete /Accurate?' at 2025-01-28 11:16:36.139266, scheduled to end at 2025-01-28 11:16:36.139266
2025-03-06 13:42:56,298 - root - INFO - Token Token-484 completed task 'Complete /Accurate?' at 2025-01-28 11:16:36.139266.
2025-03-06 13:42:56,298 - root - INFO - Token Token-484 waiting for resource 'Tech' at 2025-01-28 11:16:36.139266
2025-03-06 13:42:56,299 - root - INFO - Token Token-485 completed task 'Review AM using Asset Change Tracker (5.5.13.1)' at 2025-01-28 11:25:49.034774.
2025-03-06 13:42:56,299 - root - INFO - Token Token-486 released from wait queue for 'Tech'
2025-03-06 13:42:56,299 - root - INFO - Token Token-486 waited 28815.82 minutes for resource
2025-03-06 13:42:56,300 - root - INFO - Token Token-486 started task 'Review AM using Asset Change Tracker (5.5.13.1)' at 2025-01-28 11:25:49.034774, scheduled to end at 2025-01-28 11:31:52.951630
2025-03-06 13:42:56,300 - root - INFO - Token Token-485 started task 'Complete /Accurate?' at 2025-01-28 11:25:49.034774, scheduled to end at 2025-01-28 11:25:49.034774
2025-03-06 13:42:56,301 - root - INFO - Token Token-485 completed task 'Complete /Accurate?' at 2025-01-28 11:25:49.034774.
2025-03-06 13:42:56,301 - root - INFO - Token Token-485 waiting for resource 'Tech' at 2025-01-28 11:25:49.034774
2025-03-06 13:42:56,301 - root - INFO - Token Token-486 completed task 'Review AM using Asset Change Tracker (5.5.13.1)' at 2025-01-28 11:31:52.951630.
2025-03-06 13:42:56,302 - root - INFO - Token Token-487 released from wait queue for 'Tech'
2025-03-06 13:42:56,302 - root - INFO - Token Token-487 waited 28819.88 minutes for resource
2025-03-06 13:42:56,302 - root - INFO - Token Token-487 started task 'Review AM using Asset Change Tracker (5.5.13.1)' at 2025-01-28 11:31:52.951630, scheduled to end at 2025-01-28 11:41:11.021936
2025-03-06 13:42:56,303 - root - INFO - Token Token-486 started task 'Complete /Accurate?' at 2025-01-28 11:31:52.951630, scheduled to end at 2025-01-28 11:31:52.951630
2025-03-06 13:42:56,303 - root - INFO - Token Token-486 completed task 'Complete /Accurate?' at 2025-01-28 11:31:52.951630.
2025-03-06 13:42:56,304 - root - INFO - Token Token-486 waiting for resource 'Tech' at 2025-01-28 11:31:52.951630
2025-03-06 13:42:56,304 - root - INFO - Token Token-487 completed task 'Review AM using Asset Change Tracker (5.5.13.1)' at 2025-01-28 11:41:11.021936.
2025-03-06 13:42:56,304 - root - INFO - Token Token-74 released from wait queue for 'Tech'
2025-03-06 13:42:56,305 - root - INFO - Token Token-74 waited 28828.23 minutes for resource
2025-03-06 13:42:56,305 - root - INFO - Token Token-74 started task 'Note Accuracy in Asset Change Tracker (5.5.13.2)' at 2025-01-28 11:41:11.021936, scheduled to end at 2025-01-28 11:47:07.675752
2025-03-06 13:42:56,305 - root - INFO - Token Token-487 started task 'Complete /Accurate?' at 2025-01-28 11:41:11.021936, scheduled to end at 2025-01-28 11:41:11.021936
2025-03-06 13:42:56,306 - root - INFO - Token Token-487 completed task 'Complete /Accurate?' at 2025-01-28 11:41:11.021936.
2025-03-06 13:42:56,306 - root - INFO - Token Token-487 waiting for resource 'Tech' at 2025-01-28 11:41:11.021936
2025-03-06 13:42:56,307 - root - INFO - Token Token-74 completed task 'Note Accuracy in Asset Change Tracker (5.5.13.2)' at 2025-01-28 11:47:07.675752.
2025-03-06 13:42:56,308 - root - INFO - Token Token-488 released from wait queue for 'Tech'
2025-03-06 13:42:56,308 - root - INFO - Token Token-488 waited 28833.13 minutes for resource
2025-03-06 13:42:56,308 - root - INFO - Token Token-488 started task 'Review AM using Asset Change Tracker (5.5.13.1)' at 2025-01-28 11:47:07.675752, scheduled to end at 2025-01-28 11:56:41.625962
2025-03-06 13:42:56,309 - root - INFO - Token Token-74 started task 'Unknown' at 2025-01-28 11:47:07.675752, scheduled to end at 2025-01-28 11:47:07.675752
2025-03-06 13:42:56,309 - root - INFO - Token Token-74 completed task 'Unknown' at 2025-01-28 11:47:07.675752.
2025-03-06 13:42:56,310 - root - INFO - Token Token-74 has completed the entire process at 2025-01-28 11:47:07.675752.
2025-03-06 13:42:56,310 - root - INFO - Token Token-488 completed task 'Review AM using Asset Change Tracker (5.5.13.1)' at 2025-01-28 11:56:41.625962.
2025-03-06 13:42:56,310 - root - INFO - Token Token-489 released from wait queue for 'Tech'
2025-03-06 13:42:56,311 - root - INFO - Token Token-489 waited 28840.69 minutes for resource
2025-03-06 13:42:56,311 - root - INFO - Token Token-489 started task 'Review AM using Asset Change Tracker (5.5.13.1)' at 2025-01-28 11:56:41.625962, scheduled to end at 2025-01-28 12:03:34.307878
2025-03-06 13:42:56,311 - root - INFO - Token Token-488 started task 'Complete /Accurate?' at 2025-01-28 11:56:41.625962, scheduled to end at 2025-01-28 11:56:41.625962
2025-03-06 13:42:56,312 - root - INFO - Token Token-488 completed task 'Complete /Accurate?' at 2025-01-28 11:56:41.625962.
2025-03-06 13:42:56,312 - root - INFO - Token Token-488 waiting for resource 'Tech' at 2025-01-28 11:56:41.625962
2025-03-06 13:42:56,312 - root - INFO - Token Token-489 completed task 'Review AM using Asset Change Tracker (5.5.13.1)' at 2025-01-28 12:03:34.307878.
2025-03-06 13:42:56,312 - root - INFO - Token Token-490 released from wait queue for 'Tech'
2025-03-06 13:42:56,312 - root - INFO - Token Token-490 waited 28845.57 minutes for resource
2025-03-06 13:42:56,312 - root - INFO - Token Token-490 started task 'Review AM using Asset Change Tracker (5.5.13.1)' at 2025-01-28 12:03:34.307878, scheduled to end at 2025-01-28 12:12:08.731493
2025-03-06 13:42:56,312 - root - INFO - Token Token-489 started task 'Complete /Accurate?' at 2025-01-28 12:03:34.307878, scheduled to end at 2025-01-28 12:03:34.307878
2025-03-06 13:42:56,312 - root - INFO - Token Token-489 completed task 'Complete /Accurate?' at 2025-01-28 12:03:34.307878.
2025-03-06 13:42:56,312 - root - INFO - Token Token-489 waiting for resource 'Tech' at 2025-01-28 12:03:34.307878
2025-03-06 13:42:56,312 - root - INFO - Token Token-490 completed task 'Review AM using Asset Change Tracker (5.5.13.1)' at 2025-01-28 12:12:08.731493.
2025-03-06 13:42:56,312 - root - INFO - Token Token-491 released from wait queue for 'Tech'
2025-03-06 13:42:56,312 - root - INFO - Token Token-491 waited 28852.15 minutes for resource
2025-03-06 13:42:56,312 - root - INFO - Token Token-491 started task 'Review AM using Asset Change Tracker (5.5.13.1)' at 2025-01-28 12:12:08.731493, scheduled to end at 2025-01-28 12:20:14.203774
2025-03-06 13:42:56,315 - root - INFO - Token Token-490 started task 'Complete /Accurate?' at 2025-01-28 12:12:08.731493, scheduled to end at 2025-01-28 12:12:08.731493
2025-03-06 13:42:56,315 - root - INFO - Token Token-490 completed task 'Complete /Accurate?' at 2025-01-28 12:12:08.731493.
2025-03-06 13:42:56,315 - root - INFO - Token Token-490 waiting for resource 'Tech' at 2025-01-28 12:12:08.731493
2025-03-06 13:42:56,316 - root - INFO - Token Token-491 completed task 'Review AM using Asset Change Tracker (5.5.13.1)' at 2025-01-28 12:20:14.203774.
2025-03-06 13:42:56,316 - root - INFO - Token Token-75 released from wait queue for 'Tech'
2025-03-06 13:42:56,316 - root - INFO - Token Token-75 waited 28858.72 minutes for resource
2025-03-06 13:42:56,323 - root - INFO - Token Token-75 started task 'Note Accuracy in Asset Change Tracker (5.5.13.2)' at 2025-01-28 12:20:14.203774, scheduled to end at 2025-01-28 12:26:14.301647
2025-03-06 13:42:56,325 - root - INFO - Token Token-491 started task 'Complete /Accurate?' at 2025-01-28 12:20:14.203774, scheduled to end at 2025-01-28 12:20:14.203774
2025-03-06 13:42:56,325 - root - INFO - Token Token-491 completed task 'Complete /Accurate?' at 2025-01-28 12:20:14.203774.
2025-03-06 13:42:56,325 - root - INFO - Token Token-491 waiting for resource 'Tech' at 2025-01-28 12:20:14.203774
2025-03-06 13:42:56,325 - root - INFO - Token Token-75 completed task 'Note Accuracy in Asset Change Tracker (5.5.13.2)' at 2025-01-28 12:26:14.301647.
2025-03-06 13:42:56,326 - root - INFO - Token Token-492 released from wait queue for 'Tech'
2025-03-06 13:42:56,326 - root - INFO - Token Token-492 waited 28864.24 minutes for resource
2025-03-06 13:42:56,326 - root - INFO - Token Token-492 started task 'Review AM using Asset Change Tracker (5.5.13.1)' at 2025-01-28 12:26:14.301647, scheduled to end at 2025-01-28 12:31:41.722484
2025-03-06 13:42:56,326 - root - INFO - Token Token-75 started task 'Unknown' at 2025-01-28 12:26:14.301647, scheduled to end at 2025-01-28 12:26:14.301647
2025-03-06 13:42:56,327 - root - INFO - Token Token-75 completed task 'Unknown' at 2025-01-28 12:26:14.301647.
2025-03-06 13:42:56,327 - root - INFO - Token Token-75 has completed the entire process at 2025-01-28 12:26:14.301647.
2025-03-06 13:42:56,327 - root - INFO - Token Token-492 completed task 'Review AM using Asset Change Tracker (5.5.13.1)' at 2025-01-28 12:31:41.722484.
2025-03-06 13:42:56,327 - root - INFO - Token Token-493 released from wait queue for 'Tech'
2025-03-06 13:42:56,327 - root - INFO - Token Token-493 waited 28867.70 minutes for resource
2025-03-06 13:42:56,328 - root - INFO - Token Token-493 started task 'Review AM using Asset Change Tracker (5.5.13.1)' at 2025-01-28 12:31:41.722484, scheduled to end at 2025-01-28 12:39:05.375947
2025-03-06 13:42:56,328 - root - INFO - Token Token-492 started task 'Complete /Accurate?' at 2025-01-28 12:31:41.722484, scheduled to end at 2025-01-28 12:31:41.722484
2025-03-06 13:42:56,328 - root - INFO - Token Token-492 completed task 'Complete /Accurate?' at 2025-01-28 12:31:41.722484.
2025-03-06 13:42:56,328 - root - INFO - Token Token-492 waiting for resource 'Tech' at 2025-01-28 12:31:41.722484
2025-03-06 13:42:56,329 - root - INFO - Token Token-493 completed task 'Review AM using Asset Change Tracker (5.5.13.1)' at 2025-01-28 12:39:05.375947.
2025-03-06 13:42:56,329 - root - INFO - Token Token-494 released from wait queue for 'Tech'
2025-03-06 13:42:56,329 - root - INFO - Token Token-494 waited 28873.09 minutes for resource
2025-03-06 13:42:56,329 - root - INFO - Token Token-494 started task 'Review AM using Asset Change Tracker (5.5.13.1)' at 2025-01-28 12:39:05.375947, scheduled to end at 2025-01-28 12:46:33.922653
2025-03-06 13:42:56,329 - root - INFO - Token Token-493 started task 'Complete /Accurate?' at 2025-01-28 12:39:05.375947, scheduled to end at 2025-01-28 12:39:05.375947
2025-03-06 13:42:56,330 - root - INFO - Token Token-493 completed task 'Complete /Accurate?' at 2025-01-28 12:39:05.375947.
2025-03-06 13:42:56,330 - root - INFO - Token Token-493 waiting for resource 'Tech' at 2025-01-28 12:39:05.375947
2025-03-06 13:42:56,330 - root - INFO - Token Token-494 completed task 'Review AM using Asset Change Tracker (5.5.13.1)' at 2025-01-28 12:46:33.922653.
2025-03-06 13:42:56,331 - root - INFO - Token Token-495 released from wait queue for 'Tech'
2025-03-06 13:42:56,331 - root - INFO - Token Token-495 waited 28878.57 minutes for resource
2025-03-06 13:42:56,331 - root - INFO - Token Token-495 started task 'Review AM using Asset Change Tracker (5.5.13.1)' at 2025-01-28 12:46:33.922653, scheduled to end at 2025-01-28 12:52:24.128942
2025-03-06 13:42:56,331 - root - INFO - Token Token-494 started task 'Complete /Accurate?' at 2025-01-28 12:46:33.922653, scheduled to end at 2025-01-28 12:46:33.922653
2025-03-06 13:42:56,332 - root - INFO - Token Token-494 completed task 'Complete /Accurate?' at 2025-01-28 12:46:33.922653.
2025-03-06 13:42:56,332 - root - INFO - Token Token-494 waiting for resource 'Tech' at 2025-01-28 12:46:33.922653
2025-03-06 13:42:56,332 - root - INFO - Token Token-495 completed task 'Review AM using Asset Change Tracker (5.5.13.1)' at 2025-01-28 12:52:24.128942.
2025-03-06 13:42:56,332 - root - INFO - Token Token-76 released from wait queue for 'Tech'
2025-03-06 13:42:56,333 - root - INFO - Token Token-76 waited 28883.61 minutes for resource
2025-03-06 13:42:56,333 - root - INFO - Token Token-76 started task 'Note Accuracy in Asset Change Tracker (5.5.13.2)' at 2025-01-28 12:52:24.128942, scheduled to end at 2025-01-28 12:56:18.790584
2025-03-06 13:42:56,333 - root - INFO - Token Token-495 started task 'Complete /Accurate?' at 2025-01-28 12:52:24.128942, scheduled to end at 2025-01-28 12:52:24.128942
2025-03-06 13:42:56,333 - root - INFO - Token Token-495 completed task 'Complete /Accurate?' at 2025-01-28 12:52:24.128942.
2025-03-06 13:42:56,334 - root - INFO - Token Token-495 waiting for resource 'Tech' at 2025-01-28 12:52:24.128942
2025-03-06 13:42:56,334 - root - INFO - Token Token-76 completed task 'Note Accuracy in Asset Change Tracker (5.5.13.2)' at 2025-01-28 12:56:18.790584.
2025-03-06 13:42:56,335 - root - INFO - Token Token-496 released from wait queue for 'Tech'
2025-03-06 13:42:56,335 - root - INFO - Token Token-496 waited 28886.31 minutes for resource
2025-03-06 13:42:56,335 - root - INFO - Token Token-496 started task 'Review AM using Asset Change Tracker (5.5.13.1)' at 2025-01-28 12:56:18.790584, scheduled to end at 2025-01-29 07:00:00
2025-03-06 13:42:56,335 - root - INFO - Token Token-76 started task 'Unknown' at 2025-01-28 12:56:18.790584, scheduled to end at 2025-01-28 12:56:18.790584
2025-03-06 13:42:56,335 - root - INFO - Token Token-76 completed task 'Unknown' at 2025-01-28 12:56:18.790584.
2025-03-06 13:42:56,336 - root - INFO - Token Token-76 has completed the entire process at 2025-01-28 12:56:18.790584.
2025-03-06 13:42:56,336 - root - INFO - Token Token-496 completed task 'Review AM using Asset Change Tracker (5.5.13.1)' at 2025-01-29 07:00:00.
2025-03-06 13:42:56,336 - root - INFO - Token Token-497 released from wait queue for 'Tech'
2025-03-06 13:42:56,336 - root - INFO - Token Token-497 waited 29968.00 minutes for resource
2025-03-06 13:42:56,336 - root - INFO - Token Token-497 started task 'Review AM using Asset Change Tracker (5.5.13.1)' at 2025-01-29 07:00:00, scheduled to end at 2025-01-29 07:07:19.291259
2025-03-06 13:42:56,337 - root - INFO - Token Token-496 started task 'Complete /Accurate?' at 2025-01-29 07:00:00, scheduled to end at 2025-01-29 07:00:00
2025-03-06 13:42:56,337 - root - INFO - Token Token-496 completed task 'Complete /Accurate?' at 2025-01-29 07:00:00.
2025-03-06 13:42:56,337 - root - INFO - Token Token-496 waiting for resource 'Tech' at 2025-01-29 07:00:00
2025-03-06 13:42:56,337 - root - INFO - Token Token-497 completed task 'Review AM using Asset Change Tracker (5.5.13.1)' at 2025-01-29 07:07:19.291259.
2025-03-06 13:42:56,338 - root - INFO - Token Token-498 released from wait queue for 'Tech'
2025-03-06 13:42:56,338 - root - INFO - Token Token-498 waited 29973.32 minutes for resource
2025-03-06 13:42:56,338 - root - INFO - Token Token-498 started task 'Review AM using Asset Change Tracker (5.5.13.1)' at 2025-01-29 07:07:19.291259, scheduled to end at 2025-01-29 07:12:51.145510
2025-03-06 13:42:56,338 - root - INFO - Token Token-497 started task 'Complete /Accurate?' at 2025-01-29 07:07:19.291259, scheduled to end at 2025-01-29 07:07:19.291259
2025-03-06 13:42:56,338 - root - INFO - Token Token-497 completed task 'Complete /Accurate?' at 2025-01-29 07:07:19.291259.
2025-03-06 13:42:56,339 - root - INFO - Token Token-497 waiting for resource 'Tech' at 2025-01-29 07:07:19.291259
2025-03-06 13:42:56,340 - root - INFO - Token Token-498 completed task 'Review AM using Asset Change Tracker (5.5.13.1)' at 2025-01-29 07:12:51.145510.
2025-03-06 13:42:56,340 - root - INFO - Token Token-77 released from wait queue for 'Tech'
2025-03-06 13:42:56,341 - root - INFO - Token Token-77 waited 29977.89 minutes for resource
2025-03-06 13:42:56,341 - root - INFO - Token Token-77 started task 'Note Accuracy in Asset Change Tracker (5.5.13.2)' at 2025-01-29 07:12:51.145510, scheduled to end at 2025-01-29 07:17:55.256013
2025-03-06 13:42:56,341 - root - INFO - Token Token-498 started task 'Complete /Accurate?' at 2025-01-29 07:12:51.145510, scheduled to end at 2025-01-29 07:12:51.145510
2025-03-06 13:42:56,342 - root - INFO - Token Token-498 completed task 'Complete /Accurate?' at 2025-01-29 07:12:51.145510.
2025-03-06 13:42:56,342 - root - INFO - Token Token-498 waiting for resource 'Tech' at 2025-01-29 07:12:51.145510
2025-03-06 13:42:56,343 - root - INFO - Token Token-77 completed task 'Note Accuracy in Asset Change Tracker (5.5.13.2)' at 2025-01-29 07:17:55.256013.
2025-03-06 13:42:56,344 - root - INFO - Token Token-499 released from wait queue for 'Tech'
2025-03-06 13:42:56,344 - root - INFO - Token Token-499 waited 29981.92 minutes for resource
2025-03-06 13:42:56,344 - root - INFO - Token Token-499 started task 'Review AM using Asset Change Tracker (5.5.13.1)' at 2025-01-29 07:17:55.256013, scheduled to end at 2025-01-29 07:26:20.358946
2025-03-06 13:42:56,345 - root - INFO - Token Token-77 started task 'Unknown' at 2025-01-29 07:17:55.256013, scheduled to end at 2025-01-29 07:17:55.256013
2025-03-06 13:42:56,345 - root - INFO - Token Token-77 completed task 'Unknown' at 2025-01-29 07:17:55.256013.
2025-03-06 13:42:56,345 - root - INFO - Token Token-77 has completed the entire process at 2025-01-29 07:17:55.256013.
2025-03-06 13:42:56,346 - root - INFO - Token Token-499 completed task 'Review AM using Asset Change Tracker (5.5.13.1)' at 2025-01-29 07:26:20.358946.
2025-03-06 13:42:56,346 - root - INFO - Token Token-500 released from wait queue for 'Tech'
2025-03-06 13:42:56,347 - root - INFO - Token Token-500 waited 29988.34 minutes for resource
2025-03-06 13:42:56,347 - root - INFO - Token Token-500 started task 'Review AM using Asset Change Tracker (5.5.13.1)' at 2025-01-29 07:26:20.358946, scheduled to end at 2025-01-29 07:34:24.046371
2025-03-06 13:42:56,347 - root - INFO - Token Token-499 started task 'Complete /Accurate?' at 2025-01-29 07:26:20.358946, scheduled to end at 2025-01-29 07:26:20.358946
2025-03-06 13:42:56,348 - root - INFO - Token Token-499 completed task 'Complete /Accurate?' at 2025-01-29 07:26:20.358946.
2025-03-06 13:42:56,348 - root - INFO - Token Token-499 waiting for resource 'Tech' at 2025-01-29 07:26:20.358946
2025-03-06 13:42:56,349 - root - INFO - Token Token-500 completed task 'Review AM using Asset Change Tracker (5.5.13.1)' at 2025-01-29 07:34:24.046371.
2025-03-06 13:42:56,349 - root - INFO - Token Token-78 released from wait queue for 'Tech'
2025-03-06 13:42:56,349 - root - INFO - Token Token-78 waited 29990.56 minutes for resource
2025-03-06 13:42:56,349 - root - INFO - Token Token-78 started task 'Note Accuracy in Asset Change Tracker (5.5.13.2)' at 2025-01-29 07:34:24.046371, scheduled to end at 2025-01-29 07:39:35.654369
2025-03-06 13:42:56,350 - root - INFO - Token Token-500 started task 'Complete /Accurate?' at 2025-01-29 07:34:24.046371, scheduled to end at 2025-01-29 07:34:24.046371
2025-03-06 13:42:56,350 - root - INFO - Token Token-500 completed task 'Complete /Accurate?' at 2025-01-29 07:34:24.046371.
2025-03-06 13:42:56,351 - root - INFO - Token Token-500 waiting for resource 'Tech' at 2025-01-29 07:34:24.046371
2025-03-06 13:42:56,351 - root - INFO - Token Token-78 completed task 'Note Accuracy in Asset Change Tracker (5.5.13.2)' at 2025-01-29 07:39:35.654369.
2025-03-06 13:42:56,352 - root - INFO - Token Token-79 released from wait queue for 'Tech'
2025-03-06 13:42:56,353 - root - INFO - Token Token-79 waited 29988.30 minutes for resource
2025-03-06 13:42:56,353 - root - INFO - Token Token-79 started task 'Work with REO RPO to Correct (5.5.13.3)' at 2025-01-29 07:39:35.654369, scheduled to end at 2025-01-29 10:13:40.607838
2025-03-06 13:42:56,354 - root - INFO - Token Token-78 started task 'Unknown' at 2025-01-29 07:39:35.654369, scheduled to end at 2025-01-29 07:39:35.654369
2025-03-06 13:42:56,354 - root - INFO - Token Token-78 completed task 'Unknown' at 2025-01-29 07:39:35.654369.
2025-03-06 13:42:56,354 - root - INFO - Token Token-78 has completed the entire process at 2025-01-29 07:39:35.654369.
2025-03-06 13:42:56,355 - root - INFO - Token Token-79 completed task 'Work with REO RPO to Correct (5.5.13.3)' at 2025-01-29 10:13:40.607838.
2025-03-06 13:42:56,355 - root - INFO - Token Token-80 released from wait queue for 'Tech'
2025-03-06 13:42:56,355 - root - INFO - Token Token-80 waited 30135.69 minutes for resource
2025-03-06 13:42:56,356 - root - INFO - Token Token-80 started task 'Work with REO RPO to Correct (5.5.13.3)' at 2025-01-29 10:13:40.607838, scheduled to end at 2025-01-29 12:08:13.928918
2025-03-06 13:42:56,356 - root - INFO - Token Token-79 started task 'Create Journal Entries?' at 2025-01-29 10:13:40.607838, scheduled to end at 2025-01-29 10:13:40.607838
2025-03-06 13:42:56,357 - root - INFO - Token Token-79 completed task 'Create Journal Entries?' at 2025-01-29 10:13:40.607838.
2025-03-06 13:42:56,357 - root - INFO - Token Token-79 started task 'Create/Post Journal Entries (5.5.13.4)' at 2025-01-29 10:13:40.607838, scheduled to end at 2025-01-29 10:24:36.502365
2025-03-06 13:42:56,358 - root - INFO - Token Token-79 waiting for resource 'Tech' at 2025-01-29 10:13:40.607838
2025-03-06 13:42:56,358 - root - INFO - Token Token-79 completed task 'Create/Post Journal Entries (5.5.13.4)' at 2025-01-29 10:24:36.502365.
2025-03-06 13:42:56,359 - root - INFO - Token Token-79 waited 10.93 minutes for resource
2025-03-06 13:42:56,361 - root - INFO - Token Token-79 started task 'Unknown' at 2025-01-29 10:24:36.502365, scheduled to end at 2025-01-29 10:24:36.502365
2025-03-06 13:42:56,361 - root - INFO - Token Token-79 completed task 'Unknown' at 2025-01-29 10:24:36.502365.
2025-03-06 13:42:56,374 - root - INFO - Token Token-79 has completed the entire process at 2025-01-29 10:24:36.502365.
2025-03-06 13:42:56,374 - root - INFO - Token Token-80 completed task 'Work with REO RPO to Correct (5.5.13.3)' at 2025-01-29 12:08:13.928918.
2025-03-06 13:42:56,374 - root - INFO - Token Token-81 released from wait queue for 'Tech'
2025-03-06 13:42:56,375 - root - INFO - Token Token-81 waited 30241.80 minutes for resource
2025-03-06 13:42:56,375 - root - INFO - Token Token-81 started task 'Note Accuracy in Asset Change Tracker (5.5.13.2)' at 2025-01-29 12:08:13.928918, scheduled to end at 2025-01-29 12:12:29.569308
2025-03-06 13:42:56,375 - root - INFO - Token Token-80 started task 'Create Journal Entries?' at 2025-01-29 12:08:13.928918, scheduled to end at 2025-01-29 12:08:13.928918
2025-03-06 13:42:56,375 - root - INFO - Token Token-80 completed task 'Create Journal Entries?' at 2025-01-29 12:08:13.928918.
2025-03-06 13:42:56,376 - root - INFO - Token Token-80 started task 'Create/Post Journal Entries (5.5.13.4)' at 2025-01-29 12:08:13.928918, scheduled to end at 2025-01-29 12:19:50.000096
2025-03-06 13:42:56,376 - root - INFO - Token Token-80 waiting for resource 'Tech' at 2025-01-29 12:08:13.928918
2025-03-06 13:42:56,376 - root - INFO - Token Token-81 completed task 'Note Accuracy in Asset Change Tracker (5.5.13.2)' at 2025-01-29 12:12:29.569308.
2025-03-06 13:42:56,376 - root - INFO - Token Token-82 released from wait queue for 'Tech'
2025-03-06 13:42:56,377 - root - INFO - Token Token-82 waited 30236.69 minutes for resource
2025-03-06 13:42:56,377 - root - INFO - Token Token-82 started task 'Note Accuracy in Asset Change Tracker (5.5.13.2)' at 2025-01-29 12:12:29.569308, scheduled to end at 2025-01-29 12:18:36.647978
2025-03-06 13:42:56,377 - root - INFO - Token Token-81 started task 'Unknown' at 2025-01-29 12:12:29.569308, scheduled to end at 2025-01-29 12:12:29.569308
2025-03-06 13:42:56,377 - root - INFO - Token Token-81 completed task 'Unknown' at 2025-01-29 12:12:29.569308.
2025-03-06 13:42:56,377 - root - INFO - Token Token-81 has completed the entire process at 2025-01-29 12:12:29.569308.
2025-03-06 13:42:56,378 - root - INFO - Token Token-82 completed task 'Note Accuracy in Asset Change Tracker (5.5.13.2)' at 2025-01-29 12:18:36.647978.
2025-03-06 13:42:56,378 - root - INFO - Token Token-83 released from wait queue for 'Tech'
2025-03-06 13:42:56,378 - root - INFO - Token Token-83 waited 30236.58 minutes for resource
2025-03-06 13:42:56,378 - root - INFO - Token Token-83 started task 'Note Accuracy in Asset Change Tracker (5.5.13.2)' at 2025-01-29 12:18:36.647978, scheduled to end at 2025-01-29 12:24:21.257702
2025-03-06 13:42:56,379 - root - INFO - Token Token-82 started task 'Unknown' at 2025-01-29 12:18:36.647978, scheduled to end at 2025-01-29 12:18:36.647978
2025-03-06 13:42:56,379 - root - INFO - Token Token-82 completed task 'Unknown' at 2025-01-29 12:18:36.647978.
2025-03-06 13:42:56,379 - root - INFO - Token Token-82 has completed the entire process at 2025-01-29 12:18:36.647978.
2025-03-06 13:42:56,379 - root - INFO - Token Token-80 completed task 'Create/Post Journal Entries (5.5.13.4)' at 2025-01-29 12:19:50.000096.
2025-03-06 13:42:56,380 - root - INFO - Token Token-80 waited 11.60 minutes for resource
2025-03-06 13:42:56,380 - root - INFO - Token Token-80 started task 'Unknown' at 2025-01-29 12:19:50.000096, scheduled to end at 2025-01-29 12:19:50.000096
2025-03-06 13:42:56,380 - root - INFO - Token Token-80 completed task 'Unknown' at 2025-01-29 12:19:50.000096.
2025-03-06 13:42:56,380 - root - INFO - Token Token-80 has completed the entire process at 2025-01-29 12:19:50.000096.
2025-03-06 13:42:56,381 - root - INFO - Token Token-83 completed task 'Note Accuracy in Asset Change Tracker (5.5.13.2)' at 2025-01-29 12:24:21.257702.
2025-03-06 13:42:56,382 - root - INFO - Token Token-84 released from wait queue for 'Tech'
2025-03-06 13:42:56,382 - root - INFO - Token Token-84 waited 30233.30 minutes for resource
2025-03-06 13:42:56,382 - root - INFO - Token Token-84 started task 'Work with REO RPO to Correct (5.5.13.3)' at 2025-01-29 12:24:21.257702, scheduled to end at 2025-01-30 07:00:00
2025-03-06 13:42:56,382 - root - INFO - Token Token-83 started task 'Unknown' at 2025-01-29 12:24:21.257702, scheduled to end at 2025-01-29 12:24:21.257702
2025-03-06 13:42:56,383 - root - INFO - Token Token-83 completed task 'Unknown' at 2025-01-29 12:24:21.257702.
2025-03-06 13:42:56,384 - root - INFO - Token Token-83 has completed the entire process at 2025-01-29 12:24:21.257702.
2025-03-06 13:42:56,384 - root - INFO - Token Token-84 completed task 'Work with REO RPO to Correct (5.5.13.3)' at 2025-01-30 07:00:00.
2025-03-06 13:42:56,385 - root - INFO - Token Token-85 released from wait queue for 'Tech'
2025-03-06 13:42:56,385 - root - INFO - Token Token-85 waited 31339.57 minutes for resource
2025-03-06 13:42:56,385 - root - INFO - Token Token-85 started task 'Note Accuracy in Asset Change Tracker (5.5.13.2)' at 2025-01-30 07:00:00, scheduled to end at 2025-01-30 07:04:30.284132
2025-03-06 13:42:56,386 - root - INFO - Token Token-84 started task 'Create Journal Entries?' at 2025-01-30 07:00:00, scheduled to end at 2025-01-30 07:00:00
2025-03-06 13:42:56,386 - root - INFO - Token Token-84 completed task 'Create Journal Entries?' at 2025-01-30 07:00:00.
2025-03-06 13:42:56,387 - root - INFO - Token Token-84 started task 'Create/Post Journal Entries (5.5.13.4)' at 2025-01-30 07:00:00, scheduled to end at 2025-01-30 07:11:06.891772
2025-03-06 13:42:56,387 - root - INFO - Token Token-84 waiting for resource 'Tech' at 2025-01-30 07:00:00
2025-03-06 13:42:56,387 - root - INFO - Token Token-85 completed task 'Note Accuracy in Asset Change Tracker (5.5.13.2)' at 2025-01-30 07:04:30.284132.
2025-03-06 13:42:56,388 - root - INFO - Token Token-86 released from wait queue for 'Tech'
2025-03-06 13:42:56,388 - root - INFO - Token Token-86 waited 31335.47 minutes for resource
2025-03-06 13:42:56,388 - root - INFO - Token Token-86 started task 'Note Accuracy in Asset Change Tracker (5.5.13.2)' at 2025-01-30 07:04:30.284132, scheduled to end at 2025-01-30 07:10:04.498878
2025-03-06 13:42:56,389 - root - INFO - Token Token-85 started task 'Unknown' at 2025-01-30 07:04:30.284132, scheduled to end at 2025-01-30 07:04:30.284132
2025-03-06 13:42:56,389 - root - INFO - Token Token-85 completed task 'Unknown' at 2025-01-30 07:04:30.284132.
2025-03-06 13:42:56,390 - root - INFO - Token Token-85 has completed the entire process at 2025-01-30 07:04:30.284132.
2025-03-06 13:42:56,390 - root - INFO - Token Token-86 completed task 'Note Accuracy in Asset Change Tracker (5.5.13.2)' at 2025-01-30 07:10:04.498878.
2025-03-06 13:42:56,390 - root - INFO - Token Token-87 released from wait queue for 'Tech'
2025-03-06 13:42:56,391 - root - INFO - Token Token-87 waited 31334.35 minutes for resource
2025-03-06 13:42:56,391 - root - INFO - Token Token-87 started task 'Note Accuracy in Asset Change Tracker (5.5.13.2)' at 2025-01-30 07:10:04.498878, scheduled to end at 2025-01-30 07:15:57.449455
2025-03-06 13:42:56,391 - root - INFO - Token Token-86 started task 'Unknown' at 2025-01-30 07:10:04.498878, scheduled to end at 2025-01-30 07:10:04.498878
2025-03-06 13:42:56,392 - root - INFO - Token Token-86 completed task 'Unknown' at 2025-01-30 07:10:04.498878.
2025-03-06 13:42:56,392 - root - INFO - Token Token-86 has completed the entire process at 2025-01-30 07:10:04.498878.
2025-03-06 13:42:56,393 - root - INFO - Token Token-84 completed task 'Create/Post Journal Entries (5.5.13.4)' at 2025-01-30 07:11:06.891772.
2025-03-06 13:42:56,393 - root - INFO - Token Token-84 waited 11.11 minutes for resource
2025-03-06 13:42:56,393 - root - INFO - Token Token-84 started task 'Unknown' at 2025-01-30 07:11:06.891772, scheduled to end at 2025-01-30 07:11:06.891772
2025-03-06 13:42:56,394 - root - INFO - Token Token-84 completed task 'Unknown' at 2025-01-30 07:11:06.891772.
2025-03-06 13:42:56,394 - root - INFO - Token Token-84 has completed the entire process at 2025-01-30 07:11:06.891772.
2025-03-06 13:42:56,395 - root - INFO - Token Token-87 completed task 'Note Accuracy in Asset Change Tracker (5.5.13.2)' at 2025-01-30 07:15:57.449455.
2025-03-06 13:42:56,395 - root - INFO - Token Token-88 released from wait queue for 'Tech'
2025-03-06 13:42:56,396 - root - INFO - Token Token-88 waited 30255.96 minutes for resource
2025-03-06 13:42:56,396 - root - INFO - Token Token-88 started task 'Note Accuracy in Asset Change Tracker (5.5.13.2)' at 2025-01-30 07:15:57.449455, scheduled to end at 2025-01-30 07:21:05.838244
2025-03-06 13:42:56,396 - root - INFO - Token Token-87 started task 'Unknown' at 2025-01-30 07:15:57.449455, scheduled to end at 2025-01-30 07:15:57.449455
2025-03-06 13:42:56,397 - root - INFO - Token Token-87 completed task 'Unknown' at 2025-01-30 07:15:57.449455.
2025-03-06 13:42:56,397 - root - INFO - Token Token-87 has completed the entire process at 2025-01-30 07:15:57.449455.
2025-03-06 13:42:56,398 - root - INFO - Token Token-88 completed task 'Note Accuracy in Asset Change Tracker (5.5.13.2)' at 2025-01-30 07:21:05.838244.
2025-03-06 13:42:56,398 - root - INFO - Token Token-89 released from wait queue for 'Tech'
2025-03-06 13:42:56,398 - root - INFO - Token Token-89 waited 30253.41 minutes for resource
2025-03-06 13:42:56,399 - root - INFO - Token Token-89 started task 'Note Accuracy in Asset Change Tracker (5.5.13.2)' at 2025-01-30 07:21:05.838244, scheduled to end at 2025-01-30 07:25:50.863184
2025-03-06 13:42:56,399 - root - INFO - Token Token-88 started task 'Unknown' at 2025-01-30 07:21:05.838244, scheduled to end at 2025-01-30 07:21:05.838244
2025-03-06 13:42:56,400 - root - INFO - Token Token-88 completed task 'Unknown' at 2025-01-30 07:21:05.838244.
2025-03-06 13:42:56,400 - root - INFO - Token Token-88 has completed the entire process at 2025-01-30 07:21:05.838244.
2025-03-06 13:42:56,400 - root - INFO - Token Token-89 completed task 'Note Accuracy in Asset Change Tracker (5.5.13.2)' at 2025-01-30 07:25:50.863184.
2025-03-06 13:42:56,401 - root - INFO - Token Token-90 released from wait queue for 'Tech'
2025-03-06 13:42:56,401 - root - INFO - Token Token-90 waited 30249.15 minutes for resource
2025-03-06 13:42:56,401 - root - INFO - Token Token-90 started task 'Note Accuracy in Asset Change Tracker (5.5.13.2)' at 2025-01-30 07:25:50.863184, scheduled to end at 2025-01-30 07:32:10.519060
2025-03-06 13:42:56,402 - root - INFO - Token Token-89 started task 'Unknown' at 2025-01-30 07:25:50.863184, scheduled to end at 2025-01-30 07:25:50.863184
2025-03-06 13:42:56,402 - root - INFO - Token Token-89 completed task 'Unknown' at 2025-01-30 07:25:50.863184.
2025-03-06 13:42:56,403 - root - INFO - Token Token-89 has completed the entire process at 2025-01-30 07:25:50.863184.
2025-03-06 13:42:56,403 - root - INFO - Token Token-90 completed task 'Note Accuracy in Asset Change Tracker (5.5.13.2)' at 2025-01-30 07:32:10.519060.
2025-03-06 13:42:56,403 - root - INFO - Token Token-91 released from wait queue for 'Tech'
2025-03-06 13:42:56,404 - root - INFO - Token Token-91 waited 30246.16 minutes for resource
2025-03-06 13:42:56,404 - root - INFO - Token Token-91 started task 'Note Accuracy in Asset Change Tracker (5.5.13.2)' at 2025-01-30 07:32:10.519060, scheduled to end at 2025-01-30 07:38:49.380672
2025-03-06 13:42:56,404 - root - INFO - Token Token-90 started task 'Unknown' at 2025-01-30 07:32:10.519060, scheduled to end at 2025-01-30 07:32:10.519060
2025-03-06 13:42:56,404 - root - INFO - Token Token-90 completed task 'Unknown' at 2025-01-30 07:32:10.519060.
2025-03-06 13:42:56,404 - root - INFO - Token Token-90 has completed the entire process at 2025-01-30 07:32:10.519060.
2025-03-06 13:42:56,404 - root - INFO - Token Token-91 completed task 'Note Accuracy in Asset Change Tracker (5.5.13.2)' at 2025-01-30 07:38:49.380672.
2025-03-06 13:42:56,404 - root - INFO - Token Token-92 released from wait queue for 'Tech'
2025-03-06 13:42:56,404 - root - INFO - Token Token-92 waited 30243.88 minutes for resource
2025-03-06 13:42:56,406 - root - INFO - Token Token-92 started task 'Work with REO RPO to Correct (5.5.13.3)' at 2025-01-30 07:38:49.380672, scheduled to end at 2025-01-30 09:13:35.261520
2025-03-06 13:42:56,406 - root - INFO - Token Token-91 started task 'Unknown' at 2025-01-30 07:38:49.380672, scheduled to end at 2025-01-30 07:38:49.380672
2025-03-06 13:42:56,406 - root - INFO - Token Token-91 completed task 'Unknown' at 2025-01-30 07:38:49.380672.
2025-03-06 13:42:56,406 - root - INFO - Token Token-91 has completed the entire process at 2025-01-30 07:38:49.380672.
2025-03-06 13:42:56,407 - root - INFO - Token Token-92 completed task 'Work with REO RPO to Correct (5.5.13.3)' at 2025-01-30 09:13:35.261520.
2025-03-06 13:42:56,407 - root - INFO - Token Token-93 released from wait queue for 'Tech'
2025-03-06 13:42:56,407 - root - INFO - Token Token-93 waited 30332.71 minutes for resource
2025-03-06 13:42:56,407 - root - INFO - Token Token-93 started task 'Work with REO RPO to Correct (5.5.13.3)' at 2025-01-30 09:13:35.261520, scheduled to end at 2025-01-30 11:31:12.151270
2025-03-06 13:42:56,408 - root - INFO - Token Token-92 started task 'Create Journal Entries?' at 2025-01-30 09:13:35.261520, scheduled to end at 2025-01-30 09:13:35.261520
2025-03-06 13:42:56,408 - root - INFO - Token Token-92 completed task 'Create Journal Entries?' at 2025-01-30 09:13:35.261520.
2025-03-06 13:42:56,408 - root - INFO - Token Token-92 started task 'Create/Post Journal Entries (5.5.13.4)' at 2025-01-30 09:13:35.261520, scheduled to end at 2025-01-30 09:19:53.738088
2025-03-06 13:42:56,416 - root - INFO - Token Token-92 waiting for resource 'Tech' at 2025-01-30 09:13:35.261520
2025-03-06 13:42:56,417 - root - INFO - Token Token-92 completed task 'Create/Post Journal Entries (5.5.13.4)' at 2025-01-30 09:19:53.738088.
2025-03-06 13:42:56,417 - root - INFO - Token Token-92 waited 6.31 minutes for resource
2025-03-06 13:42:56,417 - root - INFO - Token Token-92 started task 'Unknown' at 2025-01-30 09:19:53.738088, scheduled to end at 2025-01-30 09:19:53.738088
2025-03-06 13:42:56,417 - root - INFO - Token Token-92 completed task 'Unknown' at 2025-01-30 09:19:53.738088.
2025-03-06 13:42:56,417 - root - INFO - Token Token-92 has completed the entire process at 2025-01-30 09:19:53.738088.
2025-03-06 13:42:56,417 - root - INFO - Token Token-93 completed task 'Work with REO RPO to Correct (5.5.13.3)' at 2025-01-30 11:31:12.151270.
2025-03-06 13:42:56,418 - root - INFO - Token Token-94 released from wait queue for 'Tech'
2025-03-06 13:42:56,418 - root - INFO - Token Token-94 waited 30464.49 minutes for resource
2025-03-06 13:42:56,418 - root - INFO - Token Token-94 started task 'Note Accuracy in Asset Change Tracker (5.5.13.2)' at 2025-01-30 11:31:12.151270, scheduled to end at 2025-01-30 11:37:27.047292
2025-03-06 13:42:56,419 - root - INFO - Token Token-93 started task 'Create Journal Entries?' at 2025-01-30 11:31:12.151270, scheduled to end at 2025-01-30 11:31:12.151270
2025-03-06 13:42:56,419 - root - INFO - Token Token-93 completed task 'Create Journal Entries?' at 2025-01-30 11:31:12.151270.
2025-03-06 13:42:56,419 - root - INFO - Token Token-93 started task 'Create/Post Journal Entries (5.5.13.4)' at 2025-01-30 11:31:12.151270, scheduled to end at 2025-01-30 11:40:55.139679
2025-03-06 13:42:56,419 - root - INFO - Token Token-93 waiting for resource 'Tech' at 2025-01-30 11:31:12.151270
2025-03-06 13:42:56,419 - root - INFO - Token Token-94 completed task 'Note Accuracy in Asset Change Tracker (5.5.13.2)' at 2025-01-30 11:37:27.047292.
2025-03-06 13:42:56,420 - root - INFO - Token Token-95 released from wait queue for 'Tech'
2025-03-06 13:42:56,420 - root - INFO - Token Token-95 waited 30462.40 minutes for resource
2025-03-06 13:42:56,420 - root - INFO - Token Token-95 started task 'Note Accuracy in Asset Change Tracker (5.5.13.2)' at 2025-01-30 11:37:27.047292, scheduled to end at 2025-01-30 11:43:52.536963
2025-03-06 13:42:56,420 - root - INFO - Token Token-94 started task 'Unknown' at 2025-01-30 11:37:27.047292, scheduled to end at 2025-01-30 11:37:27.047292
2025-03-06 13:42:56,421 - root - INFO - Token Token-94 completed task 'Unknown' at 2025-01-30 11:37:27.047292.
2025-03-06 13:42:56,421 - root - INFO - Token Token-94 has completed the entire process at 2025-01-30 11:37:27.047292.
2025-03-06 13:42:56,421 - root - INFO - Token Token-93 completed task 'Create/Post Journal Entries (5.5.13.4)' at 2025-01-30 11:40:55.139679.
2025-03-06 13:42:56,421 - root - INFO - Token Token-93 waited 9.72 minutes for resource
2025-03-06 13:42:56,422 - root - INFO - Token Token-93 started task 'Unknown' at 2025-01-30 11:40:55.139679, scheduled to end at 2025-01-30 11:40:55.139679
2025-03-06 13:42:56,422 - root - INFO - Token Token-93 completed task 'Unknown' at 2025-01-30 11:40:55.139679.
2025-03-06 13:42:56,422 - root - INFO - Token Token-93 has completed the entire process at 2025-01-30 11:40:55.139679.
2025-03-06 13:42:56,422 - root - INFO - Token Token-95 completed task 'Note Accuracy in Asset Change Tracker (5.5.13.2)' at 2025-01-30 11:43:52.536963.
2025-03-06 13:42:56,423 - root - INFO - Token Token-96 released from wait queue for 'Tech'
2025-03-06 13:42:56,423 - root - INFO - Token Token-96 waited 30461.27 minutes for resource
2025-03-06 13:42:56,423 - root - INFO - Token Token-96 started task 'Note Accuracy in Asset Change Tracker (5.5.13.2)' at 2025-01-30 11:43:52.536963, scheduled to end at 2025-01-30 11:50:17.398001
2025-03-06 13:42:56,424 - root - INFO - Token Token-95 started task 'Unknown' at 2025-01-30 11:43:52.536963, scheduled to end at 2025-01-30 11:43:52.536963
2025-03-06 13:42:56,424 - root - INFO - Token Token-95 completed task 'Unknown' at 2025-01-30 11:43:52.536963.
2025-03-06 13:42:56,424 - root - INFO - Token Token-95 has completed the entire process at 2025-01-30 11:43:52.536963.
2025-03-06 13:42:56,424 - root - INFO - Token Token-96 completed task 'Note Accuracy in Asset Change Tracker (5.5.13.2)' at 2025-01-30 11:50:17.398001.
2025-03-06 13:42:56,425 - root - INFO - Token Token-97 released from wait queue for 'Tech'
2025-03-06 13:42:56,425 - root - INFO - Token Token-97 waited 30458.90 minutes for resource
2025-03-06 13:42:56,426 - root - INFO - Token Token-97 started task 'Note Accuracy in Asset Change Tracker (5.5.13.2)' at 2025-01-30 11:50:17.398001, scheduled to end at 2025-01-30 11:56:15.774148
2025-03-06 13:42:56,426 - root - INFO - Token Token-96 started task 'Unknown' at 2025-01-30 11:50:17.398001, scheduled to end at 2025-01-30 11:50:17.398001
2025-03-06 13:42:56,426 - root - INFO - Token Token-96 completed task 'Unknown' at 2025-01-30 11:50:17.398001.
2025-03-06 13:42:56,426 - root - INFO - Token Token-96 has completed the entire process at 2025-01-30 11:50:17.398001.
2025-03-06 13:42:56,427 - root - INFO - Token Token-97 completed task 'Note Accuracy in Asset Change Tracker (5.5.13.2)' at 2025-01-30 11:56:15.774148.
2025-03-06 13:42:56,427 - root - INFO - Token Token-98 released from wait queue for 'Tech'
2025-03-06 13:42:56,427 - root - INFO - Token Token-98 waited 30458.19 minutes for resource
2025-03-06 13:42:56,427 - root - INFO - Token Token-98 started task 'Work with REO RPO to Correct (5.5.13.3)' at 2025-01-30 11:56:15.774148, scheduled to end at 2025-01-31 07:00:00
2025-03-06 13:42:56,428 - root - INFO - Token Token-97 started task 'Unknown' at 2025-01-30 11:56:15.774148, scheduled to end at 2025-01-30 11:56:15.774148
2025-03-06 13:42:56,428 - root - INFO - Token Token-97 completed task 'Unknown' at 2025-01-30 11:56:15.774148.
2025-03-06 13:42:56,428 - root - INFO - Token Token-97 has completed the entire process at 2025-01-30 11:56:15.774148.
2025-03-06 13:42:56,428 - root - INFO - Token Token-98 completed task 'Work with REO RPO to Correct (5.5.13.3)' at 2025-01-31 07:00:00.
2025-03-06 13:42:56,429 - root - INFO - Token Token-99 released from wait queue for 'Tech'
2025-03-06 13:42:56,429 - root - INFO - Token Token-99 waited 31594.19 minutes for resource
2025-03-06 13:42:56,429 - root - INFO - Token Token-99 started task 'Work with REO RPO to Correct (5.5.13.3)' at 2025-01-31 07:00:00, scheduled to end at 2025-01-31 08:31:38.906646
2025-03-06 13:42:56,429 - root - INFO - Token Token-98 started task 'Create Journal Entries?' at 2025-01-31 07:00:00, scheduled to end at 2025-01-31 07:00:00
2025-03-06 13:42:56,430 - root - INFO - Token Token-98 completed task 'Create Journal Entries?' at 2025-01-31 07:00:00.
2025-03-06 13:42:56,430 - root - INFO - Token Token-98 started task 'Create/Post Journal Entries (5.5.13.4)' at 2025-01-31 07:00:00, scheduled to end at 2025-01-31 07:07:59.904964
2025-03-06 13:42:56,430 - root - INFO - Token Token-98 waiting for resource 'Tech' at 2025-01-31 07:00:00
2025-03-06 13:42:56,430 - root - INFO - Token Token-98 completed task 'Create/Post Journal Entries (5.5.13.4)' at 2025-01-31 07:07:59.904964.
2025-03-06 13:42:56,432 - root - INFO - Token Token-98 waited 8.00 minutes for resource
2025-03-06 13:42:56,433 - root - INFO - Token Token-98 started task 'Unknown' at 2025-01-31 07:07:59.904964, scheduled to end at 2025-01-31 07:07:59.904964
2025-03-06 13:42:56,433 - root - INFO - Token Token-98 completed task 'Unknown' at 2025-01-31 07:07:59.904964.
2025-03-06 13:42:56,434 - root - INFO - Token Token-98 has completed the entire process at 2025-01-31 07:07:59.904964.
2025-03-06 13:42:56,434 - root - INFO - Token Token-99 completed task 'Work with REO RPO to Correct (5.5.13.3)' at 2025-01-31 08:31:38.906646.
2025-03-06 13:42:56,435 - root - INFO - Token Token-100 released from wait queue for 'Tech'
2025-03-06 13:42:56,436 - root - INFO - Token Token-100 waited 31676.99 minutes for resource
2025-03-06 13:42:56,436 - root - INFO - Token Token-100 started task 'Note Accuracy in Asset Change Tracker (5.5.13.2)' at 2025-01-31 08:31:38.906646, scheduled to end at 2025-01-31 08:36:11.261311
2025-03-06 13:42:56,436 - root - INFO - Token Token-99 started task 'Create Journal Entries?' at 2025-01-31 08:31:38.906646, scheduled to end at 2025-01-31 08:31:38.906646
2025-03-06 13:42:56,437 - root - INFO - Token Token-99 completed task 'Create Journal Entries?' at 2025-01-31 08:31:38.906646.
2025-03-06 13:42:56,437 - root - INFO - Token Token-99 started task 'Create/Post Journal Entries (5.5.13.4)' at 2025-01-31 08:31:38.906646, scheduled to end at 2025-01-31 08:43:15.825873
2025-03-06 13:42:56,438 - root - INFO - Token Token-99 waiting for resource 'Tech' at 2025-01-31 08:31:38.906646
2025-03-06 13:42:56,438 - root - INFO - Token Token-100 completed task 'Note Accuracy in Asset Change Tracker (5.5.13.2)' at 2025-01-31 08:36:11.261311.
2025-03-06 13:42:56,438 - root - INFO - Token Token-101 released from wait queue for 'Tech'
2025-03-06 13:42:56,439 - root - INFO - Token Token-101 waited 31672.83 minutes for resource
2025-03-06 13:42:56,439 - root - INFO - Token Token-101 started task 'Work with REO RPO to Correct (5.5.13.3)' at 2025-01-31 08:36:11.261311, scheduled to end at 2025-01-31 10:45:58.172964
2025-03-06 13:42:56,440 - root - INFO - Token Token-100 started task 'Unknown' at 2025-01-31 08:36:11.261311, scheduled to end at 2025-01-31 08:36:11.261311
2025-03-06 13:42:56,440 - root - INFO - Token Token-100 completed task 'Unknown' at 2025-01-31 08:36:11.261311.
2025-03-06 13:42:56,441 - root - INFO - Token Token-100 has completed the entire process at 2025-01-31 08:36:11.261311.
2025-03-06 13:42:56,441 - root - INFO - Token Token-99 completed task 'Create/Post Journal Entries (5.5.13.4)' at 2025-01-31 08:43:15.825873.
2025-03-06 13:42:56,442 - root - INFO - Token Token-99 waited 11.62 minutes for resource
2025-03-06 13:42:56,442 - root - INFO - Token Token-99 started task 'Unknown' at 2025-01-31 08:43:15.825873, scheduled to end at 2025-01-31 08:43:15.825873
2025-03-06 13:42:56,443 - root - INFO - Token Token-99 completed task 'Unknown' at 2025-01-31 08:43:15.825873.
2025-03-06 13:42:56,443 - root - INFO - Token Token-99 has completed the entire process at 2025-01-31 08:43:15.825873.
2025-03-06 13:42:56,443 - root - INFO - Token Token-101 completed task 'Work with REO RPO to Correct (5.5.13.3)' at 2025-01-31 10:45:58.172964.
2025-03-06 13:42:56,444 - root - INFO - Token Token-102 released from wait queue for 'Tech'
2025-03-06 13:42:56,445 - root - INFO - Token Token-102 waited 31794.18 minutes for resource
2025-03-06 13:42:56,445 - root - INFO - Token Token-102 started task 'Note Accuracy in Asset Change Tracker (5.5.13.2)' at 2025-01-31 10:45:58.172964, scheduled to end at 2025-01-31 10:52:25.343625
2025-03-06 13:42:56,446 - root - INFO - Token Token-101 started task 'Create Journal Entries?' at 2025-01-31 10:45:58.172964, scheduled to end at 2025-01-31 10:45:58.172964
2025-03-06 13:42:56,446 - root - INFO - Token Token-101 completed task 'Create Journal Entries?' at 2025-01-31 10:45:58.172964.
2025-03-06 13:42:56,446 - root - INFO - Token Token-101 started task 'Create/Post Journal Entries (5.5.13.4)' at 2025-01-31 10:45:58.172964, scheduled to end at 2025-01-31 10:53:59.972967
2025-03-06 13:42:56,447 - root - INFO - Token Token-101 waiting for resource 'Tech' at 2025-01-31 10:45:58.172964
2025-03-06 13:42:56,447 - root - INFO - Token Token-102 completed task 'Note Accuracy in Asset Change Tracker (5.5.13.2)' at 2025-01-31 10:52:25.343625.
2025-03-06 13:42:56,448 - root - INFO - Token Token-104 released from wait queue for 'Tech'
2025-03-06 13:42:56,448 - root - INFO - Token Token-104 waited 31780.92 minutes for resource
2025-03-06 13:42:56,449 - root - INFO - Token Token-104 started task 'Note Accuracy in Asset Change Tracker (5.5.13.2)' at 2025-01-31 10:52:25.343625, scheduled to end at 2025-01-31 10:57:41.378929
2025-03-06 13:42:56,449 - root - INFO - Token Token-102 started task 'Unknown' at 2025-01-31 10:52:25.343625, scheduled to end at 2025-01-31 10:52:25.343625
2025-03-06 13:42:56,449 - root - INFO - Token Token-102 completed task 'Unknown' at 2025-01-31 10:52:25.343625.
2025-03-06 13:42:56,450 - root - INFO - Token Token-102 has completed the entire process at 2025-01-31 10:52:25.343625.
2025-03-06 13:42:56,450 - root - INFO - Token Token-101 completed task 'Create/Post Journal Entries (5.5.13.4)' at 2025-01-31 10:53:59.972967.
2025-03-06 13:42:56,451 - root - INFO - Token Token-101 waited 8.03 minutes for resource
2025-03-06 13:42:56,451 - root - INFO - Token Token-101 started task 'Unknown' at 2025-01-31 10:53:59.972967, scheduled to end at 2025-01-31 10:53:59.972967
2025-03-06 13:42:56,451 - root - INFO - Token Token-101 completed task 'Unknown' at 2025-01-31 10:53:59.972967.
2025-03-06 13:42:56,452 - root - INFO - Token Token-101 has completed the entire process at 2025-01-31 10:53:59.972967.
2025-03-06 13:42:56,452 - root - INFO - Token Token-104 completed task 'Note Accuracy in Asset Change Tracker (5.5.13.2)' at 2025-01-31 10:57:41.378929.
2025-03-06 13:42:56,453 - root - INFO - Token Token-105 released from wait queue for 'Tech'
2025-03-06 13:42:56,453 - root - INFO - Token Token-105 waited 31776.77 minutes for resource
2025-03-06 13:42:56,453 - root - INFO - Token Token-105 started task 'Note Accuracy in Asset Change Tracker (5.5.13.2)' at 2025-01-31 10:57:41.378929, scheduled to end at 2025-01-31 11:04:23.581441
2025-03-06 13:42:56,467 - root - INFO - Token Token-104 started task 'Unknown' at 2025-01-31 10:57:41.378929, scheduled to end at 2025-01-31 10:57:41.378929
2025-03-06 13:42:56,467 - root - INFO - Token Token-104 completed task 'Unknown' at 2025-01-31 10:57:41.378929.
2025-03-06 13:42:56,467 - root - INFO - Token Token-104 has completed the entire process at 2025-01-31 10:57:41.378929.
2025-03-06 13:42:56,468 - root - INFO - Token Token-105 completed task 'Note Accuracy in Asset Change Tracker (5.5.13.2)' at 2025-01-31 11:04:23.581441.
2025-03-06 13:42:56,468 - root - INFO - Token Token-106 released from wait queue for 'Tech'
2025-03-06 13:42:56,468 - root - INFO - Token Token-106 waited 31774.25 minutes for resource
2025-03-06 13:42:56,468 - root - INFO - Token Token-106 started task 'Work with REO RPO to Correct (5.5.13.3)' at 2025-01-31 11:04:23.581441, scheduled to end at 2025-02-03 07:00:00
2025-03-06 13:42:56,469 - root - INFO - Token Token-105 started task 'Unknown' at 2025-01-31 11:04:23.581441, scheduled to end at 2025-01-31 11:04:23.581441
2025-03-06 13:42:56,469 - root - INFO - Token Token-105 completed task 'Unknown' at 2025-01-31 11:04:23.581441.
2025-03-06 13:42:56,469 - root - INFO - Token Token-105 has completed the entire process at 2025-01-31 11:04:23.581441.
2025-03-06 13:42:56,469 - root - INFO - Token Token-106 completed task 'Work with REO RPO to Correct (5.5.13.3)' at 2025-02-03 07:00:00.
2025-03-06 13:42:56,470 - root - INFO - Token Token-107 released from wait queue for 'Tech'
2025-03-06 13:42:56,470 - root - INFO - Token Token-107 waited 35840.76 minutes for resource
2025-03-06 13:42:56,470 - root - INFO - Token Token-107 started task 'Note Accuracy in Asset Change Tracker (5.5.13.2)' at 2025-02-03 07:00:00, scheduled to end at 2025-02-03 07:04:12.604309
2025-03-06 13:42:56,470 - root - INFO - Token Token-106 started task 'Create Journal Entries?' at 2025-02-03 07:00:00, scheduled to end at 2025-02-03 07:00:00
2025-03-06 13:42:56,471 - root - INFO - Token Token-106 completed task 'Create Journal Entries?' at 2025-02-03 07:00:00.
2025-03-06 13:42:56,471 - root - INFO - Token Token-106 started task 'Create/Post Journal Entries (5.5.13.4)' at 2025-02-03 07:00:00, scheduled to end at 2025-02-03 07:07:41.419482
2025-03-06 13:42:56,471 - root - INFO - Token Token-106 waiting for resource 'Tech' at 2025-02-03 07:00:00
2025-03-06 13:42:56,471 - root - INFO - Token Token-107 completed task 'Note Accuracy in Asset Change Tracker (5.5.13.2)' at 2025-02-03 07:04:12.604309.
2025-03-06 13:42:56,472 - root - INFO - Token Token-108 released from wait queue for 'Tech'
2025-03-06 13:42:56,472 - root - INFO - Token Token-108 waited 35831.95 minutes for resource
2025-03-06 13:42:56,472 - root - INFO - Token Token-108 started task 'Note Accuracy in Asset Change Tracker (5.5.13.2)' at 2025-02-03 07:04:12.604309, scheduled to end at 2025-02-03 07:10:48.122510
2025-03-06 13:42:56,472 - root - INFO - Token Token-107 started task 'Unknown' at 2025-02-03 07:04:12.604309, scheduled to end at 2025-02-03 07:04:12.604309
2025-03-06 13:42:56,473 - root - INFO - Token Token-107 completed task 'Unknown' at 2025-02-03 07:04:12.604309.
2025-03-06 13:42:56,473 - root - INFO - Token Token-107 has completed the entire process at 2025-02-03 07:04:12.604309.
2025-03-06 13:42:56,473 - root - INFO - Token Token-106 completed task 'Create/Post Journal Entries (5.5.13.4)' at 2025-02-03 07:07:41.419482.
2025-03-06 13:42:56,473 - root - INFO - Token Token-106 waited 7.69 minutes for resource
2025-03-06 13:42:56,473 - root - INFO - Token Token-106 started task 'Unknown' at 2025-02-03 07:07:41.419482, scheduled to end at 2025-02-03 07:07:41.419482
2025-03-06 13:42:56,474 - root - INFO - Token Token-106 completed task 'Unknown' at 2025-02-03 07:07:41.419482.
2025-03-06 13:42:56,474 - root - INFO - Token Token-106 has completed the entire process at 2025-02-03 07:07:41.419482.
2025-03-06 13:42:56,475 - root - INFO - Token Token-108 completed task 'Note Accuracy in Asset Change Tracker (5.5.13.2)' at 2025-02-03 07:10:48.122510.
2025-03-06 13:42:56,475 - root - INFO - Token Token-109 released from wait queue for 'Tech'
2025-03-06 13:42:56,475 - root - INFO - Token Token-109 waited 35831.55 minutes for resource
2025-03-06 13:42:56,475 - root - INFO - Token Token-109 started task 'Note Accuracy in Asset Change Tracker (5.5.13.2)' at 2025-02-03 07:10:48.122510, scheduled to end at 2025-02-03 07:17:21.353276
2025-03-06 13:42:56,478 - root - INFO - Token Token-108 started task 'Unknown' at 2025-02-03 07:10:48.122510, scheduled to end at 2025-02-03 07:10:48.122510
2025-03-06 13:42:56,479 - root - INFO - Token Token-108 completed task 'Unknown' at 2025-02-03 07:10:48.122510.
2025-03-06 13:42:56,479 - root - INFO - Token Token-108 has completed the entire process at 2025-02-03 07:10:48.122510.
2025-03-06 13:42:56,479 - root - INFO - Token Token-109 completed task 'Note Accuracy in Asset Change Tracker (5.5.13.2)' at 2025-02-03 07:17:21.353276.
2025-03-06 13:42:56,480 - root - INFO - Token Token-110 released from wait queue for 'Tech'
2025-03-06 13:42:56,480 - root - INFO - Token Token-110 waited 35831.46 minutes for resource
2025-03-06 13:42:56,480 - root - INFO - Token Token-110 started task 'Note Accuracy in Asset Change Tracker (5.5.13.2)' at 2025-02-03 07:17:21.353276, scheduled to end at 2025-02-03 07:22:25.983324
2025-03-06 13:42:56,481 - root - INFO - Token Token-109 started task 'Unknown' at 2025-02-03 07:17:21.353276, scheduled to end at 2025-02-03 07:17:21.353276
2025-03-06 13:42:56,481 - root - INFO - Token Token-109 completed task 'Unknown' at 2025-02-03 07:17:21.353276.
2025-03-06 13:42:56,481 - root - INFO - Token Token-109 has completed the entire process at 2025-02-03 07:17:21.353276.
2025-03-06 13:42:56,482 - root - INFO - Token Token-110 completed task 'Note Accuracy in Asset Change Tracker (5.5.13.2)' at 2025-02-03 07:22:25.983324.
2025-03-06 13:42:56,482 - root - INFO - Token Token-111 released from wait queue for 'Tech'
2025-03-06 13:42:56,483 - root - INFO - Token Token-111 waited 35828.03 minutes for resource
2025-03-06 13:42:56,483 - root - INFO - Token Token-111 started task 'Note Accuracy in Asset Change Tracker (5.5.13.2)' at 2025-02-03 07:22:25.983324, scheduled to end at 2025-02-03 07:28:18.610941
2025-03-06 13:42:56,483 - root - INFO - Token Token-110 started task 'Unknown' at 2025-02-03 07:22:25.983324, scheduled to end at 2025-02-03 07:22:25.983324
2025-03-06 13:42:56,484 - root - INFO - Token Token-110 completed task 'Unknown' at 2025-02-03 07:22:25.983324.
2025-03-06 13:42:56,484 - root - INFO - Token Token-110 has completed the entire process at 2025-02-03 07:22:25.983324.
2025-03-06 13:42:56,485 - root - INFO - Token Token-111 completed task 'Note Accuracy in Asset Change Tracker (5.5.13.2)' at 2025-02-03 07:28:18.610941.
2025-03-06 13:42:56,485 - root - INFO - Token Token-10 released from wait queue for 'Tech'
2025-03-06 13:42:56,485 - root - INFO - Token Token-111 started task 'Unknown' at 2025-02-03 07:28:18.610941, scheduled to end at 2025-02-03 07:28:18.610941
2025-03-06 13:42:56,486 - root - INFO - Token Token-111 completed task 'Unknown' at 2025-02-03 07:28:18.610941.
2025-03-06 13:42:56,486 - root - INFO - Token Token-111 has completed the entire process at 2025-02-03 07:28:18.610941.
2025-03-06 13:42:56,490 - root - INFO - Columns in transitions_df: ['name', 'type', 'resource', 'available resources', 'avg time', 'min time', 'max time', 'yes', 'no', 'arrival interval', 'max arrival count']
2025-03-06 13:42:57,533 - root - INFO - Generated visualizations: {'resource_utilization': '5.5.13 Real Property-Monthly Reviews-2_resource_utilization.png', 'activity_times': '5.5.13 Real Property-Monthly Reviews-2_activity_times.png', 'token_histogram': '5.5.13 Real Property-Monthly Reviews-2_token_time_distribution.png', 'duration_vs_wait': '5.5.13 Real Property-Monthly Reviews-2_duration_vs_wait.png'}
2025-03-06 13:42:57,633 - root - INFO - Simulation report saved to 5.5.13 Real Property-Monthly Reviews-2_results.xlsx
2025-03-06 13:42:57,633 - root - INFO - 
Process Summary:
2025-03-06 13:42:57,633 - root - INFO -   Tokens Started: 500
2025-03-06 13:42:57,635 - root - INFO -   Tokens Completed: 113
2025-03-06 13:42:57,635 - root - INFO -   Completion Rate: 100.0%
2025-03-06 13:42:57,635 - root - INFO -   Average Process Time: 22875.19 minutes
2025-03-06 13:42:57,635 - root - INFO -   90th Percentile Process Time: 35881.35 minutes
2025-03-06 13:42:57,635 - root - INFO - Report generated at 5.5.13 Real Property-Monthly Reviews-2_results.xlsx
2025-03-06 13:46:37,699 - root - INFO - Application exited normally
